# Blender 5.2.2 LTS
# www.blender.org
mtllib left_ankle.mtl
o left_ankle
v -0.009000 -0.019000 -0.016000
v -0.009000 -0.026000 -0.009000
v -0.016000 -0.019000 -0.009000
v -0.009000 -0.021679 -0.015467
v -0.009000 -0.023950 -0.013950
v -0.011679 -0.019000 -0.015467
v -0.011746 -0.021746 -0.014824
v -0.011607 -0.023594 -0.013594
v -0.013041 -0.023041 -0.013041
v -0.011679 -0.025467 -0.009000
v -0.013950 -0.023950 -0.009000
v -0.009000 -0.025467 -0.011679
v -0.011746 -0.024824 -0.011746
v -0.013594 -0.023594 -0.011607
v -0.015467 -0.019000 -0.011679
v -0.013950 -0.019000 -0.013950
v -0.015467 -0.021679 -0.009000
v -0.014824 -0.021746 -0.011746
v -0.013594 -0.021607 -0.013594
v -0.009000 -0.026000 0.009000
v -0.009000 -0.019000 0.016000
v -0.016000 -0.019000 0.009000
v -0.009000 -0.025467 0.011679
v -0.009000 -0.023950 0.013950
v -0.011679 -0.025467 0.009000
v -0.011746 -0.024824 0.011746
v -0.011607 -0.023594 0.013594
v -0.013041 -0.023041 0.013041
v -0.011679 -0.019000 0.015467
v -0.013950 -0.019000 0.013950
v -0.009000 -0.021679 0.015467
v -0.011746 -0.021746 0.014824
v -0.013594 -0.021607 0.013594
v -0.015467 -0.021679 0.009000
v -0.013950 -0.023950 0.009000
v -0.015467 -0.019000 0.011679
v -0.014824 -0.021746 0.011746
v -0.013594 -0.023594 0.011607
v -0.009000 0.019000 -0.016000
v -0.016000 0.019000 -0.009000
v -0.009000 0.026000 -0.009000
v -0.011679 0.019000 -0.015467
v -0.013950 0.019000 -0.013950
v -0.009000 0.021679 -0.015467
v -0.011746 0.021746 -0.014824
v -0.013594 0.021607 -0.013594
v -0.013041 0.023041 -0.013041
v -0.015467 0.021679 -0.009000
v -0.013950 0.023950 -0.009000
v -0.015467 0.019000 -0.011679
v -0.014824 0.021746 -0.011746
v -0.013594 0.023594 -0.011607
v -0.009000 0.025467 -0.011679
v -0.009000 0.023950 -0.013950
v -0.011679 0.025467 -0.009000
v -0.011746 0.024824 -0.011746
v -0.011607 0.023594 -0.013594
v -0.009000 0.019000 0.016000
v -0.009000 0.026000 0.009000
v -0.016000 0.019000 0.009000
v -0.009000 0.021679 0.015467
v -0.009000 0.023950 0.013950
v -0.011679 0.019000 0.015467
v -0.011746 0.021746 0.014824
v -0.011607 0.023594 0.013594
v -0.013041 0.023041 0.013041
v -0.011679 0.025467 0.009000
v -0.013950 0.023950 0.009000
v -0.009000 0.025467 0.011679
v -0.011746 0.024824 0.011746
v -0.013594 0.023594 0.011607
v -0.015467 0.019000 0.011679
v -0.013950 0.019000 0.013950
v -0.015467 0.021679 0.009000
v -0.014824 0.021746 0.011746
v -0.013594 0.021607 0.013594
v 0.009000 -0.019000 -0.016000
v 0.016000 -0.019000 -0.009000
v 0.009000 -0.026000 -0.009000
v 0.011679 -0.019000 -0.015467
v 0.013950 -0.019000 -0.013950
v 0.009000 -0.021679 -0.015467
v 0.011746 -0.021746 -0.014824
v 0.013594 -0.021607 -0.013594
v 0.013041 -0.023041 -0.013041
v 0.015467 -0.021679 -0.009000
v 0.013950 -0.023950 -0.009000
v 0.015467 -0.019000 -0.011679
v 0.014824 -0.021746 -0.011746
v 0.013594 -0.023594 -0.011607
v 0.009000 -0.025467 -0.011679
v 0.009000 -0.023950 -0.013950
v 0.011679 -0.025467 -0.009000
v 0.011746 -0.024824 -0.011746
v 0.011607 -0.023594 -0.013594
v 0.009000 -0.019000 0.016000
v 0.009000 -0.026000 0.009000
v 0.016000 -0.019000 0.009000
v 0.009000 -0.021679 0.015467
v 0.009000 -0.023950 0.013950
v 0.011679 -0.019000 0.015467
v 0.011746 -0.021746 0.014824
v 0.011607 -0.023594 0.013594
v 0.013041 -0.023041 0.013041
v 0.011679 -0.025467 0.009000
v 0.013950 -0.023950 0.009000
v 0.009000 -0.025467 0.011679
v 0.011746 -0.024824 0.011746
v 0.013594 -0.023594 0.011607
v 0.015467 -0.019000 0.011679
v 0.013950 -0.019000 0.013950
v 0.015467 -0.021679 0.009000
v 0.014824 -0.021746 0.011746
v 0.013594 -0.021607 0.013594
v 0.009000 0.019000 -0.016000
v 0.009000 0.026000 -0.009000
v 0.016000 0.019000 -0.009000
v 0.009000 0.021679 -0.015467
v 0.009000 0.023950 -0.013950
v 0.011679 0.019000 -0.015467
v 0.011746 0.021746 -0.014824
v 0.011607 0.023594 -0.013594
v 0.013041 0.023041 -0.013041
v 0.011679 0.025467 -0.009000
v 0.013950 0.023950 -0.009000
v 0.009000 0.025467 -0.011679
v 0.011746 0.024824 -0.011746
v 0.013594 0.023594 -0.011607
v 0.015467 0.019000 -0.011679
v 0.013950 0.019000 -0.013950
v 0.015467 0.021679 -0.009000
v 0.014824 0.021746 -0.011746
v 0.013594 0.021607 -0.013594
v 0.009000 0.019000 0.016000
v 0.016000 0.019000 0.009000
v 0.009000 0.026000 0.009000
v 0.011679 0.019000 0.015467
v 0.013950 0.019000 0.013950
v 0.009000 0.021679 0.015467
v 0.011746 0.021746 0.014824
v 0.013594 0.021607 0.013594
v 0.013041 0.023041 0.013041
v 0.015467 0.021679 0.009000
v 0.013950 0.023950 0.009000
v 0.015467 0.019000 0.011679
v 0.014824 0.021746 0.011746
v 0.013594 0.023594 0.011607
v 0.009000 0.025467 0.011679
v 0.009000 0.023950 0.013950
v 0.011679 0.025467 0.009000
v 0.011746 0.024824 0.011746
v 0.011607 0.023594 0.013594
v -0.035000 0.008996 -0.000000
v -0.033000 0.011000 -0.000000
v -0.034732 0.009998 -0.000000
v -0.034000 0.010731 -0.000000
v 0.035000 0.008996 0.000000
v 0.033000 0.011000 0.000000
v 0.034732 0.009998 0.000000
v 0.034000 0.010731 0.000000
v -0.035000 0.008919 -0.001174
v -0.033000 0.010906 -0.001436
v -0.034732 0.009912 -0.001305
v -0.034000 0.010640 -0.001401
v 0.035000 0.008919 -0.001174
v 0.033000 0.010906 -0.001436
v 0.034732 0.009912 -0.001305
v 0.034000 0.010640 -0.001401
v -0.035000 0.008689 -0.002328
v -0.033000 0.010625 -0.002847
v -0.034732 0.009657 -0.002588
v -0.034000 0.010366 -0.002778
v 0.035000 0.008689 -0.002328
v 0.033000 0.010625 -0.002847
v 0.034732 0.009657 -0.002588
v 0.034000 0.010366 -0.002778
v -0.035000 0.008311 -0.003443
v -0.033000 0.010163 -0.004210
v -0.034732 0.009237 -0.003826
v -0.034000 0.009915 -0.004107
v 0.035000 0.008311 -0.003443
v 0.033000 0.010163 -0.004210
v 0.034732 0.009237 -0.003826
v 0.034000 0.009915 -0.004107
v -0.035000 0.007791 -0.004498
v -0.033000 0.009526 -0.005500
v -0.034732 0.008658 -0.004999
v -0.034000 0.009294 -0.005366
v 0.035000 0.007791 -0.004498
v 0.033000 0.009526 -0.005500
v 0.034732 0.008658 -0.004999
v 0.034000 0.009294 -0.005366
v -0.035000 0.007137 -0.005476
v -0.033000 0.008727 -0.006696
v -0.034732 0.007932 -0.006086
v -0.034000 0.008514 -0.006533
v 0.035000 0.007137 -0.005476
v 0.033000 0.008727 -0.006696
v 0.034732 0.007932 -0.006086
v 0.034000 0.008514 -0.006533
v -0.035000 0.006361 -0.006361
v -0.033000 0.007778 -0.007778
v -0.034732 0.007070 -0.007070
v -0.034000 0.007588 -0.007588
v 0.035000 0.006361 -0.006361
v 0.033000 0.007778 -0.007778
v 0.034732 0.007070 -0.007070
v 0.034000 0.007588 -0.007588
v -0.035000 0.005476 -0.007137
v -0.033000 0.006696 -0.008727
v -0.034732 0.006086 -0.007932
v -0.034000 0.006533 -0.008514
v 0.035000 0.005476 -0.007137
v 0.033000 0.006696 -0.008727
v 0.034732 0.006086 -0.007932
v 0.034000 0.006533 -0.008514
v -0.035000 0.004498 -0.007791
v -0.033000 0.005500 -0.009526
v -0.034732 0.004999 -0.008658
v -0.034000 0.005366 -0.009294
v 0.035000 0.004498 -0.007791
v 0.033000 0.005500 -0.009526
v 0.034732 0.004999 -0.008658
v 0.034000 0.005366 -0.009294
v -0.035000 0.003443 -0.008311
v -0.033000 0.004210 -0.010163
v -0.034732 0.003826 -0.009237
v -0.034000 0.004107 -0.009915
v 0.035000 0.003443 -0.008311
v 0.033000 0.004210 -0.010163
v 0.034732 0.003826 -0.009237
v 0.034000 0.004107 -0.009915
v -0.035000 0.002328 -0.008689
v -0.033000 0.002847 -0.010625
v -0.034732 0.002588 -0.009657
v -0.034000 0.002778 -0.010366
v 0.035000 0.002328 -0.008689
v 0.033000 0.002847 -0.010625
v 0.034732 0.002588 -0.009657
v 0.034000 0.002778 -0.010366
v -0.035000 0.001174 -0.008919
v -0.033000 0.001436 -0.010906
v -0.034732 0.001305 -0.009912
v -0.034000 0.001401 -0.010640
v 0.035000 0.001174 -0.008919
v 0.033000 0.001436 -0.010906
v 0.034732 0.001305 -0.009912
v 0.034000 0.001401 -0.010640
v -0.035000 -0.000000 -0.008996
v -0.033000 0.000000 -0.011000
v -0.034732 -0.000000 -0.009998
v -0.034000 -0.000000 -0.010731
v 0.035000 0.000000 -0.008996
v 0.033000 0.000000 -0.011000
v 0.034732 0.000000 -0.009998
v 0.034000 0.000000 -0.010731
v -0.035000 -0.001174 -0.008919
v -0.033000 -0.001436 -0.010906
v -0.034732 -0.001305 -0.009912
v -0.034000 -0.001401 -0.010640
v 0.035000 -0.001174 -0.008919
v 0.033000 -0.001436 -0.010906
v 0.034732 -0.001305 -0.009912
v 0.034000 -0.001401 -0.010640
v -0.035000 -0.002328 -0.008689
v -0.033000 -0.002847 -0.010625
v -0.034732 -0.002588 -0.009657
v -0.034000 -0.002778 -0.010366
v 0.035000 -0.002328 -0.008689
v 0.033000 -0.002847 -0.010625
v 0.034732 -0.002588 -0.009657
v 0.034000 -0.002778 -0.010366
v -0.035000 -0.003443 -0.008311
v -0.033000 -0.004210 -0.010163
v -0.034732 -0.003826 -0.009237
v -0.034000 -0.004107 -0.009915
v 0.035000 -0.003443 -0.008311
v 0.033000 -0.004210 -0.010163
v 0.034732 -0.003826 -0.009237
v 0.034000 -0.004107 -0.009915
v -0.035000 -0.004498 -0.007791
v -0.033000 -0.005500 -0.009526
v -0.034732 -0.004999 -0.008658
v -0.034000 -0.005366 -0.009294
v 0.035000 -0.004498 -0.007791
v 0.033000 -0.005500 -0.009526
v 0.034732 -0.004999 -0.008658
v 0.034000 -0.005366 -0.009294
v -0.035000 -0.005476 -0.007137
v -0.033000 -0.006696 -0.008727
v -0.034732 -0.006086 -0.007932
v -0.034000 -0.006533 -0.008514
v 0.035000 -0.005476 -0.007137
v 0.033000 -0.006696 -0.008727
v 0.034732 -0.006086 -0.007932
v 0.034000 -0.006533 -0.008514
v -0.035000 -0.006361 -0.006361
v -0.033000 -0.007778 -0.007778
v -0.034732 -0.007070 -0.007070
v -0.034000 -0.007588 -0.007588
v 0.035000 -0.006361 -0.006361
v 0.033000 -0.007778 -0.007778
v 0.034732 -0.007070 -0.007070
v 0.034000 -0.007588 -0.007588
v -0.035000 -0.007137 -0.005476
v -0.033000 -0.008727 -0.006696
v -0.034732 -0.007932 -0.006086
v -0.034000 -0.008514 -0.006533
v 0.035000 -0.007137 -0.005476
v 0.033000 -0.008727 -0.006696
v 0.034732 -0.007932 -0.006086
v 0.034000 -0.008514 -0.006533
v -0.035000 -0.007791 -0.004498
v -0.033000 -0.009526 -0.005500
v -0.034732 -0.008658 -0.004999
v -0.034000 -0.009294 -0.005366
v 0.035000 -0.007791 -0.004498
v 0.033000 -0.009526 -0.005500
v 0.034732 -0.008658 -0.004999
v 0.034000 -0.009294 -0.005366
v -0.035000 -0.008311 -0.003443
v -0.033000 -0.010163 -0.004210
v -0.034732 -0.009237 -0.003826
v -0.034000 -0.009915 -0.004107
v 0.035000 -0.008311 -0.003443
v 0.033000 -0.010163 -0.004210
v 0.034732 -0.009237 -0.003826
v 0.034000 -0.009915 -0.004107
v -0.035000 -0.008689 -0.002328
v -0.033000 -0.010625 -0.002847
v -0.034732 -0.009657 -0.002588
v -0.034000 -0.010366 -0.002778
v 0.035000 -0.008689 -0.002328
v 0.033000 -0.010625 -0.002847
v 0.034732 -0.009657 -0.002588
v 0.034000 -0.010366 -0.002778
v -0.035000 -0.008919 -0.001174
v -0.033000 -0.010906 -0.001436
v -0.034732 -0.009912 -0.001305
v -0.034000 -0.010640 -0.001401
v 0.035000 -0.008919 -0.001174
v 0.033000 -0.010906 -0.001436
v 0.034732 -0.009912 -0.001305
v 0.034000 -0.010640 -0.001401
v -0.035000 -0.008996 -0.000000
v -0.033000 -0.011000 -0.000000
v -0.034732 -0.009998 -0.000000
v -0.034000 -0.010731 -0.000000
v 0.035000 -0.008996 0.000000
v 0.033000 -0.011000 0.000000
v 0.034732 -0.009998 0.000000
v 0.034000 -0.010731 0.000000
v -0.035000 -0.008919 0.001174
v -0.033000 -0.010906 0.001436
v -0.034732 -0.009912 0.001305
v -0.034000 -0.010640 0.001401
v 0.035000 -0.008919 0.001174
v 0.033000 -0.010906 0.001436
v 0.034732 -0.009912 0.001305
v 0.034000 -0.010640 0.001401
v -0.035000 -0.008689 0.002328
v -0.033000 -0.010625 0.002847
v -0.034732 -0.009657 0.002588
v -0.034000 -0.010366 0.002778
v 0.035000 -0.008689 0.002328
v 0.033000 -0.010625 0.002847
v 0.034732 -0.009657 0.002588
v 0.034000 -0.010366 0.002778
v -0.035000 -0.008311 0.003443
v -0.033000 -0.010163 0.004210
v -0.034732 -0.009237 0.003826
v -0.034000 -0.009915 0.004107
v 0.035000 -0.008311 0.003443
v 0.033000 -0.010163 0.004210
v 0.034732 -0.009237 0.003826
v 0.034000 -0.009915 0.004107
v -0.035000 -0.007791 0.004498
v -0.033000 -0.009526 0.005500
v -0.034732 -0.008658 0.004999
v -0.034000 -0.009294 0.005366
v 0.035000 -0.007791 0.004498
v 0.033000 -0.009526 0.005500
v 0.034732 -0.008658 0.004999
v 0.034000 -0.009294 0.005366
v -0.035000 -0.007137 0.005476
v -0.033000 -0.008727 0.006696
v -0.034732 -0.007932 0.006086
v -0.034000 -0.008514 0.006533
v 0.035000 -0.007137 0.005476
v 0.033000 -0.008727 0.006696
v 0.034732 -0.007932 0.006086
v 0.034000 -0.008514 0.006533
v -0.035000 -0.006361 0.006361
v -0.033000 -0.007778 0.007778
v -0.034732 -0.007070 0.007070
v -0.034000 -0.007588 0.007588
v 0.035000 -0.006361 0.006361
v 0.033000 -0.007778 0.007778
v 0.034732 -0.007070 0.007070
v 0.034000 -0.007588 0.007588
v -0.035000 -0.005476 0.007137
v -0.033000 -0.006696 0.008727
v -0.034732 -0.006086 0.007932
v -0.034000 -0.006533 0.008514
v 0.035000 -0.005476 0.007137
v 0.033000 -0.006696 0.008727
v 0.034732 -0.006086 0.007932
v 0.034000 -0.006533 0.008514
v -0.035000 -0.004498 0.007791
v -0.033000 -0.005500 0.009526
v -0.034732 -0.004999 0.008658
v -0.034000 -0.005366 0.009294
v 0.035000 -0.004498 0.007791
v 0.033000 -0.005500 0.009526
v 0.034732 -0.004999 0.008658
v 0.034000 -0.005366 0.009294
v -0.035000 -0.003443 0.008311
v -0.033000 -0.004210 0.010163
v -0.034732 -0.003826 0.009237
v -0.034000 -0.004107 0.009915
v 0.035000 -0.003443 0.008311
v 0.033000 -0.004210 0.010163
v 0.034732 -0.003826 0.009237
v 0.034000 -0.004107 0.009915
v -0.035000 -0.002328 0.008689
v -0.033000 -0.002847 0.010625
v -0.034732 -0.002588 0.009657
v -0.034000 -0.002778 0.010366
v 0.035000 -0.002328 0.008689
v 0.033000 -0.002847 0.010625
v 0.034732 -0.002588 0.009657
v 0.034000 -0.002778 0.010366
v -0.035000 -0.001174 0.008919
v -0.033000 -0.001436 0.010906
v -0.034732 -0.001305 0.009912
v -0.034000 -0.001401 0.010640
v 0.035000 -0.001174 0.008919
v 0.033000 -0.001436 0.010906
v 0.034732 -0.001305 0.009912
v 0.034000 -0.001401 0.010640
v -0.035000 0.000000 0.008996
v -0.033000 0.000000 0.011000
v -0.034732 0.000000 0.009998
v -0.034000 0.000000 0.010731
v 0.035000 -0.000000 0.008996
v 0.033000 0.000000 0.011000
v 0.034732 -0.000000 0.009998
v 0.034000 -0.000000 0.010731
v -0.035000 0.001174 0.008919
v -0.033000 0.001436 0.010906
v -0.034732 0.001305 0.009912
v -0.034000 0.001401 0.010640
v 0.035000 0.001174 0.008919
v 0.033000 0.001436 0.010906
v 0.034732 0.001305 0.009912
v 0.034000 0.001401 0.010640
v -0.035000 0.002328 0.008689
v -0.033000 0.002847 0.010625
v -0.034732 0.002588 0.009657
v -0.034000 0.002778 0.010366
v 0.035000 0.002328 0.008689
v 0.033000 0.002847 0.010625
v 0.034732 0.002588 0.009657
v 0.034000 0.002778 0.010366
v -0.035000 0.003443 0.008311
v -0.033000 0.004210 0.010163
v -0.034732 0.003826 0.009237
v -0.034000 0.004107 0.009915
v 0.035000 0.003443 0.008311
v 0.033000 0.004210 0.010163
v 0.034732 0.003826 0.009237
v 0.034000 0.004107 0.009915
v -0.035000 0.004498 0.007791
v -0.033000 0.005500 0.009526
v -0.034732 0.004999 0.008658
v -0.034000 0.005366 0.009294
v 0.035000 0.004498 0.007791
v 0.033000 0.005500 0.009526
v 0.034732 0.004999 0.008658
v 0.034000 0.005366 0.009294
v -0.035000 0.005476 0.007137
v -0.033000 0.006696 0.008727
v -0.034732 0.006086 0.007932
v -0.034000 0.006533 0.008514
v 0.035000 0.005476 0.007137
v 0.033000 0.006696 0.008727
v 0.034732 0.006086 0.007932
v 0.034000 0.006533 0.008514
v -0.035000 0.006361 0.006361
v -0.033000 0.007778 0.007778
v -0.034732 0.007070 0.007070
v -0.034000 0.007588 0.007588
v 0.035000 0.006361 0.006361
v 0.033000 0.007778 0.007778
v 0.034732 0.007070 0.007070
v 0.034000 0.007588 0.007588
v -0.035000 0.007137 0.005476
v -0.033000 0.008727 0.006696
v -0.034732 0.007932 0.006086
v -0.034000 0.008514 0.006533
v 0.035000 0.007137 0.005476
v 0.033000 0.008727 0.006696
v 0.034732 0.007932 0.006086
v 0.034000 0.008514 0.006533
v -0.035000 0.007791 0.004498
v -0.033000 0.009526 0.005500
v -0.034732 0.008658 0.004999
v -0.034000 0.009294 0.005366
v 0.035000 0.007791 0.004498
v 0.033000 0.009526 0.005500
v 0.034732 0.008658 0.004999
v 0.034000 0.009294 0.005366
v -0.035000 0.008311 0.003443
v -0.033000 0.010163 0.004210
v -0.034732 0.009237 0.003826
v -0.034000 0.009915 0.004107
v 0.035000 0.008311 0.003443
v 0.033000 0.010163 0.004210
v 0.034732 0.009237 0.003826
v 0.034000 0.009915 0.004107
v -0.035000 0.008689 0.002328
v -0.033000 0.010625 0.002847
v -0.034732 0.009657 0.002588
v -0.034000 0.010366 0.002778
v 0.035000 0.008689 0.002328
v 0.033000 0.010625 0.002847
v 0.034732 0.009657 0.002588
v 0.034000 0.010366 0.002778
v -0.035000 0.008919 0.001174
v -0.033000 0.010906 0.001436
v -0.034732 0.009912 0.001305
v -0.034000 0.010640 0.001401
v 0.035000 0.008919 0.001174
v 0.033000 0.010906 0.001436
v 0.034732 0.009912 0.001305
v 0.034000 0.010640 0.001401
v 0.000000 -0.037000 -0.008996
v 0.000000 -0.035000 -0.011000
v 0.000000 -0.036732 -0.009998
v 0.000000 -0.036000 -0.010731
v -0.000000 0.037000 -0.008996
v 0.000000 0.035000 -0.011000
v -0.000000 0.036732 -0.009998
v -0.000000 0.036000 -0.010731
v 0.001174 -0.037000 -0.008919
v 0.001436 -0.035000 -0.010906
v 0.001305 -0.036732 -0.009912
v 0.001401 -0.036000 -0.010640
v 0.001174 0.037000 -0.008919
v 0.001436 0.035000 -0.010906
v 0.001305 0.036732 -0.009912
v 0.001401 0.036000 -0.010640
v 0.002328 -0.037000 -0.008689
v 0.002847 -0.035000 -0.010625
v 0.002588 -0.036732 -0.009657
v 0.002778 -0.036000 -0.010366
v 0.002328 0.037000 -0.008689
v 0.002847 0.035000 -0.010625
v 0.002588 0.036732 -0.009657
v 0.002778 0.036000 -0.010366
v 0.003443 -0.037000 -0.008311
v 0.004210 -0.035000 -0.010163
v 0.003826 -0.036732 -0.009237
v 0.004107 -0.036000 -0.009915
v 0.003443 0.037000 -0.008311
v 0.004210 0.035000 -0.010163
v 0.003826 0.036732 -0.009237
v 0.004107 0.036000 -0.009915
v 0.004498 -0.037000 -0.007791
v 0.005500 -0.035000 -0.009526
v 0.004999 -0.036732 -0.008658
v 0.005366 -0.036000 -0.009294
v 0.004498 0.037000 -0.007791
v 0.005500 0.035000 -0.009526
v 0.004999 0.036732 -0.008658
v 0.005366 0.036000 -0.009294
v 0.005476 -0.037000 -0.007137
v 0.006696 -0.035000 -0.008727
v 0.006086 -0.036732 -0.007932
v 0.006533 -0.036000 -0.008514
v 0.005476 0.037000 -0.007137
v 0.006696 0.035000 -0.008727
v 0.006086 0.036732 -0.007932
v 0.006533 0.036000 -0.008514
v 0.006361 -0.037000 -0.006361
v 0.007778 -0.035000 -0.007778
v 0.007070 -0.036732 -0.007070
v 0.007588 -0.036000 -0.007588
v 0.006361 0.037000 -0.006361
v 0.007778 0.035000 -0.007778
v 0.007070 0.036732 -0.007070
v 0.007588 0.036000 -0.007588
v 0.007137 -0.037000 -0.005476
v 0.008727 -0.035000 -0.006696
v 0.007932 -0.036732 -0.006086
v 0.008514 -0.036000 -0.006533
v 0.007137 0.037000 -0.005476
v 0.008727 0.035000 -0.006696
v 0.007932 0.036732 -0.006086
v 0.008514 0.036000 -0.006533
v 0.007791 -0.037000 -0.004498
v 0.009526 -0.035000 -0.005500
v 0.008658 -0.036732 -0.004999
v 0.009294 -0.036000 -0.005366
v 0.007791 0.037000 -0.004498
v 0.009526 0.035000 -0.005500
v 0.008658 0.036732 -0.004999
v 0.009294 0.036000 -0.005366
v 0.008311 -0.037000 -0.003443
v 0.010163 -0.035000 -0.004210
v 0.009237 -0.036732 -0.003826
v 0.009915 -0.036000 -0.004107
v 0.008311 0.037000 -0.003443
v 0.010163 0.035000 -0.004210
v 0.009237 0.036732 -0.003826
v 0.009915 0.036000 -0.004107
v 0.008689 -0.037000 -0.002328
v 0.010625 -0.035000 -0.002847
v 0.009657 -0.036732 -0.002588
v 0.010366 -0.036000 -0.002778
v 0.008689 0.037000 -0.002328
v 0.010625 0.035000 -0.002847
v 0.009657 0.036732 -0.002588
v 0.010366 0.036000 -0.002778
v 0.008919 -0.037000 -0.001174
v 0.010906 -0.035000 -0.001436
v 0.009912 -0.036732 -0.001305
v 0.010640 -0.036000 -0.001401
v 0.008919 0.037000 -0.001174
v 0.010906 0.035000 -0.001436
v 0.009912 0.036732 -0.001305
v 0.010640 0.036000 -0.001401
v 0.008996 -0.037000 -0.000000
v 0.011000 -0.035000 -0.000000
v 0.009998 -0.036732 -0.000000
v 0.010731 -0.036000 -0.000000
v 0.008996 0.037000 0.000000
v 0.011000 0.035000 0.000000
v 0.009998 0.036732 0.000000
v 0.010731 0.036000 0.000000
v 0.008919 -0.037000 0.001174
v 0.010906 -0.035000 0.001436
v 0.009912 -0.036732 0.001305
v 0.010640 -0.036000 0.001401
v 0.008919 0.037000 0.001174
v 0.010906 0.035000 0.001436
v 0.009912 0.036732 0.001305
v 0.010640 0.036000 0.001401
v 0.008689 -0.037000 0.002328
v 0.010625 -0.035000 0.002847
v 0.009657 -0.036732 0.002588
v 0.010366 -0.036000 0.002778
v 0.008689 0.037000 0.002328
v 0.010625 0.035000 0.002847
v 0.009657 0.036732 0.002588
v 0.010366 0.036000 0.002778
v 0.008311 -0.037000 0.003443
v 0.010163 -0.035000 0.004210
v 0.009237 -0.036732 0.003826
v 0.009915 -0.036000 0.004107
v 0.008311 0.037000 0.003443
v 0.010163 0.035000 0.004210
v 0.009237 0.036732 0.003826
v 0.009915 0.036000 0.004107
v 0.007791 -0.037000 0.004498
v 0.009526 -0.035000 0.005500
v 0.008658 -0.036732 0.004999
v 0.009294 -0.036000 0.005366
v 0.007791 0.037000 0.004498
v 0.009526 0.035000 0.005500
v 0.008658 0.036732 0.004999
v 0.009294 0.036000 0.005366
v 0.007137 -0.037000 0.005476
v 0.008727 -0.035000 0.006696
v 0.007932 -0.036732 0.006086
v 0.008514 -0.036000 0.006533
v 0.007137 0.037000 0.005476
v 0.008727 0.035000 0.006696
v 0.007932 0.036732 0.006086
v 0.008514 0.036000 0.006533
v 0.006361 -0.037000 0.006361
v 0.007778 -0.035000 0.007778
v 0.007070 -0.036732 0.007070
v 0.007588 -0.036000 0.007588
v 0.006361 0.037000 0.006361
v 0.007778 0.035000 0.007778
v 0.007070 0.036732 0.007070
v 0.007588 0.036000 0.007588
v 0.005476 -0.037000 0.007137
v 0.006696 -0.035000 0.008727
v 0.006086 -0.036732 0.007932
v 0.006533 -0.036000 0.008514
v 0.005476 0.037000 0.007137
v 0.006696 0.035000 0.008727
v 0.006086 0.036732 0.007932
v 0.006533 0.036000 0.008514
v 0.004498 -0.037000 0.007791
v 0.005500 -0.035000 0.009526
v 0.004999 -0.036732 0.008658
v 0.005366 -0.036000 0.009294
v 0.004498 0.037000 0.007791
v 0.005500 0.035000 0.009526
v 0.004999 0.036732 0.008658
v 0.005366 0.036000 0.009294
v 0.003443 -0.037000 0.008311
v 0.004210 -0.035000 0.010163
v 0.003826 -0.036732 0.009237
v 0.004107 -0.036000 0.009915
v 0.003443 0.037000 0.008311
v 0.004210 0.035000 0.010163
v 0.003826 0.036732 0.009237
v 0.004107 0.036000 0.009915
v 0.002328 -0.037000 0.008689
v 0.002847 -0.035000 0.010625
v 0.002588 -0.036732 0.009657
v 0.002778 -0.036000 0.010366
v 0.002328 0.037000 0.008689
v 0.002847 0.035000 0.010625
v 0.002588 0.036732 0.009657
v 0.002778 0.036000 0.010366
v 0.001174 -0.037000 0.008919
v 0.001436 -0.035000 0.010906
v 0.001305 -0.036732 0.009912
v 0.001401 -0.036000 0.010640
v 0.001174 0.037000 0.008919
v 0.001436 0.035000 0.010906
v 0.001305 0.036732 0.009912
v 0.001401 0.036000 0.010640
v -0.000000 -0.037000 0.008996
v 0.000000 -0.035000 0.011000
v -0.000000 -0.036732 0.009998
v -0.000000 -0.036000 0.010731
v 0.000000 0.037000 0.008996
v 0.000000 0.035000 0.011000
v 0.000000 0.036732 0.009998
v 0.000000 0.036000 0.010731
v -0.001174 -0.037000 0.008919
v -0.001436 -0.035000 0.010906
v -0.001305 -0.036732 0.009912
v -0.001401 -0.036000 0.010640
v -0.001174 0.037000 0.008919
v -0.001436 0.035000 0.010906
v -0.001305 0.036732 0.009912
v -0.001401 0.036000 0.010640
v -0.002328 -0.037000 0.008689
v -0.002847 -0.035000 0.010625
v -0.002588 -0.036732 0.009657
v -0.002778 -0.036000 0.010366
v -0.002328 0.037000 0.008689
v -0.002847 0.035000 0.010625
v -0.002588 0.036732 0.009657
v -0.002778 0.036000 0.010366
v -0.003443 -0.037000 0.008311
v -0.004210 -0.035000 0.010163
v -0.003826 -0.036732 0.009237
v -0.004107 -0.036000 0.009915
v -0.003443 0.037000 0.008311
v -0.004210 0.035000 0.010163
v -0.003826 0.036732 0.009237
v -0.004107 0.036000 0.009915
v -0.004498 -0.037000 0.007791
v -0.005500 -0.035000 0.009526
v -0.004999 -0.036732 0.008658
v -0.005366 -0.036000 0.009294
v -0.004498 0.037000 0.007791
v -0.005500 0.035000 0.009526
v -0.004999 0.036732 0.008658
v -0.005366 0.036000 0.009294
v -0.005476 -0.037000 0.007137
v -0.006696 -0.035000 0.008727
v -0.006086 -0.036732 0.007932
v -0.006533 -0.036000 0.008514
v -0.005476 0.037000 0.007137
v -0.006696 0.035000 0.008727
v -0.006086 0.036732 0.007932
v -0.006533 0.036000 0.008514
v -0.006361 -0.037000 0.006361
v -0.007778 -0.035000 0.007778
v -0.007070 -0.036732 0.007070
v -0.007588 -0.036000 0.007588
v -0.006361 0.037000 0.006361
v -0.007778 0.035000 0.007778
v -0.007070 0.036732 0.007070
v -0.007588 0.036000 0.007588
v -0.007137 -0.037000 0.005476
v -0.008727 -0.035000 0.006696
v -0.007932 -0.036732 0.006086
v -0.008514 -0.036000 0.006533
v -0.007137 0.037000 0.005476
v -0.008727 0.035000 0.006696
v -0.007932 0.036732 0.006086
v -0.008514 0.036000 0.006533
v -0.007791 -0.037000 0.004498
v -0.009526 -0.035000 0.005500
v -0.008658 -0.036732 0.004999
v -0.009294 -0.036000 0.005366
v -0.007791 0.037000 0.004498
v -0.009526 0.035000 0.005500
v -0.008658 0.036732 0.004999
v -0.009294 0.036000 0.005366
v -0.008311 -0.037000 0.003443
v -0.010163 -0.035000 0.004210
v -0.009237 -0.036732 0.003826
v -0.009915 -0.036000 0.004107
v -0.008311 0.037000 0.003443
v -0.010163 0.035000 0.004210
v -0.009237 0.036732 0.003826
v -0.009915 0.036000 0.004107
v -0.008689 -0.037000 0.002328
v -0.010625 -0.035000 0.002847
v -0.009657 -0.036732 0.002588
v -0.010366 -0.036000 0.002778
v -0.008689 0.037000 0.002328
v -0.010625 0.035000 0.002847
v -0.009657 0.036732 0.002588
v -0.010366 0.036000 0.002778
v -0.008919 -0.037000 0.001174
v -0.010906 -0.035000 0.001436
v -0.009912 -0.036732 0.001305
v -0.010640 -0.036000 0.001401
v -0.008919 0.037000 0.001174
v -0.010906 0.035000 0.001436
v -0.009912 0.036732 0.001305
v -0.010640 0.036000 0.001401
v -0.008996 -0.037000 -0.000000
v -0.011000 -0.035000 -0.000000
v -0.009998 -0.036732 -0.000000
v -0.010731 -0.036000 -0.000000
v -0.008996 0.037000 0.000000
v -0.011000 0.035000 0.000000
v -0.009998 0.036732 0.000000
v -0.010731 0.036000 0.000000
v -0.008919 -0.037000 -0.001174
v -0.010906 -0.035000 -0.001436
v -0.009912 -0.036732 -0.001305
v -0.010640 -0.036000 -0.001401
v -0.008919 0.037000 -0.001174
v -0.010906 0.035000 -0.001436
v -0.009912 0.036732 -0.001305
v -0.010640 0.036000 -0.001401
v -0.008689 -0.037000 -0.002328
v -0.010625 -0.035000 -0.002847
v -0.009657 -0.036732 -0.002588
v -0.010366 -0.036000 -0.002778
v -0.008689 0.037000 -0.002328
v -0.010625 0.035000 -0.002847
v -0.009657 0.036732 -0.002588
v -0.010366 0.036000 -0.002778
v -0.008311 -0.037000 -0.003443
v -0.010163 -0.035000 -0.004210
v -0.009237 -0.036732 -0.003826
v -0.009915 -0.036000 -0.004107
v -0.008311 0.037000 -0.003443
v -0.010163 0.035000 -0.004210
v -0.009237 0.036732 -0.003826
v -0.009915 0.036000 -0.004107
v -0.007791 -0.037000 -0.004498
v -0.009526 -0.035000 -0.005500
v -0.008658 -0.036732 -0.004999
v -0.009294 -0.036000 -0.005366
v -0.007791 0.037000 -0.004498
v -0.009526 0.035000 -0.005500
v -0.008658 0.036732 -0.004999
v -0.009294 0.036000 -0.005366
v -0.007137 -0.037000 -0.005476
v -0.008727 -0.035000 -0.006696
v -0.007932 -0.036732 -0.006086
v -0.008514 -0.036000 -0.006533
v -0.007137 0.037000 -0.005476
v -0.008727 0.035000 -0.006696
v -0.007932 0.036732 -0.006086
v -0.008514 0.036000 -0.006533
v -0.006361 -0.037000 -0.006361
v -0.007778 -0.035000 -0.007778
v -0.007070 -0.036732 -0.007070
v -0.007588 -0.036000 -0.007588
v -0.006361 0.037000 -0.006361
v -0.007778 0.035000 -0.007778
v -0.007070 0.036732 -0.007070
v -0.007588 0.036000 -0.007588
v -0.005476 -0.037000 -0.007137
v -0.006696 -0.035000 -0.008727
v -0.006086 -0.036732 -0.007932
v -0.006533 -0.036000 -0.008514
v -0.005476 0.037000 -0.007137
v -0.006696 0.035000 -0.008727
v -0.006086 0.036732 -0.007932
v -0.006533 0.036000 -0.008514
v -0.004498 -0.037000 -0.007791
v -0.005500 -0.035000 -0.009526
v -0.004999 -0.036732 -0.008658
v -0.005366 -0.036000 -0.009294
v -0.004498 0.037000 -0.007791
v -0.005500 0.035000 -0.009526
v -0.004999 0.036732 -0.008658
v -0.005366 0.036000 -0.009294
v -0.003443 -0.037000 -0.008311
v -0.004210 -0.035000 -0.010163
v -0.003826 -0.036732 -0.009237
v -0.004107 -0.036000 -0.009915
v -0.003443 0.037000 -0.008311
v -0.004210 0.035000 -0.010163
v -0.003826 0.036732 -0.009237
v -0.004107 0.036000 -0.009915
v -0.002328 -0.037000 -0.008689
v -0.002847 -0.035000 -0.010625
v -0.002588 -0.036732 -0.009657
v -0.002778 -0.036000 -0.010366
v -0.002328 0.037000 -0.008689
v -0.002847 0.035000 -0.010625
v -0.002588 0.036732 -0.009657
v -0.002778 0.036000 -0.010366
v -0.001174 -0.037000 -0.008919
v -0.001436 -0.035000 -0.010906
v -0.001305 -0.036732 -0.009912
v -0.001401 -0.036000 -0.010640
v -0.001174 0.037000 -0.008919
v -0.001436 0.035000 -0.010906
v -0.001305 0.036732 -0.009912
v -0.001401 0.036000 -0.010640
vn -0.0970 -0.0970 -0.9905
vn -0.0970 -0.9905 -0.0970
vn -0.9905 -0.0970 -0.0970
vn -0.0972 -0.3783 -0.9206
vn -0.0919 -0.7041 -0.7041
vn -0.3783 -0.0972 -0.9206
vn -0.3703 -0.3703 -0.8519
vn -0.3266 -0.6683 -0.6683
vn -0.5774 -0.5774 -0.5774
vn -0.3783 -0.9206 -0.0972
vn -0.7041 -0.7041 -0.0919
vn -0.0972 -0.9206 -0.3783
vn -0.3703 -0.8519 -0.3703
vn -0.6683 -0.6683 -0.3266
vn -0.9206 -0.0972 -0.3783
vn -0.7041 -0.0919 -0.7041
vn -0.9206 -0.3783 -0.0972
vn -0.8519 -0.3703 -0.3703
vn -0.6683 -0.3266 -0.6683
vn -0.0970 -0.9905 0.0970
vn -0.0970 -0.0970 0.9905
vn -0.9905 -0.0970 0.0970
vn -0.0972 -0.9206 0.3783
vn -0.0919 -0.7041 0.7041
vn -0.3783 -0.9206 0.0972
vn -0.3703 -0.8519 0.3703
vn -0.3266 -0.6683 0.6683
vn -0.5774 -0.5774 0.5773
vn -0.3783 -0.0972 0.9206
vn -0.7041 -0.0919 0.7041
vn -0.0972 -0.3783 0.9206
vn -0.3703 -0.3703 0.8519
vn -0.6683 -0.3266 0.6683
vn -0.9206 -0.3783 0.0972
vn -0.7041 -0.7041 0.0919
vn -0.9206 -0.0972 0.3783
vn -0.8519 -0.3703 0.3703
vn -0.6683 -0.6683 0.3266
vn -0.0970 0.0970 -0.9905
vn -0.9905 0.0970 -0.0970
vn -0.0970 0.9905 -0.0970
vn -0.3783 0.0972 -0.9206
vn -0.7041 0.0919 -0.7041
vn -0.0972 0.3783 -0.9206
vn -0.3703 0.3703 -0.8519
vn -0.6683 0.3266 -0.6683
vn -0.5774 0.5774 -0.5774
vn -0.9206 0.3783 -0.0972
vn -0.7041 0.7041 -0.0919
vn -0.9206 0.0972 -0.3783
vn -0.8519 0.3703 -0.3703
vn -0.6683 0.6683 -0.3266
vn -0.0972 0.9206 -0.3783
vn -0.0919 0.7041 -0.7041
vn -0.3783 0.9206 -0.0972
vn -0.3703 0.8519 -0.3703
vn -0.3266 0.6683 -0.6683
vn -0.0970 0.0970 0.9905
vn -0.0970 0.9905 0.0970
vn -0.9905 0.0970 0.0970
vn -0.0972 0.3783 0.9206
vn -0.0919 0.7041 0.7041
vn -0.3783 0.0972 0.9206
vn -0.3703 0.3703 0.8519
vn -0.3266 0.6683 0.6683
vn -0.5774 0.5774 0.5774
vn -0.3783 0.9206 0.0972
vn -0.7041 0.7041 0.0919
vn -0.0972 0.9206 0.3783
vn -0.3703 0.8519 0.3703
vn -0.6683 0.6683 0.3266
vn -0.9206 0.0972 0.3783
vn -0.7041 0.0919 0.7041
vn -0.9206 0.3783 0.0972
vn -0.8519 0.3703 0.3703
vn -0.6683 0.3266 0.6683
vn 0.0970 -0.0970 -0.9905
vn 0.9905 -0.0970 -0.0970
vn 0.0970 -0.9905 -0.0970
vn 0.3783 -0.0972 -0.9206
vn 0.7041 -0.0919 -0.7041
vn 0.0972 -0.3783 -0.9206
vn 0.3703 -0.3703 -0.8519
vn 0.6683 -0.3266 -0.6683
vn 0.5774 -0.5774 -0.5774
vn 0.9206 -0.3783 -0.0972
vn 0.7041 -0.7041 -0.0919
vn 0.9206 -0.0972 -0.3783
vn 0.8519 -0.3703 -0.3703
vn 0.6683 -0.6683 -0.3266
vn 0.0972 -0.9206 -0.3783
vn 0.0919 -0.7041 -0.7041
vn 0.3783 -0.9206 -0.0972
vn 0.3703 -0.8519 -0.3703
vn 0.3266 -0.6683 -0.6683
vn 0.0970 -0.0970 0.9905
vn 0.0970 -0.9905 0.0970
vn 0.9905 -0.0970 0.0970
vn 0.0972 -0.3783 0.9206
vn 0.0919 -0.7041 0.7041
vn 0.3783 -0.0972 0.9206
vn 0.3703 -0.3703 0.8519
vn 0.3266 -0.6683 0.6683
vn 0.5774 -0.5774 0.5774
vn 0.3783 -0.9206 0.0972
vn 0.7041 -0.7041 0.0919
vn 0.0972 -0.9206 0.3783
vn 0.3703 -0.8519 0.3703
vn 0.6683 -0.6683 0.3266
vn 0.9206 -0.0972 0.3783
vn 0.7041 -0.0919 0.7041
vn 0.9206 -0.3783 0.0972
vn 0.8519 -0.3703 0.3703
vn 0.6683 -0.3266 0.6683
vn 0.0970 0.0970 -0.9905
vn 0.0970 0.9905 -0.0970
vn 0.9905 0.0970 -0.0970
vn 0.0972 0.3783 -0.9206
vn 0.0919 0.7041 -0.7041
vn 0.3783 0.0972 -0.9206
vn 0.3703 0.3703 -0.8519
vn 0.3266 0.6683 -0.6683
vn 0.5774 0.5774 -0.5774
vn 0.3783 0.9206 -0.0972
vn 0.7041 0.7041 -0.0919
vn 0.0972 0.9206 -0.3783
vn 0.3703 0.8519 -0.3703
vn 0.6683 0.6683 -0.3266
vn 0.9206 0.0972 -0.3783
vn 0.7041 0.0919 -0.7041
vn 0.9206 0.3783 -0.0972
vn 0.8519 0.3703 -0.3703
vn 0.6683 0.3266 -0.6683
vn 0.0970 0.0970 0.9905
vn 0.9905 0.0970 0.0970
vn 0.0970 0.9905 0.0970
vn 0.3783 0.0972 0.9206
vn 0.7041 0.0919 0.7041
vn 0.0972 0.3783 0.9206
vn 0.3703 0.3703 0.8519
vn 0.6683 0.3266 0.6683
vn 0.5774 0.5774 0.5774
vn 0.9206 0.3783 0.0972
vn 0.7041 0.7041 0.0919
vn 0.9206 0.0972 0.3783
vn 0.8519 0.3703 0.3703
vn 0.6683 0.6683 0.3266
vn 0.0972 0.9206 0.3783
vn 0.0919 0.7041 0.7041
vn 0.3783 0.9206 0.0972
vn 0.3703 0.8519 0.3703
vn 0.3266 0.6683 0.6683
vn -0.9908 0.1356 -0.0000
vn -0.1301 0.9915 -0.0000
vn -0.8618 0.5073 -0.0000
vn -0.4961 0.8683 -0.0000
vn 0.9908 0.1356 -0.0000
vn 0.1301 0.9915 -0.0000
vn 0.8618 0.5073 -0.0000
vn 0.4961 0.8683 -0.0000
vn -0.9908 0.1344 -0.0177
vn -0.1301 0.9830 -0.1294
vn -0.8618 0.5030 -0.0662
vn -0.4961 0.8608 -0.1133
vn 0.9908 0.1344 -0.0177
vn 0.1301 0.9830 -0.1294
vn 0.8618 0.5030 -0.0662
vn 0.4961 0.8608 -0.1133
vn -0.9908 0.1310 -0.0351
vn -0.1301 0.9577 -0.2566
vn -0.8618 0.4900 -0.1313
vn -0.4961 0.8387 -0.2247
vn 0.9908 0.1310 -0.0351
vn 0.1301 0.9577 -0.2566
vn 0.8618 0.4900 -0.1313
vn 0.4961 0.8387 -0.2247
vn -0.9908 0.1253 -0.0519
vn -0.1301 0.9160 -0.3794
vn -0.8618 0.4687 -0.1941
vn -0.4961 0.8022 -0.3323
vn 0.9908 0.1253 -0.0519
vn 0.1301 0.9160 -0.3794
vn 0.8618 0.4687 -0.1941
vn 0.4961 0.8022 -0.3323
vn -0.9908 0.1174 -0.0678
vn -0.1301 0.8587 -0.4958
vn -0.8618 0.4393 -0.2536
vn -0.4961 0.7520 -0.4341
vn 0.9908 0.1174 -0.0678
vn 0.1301 0.8587 -0.4958
vn 0.8618 0.4393 -0.2536
vn 0.4961 0.7520 -0.4341
vn -0.9908 0.1076 -0.0825
vn -0.1301 0.7866 -0.6036
vn -0.8618 0.4025 -0.3088
vn -0.4961 0.6889 -0.5286
vn 0.9908 0.1075 -0.0825
vn 0.1301 0.7866 -0.6036
vn 0.8618 0.4025 -0.3088
vn 0.4961 0.6889 -0.5286
vn -0.9908 0.0959 -0.0959
vn -0.1301 0.7011 -0.7011
vn -0.8618 0.3587 -0.3587
vn -0.4961 0.6140 -0.6140
vn 0.9908 0.0959 -0.0959
vn 0.1301 0.7011 -0.7011
vn 0.8618 0.3587 -0.3587
vn 0.4961 0.6140 -0.6140
vn -0.9908 0.0825 -0.1076
vn -0.1301 0.6036 -0.7866
vn -0.8618 0.3088 -0.4025
vn -0.4961 0.5286 -0.6889
vn 0.9908 0.0826 -0.1076
vn 0.1301 0.6036 -0.7866
vn 0.8618 0.3088 -0.4025
vn 0.4961 0.5286 -0.6889
vn -0.9908 0.0678 -0.1174
vn -0.1301 0.4958 -0.8587
vn -0.8618 0.2536 -0.4393
vn -0.4961 0.4341 -0.7520
vn 0.9908 0.0678 -0.1174
vn 0.1301 0.4958 -0.8587
vn 0.8618 0.2536 -0.4393
vn 0.4961 0.4341 -0.7520
vn -0.9908 0.0519 -0.1253
vn -0.1301 0.3794 -0.9160
vn -0.8618 0.1941 -0.4687
vn -0.4961 0.3323 -0.8022
vn 0.9908 0.0519 -0.1253
vn 0.1301 0.3794 -0.9160
vn 0.8618 0.1941 -0.4687
vn 0.4961 0.3323 -0.8022
vn -0.9908 0.0351 -0.1310
vn -0.1301 0.2566 -0.9577
vn -0.8618 0.1313 -0.4900
vn -0.4961 0.2247 -0.8387
vn 0.9908 0.0351 -0.1310
vn 0.1301 0.2566 -0.9577
vn 0.8618 0.1313 -0.4900
vn 0.4961 0.2247 -0.8387
vn -0.9908 0.0177 -0.1344
vn -0.1301 0.1294 -0.9830
vn -0.8618 0.0662 -0.5030
vn -0.4961 0.1133 -0.8608
vn 0.9908 0.0177 -0.1344
vn 0.1301 0.1294 -0.9830
vn 0.8618 0.0662 -0.5030
vn 0.4961 0.1133 -0.8608
vn -0.9908 -0.0000 -0.1356
vn -0.1301 -0.0000 -0.9915
vn -0.8618 -0.0000 -0.5073
vn -0.4961 -0.0000 -0.8683
vn 0.9908 -0.0000 -0.1356
vn 0.1301 -0.0000 -0.9915
vn 0.8618 -0.0000 -0.5073
vn 0.4961 -0.0000 -0.8683
vn -0.9908 -0.0177 -0.1344
vn -0.1301 -0.1294 -0.9830
vn -0.8618 -0.0662 -0.5030
vn -0.4961 -0.1133 -0.8608
vn 0.9908 -0.0177 -0.1344
vn 0.1301 -0.1294 -0.9830
vn 0.8618 -0.0662 -0.5030
vn 0.4961 -0.1133 -0.8608
vn -0.9908 -0.0351 -0.1310
vn -0.1301 -0.2566 -0.9577
vn -0.8618 -0.1313 -0.4900
vn -0.4961 -0.2247 -0.8387
vn 0.9908 -0.0351 -0.1310
vn 0.1301 -0.2566 -0.9577
vn 0.8618 -0.1313 -0.4900
vn 0.4961 -0.2247 -0.8387
vn -0.9908 -0.0519 -0.1253
vn -0.1301 -0.3794 -0.9160
vn -0.8618 -0.1941 -0.4687
vn -0.4961 -0.3323 -0.8022
vn 0.9908 -0.0519 -0.1253
vn 0.1301 -0.3794 -0.9160
vn 0.8618 -0.1941 -0.4687
vn 0.4961 -0.3323 -0.8022
vn -0.9908 -0.0678 -0.1174
vn -0.1301 -0.4958 -0.8587
vn -0.8618 -0.2537 -0.4393
vn -0.4961 -0.4341 -0.7520
vn 0.9908 -0.0678 -0.1174
vn 0.1301 -0.4958 -0.8587
vn 0.8618 -0.2536 -0.4393
vn 0.4961 -0.4341 -0.7520
vn -0.9908 -0.0825 -0.1076
vn -0.1301 -0.6036 -0.7866
vn -0.8618 -0.3088 -0.4025
vn -0.4961 -0.5286 -0.6889
vn 0.9908 -0.0825 -0.1076
vn 0.1301 -0.6036 -0.7866
vn 0.8618 -0.3088 -0.4025
vn 0.4961 -0.5286 -0.6889
vn -0.9908 -0.0959 -0.0959
vn -0.1301 -0.7011 -0.7011
vn -0.8618 -0.3587 -0.3587
vn -0.4961 -0.6140 -0.6140
vn 0.9908 -0.0959 -0.0959
vn 0.1301 -0.7011 -0.7011
vn 0.8618 -0.3587 -0.3587
vn 0.4961 -0.6140 -0.6140
vn -0.9908 -0.1076 -0.0825
vn -0.1301 -0.7866 -0.6036
vn -0.8618 -0.4025 -0.3088
vn -0.4961 -0.6889 -0.5286
vn 0.9908 -0.1075 -0.0825
vn 0.1301 -0.7866 -0.6036
vn 0.8618 -0.4025 -0.3088
vn 0.4961 -0.6889 -0.5286
vn -0.9908 -0.1174 -0.0678
vn -0.1301 -0.8587 -0.4958
vn -0.8618 -0.4393 -0.2536
vn -0.4961 -0.7520 -0.4341
vn 0.9908 -0.1174 -0.0678
vn 0.1301 -0.8587 -0.4958
vn 0.8618 -0.4393 -0.2536
vn 0.4961 -0.7519 -0.4341
vn -0.9908 -0.1253 -0.0519
vn -0.1301 -0.9160 -0.3794
vn -0.8618 -0.4687 -0.1941
vn -0.4961 -0.8022 -0.3323
vn 0.9908 -0.1253 -0.0519
vn 0.1301 -0.9160 -0.3794
vn 0.8618 -0.4687 -0.1941
vn 0.4961 -0.8022 -0.3323
vn -0.9908 -0.1310 -0.0351
vn -0.1301 -0.9577 -0.2566
vn -0.8618 -0.4900 -0.1313
vn -0.4961 -0.8387 -0.2247
vn 0.9908 -0.1310 -0.0351
vn 0.1301 -0.9577 -0.2566
vn 0.8618 -0.4900 -0.1313
vn 0.4961 -0.8387 -0.2247
vn -0.9908 -0.1344 -0.0177
vn -0.1301 -0.9830 -0.1294
vn -0.8618 -0.5030 -0.0662
vn -0.4961 -0.8608 -0.1133
vn 0.9908 -0.1344 -0.0177
vn 0.1301 -0.9830 -0.1294
vn 0.8618 -0.5030 -0.0662
vn 0.4961 -0.8608 -0.1133
vn -0.9908 -0.1356 -0.0000
vn -0.1301 -0.9915 -0.0000
vn -0.8618 -0.5073 -0.0000
vn -0.4961 -0.8683 -0.0000
vn 0.9908 -0.1356 -0.0000
vn 0.1301 -0.9915 -0.0000
vn 0.8618 -0.5073 -0.0000
vn 0.4961 -0.8683 -0.0000
vn -0.9908 -0.1344 0.0177
vn -0.1301 -0.9830 0.1294
vn -0.8618 -0.5030 0.0662
vn -0.4961 -0.8608 0.1133
vn 0.9908 -0.1344 0.0177
vn 0.1301 -0.9830 0.1294
vn 0.8618 -0.5030 0.0662
vn 0.4961 -0.8608 0.1133
vn -0.9908 -0.1310 0.0351
vn -0.1301 -0.9577 0.2566
vn -0.8618 -0.4900 0.1313
vn -0.4961 -0.8387 0.2247
vn 0.9908 -0.1310 0.0351
vn 0.1301 -0.9577 0.2566
vn 0.8618 -0.4900 0.1313
vn 0.4961 -0.8387 0.2247
vn -0.9908 -0.1253 0.0519
vn -0.1301 -0.9160 0.3794
vn -0.8618 -0.4687 0.1941
vn -0.4961 -0.8022 0.3323
vn 0.9908 -0.1253 0.0519
vn 0.1301 -0.9160 0.3794
vn 0.8618 -0.4687 0.1941
vn 0.4961 -0.8022 0.3323
vn -0.9908 -0.1174 0.0678
vn -0.1301 -0.8587 0.4958
vn -0.8618 -0.4393 0.2536
vn -0.4961 -0.7519 0.4341
vn 0.9908 -0.1174 0.0678
vn 0.1301 -0.8587 0.4958
vn 0.8618 -0.4393 0.2536
vn 0.4961 -0.7520 0.4341
vn -0.9908 -0.1076 0.0825
vn -0.1301 -0.7866 0.6036
vn -0.8618 -0.4025 0.3088
vn -0.4961 -0.6889 0.5286
vn 0.9908 -0.1075 0.0825
vn 0.1301 -0.7866 0.6036
vn 0.8618 -0.4025 0.3088
vn 0.4961 -0.6889 0.5286
vn -0.9908 -0.0959 0.0959
vn -0.1301 -0.7011 0.7011
vn -0.8618 -0.3587 0.3587
vn -0.4961 -0.6140 0.6140
vn 0.9908 -0.0959 0.0959
vn 0.1301 -0.7011 0.7011
vn 0.8618 -0.3587 0.3587
vn 0.4961 -0.6140 0.6140
vn -0.9908 -0.0825 0.1076
vn -0.1301 -0.6036 0.7866
vn -0.8618 -0.3088 0.4025
vn -0.4961 -0.5286 0.6889
vn 0.9908 -0.0825 0.1076
vn 0.1301 -0.6036 0.7866
vn 0.8618 -0.3088 0.4025
vn 0.4961 -0.5286 0.6889
vn -0.9908 -0.0678 0.1174
vn -0.1301 -0.4958 0.8587
vn -0.8618 -0.2536 0.4393
vn -0.4961 -0.4341 0.7520
vn 0.9908 -0.0678 0.1174
vn 0.1301 -0.4958 0.8587
vn 0.8618 -0.2537 0.4393
vn 0.4961 -0.4341 0.7520
vn -0.9908 -0.0519 0.1253
vn -0.1301 -0.3794 0.9160
vn -0.8618 -0.1941 0.4687
vn -0.4961 -0.3323 0.8022
vn 0.9908 -0.0519 0.1253
vn 0.1301 -0.3794 0.9160
vn 0.8618 -0.1941 0.4687
vn 0.4961 -0.3323 0.8022
vn -0.9908 -0.0351 0.1310
vn -0.1301 -0.2566 0.9577
vn -0.8618 -0.1313 0.4900
vn -0.4961 -0.2247 0.8387
vn 0.9908 -0.0351 0.1310
vn 0.1301 -0.2566 0.9577
vn 0.8618 -0.1313 0.4900
vn 0.4961 -0.2247 0.8387
vn -0.9908 -0.0177 0.1344
vn -0.1301 -0.1294 0.9830
vn -0.8618 -0.0662 0.5030
vn -0.4961 -0.1133 0.8608
vn 0.9908 -0.0177 0.1344
vn 0.1301 -0.1294 0.9830
vn 0.8618 -0.0662 0.5030
vn 0.4961 -0.1133 0.8608
vn -0.9908 -0.0000 0.1356
vn -0.1301 -0.0000 0.9915
vn -0.8618 -0.0000 0.5073
vn -0.4961 -0.0000 0.8683
vn 0.9908 -0.0000 0.1356
vn 0.1301 -0.0000 0.9915
vn 0.8618 -0.0000 0.5073
vn 0.4961 -0.0000 0.8683
vn -0.9908 0.0177 0.1344
vn -0.1301 0.1294 0.9830
vn -0.8618 0.0662 0.5030
vn -0.4961 0.1133 0.8608
vn 0.9908 0.0177 0.1344
vn 0.1301 0.1294 0.9830
vn 0.8618 0.0662 0.5030
vn 0.4961 0.1133 0.8608
vn -0.9908 0.0351 0.1310
vn -0.1301 0.2566 0.9577
vn -0.8618 0.1313 0.4900
vn -0.4961 0.2247 0.8387
vn 0.9908 0.0351 0.1310
vn 0.1301 0.2566 0.9577
vn 0.8618 0.1313 0.4900
vn 0.4961 0.2247 0.8387
vn -0.9908 0.0519 0.1253
vn -0.1301 0.3794 0.9160
vn -0.8618 0.1941 0.4687
vn -0.4961 0.3323 0.8022
vn 0.9908 0.0519 0.1253
vn 0.1301 0.3794 0.9160
vn 0.8618 0.1941 0.4687
vn 0.4961 0.3323 0.8022
vn -0.9908 0.0678 0.1174
vn -0.1301 0.4958 0.8587
vn -0.8618 0.2536 0.4393
vn -0.4961 0.4341 0.7520
vn 0.9908 0.0678 0.1174
vn 0.1301 0.4958 0.8587
vn 0.8618 0.2536 0.4393
vn 0.4961 0.4341 0.7520
vn -0.9908 0.0825 0.1076
vn -0.1301 0.6036 0.7866
vn -0.8618 0.3088 0.4025
vn -0.4961 0.5286 0.6889
vn 0.9908 0.0825 0.1076
vn 0.1301 0.6036 0.7866
vn 0.8618 0.3088 0.4025
vn 0.4961 0.5286 0.6889
vn -0.9908 0.0959 0.0959
vn -0.1301 0.7011 0.7011
vn -0.8618 0.3587 0.3587
vn -0.4961 0.6140 0.6140
vn 0.9908 0.0959 0.0959
vn 0.1301 0.7011 0.7011
vn 0.8618 0.3587 0.3587
vn 0.4961 0.6140 0.6140
vn -0.9908 0.1076 0.0825
vn -0.1301 0.7866 0.6036
vn -0.8618 0.4025 0.3088
vn -0.4961 0.6889 0.5286
vn 0.9908 0.1075 0.0825
vn 0.1301 0.7866 0.6036
vn 0.8618 0.4025 0.3088
vn 0.4961 0.6889 0.5286
vn -0.9908 0.1174 0.0678
vn -0.1301 0.8587 0.4958
vn -0.8618 0.4393 0.2536
vn -0.4961 0.7520 0.4341
vn 0.9908 0.1174 0.0678
vn 0.1301 0.8587 0.4958
vn 0.8618 0.4393 0.2536
vn 0.4961 0.7520 0.4341
vn -0.9908 0.1253 0.0519
vn -0.1301 0.9160 0.3794
vn -0.8618 0.4687 0.1941
vn -0.4961 0.8022 0.3323
vn 0.9908 0.1253 0.0519
vn 0.1301 0.9160 0.3794
vn 0.8618 0.4687 0.1941
vn 0.4961 0.8022 0.3323
vn -0.9908 0.1310 0.0351
vn -0.1301 0.9577 0.2566
vn -0.8618 0.4900 0.1313
vn -0.4961 0.8387 0.2247
vn 0.9908 0.1310 0.0351
vn 0.1301 0.9577 0.2566
vn 0.8618 0.4900 0.1313
vn 0.4961 0.8387 0.2247
vn -0.9908 0.1344 0.0177
vn -0.1301 0.9830 0.1294
vn -0.8618 0.5030 0.0662
vn -0.4961 0.8608 0.1133
vn 0.9908 0.1344 0.0177
vn 0.1301 0.9830 0.1294
vn 0.8618 0.5030 0.0662
vn 0.4961 0.8608 0.1133
vn -0.0000 -0.9908 -0.1356
vn -0.0000 -0.1301 -0.9915
vn -0.0000 -0.8618 -0.5073
vn -0.0000 -0.4961 -0.8683
vn -0.0000 0.9908 -0.1356
vn -0.0000 0.1301 -0.9915
vn -0.0000 0.8618 -0.5073
vn -0.0000 0.4961 -0.8683
vn 0.0177 -0.9908 -0.1344
vn 0.1294 -0.1301 -0.9830
vn 0.0662 -0.8618 -0.5030
vn 0.1133 -0.4961 -0.8608
vn 0.0177 0.9908 -0.1344
vn 0.1294 0.1301 -0.9830
vn 0.0662 0.8618 -0.5030
vn 0.1133 0.4961 -0.8608
vn 0.0351 -0.9908 -0.1309
vn 0.2566 -0.1301 -0.9577
vn 0.1313 -0.8618 -0.4900
vn 0.2247 -0.4961 -0.8387
vn 0.0351 0.9908 -0.1310
vn 0.2566 0.1301 -0.9577
vn 0.1313 0.8618 -0.4900
vn 0.2247 0.4961 -0.8387
vn 0.0519 -0.9908 -0.1253
vn 0.3794 -0.1301 -0.9160
vn 0.1941 -0.8618 -0.4687
vn 0.3323 -0.4961 -0.8022
vn 0.0519 0.9908 -0.1253
vn 0.3794 0.1301 -0.9160
vn 0.1941 0.8618 -0.4687
vn 0.3323 0.4961 -0.8022
vn 0.0678 -0.9908 -0.1174
vn 0.4958 -0.1301 -0.8587
vn 0.2537 -0.8618 -0.4393
vn 0.4341 -0.4961 -0.7519
vn 0.0678 0.9908 -0.1174
vn 0.4958 0.1301 -0.8587
vn 0.2536 0.8618 -0.4393
vn 0.4341 0.4961 -0.7519
vn 0.0825 -0.9908 -0.1076
vn 0.6036 -0.1301 -0.7866
vn 0.3088 -0.8618 -0.4025
vn 0.5286 -0.4961 -0.6888
vn 0.0825 0.9908 -0.1076
vn 0.6036 0.1301 -0.7866
vn 0.3088 0.8618 -0.4025
vn 0.5286 0.4961 -0.6888
vn 0.0959 -0.9908 -0.0959
vn 0.7011 -0.1301 -0.7011
vn 0.3587 -0.8618 -0.3587
vn 0.6140 -0.4961 -0.6140
vn 0.0959 0.9908 -0.0959
vn 0.7011 0.1301 -0.7011
vn 0.3587 0.8618 -0.3587
vn 0.6140 0.4961 -0.6140
vn 0.1076 -0.9908 -0.0825
vn 0.7866 -0.1301 -0.6036
vn 0.4025 -0.8618 -0.3088
vn 0.6889 -0.4961 -0.5286
vn 0.1076 0.9908 -0.0825
vn 0.7866 0.1301 -0.6036
vn 0.4025 0.8618 -0.3088
vn 0.6888 0.4961 -0.5286
vn 0.1174 -0.9908 -0.0678
vn 0.8587 -0.1301 -0.4958
vn 0.4393 -0.8618 -0.2537
vn 0.7519 -0.4961 -0.4341
vn 0.1174 0.9908 -0.0678
vn 0.8587 0.1301 -0.4958
vn 0.4393 0.8618 -0.2537
vn 0.7519 0.4961 -0.4341
vn 0.1253 -0.9908 -0.0519
vn 0.9160 -0.1301 -0.3794
vn 0.4687 -0.8618 -0.1941
vn 0.8022 -0.4961 -0.3323
vn 0.1253 0.9908 -0.0519
vn 0.9160 0.1301 -0.3794
vn 0.4687 0.8618 -0.1941
vn 0.8022 0.4961 -0.3323
vn 0.1310 -0.9908 -0.0351
vn 0.9577 -0.1301 -0.2566
vn 0.4900 -0.8618 -0.1313
vn 0.8387 -0.4961 -0.2247
vn 0.1310 0.9908 -0.0351
vn 0.9577 0.1301 -0.2566
vn 0.4900 0.8618 -0.1313
vn 0.8387 0.4961 -0.2247
vn 0.1344 -0.9908 -0.0177
vn 0.9830 -0.1301 -0.1294
vn 0.5030 -0.8618 -0.0662
vn 0.8608 -0.4961 -0.1133
vn 0.1344 0.9908 -0.0177
vn 0.9830 0.1301 -0.1294
vn 0.5030 0.8618 -0.0662
vn 0.8608 0.4961 -0.1133
vn 0.1356 -0.9908 -0.0000
vn 0.9915 -0.1301 -0.0000
vn 0.5073 -0.8618 -0.0000
vn 0.8683 -0.4961 -0.0000
vn 0.1356 0.9908 -0.0000
vn 0.9915 0.1301 -0.0000
vn 0.5073 0.8618 -0.0000
vn 0.8683 0.4961 -0.0000
vn 0.1344 -0.9908 0.0177
vn 0.9830 -0.1301 0.1294
vn 0.5030 -0.8618 0.0662
vn 0.8608 -0.4961 0.1133
vn 0.1344 0.9908 0.0177
vn 0.9830 0.1301 0.1294
vn 0.5030 0.8618 0.0662
vn 0.8608 0.4961 0.1133
vn 0.1310 -0.9908 0.0351
vn 0.9577 -0.1301 0.2566
vn 0.4900 -0.8618 0.1313
vn 0.8387 -0.4961 0.2247
vn 0.1310 0.9908 0.0351
vn 0.9577 0.1301 0.2566
vn 0.4900 0.8618 0.1313
vn 0.8387 0.4961 0.2247
vn 0.1253 -0.9908 0.0519
vn 0.9160 -0.1301 0.3794
vn 0.4687 -0.8618 0.1941
vn 0.8022 -0.4961 0.3323
vn 0.1253 0.9908 0.0519
vn 0.9160 0.1301 0.3794
vn 0.4687 0.8618 0.1941
vn 0.8022 0.4961 0.3323
vn 0.1174 -0.9908 0.0678
vn 0.8587 -0.1301 0.4958
vn 0.4393 -0.8618 0.2537
vn 0.7519 -0.4961 0.4341
vn 0.1174 0.9908 0.0678
vn 0.8587 0.1301 0.4958
vn 0.4393 0.8618 0.2537
vn 0.7519 0.4961 0.4341
vn 0.1076 -0.9908 0.0825
vn 0.7866 -0.1301 0.6036
vn 0.4025 -0.8618 0.3088
vn 0.6888 -0.4961 0.5286
vn 0.1076 0.9908 0.0825
vn 0.7866 0.1301 0.6036
vn 0.4025 0.8618 0.3088
vn 0.6889 0.4961 0.5286
vn 0.0959 -0.9908 0.0959
vn 0.7011 -0.1301 0.7011
vn 0.3587 -0.8618 0.3587
vn 0.6140 -0.4961 0.6140
vn 0.0959 0.9908 0.0959
vn 0.7011 0.1301 0.7011
vn 0.3587 0.8618 0.3587
vn 0.6140 0.4961 0.6140
vn 0.0825 -0.9908 0.1076
vn 0.6036 -0.1301 0.7866
vn 0.3088 -0.8618 0.4025
vn 0.5286 -0.4961 0.6888
vn 0.0825 0.9908 0.1076
vn 0.6036 0.1301 0.7866
vn 0.3088 0.8618 0.4025
vn 0.5286 0.4961 0.6888
vn 0.0678 -0.9908 0.1174
vn 0.4958 -0.1301 0.8587
vn 0.2536 -0.8618 0.4393
vn 0.4341 -0.4961 0.7519
vn 0.0678 0.9908 0.1174
vn 0.4958 0.1301 0.8587
vn 0.2537 0.8618 0.4393
vn 0.4341 0.4961 0.7519
vn 0.0519 -0.9908 0.1253
vn 0.3794 -0.1301 0.9160
vn 0.1941 -0.8618 0.4687
vn 0.3323 -0.4961 0.8022
vn 0.0519 0.9908 0.1253
vn 0.3794 0.1301 0.9160
vn 0.1941 0.8618 0.4687
vn 0.3323 0.4961 0.8022
vn 0.0351 -0.9908 0.1309
vn 0.2566 -0.1301 0.9577
vn 0.1313 -0.8618 0.4900
vn 0.2247 -0.4961 0.8387
vn 0.0351 0.9908 0.1310
vn 0.2566 0.1301 0.9577
vn 0.1313 0.8618 0.4900
vn 0.2247 0.4961 0.8387
vn 0.0177 -0.9908 0.1344
vn 0.1294 -0.1301 0.9830
vn 0.0662 -0.8618 0.5030
vn 0.1133 -0.4961 0.8608
vn 0.0177 0.9908 0.1344
vn 0.1294 0.1301 0.9830
vn 0.0662 0.8618 0.5030
vn 0.1133 0.4961 0.8608
vn -0.0000 -0.9908 0.1356
vn -0.0000 -0.1301 0.9915
vn -0.0000 -0.8618 0.5073
vn -0.0000 -0.4961 0.8683
vn -0.0000 0.9908 0.1356
vn -0.0000 0.1301 0.9915
vn -0.0000 0.8618 0.5073
vn -0.0000 0.4961 0.8683
vn -0.0177 -0.9908 0.1344
vn -0.1294 -0.1301 0.9830
vn -0.0662 -0.8618 0.5030
vn -0.1133 -0.4961 0.8608
vn -0.0177 0.9908 0.1344
vn -0.1294 0.1301 0.9830
vn -0.0662 0.8618 0.5030
vn -0.1133 0.4961 0.8608
vn -0.0351 -0.9908 0.1309
vn -0.2566 -0.1301 0.9577
vn -0.1313 -0.8618 0.4900
vn -0.2247 -0.4961 0.8387
vn -0.0351 0.9908 0.1310
vn -0.2566 0.1301 0.9577
vn -0.1313 0.8618 0.4900
vn -0.2247 0.4961 0.8387
vn -0.0519 -0.9908 0.1253
vn -0.3794 -0.1301 0.9160
vn -0.1941 -0.8618 0.4687
vn -0.3323 -0.4961 0.8022
vn -0.0519 0.9908 0.1253
vn -0.3794 0.1301 0.9160
vn -0.1941 0.8618 0.4687
vn -0.3323 0.4961 0.8022
vn -0.0678 -0.9908 0.1174
vn -0.4958 -0.1301 0.8587
vn -0.2537 -0.8618 0.4393
vn -0.4341 -0.4961 0.7520
vn -0.0678 0.9908 0.1174
vn -0.4958 0.1301 0.8587
vn -0.2537 0.8618 0.4393
vn -0.4341 0.4961 0.7519
vn -0.0825 -0.9908 0.1076
vn -0.6036 -0.1301 0.7866
vn -0.3088 -0.8618 0.4025
vn -0.5286 -0.4961 0.6888
vn -0.0825 0.9908 0.1076
vn -0.6036 0.1301 0.7866
vn -0.3088 0.8618 0.4025
vn -0.5286 0.4961 0.6888
vn -0.0959 -0.9908 0.0959
vn -0.7011 -0.1301 0.7011
vn -0.3587 -0.8618 0.3587
vn -0.6140 -0.4961 0.6140
vn -0.0959 0.9908 0.0959
vn -0.7011 0.1301 0.7011
vn -0.3587 0.8618 0.3587
vn -0.6140 0.4961 0.6140
vn -0.1076 -0.9908 0.0825
vn -0.7866 -0.1301 0.6036
vn -0.4025 -0.8618 0.3088
vn -0.6889 -0.4961 0.5286
vn -0.1076 0.9908 0.0825
vn -0.7866 0.1301 0.6036
vn -0.4025 0.8618 0.3088
vn -0.6888 0.4961 0.5286
vn -0.1174 -0.9908 0.0678
vn -0.8587 -0.1301 0.4958
vn -0.4393 -0.8618 0.2537
vn -0.7519 -0.4961 0.4341
vn -0.1174 0.9908 0.0678
vn -0.8587 0.1301 0.4958
vn -0.4393 0.8618 0.2537
vn -0.7519 0.4961 0.4341
vn -0.1253 -0.9908 0.0519
vn -0.9160 -0.1301 0.3794
vn -0.4687 -0.8618 0.1941
vn -0.8022 -0.4961 0.3323
vn -0.1253 0.9908 0.0519
vn -0.9160 0.1301 0.3794
vn -0.4687 0.8618 0.1941
vn -0.8022 0.4961 0.3323
vn -0.1310 -0.9908 0.0351
vn -0.9577 -0.1301 0.2566
vn -0.4900 -0.8618 0.1313
vn -0.8387 -0.4961 0.2247
vn -0.1310 0.9908 0.0351
vn -0.9577 0.1301 0.2566
vn -0.4900 0.8618 0.1313
vn -0.8387 0.4961 0.2247
vn -0.1344 -0.9908 0.0177
vn -0.9830 -0.1301 0.1294
vn -0.5030 -0.8618 0.0662
vn -0.8608 -0.4961 0.1133
vn -0.1344 0.9908 0.0177
vn -0.9830 0.1301 0.1294
vn -0.5030 0.8618 0.0662
vn -0.8608 0.4961 0.1133
vn -0.1356 -0.9908 -0.0000
vn -0.9915 -0.1301 -0.0000
vn -0.5073 -0.8618 -0.0000
vn -0.8683 -0.4961 -0.0000
vn -0.1356 0.9908 -0.0000
vn -0.9915 0.1301 -0.0000
vn -0.5073 0.8618 -0.0000
vn -0.8683 0.4961 -0.0000
vn -0.1344 -0.9908 -0.0177
vn -0.9830 -0.1301 -0.1294
vn -0.5030 -0.8618 -0.0662
vn -0.8608 -0.4961 -0.1133
vn -0.1344 0.9908 -0.0177
vn -0.9830 0.1301 -0.1294
vn -0.5030 0.8618 -0.0662
vn -0.8608 0.4961 -0.1133
vn -0.1310 -0.9908 -0.0351
vn -0.9577 -0.1301 -0.2566
vn -0.4900 -0.8618 -0.1313
vn -0.8387 -0.4961 -0.2247
vn -0.1310 0.9908 -0.0351
vn -0.9577 0.1301 -0.2566
vn -0.4900 0.8618 -0.1313
vn -0.8387 0.4961 -0.2247
vn -0.1253 -0.9908 -0.0519
vn -0.9160 -0.1301 -0.3794
vn -0.4687 -0.8618 -0.1941
vn -0.8022 -0.4961 -0.3323
vn -0.1253 0.9908 -0.0519
vn -0.9160 0.1301 -0.3794
vn -0.4687 0.8618 -0.1941
vn -0.8022 0.4961 -0.3323
vn -0.1174 -0.9908 -0.0678
vn -0.8587 -0.1301 -0.4958
vn -0.4393 -0.8618 -0.2537
vn -0.7519 -0.4961 -0.4341
vn -0.1174 0.9908 -0.0678
vn -0.8587 0.1301 -0.4958
vn -0.4393 0.8618 -0.2537
vn -0.7519 0.4961 -0.4341
vn -0.1076 -0.9908 -0.0825
vn -0.7866 -0.1301 -0.6036
vn -0.4025 -0.8618 -0.3088
vn -0.6888 -0.4961 -0.5286
vn -0.1076 0.9908 -0.0825
vn -0.7866 0.1301 -0.6036
vn -0.4025 0.8618 -0.3088
vn -0.6889 0.4961 -0.5286
vn -0.0959 -0.9908 -0.0959
vn -0.7011 -0.1301 -0.7011
vn -0.3587 -0.8618 -0.3587
vn -0.6140 -0.4961 -0.6140
vn -0.0959 0.9908 -0.0959
vn -0.7011 0.1301 -0.7011
vn -0.3587 0.8618 -0.3587
vn -0.6140 0.4961 -0.6140
vn -0.0825 -0.9908 -0.1076
vn -0.6036 -0.1301 -0.7866
vn -0.3088 -0.8618 -0.4025
vn -0.5286 -0.4961 -0.6888
vn -0.0825 0.9908 -0.1076
vn -0.6036 0.1301 -0.7866
vn -0.3088 0.8618 -0.4025
vn -0.5286 0.4961 -0.6888
vn -0.0678 -0.9908 -0.1174
vn -0.4958 -0.1301 -0.8587
vn -0.2537 -0.8618 -0.4393
vn -0.4341 -0.4961 -0.7519
vn -0.0678 0.9908 -0.1174
vn -0.4958 0.1301 -0.8587
vn -0.2537 0.8618 -0.4393
vn -0.4341 0.4961 -0.7520
vn -0.0519 -0.9908 -0.1253
vn -0.3794 -0.1301 -0.9160
vn -0.1941 -0.8618 -0.4687
vn -0.3323 -0.4961 -0.8022
vn -0.0519 0.9908 -0.1253
vn -0.3794 0.1301 -0.9160
vn -0.1941 0.8618 -0.4687
vn -0.3323 0.4961 -0.8022
vn -0.0351 -0.9908 -0.1309
vn -0.2566 -0.1301 -0.9577
vn -0.1313 -0.8618 -0.4900
vn -0.2247 -0.4961 -0.8387
vn -0.0351 0.9908 -0.1310
vn -0.2566 0.1301 -0.9577
vn -0.1313 0.8618 -0.4900
vn -0.2247 0.4961 -0.8387
vn -0.0177 -0.9908 -0.1344
vn -0.1294 -0.1301 -0.9830
vn -0.0662 -0.8618 -0.5030
vn -0.1133 -0.4961 -0.8608
vn -0.0177 0.9908 -0.1344
vn -0.1294 0.1301 -0.9830
vn -0.0662 0.8618 -0.5030
vn -0.1133 0.4961 -0.8608
vt 0.516723 0.016125
vt 0.534057 0.033459
vt 0.516723 0.033459
vt 0.516723 0.001430
vt 0.534492 0.015690
vt 0.548753 0.033459
vt 0.542875 0.007307
vt 0.546449 0.016592
vt 0.350250 0.775559
vt 0.332933 0.792893
vt 0.332783 0.775559
vt 0.365359 0.775559
vt 0.350865 0.793328
vt 0.333359 0.807588
vt 0.359742 0.801711
vt 0.350311 0.805285
vt 0.167269 0.279353
vt 0.149935 0.296687
vt 0.149935 0.279353
vt 0.181964 0.279353
vt 0.167704 0.297121
vt 0.149935 0.311382
vt 0.176087 0.305505
vt 0.166802 0.309079
vt 0.332933 0.641749
vt 0.350250 0.659083
vt 0.332783 0.659083
vt 0.333359 0.627054
vt 0.350865 0.641314
vt 0.365359 0.659083
vt 0.359742 0.632931
vt 0.363157 0.642216
vt 0.199519 0.346271
vt 0.216853 0.328937
vt 0.216853 0.346271
vt 0.184824 0.346271
vt 0.199085 0.328502
vt 0.216853 0.314242
vt 0.190701 0.320119
vt 0.199986 0.316545
vt 0.033459 0.296687
vt 0.016125 0.279353
vt 0.033459 0.279353
vt 0.033459 0.311382
vt 0.015690 0.297121
vt 0.001430 0.279353
vt 0.007307 0.305505
vt 0.003733 0.296220
vt 0.534057 0.279353
vt 0.516723 0.296687
vt 0.516723 0.279353
vt 0.548753 0.279353
vt 0.534492 0.297121
vt 0.516723 0.311382
vt 0.542875 0.305505
vt 0.533590 0.309079
vt 0.149935 0.016125
vt 0.167269 0.033459
vt 0.149935 0.033459
vt 0.149935 0.001430
vt 0.167704 0.015690
vt 0.181964 0.033459
vt 0.176087 0.007307
vt 0.179661 0.016592
vt 0.400644 0.948845
vt 0.383326 0.931511
vt 0.400794 0.931511
vt 0.400217 0.963540
vt 0.382711 0.949279
vt 0.368218 0.931511
vt 0.373834 0.957663
vt 0.370419 0.948378
vt 0.216853 0.609499
vt 0.199519 0.592165
vt 0.216853 0.592165
vt 0.216853 0.624194
vt 0.199085 0.609933
vt 0.184824 0.592165
vt 0.190701 0.618317
vt 0.187127 0.609032
vt 0.383326 0.815035
vt 0.400644 0.797701
vt 0.400794 0.815035
vt 0.368218 0.815035
vt 0.382711 0.797266
vt 0.400217 0.783005
vt 0.373834 0.788883
vt 0.383266 0.785309
vt 0.016125 0.033459
vt 0.033459 0.016125
vt 0.033459 0.033459
vt 0.001430 0.033459
vt 0.015691 0.015690
vt 0.033459 0.001430
vt 0.007307 0.007307
vt 0.016592 0.003733
vt 0.382913 0.033459
vt 0.400247 0.016125
vt 0.400247 0.033459
vt 0.368218 0.033459
vt 0.382479 0.015690
vt 0.400247 0.001430
vt 0.374095 0.007307
vt 0.383380 0.003733
vt 0.333329 0.016125
vt 0.350663 0.033459
vt 0.333329 0.033459
vt 0.333329 0.001430
vt 0.351098 0.015690
vt 0.365359 0.033459
vt 0.359481 0.007307
vt 0.363055 0.016592
vt 0.216567 0.792893
vt 0.199249 0.775559
vt 0.216417 0.775559
vt 0.216994 0.807588
vt 0.198996 0.793328
vt 0.184994 0.775559
vt 0.191122 0.801711
vt 0.187396 0.792426
vt 0.333329 0.328937
vt 0.350663 0.346271
vt 0.333329 0.346271
vt 0.333329 0.314242
vt 0.351098 0.328502
vt 0.365359 0.346271
vt 0.359481 0.320119
vt 0.363055 0.329404
vt 0.199249 0.659083
vt 0.216567 0.641749
vt 0.216417 0.659083
vt 0.184994 0.659083
vt 0.198996 0.641314
vt 0.216994 0.627054
vt 0.191122 0.632931
vt 0.200243 0.629357
vt 0.199519 0.033459
vt 0.216853 0.016125
vt 0.216853 0.033459
vt 0.184824 0.033459
vt 0.199085 0.015690
vt 0.216853 0.001430
vt 0.190701 0.007307
vt 0.199986 0.003733
vt 0.400247 0.296687
vt 0.382913 0.279353
vt 0.400247 0.279353
vt 0.400247 0.311382
vt 0.382479 0.297121
vt 0.368218 0.279353
vt 0.374095 0.305505
vt 0.370521 0.296220
vt 0.534328 0.931511
vt 0.517010 0.948845
vt 0.517160 0.931511
vt 0.548582 0.931511
vt 0.534581 0.949279
vt 0.516583 0.963540
vt 0.542455 0.957663
vt 0.533334 0.961237
vt 0.350663 0.279353
vt 0.333329 0.296687
vt 0.333329 0.279353
vt 0.365358 0.279353
vt 0.351098 0.297121
vt 0.333329 0.311382
vt 0.359481 0.305505
vt 0.350196 0.309079
vt 0.350663 0.592165
vt 0.333329 0.609499
vt 0.333329 0.592165
vt 0.365359 0.592165
vt 0.351098 0.609933
vt 0.333329 0.624194
vt 0.359481 0.618317
vt 0.350196 0.621891
vt 0.216853 0.296687
vt 0.199519 0.279353
vt 0.216853 0.279353
vt 0.216853 0.311382
vt 0.199085 0.297121
vt 0.184824 0.279353
vt 0.190701 0.305505
vt 0.187127 0.296220
vt 0.517010 0.797701
vt 0.534328 0.815035
vt 0.517160 0.815035
vt 0.516583 0.783005
vt 0.534581 0.797266
vt 0.548582 0.815035
vt 0.542455 0.788883
vt 0.546181 0.798168
vt 0.799699 0.012978
vt 0.808990 0.006464
vt 0.808990 0.013005
vt 0.799926 0.006439
vt 0.808990 0.001526
vt 0.993399 0.221060
vt 0.987467 0.212616
vt 0.993952 0.212616
vt 0.808990 0.439680
vt 0.799926 0.446043
vt 0.799699 0.439654
vt 0.040010 0.799492
vt 0.049928 0.800511
vt 0.042109 0.803750
vt 0.044978 0.809566
vt 0.790567 0.012899
vt 0.791017 0.006362
vt 0.800545 0.001501
vt 0.991748 0.229360
vt 0.986969 0.220214
vt 0.791017 0.445966
vt 0.790567 0.439575
vt 0.032143 0.804034
vt 0.034781 0.807981
vt 0.038383 0.813373
vt 0.781750 0.012769
vt 0.993413 0.239190
vt 0.996333 0.230589
vt 0.983036 0.234892
vt 0.985484 0.227682
vt 0.782415 0.445840
vt 0.781750 0.439445
vt 0.028067 0.813133
vt 0.024937 0.809564
vt 0.032343 0.818008
vt 0.773400 0.012590
vt 0.782415 0.006235
vt 0.989396 0.247337
vt 0.989027 0.237374
vt 0.979669 0.241721
vt 0.774269 0.445665
vt 0.773400 0.439266
vt 0.022083 0.819117
vt 0.018514 0.815987
vt 0.026959 0.823392
vt 0.765658 0.012365
vt 0.774269 0.006060
vt 0.980583 0.252000
vt 0.985285 0.244963
vt 0.975438 0.248052
vt 0.766716 0.445446
vt 0.765658 0.439041
vt 0.016931 0.825830
vt 0.012984 0.823193
vt 0.022323 0.829433
vt 0.758658 0.012099
vt 0.766716 0.005841
vt 0.978360 0.261719
vt 0.984349 0.254890
vt 0.970418 0.253777
vt 0.758658 0.438774
vt 0.759887 0.445185
vt 0.012700 0.833159
vt 0.008442 0.831060
vt 0.018516 0.836027
vt 0.645275 0.486138
vt 0.651047 0.479667
vt 0.652276 0.486138
vt 0.971531 0.267708
vt 0.975003 0.258362
vt 0.968641 0.263942
vt 0.645275 0.913217
vt 0.651047 0.919688
vt 0.644218 0.919688
vt 0.004966 0.839452
vt 0.009462 0.840977
vt 0.015602 0.843062
vt 0.637534 0.486138
vt 0.644218 0.479667
vt 0.963978 0.272755
vt 0.961604 0.268643
vt 0.964693 0.258797
vt 0.637534 0.913217
vt 0.636665 0.919688
vt 0.007271 0.849152
vt 0.002615 0.848226
vt 0.013632 0.850417
vt 0.629183 0.486138
vt 0.636665 0.479667
vt 0.955831 0.276772
vt 0.954015 0.272386
vt 0.958362 0.263027
vt 0.628518 0.919688
vt 0.629183 0.913217
vt 0.001430 0.857231
vt 0.006167 0.857542
vt 0.012638 0.857966
vt 0.619917 0.479667
vt 0.628518 0.479667
vt 0.947230 0.279692
vt 0.946001 0.275106
vt 0.951533 0.266395
vt 0.619917 0.919688
vt 0.620367 0.913217
vt 0.006167 0.866004
vt 0.001430 0.866315
vt 0.012638 0.865580
vt 0.620367 0.486138
vt 0.611008 0.479667
vt 0.937701 0.276757
vt 0.936855 0.270328
vt 0.944323 0.268843
vt 0.611008 0.919688
vt 0.611235 0.913217
vt 0.007271 0.874394
vt 0.002615 0.875320
vt 0.013632 0.873129
vt 0.611235 0.486138
vt 0.601944 0.479667
vt 0.938321 0.281464
vt 0.929257 0.277311
vt 0.929257 0.270826
vt 0.601944 0.919688
vt 0.601944 0.913217
vt 0.009462 0.882569
vt 0.004966 0.884094
vt 0.015602 0.880484
vt 0.592653 0.486138
vt 0.601944 0.486138
vt 0.920193 0.281464
vt 0.929257 0.282058
vt 0.920813 0.276757
vt 0.592653 0.913217
vt 0.592880 0.919688
vt 0.008442 0.892487
vt 0.012700 0.890387
vt 0.018516 0.887519
vt 0.583521 0.486138
vt 0.592880 0.479667
vt 0.911284 0.279692
vt 0.912513 0.275106
vt 0.921659 0.270328
vt 0.583521 0.913217
vt 0.583971 0.919688
vt 0.012984 0.900353
vt 0.016931 0.897716
vt 0.022323 0.894113
vt 0.574704 0.486138
vt 0.583971 0.479667
vt 0.904499 0.272386
vt 0.914191 0.268843
vt 0.574704 0.913217
vt 0.575369 0.919688
vt 0.022083 0.904429
vt 0.018514 0.907559
vt 0.026959 0.900154
vt 0.566354 0.486138
vt 0.575369 0.479667
vt 0.902683 0.276772
vt 0.896909 0.268643
vt 0.900152 0.263027
vt 0.906981 0.266395
vt 0.567223 0.919688
vt 0.566354 0.913217
vt 0.028067 0.910413
vt 0.024937 0.913982
vt 0.032343 0.905538
vt 0.559670 0.479667
vt 0.567223 0.479667
vt 0.886983 0.267708
vt 0.894536 0.272755
vt 0.893821 0.258797
vt 0.559670 0.919688
vt 0.558612 0.913217
vt 0.034781 0.915565
vt 0.032143 0.919512
vt 0.038383 0.910173
vt 0.558612 0.486138
vt 0.552841 0.479667
vt 0.883511 0.258362
vt 0.889873 0.263942
vt 0.888096 0.253777
vt 0.552841 0.919688
vt 0.551612 0.913217
vt 0.042109 0.919796
vt 0.040010 0.924054
vt 0.044978 0.913980
vt 0.859321 0.459598
vt 0.851264 0.453340
vt 0.858093 0.453079
vt 0.880154 0.261719
vt 0.877931 0.252000
vt 0.859321 0.886273
vt 0.851263 0.892945
vt 0.852321 0.886540
vt 0.048402 0.927530
vt 0.049928 0.923035
vt 0.052012 0.916894
vt 0.852321 0.459864
vt 0.843711 0.453559
vt 0.869118 0.247337
vt 0.874165 0.254890
vt 0.873229 0.244963
vt 0.883076 0.248052
vt 0.843711 0.893164
vt 0.844580 0.886765
vt 0.057176 0.929881
vt 0.058102 0.925225
vt 0.059367 0.918865
vt 0.844580 0.460089
vt 0.835564 0.453734
vt 0.869487 0.237374
vt 0.878845 0.241721
vt 0.835564 0.893339
vt 0.836229 0.886944
vt 0.066182 0.931067
vt 0.066492 0.926329
vt 0.066916 0.919859
vt 0.836229 0.460268
vt 0.826963 0.453861
vt 0.865101 0.239190
vt 0.866766 0.229360
vt 0.875478 0.234892
vt 0.826963 0.893465
vt 0.827412 0.887074
vt 0.075265 0.931067
vt 0.074955 0.926329
vt 0.074530 0.919859
vt 0.818281 0.460477
vt 0.827412 0.460398
vt 0.817434 0.449001
vt 0.825734 0.448929
vt 0.871545 0.220214
vt 0.873030 0.227682
vt 0.818054 0.893542
vt 0.818281 0.887153
vt 0.083345 0.925225
vt 0.084271 0.929881
vt 0.082080 0.918865
vt 0.808990 0.460504
vt 0.818054 0.453938
vt 0.808990 0.449025
vt 0.864562 0.212616
vt 0.865115 0.221060
vt 0.808990 0.893568
vt 0.808990 0.887179
vt 0.091519 0.923035
vt 0.093045 0.927530
vt 0.089434 0.916894
vt 0.799699 0.460477
vt 0.808990 0.453963
vt 0.799926 0.453938
vt 0.865115 0.204171
vt 0.871047 0.212616
vt 0.799926 0.893542
vt 0.799699 0.887153
vt 0.101437 0.924054
vt 0.099337 0.919796
vt 0.096469 0.913980
vt 0.790567 0.460398
vt 0.791017 0.453861
vt 0.800545 0.449001
vt 0.866766 0.195872
vt 0.871545 0.205018
vt 0.791017 0.893465
vt 0.790567 0.887074
vt 0.109303 0.919512
vt 0.106666 0.915565
vt 0.103063 0.910173
vt 0.781750 0.460268
vt 0.862181 0.194643
vt 0.869487 0.187858
vt 0.875478 0.190340
vt 0.873030 0.197550
vt 0.781750 0.886944
vt 0.782415 0.893339
vt 0.116510 0.913982
vt 0.113380 0.910413
vt 0.109104 0.905538
vt 0.773400 0.460089
vt 0.782415 0.453734
vt 0.865101 0.186041
vt 0.873229 0.180268
vt 0.878845 0.183511
vt 0.773400 0.886765
vt 0.774269 0.893164
vt 0.122933 0.907559
vt 0.119364 0.904429
vt 0.114488 0.900154
vt 0.765658 0.459864
vt 0.774269 0.453559
vt 0.869118 0.177895
vt 0.877931 0.173232
vt 0.883076 0.177180
vt 0.765658 0.886540
vt 0.766716 0.892945
vt 0.124515 0.897716
vt 0.128462 0.900353
vt 0.119123 0.894113
vt 0.758658 0.459598
vt 0.766716 0.453340
vt 0.874165 0.170342
vt 0.883511 0.166870
vt 0.888096 0.171455
vt 0.758658 0.886273
vt 0.759887 0.892684
vt 0.133004 0.892487
vt 0.128747 0.890387
vt 0.122931 0.887519
vt 0.662135 0.913217
vt 0.656364 0.919688
vt 0.655135 0.913217
vt 0.886983 0.157524
vt 0.880154 0.163513
vt 0.889873 0.161290
vt 0.662135 0.486138
vt 0.656364 0.479667
vt 0.663193 0.479667
vt 0.136480 0.884094
vt 0.131985 0.882569
vt 0.125844 0.880484
vt 0.669877 0.913217
vt 0.663193 0.919688
vt 0.894536 0.152477
vt 0.896909 0.156588
vt 0.893821 0.166435
vt 0.669877 0.486138
vt 0.670746 0.479667
vt 0.134175 0.874394
vt 0.138831 0.875320
vt 0.127815 0.873129
vt 0.678227 0.913217
vt 0.670746 0.919688
vt 0.902683 0.148460
vt 0.904499 0.152845
vt 0.900152 0.162204
vt 0.678892 0.479667
vt 0.678227 0.486138
vt 0.140017 0.866315
vt 0.135280 0.866004
vt 0.128809 0.865580
vt 0.687494 0.919688
vt 0.678892 0.919688
vt 0.911284 0.145540
vt 0.912513 0.150125
vt 0.906981 0.158837
vt 0.687494 0.479667
vt 0.687044 0.486138
vt 0.140017 0.857231
vt 0.135280 0.857542
vt 0.128809 0.857966
vt 0.687044 0.913217
vt 0.696403 0.919688
vt 0.920813 0.148474
vt 0.921659 0.154904
vt 0.914191 0.156389
vt 0.696403 0.479667
vt 0.696176 0.486138
vt 0.134175 0.849152
vt 0.138831 0.848225
vt 0.127815 0.850417
vt 0.696176 0.913217
vt 0.705467 0.919688
vt 0.920193 0.143768
vt 0.929257 0.147921
vt 0.929257 0.154406
vt 0.705467 0.479667
vt 0.705467 0.486138
vt 0.131985 0.840977
vt 0.136480 0.839451
vt 0.125844 0.843062
vt 0.714758 0.913217
vt 0.705467 0.913217
vt 0.938321 0.143768
vt 0.929257 0.143174
vt 0.937701 0.148474
vt 0.714758 0.486138
vt 0.714531 0.479667
vt 0.133004 0.831059
vt 0.128747 0.833159
vt 0.122930 0.836027
vt 0.723889 0.913217
vt 0.714531 0.919688
vt 0.947230 0.145540
vt 0.946001 0.150125
vt 0.936855 0.154904
vt 0.723889 0.486138
vt 0.723440 0.479667
vt 0.128462 0.823193
vt 0.124515 0.825830
vt 0.119123 0.829433
vt 0.732706 0.913217
vt 0.723440 0.919688
vt 0.955831 0.148460
vt 0.954015 0.152845
vt 0.944323 0.156389
vt 0.732706 0.486138
vt 0.732041 0.479667
vt 0.119364 0.819117
vt 0.122933 0.815987
vt 0.114488 0.823392
vt 0.741057 0.913217
vt 0.732041 0.919688
vt 0.961604 0.156588
vt 0.951533 0.158837
vt 0.740188 0.479667
vt 0.741057 0.486138
vt 0.113380 0.813133
vt 0.116510 0.809564
vt 0.109104 0.818008
vt 0.747741 0.919688
vt 0.740188 0.919688
vt 0.971531 0.157524
vt 0.963978 0.152477
vt 0.964693 0.166435
vt 0.958362 0.162204
vt 0.747741 0.479667
vt 0.748798 0.486138
vt 0.106666 0.807981
vt 0.109303 0.804034
vt 0.103063 0.813373
vt 0.748798 0.913217
vt 0.754570 0.919688
vt 0.975003 0.166870
vt 0.968641 0.161290
vt 0.754570 0.479667
vt 0.755799 0.486138
vt 0.099337 0.803750
vt 0.101437 0.799492
vt 0.096469 0.809566
vt 0.859321 0.012099
vt 0.851263 0.005841
vt 0.858093 0.005580
vt 0.984349 0.170342
vt 0.978360 0.163513
vt 0.980583 0.173232
vt 0.970418 0.171455
vt 0.859321 0.438774
vt 0.851263 0.445446
vt 0.852321 0.439041
vt 0.091519 0.800511
vt 0.093045 0.796016
vt 0.089434 0.806652
vt 0.844580 0.012590
vt 0.852321 0.012365
vt 0.989396 0.177895
vt 0.985285 0.180268
vt 0.975438 0.177180
vt 0.843711 0.445665
vt 0.844580 0.439265
vt 0.084271 0.793665
vt 0.083345 0.798321
vt 0.082080 0.804681
vt 0.836229 0.012769
vt 0.843711 0.006060
vt 0.993413 0.186041
vt 0.989027 0.187858
vt 0.979669 0.183511
vt 0.835564 0.445840
vt 0.836229 0.439445
vt 0.074955 0.797216
vt 0.075265 0.792479
vt 0.074530 0.803687
vt 0.827412 0.012899
vt 0.835564 0.006235
vt 0.996333 0.194643
vt 0.991748 0.195872
vt 0.983036 0.190340
vt 0.826963 0.445966
vt 0.827412 0.439575
vt 0.066492 0.797216
vt 0.066182 0.792479
vt 0.066916 0.803687
vt 0.818281 0.012978
vt 0.826963 0.006362
vt 0.817434 0.001501
vt 0.825734 0.001430
vt 0.986969 0.205018
vt 0.985484 0.197550
vt 0.818054 0.446043
vt 0.818281 0.439654
vt 0.058102 0.798321
vt 0.057176 0.793665
vt 0.059367 0.804681
vt 0.818054 0.006439
vt 0.993399 0.204171
vt 0.808990 0.446069
vt 0.048402 0.796016
vt 0.052012 0.806652
vt 0.652276 0.913217
vt 0.551612 0.486138
vt 0.755799 0.913217
vt 0.696176 0.012638
vt 0.705467 0.006167
vt 0.705467 0.012638
vt 0.697022 0.001430
vt 0.705467 0.001430
vt 0.287340 0.944032
vt 0.295701 0.938100
vt 0.295776 0.944585
vt 0.696176 0.465600
vt 0.705467 0.472071
vt 0.696403 0.472071
vt 0.705467 0.476808
vt 0.697022 0.476808
vt 0.940200 0.135014
vt 0.931839 0.129082
vt 0.939430 0.128584
vt 0.687494 0.006167
vt 0.696403 0.006167
vt 0.278026 0.946966
vt 0.286926 0.948738
vt 0.279047 0.942381
vt 0.288110 0.937602
vt 0.687494 0.472071
vt 0.687044 0.465600
vt 0.949514 0.137948
vt 0.948492 0.133363
vt 0.946891 0.127099
vt 0.678227 0.012638
vt 0.687044 0.012638
vt 0.269433 0.944046
vt 0.271042 0.939660
vt 0.280649 0.936117
vt 0.678227 0.465600
vt 0.678892 0.472071
vt 0.958107 0.135028
vt 0.956498 0.130642
vt 0.954094 0.124651
vt 0.669877 0.012638
vt 0.678892 0.006167
vt 0.263459 0.935918
vt 0.266623 0.930302
vt 0.273446 0.933669
vt 0.669877 0.465600
vt 0.670746 0.472071
vt 0.964080 0.126900
vt 0.966246 0.131011
vt 0.960916 0.121284
vt 0.662135 0.012638
vt 0.670746 0.006167
vt 0.253748 0.934982
vt 0.261294 0.940029
vt 0.260298 0.926071
vt 0.662135 0.465600
vt 0.663193 0.472071
vt 0.971110 0.122198
vt 0.973791 0.125964
vt 0.967241 0.117053
vt 0.655135 0.012638
vt 0.663193 0.006167
vt 0.250073 0.925636
vt 0.256429 0.931216
vt 0.254579 0.921051
vt 0.656364 0.472071
vt 0.655135 0.465600
vt 0.977467 0.116618
vt 0.980614 0.119975
vt 0.972961 0.112033
vt 0.551612 0.465600
vt 0.559670 0.472071
vt 0.552841 0.472071
vt 0.240942 0.922164
vt 0.246925 0.928993
vt 0.244498 0.919274
vt 0.551612 0.012638
vt 0.559670 0.006167
vt 0.558612 0.012638
vt 0.986598 0.113146
vt 0.983041 0.110256
vt 0.977977 0.106308
vt 0.566354 0.465600
vt 0.558612 0.465600
vt 0.235900 0.914611
vt 0.239801 0.912238
vt 0.249563 0.915326
vt 0.567223 0.006167
vt 0.566354 0.012638
vt 0.991639 0.105593
vt 0.987738 0.103219
vt 0.982203 0.099977
vt 0.575369 0.472071
vt 0.567223 0.472071
vt 0.231886 0.906464
vt 0.236062 0.904648
vt 0.245337 0.908995
vt 0.575369 0.006167
vt 0.574704 0.012638
vt 0.995653 0.097446
vt 0.991477 0.095630
vt 0.985567 0.093148
vt 0.583521 0.465600
vt 0.574705 0.465600
vt 0.233344 0.896634
vt 0.241972 0.902166
vt 0.583521 0.012638
vt 0.583971 0.006167
vt 0.994195 0.087616
vt 0.998570 0.088845
vt 0.988012 0.085938
vt 0.592880 0.472071
vt 0.583971 0.472071
vt 0.593499 0.476808
vt 0.585200 0.476808
vt 0.238043 0.887488
vt 0.239527 0.894956
vt 0.592880 0.006167
vt 0.592653 0.012638
vt 0.593499 0.001430
vt 0.989497 0.078470
vt 0.995844 0.079316
vt 0.601944 0.465600
vt 0.592653 0.465600
vt 0.601944 0.476808
vt 0.231142 0.879890
vt 0.231695 0.888334
vt 0.601944 0.012638
vt 0.601944 0.006167
vt 0.601944 0.001430
vt 0.989994 0.070872
vt 0.996397 0.070872
vt 0.611008 0.472071
vt 0.601944 0.472071
vt 0.231695 0.871446
vt 0.237545 0.879890
vt 0.611008 0.006167
vt 0.611235 0.012638
vt 0.610388 0.001430
vt 0.989497 0.063274
vt 0.995844 0.062428
vt 0.620367 0.465600
vt 0.611235 0.465600
vt 0.619917 0.472071
vt 0.610388 0.476808
vt 0.233344 0.863146
vt 0.238043 0.872292
vt 0.620367 0.012638
vt 0.619917 0.006167
vt 0.618688 0.001430
vt 0.994195 0.054128
vt 0.988012 0.055806
vt 0.628518 0.472071
vt 0.231886 0.853316
vt 0.228969 0.861917
vt 0.241972 0.857614
vt 0.239527 0.864824
vt 0.628518 0.006167
vt 0.629183 0.012638
vt 0.995653 0.044298
vt 0.991477 0.046114
vt 0.985567 0.048596
vt 0.637534 0.465600
vt 0.629183 0.465600
vt 0.239801 0.847543
vt 0.236062 0.855132
vt 0.245337 0.850785
vt 0.637534 0.012638
vt 0.636665 0.006167
vt 0.987738 0.038524
vt 0.991639 0.036151
vt 0.982203 0.041767
vt 0.645275 0.465600
vt 0.636665 0.472071
vt 0.235900 0.845169
vt 0.244498 0.840506
vt 0.249563 0.844454
vt 0.644218 0.006167
vt 0.645275 0.012638
vt 0.983041 0.031488
vt 0.986598 0.028598
vt 0.977977 0.035436
vt 0.652276 0.465600
vt 0.644218 0.472071
vt 0.240942 0.837616
vt 0.250073 0.834144
vt 0.254579 0.838729
vt 0.652276 0.012638
vt 0.651047 0.006167
vt 0.977467 0.025126
vt 0.980614 0.021769
vt 0.972961 0.029711
vt 0.095093 0.325450
vt 0.100865 0.318979
vt 0.102093 0.325450
vt 0.253748 0.824798
vt 0.246925 0.830787
vt 0.256429 0.828564
vt 0.102093 0.778412
vt 0.094035 0.784883
vt 0.095093 0.778412
vt 0.973791 0.015780
vt 0.971110 0.019546
vt 0.967241 0.024691
vt 0.086483 0.318979
vt 0.094035 0.318979
vt 0.261294 0.819751
vt 0.263459 0.823862
vt 0.260298 0.833709
vt 0.086483 0.784883
vt 0.087351 0.778412
vt 0.964080 0.014844
vt 0.966246 0.010733
vt 0.960916 0.020460
vt 0.087351 0.325450
vt 0.078336 0.318979
vt 0.269433 0.815734
vt 0.271042 0.820120
vt 0.266623 0.829479
vt 0.078336 0.784883
vt 0.079001 0.778412
vt 0.958107 0.006716
vt 0.956498 0.011102
vt 0.954094 0.017093
vt 0.079001 0.325450
vt 0.069734 0.318979
vt 0.279047 0.817399
vt 0.280649 0.823663
vt 0.273446 0.826111
vt 0.069734 0.784883
vt 0.070184 0.778412
vt 0.948492 0.008381
vt 0.949514 0.003796
vt 0.946891 0.014645
vt 0.061052 0.325450
vt 0.070184 0.325450
vt 0.278026 0.812814
vt 0.287340 0.815749
vt 0.288110 0.822178
vt 0.061052 0.778412
vt 0.060825 0.784883
vt 0.940200 0.006730
vt 0.940613 0.002024
vt 0.939430 0.013160
vt 0.051761 0.318979
vt 0.060825 0.318979
vt 0.051761 0.314242
vt 0.060206 0.314242
vt 0.295701 0.821680
vt 0.051761 0.784883
vt 0.051761 0.778412
vt 0.060206 0.789620
vt 0.051761 0.789620
vt 0.931839 0.012662
vt 0.931763 0.006177
vt 0.042471 0.325450
vt 0.051761 0.325450
vt 0.305037 0.811042
vt 0.295776 0.815195
vt 0.295982 0.810448
vt 0.303291 0.822178
vt 0.042471 0.778412
vt 0.042697 0.784883
vt 0.931558 0.001430
vt 0.923327 0.006730
vt 0.922502 0.002024
vt 0.924248 0.013160
vt 0.033788 0.318979
vt 0.042697 0.318979
vt 0.313938 0.812814
vt 0.304212 0.815749
vt 0.312504 0.817399
vt 0.033788 0.784883
vt 0.033339 0.778412
vt 0.913602 0.003796
vt 0.915035 0.008381
vt 0.916787 0.014645
vt 0.033339 0.325450
vt 0.025187 0.318979
vt 0.322531 0.815734
vt 0.320510 0.820120
vt 0.310752 0.823663
vt 0.024522 0.778412
vt 0.025187 0.784883
vt 0.905008 0.006716
vt 0.907029 0.011102
vt 0.909584 0.017093
vt 0.024522 0.325450
vt 0.017040 0.318979
vt 0.328093 0.823862
vt 0.317956 0.826111
vt 0.016172 0.778412
vt 0.017040 0.784883
vt 0.899447 0.014844
vt 0.896869 0.010733
vt 0.902761 0.020460
vt 0.008430 0.325450
vt 0.016172 0.325450
vt 0.338216 0.824798
vt 0.330670 0.819751
vt 0.331103 0.833709
vt 0.324778 0.829479
vt 0.008430 0.778412
vt 0.009488 0.784883
vt 0.892417 0.019546
vt 0.889324 0.015780
vt 0.896436 0.024691
vt 0.002658 0.318979
vt 0.009488 0.318979
vt 0.341479 0.834144
vt 0.335123 0.828564
vt 0.336823 0.838729
vt 0.002658 0.784883
vt 0.001430 0.778412
vt 0.886060 0.025126
vt 0.882501 0.021769
vt 0.890717 0.029711
vt 0.468881 0.320713
vt 0.460823 0.314242
vt 0.467653 0.314242
vt 0.351022 0.837616
vt 0.345039 0.830787
vt 0.347053 0.840506
vt 0.468881 0.773675
vt 0.460823 0.780146
vt 0.461881 0.773675
vt 0.876517 0.028598
vt 0.880486 0.031488
vt 0.885701 0.035436
vt 0.454140 0.320713
vt 0.461881 0.320713
vt 0.356064 0.845169
vt 0.351751 0.847543
vt 0.341838 0.844454
vt 0.453271 0.780146
vt 0.454140 0.773675
vt 0.871476 0.036151
vt 0.875789 0.038524
vt 0.881475 0.041767
vt 0.445124 0.314242
vt 0.453271 0.314242
vt 0.360078 0.853316
vt 0.355490 0.855132
vt 0.346065 0.850785
vt 0.445124 0.780146
vt 0.445789 0.773675
vt 0.867462 0.044298
vt 0.872050 0.046114
vt 0.878110 0.048596
vt 0.436972 0.320713
vt 0.445789 0.320713
vt 0.358208 0.863146
vt 0.349429 0.857614
vt 0.436972 0.773675
vt 0.436523 0.780146
vt 0.869332 0.054128
vt 0.864545 0.052899
vt 0.875665 0.055806
vt 0.427614 0.314242
vt 0.436523 0.314242
vt 0.362995 0.861917
vt 0.359857 0.871446
vt 0.353358 0.872292
vt 0.351874 0.864824
vt 0.427614 0.780146
vt 0.427841 0.773675
vt 0.867683 0.062428
vt 0.862774 0.061808
vt 0.874181 0.063274
vt 0.418550 0.320713
vt 0.427841 0.320713
vt 0.364765 0.870826
vt 0.360410 0.879890
vt 0.418550 0.773675
vt 0.418550 0.780146
vt 0.867130 0.070872
vt 0.862181 0.070872
vt 0.873684 0.070872
vt 0.409486 0.314242
vt 0.418550 0.314242
vt 0.364765 0.888954
vt 0.365358 0.879890
vt 0.359857 0.888334
vt 0.353856 0.879890
vt 0.409486 0.780146
vt 0.409259 0.773675
vt 0.862774 0.079936
vt 0.867683 0.079316
vt 0.874181 0.078470
vt 0.400127 0.320713
vt 0.409259 0.320713
vt 0.362995 0.897863
vt 0.358208 0.896634
vt 0.353358 0.887488
vt 0.400127 0.773675
vt 0.400577 0.780146
vt 0.864545 0.088845
vt 0.869332 0.087616
vt 0.875665 0.085938
vt 0.391975 0.314242
vt 0.400577 0.314242
vt 0.360078 0.906464
vt 0.349429 0.902166
vt 0.351874 0.894956
vt 0.391975 0.780146
vt 0.391310 0.773675
vt 0.867462 0.097446
vt 0.872050 0.095630
vt 0.878110 0.093148
vt 0.382960 0.320713
vt 0.391310 0.320713
vt 0.351751 0.912238
vt 0.355490 0.904648
vt 0.346065 0.908995
vt 0.382960 0.773675
vt 0.383829 0.780146
vt 0.875789 0.103219
vt 0.871476 0.105593
vt 0.881475 0.099977
vt 0.375218 0.320713
vt 0.383829 0.314242
vt 0.356064 0.914611
vt 0.347053 0.919274
vt 0.341838 0.915326
vt 0.376276 0.780146
vt 0.375218 0.773675
vt 0.880486 0.110256
vt 0.876517 0.113146
vt 0.885701 0.106308
vt 0.368218 0.320713
vt 0.376276 0.314242
vt 0.351022 0.922164
vt 0.341479 0.925636
vt 0.336823 0.921051
vt 0.368218 0.773675
vt 0.369447 0.780146
vt 0.886060 0.116618
vt 0.882501 0.119975
vt 0.890717 0.112033
vt 0.748798 0.012638
vt 0.754570 0.006167
vt 0.755799 0.012638
vt 0.338216 0.934982
vt 0.345039 0.928993
vt 0.335123 0.931216
vt 0.748798 0.465600
vt 0.754570 0.472071
vt 0.747741 0.472071
vt 0.889324 0.125964
vt 0.892417 0.122198
vt 0.896436 0.117053
vt 0.740188 0.006167
vt 0.747741 0.006167
vt 0.330670 0.940029
vt 0.328093 0.935918
vt 0.331103 0.926071
vt 0.740188 0.472071
vt 0.741057 0.465600
vt 0.899447 0.126900
vt 0.896869 0.131011
vt 0.902761 0.121284
vt 0.741057 0.012638
vt 0.732041 0.006167
vt 0.322531 0.944046
vt 0.320510 0.939660
vt 0.324778 0.930302
vt 0.732706 0.465600
vt 0.732041 0.472071
vt 0.905008 0.135028
vt 0.907029 0.130642
vt 0.909584 0.124651
vt 0.732706 0.012638
vt 0.723440 0.006167
vt 0.312504 0.942381
vt 0.310752 0.936117
vt 0.317956 0.933669
vt 0.723889 0.465600
vt 0.723440 0.472071
vt 0.915035 0.133363
vt 0.913602 0.137948
vt 0.916787 0.127099
vt 0.714758 0.012638
vt 0.723889 0.012638
vt 0.313938 0.946966
vt 0.304212 0.944032
vt 0.303291 0.937602
vt 0.714758 0.465600
vt 0.714531 0.472071
vt 0.923327 0.135014
vt 0.922502 0.139720
vt 0.924248 0.128584
vt 0.714531 0.006167
vt 0.295982 0.949332
vt 0.305037 0.948738
vt 0.705467 0.465600
vt 0.931763 0.135567
vt 0.931558 0.140314
vt 0.001430 0.325450
vt 0.755799 0.465600
vt 0.533590 0.003733
vt 0.363157 0.792426
vt 0.179661 0.296220
vt 0.350311 0.629357
vt 0.187127 0.329404
vt 0.016592 0.309079
vt 0.546449 0.296220
vt 0.166802 0.003733
vt 0.383266 0.961237
vt 0.199986 0.621891
vt 0.370419 0.798168
vt 0.003733 0.016592
vt 0.370521 0.016592
vt 0.350196 0.003733
vt 0.200243 0.805285
vt 0.350196 0.316545
vt 0.187396 0.642216
vt 0.187127 0.016592
vt 0.383380 0.309079
vt 0.546181 0.948378
vt 0.363055 0.296220
vt 0.363055 0.609032
vt 0.199986 0.309079
vt 0.533334 0.785309
vt 0.792245 0.001430
vt 0.759887 0.005580
vt 0.858093 0.892684
vt 0.862181 0.230589
vt 0.792245 0.448929
vt 0.759887 0.453079
vt 0.655135 0.486138
vt 0.858093 0.445185
vt 0.940613 0.139720
vt 0.656364 0.006167
vt 0.552841 0.006167
vt 0.228969 0.897863
vt 0.585200 0.001430
vt 0.618688 0.476808
vt 0.998570 0.052899
vt 0.651047 0.472071
vt 0.100865 0.784883
vt 0.286926 0.811042
vt 0.467653 0.780146
vt 0.369447 0.314242
s 1
usemtl ankle_mat
f 4/1/4 6/2/6 1/3/1
f 5/4/5 7/5/7 4/1/4
f 7/5/7 16/6/16 6/2/6
f 7/5/7 9/7/9 19/8/19
f 10/9/10 12/10/12 2/11/2
f 11/12/11 13/13/13 10/9/10
f 13/13/13 5/14/5 12/10/12
f 13/13/13 9/15/9 8/16/8
f 15/17/15 17/18/17 3/19/3
f 16/20/16 18/21/18 15/17/15
f 18/21/18 11/22/11 17/18/17
f 18/21/18 9/23/9 14/24/14
f 23/25/23 25/26/25 20/27/20
f 24/28/24 26/29/26 23/25/23
f 26/29/26 35/30/35 25/26/25
f 26/29/26 28/31/28 38/32/38
f 29/33/29 31/34/31 21/35/21
f 30/36/30 32/37/32 29/33/29
f 32/37/32 24/38/24 31/34/31
f 32/37/32 28/39/28 27/40/27
f 34/41/34 36/42/36 22/43/22
f 35/44/35 37/45/37 34/41/34
f 37/45/37 30/46/30 36/42/36
f 37/45/37 28/47/28 33/48/33
f 42/49/42 44/50/44 39/51/39
f 43/52/43 45/53/45 42/49/42
f 45/53/45 54/54/54 44/50/44
f 45/53/45 47/55/47 57/56/57
f 48/57/48 50/58/50 40/59/40
f 49/60/49 51/61/51 48/57/48
f 51/61/51 43/62/43 50/58/50
f 51/61/51 47/63/47 46/64/46
f 53/65/53 55/66/55 41/67/41
f 54/68/54 56/69/56 53/65/53
f 56/69/56 49/70/49 55/66/55
f 56/69/56 47/71/47 52/72/52
f 61/73/61 63/74/63 58/75/58
f 62/76/62 64/77/64 61/73/61
f 64/77/64 73/78/73 63/74/63
f 64/77/64 66/79/66 76/80/76
f 67/81/67 69/82/69 59/83/59
f 68/84/68 70/85/70 67/81/67
f 70/85/70 62/86/62 69/82/69
f 70/85/70 66/87/66 65/88/65
f 72/89/72 74/90/74 60/91/60
f 73/92/73 75/93/75 72/89/72
f 75/93/75 68/94/68 74/90/74
f 75/93/75 66/95/66 71/96/71
f 80/97/80 82/98/82 77/99/77
f 81/100/81 83/101/83 80/97/80
f 83/101/83 92/102/92 82/98/82
f 83/101/83 85/103/85 95/104/95
f 86/105/86 88/106/88 78/107/78
f 87/108/87 89/109/89 86/105/86
f 89/109/89 81/110/81 88/106/88
f 89/109/89 85/111/85 84/112/84
f 91/113/91 93/114/93 79/115/79
f 92/116/92 94/117/94 91/113/91
f 94/117/94 87/118/87 93/114/93
f 94/117/94 85/119/85 90/120/90
f 99/121/99 101/122/101 96/123/96
f 100/124/100 102/125/102 99/121/99
f 102/125/102 111/126/111 101/122/101
f 102/125/102 104/127/104 114/128/114
f 105/129/105 107/130/107 97/131/97
f 106/132/106 108/133/108 105/129/105
f 108/133/108 100/134/100 107/130/107
f 108/133/108 104/135/104 103/136/103
f 110/137/110 112/138/112 98/139/98
f 111/140/111 113/141/113 110/137/110
f 113/141/113 106/142/106 112/138/112
f 113/141/113 104/143/104 109/144/109
f 118/145/118 120/146/120 115/147/115
f 119/148/119 121/149/121 118/145/118
f 121/149/121 130/150/130 120/146/120
f 121/149/121 123/151/123 133/152/133
f 124/153/124 126/154/126 116/155/116
f 125/156/125 127/157/127 124/153/124
f 127/157/127 119/158/119 126/154/126
f 127/157/127 123/159/123 122/160/122
f 129/161/129 131/162/131 117/163/117
f 130/164/130 132/165/132 129/161/129
f 132/165/132 125/166/125 131/162/131
f 132/165/132 123/167/123 128/168/128
f 137/169/137 139/170/139 134/171/134
f 138/172/138 140/173/140 137/169/137
f 140/173/140 149/174/149 139/170/139
f 140/173/140 142/175/142 152/176/152
f 143/177/143 145/178/145 135/179/135
f 144/180/144 146/181/146 143/177/143
f 146/181/146 138/182/138 145/178/145
f 146/181/146 142/183/142 141/184/141
f 148/185/148 150/186/150 136/187/136
f 149/188/149 151/189/151 148/185/148
f 151/189/151 144/190/144 150/186/150
f 151/189/151 142/191/142 147/192/147
f 1/3/1 42/49/42 39/51/39
f 6/2/6 43/52/43 42/49/42
f 16/20/16 50/58/50 43/62/43
f 15/17/15 40/59/40 50/58/50
f 2/11/2 25/26/25 10/9/10
f 25/26/25 11/12/11 10/9/10
f 35/44/35 17/18/17 11/22/11
f 34/41/34 3/19/3 17/18/17
f 58/75/58 29/33/29 21/35/21
f 63/74/63 30/36/30 29/33/29
f 73/92/73 36/42/36 30/46/30
f 72/89/72 22/43/22 36/42/36
f 59/83/59 55/66/55 67/81/67
f 55/66/55 68/84/68 67/81/67
f 49/60/49 74/90/74 68/94/68
f 48/57/48 60/91/60 74/90/74
f 39/51/39 118/145/118 115/147/115
f 44/50/44 119/148/119 118/145/118
f 54/68/54 126/154/126 119/158/119
f 53/65/53 116/155/116 126/154/126
f 134/171/134 61/73/61 58/75/58
f 139/170/139 62/76/62 61/73/61
f 149/188/149 69/82/69 62/86/62
f 148/185/148 59/83/59 69/82/69
f 117/163/117 143/177/143 135/179/135
f 131/162/131 144/180/144 143/177/143
f 125/156/125 150/186/150 144/190/144
f 150/186/150 116/155/116 136/187/136
f 115/147/115 80/97/80 77/99/77
f 120/146/120 81/100/81 80/97/80
f 130/164/130 88/106/88 81/110/81
f 129/161/129 78/107/78 88/106/88
f 96/123/96 137/169/137 134/171/134
f 101/122/101 138/172/138 137/169/137
f 111/140/111 145/178/145 138/182/138
f 110/137/110 135/179/135 145/178/145
f 97/131/97 93/114/93 105/129/105
f 93/114/93 106/132/106 105/129/105
f 87/108/87 112/138/112 106/142/106
f 86/105/86 98/139/98 112/138/112
f 77/99/77 4/1/4 1/3/1
f 82/98/82 5/4/5 4/1/4
f 92/116/92 12/10/12 5/14/5
f 91/113/91 2/11/2 12/10/12
f 21/35/21 99/121/99 96/123/96
f 31/34/31 100/124/100 99/121/99
f 24/28/24 107/130/107 100/134/100
f 23/25/23 97/131/97 107/130/107
f 115/147/115 1/3/1 39/51/39
f 22/43/22 40/59/40 3/19/3
f 97/131/97 2/11/2 79/115/79
f 58/75/58 96/123/96 134/171/134
f 59/83/59 116/155/116 41/67/41
f 135/179/135 78/107/78 117/163/117
f 162/193/162 156/194/156 154/195/154
f 164/196/164 155/197/155 156/194/156
f 163/198/163 153/199/153 155/200/155
f 158/201/158 168/202/168 166/203/166
f 168/204/168 159/205/159 167/206/167
f 159/205/159 165/207/165 167/206/167
f 170/208/170 164/196/164 162/193/162
f 172/209/172 163/210/163 164/196/164
f 171/211/171 161/212/161 163/198/163
f 166/203/166 176/213/176 174/214/174
f 176/215/176 167/206/167 175/216/175
f 175/216/175 165/207/165 173/217/173
f 178/218/178 172/209/172 170/208/170
f 180/219/180 171/211/171 172/220/172
f 171/211/171 177/221/177 169/222/169
f 174/214/174 184/223/184 182/224/182
f 176/215/176 183/225/183 184/226/184
f 175/216/175 181/227/181 183/225/183
f 186/228/186 180/229/180 178/218/178
f 188/230/188 179/231/179 180/219/180
f 179/231/179 185/232/185 177/221/177
f 182/224/182 192/233/192 190/234/190
f 184/226/184 191/235/191 192/236/192
f 183/225/183 189/237/189 191/235/191
f 194/238/194 188/239/188 186/228/186
f 188/230/188 195/240/195 187/241/187
f 187/241/187 193/242/193 185/232/185
f 190/234/190 200/243/200 198/244/198
f 192/236/192 199/245/199 200/246/200
f 191/235/191 197/247/197 199/245/199
f 202/248/202 196/249/196 194/238/194
f 204/250/204 195/240/195 196/251/196
f 195/240/195 201/252/201 193/242/193
f 206/253/206 200/243/200 208/254/208
f 200/246/200 207/255/207 208/256/208
f 199/245/199 205/257/205 207/255/207
f 210/258/210 204/259/204 202/260/202
f 212/261/212 203/262/203 204/250/204
f 211/263/211 201/252/201 203/262/203
f 214/264/214 208/265/208 216/266/216
f 216/267/216 207/255/207 215/268/215
f 207/255/207 213/269/213 215/268/215
f 218/270/218 212/271/212 210/258/210
f 220/272/220 211/263/211 212/261/212
f 219/273/219 209/274/209 211/263/211
f 222/275/222 216/266/216 224/276/224
f 216/267/216 223/277/223 224/278/224
f 223/277/223 213/269/213 221/279/221
f 226/280/226 220/281/220 218/270/218
f 228/282/228 219/273/219 220/272/220
f 227/283/227 217/284/217 219/273/219
f 222/275/222 232/285/232 230/286/230
f 232/287/232 223/277/223 231/288/231
f 223/277/223 229/289/229 231/288/231
f 226/280/226 236/290/236 228/291/228
f 236/292/236 227/283/227 228/282/228
f 235/293/235 225/294/225 227/283/227
f 230/286/230 240/295/240 238/296/238
f 232/287/232 239/297/239 240/298/240
f 231/288/231 237/299/237 239/297/239
f 234/300/234 244/301/244 236/290/236
f 236/292/236 243/302/243 235/293/235
f 235/293/235 241/303/241 233/304/233
f 238/296/238 248/305/248 246/306/246
f 240/298/240 247/307/247 248/308/248
f 239/297/239 245/309/245 247/307/247
f 242/310/242 252/311/252 244/301/244
f 244/312/244 251/313/251 243/302/243
f 243/302/243 249/314/249 241/303/241
f 246/306/246 256/315/256 254/316/254
f 248/308/248 255/317/255 256/318/256
f 247/307/247 253/319/253 255/317/255
f 258/320/258 252/311/252 250/321/250
f 260/322/260 251/313/251 252/323/252
f 259/324/259 249/314/249 251/313/251
f 262/325/262 256/315/256 264/326/264
f 264/327/264 255/317/255 263/328/263
f 263/328/263 253/319/253 261/329/261
f 266/330/266 260/331/260 258/320/258
f 268/332/268 259/324/259 260/322/260
f 267/333/267 257/334/257 259/324/259
f 270/335/270 264/326/264 272/336/272
f 272/337/272 263/328/263 271/338/271
f 271/338/271 261/329/261 269/339/269
f 274/340/274 268/341/268 266/330/266
f 268/332/268 275/342/275 267/333/267
f 275/342/275 265/343/265 267/333/267
f 278/344/278 272/336/272 280/345/280
f 272/337/272 279/346/279 280/347/280
f 271/338/271 277/348/277 279/346/279
f 282/349/282 276/350/276 274/340/274
f 276/351/276 283/352/283 275/342/275
f 275/342/275 281/353/281 273/354/273
f 278/344/278 288/355/288 286/356/286
f 280/347/280 287/357/287 288/358/288
f 279/346/279 285/359/285 287/357/287
f 282/349/282 292/360/292 284/361/284
f 292/362/292 283/352/283 284/363/284
f 283/352/283 289/364/289 281/353/281
f 286/356/286 296/365/296 294/366/294
f 288/358/288 295/367/295 296/368/296
f 287/357/287 293/369/293 295/367/295
f 290/370/290 300/371/300 292/360/292
f 292/362/292 299/372/299 291/373/291
f 291/373/291 297/374/297 289/364/289
f 294/366/294 304/375/304 302/376/302
f 296/368/296 303/377/303 304/378/304
f 295/367/295 301/379/301 303/377/303
f 298/380/298 308/381/308 300/382/300
f 300/383/300 307/384/307 299/372/299
f 307/384/307 297/374/297 299/372/299
f 302/385/302 312/386/312 310/387/310
f 312/388/312 303/377/303 311/389/311
f 311/389/311 301/379/301 309/390/309
f 306/391/306 316/392/316 308/381/308
f 316/393/316 307/384/307 308/394/308
f 315/395/315 305/396/305 307/384/307
f 310/387/310 320/397/320 318/398/318
f 320/399/320 311/389/311 319/400/319
f 319/400/319 309/390/309 317/401/317
f 314/402/314 324/403/324 316/392/316
f 316/393/316 323/404/323 315/395/315
f 323/404/323 313/405/313 315/395/315
f 318/398/318 328/406/328 326/407/326
f 328/408/328 319/400/319 327/409/327
f 327/409/327 317/401/317 325/410/325
f 322/411/322 332/412/332 324/403/324
f 324/413/324 331/414/331 323/404/323
f 331/414/331 321/415/321 323/404/323
f 326/407/326 336/416/336 334/417/334
f 336/418/336 327/409/327 335/419/335
f 335/419/335 325/410/325 333/420/333
f 338/421/338 332/412/332 330/422/330
f 332/412/332 339/423/339 331/424/331
f 331/414/331 337/425/337 329/426/329
f 334/417/334 344/427/344 342/428/342
f 336/418/336 343/429/343 344/430/344
f 335/419/335 341/431/341 343/429/343
f 346/432/346 340/433/340 338/421/338
f 340/433/340 347/434/347 339/423/339
f 347/435/347 337/425/337 339/436/339
f 342/428/342 352/437/352 350/438/350
f 344/430/344 351/439/351 352/440/352
f 343/429/343 349/441/349 351/439/351
f 354/442/354 348/443/348 346/432/346
f 356/444/356 347/434/347 348/443/348
f 355/445/355 345/446/345 347/435/347
f 350/438/350 360/447/360 358/448/358
f 360/449/360 351/439/351 359/450/359
f 351/439/351 357/451/357 359/450/359
f 362/452/362 356/444/356 354/442/354
f 364/453/364 355/454/355 356/444/356
f 363/455/363 353/456/353 355/445/355
f 358/448/358 368/457/368 366/458/366
f 368/459/368 359/450/359 367/460/367
f 367/460/367 357/451/357 365/461/365
f 370/462/370 364/453/364 362/452/362
f 364/463/364 371/464/371 363/455/363
f 363/455/363 369/465/369 361/466/361
f 374/467/374 368/457/368 376/468/376
f 376/469/376 367/460/367 375/470/375
f 367/460/367 373/471/373 375/470/375
f 378/472/378 372/473/372 370/462/370
f 372/474/372 379/475/379 371/464/371
f 371/464/371 377/476/377 369/465/369
f 382/477/382 376/468/376 384/478/384
f 384/479/384 375/470/375 383/480/383
f 375/470/375 381/481/381 383/480/383
f 386/482/386 380/483/380 378/472/378
f 380/484/380 387/485/387 379/475/379
f 379/475/379 385/486/385 377/476/377
f 390/487/390 384/478/384 392/488/392
f 384/479/384 391/489/391 392/490/392
f 383/480/383 389/491/389 391/489/391
f 394/492/394 388/493/388 386/482/386
f 388/494/388 395/495/395 387/485/387
f 387/485/387 393/496/393 385/486/385
f 398/497/398 392/488/392 400/498/400
f 400/499/400 391/489/391 399/500/399
f 391/489/391 397/501/397 399/500/399
f 402/502/402 396/503/396 394/504/394
f 404/505/404 395/495/395 396/506/396
f 403/507/403 393/496/393 395/495/395
f 406/508/406 400/509/400 408/510/408
f 408/511/408 399/500/399 407/512/407
f 407/512/407 397/501/397 405/513/405
f 410/514/410 404/515/404 402/502/402
f 412/516/412 403/507/403 404/505/404
f 411/517/411 401/518/401 403/507/403
f 414/519/414 408/510/408 416/520/416
f 408/511/408 415/521/415 416/522/416
f 415/521/415 405/513/405 413/523/413
f 418/524/418 412/525/412 410/514/410
f 420/526/420 411/517/411 412/516/412
f 419/527/419 409/528/409 411/517/411
f 414/519/414 424/529/424 422/530/422
f 424/531/424 415/521/415 423/532/423
f 423/532/423 413/523/413 421/533/421
f 418/524/418 428/534/428 420/535/420
f 428/536/428 419/527/419 420/526/420
f 427/537/427 417/538/417 419/527/419
f 422/530/422 432/539/432 430/540/430
f 432/541/432 423/532/423 431/542/431
f 423/532/423 429/543/429 431/542/431
f 426/544/426 436/545/436 428/534/428
f 428/536/428 435/546/435 427/537/427
f 427/537/427 433/547/433 425/548/425
f 430/540/430 440/549/440 438/550/438
f 432/541/432 439/551/439 440/552/440
f 431/542/431 437/553/437 439/551/439
f 434/554/434 444/555/444 436/545/436
f 436/556/436 443/557/443 435/546/435
f 435/546/435 441/558/441 433/547/433
f 438/550/438 448/559/448 446/560/446
f 440/552/440 447/561/447 448/562/448
f 439/551/439 445/563/445 447/561/447
f 450/564/450 444/555/444 442/565/442
f 452/566/452 443/557/443 444/567/444
f 451/568/451 441/558/441 443/557/443
f 454/569/454 448/559/448 456/570/456
f 456/571/456 447/561/447 455/572/455
f 455/572/455 445/563/445 453/573/453
f 458/574/458 452/575/452 450/564/450
f 460/576/460 451/568/451 452/566/452
f 459/577/459 449/578/449 451/568/451
f 462/579/462 456/570/456 464/580/464
f 464/581/464 455/572/455 463/582/463
f 463/582/463 453/573/453 461/583/461
f 466/584/466 460/585/460 458/574/458
f 468/586/468 459/577/459 460/576/460
f 467/587/467 457/588/457 459/577/459
f 470/589/470 464/580/464 472/590/472
f 464/581/464 471/591/471 472/592/472
f 463/582/463 469/593/469 471/591/471
f 474/594/474 468/595/468 466/584/466
f 468/586/468 475/596/475 467/587/467
f 475/596/475 465/597/465 467/587/467
f 470/589/470 480/598/480 478/599/478
f 472/592/472 479/600/479 480/601/480
f 471/591/471 477/602/477 479/600/479
f 474/594/474 484/603/484 476/604/476
f 484/605/484 475/596/475 476/606/476
f 475/596/475 481/607/481 473/608/473
f 478/599/478 488/609/488 486/610/486
f 480/601/480 487/611/487 488/612/488
f 479/600/479 485/613/485 487/611/487
f 482/614/482 492/615/492 484/603/484
f 484/605/484 491/616/491 483/617/483
f 491/616/491 481/607/481 483/617/483
f 486/610/486 496/618/496 494/619/494
f 488/612/488 495/620/495 496/621/496
f 487/611/487 493/622/493 495/620/495
f 490/623/490 500/624/500 492/625/492
f 500/626/500 491/616/491 492/627/492
f 499/628/499 489/629/489 491/616/491
f 494/630/494 504/631/504 502/632/502
f 496/621/496 503/633/503 504/634/504
f 503/633/503 493/622/493 501/635/501
f 506/636/506 500/624/500 498/637/498
f 508/638/508 499/628/499 500/626/500
f 507/639/507 497/640/497 499/628/499
f 502/632/502 512/641/512 510/642/510
f 512/643/512 503/633/503 511/644/511
f 511/644/511 501/635/501 509/645/509
f 514/646/514 508/647/508 506/636/506
f 516/648/516 507/639/507 508/638/508
f 515/649/515 505/650/505 507/639/507
f 510/642/510 520/651/520 518/652/518
f 512/643/512 519/653/519 520/654/520
f 519/653/519 509/645/509 517/655/517
f 522/656/522 516/657/516 514/646/514
f 524/658/524 515/649/515 516/648/516
f 523/659/523 513/660/513 515/649/515
f 518/652/518 528/661/528 526/662/526
f 520/654/520 527/663/527 528/664/528
f 527/663/527 517/655/517 525/665/525
f 530/666/530 524/667/524 522/656/522
f 524/667/524 531/668/531 523/669/523
f 523/659/523 529/670/529 521/671/521
f 526/662/526 536/672/536 534/673/534
f 528/664/528 535/674/535 536/675/536
f 527/663/527 533/676/533 535/674/535
f 154/195/154 532/677/532 530/666/530
f 532/677/532 155/197/155 531/668/531
f 155/200/155 529/670/529 531/678/531
f 534/673/534 160/679/160 158/201/158
f 536/675/536 159/205/159 160/680/160
f 535/674/535 157/681/157 159/205/159
f 273/354/273 401/518/401 529/670/529
f 158/201/158 162/193/162 154/195/154
f 534/673/534 154/195/154 530/666/530
f 429/543/429 301/379/301 173/217/173
f 166/203/166 170/208/170 162/193/162
f 174/214/174 178/218/178 170/208/170
f 182/224/182 186/228/186 178/218/178
f 190/234/190 194/238/194 186/228/186
f 198/244/198 202/248/202 194/238/194
f 206/682/206 210/258/210 202/260/202
f 214/264/214 218/270/218 210/258/210
f 222/275/222 226/280/226 218/270/218
f 230/286/230 234/300/234 226/280/226
f 234/300/234 246/306/246 242/310/242
f 246/306/246 250/321/250 242/310/242
f 254/316/254 258/320/258 250/321/250
f 262/325/262 266/330/266 258/320/258
f 270/335/270 274/340/274 266/330/266
f 278/344/278 282/349/282 274/340/274
f 286/356/286 290/370/290 282/349/282
f 294/366/294 298/683/298 290/370/290
f 302/385/302 306/391/306 298/380/298
f 310/387/310 314/402/314 306/391/306
f 318/398/318 322/411/322 314/402/314
f 326/407/326 330/422/330 322/411/322
f 334/417/334 338/421/338 330/422/330
f 342/428/342 346/432/346 338/421/338
f 350/438/350 354/442/354 346/432/346
f 358/448/358 362/452/362 354/442/354
f 366/458/366 370/462/370 362/452/362
f 374/467/374 378/472/378 370/462/370
f 382/477/382 386/482/386 378/472/378
f 390/487/390 394/492/394 386/482/386
f 394/504/394 406/508/406 402/502/402
f 406/508/406 410/514/410 402/502/402
f 410/514/410 422/530/422 418/524/418
f 422/530/422 426/544/426 418/524/418
f 430/540/430 434/554/434 426/544/426
f 438/550/438 442/565/442 434/554/434
f 446/560/446 450/564/450 442/565/442
f 450/564/450 462/579/462 458/574/458
f 462/579/462 466/584/466 458/574/458
f 470/589/470 474/594/474 466/584/466
f 478/599/478 482/614/482 474/594/474
f 482/614/482 494/619/494 490/684/490
f 494/630/494 498/637/498 490/623/490
f 502/632/502 506/636/506 498/637/498
f 510/642/510 514/646/514 506/636/506
f 518/652/518 522/656/522 514/646/514
f 526/662/526 530/666/530 522/656/522
f 546/685/546 540/686/540 538/687/538
f 540/686/540 547/688/547 539/689/539
f 547/690/547 537/691/537 539/692/539
f 550/693/550 544/694/544 552/695/552
f 552/695/552 543/696/543 551/697/551
f 551/698/551 541/699/541 549/700/549
f 546/685/546 556/701/556 548/702/548
f 556/703/556 547/690/547 548/704/548
f 555/705/555 545/706/545 547/690/547
f 550/693/550 560/707/560 558/708/558
f 560/709/560 551/698/551 559/710/559
f 559/710/559 549/700/549 557/711/557
f 562/712/562 556/701/556 554/713/554
f 564/714/564 555/705/555 556/703/556
f 563/715/563 553/716/553 555/705/555
f 566/717/566 560/707/560 568/718/568
f 568/719/568 559/710/559 567/720/567
f 567/720/567 557/711/557 565/721/565
f 570/722/570 564/723/564 562/712/562
f 564/714/564 571/724/571 563/715/563
f 563/715/563 569/725/569 561/726/561
f 574/727/574 568/718/568 576/728/576
f 568/719/568 575/729/575 576/730/576
f 567/720/567 573/731/573 575/729/575
f 578/732/578 572/733/572 570/722/570
f 580/734/580 571/724/571 572/735/572
f 571/724/571 577/736/577 569/725/569
f 582/737/582 576/728/576 584/738/584
f 576/730/576 583/739/583 584/740/584
f 575/729/575 581/741/581 583/739/583
f 586/742/586 580/743/580 578/732/578
f 580/734/580 587/744/587 579/745/579
f 579/745/579 585/746/585 577/736/577
f 582/737/582 592/747/592 590/748/590
f 584/740/584 591/749/591 592/750/592
f 583/739/583 589/751/589 591/749/591
f 586/752/586 596/753/596 588/754/588
f 596/755/596 587/744/587 588/756/588
f 595/757/595 585/746/585 587/744/587
f 590/758/590 600/759/600 598/760/598
f 600/761/600 591/749/591 599/762/599
f 599/762/599 589/751/589 597/763/597
f 602/764/602 596/753/596 594/765/594
f 604/766/604 595/757/595 596/755/596
f 603/767/603 593/768/593 595/757/595
f 598/760/598 608/769/608 606/770/606
f 608/771/608 599/762/599 607/772/607
f 607/772/607 597/763/597 605/773/605
f 602/764/602 612/774/612 604/775/604
f 612/776/612 603/767/603 604/766/604
f 611/777/611 601/778/601 603/767/603
f 606/770/606 616/779/616 614/780/614
f 616/781/616 607/772/607 615/782/615
f 615/782/615 605/773/605 613/783/613
f 618/784/618 612/774/612 610/785/610
f 612/776/612 619/786/619 611/777/611
f 619/786/619 609/787/609 611/777/611
f 622/788/622 616/779/616 624/789/624
f 616/781/616 623/790/623 624/791/624
f 623/790/623 613/783/613 621/792/621
f 618/784/618 628/793/628 620/794/620
f 620/794/620 627/795/627 619/796/619
f 619/786/619 625/797/625 617/798/617
f 622/788/622 632/799/632 630/800/630
f 624/789/624 631/801/631 632/799/632
f 623/790/623 629/802/629 631/803/631
f 634/804/634 628/793/628 626/805/626
f 628/793/628 635/806/635 627/795/627
f 635/807/635 625/797/625 627/808/627
f 638/809/638 632/799/632 640/810/640
f 632/799/632 639/811/639 640/810/640
f 631/803/631 637/812/637 639/813/639
f 634/804/634 644/814/644 636/815/636
f 644/814/644 635/806/635 636/815/636
f 643/816/643 633/817/633 635/807/635
f 638/809/638 648/818/648 646/819/646
f 648/818/648 639/811/639 647/820/647
f 639/813/639 645/821/645 647/822/647
f 650/823/650 644/814/644 642/824/642
f 652/825/652 643/826/643 644/814/644
f 651/827/651 641/828/641 643/816/643
f 654/829/654 648/818/648 656/830/656
f 656/830/656 647/820/647 655/831/655
f 655/832/655 645/821/645 653/833/653
f 650/823/650 660/834/660 652/825/652
f 660/835/660 651/827/651 652/836/652
f 651/827/651 657/837/657 649/838/649
f 654/829/654 664/839/664 662/840/662
f 664/841/664 655/832/655 663/842/663
f 655/832/655 661/843/661 663/842/663
f 666/844/666 660/834/660 658/845/658
f 660/835/660 667/846/667 659/847/659
f 659/847/659 665/848/665 657/837/657
f 670/849/670 664/839/664 672/850/672
f 664/841/664 671/851/671 672/852/672
f 663/842/663 669/853/669 671/851/671
f 674/854/674 668/855/668 666/844/666
f 668/856/668 675/857/675 667/846/667
f 667/846/667 673/858/673 665/848/665
f 670/849/670 680/859/680 678/860/678
f 672/852/672 679/861/679 680/862/680
f 671/851/671 677/863/677 679/861/679
f 682/864/682 676/865/676 674/854/674
f 676/866/676 683/867/683 675/857/675
f 675/857/675 681/868/681 673/858/673
f 686/869/686 680/859/680 688/870/688
f 680/862/680 687/871/687 688/872/688
f 679/861/679 685/873/685 687/871/687
f 690/874/690 684/875/684 682/876/682
f 692/877/692 683/867/683 684/878/684
f 691/879/691 681/868/681 683/867/683
f 686/880/686 696/881/696 694/882/694
f 696/883/696 687/871/687 695/884/695
f 695/884/695 685/873/685 693/885/693
f 690/874/690 700/886/700 692/887/692
f 700/888/700 691/879/691 692/877/692
f 699/889/699 689/890/689 691/879/691
f 694/882/694 704/891/704 702/892/702
f 696/883/696 703/893/703 704/894/704
f 703/893/703 693/885/693 701/895/701
f 698/896/698 708/897/708 700/886/700
f 708/898/708 699/889/699 700/888/700
f 707/899/707 697/900/697 699/889/699
f 702/892/702 712/901/712 710/902/710
f 712/903/712 703/893/703 711/904/711
f 711/904/711 701/895/701 709/905/709
f 706/906/706 716/907/716 708/897/708
f 708/898/708 715/908/715 707/899/707
f 707/899/707 713/909/713 705/910/705
f 710/902/710 720/911/720 718/912/718
f 712/903/712 719/913/719 720/914/720
f 711/904/711 717/915/717 719/913/719
f 722/916/722 716/907/716 714/917/714
f 716/918/716 723/919/723 715/908/715
f 715/908/715 721/920/721 713/909/713
f 726/921/726 720/911/720 728/922/728
f 720/914/720 727/923/727 728/924/728
f 719/913/719 725/925/725 727/923/727
f 722/916/722 732/926/732 724/927/724
f 724/927/724 731/928/731 723/929/723
f 723/919/723 729/930/729 721/920/721
f 726/921/726 736/931/736 734/932/734
f 736/931/736 727/933/727 735/934/735
f 727/923/727 733/935/733 735/936/735
f 738/937/738 732/926/732 730/938/730
f 740/939/740 731/940/731 732/941/732
f 731/940/731 737/942/737 729/930/729
f 742/943/742 736/931/736 744/944/744
f 736/945/736 743/946/743 744/947/744
f 743/946/743 733/935/733 741/948/741
f 738/937/738 748/949/748 740/950/740
f 748/951/748 739/952/739 740/939/740
f 747/953/747 737/942/737 739/952/739
f 742/943/742 752/954/752 750/955/750
f 752/956/752 743/946/743 751/957/751
f 751/957/751 741/948/741 749/958/749
f 746/959/746 756/960/756 748/949/748
f 756/961/756 747/953/747 748/951/748
f 755/962/755 745/963/745 747/953/747
f 758/964/758 752/954/752 760/965/760
f 760/966/760 751/957/751 759/967/759
f 759/967/759 749/958/749 757/968/757
f 754/969/754 764/970/764 756/960/756
f 756/961/756 763/971/763 755/962/755
f 763/971/763 753/972/753 755/962/755
f 766/973/766 760/965/760 768/974/768
f 760/966/760 767/975/767 768/976/768
f 759/967/759 765/977/765 767/975/767
f 770/978/770 764/970/764 762/979/762
f 772/980/772 763/971/763 764/981/764
f 763/971/763 769/982/769 761/983/761
f 774/984/774 768/974/768 776/985/776
f 768/976/768 775/986/775 776/987/776
f 767/975/767 773/988/773 775/986/775
f 770/978/770 780/989/780 772/990/772
f 772/980/772 779/991/779 771/992/771
f 771/992/771 777/993/777 769/982/769
f 774/984/774 784/994/784 782/995/782
f 776/987/776 783/996/783 784/997/784
f 775/986/775 781/998/781 783/996/783
f 778/999/778 788/1000/788 780/1001/780
f 788/1002/788 779/991/779 780/1003/780
f 787/1004/787 777/993/777 779/991/779
f 782/1005/782 792/1006/792 790/1007/790
f 792/1008/792 783/996/783 791/1009/791
f 791/1009/791 781/998/781 789/1010/789
f 794/1011/794 788/1000/788 786/1012/786
f 796/1013/796 787/1004/787 788/1002/788
f 795/1014/795 785/1015/785 787/1004/787
f 790/1007/790 800/1016/800 798/1017/798
f 800/1018/800 791/1009/791 799/1019/799
f 799/1019/799 789/1010/789 797/1020/797
f 794/1011/794 804/1021/804 796/1022/796
f 804/1023/804 795/1014/795 796/1013/796
f 803/1024/803 793/1025/793 795/1014/795
f 798/1017/798 808/1026/808 806/1027/806
f 808/1028/808 799/1019/799 807/1029/807
f 807/1029/807 797/1020/797 805/1030/805
f 810/1031/810 804/1021/804 802/1032/802
f 804/1023/804 811/1033/811 803/1024/803
f 811/1033/811 801/1034/801 803/1024/803
f 814/1035/814 808/1026/808 816/1036/816
f 808/1028/808 815/1037/815 816/1038/816
f 815/1037/815 805/1030/805 813/1039/813
f 810/1031/810 820/1040/820 812/1041/812
f 812/1042/812 819/1043/819 811/1033/811
f 811/1033/811 817/1044/817 809/1045/809
f 814/1035/814 824/1046/824 822/1047/822
f 816/1038/816 823/1048/823 824/1049/824
f 815/1037/815 821/1050/821 823/1048/823
f 826/1051/826 820/1040/820 818/1052/818
f 820/1053/820 827/1054/827 819/1043/819
f 827/1054/827 817/1044/817 819/1043/819
f 830/1055/830 824/1046/824 832/1056/832
f 824/1049/824 831/1057/831 832/1058/832
f 823/1048/823 829/1059/829 831/1057/831
f 826/1051/826 836/1060/836 828/1061/828
f 836/1062/836 827/1054/827 828/1063/828
f 835/1064/835 825/1065/825 827/1054/827
f 830/1055/830 840/1066/840 838/1067/838
f 840/1068/840 831/1057/831 839/1069/839
f 831/1057/831 837/1070/837 839/1069/839
f 842/1071/842 836/1060/836 834/1072/834
f 844/1073/844 835/1064/835 836/1062/836
f 843/1074/843 833/1075/833 835/1064/835
f 846/1076/846 840/1066/840 848/1077/848
f 848/1078/848 839/1069/839 847/1079/847
f 847/1079/847 837/1070/837 845/1080/845
f 842/1071/842 852/1081/852 844/1082/844
f 852/1083/852 843/1074/843 844/1073/844
f 843/1074/843 849/1084/849 841/1085/841
f 846/1076/846 856/1086/856 854/1087/854
f 856/1088/856 847/1079/847 855/1089/855
f 847/1079/847 853/1090/853 855/1089/855
f 858/1091/858 852/1081/852 850/1092/850
f 852/1083/852 859/1093/859 851/1094/851
f 851/1094/851 857/1095/857 849/1084/849
f 862/1096/862 856/1086/856 864/1097/864
f 856/1088/856 863/1098/863 864/1099/864
f 855/1089/855 861/1100/861 863/1098/863
f 866/1101/866 860/1102/860 858/1091/858
f 860/1103/860 867/1104/867 859/1093/859
f 859/1093/859 865/1105/865 857/1095/857
f 862/1096/862 872/1106/872 870/1107/870
f 864/1099/864 871/1108/871 872/1109/872
f 863/1098/863 869/1110/869 871/1108/871
f 874/1111/874 868/1112/868 866/1101/866
f 868/1113/868 875/1114/875 867/1104/867
f 867/1104/867 873/1115/873 865/1105/865
f 878/1116/878 872/1106/872 880/1117/880
f 872/1109/872 879/1118/879 880/1119/880
f 871/1108/871 877/1120/877 879/1118/879
f 882/1121/882 876/1122/876 874/1123/874
f 884/1124/884 875/1114/875 876/1125/876
f 883/1126/883 873/1115/873 875/1114/875
f 886/1127/886 880/1128/880 888/1129/888
f 888/1130/888 879/1118/879 887/1131/887
f 887/1131/887 877/1120/877 885/1132/885
f 882/1121/882 892/1133/892 884/1134/884
f 892/1135/892 883/1126/883 884/1124/884
f 891/1136/891 881/1137/881 883/1126/883
f 886/1127/886 896/1138/896 894/1139/894
f 888/1130/888 895/1140/895 896/1141/896
f 895/1140/895 885/1132/885 893/1142/893
f 890/1143/890 900/1144/900 892/1133/892
f 900/1145/900 891/1136/891 892/1135/892
f 899/1146/899 889/1147/889 891/1136/891
f 902/1148/902 896/1138/896 904/1149/904
f 904/1150/904 895/1140/895 903/1151/903
f 895/1140/895 901/1152/901 903/1151/903
f 898/1153/898 908/1154/908 900/1144/900
f 900/1145/900 907/1155/907 899/1146/899
f 899/1146/899 905/1156/905 897/1157/897
f 910/1158/910 904/1149/904 912/1159/912
f 904/1150/904 911/1160/911 912/1161/912
f 903/1151/903 909/1162/909 911/1160/911
f 914/1163/914 908/1154/908 906/1164/906
f 908/1165/908 915/1166/915 907/1155/907
f 907/1155/907 913/1167/913 905/1156/905
f 918/1168/918 912/1159/912 920/1169/920
f 912/1161/912 919/1170/919 920/1171/920
f 911/1160/911 917/1172/917 919/1170/919
f 914/1163/914 540/686/540 916/1173/916
f 540/1174/540 915/1166/915 916/1175/916
f 915/1166/915 537/691/537 913/1167/913
f 918/1168/918 544/694/544 542/1176/542
f 920/1171/920 543/1177/543 544/1178/544
f 543/1177/543 917/1172/917 541/699/541
f 657/837/657 785/1015/785 913/1167/913
f 542/1176/542 546/685/546 538/687/538
f 918/1168/918 538/687/538 914/1163/914
f 813/1039/813 685/873/685 557/711/557
f 550/693/550 554/713/554 546/685/546
f 558/708/558 562/712/562 554/713/554
f 566/717/566 570/722/570 562/712/562
f 574/727/574 578/732/578 570/722/570
f 582/737/582 586/742/586 578/732/578
f 590/758/590 594/765/594 586/752/586
f 598/760/598 602/764/602 594/765/594
f 602/764/602 614/780/614 610/785/610
f 614/780/614 618/784/618 610/785/610
f 622/788/622 626/805/626 618/784/618
f 630/800/630 634/804/634 626/805/626
f 638/809/638 642/824/642 634/804/634
f 646/819/646 650/823/650 642/824/642
f 654/829/654 658/845/658 650/823/650
f 662/840/662 666/844/666 658/845/658
f 670/849/670 674/854/674 666/844/666
f 678/860/678 682/864/682 674/854/674
f 686/880/686 690/874/690 682/876/682
f 694/882/694 698/896/698 690/874/690
f 702/892/702 706/906/706 698/896/698
f 710/902/710 714/917/714 706/906/706
f 718/912/718 722/916/722 714/917/714
f 726/921/726 730/938/730 722/916/722
f 734/932/734 738/937/738 730/938/730
f 742/943/742 746/959/746 738/937/738
f 750/955/750 754/969/754 746/959/746
f 758/964/758 762/979/762 754/969/754
f 766/973/766 770/978/770 762/979/762
f 774/984/774 778/1179/778 770/978/770
f 782/1005/782 786/1012/786 778/999/778
f 790/1007/790 794/1011/794 786/1012/786
f 798/1017/798 802/1032/802 794/1011/794
f 806/1027/806 810/1031/810 802/1032/802
f 814/1035/814 818/1052/818 810/1031/810
f 822/1047/822 826/1051/826 818/1052/818
f 830/1055/830 834/1072/834 826/1051/826
f 838/1067/838 842/1071/842 834/1072/834
f 846/1076/846 850/1092/850 842/1071/842
f 850/1092/850 862/1096/862 858/1091/858
f 862/1096/862 866/1101/866 858/1091/858
f 870/1107/870 874/1111/874 866/1101/866
f 878/1180/878 882/1121/882 874/1123/874
f 886/1127/886 890/1143/890 882/1121/882
f 894/1139/894 898/1153/898 890/1143/890
f 902/1148/902 906/1164/906 898/1153/898
f 910/1158/910 914/1163/914 906/1164/906
f 4/1/4 7/5/7 6/2/6
f 5/4/5 8/1181/8 7/5/7
f 7/5/7 19/8/19 16/6/16
f 7/5/7 8/1181/8 9/7/9
f 10/9/10 13/13/13 12/10/12
f 11/12/11 14/1182/14 13/13/13
f 13/13/13 8/16/8 5/14/5
f 13/13/13 14/1182/14 9/15/9
f 15/17/15 18/21/18 17/18/17
f 16/20/16 19/1183/19 18/21/18
f 18/21/18 14/24/14 11/22/11
f 18/21/18 19/1183/19 9/23/9
f 23/25/23 26/29/26 25/26/25
f 24/28/24 27/1184/27 26/29/26
f 26/29/26 38/32/38 35/30/35
f 26/29/26 27/1184/27 28/31/28
f 29/33/29 32/37/32 31/34/31
f 30/36/30 33/1185/33 32/37/32
f 32/37/32 27/40/27 24/38/24
f 32/37/32 33/1185/33 28/39/28
f 34/41/34 37/45/37 36/42/36
f 35/44/35 38/1186/38 37/45/37
f 37/45/37 33/48/33 30/46/30
f 37/45/37 38/1186/38 28/47/28
f 42/49/42 45/53/45 44/50/44
f 43/52/43 46/1187/46 45/53/45
f 45/53/45 57/56/57 54/54/54
f 45/53/45 46/1187/46 47/55/47
f 48/57/48 51/61/51 50/58/50
f 49/60/49 52/1188/52 51/61/51
f 51/61/51 46/64/46 43/62/43
f 51/61/51 52/1188/52 47/63/47
f 53/65/53 56/69/56 55/66/55
f 54/68/54 57/1189/57 56/69/56
f 56/69/56 52/72/52 49/70/49
f 56/69/56 57/1189/57 47/71/47
f 61/73/61 64/77/64 63/74/63
f 62/76/62 65/1190/65 64/77/64
f 64/77/64 76/80/76 73/78/73
f 64/77/64 65/1190/65 66/79/66
f 67/81/67 70/85/70 69/82/69
f 68/84/68 71/1191/71 70/85/70
f 70/85/70 65/88/65 62/86/62
f 70/85/70 71/1191/71 66/87/66
f 72/89/72 75/93/75 74/90/74
f 73/92/73 76/1192/76 75/93/75
f 75/93/75 71/96/71 68/94/68
f 75/93/75 76/1192/76 66/95/66
f 80/97/80 83/101/83 82/98/82
f 81/100/81 84/1193/84 83/101/83
f 83/101/83 95/104/95 92/102/92
f 83/101/83 84/1193/84 85/103/85
f 86/105/86 89/109/89 88/106/88
f 87/108/87 90/1194/90 89/109/89
f 89/109/89 84/112/84 81/110/81
f 89/109/89 90/1194/90 85/111/85
f 91/113/91 94/117/94 93/114/93
f 92/116/92 95/1195/95 94/117/94
f 94/117/94 90/120/90 87/118/87
f 94/117/94 95/1195/95 85/119/85
f 99/121/99 102/125/102 101/122/101
f 100/124/100 103/1196/103 102/125/102
f 102/125/102 114/128/114 111/126/111
f 102/125/102 103/1196/103 104/127/104
f 105/129/105 108/133/108 107/130/107
f 106/132/106 109/1197/109 108/133/108
f 108/133/108 103/136/103 100/134/100
f 108/133/108 109/1197/109 104/135/104
f 110/137/110 113/141/113 112/138/112
f 111/140/111 114/1198/114 113/141/113
f 113/141/113 109/144/109 106/142/106
f 113/141/113 114/1198/114 104/143/104
f 118/145/118 121/149/121 120/146/120
f 119/148/119 122/1199/122 121/149/121
f 121/149/121 133/152/133 130/150/130
f 121/149/121 122/1199/122 123/151/123
f 124/153/124 127/157/127 126/154/126
f 125/156/125 128/1200/128 127/157/127
f 127/157/127 122/160/122 119/158/119
f 127/157/127 128/1200/128 123/159/123
f 129/161/129 132/165/132 131/162/131
f 130/164/130 133/1201/133 132/165/132
f 132/165/132 128/168/128 125/166/125
f 132/165/132 133/1201/133 123/167/123
f 137/169/137 140/173/140 139/170/139
f 138/172/138 141/1202/141 140/173/140
f 140/173/140 152/176/152 149/174/149
f 140/173/140 141/1202/141 142/175/142
f 143/177/143 146/181/146 145/178/145
f 144/180/144 147/1203/147 146/181/146
f 146/181/146 141/184/141 138/182/138
f 146/181/146 147/1203/147 142/183/142
f 148/185/148 151/189/151 150/186/150
f 149/188/149 152/1204/152 151/189/151
f 151/189/151 147/192/147 144/190/144
f 151/189/151 152/1204/152 142/191/142
f 1/3/1 6/2/6 42/49/42
f 6/2/6 16/6/16 43/52/43
f 16/20/16 15/17/15 50/58/50
f 15/17/15 3/19/3 40/59/40
f 2/11/2 20/27/20 25/26/25
f 25/26/25 35/30/35 11/12/11
f 35/44/35 34/41/34 17/18/17
f 34/41/34 22/43/22 3/19/3
f 58/75/58 63/74/63 29/33/29
f 63/74/63 73/78/73 30/36/30
f 73/92/73 72/89/72 36/42/36
f 72/89/72 60/91/60 22/43/22
f 59/83/59 41/67/41 55/66/55
f 55/66/55 49/70/49 68/84/68
f 49/60/49 48/57/48 74/90/74
f 48/57/48 40/59/40 60/91/60
f 39/51/39 44/50/44 118/145/118
f 44/50/44 54/54/54 119/148/119
f 54/68/54 53/65/53 126/154/126
f 53/65/53 41/67/41 116/155/116
f 134/171/134 139/170/139 61/73/61
f 139/170/139 149/174/149 62/76/62
f 149/188/149 148/185/148 69/82/69
f 148/185/148 136/187/136 59/83/59
f 117/163/117 131/162/131 143/177/143
f 131/162/131 125/166/125 144/180/144
f 125/156/125 124/153/124 150/186/150
f 150/186/150 124/153/124 116/155/116
f 115/147/115 120/146/120 80/97/80
f 120/146/120 130/150/130 81/100/81
f 130/164/130 129/161/129 88/106/88
f 129/161/129 117/163/117 78/107/78
f 96/123/96 101/122/101 137/169/137
f 101/122/101 111/126/111 138/172/138
f 111/140/111 110/137/110 145/178/145
f 110/137/110 98/139/98 135/179/135
f 97/131/97 79/115/79 93/114/93
f 93/114/93 87/118/87 106/132/106
f 87/108/87 86/105/86 112/138/112
f 86/105/86 78/107/78 98/139/98
f 77/99/77 82/98/82 4/1/4
f 82/98/82 92/102/92 5/4/5
f 92/116/92 91/113/91 12/10/12
f 91/113/91 79/115/79 2/11/2
f 21/35/21 31/34/31 99/121/99
f 31/34/31 24/38/24 100/124/100
f 24/28/24 23/25/23 107/130/107
f 23/25/23 20/27/20 97/131/97
f 115/147/115 77/99/77 1/3/1
f 22/43/22 60/91/60 40/59/40
f 97/131/97 20/27/20 2/11/2
f 58/75/58 21/35/21 96/123/96
f 59/83/59 136/187/136 116/155/116
f 135/179/135 98/139/98 78/107/78
f 162/193/162 164/196/164 156/194/156
f 164/196/164 163/210/163 155/197/155
f 163/198/163 161/212/161 153/199/153
f 158/201/158 160/679/160 168/202/168
f 168/204/168 160/680/160 159/205/159
f 159/205/159 157/681/157 165/207/165
f 170/208/170 172/209/172 164/196/164
f 172/209/172 171/1205/171 163/210/163
f 171/211/171 169/222/169 161/212/161
f 166/203/166 168/202/168 176/213/176
f 176/215/176 168/204/168 167/206/167
f 175/216/175 167/206/167 165/207/165
f 178/218/178 180/229/180 172/209/172
f 180/219/180 179/231/179 171/211/171
f 171/211/171 179/231/179 177/221/177
f 174/214/174 176/213/176 184/223/184
f 176/215/176 175/216/175 183/225/183
f 175/216/175 173/217/173 181/227/181
f 186/228/186 188/239/188 180/229/180
f 188/230/188 187/241/187 179/231/179
f 179/231/179 187/241/187 185/232/185
f 182/224/182 184/223/184 192/233/192
f 184/226/184 183/225/183 191/235/191
f 183/225/183 181/227/181 189/237/189
f 194/238/194 196/249/196 188/239/188
f 188/230/188 196/251/196 195/240/195
f 187/241/187 195/240/195 193/242/193
f 190/234/190 192/233/192 200/243/200
f 192/236/192 191/235/191 199/245/199
f 191/235/191 189/237/189 197/247/197
f 202/248/202 204/1206/204 196/249/196
f 204/250/204 203/262/203 195/240/195
f 195/240/195 203/262/203 201/252/201
f 206/253/206 198/244/198 200/243/200
f 200/246/200 199/245/199 207/255/207
f 199/245/199 197/247/197 205/257/205
f 210/258/210 212/271/212 204/259/204
f 212/261/212 211/263/211 203/262/203
f 211/263/211 209/274/209 201/252/201
f 214/264/214 206/682/206 208/265/208
f 216/267/216 208/256/208 207/255/207
f 207/255/207 205/257/205 213/269/213
f 218/270/218 220/281/220 212/271/212
f 220/272/220 219/273/219 211/263/211
f 219/273/219 217/284/217 209/274/209
f 222/275/222 214/264/214 216/266/216
f 216/267/216 215/268/215 223/277/223
f 223/277/223 215/268/215 213/269/213
f 226/280/226 228/291/228 220/281/220
f 228/282/228 227/283/227 219/273/219
f 227/283/227 225/294/225 217/284/217
f 222/275/222 224/276/224 232/285/232
f 232/287/232 224/278/224 223/277/223
f 223/277/223 221/279/221 229/289/229
f 226/280/226 234/300/234 236/290/236
f 236/292/236 235/293/235 227/283/227
f 235/293/235 233/304/233 225/294/225
f 230/286/230 232/285/232 240/295/240
f 232/287/232 231/288/231 239/297/239
f 231/288/231 229/289/229 237/299/237
f 234/300/234 242/310/242 244/301/244
f 236/292/236 244/312/244 243/302/243
f 235/293/235 243/302/243 241/303/241
f 238/296/238 240/295/240 248/305/248
f 240/298/240 239/297/239 247/307/247
f 239/297/239 237/299/237 245/309/245
f 242/310/242 250/321/250 252/311/252
f 244/312/244 252/323/252 251/313/251
f 243/302/243 251/313/251 249/314/249
f 246/306/246 248/305/248 256/315/256
f 248/308/248 247/307/247 255/317/255
f 247/307/247 245/309/245 253/319/253
f 258/320/258 260/331/260 252/311/252
f 260/322/260 259/324/259 251/313/251
f 259/324/259 257/334/257 249/314/249
f 262/325/262 254/316/254 256/315/256
f 264/327/264 256/318/256 255/317/255
f 263/328/263 255/317/255 253/319/253
f 266/330/266 268/341/268 260/331/260
f 268/332/268 267/333/267 259/324/259
f 267/333/267 265/343/265 257/334/257
f 270/335/270 262/325/262 264/326/264
f 272/337/272 264/327/264 263/328/263
f 271/338/271 263/328/263 261/329/261
f 274/340/274 276/350/276 268/341/268
f 268/332/268 276/351/276 275/342/275
f 275/342/275 273/354/273 265/343/265
f 278/344/278 270/335/270 272/336/272
f 272/337/272 271/338/271 279/346/279
f 271/338/271 269/339/269 277/348/277
f 282/349/282 284/361/284 276/350/276
f 276/351/276 284/363/284 283/352/283
f 275/342/275 283/352/283 281/353/281
f 278/344/278 280/345/280 288/355/288
f 280/347/280 279/346/279 287/357/287
f 279/346/279 277/348/277 285/359/285
f 282/349/282 290/370/290 292/360/292
f 292/362/292 291/373/291 283/352/283
f 283/352/283 291/373/291 289/364/289
f 286/356/286 288/355/288 296/365/296
f 288/358/288 287/357/287 295/367/295
f 287/357/287 285/359/285 293/369/293
f 290/370/290 298/683/298 300/371/300
f 292/362/292 300/383/300 299/372/299
f 291/373/291 299/372/299 297/374/297
f 294/366/294 296/365/296 304/375/304
f 296/368/296 295/367/295 303/377/303
f 295/367/295 293/369/293 301/379/301
f 298/380/298 306/391/306 308/381/308
f 300/383/300 308/394/308 307/384/307
f 307/384/307 305/396/305 297/374/297
f 302/385/302 304/1207/304 312/386/312
f 312/388/312 304/378/304 303/377/303
f 311/389/311 303/377/303 301/379/301
f 306/391/306 314/402/314 316/392/316
f 316/393/316 315/395/315 307/384/307
f 315/395/315 313/405/313 305/396/305
f 310/387/310 312/386/312 320/397/320
f 320/399/320 312/388/312 311/389/311
f 319/400/319 311/389/311 309/390/309
f 314/402/314 322/411/322 324/403/324
f 316/393/316 324/413/324 323/404/323
f 323/404/323 321/415/321 313/405/313
f 318/398/318 320/397/320 328/406/328
f 328/408/328 320/399/320 319/400/319
f 327/409/327 319/400/319 317/401/317
f 322/411/322 330/422/330 332/412/332
f 324/413/324 332/1208/332 331/414/331
f 331/414/331 329/426/329 321/415/321
f 326/407/326 328/406/328 336/416/336
f 336/418/336 328/408/328 327/409/327
f 335/419/335 327/409/327 325/410/325
f 338/421/338 340/433/340 332/412/332
f 332/412/332 340/433/340 339/423/339
f 331/414/331 339/436/339 337/425/337
f 334/417/334 336/416/336 344/427/344
f 336/418/336 335/419/335 343/429/343
f 335/419/335 333/420/333 341/431/341
f 346/432/346 348/443/348 340/433/340
f 340/433/340 348/443/348 347/434/347
f 347/435/347 345/446/345 337/425/337
f 342/428/342 344/427/344 352/437/352
f 344/430/344 343/429/343 351/439/351
f 343/429/343 341/431/341 349/441/349
f 354/442/354 356/444/356 348/443/348
f 356/444/356 355/454/355 347/434/347
f 355/445/355 353/456/353 345/446/345
f 350/438/350 352/437/352 360/447/360
f 360/449/360 352/440/352 351/439/351
f 351/439/351 349/441/349 357/451/357
f 362/452/362 364/453/364 356/444/356
f 364/453/364 363/1209/363 355/454/355
f 363/455/363 361/466/361 353/456/353
f 358/448/358 360/447/360 368/457/368
f 368/459/368 360/449/360 359/450/359
f 367/460/367 359/450/359 357/451/357
f 370/462/370 372/473/372 364/453/364
f 364/463/364 372/474/372 371/464/371
f 363/455/363 371/464/371 369/465/369
f 374/467/374 366/458/366 368/457/368
f 376/469/376 368/459/368 367/460/367
f 367/460/367 365/461/365 373/471/373
f 378/472/378 380/483/380 372/473/372
f 372/474/372 380/484/380 379/475/379
f 371/464/371 379/475/379 377/476/377
f 382/477/382 374/467/374 376/468/376
f 384/479/384 376/469/376 375/470/375
f 375/470/375 373/471/373 381/481/381
f 386/482/386 388/493/388 380/483/380
f 380/484/380 388/494/388 387/485/387
f 379/475/379 387/485/387 385/486/385
f 390/487/390 382/477/382 384/478/384
f 384/479/384 383/480/383 391/489/391
f 383/480/383 381/481/381 389/491/389
f 394/492/394 396/1210/396 388/493/388
f 388/494/388 396/506/396 395/495/395
f 387/485/387 395/495/395 393/496/393
f 398/497/398 390/487/390 392/488/392
f 400/499/400 392/490/392 391/489/391
f 391/489/391 389/491/389 397/501/397
f 402/502/402 404/515/404 396/503/396
f 404/505/404 403/507/403 395/495/395
f 403/507/403 401/518/401 393/496/393
f 406/508/406 398/1211/398 400/509/400
f 408/511/408 400/499/400 399/500/399
f 407/512/407 399/500/399 397/501/397
f 410/514/410 412/525/412 404/515/404
f 412/516/412 411/517/411 403/507/403
f 411/517/411 409/528/409 401/518/401
f 414/519/414 406/508/406 408/510/408
f 408/511/408 407/512/407 415/521/415
f 415/521/415 407/512/407 405/513/405
f 418/524/418 420/535/420 412/525/412
f 420/526/420 419/527/419 411/517/411
f 419/527/419 417/538/417 409/528/409
f 414/519/414 416/520/416 424/529/424
f 424/531/424 416/522/416 415/521/415
f 423/532/423 415/521/415 413/523/413
f 418/524/418 426/544/426 428/534/428
f 428/536/428 427/537/427 419/527/419
f 427/537/427 425/548/425 417/538/417
f 422/530/422 424/529/424 432/539/432
f 432/541/432 424/531/424 423/532/423
f 423/532/423 421/533/421 429/543/429
f 426/544/426 434/554/434 436/545/436
f 428/536/428 436/556/436 435/546/435
f 427/537/427 435/546/435 433/547/433
f 430/540/430 432/539/432 440/549/440
f 432/541/432 431/542/431 439/551/439
f 431/542/431 429/543/429 437/553/437
f 434/554/434 442/565/442 444/555/444
f 436/556/436 444/567/444 443/557/443
f 435/546/435 443/557/443 441/558/441
f 438/550/438 440/549/440 448/559/448
f 440/552/440 439/551/439 447/561/447
f 439/551/439 437/553/437 445/563/445
f 450/564/450 452/575/452 444/555/444
f 452/566/452 451/568/451 443/557/443
f 451/568/451 449/578/449 441/558/441
f 454/569/454 446/560/446 448/559/448
f 456/571/456 448/562/448 447/561/447
f 455/572/455 447/561/447 445/563/445
f 458/574/458 460/585/460 452/575/452
f 460/576/460 459/577/459 451/568/451
f 459/577/459 457/588/457 449/578/449
f 462/579/462 454/569/454 456/570/456
f 464/581/464 456/571/456 455/572/455
f 463/582/463 455/572/455 453/573/453
f 466/584/466 468/595/468 460/585/460
f 468/586/468 467/587/467 459/577/459
f 467/587/467 465/597/465 457/588/457
f 470/589/470 462/579/462 464/580/464
f 464/581/464 463/582/463 471/591/471
f 463/582/463 461/583/461 469/593/469
f 474/594/474 476/604/476 468/595/468
f 468/586/468 476/606/476 475/596/475
f 475/596/475 473/608/473 465/597/465
f 470/589/470 472/590/472 480/598/480
f 472/592/472 471/591/471 479/600/479
f 471/591/471 469/593/469 477/602/477
f 474/594/474 482/614/482 484/603/484
f 484/605/484 483/617/483 475/596/475
f 475/596/475 483/617/483 481/607/481
f 478/599/478 480/598/480 488/609/488
f 480/601/480 479/600/479 487/611/487
f 479/600/479 477/602/477 485/613/485
f 482/614/482 490/684/490 492/615/492
f 484/605/484 492/627/492 491/616/491
f 491/616/491 489/629/489 481/607/481
f 486/610/486 488/609/488 496/618/496
f 488/612/488 487/611/487 495/620/495
f 487/611/487 485/613/485 493/622/493
f 490/623/490 498/637/498 500/624/500
f 500/626/500 499/628/499 491/616/491
f 499/628/499 497/640/497 489/629/489
f 494/630/494 496/1212/496 504/631/504
f 496/621/496 495/620/495 503/633/503
f 503/633/503 495/620/495 493/622/493
f 506/636/506 508/647/508 500/624/500
f 508/638/508 507/639/507 499/628/499
f 507/639/507 505/650/505 497/640/497
f 502/632/502 504/631/504 512/641/512
f 512/643/512 504/634/504 503/633/503
f 511/644/511 503/633/503 501/635/501
f 514/646/514 516/657/516 508/647/508
f 516/648/516 515/649/515 507/639/507
f 515/649/515 513/660/513 505/650/505
f 510/642/510 512/641/512 520/651/520
f 512/643/512 511/644/511 519/653/519
f 519/653/519 511/644/511 509/645/509
f 522/656/522 524/667/524 516/657/516
f 524/658/524 523/659/523 515/649/515
f 523/659/523 521/671/521 513/660/513
f 518/652/518 520/651/520 528/661/528
f 520/654/520 519/653/519 527/663/527
f 527/663/527 519/653/519 517/655/517
f 530/666/530 532/677/532 524/667/524
f 524/667/524 532/677/532 531/668/531
f 523/659/523 531/678/531 529/670/529
f 526/662/526 528/661/528 536/672/536
f 528/664/528 527/663/527 535/674/535
f 527/663/527 525/665/525 533/676/533
f 154/195/154 156/194/156 532/677/532
f 532/677/532 156/194/156 155/197/155
f 155/200/155 153/199/153 529/670/529
f 534/673/534 536/672/536 160/679/160
f 536/675/536 535/674/535 159/205/159
f 535/674/535 533/676/533 157/681/157
f 529/670/529 153/199/153 161/212/161
f 161/212/161 169/222/169 177/221/177
f 177/221/177 185/232/185 193/242/193
f 193/242/193 201/252/201 209/274/209
f 209/274/209 217/284/217 225/294/225
f 225/294/225 233/304/233 241/303/241
f 241/303/241 249/314/249 257/334/257
f 257/334/257 265/343/265 273/354/273
f 273/354/273 281/353/281 289/364/289
f 289/364/289 297/374/297 305/396/305
f 305/396/305 313/405/313 321/415/321
f 321/415/321 329/426/329 337/425/337
f 337/425/337 345/446/345 353/456/353
f 353/456/353 361/466/361 369/465/369
f 369/465/369 377/476/377 385/486/385
f 385/486/385 393/496/393 401/518/401
f 401/518/401 409/528/409 417/538/417
f 417/538/417 425/548/425 433/547/433
f 433/547/433 441/558/441 449/578/449
f 449/578/449 457/588/457 465/597/465
f 465/597/465 473/608/473 481/607/481
f 481/607/481 489/629/489 497/640/497
f 497/640/497 505/650/505 513/660/513
f 513/660/513 521/671/521 529/670/529
f 529/670/529 161/212/161 177/221/177
f 177/221/177 193/242/193 209/274/209
f 209/274/209 225/294/225 241/303/241
f 241/303/241 257/334/257 273/354/273
f 273/354/273 289/364/289 305/396/305
f 305/396/305 321/415/321 337/425/337
f 337/425/337 353/456/353 369/465/369
f 369/465/369 385/486/385 401/518/401
f 401/518/401 417/538/417 433/547/433
f 433/547/433 449/578/449 465/597/465
f 465/597/465 481/607/481 497/640/497
f 497/640/497 513/660/513 529/670/529
f 529/670/529 177/221/177 209/274/209
f 209/274/209 241/303/241 273/354/273
f 273/354/273 305/396/305 337/425/337
f 337/425/337 369/465/369 401/518/401
f 401/518/401 433/547/433 465/597/465
f 465/597/465 497/640/497 529/670/529
f 529/670/529 209/274/209 273/354/273
f 273/354/273 337/425/337 401/518/401
f 401/518/401 465/597/465 529/670/529
f 158/201/158 166/203/166 162/193/162
f 534/673/534 158/201/158 154/195/154
f 173/217/173 165/207/165 157/681/157
f 157/681/157 533/676/533 525/665/525
f 525/665/525 517/655/517 509/645/509
f 509/645/509 501/635/501 493/622/493
f 493/622/493 485/613/485 477/602/477
f 477/602/477 469/593/469 461/583/461
f 461/583/461 453/573/453 445/563/445
f 445/563/445 437/553/437 429/543/429
f 429/543/429 421/533/421 413/523/413
f 413/523/413 405/513/405 397/501/397
f 397/501/397 389/491/389 381/481/381
f 381/481/381 373/471/373 365/461/365
f 365/461/365 357/451/357 349/441/349
f 349/441/349 341/431/341 333/420/333
f 333/420/333 325/410/325 317/401/317
f 317/401/317 309/390/309 301/379/301
f 301/379/301 293/369/293 285/359/285
f 285/359/285 277/348/277 269/339/269
f 269/339/269 261/329/261 253/319/253
f 253/319/253 245/309/245 237/299/237
f 237/299/237 229/289/229 221/279/221
f 221/279/221 213/269/213 205/257/205
f 205/257/205 197/247/197 189/237/189
f 189/237/189 181/227/181 173/217/173
f 173/217/173 157/681/157 525/665/525
f 525/665/525 509/645/509 493/622/493
f 493/622/493 477/602/477 461/583/461
f 461/583/461 445/563/445 429/543/429
f 429/543/429 413/523/413 397/501/397
f 397/501/397 381/481/381 365/461/365
f 365/461/365 349/441/349 333/420/333
f 333/420/333 317/401/317 301/379/301
f 301/379/301 285/359/285 269/339/269
f 269/339/269 253/319/253 237/299/237
f 237/299/237 221/279/221 205/257/205
f 205/257/205 189/237/189 173/217/173
f 173/217/173 525/665/525 493/622/493
f 493/622/493 461/583/461 429/543/429
f 429/543/429 397/501/397 365/461/365
f 365/461/365 333/420/333 301/379/301
f 301/379/301 269/339/269 237/299/237
f 237/299/237 205/257/205 173/217/173
f 173/217/173 493/622/493 429/543/429
f 429/543/429 365/461/365 301/379/301
f 301/379/301 237/299/237 173/217/173
f 166/203/166 174/214/174 170/208/170
f 174/214/174 182/224/182 178/218/178
f 182/224/182 190/234/190 186/228/186
f 190/234/190 198/244/198 194/238/194
f 198/244/198 206/253/206 202/248/202
f 206/682/206 214/264/214 210/258/210
f 214/264/214 222/275/222 218/270/218
f 222/275/222 230/286/230 226/280/226
f 230/286/230 238/296/238 234/300/234
f 234/300/234 238/296/238 246/306/246
f 246/306/246 254/316/254 250/321/250
f 254/316/254 262/325/262 258/320/258
f 262/325/262 270/335/270 266/330/266
f 270/335/270 278/344/278 274/340/274
f 278/344/278 286/356/286 282/349/282
f 286/356/286 294/366/294 290/370/290
f 294/366/294 302/376/302 298/683/298
f 302/385/302 310/387/310 306/391/306
f 310/387/310 318/398/318 314/402/314
f 318/398/318 326/407/326 322/411/322
f 326/407/326 334/417/334 330/422/330
f 334/417/334 342/428/342 338/421/338
f 342/428/342 350/438/350 346/432/346
f 350/438/350 358/448/358 354/442/354
f 358/448/358 366/458/366 362/452/362
f 366/458/366 374/467/374 370/462/370
f 374/467/374 382/477/382 378/472/378
f 382/477/382 390/487/390 386/482/386
f 390/487/390 398/497/398 394/492/394
f 394/504/394 398/1211/398 406/508/406
f 406/508/406 414/519/414 410/514/410
f 410/514/410 414/519/414 422/530/422
f 422/530/422 430/540/430 426/544/426
f 430/540/430 438/550/438 434/554/434
f 438/550/438 446/560/446 442/565/442
f 446/560/446 454/569/454 450/564/450
f 450/564/450 454/569/454 462/579/462
f 462/579/462 470/589/470 466/584/466
f 470/589/470 478/599/478 474/594/474
f 478/599/478 486/610/486 482/614/482
f 482/614/482 486/610/486 494/619/494
f 494/630/494 502/632/502 498/637/498
f 502/632/502 510/642/510 506/636/506
f 510/642/510 518/652/518 514/646/514
f 518/652/518 526/662/526 522/656/522
f 526/662/526 534/673/534 530/666/530
f 546/685/546 548/702/548 540/686/540
f 540/686/540 548/702/548 547/688/547
f 547/690/547 545/706/545 537/691/537
f 550/693/550 542/1176/542 544/694/544
f 552/695/552 544/694/544 543/696/543
f 551/698/551 543/1177/543 541/699/541
f 546/685/546 554/713/554 556/701/556
f 556/703/556 555/705/555 547/690/547
f 555/705/555 553/716/553 545/706/545
f 550/693/550 552/695/552 560/707/560
f 560/709/560 552/1213/552 551/698/551
f 559/710/559 551/698/551 549/700/549
f 562/712/562 564/723/564 556/701/556
f 564/714/564 563/715/563 555/705/555
f 563/715/563 561/726/561 553/716/553
f 566/717/566 558/708/558 560/707/560
f 568/719/568 560/709/560 559/710/559
f 567/720/567 559/710/559 557/711/557
f 570/722/570 572/733/572 564/723/564
f 564/714/564 572/735/572 571/724/571
f 563/715/563 571/724/571 569/725/569
f 574/727/574 566/717/566 568/718/568
f 568/719/568 567/720/567 575/729/575
f 567/720/567 565/721/565 573/731/573
f 578/732/578 580/743/580 572/733/572
f 580/734/580 579/745/579 571/724/571
f 571/724/571 579/745/579 577/736/577
f 582/737/582 574/727/574 576/728/576
f 576/730/576 575/729/575 583/739/583
f 575/729/575 573/731/573 581/741/581
f 586/742/586 588/1214/588 580/743/580
f 580/734/580 588/756/588 587/744/587
f 579/745/579 587/744/587 585/746/585
f 582/737/582 584/738/584 592/747/592
f 584/740/584 583/739/583 591/749/591
f 583/739/583 581/741/581 589/751/589
f 586/752/586 594/765/594 596/753/596
f 596/755/596 595/757/595 587/744/587
f 595/757/595 593/768/593 585/746/585
f 590/758/590 592/1215/592 600/759/600
f 600/761/600 592/750/592 591/749/591
f 599/762/599 591/749/591 589/751/589
f 602/764/602 604/775/604 596/753/596
f 604/766/604 603/767/603 595/757/595
f 603/767/603 601/778/601 593/768/593
f 598/760/598 600/759/600 608/769/608
f 608/771/608 600/761/600 599/762/599
f 607/772/607 599/762/599 597/763/597
f 602/764/602 610/785/610 612/774/612
f 612/776/612 611/777/611 603/767/603
f 611/777/611 609/787/609 601/778/601
f 606/770/606 608/769/608 616/779/616
f 616/781/616 608/771/608 607/772/607
f 615/782/615 607/772/607 605/773/605
f 618/784/618 620/794/620 612/774/612
f 612/776/612 620/1216/620 619/786/619
f 619/786/619 617/798/617 609/787/609
f 622/788/622 614/780/614 616/779/616
f 616/781/616 615/782/615 623/790/623
f 623/790/623 615/782/615 613/783/613
f 618/784/618 626/805/626 628/793/628
f 620/794/620 628/793/628 627/795/627
f 619/786/619 627/808/627 625/797/625
f 622/788/622 624/789/624 632/799/632
f 624/789/624 623/1217/623 631/801/631
f 623/790/623 621/792/621 629/802/629
f 634/804/634 636/815/636 628/793/628
f 628/793/628 636/815/636 635/806/635
f 635/807/635 633/817/633 625/797/625
f 638/809/638 630/800/630 632/799/632
f 632/799/632 631/801/631 639/811/639
f 631/803/631 629/802/629 637/812/637
f 634/804/634 642/824/642 644/814/644
f 644/814/644 643/826/643 635/806/635
f 643/816/643 641/828/641 633/817/633
f 638/809/638 640/810/640 648/818/648
f 648/818/648 640/810/640 639/811/639
f 639/813/639 637/812/637 645/821/645
f 650/823/650 652/825/652 644/814/644
f 652/825/652 651/1218/651 643/826/643
f 651/827/651 649/838/649 641/828/641
f 654/829/654 646/819/646 648/818/648
f 656/830/656 648/818/648 647/820/647
f 655/832/655 647/822/647 645/821/645
f 650/823/650 658/845/658 660/834/660
f 660/835/660 659/847/659 651/827/651
f 651/827/651 659/847/659 657/837/657
f 654/829/654 656/830/656 664/839/664
f 664/841/664 656/1219/656 655/832/655
f 655/832/655 653/833/653 661/843/661
f 666/844/666 668/855/668 660/834/660
f 660/835/660 668/856/668 667/846/667
f 659/847/659 667/846/667 665/848/665
f 670/849/670 662/840/662 664/839/664
f 664/841/664 663/842/663 671/851/671
f 663/842/663 661/843/661 669/853/669
f 674/854/674 676/865/676 668/855/668
f 668/856/668 676/866/676 675/857/675
f 667/846/667 675/857/675 673/858/673
f 670/849/670 672/850/672 680/859/680
f 672/852/672 671/851/671 679/861/679
f 671/851/671 669/853/669 677/863/677
f 682/864/682 684/1220/684 676/865/676
f 676/866/676 684/878/684 683/867/683
f 675/857/675 683/867/683 681/868/681
f 686/869/686 678/860/678 680/859/680
f 680/862/680 679/861/679 687/871/687
f 679/861/679 677/863/677 685/873/685
f 690/874/690 692/887/692 684/875/684
f 692/877/692 691/879/691 683/867/683
f 691/879/691 689/890/689 681/868/681
f 686/880/686 688/1221/688 696/881/696
f 696/883/696 688/872/688 687/871/687
f 695/884/695 687/871/687 685/873/685
f 690/874/690 698/896/698 700/886/700
f 700/888/700 699/889/699 691/879/691
f 699/889/699 697/900/697 689/890/689
f 694/882/694 696/881/696 704/891/704
f 696/883/696 695/884/695 703/893/703
f 703/893/703 695/884/695 693/885/693
f 698/896/698 706/906/706 708/897/708
f 708/898/708 707/899/707 699/889/699
f 707/899/707 705/910/705 697/900/697
f 702/892/702 704/891/704 712/901/712
f 712/903/712 704/894/704 703/893/703
f 711/904/711 703/893/703 701/895/701
f 706/906/706 714/917/714 716/907/716
f 708/898/708 716/918/716 715/908/715
f 707/899/707 715/908/715 713/909/713
f 710/902/710 712/901/712 720/911/720
f 712/903/712 711/904/711 719/913/719
f 711/904/711 709/905/709 717/915/717
f 722/916/722 724/927/724 716/907/716
f 716/918/716 724/1222/724 723/919/723
f 715/908/715 723/919/723 721/920/721
f 726/921/726 718/912/718 720/911/720
f 720/914/720 719/913/719 727/923/727
f 719/913/719 717/915/717 725/925/725
f 722/916/722 730/938/730 732/926/732
f 724/927/724 732/926/732 731/928/731
f 723/919/723 731/940/731 729/930/729
f 726/921/726 728/922/728 736/931/736
f 736/931/736 728/922/728 727/933/727
f 727/923/727 725/925/725 733/935/733
f 738/937/738 740/950/740 732/926/732
f 740/939/740 739/952/739 731/940/731
f 731/940/731 739/952/739 737/942/737
f 742/943/742 734/932/734 736/931/736
f 736/945/736 735/936/735 743/946/743
f 743/946/743 735/936/735 733/935/733
f 738/937/738 746/959/746 748/949/748
f 748/951/748 747/953/747 739/952/739
f 747/953/747 745/963/745 737/942/737
f 742/943/742 744/944/744 752/954/752
f 752/956/752 744/947/744 743/946/743
f 751/957/751 743/946/743 741/948/741
f 746/959/746 754/969/754 756/960/756
f 756/961/756 755/962/755 747/953/747
f 755/962/755 753/972/753 745/963/745
f 758/964/758 750/955/750 752/954/752
f 760/966/760 752/956/752 751/957/751
f 759/967/759 751/957/751 749/958/749
f 754/969/754 762/979/762 764/970/764
f 756/961/756 764/981/764 763/971/763
f 763/971/763 761/983/761 753/972/753
f 766/973/766 758/964/758 760/965/760
f 760/966/760 759/967/759 767/975/767
f 759/967/759 757/968/757 765/977/765
f 770/978/770 772/990/772 764/970/764
f 772/980/772 771/992/771 763/971/763
f 763/971/763 771/992/771 769/982/769
f 774/984/774 766/973/766 768/974/768
f 768/976/768 767/975/767 775/986/775
f 767/975/767 765/977/765 773/988/773
f 770/978/770 778/1179/778 780/989/780
f 772/980/772 780/1003/780 779/991/779
f 771/992/771 779/991/779 777/993/777
f 774/984/774 776/985/776 784/994/784
f 776/987/776 775/986/775 783/996/783
f 775/986/775 773/988/773 781/998/781
f 778/999/778 786/1012/786 788/1000/788
f 788/1002/788 787/1004/787 779/991/779
f 787/1004/787 785/1015/785 777/993/777
f 782/1005/782 784/1223/784 792/1006/792
f 792/1008/792 784/997/784 783/996/783
f 791/1009/791 783/996/783 781/998/781
f 794/1011/794 796/1022/796 788/1000/788
f 796/1013/796 795/1014/795 787/1004/787
f 795/1014/795 793/1025/793 785/1015/785
f 790/1007/790 792/1006/792 800/1016/800
f 800/1018/800 792/1008/792 791/1009/791
f 799/1019/799 791/1009/791 789/1010/789
f 794/1011/794 802/1032/802 804/1021/804
f 804/1023/804 803/1024/803 795/1014/795
f 803/1024/803 801/1034/801 793/1025/793
f 798/1017/798 800/1016/800 808/1026/808
f 808/1028/808 800/1018/800 799/1019/799
f 807/1029/807 799/1019/799 797/1020/797
f 810/1031/810 812/1041/812 804/1021/804
f 804/1023/804 812/1042/812 811/1033/811
f 811/1033/811 809/1045/809 801/1034/801
f 814/1035/814 806/1027/806 808/1026/808
f 808/1028/808 807/1029/807 815/1037/815
f 815/1037/815 807/1029/807 805/1030/805
f 810/1031/810 818/1052/818 820/1040/820
f 812/1042/812 820/1053/820 819/1043/819
f 811/1033/811 819/1043/819 817/1044/817
f 814/1035/814 816/1036/816 824/1046/824
f 816/1038/816 815/1037/815 823/1048/823
f 815/1037/815 813/1039/813 821/1050/821
f 826/1051/826 828/1061/828 820/1040/820
f 820/1053/820 828/1063/828 827/1054/827
f 827/1054/827 825/1065/825 817/1044/817
f 830/1055/830 822/1047/822 824/1046/824
f 824/1049/824 823/1048/823 831/1057/831
f 823/1048/823 821/1050/821 829/1059/829
f 826/1051/826 834/1072/834 836/1060/836
f 836/1062/836 835/1064/835 827/1054/827
f 835/1064/835 833/1075/833 825/1065/825
f 830/1055/830 832/1056/832 840/1066/840
f 840/1068/840 832/1058/832 831/1057/831
f 831/1057/831 829/1059/829 837/1070/837
f 842/1071/842 844/1082/844 836/1060/836
f 844/1073/844 843/1074/843 835/1064/835
f 843/1074/843 841/1085/841 833/1075/833
f 846/1076/846 838/1067/838 840/1066/840
f 848/1078/848 840/1068/840 839/1069/839
f 847/1079/847 839/1069/839 837/1070/837
f 842/1071/842 850/1092/850 852/1081/852
f 852/1083/852 851/1094/851 843/1074/843
f 843/1074/843 851/1094/851 849/1084/849
f 846/1076/846 848/1077/848 856/1086/856
f 856/1088/856 848/1078/848 847/1079/847
f 847/1079/847 845/1080/845 853/1090/853
f 858/1091/858 860/1102/860 852/1081/852
f 852/1083/852 860/1103/860 859/1093/859
f 851/1094/851 859/1093/859 857/1095/857
f 862/1096/862 854/1087/854 856/1086/856
f 856/1088/856 855/1089/855 863/1098/863
f 855/1089/855 853/1090/853 861/1100/861
f 866/1101/866 868/1112/868 860/1102/860
f 860/1103/860 868/1113/868 867/1104/867
f 859/1093/859 867/1104/867 865/1105/865
f 862/1096/862 864/1097/864 872/1106/872
f 864/1099/864 863/1098/863 871/1108/871
f 863/1098/863 861/1100/861 869/1110/869
f 874/1111/874 876/1224/876 868/1112/868
f 868/1113/868 876/1125/876 875/1114/875
f 867/1104/867 875/1114/875 873/1115/873
f 878/1116/878 870/1107/870 872/1106/872
f 872/1109/872 871/1108/871 879/1118/879
f 871/1108/871 869/1110/869 877/1120/877
f 882/1121/882 884/1134/884 876/1122/876
f 884/1124/884 883/1126/883 875/1114/875
f 883/1126/883 881/1137/881 873/1115/873
f 886/1127/886 878/1180/878 880/1128/880
f 888/1130/888 880/1119/880 879/1118/879
f 887/1131/887 879/1118/879 877/1120/877
f 882/1121/882 890/1143/890 892/1133/892
f 892/1135/892 891/1136/891 883/1126/883
f 891/1136/891 889/1147/889 881/1137/881
f 886/1127/886 888/1129/888 896/1138/896
f 888/1130/888 887/1131/887 895/1140/895
f 895/1140/895 887/1131/887 885/1132/885
f 890/1143/890 898/1153/898 900/1144/900
f 900/1145/900 899/1146/899 891/1136/891
f 899/1146/899 897/1157/897 889/1147/889
f 902/1148/902 894/1139/894 896/1138/896
f 904/1150/904 896/1141/896 895/1140/895
f 895/1140/895 893/1142/893 901/1152/901
f 898/1153/898 906/1164/906 908/1154/908
f 900/1145/900 908/1165/908 907/1155/907
f 899/1146/899 907/1155/907 905/1156/905
f 910/1158/910 902/1148/902 904/1149/904
f 904/1150/904 903/1151/903 911/1160/911
f 903/1151/903 901/1152/901 909/1162/909
f 914/1163/914 916/1173/916 908/1154/908
f 908/1165/908 916/1175/916 915/1166/915
f 907/1155/907 915/1166/915 913/1167/913
f 918/1168/918 910/1158/910 912/1159/912
f 912/1161/912 911/1160/911 919/1170/919
f 911/1160/911 909/1162/909 917/1172/917
f 914/1163/914 538/687/538 540/686/540
f 540/1174/540 539/692/539 915/1166/915
f 915/1166/915 539/692/539 537/691/537
f 918/1168/918 920/1169/920 544/694/544
f 920/1171/920 919/1170/919 543/1177/543
f 543/1177/543 919/1170/919 917/1172/917
f 913/1167/913 537/691/537 545/706/545
f 545/706/545 553/716/553 561/726/561
f 561/726/561 569/725/569 577/736/577
f 577/736/577 585/746/585 593/768/593
f 593/768/593 601/778/601 609/787/609
f 609/787/609 617/798/617 625/797/625
f 625/797/625 633/817/633 641/828/641
f 641/828/641 649/838/649 657/837/657
f 657/837/657 665/848/665 673/858/673
f 673/858/673 681/868/681 689/890/689
f 689/890/689 697/900/697 705/910/705
f 705/910/705 713/909/713 721/920/721
f 721/920/721 729/930/729 737/942/737
f 737/942/737 745/963/745 753/972/753
f 753/972/753 761/983/761 769/982/769
f 769/982/769 777/993/777 785/1015/785
f 785/1015/785 793/1025/793 801/1034/801
f 801/1034/801 809/1045/809 817/1044/817
f 817/1044/817 825/1065/825 833/1075/833
f 833/1075/833 841/1085/841 849/1084/849
f 849/1084/849 857/1095/857 865/1105/865
f 865/1105/865 873/1115/873 881/1137/881
f 881/1137/881 889/1147/889 897/1157/897
f 897/1157/897 905/1156/905 913/1167/913
f 913/1167/913 545/706/545 561/726/561
f 561/726/561 577/736/577 593/768/593
f 593/768/593 609/787/609 625/797/625
f 625/797/625 641/828/641 657/837/657
f 657/837/657 673/858/673 689/890/689
f 689/890/689 705/910/705 721/920/721
f 721/920/721 737/942/737 753/972/753
f 753/972/753 769/982/769 785/1015/785
f 785/1015/785 801/1034/801 817/1044/817
f 817/1044/817 833/1075/833 849/1084/849
f 849/1084/849 865/1105/865 881/1137/881
f 881/1137/881 897/1157/897 913/1167/913
f 913/1167/913 561/726/561 593/768/593
f 593/768/593 625/797/625 657/837/657
f 657/837/657 689/890/689 721/920/721
f 721/920/721 753/972/753 785/1015/785
f 785/1015/785 817/1044/817 849/1084/849
f 849/1084/849 881/1137/881 913/1167/913
f 913/1167/913 593/768/593 657/837/657
f 657/837/657 721/920/721 785/1015/785
f 785/1015/785 849/1084/849 913/1167/913
f 542/1176/542 550/693/550 546/685/546
f 918/1168/918 542/1176/542 538/687/538
f 557/711/557 549/700/549 541/699/541
f 541/699/541 917/1172/917 909/1162/909
f 909/1162/909 901/1152/901 893/1142/893
f 893/1142/893 885/1132/885 877/1120/877
f 877/1120/877 869/1110/869 861/1100/861
f 861/1100/861 853/1090/853 845/1080/845
f 845/1080/845 837/1070/837 829/1059/829
f 829/1059/829 821/1050/821 813/1039/813
f 813/1039/813 805/1030/805 797/1020/797
f 797/1020/797 789/1010/789 781/998/781
f 781/998/781 773/988/773 765/977/765
f 765/977/765 757/968/757 749/958/749
f 749/958/749 741/948/741 733/935/733
f 733/935/733 725/925/725 717/915/717
f 717/915/717 709/905/709 701/895/701
f 701/895/701 693/885/693 685/873/685
f 685/873/685 677/863/677 669/853/669
f 669/853/669 661/843/661 653/833/653
f 653/833/653 645/821/645 637/812/637
f 637/812/637 629/802/629 621/792/621
f 621/792/621 613/783/613 605/773/605
f 605/773/605 597/763/597 589/751/589
f 589/751/589 581/741/581 573/731/573
f 573/731/573 565/721/565 557/711/557
f 557/711/557 541/699/541 909/1162/909
f 909/1162/909 893/1142/893 877/1120/877
f 877/1120/877 861/1100/861 845/1080/845
f 845/1080/845 829/1059/829 813/1039/813
f 813/1039/813 797/1020/797 781/998/781
f 781/998/781 765/977/765 749/958/749
f 749/958/749 733/935/733 717/915/717
f 717/915/717 701/895/701 685/873/685
f 685/873/685 669/853/669 653/833/653
f 653/833/653 637/812/637 621/792/621
f 621/792/621 605/773/605 589/751/589
f 589/751/589 573/731/573 557/711/557
f 557/711/557 909/1162/909 877/1120/877
f 877/1120/877 845/1080/845 813/1039/813
f 813/1039/813 781/998/781 749/958/749
f 749/958/749 717/915/717 685/873/685
f 685/873/685 653/833/653 621/792/621
f 621/792/621 589/751/589 557/711/557
f 557/711/557 877/1120/877 813/1039/813
f 813/1039/813 749/958/749 685/873/685
f 685/873/685 621/792/621 557/711/557
f 550/693/550 558/708/558 554/713/554
f 558/708/558 566/717/566 562/712/562
f 566/717/566 574/727/574 570/722/570
f 574/727/574 582/737/582 578/732/578
f 582/737/582 590/748/590 586/742/586
f 590/758/590 598/760/598 594/765/594
f 598/760/598 606/770/606 602/764/602
f 602/764/602 606/770/606 614/780/614
f 614/780/614 622/788/622 618/784/618
f 622/788/622 630/800/630 626/805/626
f 630/800/630 638/809/638 634/804/634
f 638/809/638 646/819/646 642/824/642
f 646/819/646 654/829/654 650/823/650
f 654/829/654 662/840/662 658/845/658
f 662/840/662 670/849/670 666/844/666
f 670/849/670 678/860/678 674/854/674
f 678/860/678 686/869/686 682/864/682
f 686/880/686 694/882/694 690/874/690
f 694/882/694 702/892/702 698/896/698
f 702/892/702 710/902/710 706/906/706
f 710/902/710 718/912/718 714/917/714
f 718/912/718 726/921/726 722/916/722
f 726/921/726 734/932/734 730/938/730
f 734/932/734 742/943/742 738/937/738
f 742/943/742 750/955/750 746/959/746
f 750/955/750 758/964/758 754/969/754
f 758/964/758 766/973/766 762/979/762
f 766/973/766 774/984/774 770/978/770
f 774/984/774 782/995/782 778/1179/778
f 782/1005/782 790/1007/790 786/1012/786
f 790/1007/790 798/1017/798 794/1011/794
f 798/1017/798 806/1027/806 802/1032/802
f 806/1027/806 814/1035/814 810/1031/810
f 814/1035/814 822/1047/822 818/1052/818
f 822/1047/822 830/1055/830 826/1051/826
f 830/1055/830 838/1067/838 834/1072/834
f 838/1067/838 846/1076/846 842/1071/842
f 846/1076/846 854/1087/854 850/1092/850
f 850/1092/850 854/1087/854 862/1096/862
f 862/1096/862 870/1107/870 866/1101/866
f 870/1107/870 878/1116/878 874/1111/874
f 878/1180/878 886/1127/886 882/1121/882
f 886/1127/886 894/1139/894 890/1143/890
f 894/1139/894 902/1148/902 898/1153/898
f 902/1148/902 910/1158/910 906/1164/906
f 910/1158/910 918/1168/918 914/1163/914
