# Blender 5.2.2 LTS
# www.blender.org
mtllib left_finger4_lower.mtl
o left_finger4_lower
v -0.005172 -0.004829 -0.018148
v -0.005205 -0.004866 -0.017922
v -0.005198 -0.004658 -0.018185
v -0.005268 -0.004663 -0.017971
v -0.005289 -0.004670 -0.017596
v -0.005204 -0.004266 -0.018208
v -0.005288 -0.004313 -0.017972
v -0.005310 -0.004379 -0.017648
v -0.005217 -0.001770 -0.018199
v -0.005333 -0.000335 -0.017116
v -0.005323 -0.000568 -0.017657
v -0.005006 -0.004861 -0.018190
v -0.005010 -0.004938 -0.017974
v -0.005009 -0.004963 -0.017597
v -0.005010 -0.004665 -0.018292
v -0.005011 -0.004365 -0.018325
v -0.005012 -0.004023 -0.018322
v -0.005007 -0.003783 -0.018305
v -0.005055 -0.002804 -0.018284
v -0.004614 -0.004874 -0.018223
v -0.004668 -0.004968 -0.017983
v -0.004652 -0.004998 -0.017669
v -0.004714 -0.004668 -0.018333
v -0.004715 -0.004366 -0.018365
v -0.004719 -0.004026 -0.018329
v -0.004730 -0.003669 -0.018242
v -0.004582 -0.003571 -0.017972
v -0.004547 -0.003519 -0.017572
v -0.004818 -0.003315 -0.018220
v -0.004688 -0.003284 -0.017988
v -0.004630 -0.003295 -0.017569
v -0.004856 -0.002973 -0.018214
v -0.004737 -0.002968 -0.017986
v -0.004693 -0.002968 -0.017588
v -0.004284 -0.005002 -0.017291
v -0.004374 -0.004670 -0.018332
v -0.004380 -0.004374 -0.018331
v -0.004411 -0.004059 -0.018239
v -0.004309 -0.003955 -0.017987
v -0.004265 -0.003930 -0.017580
v -0.004522 -0.003810 -0.018187
v -0.004419 -0.003736 -0.017588
v -0.003268 -0.004969 -0.017970
v -0.003767 -0.004694 -0.018283
v -0.004034 -0.004398 -0.018239
v -0.003924 -0.004286 -0.017989
v -0.003874 -0.004254 -0.017568
v -0.004176 -0.004182 -0.018185
v -0.004120 -0.004123 -0.017978
v -0.004091 -0.004099 -0.017577
v -0.003330 -0.004881 -0.018180
v -0.003625 -0.004529 -0.018196
v -0.003643 -0.004411 -0.017985
v -0.003608 -0.004382 -0.017596
v -0.003312 -0.004694 -0.018230
v -0.003192 -0.004595 -0.018136
v -0.003307 -0.004510 -0.018000
v -0.003307 -0.004470 -0.017606
v -0.002975 -0.004722 -0.018220
v -0.002835 -0.004602 -0.018128
v -0.002975 -0.004532 -0.017957
v -0.002955 -0.004502 -0.017618
v -0.005226 -0.004878 -0.012359
v -0.005329 -0.004669 -0.011008
v -0.005019 -0.004970 -0.012984
v -0.004714 -0.004995 -0.013173
v -0.004814 -0.002967 -0.006583
v -0.004127 -0.004127 -0.010731
v -0.003345 -0.004471 -0.009208
v -0.005361 -0.004397 -0.010353
v -0.004650 -0.003579 -0.004375
v -0.004312 -0.003960 -0.010476
v -0.003910 -0.004263 -0.012045
v -0.002989 -0.004493 -0.009300
v -0.005318 -0.004239 -0.017150
v -0.005033 -0.004962 -0.000992
v -0.004770 -0.003281 -0.004454
v -0.004514 -0.003800 -0.004413
v -0.003904 -0.004283 -0.008787
v -0.003645 -0.004394 -0.008777
v -0.003320 -0.004469 -0.008296
v -0.002962 -0.004478 -0.008280
v -0.005347 -0.004669 -0.006470
v -0.005437 -0.003908 -0.001275
v -0.004712 -0.004986 -0.000891
v -0.004379 -0.003995 -0.000965
v -0.004184 -0.004162 -0.000892
v -0.003346 -0.004467 -0.000991
v -0.005251 -0.004871 -0.000964
v -0.005374 -0.004658 -0.000952
v -0.005423 -0.004344 -0.000942
v -0.004890 -0.002840 -0.004195
v -0.004658 -0.003599 -0.003264
v -0.004785 -0.003330 -0.003215
v -0.004845 -0.002969 -0.004411
v -0.004859 -0.003066 -0.003695
v -0.004353 -0.004988 -0.001254
v -0.004531 -0.003829 -0.000896
v -0.003968 -0.004289 -0.000959
v -0.003677 -0.004401 -0.000995
v -0.002991 -0.004466 -0.000938
v -0.005237 -0.004861 -0.000565
v -0.005202 -0.004832 -0.000352
v -0.005339 -0.004665 -0.000553
v -0.005243 -0.004660 -0.000299
v -0.005389 -0.004279 -0.000541
v -0.005264 -0.004364 -0.000277
v -0.005432 -0.003966 -0.000877
v -0.005277 -0.003764 -0.000283
v -0.005401 -0.002661 -0.000561
v -0.005284 -0.003114 -0.000326
v -0.005449 -0.000536 -0.001254
v -0.005023 -0.004938 -0.000555
v -0.005017 -0.004861 -0.000303
v -0.005026 -0.004664 -0.000171
v -0.005031 -0.004363 -0.000133
v -0.005034 -0.004019 -0.000155
v -0.005064 -0.003677 -0.000189
v -0.005084 -0.003342 -0.000237
v -0.004912 -0.002914 -0.000968
v -0.004960 -0.002931 -0.000561
v -0.005073 -0.003010 -0.000323
v -0.004642 -0.004962 -0.000558
v -0.004715 -0.004869 -0.000284
v -0.004716 -0.004666 -0.000136
v -0.004715 -0.004366 -0.000120
v -0.004592 -0.003895 -0.000404
v -0.004712 -0.004015 -0.000214
v -0.004666 -0.003626 -0.000959
v -0.004681 -0.003684 -0.000532
v -0.004831 -0.003682 -0.000280
v -0.004797 -0.003361 -0.000915
v -0.004873 -0.003257 -0.000531
v -0.004936 -0.003266 -0.000349
v -0.004877 -0.003128 -0.000945
v -0.004058 -0.004879 -0.000304
v -0.004378 -0.004673 -0.000149
v -0.004389 -0.004401 -0.000169
v -0.004418 -0.004009 -0.000537
v -0.004424 -0.004153 -0.000289
v -0.004539 -0.003843 -0.000639
v -0.004033 -0.004683 -0.000182
v -0.003976 -0.004329 -0.000550
v -0.004058 -0.004427 -0.000275
v -0.004197 -0.004180 -0.000564
v -0.004218 -0.004239 -0.000351
v -0.003604 -0.004721 -0.000206
v -0.003665 -0.004439 -0.000554
v -0.003682 -0.004530 -0.000298
v -0.003324 -0.004496 -0.000558
v -0.003326 -0.004573 -0.000309
v 0.004360 -0.004952 -0.001233
v -0.002658 -0.004714 -0.000201
v -0.002978 -0.004490 -0.000557
v -0.002975 -0.004569 -0.000307
v -0.005299 -0.000936 -0.017972
v -0.005211 -0.000954 -0.018211
v -0.005205 -0.000575 -0.018181
v -0.005283 -0.000544 -0.017967
v -0.005181 -0.000364 -0.018141
v -0.005222 -0.000238 -0.017951
v -0.005291 -0.000197 -0.017651
v -0.005321 -0.000181 -0.017319
v -0.005011 -0.001824 -0.018307
v -0.005014 -0.001575 -0.018327
v -0.005014 -0.001226 -0.018339
v -0.005014 -0.000884 -0.018329
v -0.005012 -0.000575 -0.018285
v -0.005008 -0.000338 -0.018195
v -0.004992 -0.000056 -0.017962
v -0.004857 -0.002627 -0.018214
v -0.004740 -0.002631 -0.017986
v -0.004696 -0.002631 -0.017593
v -0.004822 -0.002283 -0.018221
v -0.004694 -0.002312 -0.017988
v -0.004643 -0.002314 -0.017579
v -0.004734 -0.001926 -0.018242
v -0.004601 -0.002024 -0.017986
v -0.004558 -0.002074 -0.017577
v -0.004722 -0.001570 -0.018332
v -0.004716 -0.001224 -0.018379
v -0.004715 -0.000884 -0.018380
v -0.004714 -0.000574 -0.018325
v -0.004650 -0.000339 -0.018229
v -0.004630 -0.000138 -0.018074
v -0.004530 -0.001781 -0.018186
v -0.004435 -0.001854 -0.017616
v -0.004419 -0.001533 -0.018239
v -0.004301 -0.001601 -0.017991
v -0.004283 -0.001657 -0.017579
v -0.004384 -0.001213 -0.018343
v -0.004375 -0.000882 -0.018379
v -0.004218 -0.000583 -0.018335
v -0.004188 -0.001407 -0.018185
v -0.004108 -0.001482 -0.017601
v -0.004043 -0.001186 -0.018247
v -0.003941 -0.001297 -0.017988
v -0.003907 -0.001334 -0.017579
v -0.004028 -0.000874 -0.018348
v -0.003705 -0.001073 -0.018210
v -0.003591 -0.001131 -0.018004
v -0.003656 -0.001203 -0.017608
v -0.003677 -0.000851 -0.018311
v -0.003368 -0.000560 -0.018298
v -0.003429 -0.000324 -0.018216
v -0.003467 -0.001021 -0.018170
v -0.003396 -0.001108 -0.017590
v -0.003324 -0.000866 -0.018232
v -0.003218 -0.001006 -0.017987
v -0.003179 -0.001059 -0.017577
v -0.002976 -0.000830 -0.018221
v -0.002977 -0.000983 -0.017987
v -0.002974 -0.001046 -0.017571
v -0.002641 -0.000566 -0.018292
v -0.002234 -0.000128 -0.018072
v -0.004138 -0.001459 -0.013040
v -0.003925 -0.001307 -0.013007
v -0.003680 -0.001194 -0.014148
v -0.003421 -0.001101 -0.014135
v -0.003206 -0.001052 -0.013319
v -0.002991 -0.001045 -0.013477
v -0.005449 -0.000220 -0.001633
v -0.004708 -0.002305 -0.011216
v -0.004657 -0.001994 -0.005024
v -0.004536 -0.001784 -0.004910
v -0.003672 -0.001173 -0.012781
v -0.003433 -0.001089 -0.012938
v -0.004835 -0.002626 -0.005105
v -0.004371 -0.001585 -0.004915
v -0.004204 -0.001429 -0.004729
v -0.003994 -0.001291 -0.004938
v -0.003244 -0.001048 -0.007641
v -0.003002 -0.001045 -0.007465
v -0.004779 -0.002296 -0.004523
v -0.003724 -0.001159 -0.005062
v -0.003481 -0.001080 -0.005902
v -0.002804 -0.001069 -0.007675
v -0.004888 -0.002723 -0.004216
v -0.004915 -0.002646 -0.000984
v -0.004867 -0.002522 -0.003803
v -0.004886 -0.002449 -0.000953
v -0.004789 -0.002250 -0.003774
v -0.004661 -0.001968 -0.004051
v -0.004557 -0.001746 -0.000968
v -0.004398 -0.001562 -0.000934
v -0.004209 -0.001397 -0.000966
v -0.003720 -0.001135 -0.000915
v -0.003512 -0.001069 -0.000956
v -0.003296 -0.001044 -0.002195
v -0.002823 -0.001077 -0.000983
v -0.003052 -0.001044 -0.000996
v -0.005443 -0.000927 -0.000877
v -0.005282 -0.002194 -0.000320
v -0.005275 -0.001376 -0.000271
v -0.005399 -0.000948 -0.000540
v -0.005274 -0.000882 -0.000281
v -0.005428 -0.000527 -0.000880
v -0.005373 -0.000537 -0.000558
v -0.005259 -0.000565 -0.000312
v -0.005429 -0.000177 -0.001227
v -0.005382 -0.000186 -0.000887
v -0.005281 -0.000216 -0.000570
v -0.005223 -0.000341 -0.000362
v -0.004974 -0.002656 -0.000556
v -0.005099 -0.002643 -0.000329
v -0.004932 -0.002391 -0.000554
v -0.005058 -0.002285 -0.000300
v -0.005063 -0.001927 -0.000208
v -0.005040 -0.001579 -0.000165
v -0.005017 -0.000965 -0.000117
v -0.005031 -0.000562 -0.000185
v -0.005023 -0.000044 -0.000519
v -0.005024 -0.000307 -0.000295
v -0.004828 -0.002262 -0.000940
v -0.004908 -0.002144 -0.000346
v -0.004698 -0.001975 -0.000950
v -0.004740 -0.001946 -0.000551
v -0.004850 -0.001907 -0.000297
v -0.004603 -0.001691 -0.000534
v -0.004734 -0.001580 -0.000251
v -0.004716 -0.001229 -0.000137
v -0.004717 -0.000882 -0.000094
v -0.004718 -0.000560 -0.000144
v -0.004652 -0.000087 -0.000427
v -0.004656 -0.000305 -0.000257
v -0.004498 -0.001451 -0.000318
v -0.004250 -0.001345 -0.000540
v -0.004369 -0.001212 -0.000245
v -0.004370 -0.000878 -0.000122
v -0.004241 -0.000548 -0.000150
v -0.003985 -0.001257 -0.000951
v -0.004003 -0.001211 -0.000550
v -0.004041 -0.001096 -0.000288
v -0.004021 -0.000856 -0.000164
v -0.003940 -0.000294 -0.000267
v -0.003557 -0.001020 -0.000552
v -0.003803 -0.001039 -0.000336
v -0.003663 -0.000869 -0.000264
v -0.003669 -0.000558 -0.000184
v -0.003282 -0.001037 -0.000936
v -0.003293 -0.000979 -0.000547
v -0.003308 -0.000825 -0.000284
v -0.003208 -0.000545 -0.000197
v -0.002687 -0.001086 -0.000550
v -0.002786 -0.001001 -0.000363
v -0.003024 -0.000993 -0.000552
v -0.002945 -0.000855 -0.000281
v -0.002591 -0.000077 -0.000426
v -0.002455 -0.000285 -0.000262
v -0.002569 -0.004879 -0.018182
v -0.002639 -0.004692 -0.018231
v -0.002305 -0.004520 -0.018202
v -0.002644 -0.004507 -0.018002
v -0.002616 -0.004458 -0.017608
v -0.002278 -0.004697 -0.018273
v -0.002310 -0.004405 -0.017987
v -0.002310 -0.004357 -0.017611
v -0.001595 -0.004872 -0.018212
v -0.001926 -0.004674 -0.018301
v -0.001920 -0.004394 -0.018239
v -0.002019 -0.004273 -0.017997
v -0.002064 -0.004228 -0.017592
v -0.001780 -0.004175 -0.018187
v -0.001859 -0.004072 -0.017634
v -0.001575 -0.004668 -0.018331
v -0.001571 -0.004372 -0.018333
v -0.001543 -0.004052 -0.018243
v -0.001649 -0.003939 -0.017990
v -0.001688 -0.003896 -0.017609
v -0.001432 -0.003798 -0.018194
v -0.001369 -0.003547 -0.018017
v -0.001433 -0.003554 -0.017776
v -0.001537 -0.003686 -0.017253
v -0.001419 -0.003487 -0.017536
v -0.001188 -0.004671 -0.018345
v -0.001225 -0.004365 -0.018384
v -0.001222 -0.004023 -0.018352
v -0.001218 -0.003663 -0.018266
v -0.001131 -0.003314 -0.018246
v -0.001282 -0.003290 -0.018000
v -0.001341 -0.003266 -0.017625
v -0.001078 -0.002805 -0.018243
v -0.001233 -0.002970 -0.017992
v -0.001289 -0.002961 -0.017611
v -0.000904 -0.004346 -0.018406
v -0.000876 -0.003656 -0.018382
v -0.000834 -0.002603 -0.018374
v 0.001877 -0.004950 -0.017979
v -0.000556 -0.003988 -0.018422
v -0.000508 -0.002131 -0.018420
v 0.004710 -0.004961 -0.017675
v 0.000885 -0.004361 -0.018404
v -0.000004 -0.003925 -0.018428
v -0.002355 -0.004327 -0.009258
v -0.002093 -0.004204 -0.012453
v -0.001710 -0.003881 -0.014791
v -0.001563 -0.003663 -0.014016
v -0.001451 -0.003442 -0.013516
v -0.002651 -0.004437 -0.009396
v -0.001943 -0.004038 -0.008017
v -0.002624 -0.004414 -0.008279
v -0.002115 -0.004170 -0.007026
v -0.001766 -0.003845 -0.007667
v -0.001639 -0.003644 -0.006979
v -0.001502 -0.003367 -0.006792
v -0.001427 -0.003142 -0.006629
v -0.001395 -0.002928 -0.006570
v -0.002319 -0.004296 -0.007916
v -0.001909 -0.003992 -0.006757
v -0.001515 -0.003347 -0.004587
v -0.002664 -0.004396 -0.000956
v -0.002375 -0.004280 -0.000973
v -0.002162 -0.004148 -0.000951
v -0.001972 -0.003985 -0.000964
v -0.001789 -0.003816 -0.003645
v -0.001646 -0.003601 -0.003892
v -0.001537 -0.003313 -0.002988
v -0.001440 -0.003076 -0.003897
v -0.001453 -0.002966 -0.002975
v -0.001410 -0.002849 -0.003205
v -0.002643 -0.004426 -0.000550
v -0.002623 -0.004521 -0.000291
v -0.001871 -0.004866 -0.000282
v -0.002346 -0.004313 -0.000544
v -0.002252 -0.004413 -0.000260
v -0.002138 -0.004162 -0.000560
v -0.002094 -0.004209 -0.000330
v -0.001922 -0.004668 -0.000139
v -0.001908 -0.004384 -0.000145
v -0.001945 -0.004005 -0.000548
v -0.001862 -0.004088 -0.000264
v -0.001810 -0.003801 -0.000908
v -0.001788 -0.003812 -0.000559
v -0.001741 -0.003855 -0.000327
v -0.001535 -0.004667 -0.000114
v -0.001571 -0.004369 -0.000079
v -0.001557 -0.004041 -0.000129
v -0.001673 -0.003582 -0.000962
v -0.001637 -0.003604 -0.000542
v -0.001529 -0.003698 -0.000243
v -0.001560 -0.003307 -0.000965
v -0.001525 -0.003307 -0.000547
v -0.001421 -0.003327 -0.000270
v -0.001485 -0.002972 -0.000937
v -0.001462 -0.002972 -0.000552
v -0.001373 -0.002975 -0.000284
v -0.001189 -0.004368 -0.000045
v -0.001222 -0.004027 -0.000053
v -0.001237 -0.003765 -0.000087
v -0.001155 -0.002801 -0.000118
v -0.000969 -0.004066 -0.000031
v -0.000845 -0.003028 -0.000046
v -0.000525 -0.003622 -0.000024
v 0.001863 -0.004857 -0.000282
v 0.000617 -0.004006 -0.000024
v 0.000044 -0.002020 -0.000023
v -0.002486 -0.001024 -0.018171
v -0.002727 -0.001012 -0.017980
v -0.002543 -0.001120 -0.017620
v -0.002629 -0.000867 -0.018232
v -0.002749 -0.001066 -0.017575
v -0.002206 -0.000322 -0.018222
v -0.002248 -0.001076 -0.018211
v -0.002279 -0.001179 -0.017981
v -0.002269 -0.001232 -0.017555
v -0.002274 -0.000852 -0.018313
v -0.002009 -0.000567 -0.018326
v -0.001768 -0.001413 -0.018186
v -0.001989 -0.001320 -0.017991
v -0.001846 -0.001508 -0.017592
v -0.001911 -0.001190 -0.018248
v -0.002031 -0.001364 -0.017576
v -0.001923 -0.000874 -0.018349
v -0.001426 -0.001791 -0.018191
v -0.001617 -0.001663 -0.017989
v -0.001528 -0.001884 -0.017598
v -0.001536 -0.001539 -0.018243
v -0.001674 -0.001685 -0.017596
v -0.001567 -0.001215 -0.018347
v -0.001574 -0.000882 -0.018383
v -0.001501 -0.000570 -0.018339
v -0.001229 -0.002633 -0.017990
v -0.001283 -0.002631 -0.017623
v -0.001127 -0.002286 -0.018244
v -0.001272 -0.002318 -0.017992
v -0.001328 -0.002341 -0.017609
v -0.001213 -0.001932 -0.018261
v -0.001355 -0.002053 -0.017993
v -0.001411 -0.002096 -0.017577
v -0.001220 -0.001573 -0.018354
v -0.001224 -0.001225 -0.018400
v -0.001189 -0.000881 -0.018401
v -0.000873 -0.001929 -0.018386
v -0.000878 -0.001220 -0.018424
v 0.000019 -0.001838 -0.018431
v 0.001186 -0.000877 -0.018402
v 0.002232 -0.000316 -0.018227
v -0.001429 -0.002135 -0.014602
v -0.001515 -0.001933 -0.016142
v -0.001552 -0.001931 -0.013074
v -0.001676 -0.001713 -0.015607
v -0.001301 -0.002646 -0.016165
v -0.001349 -0.002341 -0.015749
v -0.002100 -0.001386 -0.007781
v -0.002587 -0.001135 -0.007567
v -0.002328 -0.001251 -0.007532
v -0.001928 -0.001562 -0.004426
v -0.001494 -0.002230 -0.005806
v -0.001617 -0.001961 -0.006031
v -0.001753 -0.001740 -0.006331
v -0.001393 -0.002656 -0.006502
v -0.002601 -0.001152 -0.000978
v -0.002338 -0.001269 -0.002936
v -0.001419 -0.002443 -0.006573
v -0.001780 -0.001761 -0.002226
v -0.001913 -0.001597 -0.002580
v -0.002110 -0.001417 -0.002795
v -0.001435 -0.002522 -0.003542
v -0.001443 -0.002630 -0.002994
v -0.001511 -0.002252 -0.003609
v -0.001514 -0.002292 -0.003042
v -0.001645 -0.001971 -0.002902
v -0.001409 -0.002737 -0.003197
v -0.002566 -0.001048 -0.000318
v -0.002608 -0.000839 -0.000188
v -0.002633 -0.000545 -0.000163
v -0.002117 -0.001424 -0.000952
v -0.002107 -0.001410 -0.000571
v -0.002072 -0.001371 -0.000352
v -0.002319 -0.001288 -0.000963
v -0.002312 -0.001254 -0.000555
v -0.002232 -0.001162 -0.000274
v -0.002264 -0.000863 -0.000138
v -0.001785 -0.001763 -0.000642
v -0.001727 -0.001727 -0.000344
v -0.001936 -0.001589 -0.000932
v -0.001921 -0.001569 -0.000559
v -0.001848 -0.001497 -0.000285
v -0.001901 -0.001199 -0.000153
v -0.001920 -0.000875 -0.000092
v -0.001856 -0.000555 -0.000129
v -0.001481 -0.002627 -0.000988
v -0.001457 -0.002626 -0.000553
v -0.001371 -0.002624 -0.000286
v -0.001547 -0.002280 -0.001002
v -0.001513 -0.002286 -0.000549
v -0.001414 -0.002269 -0.000275
v -0.001653 -0.001994 -0.000930
v -0.001622 -0.001978 -0.000547
v -0.001521 -0.001892 -0.000255
v -0.001552 -0.001552 -0.000142
v -0.001569 -0.001219 -0.000076
v -0.001574 -0.000879 -0.000065
v -0.001226 -0.001846 -0.000093
v -0.001221 -0.001570 -0.000059
v -0.001224 -0.001224 -0.000041
v -0.001229 -0.000881 -0.000053
v -0.000930 -0.001596 -0.000034
v 0.004220 -0.000061 -0.000412
v -0.000697 -0.001277 -0.000027
v 0.001555 -0.000553 -0.000120
v -0.005186 -0.000015 -0.017834
v -0.005224 0.000111 -0.017611
v -0.005293 0.000152 -0.017302
v -0.005332 0.000148 -0.016918
v -0.005186 0.000335 -0.017485
v -0.005224 0.000461 -0.017261
v -0.005292 0.000501 -0.016952
v -0.005184 0.000684 -0.017134
v -0.005219 0.000803 -0.016909
v -0.005179 0.001005 -0.016781
v -0.005015 0.000196 -0.017696
v -0.004988 0.000527 -0.017382
v -0.004991 0.000842 -0.017061
v -0.005011 0.001073 -0.016808
v -0.004630 0.000077 -0.017868
v -0.004729 0.000795 -0.017144
v -0.004308 0.001437 -0.016510
v -0.003992 0.002156 -0.015795
v -0.005325 0.000523 -0.016548
v -0.005280 0.000828 -0.016604
v -0.005304 0.000861 -0.016168
v -0.005210 0.001071 -0.016570
v -0.005248 0.001116 -0.016263
v -0.005268 0.001135 -0.015923
v -0.005270 0.001183 -0.015503
v -0.005029 0.001245 -0.016561
v -0.005143 0.001330 -0.016252
v -0.005204 0.001366 -0.015919
v -0.005233 0.001393 -0.015477
v -0.004928 0.001418 -0.016436
v -0.004981 0.001547 -0.016212
v -0.005097 0.001600 -0.015903
v -0.005154 0.001619 -0.015570
v -0.005179 0.001623 -0.015151
v -0.004894 0.001744 -0.016087
v -0.004943 0.001865 -0.015863
v -0.005042 0.001896 -0.015555
v -0.005076 0.001919 -0.015220
v -0.005080 0.001954 -0.014791
v -0.004869 0.002068 -0.015736
v -0.004913 0.002141 -0.015521
v -0.004957 0.002201 -0.015213
v -0.004919 0.002366 -0.014829
v -0.004981 0.002238 -0.014493
v -0.004890 0.002463 -0.014055
v -0.004701 0.001268 -0.016653
v -0.004698 0.001604 -0.016298
v -0.004652 0.001907 -0.016005
v -0.004675 0.002132 -0.015763
v -0.004639 0.002391 -0.015458
v -0.004814 0.002401 -0.015224
v -0.004836 0.002490 -0.014916
v -0.004597 0.002652 -0.015130
v -0.004794 0.002647 -0.014429
v -0.004360 0.002031 -0.015912
v -0.004366 0.002340 -0.015586
v -0.004350 0.002655 -0.015245
v -0.003962 0.002931 -0.015012
v -0.004803 0.002701 -0.009947
v -0.005444 0.000177 -0.001980
v -0.005361 0.001194 -0.002666
v -0.005431 0.000519 -0.002307
v -0.005403 0.000868 -0.002639
v -0.005239 0.001744 -0.003361
v -0.005166 0.001964 -0.003695
v -0.005067 0.002229 -0.003744
v -0.004949 0.002501 -0.004009
v -0.004832 0.002730 -0.004402
v -0.005298 0.001509 -0.003335
v -0.005275 0.001568 -0.002700
v -0.005223 0.001746 -0.002854
v -0.005156 0.001966 -0.003329
v -0.005136 0.001922 -0.002979
v -0.005031 0.002240 -0.003338
v -0.004914 0.002325 -0.003088
v -0.004931 0.002500 -0.003683
v -0.004897 0.002477 -0.003368
v -0.004687 0.002332 -0.002921
v -0.004741 0.002854 -0.004024
v -0.004778 0.002718 -0.003690
v -0.004603 0.002763 -0.003428
v -0.004670 0.002506 -0.003108
v -0.004325 0.002668 -0.003206
v -0.003986 0.002508 -0.003012
v -0.005426 0.000173 -0.001577
v -0.005380 0.000164 -0.001236
v -0.005282 0.000135 -0.000915
v -0.005229 0.000016 -0.000685
v -0.005417 0.000523 -0.001927
v -0.005375 0.000514 -0.001586
v -0.005280 0.000485 -0.001265
v -0.005228 0.000366 -0.001034
v -0.005394 0.000872 -0.002279
v -0.005360 0.000863 -0.001938
v -0.005273 0.000835 -0.001616
v -0.005225 0.000715 -0.001385
v -0.005328 0.001208 -0.002294
v -0.005255 0.001182 -0.001971
v -0.005216 0.001065 -0.001737
v -0.005208 0.001599 -0.002400
v -0.005197 0.001406 -0.002099
v -0.005196 0.001734 -0.002642
v -0.005015 0.000266 -0.000827
v -0.005014 0.000616 -0.001177
v -0.005014 0.000971 -0.001534
v -0.005025 0.001285 -0.001869
v -0.005015 0.001620 -0.002237
v -0.005013 0.001465 -0.002042
v -0.005016 0.001919 -0.002664
v -0.005006 0.001779 -0.002422
v -0.004908 0.002120 -0.002786
v -0.004612 0.000148 -0.000651
v -0.004704 0.000631 -0.001144
v -0.004665 0.000966 -0.001476
v -0.004765 0.001510 -0.002039
v -0.004694 0.002013 -0.002575
v -0.004419 0.002093 -0.002612
v -0.004589 0.002832 -0.014818
v -0.004631 0.002884 -0.014511
v -0.004652 0.002911 -0.014122
v -0.004330 0.002832 -0.015063
v -0.004276 0.003082 -0.014762
v -0.004454 0.003088 -0.014502
v -0.004494 0.003132 -0.014196
v -0.004209 0.003364 -0.014408
v -0.004192 0.003501 -0.014121
v -0.003976 0.003257 -0.014662
v -0.003964 0.003516 -0.014361
v -0.003904 0.003724 -0.014070
v -0.003651 0.003607 -0.014322
v -0.003621 0.003874 -0.014014
v -0.003303 0.003809 -0.014138
v -0.004664 0.002952 -0.009805
v -0.004515 0.003141 -0.013740
v -0.004376 0.003336 -0.013739
v -0.004413 0.003329 -0.009853
v -0.004125 0.003624 -0.013818
v -0.004221 0.003539 -0.013434
v -0.004068 0.003718 -0.013402
v -0.003862 0.003871 -0.013772
v -0.003776 0.003995 -0.013453
v -0.003890 0.003909 -0.013091
v -0.003505 0.004129 -0.013671
v -0.003718 0.004073 -0.013052
v -0.003512 0.004204 -0.013424
v -0.003526 0.004228 -0.013116
v -0.003518 0.004248 -0.012729
v -0.003306 0.004060 -0.013847
v -0.003276 0.004210 -0.013662
v -0.003284 0.004315 -0.013422
v -0.003317 0.004369 -0.013114
v -0.003254 0.004440 -0.012841
v -0.003309 0.004413 -0.012268
v -0.002947 0.003994 -0.013961
v -0.002970 0.004247 -0.013674
v -0.002895 0.004484 -0.013362
v -0.003088 0.004496 -0.013106
v -0.003130 0.004539 -0.012336
v -0.002875 0.004620 -0.013071
v -0.002749 0.004746 -0.012725
v -0.002925 0.004666 -0.012356
v -0.004276 0.003555 -0.005036
v -0.003757 0.004095 -0.005490
v -0.003563 0.004260 -0.005747
v -0.004710 0.002945 -0.004427
v -0.004562 0.003179 -0.004579
v -0.004425 0.003364 -0.005085
v -0.004110 0.003747 -0.005144
v -0.003937 0.003925 -0.005393
v -0.003359 0.004416 -0.005838
v -0.003158 0.004557 -0.005790
v -0.002818 0.004760 -0.006184
v -0.002739 0.004783 -0.005815
v -0.004556 0.003029 -0.003793
v -0.004515 0.003220 -0.004320
v -0.004533 0.003154 -0.004072
v -0.004324 0.002921 -0.003480
v -0.004256 0.003401 -0.004118
v -0.004313 0.003191 -0.003815
v -0.004197 0.003623 -0.004689
v -0.004226 0.003543 -0.004417
v -0.004037 0.002988 -0.003507
v -0.003984 0.003322 -0.003870
v -0.003887 0.003810 -0.004494
v -0.003979 0.003560 -0.004155
v -0.003847 0.003992 -0.005055
v -0.003888 0.003910 -0.004766
v -0.003654 0.003638 -0.004171
v -0.003600 0.004088 -0.004791
v -0.003631 0.003916 -0.004504
v -0.003466 0.004326 -0.005421
v -0.003525 0.004247 -0.005121
v -0.003571 0.003148 -0.003652
v -0.003341 0.003714 -0.004224
v -0.003324 0.003993 -0.004528
v -0.003140 0.004494 -0.005224
v -0.003274 0.004258 -0.004860
v -0.003104 0.004561 -0.005401
v -0.003022 0.004118 -0.004634
v -0.002953 0.004440 -0.005029
v -0.002919 0.004572 -0.005223
v -0.003597 0.002983 -0.014971
v -0.000302 0.002578 -0.015384
v 0.004335 0.000145 -0.000608
v -0.002022 0.003806 -0.014153
v -0.001296 0.003709 -0.014238
v -0.001604 0.004079 -0.013877
v -0.001278 0.004057 -0.013870
v 0.000009 0.002824 -0.015137
v -0.001103 0.003258 -0.014698
v -0.000884 0.003375 -0.014552
v -0.000915 0.003543 -0.014368
v -0.000902 0.003712 -0.014116
v -0.001013 0.003878 -0.013992
v -0.000493 0.003058 -0.014888
v -0.000386 0.003181 -0.014718
v -0.000540 0.003358 -0.014467
v -0.000439 0.003425 -0.014157
v -0.000690 0.003500 -0.014340
v -0.000650 0.003572 -0.014124
v 0.000419 0.003013 -0.014939
v -0.000175 0.003281 -0.014475
v -0.000155 0.003333 -0.014165
v -0.002242 0.004551 -0.013398
v -0.002556 0.004569 -0.013343
v -0.002578 0.004735 -0.013059
v -0.002682 0.004803 -0.012334
v -0.002418 0.004848 -0.012967
v -0.002438 0.004885 -0.012814
v -0.002463 0.004911 -0.012360
v -0.002258 0.004761 -0.013144
v -0.002225 0.005001 -0.012415
v -0.002221 0.005015 -0.012034
v -0.001846 0.004750 -0.013206
v -0.001915 0.004925 -0.012971
v -0.001914 0.005038 -0.012722
v -0.001713 0.005166 -0.012367
v -0.001935 0.005119 -0.012013
v -0.001541 0.004561 -0.013398
v -0.001452 0.004825 -0.013131
v -0.001360 0.005032 -0.012894
v -0.001553 0.005112 -0.012712
v -0.001661 0.005205 -0.011980
v -0.001354 0.005217 -0.012601
v -0.001372 0.005256 -0.012420
v -0.001431 0.005262 -0.012043
v -0.001253 0.004239 -0.013695
v -0.001261 0.004424 -0.013512
v -0.001171 0.005310 -0.011996
v -0.000775 0.003796 -0.013805
v -0.000700 0.003824 -0.013470
v -0.000668 0.003797 -0.013059
v -0.000942 0.004004 -0.013769
v -0.000775 0.004059 -0.013447
v -0.000690 0.003963 -0.013029
v -0.000685 0.003963 -0.010180
v -0.001010 0.004201 -0.013663
v -0.000901 0.004329 -0.013476
v -0.000908 0.004571 -0.013336
v -0.000881 0.004755 -0.013170
v -0.000661 0.005120 -0.012822
v -0.000739 0.005248 -0.012634
v -0.000677 0.005328 -0.012381
v -0.000561 0.005371 -0.011981
v -0.000858 0.005350 -0.011659
v -0.000404 0.003453 -0.013822
v -0.000381 0.003455 -0.013437
v -0.000602 0.003617 -0.013815
v -0.000568 0.003628 -0.013416
v -0.000690 0.004186 -0.013309
v -0.000642 0.004166 -0.013085
v -0.000630 0.004134 -0.012693
v -0.000635 0.004137 -0.010304
v -0.000682 0.004373 -0.013314
v -0.000534 0.004422 -0.013072
v -0.000499 0.004334 -0.012665
v -0.000494 0.004354 -0.010479
v -0.000689 0.004553 -0.013282
v -0.000551 0.004682 -0.013121
v -0.000528 0.004931 -0.012990
v -0.000144 0.003356 -0.013726
v -0.000345 0.004549 -0.012956
v -0.000325 0.004511 -0.012734
v -0.000323 0.004492 -0.012357
v -0.000336 0.004501 -0.010332
v -0.000195 0.004701 -0.012988
v -0.000134 0.004608 -0.012739
v -0.000124 0.004569 -0.012287
v -0.000178 0.004932 -0.012960
v 0.000280 0.005266 -0.012622
v -0.000023 0.005345 -0.012372
v -0.000145 0.005385 -0.011963
v -0.002490 0.004925 -0.006170
v -0.001958 0.005130 -0.006531
v -0.000662 0.003817 -0.008428
v -0.000359 0.004520 -0.006255
v -0.000503 0.005381 -0.006526
v -0.000139 0.003425 -0.004820
v -0.000177 0.004567 -0.010293
v -0.000137 0.004578 -0.009798
v -0.002417 0.004932 -0.005759
v -0.002235 0.005030 -0.006206
v -0.001693 0.005192 -0.006179
v -0.001661 0.005124 -0.005809
v -0.001694 0.005211 -0.006565
v -0.001458 0.005269 -0.006529
v -0.001357 0.005276 -0.006142
v -0.001347 0.005240 -0.005933
v -0.001266 0.005115 -0.005679
v -0.001191 0.005317 -0.006532
v -0.000652 0.003838 -0.005443
v -0.000686 0.004021 -0.005792
v -0.000657 0.004235 -0.005650
v -0.000688 0.005154 -0.005689
v -0.000874 0.005355 -0.006547
v -0.000679 0.005347 -0.006162
v -0.000714 0.005279 -0.005898
v -0.000369 0.003509 -0.004846
v -0.000543 0.003663 -0.005228
v -0.000646 0.004191 -0.006021
v -0.000533 0.004361 -0.006206
v -0.000402 0.004564 -0.005789
v -0.000137 0.004603 -0.006226
v -0.000144 0.004655 -0.005809
v -0.000041 0.005392 -0.006560
v 0.000269 0.005363 -0.006159
v 0.000064 0.005290 -0.005891
v -0.002547 0.004461 -0.004976
v -0.002597 0.004767 -0.005470
v -0.002449 0.004883 -0.005600
v -0.002401 0.004739 -0.005316
v -0.002228 0.004925 -0.005565
v -0.001637 0.003775 -0.004274
v -0.001673 0.004533 -0.005033
v -0.001952 0.004812 -0.005337
v -0.001917 0.004963 -0.005548
v -0.001599 0.004112 -0.004617
v -0.001254 0.004881 -0.005389
v -0.001209 0.003336 -0.003832
v -0.001258 0.003751 -0.004275
v -0.001278 0.004094 -0.004638
v -0.001295 0.004484 -0.005024
v -0.001249 0.004276 -0.004824
v -0.000877 0.003423 -0.003959
v -0.000686 0.003844 -0.005077
v -0.000756 0.003822 -0.004735
v -0.000886 0.003748 -0.004409
v -0.000903 0.003586 -0.004148
v -0.000710 0.004045 -0.005425
v -0.000784 0.004061 -0.005086
v -0.000933 0.004028 -0.004762
v -0.001003 0.003912 -0.004530
v -0.000706 0.004247 -0.005413
v -0.000866 0.004341 -0.005123
v -0.000995 0.004224 -0.004883
v -0.000876 0.004787 -0.005364
v -0.000900 0.004601 -0.005207
v -0.000457 0.003081 -0.003584
v -0.000413 0.003478 -0.004385
v -0.000523 0.003424 -0.004088
v -0.000420 0.003225 -0.003768
v -0.000571 0.003649 -0.004731
v -0.000621 0.003610 -0.004413
v -0.000613 0.004428 -0.005467
v -0.000696 0.004452 -0.005260
v -0.000532 0.004692 -0.005477
v -0.000687 0.004590 -0.005281
v -0.000523 0.004966 -0.005541
v -0.000147 0.003407 -0.004380
v -0.000170 0.003351 -0.004056
v -0.000160 0.004773 -0.005573
v -0.000170 0.004979 -0.005565
v 0.001519 -0.004865 -0.018209
v 0.001235 -0.004666 -0.018341
v 0.000585 -0.003898 -0.018421
v 0.000510 -0.002037 -0.018419
v 0.000902 -0.003678 -0.018384
v 0.000830 -0.002844 -0.018374
v 0.001229 -0.004348 -0.018383
v 0.001224 -0.004021 -0.018356
v 0.001219 -0.003662 -0.018287
v 0.001352 -0.003547 -0.018115
v 0.001138 -0.003321 -0.018251
v 0.001308 -0.003324 -0.018002
v 0.001344 -0.003251 -0.017585
v 0.001097 -0.002975 -0.018240
v 0.001240 -0.002976 -0.017993
v 0.001289 -0.002959 -0.017615
v 0.001576 -0.004665 -0.018326
v 0.001574 -0.004368 -0.018332
v 0.001547 -0.004044 -0.018245
v 0.001655 -0.003923 -0.017992
v 0.001700 -0.003887 -0.017594
v 0.001432 -0.003782 -0.018203
v 0.001459 -0.003618 -0.017971
v 0.001534 -0.003667 -0.017601
v 0.001428 -0.003478 -0.017546
v 0.004338 -0.004966 -0.017298
v 0.002357 -0.004708 -0.018266
v 0.001927 -0.004388 -0.018238
v 0.002014 -0.004242 -0.017973
v 0.002080 -0.004218 -0.017584
v 0.001788 -0.004167 -0.018188
v 0.001882 -0.004068 -0.017588
v 0.003047 -0.004876 -0.018172
v 0.002283 -0.004499 -0.018204
v 0.002312 -0.004388 -0.017981
v 0.002324 -0.004345 -0.017599
v 0.004646 -0.004941 -0.017975
v 0.002627 -0.004561 -0.018179
v 0.002632 -0.004476 -0.017970
v 0.002638 -0.004449 -0.017641
v 0.001311 -0.002951 -0.015281
v 0.001765 -0.003868 -0.010056
v 0.002085 -0.004199 -0.015189
v 0.001941 -0.004047 -0.010037
v 0.002319 -0.004321 -0.015308
v 0.002623 -0.004418 -0.015142
v 0.001422 -0.003154 -0.006530
v 0.001382 -0.002934 -0.006707
v 0.001606 -0.003648 -0.010064
v 0.002113 -0.004182 -0.010186
v 0.002328 -0.004295 -0.009700
v 0.001772 -0.003839 -0.006999
v 0.001499 -0.003370 -0.006587
v 0.001928 -0.004003 -0.006849
v 0.002123 -0.004162 -0.006967
v 0.002631 -0.004402 -0.009941
v 0.001396 -0.002890 -0.004444
v 0.001637 -0.003641 -0.006839
v 0.002673 -0.004386 -0.000945
v 0.001410 -0.002829 -0.001403
v 0.001648 -0.003594 -0.002557
v 0.001522 -0.003346 -0.002823
v 0.001438 -0.003097 -0.002877
v 0.001975 -0.003988 -0.000960
v 0.002385 -0.004276 -0.000964
v 0.002163 -0.004145 -0.000911
v 0.002403 -0.004937 -0.000550
v 0.001223 -0.004662 -0.000112
v 0.001211 -0.004374 -0.000048
v 0.000509 -0.002622 -0.000029
v 0.000933 -0.003982 -0.000034
v 0.000847 -0.002673 -0.000058
v 0.004717 -0.004947 -0.000873
v 0.001221 -0.004027 -0.000052
v 0.001211 -0.003680 -0.000088
v 0.001150 -0.003028 -0.000130
v 0.001574 -0.004663 -0.000119
v 0.001570 -0.004369 -0.000077
v 0.001556 -0.004041 -0.000127
v 0.001670 -0.003594 -0.000977
v 0.001630 -0.003607 -0.000543
v 0.001526 -0.003699 -0.000244
v 0.001548 -0.003313 -0.001010
v 0.001511 -0.003307 -0.000551
v 0.001413 -0.003328 -0.000281
v 0.001448 -0.002985 -0.001264
v 0.001448 -0.002963 -0.000593
v 0.001360 -0.002975 -0.000309
v 0.001922 -0.004665 -0.000138
v 0.001909 -0.004382 -0.000143
v 0.001944 -0.004005 -0.000547
v 0.001861 -0.004088 -0.000261
v 0.001806 -0.003803 -0.000941
v 0.001785 -0.003815 -0.000559
v 0.001738 -0.003857 -0.000326
v 0.002270 -0.004674 -0.000173
v 0.002319 -0.004296 -0.000538
v 0.002253 -0.004410 -0.000256
v 0.002096 -0.004207 -0.000327
v 0.002996 -0.004865 -0.000299
v 0.002685 -0.004711 -0.000195
v 0.002644 -0.004414 -0.000547
v 0.002624 -0.004513 -0.000284
v 0.001525 -0.000568 -0.018341
v 0.000873 -0.001225 -0.018421
v 0.004244 -0.000115 -0.018078
v 0.000885 -0.001916 -0.018382
v 0.000875 -0.001576 -0.018409
v 0.001093 -0.002627 -0.018238
v 0.001230 -0.002633 -0.017990
v 0.001283 -0.002634 -0.017595
v 0.001125 -0.002285 -0.018243
v 0.001269 -0.002316 -0.017991
v 0.001327 -0.002331 -0.017591
v 0.001211 -0.001929 -0.018259
v 0.001357 -0.002035 -0.017987
v 0.001403 -0.002091 -0.017597
v 0.001218 -0.001571 -0.018351
v 0.001224 -0.001224 -0.018398
v 0.001422 -0.001786 -0.018188
v 0.001514 -0.001885 -0.017620
v 0.001531 -0.001534 -0.018240
v 0.001650 -0.001606 -0.017990
v 0.001664 -0.001675 -0.017597
v 0.001565 -0.001213 -0.018343
v 0.001573 -0.000881 -0.018381
v 0.001761 -0.001407 -0.018183
v 0.001838 -0.001492 -0.017620
v 0.001905 -0.001184 -0.018244
v 0.002007 -0.001295 -0.017987
v 0.002033 -0.001341 -0.017572
v 0.001921 -0.000872 -0.018347
v 0.002386 -0.000554 -0.018315
v 0.002237 -0.001068 -0.018206
v 0.002354 -0.001120 -0.018005
v 0.002258 -0.001211 -0.017604
v 0.002267 -0.000848 -0.018309
v 0.002466 -0.001015 -0.018166
v 0.002493 -0.001113 -0.017573
v 0.002615 -0.000859 -0.018229
v 0.002715 -0.000995 -0.017985
v 0.002741 -0.001049 -0.017573
v 0.002624 -0.000567 -0.018297
v 0.001306 -0.002635 -0.015300
v 0.001360 -0.002290 -0.015230
v 0.001356 -0.002355 -0.013754
v 0.001421 -0.002110 -0.015032
v 0.001519 -0.001919 -0.015209
v 0.001677 -0.001692 -0.015263
v 0.001853 -0.001500 -0.015294
v 0.001859 -0.001522 -0.011912
v 0.001441 -0.002144 -0.011677
v 0.001541 -0.001939 -0.011639
v 0.001687 -0.001712 -0.012089
v 0.001379 -0.002661 -0.006451
v 0.001416 -0.002428 -0.005202
v 0.002080 -0.001378 -0.006102
v 0.002298 -0.001232 -0.007905
v 0.002551 -0.001120 -0.006873
v 0.002769 -0.001055 -0.007327
v 0.001486 -0.002230 -0.004091
v 0.001603 -0.001968 -0.004100
v 0.001745 -0.001731 -0.004353
v 0.001899 -0.001542 -0.005194
v 0.001397 -0.002628 -0.003995
v 0.001408 -0.002712 -0.001394
v 0.001915 -0.001563 -0.000928
v 0.002099 -0.001397 -0.000965
v 0.002324 -0.001250 -0.000948
v 0.002571 -0.001128 -0.000913
v 0.002781 -0.001058 -0.000957
v 0.001079 -0.000880 -0.000050
v 0.001846 -0.000277 -0.000252
v 0.000689 -0.001256 -0.000028
v 0.000902 -0.001664 -0.000039
v 0.001149 -0.002588 -0.000143
v 0.001194 -0.001928 -0.000105
v 0.001223 -0.001581 -0.000082
v 0.001480 -0.000877 -0.000065
v 0.001430 -0.002512 -0.001742
v 0.001434 -0.002630 -0.001245
v 0.001443 -0.002627 -0.000882
v 0.001429 -0.002626 -0.000566
v 0.001351 -0.002625 -0.000316
v 0.001508 -0.002257 -0.001296
v 0.001503 -0.002286 -0.000879
v 0.001479 -0.002284 -0.000558
v 0.001383 -0.002278 -0.000297
v 0.001627 -0.001973 -0.000957
v 0.001578 -0.001970 -0.000546
v 0.001452 -0.001938 -0.000269
v 0.001758 -0.001749 -0.000957
v 0.001709 -0.001706 -0.000533
v 0.001569 -0.001589 -0.000234
v 0.001581 -0.001232 -0.000117
v 0.001808 -0.001460 -0.000313
v 0.002054 -0.001351 -0.000539
v 0.001933 -0.001217 -0.000239
v 0.001930 -0.000878 -0.000112
v 0.001926 -0.000555 -0.000130
v 0.002293 -0.001213 -0.000548
v 0.002256 -0.001098 -0.000284
v 0.002277 -0.000855 -0.000157
v 0.002487 -0.000548 -0.000160
v 0.002375 -0.000281 -0.000255
v 0.002731 -0.001013 -0.000548
v 0.002489 -0.001038 -0.000333
v 0.002631 -0.000864 -0.000258
v 0.002975 -0.004729 -0.018240
v 0.002975 -0.004584 -0.018167
v 0.002975 -0.004511 -0.017965
v 0.002972 -0.004490 -0.017660
v 0.003581 -0.004712 -0.018262
v 0.003323 -0.004563 -0.018178
v 0.003319 -0.004480 -0.017970
v 0.003300 -0.004457 -0.017653
v 0.003669 -0.004503 -0.018202
v 0.003641 -0.004395 -0.017980
v 0.003618 -0.004361 -0.017627
v 0.004588 -0.004855 -0.018209
v 0.004024 -0.004671 -0.018292
v 0.004027 -0.004392 -0.018235
v 0.003927 -0.004271 -0.017993
v 0.003874 -0.004233 -0.017570
v 0.004169 -0.004175 -0.018184
v 0.004059 -0.004103 -0.017610
v 0.004374 -0.004663 -0.018318
v 0.004378 -0.004371 -0.018324
v 0.004407 -0.004054 -0.018237
v 0.004301 -0.003947 -0.017987
v 0.004257 -0.003916 -0.017579
v 0.004518 -0.003805 -0.018186
v 0.004590 -0.003554 -0.017989
v 0.004413 -0.003721 -0.017609
v 0.004714 -0.004662 -0.018320
v 0.004714 -0.004364 -0.018357
v 0.004718 -0.004024 -0.018326
v 0.004727 -0.003666 -0.018240
v 0.004553 -0.003513 -0.017670
v 0.004538 -0.003520 -0.017233
v 0.004817 -0.003314 -0.018219
v 0.004685 -0.003282 -0.017987
v 0.004630 -0.003277 -0.017579
v 0.004871 -0.002798 -0.018213
v 0.004737 -0.002967 -0.017985
v 0.004691 -0.002972 -0.017599
v 0.005007 -0.004850 -0.018183
v 0.005011 -0.004920 -0.017971
v 0.005011 -0.004940 -0.017607
v 0.005012 -0.004661 -0.018284
v 0.005005 -0.004307 -0.018328
v 0.005016 -0.003671 -0.018298
v 0.005053 -0.002989 -0.018282
v 0.005175 -0.004823 -0.018146
v 0.005202 -0.004849 -0.017964
v 0.005206 -0.004861 -0.017664
v 0.005203 -0.004656 -0.018184
v 0.005275 -0.004661 -0.017972
v 0.005293 -0.004673 -0.017620
v 0.005212 -0.004318 -0.018204
v 0.005299 -0.004311 -0.017974
v 0.005320 -0.004373 -0.017660
v 0.005328 -0.003976 -0.017253
v 0.005309 -0.000575 -0.017666
v 0.005315 -0.000297 -0.017127
v 0.005212 -0.001830 -0.018195
v 0.005289 -0.000962 -0.017976
v 0.002976 -0.004466 -0.015326
v 0.003304 -0.004441 -0.015172
v 0.003621 -0.004356 -0.015502
v 0.005356 -0.004366 -0.010593
v 0.002978 -0.004462 -0.011661
v 0.004110 -0.004113 -0.010371
v 0.004293 -0.003944 -0.010778
v 0.004814 -0.002961 -0.004541
v 0.005221 -0.004854 -0.009433
v 0.005323 -0.004660 -0.009468
v 0.005421 -0.003988 -0.000929
v 0.002962 -0.004456 -0.009490
v 0.003316 -0.004444 -0.008563
v 0.003641 -0.004370 -0.007672
v 0.003909 -0.004257 -0.007848
v 0.004514 -0.003795 -0.000917
v 0.004645 -0.003571 -0.002105
v 0.005021 -0.004927 -0.000941
v 0.005421 -0.003619 -0.001270
v 0.004177 -0.004125 -0.000956
v 0.004352 -0.003975 -0.000953
v 0.004761 -0.003295 -0.002287
v 0.005238 -0.004847 -0.000930
v 0.005355 -0.004649 -0.000970
v 0.005406 -0.004347 -0.000958
v 0.002994 -0.004448 -0.000935
v 0.003337 -0.004446 -0.000927
v 0.003658 -0.004381 -0.000945
v 0.003934 -0.004273 -0.000972
v 0.004838 -0.002966 -0.002684
v 0.002978 -0.004473 -0.000551
v 0.002975 -0.004558 -0.000295
v 0.003727 -0.004702 -0.000192
v 0.003323 -0.004475 -0.000551
v 0.003325 -0.004559 -0.000295
v 0.004671 -0.004928 -0.000553
v 0.003658 -0.004418 -0.000547
v 0.003678 -0.004516 -0.000285
v 0.004667 -0.004849 -0.000282
v 0.003957 -0.004312 -0.000543
v 0.004050 -0.004413 -0.000258
v 0.004168 -0.004165 -0.000559
v 0.004210 -0.004212 -0.000330
v 0.004378 -0.004664 -0.000141
v 0.004393 -0.004384 -0.000146
v 0.004364 -0.004013 -0.000549
v 0.004443 -0.004092 -0.000265
v 0.004668 -0.003653 -0.000538
v 0.004568 -0.003865 -0.000332
v 0.004717 -0.004661 -0.000131
v 0.004723 -0.004369 -0.000091
v 0.004741 -0.004044 -0.000143
v 0.004653 -0.003587 -0.000944
v 0.004776 -0.003709 -0.000261
v 0.004777 -0.003320 -0.000942
v 0.004804 -0.003348 -0.000557
v 0.004888 -0.003370 -0.000309
v 0.004853 -0.002969 -0.002235
v 0.004855 -0.003085 -0.000931
v 0.004942 -0.002917 -0.000557
v 0.004935 -0.003137 -0.000358
v 0.005016 -0.004910 -0.000557
v 0.005011 -0.004843 -0.000306
v 0.005022 -0.004658 -0.000170
v 0.005030 -0.004365 -0.000120
v 0.005036 -0.004028 -0.000127
v 0.005047 -0.003683 -0.000169
v 0.005071 -0.003334 -0.000216
v 0.004894 -0.002791 -0.002093
v 0.004900 -0.002871 -0.000923
v 0.005055 -0.002984 -0.000306
v 0.005220 -0.004843 -0.000566
v 0.005189 -0.004818 -0.000355
v 0.005320 -0.004658 -0.000553
v 0.005231 -0.004654 -0.000300
v 0.005376 -0.004237 -0.000537
v 0.005255 -0.004363 -0.000272
v 0.005263 -0.004024 -0.000269
v 0.005276 -0.003250 -0.000314
v 0.005381 -0.002766 -0.000574
v 0.005409 -0.000562 -0.001220
v 0.005263 -0.002975 -0.000323
v 0.002977 -0.000821 -0.018219
v 0.002978 -0.000968 -0.017986
v 0.002977 -0.001029 -0.017574
v 0.003324 -0.000561 -0.018295
v 0.003490 -0.001012 -0.018164
v 0.003261 -0.000996 -0.017981
v 0.003438 -0.001085 -0.017724
v 0.003339 -0.000858 -0.018228
v 0.003221 -0.001042 -0.017612
v 0.003600 -0.000317 -0.018227
v 0.003717 -0.001063 -0.018203
v 0.003694 -0.001158 -0.017977
v 0.003671 -0.001176 -0.017672
v 0.003684 -0.000846 -0.018307
v 0.003957 -0.000564 -0.018329
v 0.004196 -0.001399 -0.018179
v 0.003983 -0.001301 -0.017989
v 0.004113 -0.001461 -0.017623
v 0.004049 -0.001179 -0.018240
v 0.003909 -0.001307 -0.017612
v 0.004030 -0.000871 -0.018344
v 0.004606 -0.000331 -0.018242
v 0.004536 -0.001774 -0.018181
v 0.004602 -0.002022 -0.017978
v 0.004449 -0.001852 -0.017587
v 0.004424 -0.001526 -0.018233
v 0.004331 -0.001621 -0.017984
v 0.004282 -0.001632 -0.017573
v 0.004387 -0.001210 -0.018336
v 0.004376 -0.000880 -0.018376
v 0.004374 -0.000569 -0.018338
v 0.004743 -0.002631 -0.017984
v 0.004699 -0.002632 -0.017604
v 0.004825 -0.002282 -0.018217
v 0.004700 -0.002309 -0.017986
v 0.004648 -0.002312 -0.017578
v 0.004738 -0.001922 -0.018237
v 0.004560 -0.002053 -0.017564
v 0.004724 -0.001567 -0.018324
v 0.004717 -0.001223 -0.018371
v 0.004715 -0.000883 -0.018375
v 0.004714 -0.000570 -0.018329
v 0.004728 -0.000050 -0.018009
v 0.005028 -0.002056 -0.018291
v 0.005013 -0.001575 -0.018319
v 0.004995 -0.001023 -0.018338
v 0.005010 -0.000573 -0.018285
v 0.005007 -0.000333 -0.018200
v 0.005013 -0.000150 -0.018046
v 0.005206 -0.000939 -0.018203
v 0.005199 -0.000574 -0.018179
v 0.005274 -0.000543 -0.017966
v 0.005176 -0.000361 -0.018142
v 0.005215 -0.000236 -0.017953
v 0.005280 -0.000197 -0.017652
v 0.005305 -0.000180 -0.017319
v 0.004825 -0.002629 -0.004409
v 0.003012 -0.001028 -0.007545
v 0.003273 -0.001035 -0.007636
v 0.004184 -0.001436 -0.008092
v 0.003979 -0.001290 -0.007609
v 0.004365 -0.001606 -0.007557
v 0.003499 -0.001072 -0.007146
v 0.003711 -0.001152 -0.007792
v 0.004516 -0.001765 -0.005535
v 0.004768 -0.002289 -0.004076
v 0.004648 -0.002002 -0.005738
v 0.003724 -0.001150 -0.006440
v 0.003974 -0.001274 -0.005839
v 0.004326 -0.001547 -0.006156
v 0.004193 -0.001412 -0.004386
v 0.003023 -0.001024 -0.000972
v 0.003290 -0.001024 -0.000958
v 0.003755 -0.001134 -0.000978
v 0.003533 -0.001060 -0.000972
v 0.004394 -0.001595 -0.003936
v 0.004394 -0.001559 -0.000966
v 0.004859 -0.002628 -0.002293
v 0.004795 -0.002283 -0.002243
v 0.004650 -0.001960 -0.003744
v 0.005406 -0.000211 -0.001563
v 0.003008 -0.000962 -0.000544
v 0.002983 -0.000807 -0.000277
v 0.003008 -0.000534 -0.000185
v 0.003295 -0.000961 -0.000543
v 0.003318 -0.000807 -0.000277
v 0.003820 -0.000277 -0.000253
v 0.003951 -0.001173 -0.000542
v 0.003815 -0.001034 -0.000333
v 0.003561 -0.001003 -0.000542
v 0.003672 -0.000862 -0.000257
v 0.003672 -0.000551 -0.000170
v 0.003994 -0.001249 -0.000943
v 0.004047 -0.001093 -0.000283
v 0.004025 -0.000853 -0.000155
v 0.004024 -0.000550 -0.000141
v 0.004580 -0.001681 -0.000557
v 0.004498 -0.001453 -0.000314
v 0.004214 -0.001395 -0.000968
v 0.004252 -0.001343 -0.000539
v 0.004370 -0.001211 -0.000240
v 0.004371 -0.000876 -0.000111
v 0.004647 -0.000574 -0.000116
v 0.004692 -0.000283 -0.000243
v 0.004869 -0.002539 -0.001861
v 0.004877 -0.002489 -0.000903
v 0.004866 -0.002324 -0.000551
v 0.004908 -0.002236 -0.000332
v 0.004809 -0.002249 -0.000897
v 0.004676 -0.001981 -0.002224
v 0.004694 -0.001980 -0.000935
v 0.004733 -0.001958 -0.000549
v 0.004849 -0.001927 -0.000286
v 0.004556 -0.001750 -0.000965
v 0.004732 -0.001584 -0.000246
v 0.004714 -0.001229 -0.000130
v 0.004716 -0.000881 -0.000082
v 0.004735 0.000062 -0.000535
v 0.004904 -0.002680 -0.000941
v 0.004946 -0.002666 -0.000558
v 0.005057 -0.002600 -0.000313
v 0.005079 -0.002262 -0.000229
v 0.005063 -0.001925 -0.000185
v 0.005034 -0.001579 -0.000157
v 0.005029 -0.001228 -0.000123
v 0.005029 -0.000881 -0.000120
v 0.005027 -0.000557 -0.000169
v 0.005030 -0.000101 -0.000447
v 0.005021 -0.000294 -0.000276
v 0.005406 -0.000928 -0.000866
v 0.005263 -0.002620 -0.000326
v 0.005273 -0.002296 -0.000309
v 0.005371 -0.000936 -0.000543
v 0.005252 -0.001018 -0.000255
v 0.005394 -0.000526 -0.000878
v 0.005348 -0.000533 -0.000553
v 0.005246 -0.000561 -0.000302
v 0.005392 -0.000175 -0.001225
v 0.005355 -0.000181 -0.000882
v 0.005266 -0.000206 -0.000560
v 0.005213 -0.000331 -0.000348
v 0.004615 0.000106 -0.017866
v 0.001638 0.003410 -0.014560
v -0.000079 0.002826 -0.003314
v 0.003907 0.002394 -0.002863
v 0.000402 0.003165 -0.014754
v 0.000172 0.003286 -0.014475
v 0.000149 0.003343 -0.014164
v 0.000557 0.003381 -0.014463
v 0.000429 0.003455 -0.014152
v 0.000683 0.003672 -0.014116
v 0.000866 0.003368 -0.014568
v 0.000927 0.003692 -0.014220
v 0.001242 0.003582 -0.014380
v 0.001257 0.004119 -0.013834
v 0.003421 0.003530 -0.014442
v 0.000131 0.003367 -0.013771
v 0.000425 0.004491 -0.013253
v 0.000348 0.004506 -0.013062
v 0.000303 0.004484 -0.012763
v 0.000291 0.004472 -0.012408
v 0.000303 0.004476 -0.010271
v 0.000388 0.004591 -0.013227
v 0.000221 0.004689 -0.013048
v 0.000118 0.004600 -0.012756
v 0.000096 0.004563 -0.012305
v 0.000502 0.004922 -0.013014
v 0.000530 0.005113 -0.012839
v 0.000166 0.005386 -0.011650
v 0.000384 0.003487 -0.013818
v 0.000365 0.003497 -0.013442
v 0.000570 0.003699 -0.013798
v 0.000532 0.003720 -0.013467
v 0.000514 0.003717 -0.013105
v 0.000709 0.003964 -0.013753
v 0.000613 0.004014 -0.013445
v 0.000570 0.004016 -0.013118
v 0.000557 0.004006 -0.012761
v 0.000733 0.004189 -0.013623
v 0.000613 0.004341 -0.013389
v 0.000500 0.004304 -0.013099
v 0.000466 0.004278 -0.012680
v 0.000590 0.004576 -0.013297
v 0.000545 0.004752 -0.013146
v 0.000742 0.005326 -0.012382
v 0.000515 0.005374 -0.011950
v 0.000935 0.004045 -0.013843
v 0.000911 0.004382 -0.013523
v 0.000889 0.004596 -0.013343
v 0.000832 0.004939 -0.013019
v 0.000859 0.005348 -0.011969
v 0.001227 0.004607 -0.013358
v 0.001288 0.004835 -0.013132
v 0.000937 0.005112 -0.012832
v 0.001086 0.005237 -0.012630
v 0.001172 0.005307 -0.011981
v 0.001689 0.004641 -0.013330
v 0.001771 0.004951 -0.012952
v 0.001551 0.005113 -0.012713
v 0.001374 0.005256 -0.012380
v 0.001661 0.005198 -0.011970
v 0.001395 0.005213 -0.012583
v 0.001424 0.005260 -0.012002
v 0.001921 0.004778 -0.013173
v 0.001912 0.005037 -0.012723
v 0.002217 0.004994 -0.012464
v 0.001932 0.005112 -0.011948
v 0.002310 0.004680 -0.013257
v 0.002220 0.004892 -0.012960
v 0.002217 0.004963 -0.012722
v 0.002218 0.005007 -0.012029
v 0.002608 0.004386 -0.013565
v 0.002585 0.004592 -0.013318
v 0.002572 0.004735 -0.013060
v 0.002842 0.004682 -0.012743
v 0.002673 0.004794 -0.012332
v 0.002429 0.004855 -0.012931
v 0.002450 0.004886 -0.012722
v 0.002456 0.004903 -0.012366
v 0.000128 0.003438 -0.004738
v 0.000095 0.004567 -0.010283
v 0.000336 0.003541 -0.005093
v 0.000497 0.003738 -0.007407
v 0.000553 0.004028 -0.007393
v 0.000471 0.004307 -0.007718
v 0.000531 0.005380 -0.006560
v 0.001688 0.005205 -0.006572
v 0.002706 0.004801 -0.006227
v 0.002481 0.004914 -0.006209
v 0.000318 0.004501 -0.005928
v 0.000111 0.004594 -0.006211
v 0.000131 0.004634 -0.005810
v 0.000420 0.005158 -0.005690
v 0.000482 0.003740 -0.005423
v 0.000541 0.004024 -0.005883
v 0.000468 0.004313 -0.005881
v 0.000746 0.005280 -0.005896
v 0.000884 0.005142 -0.005670
v 0.000873 0.005354 -0.006568
v 0.001055 0.005317 -0.006172
v 0.001479 0.005025 -0.005564
v 0.001188 0.005314 -0.006561
v 0.001366 0.005234 -0.005929
v 0.001493 0.005241 -0.006149
v 0.001559 0.005143 -0.005818
v 0.001452 0.005265 -0.006512
v 0.001948 0.005123 -0.006570
v 0.001917 0.005068 -0.005812
v 0.002220 0.005024 -0.006149
v 0.002404 0.004905 -0.005633
v 0.002516 0.004880 -0.005797
v 0.000498 0.003081 -0.003575
v 0.000137 0.003418 -0.004381
v 0.000164 0.003358 -0.004055
v 0.000390 0.003233 -0.003775
v 0.000346 0.004554 -0.005584
v 0.000206 0.004734 -0.005557
v 0.000182 0.004971 -0.005558
v 0.000349 0.003535 -0.004728
v 0.000398 0.003510 -0.004387
v 0.000559 0.003438 -0.004053
v 0.000496 0.003737 -0.005079
v 0.000532 0.003724 -0.004742
v 0.000683 0.003760 -0.004462
v 0.000554 0.004041 -0.005429
v 0.000607 0.004022 -0.005089
v 0.000694 0.003985 -0.004775
v 0.000515 0.004399 -0.005446
v 0.000675 0.004337 -0.005113
v 0.000745 0.004206 -0.004892
v 0.000548 0.004706 -0.005394
v 0.000686 0.004571 -0.005206
v 0.000527 0.004970 -0.005519
v 0.000837 0.003400 -0.003922
v 0.000911 0.003733 -0.004295
v 0.000955 0.004086 -0.004659
v 0.000919 0.004436 -0.005008
v 0.000881 0.004799 -0.005335
v 0.000911 0.004627 -0.005163
v 0.001206 0.003320 -0.003803
v 0.001269 0.004011 -0.004516
v 0.001257 0.004527 -0.005022
v 0.001239 0.004925 -0.005423
v 0.001692 0.004027 -0.004508
v 0.001544 0.004652 -0.005137
v 0.002009 0.004743 -0.005242
v 0.001916 0.004966 -0.005544
v 0.002488 0.004665 -0.005218
v 0.002225 0.004924 -0.005563
v 0.002589 0.004310 -0.004796
v 0.002538 0.004555 -0.005075
v 0.002594 0.004763 -0.005467
v 0.004265 0.001289 -0.016684
v 0.004674 0.000535 -0.017433
v 0.004751 0.000816 -0.017142
v 0.004691 0.001263 -0.016675
v 0.005008 0.000037 -0.017886
v 0.005013 0.000203 -0.017703
v 0.005007 0.000387 -0.017537
v 0.005012 0.000553 -0.017352
v 0.005006 0.000735 -0.017183
v 0.005010 0.000897 -0.016994
v 0.005006 0.001069 -0.016811
v 0.005181 -0.000011 -0.017837
v 0.005216 0.000114 -0.017613
v 0.005280 0.000153 -0.017303
v 0.005305 0.000169 -0.016969
v 0.005180 0.000339 -0.017488
v 0.005215 0.000463 -0.017262
v 0.005275 0.000500 -0.016951
v 0.005177 0.000685 -0.017134
v 0.005208 0.000800 -0.016908
v 0.005169 0.000993 -0.016780
v 0.003573 0.003065 -0.014910
v 0.003964 0.002295 -0.015679
v 0.004029 0.002634 -0.015335
v 0.004403 0.001737 -0.016230
v 0.004341 0.002314 -0.015639
v 0.004326 0.002627 -0.015310
v 0.004690 0.001447 -0.016493
v 0.004695 0.001612 -0.016309
v 0.004678 0.001793 -0.016143
v 0.004683 0.001959 -0.015956
v 0.004672 0.002140 -0.015773
v 0.004687 0.002310 -0.015520
v 0.004801 0.002389 -0.015206
v 0.004856 0.002417 -0.014871
v 0.004874 0.002433 -0.014457
v 0.004575 0.002481 -0.015396
v 0.004622 0.002600 -0.015169
v 0.004723 0.002632 -0.014858
v 0.004757 0.002647 -0.014522
v 0.004763 0.002663 -0.014105
v 0.005021 0.001229 -0.016565
v 0.005131 0.001296 -0.016255
v 0.005190 0.001322 -0.015921
v 0.005217 0.001334 -0.015516
v 0.004921 0.001415 -0.016444
v 0.004973 0.001540 -0.016219
v 0.005085 0.001584 -0.015906
v 0.005137 0.001598 -0.015571
v 0.005154 0.001609 -0.015187
v 0.004890 0.001748 -0.016095
v 0.004936 0.001867 -0.015869
v 0.005028 0.001890 -0.015558
v 0.005059 0.001904 -0.015222
v 0.005066 0.001917 -0.014848
v 0.004864 0.002071 -0.015743
v 0.004903 0.002135 -0.015526
v 0.004946 0.002175 -0.015215
v 0.004971 0.002188 -0.014842
v 0.005313 0.000183 -0.016603
v 0.005298 0.000513 -0.016619
v 0.005304 0.000540 -0.016210
v 0.005263 0.000817 -0.016603
v 0.005284 0.000834 -0.016186
v 0.005197 0.001048 -0.016570
v 0.005233 0.001078 -0.016264
v 0.005258 0.001088 -0.015878
v 0.005242 0.001396 -0.009830
v 0.005185 0.001618 -0.010169
v 0.005089 0.001932 -0.010247
v 0.004983 0.002229 -0.010404
v 0.005316 0.000868 -0.010088
v 0.005279 0.001176 -0.010042
v 0.004824 0.002666 -0.004048
v 0.005210 0.001682 -0.003308
v 0.005127 0.001943 -0.003683
v 0.005024 0.002227 -0.003735
v 0.004916 0.002479 -0.004154
v 0.005386 0.000523 -0.002286
v 0.005320 0.001178 -0.002684
v 0.005268 0.001454 -0.003154
v 0.004014 0.002716 -0.003194
v 0.004378 0.002320 -0.002804
v 0.004338 0.002701 -0.003220
v 0.004680 0.002344 -0.002913
v 0.004761 0.002697 -0.003690
v 0.004668 0.002656 -0.003360
v 0.004664 0.002507 -0.003101
v 0.005213 0.001608 -0.002866
v 0.005026 0.002177 -0.003338
v 0.005078 0.001949 -0.002985
v 0.004925 0.002232 -0.003018
v 0.004876 0.002461 -0.003367
v 0.004849 0.002420 -0.003145
v 0.005400 0.000165 -0.001936
v 0.005361 0.000857 -0.002327
v 0.004311 0.001211 -0.001676
v 0.004356 0.001678 -0.002151
v 0.004357 0.002016 -0.002492
v 0.004704 0.000621 -0.001095
v 0.004705 0.000961 -0.001438
v 0.004722 0.001275 -0.001759
v 0.004689 0.001661 -0.002171
v 0.004673 0.001991 -0.002513
v 0.004679 0.002188 -0.002717
v 0.005030 0.000255 -0.000795
v 0.005022 0.000090 -0.000610
v 0.005029 0.000604 -0.001146
v 0.005022 0.000440 -0.000960
v 0.005025 0.000952 -0.001500
v 0.005020 0.000789 -0.001312
v 0.005019 0.001293 -0.001863
v 0.005015 0.001134 -0.001669
v 0.005139 0.001674 -0.002632
v 0.005029 0.001621 -0.002306
v 0.005013 0.001465 -0.002050
v 0.004977 0.001922 -0.002656
v 0.004927 0.001807 -0.002422
v 0.004889 0.002130 -0.002778
v 0.005388 0.000175 -0.001576
v 0.005352 0.000169 -0.001232
v 0.005266 0.000146 -0.000905
v 0.005219 0.000029 -0.000672
v 0.005377 0.000524 -0.001927
v 0.005344 0.000518 -0.001583
v 0.005263 0.000495 -0.001256
v 0.005217 0.000378 -0.001022
v 0.005327 0.000864 -0.001937
v 0.005253 0.000842 -0.001610
v 0.005212 0.000727 -0.001375
v 0.005297 0.001183 -0.002289
v 0.005234 0.001178 -0.001968
v 0.005200 0.001071 -0.001732
v 0.005215 0.001427 -0.002316
v 0.005185 0.001378 -0.002094
v 0.003116 0.003928 -0.014038
v 0.003306 0.004010 -0.013923
v 0.003699 0.003315 -0.014649
v 0.003640 0.003680 -0.014250
v 0.003618 0.003875 -0.014016
v 0.003983 0.003010 -0.014942
v 0.003979 0.003298 -0.014631
v 0.003960 0.003517 -0.014362
v 0.003951 0.003659 -0.014113
v 0.003829 0.003814 -0.013987
v 0.004327 0.002840 -0.015072
v 0.004335 0.003007 -0.014819
v 0.004601 0.002879 -0.014592
v 0.004424 0.003193 -0.014167
v 0.004214 0.003176 -0.014691
v 0.004250 0.003288 -0.014461
v 0.004154 0.003449 -0.014332
v 0.004180 0.003494 -0.014120
v 0.004532 0.002777 -0.015043
v 0.004573 0.002839 -0.014825
v 0.004639 0.002889 -0.014125
v 0.002968 0.004251 -0.013679
v 0.002969 0.004419 -0.013419
v 0.003080 0.004489 -0.013107
v 0.003122 0.004523 -0.012663
v 0.002827 0.004555 -0.013291
v 0.002866 0.004618 -0.013072
v 0.002907 0.004661 -0.012357
v 0.003273 0.004209 -0.013664
v 0.003279 0.004309 -0.013423
v 0.003320 0.004382 -0.012628
v 0.003605 0.004015 -0.013763
v 0.003856 0.003897 -0.013504
v 0.003696 0.004069 -0.013031
v 0.003479 0.004157 -0.013636
v 0.003516 0.004202 -0.013322
v 0.003520 0.004225 -0.012772
v 0.004191 0.003521 -0.013872
v 0.004050 0.003709 -0.013392
v 0.003852 0.003862 -0.013771
v 0.003884 0.003888 -0.013111
v 0.004501 0.003119 -0.013769
v 0.004360 0.003322 -0.013757
v 0.004213 0.003517 -0.013471
v 0.004548 0.003139 -0.004675
v 0.004254 0.003533 -0.005203
v 0.003141 0.004545 -0.005672
v 0.002940 0.004668 -0.006150
v 0.003336 0.004406 -0.005813
v 0.003738 0.004078 -0.005493
v 0.003542 0.004247 -0.005460
v 0.004086 0.003730 -0.005155
v 0.003912 0.003912 -0.005515
v 0.004424 0.003316 -0.004769
v 0.004660 0.002959 -0.004471
v 0.002973 0.004033 -0.004513
v 0.003014 0.004335 -0.004876
v 0.002921 0.004638 -0.005461
v 0.002917 0.004569 -0.005221
v 0.003566 0.003134 -0.003607
v 0.003336 0.003733 -0.004218
v 0.003318 0.004036 -0.004560
v 0.003249 0.004385 -0.005127
v 0.003269 0.004259 -0.004857
v 0.003115 0.004524 -0.005284
v 0.003681 0.003394 -0.003882
v 0.003650 0.003707 -0.004229
v 0.003857 0.003952 -0.005076
v 0.003619 0.004053 -0.004764
v 0.003626 0.003917 -0.004497
v 0.003511 0.004237 -0.005122
v 0.003488 0.004196 -0.004894
v 0.004030 0.003014 -0.003504
v 0.003987 0.003364 -0.003901
v 0.004184 0.003598 -0.004708
v 0.003968 0.003699 -0.004411
v 0.003973 0.003560 -0.004149
v 0.003874 0.003896 -0.004765
v 0.003845 0.003852 -0.004538
v 0.004330 0.003040 -0.003624
v 0.004333 0.002890 -0.003422
v 0.004498 0.003193 -0.004331
v 0.004300 0.003322 -0.004069
v 0.004307 0.003191 -0.003815
v 0.004212 0.003526 -0.004416
v 0.004184 0.003485 -0.004191
v 0.004523 0.003136 -0.004090
v 0.004582 0.002939 -0.003728
v 0.004553 0.002843 -0.003485
v 0.004492 0.003105 -0.003859
vn -0.9677 -0.1784 -0.1781
vn -0.9292 -0.2686 -0.2539
vn -0.9369 -0.3343 -0.1023
vn -0.9784 -0.0261 -0.2053
vn -0.9402 -0.1223 -0.3180
vn -0.9983 -0.0418 -0.0405
vn -0.9732 -0.2291 -0.0215
vn -0.9998 -0.0155 -0.0092
vn -0.9994 0.0183 -0.0292
vn -0.9949 0.0556 -0.0838
vn -0.2225 -0.9560 -0.1911
vn -0.3193 -0.9075 -0.2730
vn -0.1606 -0.9250 -0.3443
vn -0.2678 -0.9632 -0.0214
vn -0.3893 -0.9148 -0.1074
vn -0.2935 -0.2592 -0.9202
vn -0.3917 -0.3542 -0.8492
vn -0.4898 -0.1548 -0.8580
vn -0.5180 -0.0191 -0.8552
vn -0.4641 0.0103 -0.8857
vn -0.7663 -0.0143 -0.6423
vn -0.0427 -0.9720 -0.2311
vn -0.0250 -0.9285 -0.3704
vn -0.0491 -0.9977 -0.0472
vn -0.0300 -0.4859 -0.8735
vn -0.1914 -0.4541 -0.8701
vn -0.3321 -0.0408 -0.9424
vn -0.0608 -0.2964 -0.9531
vn 0.1363 0.1725 -0.9755
vn -0.2819 0.0750 -0.9565
vn 0.4292 0.2794 -0.8589
vn 0.2121 0.0708 -0.9747
vn 0.8422 0.1838 -0.5069
vn 0.8335 0.4507 -0.3194
vn 0.9196 0.2252 -0.3219
vn 0.9020 0.4276 -0.0599
vn 0.3448 0.0292 -0.9382
vn 0.3466 0.0006 -0.9380
vn 0.8812 0.0648 -0.4683
vn 0.9519 0.0811 -0.2956
vn 0.9623 0.2667 -0.0538
vn 0.0705 -0.2312 -0.9703
vn 0.1845 0.1518 -0.9710
vn 0.0091 0.0261 -0.9996
vn 0.4323 0.4084 -0.8039
vn 0.5856 0.4564 -0.6699
vn 0.7096 0.6397 -0.2954
vn 0.7420 0.6689 -0.0462
vn 0.0034 -0.9717 -0.2360
vn 0.0405 -0.4205 -0.9064
vn 0.3211 0.4453 -0.8358
vn 0.4981 0.5682 -0.6550
vn 0.5067 0.8030 -0.3137
vn 0.6299 0.7391 -0.2387
vn 0.5085 0.8596 -0.0498
vn 0.2257 0.6425 -0.7323
vn 0.1445 0.3149 -0.9381
vn 0.3366 0.8996 -0.2783
vn 0.1130 0.7757 -0.6209
vn 0.1490 0.5460 -0.8244
vn 0.1846 0.9816 -0.0484
vn 0.3532 0.9342 -0.0506
vn -0.0011 -0.2467 -0.9691
vn 0.0498 -0.2836 -0.9576
vn 0.0580 -0.2613 -0.9635
vn 0.0095 0.6181 -0.7860
vn -0.0039 0.9688 -0.2476
vn 0.1811 0.9431 -0.2789
vn -0.7044 -0.7098 -0.0030
vn -0.9644 -0.2644 -0.0054
vn -0.2528 -0.9675 -0.0015
vn -0.0454 -0.9990 0.0003
vn -0.0215 0.9988 -0.0441
vn 0.1578 0.9875 -0.0013
vn -0.9977 -0.0677 -0.0057
vn 0.8911 0.4535 0.0154
vn 0.8157 0.5769 -0.0421
vn 0.6144 0.7890 0.0058
vn 0.4836 0.8753 0.0040
vn 0.7234 0.6904 0.0077
vn -0.9998 -0.0183 0.0006
vn -0.2314 -0.9726 0.0215
vn 0.9513 0.3075 0.0223
vn 0.9938 0.1103 0.0110
vn 0.8048 0.5935 0.0095
vn 0.4654 0.8851 0.0049
vn 0.3167 0.9485 -0.0005
vn -0.0000 -1.0000 0.0048
vn -0.0017 -1.0000 -0.0050
vn 0.0075 -1.0000 -0.0024
vn -0.0538 0.9985 -0.0051
vn 0.1281 0.9918 -0.0041
vn -0.9617 -0.2740 -0.0041
vn -0.0409 -0.9984 0.0390
vn 0.5813 0.8126 0.0422
vn 0.6954 0.7178 0.0354
vn -0.0819 0.9966 -0.0085
vn 0.0965 0.9949 0.0284
vn -0.9443 -0.3274 0.0323
vn -0.9946 -0.0945 0.0433
vn 0.9329 0.3598 0.0138
vn 0.9718 0.2349 0.0201
vn 0.9837 0.1717 0.0541
vn 0.8725 0.4885 0.0108
vn 0.7877 0.6149 0.0376
vn 0.4415 0.8964 0.0409
vn 0.2785 0.9598 0.0341
vn -0.6517 -0.7475 0.1288
vn -0.9367 -0.2883 0.1985
vn -0.5763 -0.6578 0.4850
vn -0.7378 -0.2309 0.6344
vn -0.9645 -0.0613 0.2570
vn -0.7423 -0.0529 0.6680
vn -0.7225 0.0337 0.6905
vn -0.9593 -0.0036 0.2824
vn -0.9978 -0.0156 0.0646
vn -0.8985 -0.0001 0.4389
vn -0.1910 -0.9675 0.1656
vn -0.1646 -0.7880 0.5933
vn -0.2716 -0.3147 0.9095
vn -0.2878 -0.0316 0.9572
vn -0.1529 0.1122 0.9818
vn -0.4304 0.0814 0.8990
vn -0.3190 0.1106 0.9413
vn -0.0655 0.1003 0.9928
vn -0.1428 0.1226 0.9821
vn -0.0245 -0.9808 0.1934
vn -0.0320 -0.8010 0.5978
vn -0.0230 -0.3161 0.9485
vn 0.1042 0.0958 0.9899
vn 0.3605 0.3451 0.8666
vn 0.5693 0.3248 0.7553
vn 0.6764 0.5604 0.4780
vn 0.8204 0.4965 0.2835
vn 0.9197 0.3901 0.0451
vn 0.9213 0.3145 0.2288
vn 0.8650 0.5002 0.0397
vn 0.7478 0.2655 0.6085
vn 0.3875 0.1722 0.9056
vn 0.9699 0.2410 0.0362
vn 0.9930 0.1029 0.0576
vn 0.9919 0.0976 0.0812
vn 0.9421 0.1709 0.2884
vn 0.8023 0.2333 0.5494
vn 0.0254 -0.5765 0.8167
vn 0.0138 -0.7951 0.6063
vn 0.2398 0.2673 0.9333
vn 0.1358 0.1412 0.9806
vn 0.4410 0.5545 0.7057
vn 0.7716 0.6146 0.1638
vn 0.6627 0.7068 0.2475
vn 0.3167 0.5714 0.7571
vn 0.1180 0.3694 0.9218
vn 0.5806 0.7956 0.1732
vn 0.4916 0.6810 0.5428
vn 0.4388 0.8663 0.2386
vn 0.2431 0.9471 0.2097
vn 0.2105 0.9122 0.3514
vn 0.1004 0.4396 0.8926
vn 0.0679 0.4863 0.8712
vn 0.0756 0.9802 0.1832
vn 0.0393 0.7950 0.6054
vn 0.0071 -1.0000 0.0038
vn 0.0001 -0.5265 0.8502
vn -0.0079 -0.5027 0.8644
vn -0.1075 0.9936 0.0348
vn -0.1049 0.9768 0.1868
vn -0.1112 0.4408 0.8907
vn -0.0618 0.7888 0.6115
vn -0.9759 0.0147 -0.2178
vn -0.9295 0.0980 -0.3555
vn -0.9640 0.1238 -0.2353
vn -0.6511 0.3906 -0.6508
vn -0.8184 0.3834 -0.4280
vn -0.9717 0.1623 -0.1717
vn -0.9955 0.0553 -0.0765
vn -0.7692 0.0363 -0.6380
vn -0.2552 -0.0703 -0.9643
vn -0.2899 0.2235 -0.9306
vn -0.4703 0.1473 -0.8701
vn -0.2343 0.6517 -0.7214
vn 0.9536 -0.0674 -0.2936
vn 0.8838 -0.0560 -0.4645
vn 0.9956 -0.0786 -0.0513
vn 0.2188 -0.0787 -0.9726
vn 0.3484 -0.0292 -0.9369
vn 0.9254 -0.2116 -0.3145
vn 0.8492 -0.1784 -0.4969
vn 0.9677 -0.2461 -0.0540
vn 0.8408 -0.4335 -0.3244
vn 0.4409 -0.2811 -0.8524
vn 0.9092 -0.4119 -0.0603
vn -0.3427 -0.0239 -0.9392
vn 0.1494 -0.1908 -0.9702
vn -0.3479 0.0848 -0.9337
vn 0.0104 -0.0902 -0.9959
vn -0.0779 0.2804 -0.9567
vn -0.0423 0.5025 -0.8636
vn -0.2075 0.4945 -0.8440
vn -0.0369 0.6510 -0.7582
vn 0.8257 -0.5615 -0.0537
vn 0.5996 -0.4553 -0.6582
vn 0.7026 -0.6547 -0.2787
vn 0.4539 -0.4231 -0.7842
vn 0.7544 -0.6546 -0.0488
vn -0.0688 0.0714 -0.9951
vn 0.1983 -0.2194 -0.9553
vn 0.0617 -0.0107 -0.9980
vn 0.6410 -0.7667 -0.0370
vn 0.5083 -0.5870 -0.6301
vn 0.5206 -0.8007 -0.2966
vn 0.3437 -0.4864 -0.8033
vn 0.5305 -0.8466 -0.0423
vn 0.0340 0.2682 -0.9628
vn 0.1168 -0.1207 -0.9858
vn 0.3213 -0.8409 -0.4355
vn 0.3443 -0.9009 -0.2642
vn 0.4078 -0.9117 -0.0492
vn 0.1922 -0.3972 -0.8974
vn 0.1326 -0.2324 -0.9635
vn 0.0520 0.0932 -0.9943
vn 0.0022 0.4698 -0.8828
vn 0.2757 -0.9607 -0.0333
vn 0.3027 -0.7172 -0.6277
vn 0.2248 -0.9127 -0.3413
vn 0.2077 -0.4877 -0.8480
vn 0.1549 -0.9860 -0.0615
vn -0.0018 -0.8430 -0.5379
vn -0.0048 -0.9328 -0.3604
vn -0.0133 -0.9971 -0.0744
vn 0.0020 -0.2383 -0.9712
vn -0.0496 0.0655 -0.9966
vn 0.9940 0.0971 -0.0506
vn 0.6463 -0.7630 0.0080
vn 0.5218 -0.8530 0.0086
vn 0.3945 -0.9189 0.0080
vn 0.2739 -0.9617 0.0065
vn 0.1051 -0.9944 0.0050
vn -0.0350 -0.9994 0.0002
vn 0.9648 -0.2626 0.0103
vn 0.8194 -0.5731 0.0116
vn 0.4005 -0.9163 0.0070
vn 0.2525 -0.9676 0.0067
vn 0.6176 -0.7864 0.0075
vn 0.4974 -0.8675 0.0058
vn 0.0817 -0.9967 0.0015
vn -0.0568 -0.9984 -0.0000
vn 0.9562 -0.2918 0.0252
vn 0.9954 -0.0941 0.0181
vn 0.9020 -0.4315 0.0116
vn 0.3817 -0.9243 0.0044
vn 0.2369 -0.9715 0.0029
vn 0.9948 -0.0815 0.0603
vn 0.9950 -0.0737 0.0675
vn 0.9783 -0.2061 0.0209
vn 0.9706 -0.2274 0.0785
vn 0.9401 -0.3404 0.0194
vn 0.8057 -0.5875 0.0748
vn 0.7251 -0.6886 0.0090
vn 0.6991 -0.7116 0.0701
vn 0.5964 -0.7999 0.0666
vn 0.3703 -0.9264 0.0690
vn 0.2226 -0.9724 0.0703
vn 0.0667 -0.9978 0.0018
vn -0.2058 -0.9786 -0.0016
vn -0.0905 -0.9950 0.0427
vn -0.9966 0.0176 0.0810
vn -0.9988 0.0328 0.0360
vn -0.6000 -0.0805 0.7960
vn -0.7188 -0.0244 0.6947
vn -0.9587 0.0356 0.2822
vn -0.7389 0.0672 0.6704
vn -0.9856 0.1062 0.1315
vn -0.9414 0.1672 0.2930
vn -0.7188 0.1755 0.6727
vn -0.9866 0.1193 0.1113
vn -0.9992 0.0321 0.0255
vn -0.9499 0.2181 0.2241
vn -0.7905 0.4095 0.4555
vn -0.6261 0.4231 0.6549
vn 0.9468 -0.0579 0.3167
vn 0.8779 -0.0485 0.4764
vn 0.0023 -0.0130 0.9999
vn 0.9077 -0.2797 0.3128
vn -0.1414 -0.1384 0.9802
vn -0.3687 -0.0974 0.9244
vn -0.1189 -0.1460 0.9821
vn -0.2854 0.0265 0.9581
vn -0.2946 0.2549 0.9210
vn -0.2681 0.6484 0.7126
vn -0.2250 0.5147 0.8273
vn 0.9298 -0.3612 0.0705
vn 0.8890 -0.4577 0.0173
vn 0.8839 -0.4629 0.0669
vn 0.8656 -0.4231 0.2680
vn 0.6927 -0.3521 0.6295
vn 0.4072 -0.1974 0.8917
vn 0.3590 -0.2189 0.9073
vn 0.7530 -0.5733 0.3230
vn 0.8236 -0.3544 0.4428
vn 0.4636 -0.3893 0.7960
vn 0.1619 -0.2255 0.9607
vn -0.0040 0.0263 0.9996
vn -0.0540 0.2795 0.9586
vn -0.0513 0.6561 0.7529
vn -0.0438 0.5140 0.8567
vn 0.5682 -0.7578 0.3209
vn 0.5372 -0.5439 0.6447
vn 0.3809 -0.4975 0.7793
vn 0.1349 -0.1195 0.9836
vn 0.0399 0.2258 0.9733
vn 0.4680 -0.8816 0.0612
vn 0.4200 -0.8666 0.2694
vn 0.2992 -0.6481 0.7003
vn 0.1615 -0.2584 0.9524
vn 0.0164 0.4846 0.8746
vn 0.2768 -0.9074 0.3163
vn 0.3539 -0.7131 0.6052
vn 0.2472 -0.5171 0.8195
vn 0.0772 0.0596 0.9952
vn 0.0551 -0.9954 0.0788
vn 0.0475 -0.9400 0.3377
vn 0.0401 -0.8672 0.4964
vn 0.0204 -0.2848 0.9584
vn -0.0106 -0.0096 0.9999
vn -0.3171 -0.9277 0.1972
vn -0.1738 -0.9383 0.2990
vn -0.2870 -0.7956 0.5336
vn -0.1781 -0.5706 0.8017
vn -0.0042 0.6556 0.7551
vn 0.0054 -0.9206 -0.3906
vn -0.0060 -0.9119 -0.4105
vn -0.0558 -0.3009 -0.9520
vn -0.2177 0.6211 -0.7529
vn -0.0893 0.7828 -0.6158
vn -0.1898 0.9414 -0.2789
vn -0.2184 0.9744 -0.0540
vn -0.0437 -0.3995 -0.9157
vn -0.0511 -0.2714 -0.9611
vn -0.1003 0.3602 -0.9275
vn -0.1596 0.5254 -0.8358
vn -0.3460 0.8922 -0.2904
vn -0.0198 -0.7573 -0.6528
vn -0.1165 0.2381 -0.9642
vn -0.5212 0.7850 -0.3349
vn -0.5335 0.8429 -0.0698
vn -0.3892 0.9190 -0.0632
vn -0.6744 0.7359 -0.0597
vn -0.3254 0.4276 -0.8434
vn -0.0862 -0.2339 -0.9684
vn -0.4981 0.5496 -0.6707
vn -0.2050 0.1394 -0.9688
vn -0.7085 0.6282 -0.3216
vn -0.7585 0.6483 -0.0663
vn -0.5971 0.4251 -0.6803
vn -0.8154 0.4192 -0.3993
vn -0.8812 0.4515 -0.1402
vn -0.0333 -0.3436 -0.9385
vn -0.4461 0.3951 -0.8030
vn -0.1324 0.0010 -0.9912
vn -0.2603 0.1423 -0.9550
vn -0.6285 0.1298 -0.7669
vn -0.9045 0.2401 -0.3524
vn -0.9626 0.2583 -0.0820
vn -0.6866 0.0089 -0.7270
vn -0.9443 0.0945 -0.3153
vn -0.9927 0.0903 -0.0801
vn -0.0454 -0.0672 -0.9967
vn -0.2129 0.0650 -0.9749
vn -0.4929 0.2759 -0.8252
vn 0.0029 -0.9770 -0.2130
vn -0.0425 -0.0034 -0.9991
vn -0.3020 -0.0080 -0.9533
vn -0.0605 -0.0129 -0.9981
vn 0.0402 -0.9985 -0.0374
vn 0.0007 -0.0228 -0.9997
vn -0.5530 0.8332 -0.0070
vn -0.4222 0.9065 -0.0080
vn -0.8362 0.5482 -0.0136
vn -0.7677 0.6407 -0.0097
vn -0.8474 0.5308 -0.0112
vn -0.9234 0.3819 -0.0380
vn -0.9155 0.4022 -0.0111
vn -0.2571 0.9664 -0.0063
vn -0.6826 0.7307 -0.0081
vn -0.2694 0.9630 -0.0099
vn -0.5767 0.8169 -0.0085
vn -0.8639 0.5036 -0.0099
vn -0.9223 0.3863 -0.0101
vn -0.9713 0.2379 -0.0091
vn -0.9967 0.0811 -0.0081
vn -0.4336 0.9011 -0.0059
vn -0.7844 0.6202 -0.0079
vn -0.6975 0.7165 -0.0088
vn -0.9292 0.3694 -0.0113
vn -0.2863 0.9573 0.0388
vn -0.5913 0.8059 0.0305
vn -0.4537 0.8904 0.0375
vn -0.7042 0.7095 0.0286
vn -0.7946 0.6070 -0.0099
vn -0.8770 0.4802 -0.0144
vn -0.9486 0.3161 -0.0187
vn -0.9717 0.2357 -0.0164
vn -0.9874 0.1499 -0.0509
vn -0.9906 0.1151 -0.0740
vn -0.2663 0.9392 0.2166
vn -0.2091 0.7114 0.6710
vn -0.0140 -0.8121 0.5834
vn -0.4662 0.8502 0.2448
vn -0.3311 0.5430 0.7717
vn -0.5965 0.7838 0.1727
vn -0.5189 0.6531 0.5515
vn -0.1030 -0.2593 0.9603
vn -0.2597 0.2165 0.9411
vn -0.6925 0.6900 0.2108
vn -0.5086 0.4937 0.7054
vn -0.8009 0.5978 0.0352
vn -0.7846 0.5953 0.1734
vn -0.6630 0.5172 0.5413
vn -0.0508 -0.3926 0.9183
vn -0.1753 0.0436 0.9835
vn -0.3228 0.2401 0.9155
vn -0.8867 0.4611 0.0340
vn -0.8509 0.4645 0.2455
vn -0.5900 0.3383 0.7331
vn -0.9392 0.2641 0.2197
vn -0.7470 0.1841 0.6388
vn -0.9541 0.2980 0.0286
vn -0.9762 0.1027 0.1909
vn -0.8122 0.0765 0.5784
vn -0.0569 -0.0889 0.9944
vn -0.1772 0.0931 0.9798
vn -0.3257 0.0882 0.9414
vn -0.4299 0.0027 0.9029
vn -0.0500 0.0054 0.9987
vn -0.1324 0.0119 0.9911
vn 0.0187 -0.8203 0.5717
vn 0.0134 -0.0225 0.9997
vn -0.2354 -0.9139 -0.3308
vn -0.2152 -0.4893 -0.8451
vn -0.3235 -0.9439 -0.0662
vn -0.1792 -0.9814 -0.0692
vn -0.0177 0.4887 -0.8723
vn -0.3807 -0.8864 -0.2634
vn -0.3143 -0.7087 -0.6316
vn -0.2688 -0.6414 -0.7186
vn -0.4301 -0.9015 -0.0476
vn -0.1365 -0.2299 -0.9636
vn -0.5439 -0.7804 -0.3084
vn -0.3428 -0.4827 -0.8059
vn -0.5488 -0.8332 -0.0676
vn -0.6771 -0.7339 -0.0537
vn -0.1055 -0.1311 -0.9857
vn -0.7268 -0.6173 -0.3011
vn -0.5200 -0.5652 -0.6405
vn -0.4597 -0.4195 -0.7828
vn -0.7552 -0.6518 -0.0695
vn -0.8460 -0.5302 -0.0557
vn -0.2203 -0.2149 -0.9515
vn -0.0988 -0.0023 -0.9951
vn -0.0228 0.2844 -0.9584
vn -0.0443 0.2106 -0.9766
vn -0.9462 -0.0722 -0.3154
vn -0.9944 -0.0678 -0.0812
vn -0.9206 -0.1998 -0.3356
vn -0.9703 -0.2265 -0.0844
vn -0.8377 -0.4165 -0.3532
vn -0.6525 -0.1185 -0.7484
vn -0.6162 -0.4401 -0.6531
vn -0.5175 -0.2896 -0.8052
vn -0.9108 -0.4064 -0.0729
vn -0.2727 -0.1668 -0.9475
vn -0.1363 -0.0868 -0.9869
vn -0.0391 0.0910 -0.9951
vn -0.2200 -0.0835 -0.9719
vn -0.0440 -0.0014 -0.9990
vn 0.0017 0.0004 -1.0000
vn 0.0400 0.0850 -0.9956
vn -0.0026 0.6527 -0.7576
vn 0.0119 0.4865 -0.8736
vn -0.7777 -0.6286 -0.0087
vn -0.8548 -0.5189 -0.0117
vn -0.8598 -0.5106 -0.0100
vn -0.9976 -0.0678 -0.0104
vn -0.9734 -0.2289 -0.0098
vn -0.9229 -0.3848 -0.0106
vn -0.5816 -0.8134 -0.0059
vn -0.4619 -0.8869 -0.0045
vn -0.3476 -0.9376 -0.0036
vn -0.9323 -0.3615 -0.0106
vn -0.7077 -0.7065 -0.0072
vn -0.8025 -0.5966 -0.0089
vn -0.8782 -0.4782 -0.0095
vn -0.9768 -0.2138 -0.0097
vn -0.9982 -0.0598 -0.0077
vn -0.3822 -0.9236 0.0305
vn -0.4849 -0.8746 -0.0042
vn -0.6084 -0.7936 -0.0059
vn -0.7224 -0.6914 -0.0064
vn -0.9392 -0.3431 -0.0151
vn -0.9784 -0.2059 -0.0204
vn -0.9552 -0.2947 -0.0287
vn -0.9921 -0.1112 -0.0580
vn -0.8090 -0.5878 -0.0056
vn -0.8940 -0.4479 -0.0128
vn -0.9943 -0.0708 -0.0797
vn -0.2963 -0.7266 0.6198
vn -0.2061 -0.3317 0.9206
vn -0.0947 0.1357 0.9862
vn -0.0181 0.5012 0.8652
vn -0.5008 -0.8651 0.0286
vn -0.6195 -0.7713 0.1459
vn -0.5027 -0.8357 0.2208
vn -0.5468 -0.6626 0.5118
vn -0.3841 -0.5812 0.7174
vn -0.1368 -0.2208 0.9657
vn -0.7185 -0.6953 0.0182
vn -0.6195 -0.7848 0.0197
vn -0.8055 -0.5813 0.1151
vn -0.7101 -0.6772 0.1926
vn -0.6916 -0.5101 0.5113
vn -0.5393 -0.5082 0.6715
vn -0.2931 -0.3127 0.9035
vn -0.1410 -0.0602 0.9882
vn -0.0369 0.2815 0.9588
vn -0.9961 -0.0862 0.0173
vn -0.9930 0.1154 0.0243
vn -0.9795 -0.0764 0.1865
vn -0.8165 -0.0589 0.5744
vn -0.9624 -0.2708 0.0221
vn -0.9470 -0.2436 0.2093
vn -0.7606 -0.1688 0.6268
vn -0.9024 -0.4301 0.0270
vn -0.8638 -0.4459 0.2343
vn -0.6153 -0.3285 0.7166
vn -0.3552 -0.2605 0.8978
vn -0.1900 -0.1415 0.9715
vn -0.0701 0.0414 0.9967
vn -0.3293 -0.0927 0.9397
vn -0.1868 -0.1045 0.9768
vn -0.0835 -0.0259 0.9962
vn -0.0244 0.1182 0.9927
vn -0.0735 -0.0120 0.9972
vn -0.0149 0.0257 0.9996
vn -0.0170 0.0009 0.9999
vn -0.9257 0.2606 -0.2742
vn -0.9508 0.2164 -0.2217
vn -0.9711 0.1667 -0.1709
vn -0.9953 0.0651 -0.0719
vn -0.9239 0.2706 -0.2704
vn -0.9507 0.2232 -0.2155
vn -0.9675 0.1844 -0.1730
vn -0.9235 0.2819 -0.2602
vn -0.8182 0.4264 -0.3857
vn -0.3933 0.6252 -0.6742
vn -0.2682 0.6790 -0.6834
vn -0.4995 0.6109 -0.6142
vn -0.3929 0.6552 -0.6452
vn -0.2455 0.6889 -0.6820
vn -0.4888 0.6123 -0.6214
vn -0.3996 0.6693 -0.6264
vn -0.2524 0.7112 -0.6562
vn -0.6692 0.6104 -0.4238
vn -0.0411 0.7000 -0.7130
vn -0.0594 0.7130 -0.6986
vn -0.2944 0.7450 -0.5986
vn -0.9939 0.0928 -0.0589
vn -0.9665 0.2092 -0.1489
vn -0.9896 0.1359 -0.0464
vn -0.8094 0.5305 -0.2518
vn -0.9228 0.3470 -0.1676
vn -0.9706 0.2315 -0.0657
vn -0.9869 0.1597 -0.0241
vn -0.5068 0.6969 -0.5074
vn -0.7984 0.5173 -0.3081
vn -0.9172 0.3630 -0.1644
vn -0.4008 0.7033 -0.5871
vn -0.6029 0.6335 -0.4850
vn -0.8440 0.4618 -0.2728
vn -0.9680 0.2438 -0.0594
vn -0.9264 0.3473 -0.1453
vn -0.9571 0.2875 -0.0350
vn -0.4945 0.6600 -0.5656
vn -0.6792 0.5783 -0.4520
vn -0.8815 0.4207 -0.2143
vn -0.9283 0.3600 -0.0934
vn -0.9432 0.3312 -0.0254
vn -0.5569 0.6793 -0.4779
vn -0.7225 0.6037 -0.3370
vn -0.8740 0.4598 -0.1573
vn -0.8976 0.4349 -0.0718
vn -0.9298 0.3677 -0.0152
vn -0.9088 0.4172 -0.0089
vn -0.1215 0.7262 -0.6766
vn -0.1795 0.7110 -0.6799
vn -0.2021 0.7104 -0.6741
vn -0.2566 0.7415 -0.6199
vn -0.6938 0.6437 -0.3230
vn -0.7975 0.5756 -0.1807
vn -0.3736 0.7368 -0.5634
vn -0.5087 0.7263 -0.4623
vn -0.8646 0.4979 -0.0679
vn -0.0373 0.7120 -0.7012
vn -0.0534 0.7160 -0.6960
vn -0.0977 0.7300 -0.6764
vn -0.1930 0.7334 -0.6518
vn -0.0162 0.7111 -0.7029
vn -0.0744 0.7297 -0.6797
vn -0.0179 0.7134 -0.7005
vn -0.9986 0.0464 0.0264
vn -0.9806 0.1892 0.0505
vn -0.9934 0.1138 0.0126
vn -0.9970 0.0743 0.0202
vn -0.9535 0.3006 0.0217
vn -0.9401 0.3407 0.0121
vn -0.9181 0.3941 0.0420
vn -0.8921 0.4513 0.0222
vn -0.8838 0.4679 -0.0070
vn -0.9767 0.2145 -0.0005
vn -0.9511 0.2897 0.1069
vn -0.9143 0.3969 0.0810
vn -0.8402 0.5106 0.1823
vn -0.8793 0.4626 0.1128
vn -0.8809 0.4469 0.1562
vn -0.6717 0.6355 0.3808
vn -0.7460 0.6154 0.2546
vn -0.8633 0.4940 0.1030
vn -0.8250 0.5562 0.0999
vn -0.7536 0.6186 0.2225
vn -0.3547 0.7420 0.5688
vn -0.2638 0.7309 0.6294
vn -0.1239 0.7390 0.6623
vn -0.4668 0.7364 0.4896
vn -0.0790 0.7226 0.6868
vn -0.9511 0.2218 0.2150
vn -0.7902 0.4363 0.4303
vn -0.6380 0.5324 0.5563
vn -0.9508 0.2301 0.2075
vn -0.9866 0.1178 0.1127
vn -0.7916 0.4393 0.4246
vn -0.6384 0.5423 0.5463
vn -0.9515 0.2446 0.1866
vn -0.9856 0.1354 0.1016
vn -0.7966 0.4455 0.4086
vn -0.6423 0.5433 0.5406
vn -0.9520 0.2633 0.1559
vn -0.9830 0.1648 0.0811
vn -0.8052 0.4567 0.3783
vn -0.6492 0.5543 0.5209
vn -0.7758 0.5358 0.3333
vn -0.6815 0.5561 0.4757
vn -0.7849 0.5752 0.2304
vn -0.2662 0.6786 0.6846
vn -0.2704 0.6799 0.6816
vn -0.2761 0.6830 0.6763
vn -0.3236 0.6860 0.6516
vn -0.3339 0.7386 0.5856
vn -0.2728 0.7141 0.6447
vn -0.5927 0.6880 0.4188
vn -0.4222 0.7318 0.5350
vn -0.5331 0.6576 0.5323
vn -0.0490 0.7009 0.7116
vn -0.0899 0.7048 0.7037
vn -0.0609 0.7083 0.7033
vn -0.1114 0.7249 0.6798
vn -0.2159 0.7278 0.6509
vn -0.0290 0.7144 0.6991
vn -0.6522 0.6830 -0.3288
vn -0.7920 0.5916 -0.1508
vn -0.8431 0.5352 -0.0525
vn -0.2645 0.7518 -0.6040
vn -0.6834 0.6795 -0.2671
vn -0.3729 0.7520 -0.5435
vn -0.5217 0.7425 -0.4201
vn -0.7869 0.6004 -0.1425
vn -0.6440 0.7262 -0.2406
vn -0.1605 0.7409 -0.6522
vn -0.2972 0.7840 -0.5449
vn -0.1162 0.7506 -0.6505
vn -0.4331 0.7981 -0.4190
vn -0.2547 0.7937 -0.5524
vn -0.0606 0.7358 -0.6745
vn -0.0391 0.7312 -0.6811
vn -0.8603 0.5097 -0.0069
vn -0.8315 0.5552 -0.0212
vn -0.7882 0.6137 -0.0451
vn -0.8053 0.5929 -0.0063
vn -0.6971 0.7065 -0.1224
vn -0.7707 0.6368 -0.0216
vn -0.5726 0.7837 -0.2406
vn -0.7249 0.6876 -0.0404
vn -0.6353 0.7644 -0.1099
vn -0.7036 0.7103 -0.0206
vn -0.3961 0.8295 -0.3938
vn -0.5181 0.8380 -0.1710
vn -0.6605 0.7501 -0.0335
vn -0.5868 0.8060 -0.0776
vn -0.6215 0.7832 -0.0198
vn -0.1259 0.7810 -0.6117
vn -0.3590 0.8791 -0.3135
vn -0.5255 0.8395 -0.1382
vn -0.1867 0.8407 -0.5082
vn -0.1286 0.7839 -0.6074
vn -0.4455 0.8698 -0.2120
vn -0.2690 0.8421 -0.4675
vn -0.4065 0.8751 -0.2627
vn -0.5467 0.8344 -0.0703
vn -0.4546 0.8830 -0.1166
vn -0.5471 0.8368 -0.0216
vn -0.5121 0.8582 -0.0345
vn -0.7722 0.6347 0.0287
vn -0.6275 0.7786 0.0061
vn -0.6542 0.7559 0.0246
vn -0.5939 0.8045 -0.0088
vn -0.8787 0.4772 0.0109
vn -0.8488 0.5278 0.0314
vn -0.8058 0.5916 0.0266
vn -0.7973 0.6035 0.0070
vn -0.7209 0.6923 0.0317
vn -0.6986 0.7154 0.0127
vn -0.5342 0.8445 0.0381
vn -0.5867 0.8097 0.0144
vn -0.4769 0.8788 0.0157
vn -0.6097 0.7055 0.3611
vn -0.7049 0.6788 0.2056
vn -0.2224 0.7472 0.6262
vn -0.3584 0.7744 0.5214
vn -0.6984 0.7070 0.1112
vn -0.6270 0.7431 0.2338
vn -0.7572 0.6451 0.1024
vn -0.0835 0.7324 0.6757
vn -0.1586 0.7534 0.6381
vn -0.4956 0.7732 0.3958
vn -0.3024 0.7880 0.5362
vn -0.5832 0.7868 0.2018
vn -0.1179 0.7582 0.6413
vn -0.4375 0.7963 0.4176
vn -0.6323 0.7665 0.1125
vn -0.3980 0.8362 0.3774
vn -0.2254 0.7993 0.5570
vn -0.5255 0.8249 0.2081
vn -0.1375 0.7709 0.6219
vn -0.0407 0.7281 0.6843
vn -0.5795 0.8116 0.0737
vn -0.2644 0.8216 0.5050
vn -0.4418 0.8801 0.1740
vn -0.1714 0.8172 0.5503
vn -0.3949 0.8587 0.3267
vn -0.4335 0.8958 0.0975
vn -0.2369 0.8847 0.4014
vn 0.0024 0.7080 -0.7062
vn 0.0338 0.7304 -0.6822
vn -0.0018 0.7081 -0.7062
vn 0.1502 0.7004 -0.6977
vn 0.0819 0.7273 -0.6814
vn 0.0271 0.7064 -0.7073
vn 0.1873 0.7806 -0.5964
vn 0.3639 0.7159 -0.5958
vn 0.1009 0.7619 -0.6397
vn 0.0733 0.8346 -0.5459
vn 0.0574 0.7875 -0.6136
vn 0.3121 0.8330 -0.4569
vn 0.3961 0.8945 -0.2075
vn 0.2366 0.8623 -0.4477
vn 0.4947 0.8057 -0.3257
vn 0.3591 0.7665 -0.5325
vn -0.0449 0.7707 -0.6356
vn -0.0060 0.7209 -0.6931
vn 0.0841 0.9451 -0.3157
vn -0.0574 0.7512 -0.6576
vn -0.1299 0.8016 -0.5835
vn -0.3062 0.8663 -0.3948
vn -0.4640 0.8853 -0.0299
vn -0.2628 0.8812 -0.3930
vn -0.3398 0.9189 -0.2006
vn -0.4097 0.9111 -0.0440
vn -0.0980 0.8270 -0.5536
vn -0.0413 0.7580 -0.6509
vn -0.1197 0.8482 -0.5159
vn -0.3157 0.9451 -0.0845
vn -0.2057 0.9309 -0.3018
vn -0.3552 0.9346 -0.0196
vn -0.2763 0.9513 -0.1366
vn -0.0179 0.7387 -0.6738
vn -0.0720 0.8101 -0.5818
vn -0.2721 0.9619 -0.0270
vn -0.3202 0.9465 -0.0396
vn -0.1592 0.9158 -0.3686
vn -0.1890 0.9706 -0.1488
vn -0.2148 0.9762 -0.0296
vn 0.0183 0.7022 -0.7117
vn 0.1301 0.6900 -0.7120
vn -0.1999 0.8838 -0.4229
vn -0.1353 0.9902 -0.0361
vn 0.6584 0.6857 -0.3104
vn 0.5829 0.6035 -0.5441
vn 0.8609 0.4774 -0.1756
vn 0.9960 -0.0430 -0.0786
vn 0.8253 0.3243 -0.4623
vn 0.4493 0.5852 -0.6751
vn 0.1145 0.6858 -0.7187
vn 0.2128 0.5623 -0.7991
vn -0.0023 0.7609 -0.6488
vn -0.0530 0.9807 -0.1880
vn -0.0577 0.9970 -0.0510
vn 0.4892 0.8681 -0.0841
vn 0.6841 0.7115 -0.1606
vn 0.5270 0.8495 -0.0241
vn 0.9394 0.3420 -0.0233
vn 0.7624 0.6456 -0.0441
vn 0.9501 -0.2047 -0.2353
vn 0.9325 -0.2993 -0.2022
vn 0.9031 -0.4289 -0.0232
vn 0.9974 -0.0715 0.0007
vn 0.9106 -0.4132 0.0048
vn 0.4946 0.4251 -0.7581
vn 0.6629 0.1108 -0.7405
vn 0.9000 -0.0646 -0.4312
vn 0.7766 -0.6258 -0.0722
vn 0.8206 -0.3160 -0.4763
vn 0.4861 0.1741 -0.8564
vn 0.8156 0.0427 -0.5770
vn 0.1394 0.6134 -0.7774
vn 0.2527 0.4595 -0.8515
vn 0.1288 0.5601 -0.8184
vn 0.1431 0.9815 -0.1272
vn 0.1629 0.9861 -0.0314
vn 0.5664 -0.6373 -0.5225
vn 0.5657 -0.8140 -0.1318
vn 0.5276 -0.8494 -0.0145
vn 0.5359 -0.8443 0.0049
vn 0.6344 -0.1825 -0.7512
vn 0.2223 -0.9507 -0.2162
vn 0.5140 -0.6288 -0.5835
vn 0.1753 -0.9840 -0.0314
vn 0.0522 0.2092 -0.9765
vn 0.2571 0.4897 -0.8331
vn -0.0005 0.3829 -0.9238
vn 0.0087 0.9005 -0.4348
vn -0.0447 0.8971 -0.4395
vn -0.0050 0.9784 -0.2066
vn -0.4165 0.9086 0.0294
vn -0.3104 0.9505 0.0169
vn 0.9365 0.3506 -0.0034
vn 0.1603 -0.9870 0.0073
vn 0.2023 -0.9793 0.0042
vn -0.0418 0.9984 0.0388
vn -0.0107 0.9986 -0.0526
vn -0.3316 0.9300 0.1586
vn -0.3349 0.9413 0.0428
vn -0.2627 0.9585 0.1110
vn -0.2665 0.9636 0.0205
vn -0.2112 0.9773 0.0194
vn -0.1803 0.9768 0.1156
vn -0.1508 0.9376 0.3132
vn -0.1918 0.9263 0.3244
vn -0.1437 0.9894 0.0212
vn 0.9997 0.0052 0.0259
vn 0.9154 0.4011 0.0337
vn -0.0952 0.9950 0.0300
vn -0.0543 0.9864 0.1553
vn -0.0031 0.7739 0.6333
vn -0.0494 0.9217 0.3847
vn 0.4692 0.8815 0.0526
vn 0.7427 0.6692 0.0261
vn 0.9327 -0.3584 0.0391
vn 0.7761 -0.6290 0.0443
vn 0.5996 -0.7510 0.2766
vn 0.5221 -0.8506 0.0620
vn -0.0997 0.9950 -0.0071
vn 0.1483 0.9888 0.0164
vn 0.1532 -0.9859 0.0670
vn 0.1388 -0.9465 0.2914
vn 0.0182 0.9862 0.1647
vn -0.0034 0.9143 0.4051
vn -0.0728 0.7619 0.6436
vn -0.0647 0.7495 0.6589
vn -0.1675 0.8271 0.5365
vn -0.3237 0.8919 0.3157
vn -0.3254 0.8683 0.3745
vn -0.0244 0.7171 0.6965
vn 0.0209 0.7097 0.7042
vn -0.1563 0.9185 0.3631
vn 0.0253 0.7270 0.6861
vn 0.0219 0.7145 0.6992
vn -0.1276 0.8677 0.4804
vn -0.0616 0.7846 0.6169
vn 0.0783 0.7069 0.7030
vn 0.0262 0.7191 0.6944
vn -0.0706 0.8392 0.5392
vn -0.0034 0.7151 0.6990
vn 0.1144 0.7395 0.6634
vn 0.1843 0.7094 0.6803
vn 0.1988 0.6943 0.6917
vn 0.1816 0.7842 0.5933
vn 0.1050 0.7773 0.6203
vn 0.9843 0.1143 0.1343
vn 0.8528 0.5048 0.1339
vn 0.8629 0.3818 0.3312
vn 0.6587 0.6852 0.3108
vn 0.3942 0.7245 0.5655
vn 0.5753 0.6346 0.5160
vn 0.3660 0.7909 0.4905
vn 0.9300 -0.3365 0.1479
vn 0.9368 -0.1609 0.3107
vn 0.5202 0.5978 0.6100
vn 0.6039 0.4197 0.6776
vn 0.1653 0.6657 0.7277
vn 0.2756 0.4871 0.8287
vn 0.0626 0.8276 0.5578
vn 0.0305 0.7633 0.6453
vn 0.6579 0.7371 0.1545
vn 0.5019 0.8200 0.2750
vn 0.2352 0.8727 0.4278
vn 0.3636 0.9126 0.1868
vn 0.8554 -0.2525 0.4523
vn 0.8668 -0.3194 0.3829
vn 0.8812 -0.1235 0.4564
vn 0.8407 -0.2386 0.4862
vn 0.3587 0.4525 0.8165
vn 0.1936 0.5816 0.7901
vn 0.3991 0.2296 0.8877
vn 0.1344 0.4540 0.8808
vn 0.3187 0.3246 0.8905
vn 0.1119 0.9864 0.1202
vn 0.0602 0.9464 0.3173
vn 0.1302 -0.8845 0.4481
vn 0.0151 0.2964 0.9550
vn 0.0480 0.0218 0.9986
vn 0.0170 -0.7670 -0.6414
vn 0.0305 -0.0981 -0.9947
vn 0.0401 -0.3395 -0.9397
vn 0.3040 0.0088 -0.9526
vn 0.0469 0.0018 -0.9989
vn 0.0597 -0.0146 -0.9981
vn 0.1406 -0.0065 -0.9900
vn 0.1922 0.0777 -0.9783
vn 0.2805 0.1362 -0.9501
vn 0.6000 0.1755 -0.7805
vn 0.7487 0.3818 -0.5419
vn 0.4396 0.2389 -0.8658
vn 0.6846 0.0571 -0.7267
vn 0.9390 0.1011 -0.3288
vn 0.9608 0.2705 -0.0601
vn 0.8811 0.3211 -0.3472
vn 0.0814 -0.2453 -0.9660
vn 0.2066 0.1248 -0.9704
vn 0.4444 0.3808 -0.8109
vn 0.6143 0.3851 -0.6887
vn 0.7119 0.6227 -0.3248
vn 0.8342 0.5473 -0.0667
vn 0.8443 0.4680 -0.2609
vn 0.0208 -0.4357 -0.8998
vn 0.3110 0.4304 -0.8474
vn 0.5030 0.5370 -0.6772
vn 0.5354 0.7816 -0.3200
vn 0.7480 0.6602 -0.0684
vn 0.2340 0.6164 -0.7519
vn 0.1198 0.3256 -0.9379
vn 0.5263 0.8473 -0.0707
vn 0.3320 0.8974 -0.2905
vn 0.0036 -0.9401 -0.3408
vn 0.0267 -0.9774 -0.2096
vn 0.0737 0.4051 -0.9113
vn 0.1538 0.9058 -0.3948
vn 0.3813 0.9227 -0.0572
vn 0.1866 0.9543 -0.2336
vn 0.6655 0.7464 -0.0072
vn 0.5308 0.8475 -0.0065
vn 0.6629 0.7466 -0.0554
vn 0.7643 0.6448 -0.0081
vn 0.3859 0.9225 -0.0075
vn 0.2140 0.9758 -0.0450
vn 0.9955 0.0948 -0.0088
vn 0.9669 0.2550 -0.0087
vn 0.9098 0.4136 -0.0346
vn 0.8487 0.5287 -0.0094
vn 0.5462 0.8376 -0.0061
vn 0.4055 0.9141 -0.0050
vn 0.2215 0.9751 -0.0058
vn 0.7777 0.6286 -0.0079
vn 0.6802 0.7330 -0.0073
vn 0.5641 0.8257 -0.0064
vn 0.9161 0.4009 -0.0084
vn 0.8575 0.5144 -0.0087
vn 0.9969 0.0788 -0.0069
vn 0.9955 0.0948 -0.0082
vn 0.8659 0.5000 -0.0127
vn 0.9245 0.3810 -0.0132
vn 0.9722 0.2338 -0.0111
vn 0.9915 0.0985 -0.0846
vn 0.6894 0.7239 0.0277
vn 0.5883 0.8076 0.0402
vn 0.4330 0.9002 0.0460
vn 0.2678 0.9626 0.0414
vn 0.0016 -0.9851 0.1720
vn 0.0155 -0.4402 0.8978
vn 0.0026 0.0013 1.0000
vn 0.0657 -0.0945 0.9934
vn 0.0491 0.0008 0.9988
vn 0.1720 0.0022 0.9851
vn 0.0607 0.0258 0.9978
vn 0.0372 -0.9988 0.0326
vn 0.3009 0.1148 0.9467
vn 0.1782 0.0864 0.9802
vn 0.4434 0.0617 0.8942
vn 0.1599 0.0344 0.9865
vn 0.0496 -0.3795 0.9238
vn 0.3207 0.2450 0.9149
vn 0.5899 0.3524 0.7265
vn 0.9424 0.3341 0.0151
vn 0.8781 0.4775 0.0320
vn 0.9352 0.2806 0.2162
vn 0.7547 0.2067 0.6227
vn 0.8451 0.4780 0.2393
vn 0.9793 0.1263 0.1585
vn 0.9821 0.1834 -0.0429
vn 0.8203 0.1023 0.5627
vn 0.2561 0.2138 0.9427
vn 0.1474 0.0856 0.9854
vn 0.5032 0.5000 0.7048
vn 0.7890 0.6138 0.0292
vn 0.7754 0.6086 0.1686
vn 0.6577 0.5278 0.5375
vn 0.6782 0.7040 0.2108
vn 0.3294 0.5365 0.7770
vn 0.1186 0.3276 0.9373
vn 0.4748 0.8453 0.2449
vn 0.5151 0.6531 0.5551
vn 0.0068 -0.5474 0.8369
vn 0.0033 -0.5546 0.8321
vn 0.2533 0.9416 0.2217
vn 0.2198 0.9017 0.3723
vn 0.1007 0.4039 0.9093
vn 0.0690 0.4544 0.8881
vn 0.0242 0.2730 -0.9617
vn 0.0447 -0.0036 -0.9990
vn 0.1235 -0.0476 -0.9912
vn 0.9462 -0.0486 -0.3199
vn 0.6930 -0.0350 -0.7200
vn 0.9921 0.1001 -0.0754
vn 0.2258 -0.0920 -0.9698
vn 0.9216 -0.1949 -0.3356
vn 0.6516 -0.1225 -0.7486
vn 0.9724 -0.2202 -0.0766
vn 0.8431 -0.4178 -0.3384
vn 0.5259 -0.2877 -0.8004
vn 0.9173 -0.3892 -0.0837
vn 0.2805 -0.1672 -0.9452
vn 0.1387 -0.0916 -0.9861
vn 0.8402 -0.5370 -0.0756
vn 0.6146 -0.4457 -0.6508
vn 0.7117 -0.6397 -0.2902
vn 0.4740 -0.4153 -0.7765
vn 0.7724 -0.6315 -0.0679
vn 0.2267 -0.2198 -0.9488
vn 0.1040 -0.0151 -0.9945
vn 0.6621 -0.7473 -0.0561
vn 0.5176 -0.5772 -0.6317
vn 0.5336 -0.7905 -0.3007
vn 0.3539 -0.4842 -0.8002
vn 0.5575 -0.8287 -0.0503
vn 0.1038 -0.1492 -0.9833
vn 0.0708 0.1834 -0.9805
vn 0.3373 -0.8355 -0.4337
vn 0.3604 -0.8950 -0.2628
vn 0.4489 -0.8921 -0.0520
vn 0.2019 -0.4046 -0.8919
vn 0.1534 -0.2739 -0.9494
vn 0.3136 -0.9487 -0.0412
vn 0.3086 -0.7223 -0.6190
vn 0.2305 -0.9144 -0.3328
vn 0.2116 -0.5111 -0.8331
vn 0.1768 -0.9823 -0.0619
vn 0.0565 0.0425 -0.9975
vn 0.9956 -0.0611 -0.0715
vn 0.9720 -0.2350 -0.0077
vn 0.9976 -0.0683 -0.0085
vn 0.9767 -0.2145 -0.0085
vn 0.9219 -0.3872 -0.0092
vn 0.8554 -0.5180 -0.0081
vn 0.7797 -0.6261 -0.0077
vn 0.6786 -0.7345 -0.0068
vn 0.6927 -0.7212 -0.0061
vn 0.9303 -0.3668 -0.0096
vn 0.8682 -0.4962 -0.0089
vn 0.7909 -0.6118 -0.0074
vn 0.9988 -0.0479 -0.0073
vn 0.9781 -0.2078 -0.0076
vn 0.5954 -0.8034 -0.0051
vn 0.4744 -0.8803 -0.0035
vn 0.3512 -0.9363 -0.0030
vn 0.9386 -0.3448 -0.0096
vn 0.8852 -0.4652 -0.0076
vn 0.8099 -0.5865 -0.0072
vn 0.7117 -0.7025 -0.0059
vn 0.9942 -0.0640 -0.0865
vn 0.9974 -0.0711 -0.0069
vn 0.7111 -0.7007 0.0582
vn 0.6128 -0.7882 0.0564
vn 0.4870 -0.8718 0.0532
vn 0.3889 -0.9191 0.0630
vn 0.1981 -0.9802 -0.0011
vn 0.0164 0.1158 0.9931
vn 0.0096 0.5146 0.8574
vn 0.0024 0.6467 0.7628
vn 0.0278 0.2875 0.9574
vn 0.0185 0.0226 0.9996
vn 0.0851 -0.0375 0.9957
vn 0.4606 -0.0256 0.8872
vn 0.3615 -0.0968 0.9273
vn 0.2654 -0.1335 0.9549
vn 0.0861 0.0409 0.9954
vn 0.9797 -0.1996 -0.0168
vn 0.9929 -0.0999 -0.0642
vn 0.9971 -0.0748 0.0120
vn 0.9822 -0.0568 0.1790
vn 0.8310 -0.0407 0.5548
vn 0.9556 -0.2941 -0.0202
vn 0.9643 -0.2626 0.0337
vn 0.9510 -0.2261 0.2111
vn 0.7852 -0.1521 0.6003
vn 0.9011 -0.4316 0.0416
vn 0.8917 -0.3647 0.2681
vn 0.6895 -0.2392 0.6837
vn 0.8165 -0.5739 0.0629
vn 0.7710 -0.5503 0.3204
vn 0.5268 -0.3667 0.7668
vn 0.2658 -0.2229 0.9379
vn 0.5871 -0.7448 0.3172
vn 0.5556 -0.5339 0.6374
vn 0.3976 -0.4934 0.7736
vn 0.1566 -0.1257 0.9796
vn 0.0496 0.2271 0.9726
vn 0.4425 -0.8575 0.2626
vn 0.3131 -0.6468 0.6954
vn 0.1739 -0.2664 0.9480
vn 0.0848 0.0933 0.9920
vn 0.0105 0.4356 0.9001
vn 0.3021 -0.9014 0.3101
vn 0.3696 -0.7126 0.5963
vn 0.2373 -0.9690 0.0686
vn 0.2531 -0.5148 0.8191
vn 0.0083 -0.4159 -0.9094
vn -0.0038 -0.4238 -0.9058
vn 0.0040 0.4452 -0.8954
vn 0.0055 0.9358 -0.3525
vn 0.0069 0.9780 -0.2085
vn -0.0977 0.3394 -0.9355
vn 0.0041 0.4496 -0.8932
vn -0.1750 0.9574 -0.2297
vn -0.1896 0.9809 -0.0441
vn 0.0099 0.9991 -0.0401
vn -0.3188 0.9054 -0.2803
vn -0.1460 0.9106 -0.3868
vn -0.3581 0.9320 -0.0568
vn 0.0172 -0.9377 -0.3470
vn -0.0162 -0.4401 -0.8978
vn 0.0174 -0.5035 -0.8638
vn -0.1157 0.2891 -0.9503
vn -0.1046 0.2198 -0.9699
vn -0.5101 0.7958 -0.3262
vn -0.2662 0.8440 -0.4656
vn -0.5067 0.8601 -0.0585
vn -0.6414 0.7651 -0.0565
vn -0.3140 0.4221 -0.8504
vn -0.0694 -0.2566 -0.9640
vn -0.4872 0.5547 -0.6745
vn -0.1776 0.1309 -0.9753
vn -0.6979 0.6468 -0.3076
vn -0.7337 0.6777 -0.0494
vn -0.5765 0.4491 -0.6826
vn -0.8258 0.4434 -0.3485
vn -0.8085 0.5859 -0.0560
vn 0.0507 -0.3207 -0.9458
vn -0.4223 0.3990 -0.8139
vn -0.0203 0.0020 -0.9998
vn -0.1560 0.1448 -0.9771
vn -0.8963 0.4320 -0.1004
vn -0.8374 0.1826 -0.5151
vn -0.9178 0.2283 -0.3249
vn -0.9621 0.2667 -0.0575
vn -0.8808 0.0123 -0.4733
vn -0.9521 0.1037 -0.2877
vn -0.9925 0.1100 -0.0542
vn 0.1262 -0.9383 -0.3219
vn 0.1924 -0.9661 -0.1722
vn 0.2240 -0.9744 -0.0213
vn 0.2666 -0.2717 -0.9247
vn 0.3024 -0.0221 -0.9529
vn 0.1420 0.0649 -0.9877
vn -0.4395 0.2965 -0.8479
vn -0.2832 0.0565 -0.9574
vn -0.3485 -0.0035 -0.9373
vn -0.3262 0.0268 -0.9449
vn 0.2785 -0.9264 -0.2534
vn 0.3516 -0.9292 -0.1136
vn 0.3703 -0.9286 -0.0240
vn 0.3611 -0.3695 -0.8562
vn 0.1602 -0.4705 -0.8677
vn 0.9629 -0.2027 -0.1783
vn 0.9207 -0.2913 -0.2597
vn 0.9347 -0.1364 -0.3282
vn 0.9661 -0.2571 -0.0229
vn 0.9206 -0.3731 -0.1152
vn 0.4970 -0.0322 -0.8672
vn 0.9770 -0.0270 -0.2117
vn 0.9364 -0.0233 -0.3501
vn 0.9981 -0.0467 -0.0400
vn 0.4571 0.0027 -0.8894
vn 0.9956 0.0542 -0.0760
vn 0.9999 -0.0033 -0.0112
vn 0.9411 0.0027 -0.3381
vn 0.9772 0.0155 -0.2117
vn 0.0267 0.9996 -0.0063
vn -0.1668 0.9860 -0.0013
vn -0.3436 0.9391 -0.0006
vn 0.9972 -0.0752 -0.0046
vn 0.0478 0.9989 -0.0013
vn -0.6117 0.7911 0.0049
vn -0.7200 0.6939 0.0066
vn -0.9924 0.1225 0.0104
vn 0.3618 -0.9323 0.0005
vn 0.8856 -0.4645 -0.0019
vn 0.9087 -0.4170 -0.0166
vn 0.9540 -0.2999 -0.0028
vn 0.2480 0.9688 -0.0025
vn -0.1306 0.9914 0.0005
vn 0.0688 0.9976 -0.0023
vn -0.3068 0.9518 0.0022
vn -0.8975 0.4411 0.0019
vn -0.7830 0.6203 0.0463
vn -0.8838 0.4677 0.0115
vn 0.2076 -0.9780 0.0187
vn -0.4656 0.8850 0.0043
vn -0.5891 0.8072 0.0376
vn -0.6995 0.7137 0.0377
vn 0.3460 -0.9381 0.0140
vn 0.8632 -0.5042 0.0253
vn 0.9409 -0.3373 0.0293
vn 0.9985 -0.0184 0.0511
vn 0.9935 -0.1062 0.0410
vn 0.0893 0.9954 0.0347
vn -0.1028 0.9940 0.0364
vn -0.2768 0.9599 0.0439
vn -0.4444 0.8947 0.0450
vn -0.9444 0.3282 0.0183
vn -0.9892 0.1455 0.0176
vn 0.0904 0.9762 0.1971
vn 0.0781 0.9429 0.3237
vn -0.0049 -0.5470 0.8371
vn -0.0835 0.9765 0.1986
vn -0.0181 0.5485 0.8359
vn -0.1067 0.4155 0.9033
vn 0.0258 -0.9851 0.1700
vn -0.0719 0.9440 0.3219
vn -0.2447 0.9435 0.2237
vn -0.1257 0.4164 0.9005
vn 0.0032 -0.9632 0.2687
vn 0.0256 -0.8254 0.5640
vn -0.2135 0.9058 0.3661
vn -0.4473 0.8597 0.2465
vn -0.3205 0.5482 0.7725
vn -0.5799 0.7960 0.1736
vn -0.5074 0.6655 0.5474
vn -0.0227 -0.6266 0.7790
vn -0.1330 0.0927 0.9868
vn -0.2432 0.2194 0.9448
vn -0.6796 0.7033 0.2087
vn -0.4950 0.5087 0.7044
vn -0.8179 0.5252 0.2349
vn -0.6434 0.5437 0.5389
vn 0.0307 -0.3775 0.9255
vn -0.0669 0.0430 0.9968
vn -0.2364 0.2539 0.9379
vn -0.8707 0.4884 0.0585
vn -0.5383 0.3766 0.7539
vn -0.9296 0.3649 0.0520
vn -0.9126 0.3526 0.2070
vn -0.8810 0.3200 0.3484
vn -0.9829 0.1763 0.0537
vn -0.9623 0.2654 0.0603
vn -0.9504 0.1672 0.2624
vn -0.7727 0.2939 0.5627
vn 0.1745 -0.9743 0.1423
vn 0.1574 -0.8121 0.5619
vn 0.2897 -0.3576 0.8878
vn 0.3167 -0.0563 0.9469
vn 0.2162 0.0957 0.9717
vn -0.3577 0.1696 0.9183
vn -0.4421 0.2216 0.8692
vn -0.4949 0.1973 0.8463
vn -0.9964 0.0347 0.0778
vn -0.8049 0.2224 0.5501
vn 0.3194 -0.9429 0.0944
vn 0.5721 -0.6802 0.4583
vn 0.8679 -0.4826 0.1176
vn 0.9362 -0.2988 0.1850
vn 0.7490 -0.2501 0.6135
vn 0.9678 -0.0608 0.2443
vn 0.7659 -0.0790 0.6381
vn 0.7538 0.0117 0.6570
vn 0.4767 0.0607 0.8770
vn 0.3214 0.1399 0.9365
vn 0.9180 0.0147 0.3963
vn 0.9645 0.0017 0.2641
vn 1.0000 0.0008 -0.0022
vn 0.9992 0.0301 0.0265
vn 0.1338 0.0716 0.9884
vn 0.0782 0.0214 0.9967
vn 0.0043 -0.8508 -0.5255
vn 0.0040 -0.9364 -0.3508
vn 0.0107 -0.9975 -0.0702
vn 0.0039 -0.2597 -0.9657
vn -0.0486 0.0446 -0.9978
vn -0.2286 -0.9202 -0.3179
vn -0.2083 -0.5195 -0.8287
vn -0.1422 -0.9877 -0.0644
vn -0.3044 -0.9502 -0.0666
vn -0.0147 0.4626 -0.8865
vn -0.3864 -0.8918 -0.2354
vn -0.3128 -0.7282 -0.6098
vn -0.2789 -0.6590 -0.6985
vn -0.4148 -0.9090 -0.0408
vn -0.1404 -0.2576 -0.9560
vn -0.5518 -0.7855 -0.2800
vn -0.3496 -0.5000 -0.7923
vn -0.5353 -0.8432 -0.0489
vn -0.6637 -0.7468 -0.0430
vn -0.1090 -0.1530 -0.9822
vn 0.0475 0.4945 -0.8679
vn -0.0381 0.1943 -0.9802
vn -0.7260 -0.6308 -0.2738
vn -0.6071 -0.4474 -0.6567
vn -0.8472 -0.4287 -0.3138
vn -0.5254 -0.5797 -0.6229
vn -0.4550 -0.4262 -0.7819
vn -0.7542 -0.6556 -0.0358
vn -0.8307 -0.5555 -0.0376
vn -0.2005 -0.2268 -0.9531
vn -0.0685 -0.0244 -0.9974
vn -0.0100 0.2417 -0.9703
vn -0.9555 -0.0710 -0.2862
vn -0.9963 -0.0659 -0.0544
vn -0.9281 -0.2049 -0.3110
vn -0.9700 -0.2368 -0.0553
vn -0.8527 -0.1681 -0.4947
vn -0.4522 -0.2719 -0.8495
vn -0.9128 -0.4046 -0.0552
vn -0.1488 -0.1852 -0.9714
vn 0.0099 -0.1114 -0.9937
vn 0.0741 0.0647 -0.9952
vn 0.0940 0.2543 -0.9625
vn -0.2473 -0.0733 -0.9662
vn -0.2848 -0.0564 -0.9569
vn 0.2529 -0.0596 -0.9656
vn 0.3370 0.0214 -0.9413
vn 0.3027 0.2004 -0.9318
vn 0.0704 0.6616 -0.7466
vn 0.2262 0.4791 -0.8481
vn 0.4915 -0.0190 -0.8707
vn 0.4643 -0.0063 -0.8857
vn 0.5208 0.0436 -0.8526
vn 0.9397 0.0220 -0.3412
vn 0.9354 0.0918 -0.3416
vn 0.9684 0.1170 -0.2202
vn 0.4367 0.4661 -0.7695
vn 0.9269 0.1789 -0.3299
vn 0.2998 0.6186 -0.7263
vn 0.9564 0.1843 -0.2265
vn 0.9757 0.1531 -0.1570
vn 0.9994 0.0248 -0.0250
vn -0.9971 -0.0749 0.0121
vn 0.0418 -0.9991 -0.0001
vn -0.0973 -0.9953 0.0015
vn -0.6348 -0.7727 0.0068
vn -0.5182 -0.8552 0.0057
vn -0.7407 -0.6717 0.0094
vn -0.2552 -0.9669 0.0036
vn -0.4028 -0.9153 0.0042
vn -0.9648 -0.2628 0.0119
vn -0.9077 -0.4195 0.0090
vn -0.8221 -0.5692 0.0099
vn -0.5112 -0.8595 0.0061
vn -0.3980 -0.9174 0.0053
vn -0.7166 -0.6975 0.0065
vn -0.6256 -0.7801 0.0066
vn 0.0700 -0.9950 0.0710
vn -0.0717 -0.9944 0.0780
vn -0.2416 -0.9683 0.0634
vn -0.3701 -0.9281 0.0411
vn -0.9940 -0.0937 0.0564
vn -0.9585 -0.2843 0.0230
vn -0.8992 -0.4375 0.0103
vn 0.9992 0.0347 0.0219
vn 0.0809 -0.9388 0.3347
vn 0.0829 -0.8604 0.5028
vn 0.0372 -0.3096 0.9501
vn 0.0103 -0.0229 0.9997
vn -0.0711 -0.9396 0.3348
vn -0.0780 -0.8623 0.5004
vn -0.0188 0.4682 0.8834
vn -0.4220 -0.8693 0.2575
vn -0.2872 -0.9030 0.3194
vn -0.3590 -0.7249 0.5879
vn -0.2607 -0.5324 0.8053
vn -0.0859 0.0335 0.9957
vn -0.0385 -0.3243 0.9452
vn -0.4974 -0.8653 0.0621
vn -0.3165 -0.6544 0.6868
vn -0.1624 -0.2812 0.9458
vn -0.0482 0.1637 0.9853
vn -0.7119 -0.6999 0.0586
vn -0.6131 -0.7876 0.0625
vn -0.7629 -0.5728 0.2999
vn -0.5788 -0.7521 0.3152
vn -0.5461 -0.5476 0.6339
vn -0.3899 -0.5019 0.7721
vn -0.1593 -0.1111 0.9810
vn 0.0234 0.2428 0.9698
vn 0.0548 0.5142 0.8559
vn -0.9785 -0.2025 0.0386
vn -0.9406 -0.3357 0.0506
vn -0.9001 -0.4355 0.0107
vn -0.8951 -0.4418 0.0603
vn -0.9409 -0.2779 0.1935
vn -0.8837 -0.3884 0.2613
vn -0.7522 -0.2417 0.6129
vn -0.8429 -0.3123 0.4381
vn -0.8166 -0.5727 0.0721
vn -0.4809 -0.3804 0.7900
vn -0.1812 -0.2382 0.9542
vn 0.0088 0.0075 0.9999
vn -0.9828 -0.1821 0.0292
vn -0.9962 -0.0712 0.0499
vn -0.9569 -0.1138 0.2671
vn -0.9910 0.1134 0.0708
vn -0.8402 -0.1712 0.5146
vn -0.5275 -0.1540 0.8355
vn -0.4394 -0.1471 0.8862
vn 0.1253 -0.1269 0.9840
vn -0.3826 -0.1794 0.9063
vn 0.2864 -0.0719 0.9554
vn 0.3430 0.0759 0.9363
vn 0.3125 0.2380 0.9196
vn 0.2466 0.5059 0.8266
vn 0.0744 0.6772 0.7320
vn 0.9975 0.0189 0.0675
vn 0.0628 -0.0176 0.9979
vn 0.3178 -0.1368 0.9382
vn 0.1136 -0.0574 0.9919
vn 0.9673 0.0323 0.2515
vn 0.9200 -0.0097 0.3918
vn 0.7535 0.0226 0.6571
vn 0.4558 -0.0414 0.8891
vn 0.9552 0.1449 0.2579
vn 0.9903 0.0915 0.1046
vn 0.7488 0.1518 0.6452
vn 0.9908 0.1014 0.0900
vn 0.9634 0.1887 0.1904
vn 0.8192 0.3777 0.4316
vn 0.6608 0.4055 0.6317
vn 0.3161 0.6238 0.7148
vn 0.0021 0.6484 -0.7613
vn 0.0065 0.6990 0.7151
vn 0.0105 0.7110 0.7031
vn -0.0779 0.8130 -0.5770
vn -0.1144 0.9339 -0.3389
vn -0.4593 0.8535 -0.2460
vn -0.2078 0.9680 -0.1411
vn -0.2431 0.8311 -0.5001
vn -0.5091 0.7251 -0.4638
vn -0.0065 0.7088 -0.7054
vn -0.1614 0.7868 -0.5957
vn -0.1937 0.7318 -0.6534
vn -0.0444 0.7192 -0.6934
vn -0.0756 0.7034 -0.7068
vn 0.0088 0.7197 -0.6942
vn 0.0534 0.7228 -0.6890
vn -0.2474 0.9680 -0.0430
vn -0.8552 -0.3465 -0.3854
vn -0.8078 -0.5337 -0.2502
vn -0.5515 -0.7612 -0.3411
vn -0.6771 -0.7190 -0.1567
vn -0.2742 -0.9332 -0.2324
vn -0.0643 -0.9435 -0.3249
vn -0.6128 -0.7897 -0.0305
vn -0.2364 -0.9709 -0.0391
vn -0.5867 -0.8098 0.0049
vn -0.0998 0.5995 -0.7941
vn 0.0018 0.7540 -0.6569
vn -0.5732 0.8114 -0.1141
vn -0.7933 0.5685 -0.2179
vn -0.6461 0.7624 -0.0367
vn -0.8785 0.4634 -0.1167
vn -0.9181 0.3949 -0.0330
vn -0.7269 0.5068 -0.4634
vn -0.9501 0.1811 -0.2542
vn -0.9927 0.0098 -0.1204
vn -0.9975 -0.0654 -0.0260
vn -0.6170 0.4805 -0.6232
vn -0.9159 -0.1777 -0.3600
vn -0.8802 -0.4165 -0.2274
vn -0.8184 -0.4695 -0.3313
vn -0.8753 -0.4803 -0.0555
vn -0.2283 0.4644 -0.8557
vn -0.3466 0.2040 -0.9156
vn -0.3054 0.5029 -0.8086
vn -0.1848 0.6109 -0.7699
vn -0.2100 0.4149 -0.8853
vn 0.0584 0.9815 -0.1822
vn 0.0449 0.9979 -0.0460
vn 0.0158 0.9999 -0.0062
vn -0.2789 0.6755 -0.6826
vn -0.2381 0.6548 -0.7173
vn -0.3352 0.4904 -0.8045
vn -0.1426 0.6244 -0.7680
vn -0.0440 0.7042 -0.7086
vn 0.0204 0.7936 -0.6081
vn 0.0825 0.9160 -0.3926
vn 0.1002 0.9942 -0.0383
vn -0.0419 0.6961 -0.7167
vn 0.0093 0.7340 -0.6791
vn 0.2000 0.9712 -0.1299
vn 0.1064 0.8453 -0.5236
vn 0.2555 0.9225 -0.2892
vn 0.1852 0.9029 -0.3878
vn 0.0547 0.7758 -0.6286
vn 0.2266 0.9207 -0.3177
vn 0.2797 0.9596 -0.0296
vn 0.3302 0.9398 -0.0881
vn 0.1055 0.7961 -0.5959
vn 0.1549 0.8920 -0.4247
vn 0.2479 0.9497 -0.1915
vn 0.3650 0.9309 -0.0133
vn 0.3206 0.9470 -0.0212
vn 0.1787 0.8219 -0.5408
vn 0.0855 0.7604 -0.6438
vn 0.3196 0.8862 -0.3355
vn 0.4739 0.8741 -0.1063
vn 0.3212 0.8656 -0.3841
vn 0.3854 0.9159 -0.1122
vn 0.4713 0.8817 -0.0231
vn 0.4111 0.9108 -0.0365
vn -0.2079 -0.9781 0.0070
vn -0.2352 0.9714 0.0311
vn -0.6216 0.7829 0.0241
vn -0.9147 0.4042 -0.0052
vn -0.9989 -0.0470 -0.0029
vn -0.8785 -0.4777 0.0040
vn 0.0498 0.9982 0.0342
vn 0.2755 0.9611 0.0177
vn 0.4197 0.9075 0.0175
vn 0.4707 0.8821 0.0180
vn -0.2489 -0.9674 0.0476
vn -0.6549 -0.7501 0.0925
vn -0.3257 -0.9100 0.2565
vn -0.0041 0.9993 0.0371
vn -0.0191 0.7576 0.6524
vn -0.9054 -0.4192 0.0673
vn 0.1085 0.9862 0.1252
vn 0.0489 0.9290 0.3669
vn 0.0368 0.8207 0.5702
vn 0.0981 0.9949 0.0243
vn 0.1514 0.9881 -0.0273
vn 0.1718 0.9379 0.3014
vn 0.0947 0.8265 0.5549
vn 0.2125 0.9769 0.0220
vn 0.2196 0.9753 -0.0220
vn 0.1543 0.9878 0.0193
vn 0.2300 0.9669 0.1102
vn 0.1932 0.9104 0.3658
vn 0.3342 0.9408 0.0571
vn 0.2163 0.9432 0.2521
vn 0.3200 0.9474 0.0087
vn 0.3258 0.9079 0.2638
vn 0.4150 0.9044 0.0995
vn -0.1881 0.9731 0.1334
vn -0.0998 0.9362 0.3371
vn -0.0631 0.8229 0.5646
vn -0.0471 0.7783 0.6261
vn -0.6697 -0.5477 0.5015
vn -0.4310 -0.7134 0.5525
vn -0.0505 0.3113 0.9490
vn -0.1500 0.0923 0.9844
vn -0.5575 0.8265 0.0776
vn -0.4390 0.8620 0.2534
vn -0.9002 0.4344 0.0310
vn -0.8475 0.5212 0.1006
vn -0.7530 0.6341 0.1761
vn -0.5098 0.7284 0.4578
vn -0.9998 -0.0198 0.0062
vn -0.9840 0.0937 0.1516
vn -0.9276 0.2950 0.2291
vn -0.7287 0.5383 0.4234
vn -0.8928 -0.1398 0.4282
vn -0.7912 0.3077 0.5285
vn -0.6531 0.5068 0.5626
vn -0.6933 -0.1319 0.7085
vn -0.5742 0.4238 0.7005
vn -0.1714 0.5091 0.8435
vn -0.3160 0.4673 0.8257
vn -0.0253 0.7184 0.6952
vn -0.1060 0.7533 0.6490
vn -0.2326 0.8354 0.4979
vn -0.2420 0.7483 0.6177
vn -0.2986 0.6791 0.6706
vn -0.2942 0.6197 0.7276
vn -0.1489 0.6474 0.7474
vn -0.1934 0.6532 0.7321
vn -0.0884 0.7131 0.6955
vn -0.0739 0.6928 0.7174
vn -0.0021 0.7401 0.6725
vn -0.0162 0.7093 0.7047
vn -0.0056 0.7162 0.6979
vn 0.0615 0.7802 0.6225
vn 0.1189 0.8745 0.4703
vn 0.0376 0.7370 0.6749
vn 0.1644 0.9292 0.3308
vn 0.1771 0.8388 0.5149
vn 0.0487 0.7411 0.6697
vn 0.3199 0.8738 0.3663
vn 0.0238 0.7090 -0.7048
vn 0.0649 0.7086 -0.7026
vn 0.0429 0.7003 -0.7126
vn 0.0900 0.7194 -0.6888
vn 0.2370 0.6802 -0.6937
vn 0.2397 0.6897 -0.6832
vn 0.2521 0.6982 -0.6700
vn 0.1463 0.7183 -0.6802
vn 0.3271 0.7046 -0.6297
vn 0.4486 0.6215 -0.6422
vn 0.9354 0.2447 -0.2551
vn 0.3024 0.6693 -0.6787
vn 0.9581 0.2026 -0.2027
vn 0.9963 0.0474 -0.0710
vn 0.9759 0.1558 -0.1526
vn 0.4479 0.6347 -0.6297
vn 0.9351 0.2537 -0.2473
vn 0.3080 0.6781 -0.6673
vn 0.9577 0.2107 -0.1962
vn 0.9944 0.0816 -0.0667
vn 0.6985 0.5228 -0.4886
vn 0.9753 0.1686 -0.1427
vn 0.6972 0.6019 -0.3894
vn 0.3418 0.7435 -0.5748
vn 0.0213 0.7147 -0.6991
vn 0.0196 0.7114 -0.7026
vn 0.0528 0.7165 -0.6956
vn 0.0572 0.7115 -0.7003
vn 0.1764 0.7355 -0.6542
vn 0.1566 0.7075 -0.6891
vn 0.2706 0.7525 -0.6004
vn 0.1078 0.7292 -0.6758
vn 0.3978 0.7245 -0.5629
vn 0.7504 0.5950 -0.2878
vn 0.4736 0.7266 -0.4978
vn 0.5951 0.6731 -0.4391
vn 0.8567 0.4961 -0.1413
vn 0.8077 0.5532 -0.2038
vn 0.9020 0.4305 -0.0326
vn 0.4624 0.6760 -0.5738
vn 0.8301 0.4818 -0.2808
vn 0.5557 0.6781 -0.4810
vn 0.2285 0.7065 -0.6698
vn 0.6525 0.5954 -0.4687
vn 0.9274 0.3384 -0.1594
vn 0.8709 0.4207 -0.2540
vn 0.9704 0.2373 -0.0453
vn 0.5434 0.6282 -0.5568
vn 0.1808 0.7089 -0.6817
vn 0.2536 0.7085 -0.6586
vn 0.7148 0.5569 -0.4230
vn 0.9369 0.3261 -0.1263
vn 0.8958 0.4021 -0.1895
vn 0.9609 0.2751 -0.0312
vn 0.5834 0.6761 -0.4500
vn 0.7287 0.6311 -0.2661
vn 0.9331 0.3513 -0.0767
vn 0.8534 0.4972 -0.1568
vn 0.9488 0.3151 -0.0218
vn 0.9180 0.3918 -0.0621
vn 0.9992 0.0339 -0.0202
vn 0.8370 0.4211 -0.3494
vn 0.9935 0.0955 -0.0620
vn 0.9721 0.2015 -0.1204
vn 0.9982 0.0579 -0.0169
vn 0.8285 0.5163 -0.2168
vn 0.9908 0.1263 -0.0479
vn 0.9307 0.3345 -0.1482
vn 0.9784 0.1992 -0.0549
vn 0.9644 0.2645 -0.0064
vn 0.9785 0.2060 -0.0058
vn 0.9332 0.3593 -0.0057
vn 0.9500 0.3122 -0.0059
vn 0.9954 0.0959 -0.0056
vn 0.9545 0.2974 0.0229
vn 0.9179 0.3955 0.0304
vn 0.9455 0.3256 0.0104
vn 0.8827 0.4694 -0.0222
vn 0.8650 0.4988 0.0548
vn 0.9976 0.0674 0.0151
vn 0.9743 0.2248 0.0148
vn 0.9792 0.2003 0.0319
vn 0.9893 0.1456 -0.0057
vn 0.0275 0.7243 0.6890
vn 0.0965 0.7302 0.6764
vn 0.1920 0.7394 0.6454
vn 0.3739 0.7635 0.5265
vn 0.3282 0.7403 0.5867
vn 0.8988 0.4264 0.1020
vn 0.9256 0.3625 0.1086
vn 0.9087 0.4174 0.0032
vn 0.7803 0.5934 0.1973
vn 0.7817 0.5995 0.1719
vn 0.5534 0.7161 0.4254
vn 0.6469 0.6798 0.3456
vn 0.7414 0.5780 0.3409
vn 0.9988 0.0447 0.0195
vn 0.9892 0.1350 0.0567
vn 0.0615 0.7109 0.7006
vn 0.0138 0.7099 0.7041
vn 0.0661 0.7140 0.6970
vn 0.0706 0.7081 0.7026
vn 0.0781 0.7111 0.6987
vn 0.1027 0.7232 0.6829
vn 0.1749 0.7281 0.6628
vn 0.2351 0.7101 0.6637
vn 0.2493 0.7201 0.6476
vn 0.2589 0.6793 0.6867
vn 0.2695 0.6870 0.6749
vn 0.3442 0.6560 0.6716
vn 0.2727 0.6876 0.6730
vn 0.3290 0.6722 0.6632
vn 0.2911 0.6973 0.6549
vn 0.3396 0.6790 0.6509
vn 0.3661 0.7060 0.6063
vn 0.3856 0.7401 0.5509
vn 0.6853 0.5912 0.4252
vn 0.8671 0.4473 0.2191
vn 0.4992 0.6767 0.5411
vn 0.8124 0.5405 0.2186
vn 0.5602 0.6797 0.4735
vn 0.5982 0.6320 0.4927
vn 0.9905 0.1071 0.0864
vn 0.9639 0.1940 0.1823
vn 0.8236 0.4040 0.3982
vn 0.6827 0.5113 0.5220
vn 0.9895 0.1216 0.0783
vn 0.9639 0.2027 0.1727
vn 0.8253 0.4086 0.3898
vn 0.6852 0.5192 0.5107
vn 0.9630 0.2212 0.1542
vn 0.8285 0.4189 0.3716
vn 0.6900 0.5236 0.4997
vn 0.9587 0.2543 0.1276
vn 0.8355 0.4397 0.3296
vn 0.7011 0.5339 0.4727
vn 0.8402 0.4932 0.2254
vn 0.7059 0.6067 0.3656
vn 0.0502 0.7397 -0.6711
vn 0.1328 0.7873 -0.6021
vn 0.1453 0.7700 -0.6213
vn 0.2531 0.8069 -0.5337
vn 0.1915 0.7575 -0.6242
vn 0.0351 0.7315 -0.6810
vn 0.2920 0.7968 -0.5290
vn 0.4449 0.8112 -0.3796
vn 0.2484 0.7707 -0.5868
vn 0.1103 0.7372 -0.6666
vn 0.4026 0.7421 -0.5359
vn 0.7656 0.6165 -0.1838
vn 0.4440 0.7585 -0.4770
vn 0.5832 0.7127 -0.3897
vn 0.7779 0.6161 -0.1239
vn 0.5219 0.7696 -0.3678
vn 0.6493 0.7358 -0.1924
vn 0.4872 0.7827 -0.3873
vn 0.5042 0.7415 -0.4426
vn 0.6542 0.7056 -0.2724
vn 0.8585 0.5068 -0.0787
vn 0.8530 0.5195 -0.0500
vn 0.2836 0.8542 -0.4358
vn 0.4660 0.8616 -0.2015
vn 0.2773 0.8355 -0.4744
vn 0.4027 0.8830 -0.2412
vn 0.5400 0.8400 -0.0528
vn 0.1994 0.8461 -0.4944
vn 0.1387 0.8016 -0.5815
vn 0.3607 0.8821 -0.3031
vn 0.5685 0.8136 -0.1219
vn 0.4328 0.8233 -0.3671
vn 0.6619 0.7429 -0.1002
vn 0.4416 0.8127 -0.3802
vn 0.6641 0.7472 -0.0256
vn 0.6302 0.7762 -0.0187
vn 0.5962 0.8026 -0.0194
vn 0.7249 0.6809 -0.1043
vn 0.5806 0.7913 -0.1917
vn 0.7322 0.6802 -0.0347
vn 0.7072 0.7068 -0.0160
vn 0.7984 0.6008 -0.0399
vn 0.7740 0.6329 -0.0171
vn 0.8342 0.5511 -0.0220
vn 0.5103 0.8599 -0.0156
vn 0.8312 0.5559 0.0096
vn 0.5016 0.8650 0.0121
vn 0.5248 0.8500 0.0456
vn 0.6671 0.7447 0.0208
vn 0.6146 0.7869 0.0556
vn 0.5969 0.8023 0.0031
vn 0.7298 0.6831 0.0275
vn 0.7745 0.6325 0.0040
vn 0.8537 0.5204 0.0175
vn 0.0250 0.7190 0.6946
vn 0.1792 0.8056 0.5648
vn 0.1145 0.7894 0.6031
vn 0.3720 0.9080 0.1928
vn 0.2492 0.8824 0.3990
vn 0.0706 0.7377 0.6715
vn 0.1634 0.7907 0.5901
vn 0.2685 0.8372 0.4765
vn 0.4407 0.8596 0.2587
vn 0.4354 0.8432 0.3153
vn 0.1737 0.7729 0.6103
vn 0.0450 0.7363 0.6752
vn 0.2513 0.8096 0.5305
vn 0.5372 0.8291 0.1548
vn 0.4284 0.8407 0.3312
vn 0.6550 0.7504 0.0882
vn 0.4410 0.8289 0.3441
vn 0.1009 0.7436 0.6610
vn 0.2118 0.7664 0.6065
vn 0.3140 0.8000 0.5112
vn 0.7072 0.7070 0.0035
vn 0.6042 0.7810 0.1581
vn 0.4852 0.7851 0.3850
vn 0.7110 0.6965 0.0967
vn 0.4961 0.7854 0.3702
vn 0.2248 0.7424 0.6312
vn 0.3836 0.7873 0.4827
vn 0.3119 0.7751 0.5494
vn 0.6464 0.7415 0.1798
vn 0.7899 0.6128 0.0246
vn 0.5152 0.7825 0.3496
vn 0.7733 0.6287 0.0827
vn 0.5638 0.7478 0.3505
vn 0.7339 0.6629 0.1478
vn 0.6880 0.6590 0.3039
vn 0.5242 0.7056 0.4768
vn 0.6051 0.7341 0.3081
vn -0.9406 -0.0170 -0.3391
vn -0.4878 -0.0049 -0.8729
vn 0.2773 0.0615 -0.9588
vn 0.6400 0.7672 -0.0431
vn -0.6588 -0.7521 0.0209
vn 0.5369 0.1676 0.8268
vn 0.0331 -0.5293 0.8478
vn -0.4720 -0.0332 -0.8810
vn 0.2879 -0.0614 -0.9557
vn -0.2249 -0.9741 0.0238
vn 0.7033 -0.3174 0.6361
vn -0.0448 -0.4691 -0.8820
vn 0.9083 -0.3276 -0.2602
vn 0.7656 -0.6433 0.0053
vn 0.7215 -0.4345 0.5391
vn 0.3007 -0.8313 0.4675
vn 0.0528 -0.6094 0.7911
vn 0.0110 -0.5313 0.8471
vn -0.0677 0.4006 -0.9137
vn -0.0222 -0.4651 -0.8850
vn 0.4624 -0.1662 -0.8709
vn 0.0185 0.5213 0.8532
vn 0.3742 0.1530 0.9147
vn 0.8920 0.0406 0.4502
vn 0.4852 0.1329 -0.8642
vn 0.5318 0.5574 -0.6376
vn -0.7331 -0.6801 0.0079
vn 0.8962 -0.0314 0.4426
vn 0.3514 -0.1669 0.9212
vn 0.5302 0.5994 -0.5997
vn 0.5331 0.6072 -0.5892
vt 0.244308 0.398032
vt 0.240741 0.401991
vt 0.239867 0.396915
vt 0.252090 0.398044
vt 0.244521 0.402821
vt 0.250580 0.390797
vt 0.244103 0.389627
vt 0.253684 0.379639
vt 0.340920 0.378836
vt 0.335725 0.390969
vt 0.231416 0.397767
vt 0.235006 0.401679
vt 0.231294 0.402614
vt 0.231399 0.389325
vt 0.235765 0.396596
vt 0.872350 0.635875
vt 0.875947 0.639458
vt 0.872141 0.640055
vt 0.863373 0.640199
vt 0.852624 0.635799
vt 0.807473 0.640454
vt 0.223767 0.397969
vt 0.222526 0.403349
vt 0.223410 0.390932
vt 0.877006 0.626985
vt 0.876687 0.635749
vt 0.865654 0.635915
vt 0.872460 0.629257
vt 0.858081 0.629372
vt 0.858002 0.635916
vt 0.850030 0.629571
vt 0.281785 0.809747
vt 0.287896 0.804227
vt 0.289844 0.810230
vt 0.281316 0.804569
vt 0.286789 0.795269
vt 0.834426 0.632383
vt 0.830673 0.636873
vt 0.274084 0.809608
vt 0.274165 0.804523
vt 0.281638 0.795195
vt 0.872508 0.621649
vt 0.865885 0.621779
vt 0.865708 0.629279
vt 0.858769 0.622446
vt 0.853160 0.624918
vt 0.293340 0.809053
vt 0.296938 0.804621
vt 0.299094 0.810233
vt 0.686818 0.248981
vt 0.686818 0.254016
vt 0.682046 0.253987
vt 0.296437 0.795511
vt 0.192413 0.397712
vt 0.873034 0.608035
vt 0.866374 0.613994
vt 0.861489 0.617171
vt 0.679522 0.273887
vt 0.683736 0.270944
vt 0.683736 0.276981
vt 0.943615 0.803581
vt 0.946557 0.808061
vt 0.941313 0.809243
vt 0.947839 0.803404
vt 0.953333 0.794254
vt 0.952206 0.803681
vt 0.944611 0.794453
vt 0.869282 0.604833
vt 0.958851 0.808357
vt 0.949719 0.809304
vt 0.958481 0.803625
vt 0.870734 0.595108
vt 0.872999 0.597821
vt 0.965999 0.795130
vt 0.959274 0.794907
vt 0.873629 0.590279
vt 0.877156 0.598224
vt 0.973414 0.803008
vt 0.968550 0.807029
vt 0.965977 0.803964
vt 0.239511 0.272310
vt 0.244018 0.242051
vt 0.231521 0.285991
vt 0.224704 0.290231
vt 0.973864 0.795421
vt 0.965177 0.607026
vt 0.250040 0.227367
vt 0.287563 0.499644
vt 0.291858 0.795659
vt 0.947690 0.641071
vt 0.952529 0.670529
vt 0.943568 0.635332
vt 0.260759 0.024028
vt 0.231604 0.017371
vt 0.236122 0.271990
vt 0.280697 0.501415
vt 0.273675 0.549106
vt 0.292732 0.500533
vt 0.296821 0.636375
vt 0.952669 0.597550
vt 0.958460 0.597364
vt 0.216400 0.023242
vt 0.215163 0.382466
vt 0.022031 0.382775
vt 0.973143 0.609096
vt 0.965738 0.586596
vt 0.243939 0.140391
vt 0.224422 0.015108
vt 0.946439 0.420681
vt 0.942108 0.422282
vt 0.973739 0.586238
vt 0.965163 0.422966
vt 0.244089 0.016787
vt 0.251043 0.016562
vt 0.281730 0.473652
vt 0.275741 0.484401
vt 0.273616 0.500438
vt 0.287965 0.474758
vt 0.293250 0.421734
vt 0.297208 0.423309
vt 0.951266 0.422213
vt 0.957770 0.423050
vt 0.239750 0.008121
vt 0.243983 0.007856
vt 0.240455 0.003351
vt 0.244246 0.002163
vt 0.252534 0.007582
vt 0.250825 0.001658
vt 0.264208 0.001797
vt 0.288684 0.008018
vt 0.259473 0.015107
vt 0.278725 0.002759
vt 0.236133 0.007804
vt 0.231362 0.007576
vt 0.235340 0.003039
vt 0.231202 0.001931
vt 0.654963 0.232350
vt 0.651410 0.236305
vt 0.650702 0.232159
vt 0.661812 0.237683
vt 0.661666 0.232442
vt 0.669381 0.232492
vt 0.677087 0.233146
vt 0.675238 0.237945
vt 0.684633 0.233591
vt 0.692154 0.233326
vt 0.689828 0.238060
vt 0.222840 0.007649
vt 0.224457 0.001523
vt 0.650483 0.225410
vt 0.654868 0.225417
vt 0.661584 0.225378
vt 0.669517 0.225296
vt 0.289442 0.407866
vt 0.294599 0.410711
vt 0.289750 0.413560
vt 0.677047 0.227944
vt 0.282331 0.422120
vt 0.279887 0.413511
vt 0.288476 0.423125
vt 0.686434 0.230267
vt 0.277005 0.422784
vt 0.272169 0.423301
vt 0.270641 0.495583
vt 0.272460 0.414184
vt 0.279975 0.409417
vt 0.274011 0.408804
vt 0.654712 0.217827
vt 0.650252 0.210687
vt 0.660834 0.218070
vt 0.666509 0.218841
vt 0.672409 0.222606
vt 0.293537 0.415981
vt 0.297439 0.413717
vt 0.660345 0.210656
vt 0.654509 0.210111
vt 0.946147 0.413340
vt 0.941220 0.412703
vt 0.945669 0.408578
vt 0.951080 0.413070
vt 0.941082 0.407188
vt 0.664633 0.214248
vt 0.958022 0.413160
vt 0.957649 0.407458
vt 0.949238 0.406923
vt 0.658049 0.202237
vt 0.653672 0.200498
vt 0.965660 0.413263
vt 0.965604 0.407707
vt 0.021216 0.022927
vt 0.653787 0.179308
vt 0.973119 0.421785
vt 0.973415 0.413241
vt 0.657089 0.194277
vt 0.657148 0.186410
vt 0.327545 0.398022
vt 0.309037 0.403113
vt 0.335758 0.402697
vt 0.336333 0.397912
vt 0.340514 0.401795
vt 0.343257 0.397540
vt 0.344062 0.390825
vt 0.344388 0.383398
vt 0.789199 0.640309
vt 0.803190 0.635943
vt 0.780769 0.635882
vt 0.780707 0.640167
vt 0.775956 0.639609
vt 0.449084 0.539722
vt 0.449084 0.545605
vt 0.445359 0.543314
vt 0.266645 0.804539
vt 0.266350 0.809627
vt 0.266691 0.795758
vt 0.808739 0.635879
vt 0.826675 0.632413
vt 0.259593 0.804614
vt 0.258739 0.809804
vt 0.259711 0.795480
vt 0.253318 0.804624
vt 0.250912 0.810322
vt 0.254484 0.795460
vt 0.811006 0.629656
vt 0.795372 0.635941
vt 0.803075 0.629417
vt 0.787710 0.635934
vt 0.795364 0.629285
vt 0.780764 0.629225
vt 0.775446 0.627755
vt 0.775418 0.635764
vt 0.770878 0.627252
vt 0.768956 0.635338
vt 0.249793 0.796371
vt 0.807734 0.625065
vt 0.244371 0.804823
vt 0.248018 0.809120
vt 0.242649 0.810351
vt 0.245644 0.795605
vt 0.802194 0.622590
vt 0.787736 0.629252
vt 0.795103 0.621837
vt 0.787698 0.621651
vt 0.364993 0.794675
vt 0.365548 0.803892
vt 0.361034 0.795244
vt 0.799356 0.617401
vt 0.682965 0.348102
vt 0.687747 0.348102
vt 0.687050 0.352954
vt 0.356463 0.794841
vt 0.357378 0.804007
vt 0.794447 0.614158
vt 0.780998 0.618108
vt 0.787506 0.613851
vt 0.352122 0.809083
vt 0.349498 0.804515
vt 0.350830 0.795595
vt 0.791889 0.606591
vt 0.786984 0.605996
vt 0.780476 0.599062
vt 0.775145 0.600394
vt 0.344975 0.795310
vt 0.790725 0.601245
vt 0.341093 0.804275
vt 0.346758 0.808293
vt 0.343521 0.809735
vt 0.340096 0.795114
vt 0.335721 0.809632
vt 0.335701 0.804390
vt 0.335484 0.795055
vt 0.786472 0.590258
vt 0.787274 0.598047
vt 0.780621 0.582766
vt 0.274225 0.795620
vt 0.359919 0.693078
vt 0.355089 0.692432
vt 0.350006 0.718099
vt 0.344189 0.717920
vt 0.339029 0.699732
vt 0.334279 0.703348
vt 0.259209 0.652931
vt 0.247677 0.511753
vt 0.349303 0.687491
vt 0.343987 0.691115
vt 0.358155 0.506920
vt 0.353489 0.511685
vt 0.337674 0.572562
vt 0.332192 0.568714
vt 0.258680 0.502999
vt 0.265994 0.516004
vt 0.252174 0.514254
vt 0.347457 0.514596
vt 0.342311 0.533508
vt 0.268029 0.496078
vt 0.266165 0.423683
vt 0.263572 0.486844
vt 0.261827 0.422988
vt 0.257620 0.486213
vt 0.246675 0.423461
vt 0.243499 0.511920
vt 0.242820 0.422734
vt 0.356781 0.422645
vt 0.361057 0.421829
vt 0.362021 0.511009
vt 0.345742 0.421708
vt 0.341086 0.422715
vt 0.336707 0.450567
vt 0.327845 0.573476
vt 0.330783 0.423808
vt 0.327372 0.015102
vt 0.336103 0.023545
vt 0.299301 0.002611
vt 0.317576 0.001523
vt 0.326954 0.007545
vt 0.328634 0.001731
vt 0.336332 0.015160
vt 0.336196 0.007940
vt 0.335722 0.002427
vt 0.344159 0.022926
vt 0.343156 0.032017
vt 0.344019 0.015308
vt 0.343506 0.008214
vt 0.340790 0.003547
vt 0.266294 0.414062
vt 0.265778 0.408948
vt 0.700365 0.233890
vt 0.260446 0.414040
vt 0.710420 0.237983
vt 0.708337 0.232955
vt 0.716246 0.233049
vt 0.728655 0.237782
vt 0.723997 0.232511
vt 0.737685 0.231976
vt 0.746768 0.232278
vt 0.739734 0.237736
vt 0.006341 0.678225
vt 0.004209 0.683515
vt 0.001523 0.678225
vt 0.751910 0.236562
vt 0.752587 0.232107
vt 0.257754 0.422734
vt 0.251552 0.492461
vt 0.251554 0.422992
vt 0.250814 0.414053
vt 0.254953 0.409409
vt 0.711541 0.229595
vt 0.716786 0.228282
vt 0.245366 0.413726
vt 0.249759 0.408333
vt 0.724050 0.225664
vt 0.731781 0.225232
vt 0.739494 0.225238
vt 0.746771 0.225249
vt 0.757652 0.223772
vt 0.758721 0.232074
vt 0.752575 0.223854
vt 0.365536 0.412786
vt 0.357517 0.413098
vt 0.363031 0.408012
vt 0.726995 0.220383
vt 0.732260 0.217475
vt 0.739604 0.217478
vt 0.747023 0.214576
vt 0.351718 0.422408
vt 0.351963 0.413413
vt 0.352679 0.407544
vt 0.734890 0.210129
vt 0.740122 0.209668
vt 0.752797 0.207813
vt 0.341912 0.413652
vt 0.347347 0.408735
vt 0.736210 0.204794
vt 0.739929 0.201639
vt 0.746792 0.201770
vt 0.335917 0.422355
vt 0.335996 0.413647
vt 0.336173 0.407778
vt 0.740908 0.193689
vt 0.747077 0.191429
vt 0.322448 0.413946
vt 0.329968 0.413874
vt 0.324579 0.409737
vt 0.328042 0.407847
vt 0.740215 0.185550
vt 0.757778 0.177596
vt 0.193779 0.402420
vt 0.176720 0.402468
vt 0.877127 0.581166
vt 0.988438 0.808496
vt 0.976544 0.806865
vt 0.980847 0.804013
vt 0.981483 0.795179
vt 0.873107 0.574681
vt 0.872981 0.582746
vt 0.869111 0.575251
vt 0.988325 0.803656
vt 0.154902 0.403172
vt 0.877013 0.559359
vt 0.872620 0.566804
vt 0.994868 0.803860
vt 0.993867 0.794782
vt 0.988335 0.795243
vt 0.998477 0.795700
vt 0.866320 0.566638
vt 0.872503 0.558953
vt 0.861388 0.563485
vt 0.865878 0.558852
vt 0.655835 0.296668
vt 0.650523 0.297307
vt 0.650252 0.290466
vt 0.594092 0.795798
vt 0.585250 0.804596
vt 0.589903 0.796413
vt 0.596805 0.808861
vt 0.593273 0.804330
vt 0.602465 0.804841
vt 0.602157 0.799438
vt 0.872597 0.550285
vt 0.858674 0.558194
vt 0.865755 0.551129
vt 0.852962 0.555698
vt 0.858092 0.551051
vt 0.608098 0.809883
vt 0.608348 0.804378
vt 0.608695 0.795992
vt 0.619548 0.809697
vt 0.615566 0.804113
vt 0.615594 0.795585
vt 0.865352 0.543944
vt 0.849880 0.543303
vt 0.849979 0.550915
vt 0.842152 0.548961
vt 0.830757 0.547783
vt 0.077168 0.397998
vt 0.857342 0.536153
vt 0.826292 0.542345
vt 0.815772 0.535049
vt 0.013710 0.391245
vt 0.855948 0.523791
vt 0.993234 0.679662
vt 0.987362 0.608121
vt 0.598923 0.787774
vt 0.593699 0.732666
vt 0.598587 0.715258
vt 0.603629 0.794049
vt 0.603575 0.703999
vt 0.980709 0.611233
vt 0.588143 0.580991
vt 0.981322 0.586200
vt 0.996651 0.580268
vt 0.992764 0.558089
vt 0.597168 0.557627
vt 0.603526 0.553377
vt 0.608626 0.549657
vt 0.613443 0.548286
vt 0.988178 0.578066
vt 0.592645 0.573099
vt 0.588924 0.552755
vt 0.603386 0.503967
vt 0.980452 0.422166
vt 0.991744 0.422012
vt 0.986944 0.422530
vt 0.996015 0.422283
vt 0.592275 0.482995
vt 0.597356 0.488469
vt 0.603734 0.468151
vt 0.609391 0.488438
vt 0.611609 0.467770
vt 0.614344 0.472879
vt 0.973471 0.407657
vt 0.980921 0.413089
vt 0.658192 0.178524
vt 0.209737 0.001965
vt 0.160754 0.001523
vt 0.981361 0.407297
vt 0.987604 0.412939
vt 0.660550 0.170205
vt 0.992284 0.413250
vt 0.681518 0.388425
vt 0.680430 0.393845
vt 0.676456 0.388425
vt 0.650426 0.161703
vt 0.654704 0.162818
vt 0.661078 0.162504
vt 0.993253 0.408119
vt 0.996631 0.412975
vt 0.665194 0.166665
vt 0.667828 0.161449
vt 0.587558 0.423009
vt 0.591893 0.421687
vt 0.591596 0.413882
vt 0.587032 0.413701
vt 0.590639 0.408699
vt 0.585250 0.407335
vt 0.654700 0.154152
vt 0.661315 0.154931
vt 0.668723 0.154604
vt 0.597009 0.422834
vt 0.596470 0.413442
vt 0.673085 0.158729
vt 0.676514 0.153984
vt 0.603286 0.413469
vt 0.602923 0.407264
vt 0.594463 0.406764
vt 0.603331 0.422841
vt 0.610859 0.413507
vt 0.610860 0.407485
vt 0.661285 0.146381
vt 0.668929 0.147099
vt 0.674818 0.147431
vt 0.692719 0.150458
vt 0.696426 0.145540
vt 0.668031 0.141430
vt 0.691260 0.138613
vt 0.077109 0.001593
vt 0.669295 0.105917
vt 0.330097 0.804322
vt 0.327963 0.810022
vt 0.325884 0.796321
vt 0.330460 0.795234
vt 0.775117 0.573016
vt 0.320123 0.804500
vt 0.324799 0.808696
vt 0.319480 0.809675
vt 0.319747 0.794952
vt 0.787034 0.574556
vt 0.790808 0.579282
vt 0.787308 0.582487
vt 0.313678 0.804824
vt 0.311997 0.810618
vt 0.314468 0.795504
vt 0.310370 0.795920
vt 0.787562 0.566721
vt 0.791998 0.573943
vt 0.305446 0.804889
vt 0.308839 0.809268
vt 0.303687 0.810614
vt 0.643518 0.794958
vt 0.644193 0.803769
vt 0.639305 0.795047
vt 0.306571 0.796045
vt 0.795202 0.558741
vt 0.799542 0.563204
vt 0.794570 0.566422
vt 0.787753 0.558906
vt 0.780753 0.557257
vt 0.780652 0.568624
vt 0.623111 0.804000
vt 0.622972 0.795787
vt 0.630094 0.803961
vt 0.629393 0.795390
vt 0.635884 0.803940
vt 0.631087 0.809593
vt 0.445547 0.446384
vt 0.448978 0.449588
vt 0.445547 0.453186
vt 0.634730 0.794620
vt 0.803212 0.550966
vt 0.808006 0.555541
vt 0.802386 0.558009
vt 0.795453 0.551078
vt 0.787745 0.550282
vt 0.819120 0.548854
vt 0.811209 0.543210
vt 0.811210 0.550800
vt 0.795353 0.543325
vt 0.809220 0.523250
vt 0.787708 0.497088
vt 0.770687 0.573589
vt 0.775066 0.473613
vt 0.642402 0.750428
vt 0.637862 0.762446
vt 0.305856 0.751509
vt 0.637081 0.693735
vt 0.622260 0.763128
vt 0.628889 0.753734
vt 0.633101 0.728006
vt 0.312203 0.576088
vt 0.317170 0.570434
vt 0.322955 0.571131
vt 0.628700 0.531005
vt 0.642612 0.499966
vt 0.639376 0.542653
vt 0.634578 0.535982
vt 0.624234 0.548231
vt 0.619496 0.546689
vt 0.320700 0.423558
vt 0.315623 0.467492
vt 0.310511 0.464418
vt 0.307106 0.501009
vt 0.306068 0.459662
vt 0.627640 0.481795
vt 0.621691 0.480368
vt 0.626603 0.469116
vt 0.619139 0.468105
vt 0.637848 0.450721
vt 0.633524 0.465910
vt 0.616838 0.472679
vt 0.319639 0.408801
vt 0.740473 0.177996
vt 0.737036 0.182021
vt 0.735934 0.177083
vt 0.747022 0.178547
vt 0.752936 0.174555
vt 0.314425 0.423314
vt 0.309573 0.414602
vt 0.314108 0.414178
vt 0.308696 0.409731
vt 0.312166 0.407936
vt 0.739859 0.170290
vt 0.733311 0.169594
vt 0.305938 0.422749
vt 0.309952 0.423126
vt 0.641127 0.421711
vt 0.637410 0.415246
vt 0.641508 0.413345
vt 0.305450 0.414397
vt 0.638224 0.408560
vt 0.643163 0.407176
vt 0.303687 0.408287
vt 0.732334 0.162188
vt 0.728716 0.166044
vt 0.725810 0.161024
vt 0.739529 0.162588
vt 0.746721 0.161143
vt 0.618654 0.423175
vt 0.610927 0.422126
vt 0.618595 0.413439
vt 0.618708 0.407437
vt 0.626304 0.423406
vt 0.626110 0.413272
vt 0.626571 0.407125
vt 0.632522 0.421738
vt 0.632828 0.413155
vt 0.634826 0.406576
vt 0.724409 0.154375
vt 0.720723 0.158330
vt 0.716924 0.153717
vt 0.731808 0.154736
vt 0.739391 0.154839
vt 0.717778 0.147097
vt 0.700574 0.150378
vt 0.723904 0.146956
vt 0.731627 0.147019
vt 0.739320 0.147102
vt 0.723296 0.140446
vt 0.730402 0.135218
vt 0.677933 0.131465
vt 0.348307 0.394917
vt 0.351060 0.389928
vt 0.351874 0.383017
vt 0.351707 0.374402
vt 0.356126 0.387108
vt 0.358878 0.382081
vt 0.359665 0.375158
vt 0.363921 0.379235
vt 0.366529 0.374196
vt 0.683489 0.378637
vt 0.687895 0.378637
vt 0.683803 0.383768
vt 0.655530 0.343540
vt 0.651109 0.341313
vt 0.655332 0.338485
vt 0.759932 0.639542
vt 0.763167 0.635775
vt 0.765022 0.640430
vt 0.686795 0.357077
vt 0.686795 0.362126
vt 0.681939 0.360509
vt 0.680740 0.299244
vt 0.685654 0.302063
vt 0.680740 0.304392
vt 0.660567 0.397514
vt 0.657867 0.401301
vt 0.654435 0.397505
vt 0.682784 0.245901
vt 0.685705 0.241106
vt 0.687476 0.245901
vt 0.655530 0.352994
vt 0.650252 0.346440
vt 0.755589 0.635071
vt 0.765939 0.627188
vt 0.666498 0.395825
vt 0.664598 0.403531
vt 0.657069 0.392986
vt 0.360096 0.366122
vt 0.366985 0.367371
vt 0.367692 0.357597
vt 0.371106 0.371333
vt 0.372531 0.366591
vt 0.373465 0.359734
vt 0.373865 0.352122
vt 0.374923 0.342704
vt 0.650398 0.391001
vt 0.653610 0.394576
vt 0.376682 0.366380
vt 0.378407 0.359475
vt 0.379109 0.352027
vt 0.380714 0.363587
vt 0.383495 0.358569
vt 0.384504 0.351653
vt 0.379673 0.342121
vt 0.384838 0.344196
vt 0.384899 0.334799
vt 0.388036 0.355752
vt 0.390664 0.350736
vt 0.391203 0.343863
vt 0.391657 0.336351
vt 0.392444 0.326742
vt 0.395313 0.347893
vt 0.396886 0.343093
vt 0.398147 0.336181
vt 0.401900 0.327581
vt 0.398932 0.320066
vt 0.404090 0.310251
vt 0.660934 0.386216
vt 0.653671 0.388548
vt 0.679541 0.258711
vt 0.679034 0.264802
vt 0.674968 0.258711
vt 0.656592 0.379462
vt 0.654015 0.384936
vt 0.650252 0.381381
vt 0.677534 0.311548
vt 0.681559 0.307921
vt 0.681559 0.314351
vt 0.655520 0.330046
vt 0.650252 0.327709
vt 0.652874 0.323275
vt 0.678893 0.356039
vt 0.678893 0.362126
vt 0.674214 0.357559
vt 0.009753 0.708193
vt 0.014947 0.713723
vt 0.010619 0.713029
vt 0.402841 0.336431
vt 0.404781 0.329516
vt 0.015957 0.706867
vt 0.012158 0.701544
vt 0.017102 0.699499
vt 0.408362 0.318611
vt 0.666498 0.378637
vt 0.723931 0.627123
vt 0.734739 0.619585
vt 0.730869 0.628253
vt 0.021923 0.717238
vt 0.015316 0.719206
vt 0.021980 0.709893
vt 0.022569 0.702207
vt 0.721101 0.620553
vt 0.718230 0.612290
vt 0.030228 0.714779
vt 0.031423 0.697121
vt 0.700452 0.611378
vt 0.699272 0.603202
vt 0.352039 0.039804
vt 0.374921 0.055159
vt 0.367571 0.054547
vt 0.359715 0.047116
vt 0.387384 0.070720
vt 0.392420 0.078182
vt 0.398493 0.079275
vt 0.404758 0.085208
vt 0.409507 0.218222
vt 0.382064 0.070131
vt 0.383395 0.055916
vt 0.392473 0.069982
vt 0.391520 0.062137
vt 0.387470 0.059345
vt 0.398799 0.070181
vt 0.400867 0.064572
vt 0.404293 0.070849
vt 0.404767 0.077909
vt 0.412968 0.085525
vt 0.409869 0.078054
vt 0.021582 0.430263
vt 0.016362 0.435979
vt 0.016105 0.429720
vt 0.021281 0.426107
vt 0.029290 0.432613
vt 0.022954 0.437431
vt 0.027404 0.419360
vt 0.351847 0.023129
vt 0.351354 0.015926
vt 0.348760 0.010775
vt 0.359678 0.030970
vt 0.351988 0.030763
vt 0.359179 0.023766
vt 0.356585 0.018601
vt 0.367516 0.038846
vt 0.359825 0.038608
vt 0.367010 0.031620
vt 0.364411 0.026445
vt 0.375281 0.046814
vt 0.367671 0.046481
vt 0.374807 0.039586
vt 0.372234 0.034339
vt 0.384189 0.049182
vt 0.379899 0.042447
vt 0.387225 0.054603
vt 0.673588 0.327346
vt 0.678087 0.323743
vt 0.678087 0.330072
vt 0.679142 0.365171
vt 0.679142 0.370942
vt 0.674214 0.367032
vt 0.674935 0.342025
vt 0.679527 0.338485
vt 0.679527 0.344588
vt 0.685684 0.290465
vt 0.685684 0.295660
vt 0.680868 0.292672
vt 0.010137 0.407600
vt 0.014176 0.410751
vt 0.009753 0.414295
vt 0.667661 0.341691
vt 0.671889 0.344091
vt 0.668111 0.345970
vt 0.391633 0.055076
vt 0.014310 0.414854
vt 0.009917 0.419697
vt 0.396298 0.057818
vt 0.763125 0.222862
vt 0.765983 0.231903
vt 0.774468 0.224927
vt 0.774180 0.231892
vt 0.782309 0.224052
vt 0.782510 0.231883
vt 0.449084 0.406576
vt 0.449084 0.419131
vt 0.445547 0.413122
vt 0.014287 0.406394
vt 0.019861 0.406449
vt 0.021243 0.418395
vt 0.013969 0.420239
vt 0.016357 0.423006
vt 0.818407 0.208846
vt 0.808718 0.218545
vt 0.408773 0.334307
vt 0.412815 0.327305
vt 0.413909 0.320442
vt 0.414482 0.311738
vt 0.017461 0.692473
vt 0.023140 0.698101
vt 0.418731 0.320221
vt 0.024547 0.691335
vt 0.020690 0.685423
vt 0.026255 0.683406
vt 0.425281 0.318114
vt 0.419645 0.313375
vt 0.428366 0.311671
vt 0.031338 0.689218
vt 0.026810 0.676952
vt 0.031789 0.682445
vt 0.039614 0.696390
vt 0.038844 0.681719
vt 0.033320 0.675926
vt 0.039700 0.674791
vt 0.046760 0.677733
vt 0.054851 0.673934
vt 0.415324 0.215017
vt 0.419812 0.303155
vt 0.424378 0.303133
vt 0.424145 0.216083
vt 0.431196 0.304885
vt 0.429162 0.296301
vt 0.028483 0.670184
vt 0.034437 0.669248
vt 0.437128 0.303843
vt 0.433396 0.295560
vt 0.440029 0.296692
vt 0.437925 0.288589
vt 0.042518 0.667123
vt 0.036544 0.662126
vt 0.042510 0.661578
vt 0.038063 0.653167
vt 0.042341 0.654668
vt 0.042721 0.645996
vt 0.046888 0.671179
vt 0.047617 0.661632
vt 0.047051 0.654708
vt 0.047657 0.667031
vt 0.054519 0.667442
vt 0.052194 0.654616
vt 0.056393 0.660444
vt 0.057012 0.653925
vt 0.048607 0.648611
vt 0.060037 0.646223
vt 0.051663 0.637355
vt 0.056252 0.637869
vt 0.429357 0.108178
vt 0.045297 0.489626
vt 0.041060 0.483797
vt 0.047660 0.635747
vt 0.410052 0.094000
vt 0.415048 0.094548
vt 0.420499 0.097951
vt 0.424866 0.109273
vt 0.433886 0.110590
vt 0.438142 0.116145
vt 0.442213 0.118317
vt 0.054394 0.490729
vt 0.049826 0.491734
vt 0.061827 0.499697
vt 0.417163 0.080340
vt 0.420000 0.086601
vt 0.029201 0.438691
vt 0.023870 0.445564
vt 0.029313 0.446158
vt 0.024261 0.451815
vt 0.430989 0.100394
vt 0.429160 0.094299
vt 0.421492 0.092151
vt 0.828145 0.216433
vt 0.829666 0.210002
vt 0.036687 0.447529
vt 0.030463 0.452934
vt 0.035626 0.439436
vt 0.036690 0.453880
vt 0.031014 0.459616
vt 0.038451 0.467553
vt 0.033282 0.475933
vt 0.031540 0.465713
vt 0.043971 0.454387
vt 0.038599 0.461473
vt 0.039234 0.474028
vt 0.037040 0.481553
vt 0.044933 0.468213
vt 0.044340 0.461805
vt 0.046452 0.475630
vt 0.051216 0.462496
vt 0.050968 0.455721
vt 0.047634 0.482354
vt 0.052206 0.469915
vt 0.055787 0.482059
vt 0.059335 0.473816
vt 0.055060 0.478093
vt 0.063781 0.491475
vt 0.060022 0.478149
vt 0.676064 0.588329
vt 0.680398 0.567668
vt 0.650252 0.884392
vt 0.670298 0.897424
vt 0.687571 0.913562
vt 0.448569 0.633941
vt 0.456698 0.635730
vt 0.447560 0.641169
vt 0.674818 0.890135
vt 0.666409 0.886890
vt 0.452252 0.628557
vt 0.675332 0.894317
vt 0.686317 0.898476
vt 0.683761 0.902223
vt 0.679859 0.889705
vt 0.685635 0.885824
vt 0.683108 0.892709
vt 0.680954 0.884889
vt 0.675343 0.884487
vt 0.704130 0.904096
vt 0.694775 0.908231
vt 0.691260 0.893188
vt 0.071004 0.661586
vt 0.063998 0.660186
vt 0.063686 0.653796
vt 0.061741 0.637484
vt 0.067324 0.651788
vt 0.066977 0.648340
vt 0.066634 0.638161
vt 0.070822 0.655855
vt 0.080014 0.657451
vt 0.078615 0.652130
vt 0.071960 0.639504
vt 0.078782 0.646531
vt 0.072239 0.630959
vt 0.083477 0.638651
vt 0.658751 0.563436
vt 0.674146 0.558221
vt 0.088868 0.655964
vt 0.091092 0.650657
vt 0.084835 0.630000
vt 0.078671 0.630619
vt 0.091396 0.644064
vt 0.091087 0.640010
vt 0.089962 0.631535
vt 0.663083 0.556674
vt 0.670468 0.550314
vt 0.086867 0.646469
vt 0.095831 0.630598
vt 0.672975 0.881588
vt 0.678456 0.877616
vt 0.779338 0.852946
vt 0.783787 0.846329
vt 0.784261 0.853812
vt 0.780725 0.836447
vt 0.778416 0.845764
vt 0.671311 0.544847
vt 0.674631 0.550920
vt 0.774829 0.850537
vt 0.666227 0.550434
vt 0.662843 0.542478
vt 0.106800 0.649397
vt 0.106698 0.639467
vt 0.109496 0.630561
vt 0.686684 0.878354
vt 0.682294 0.878002
vt 0.687504 0.869760
vt 0.788532 0.854082
vt 0.784478 0.837117
vt 0.788395 0.845149
vt 0.775735 0.842689
vt 0.776261 0.837687
vt 0.777047 0.828906
vt 0.780967 0.772618
vt 0.777169 0.775401
vt 0.772158 0.846378
vt 0.771565 0.842797
vt 0.772796 0.828308
vt 0.770728 0.837402
vt 0.667267 0.537399
vt 0.668331 0.542354
vt 0.767536 0.842062
vt 0.658630 0.541824
vt 0.663219 0.537559
vt 0.654591 0.533851
vt 0.691955 0.886244
vt 0.692561 0.876440
vt 0.810518 0.804468
vt 0.806959 0.810978
vt 0.806558 0.806012
vt 0.806560 0.797569
vt 0.807134 0.752200
vt 0.660235 0.534422
vt 0.663131 0.529750
vt 0.666025 0.534015
vt 0.802258 0.806113
vt 0.803556 0.811697
vt 0.802095 0.795979
vt 0.659739 0.526406
vt 0.650252 0.536782
vt 0.654559 0.526011
vt 0.128001 0.645366
vt 0.105166 0.645122
vt 0.121356 0.639609
vt 0.069193 0.499524
vt 0.080958 0.507837
vt 0.784422 0.733404
vt 0.802737 0.740214
vt 0.803555 0.751308
vt 0.113577 0.508441
vt 0.118820 0.630377
vt 0.071048 0.490363
vt 0.074917 0.500443
vt 0.087081 0.500078
vt 0.086871 0.508718
vt 0.092192 0.508042
vt 0.094634 0.499410
vt 0.094970 0.494741
vt 0.087988 0.491837
vt 0.098160 0.508237
vt 0.780039 0.674323
vt 0.784218 0.666534
vt 0.105266 0.508727
vt 0.109822 0.500188
vt 0.109833 0.489628
vt 0.109172 0.494279
vt 0.001523 0.598283
vt 0.005684 0.406394
vt 0.005684 0.598841
vt 0.788329 0.661770
vt 0.776291 0.679460
vt 0.772672 0.683625
vt 0.809221 0.650455
vt 0.812154 0.659797
vt 0.808199 0.660892
vt 0.103014 0.623208
vt 0.699920 0.677062
vt 0.694769 0.677434
vt 0.803204 0.660217
vt 0.803407 0.650874
vt 0.131058 0.500617
vt 0.126598 0.494527
vt 0.068465 0.472847
vt 0.057944 0.464997
vt 0.071609 0.480469
vt 0.070414 0.486790
vt 0.067147 0.483828
vt 0.833384 0.199558
vt 0.865749 0.157040
vt 0.856104 0.187275
vt 0.075370 0.486119
vt 0.837668 0.146647
vt 0.847984 0.156249
vt 0.082355 0.485875
vt 0.081652 0.481175
vt 0.855879 0.155387
vt 0.097266 0.482680
vt 0.096885 0.489130
vt 0.825672 0.121347
vt 0.666880 0.663561
vt 0.676766 0.654086
vt 0.675358 0.663897
vt 0.674688 0.671935
vt 0.859757 0.147541
vt 0.855486 0.148192
vt 0.683383 0.661377
vt 0.684096 0.657194
vt 0.779505 0.666110
vt 0.784047 0.658318
vt 0.779045 0.658496
vt 0.784467 0.650641
vt 0.782048 0.645985
vt 0.779545 0.651197
vt 0.449084 0.551239
vt 0.445270 0.556985
vt 0.445270 0.548650
vt 0.775316 0.671139
vt 0.774995 0.665817
vt 0.775056 0.653871
vt 0.772651 0.659270
vt 0.454607 0.665339
vt 0.450057 0.659539
vt 0.454617 0.659523
vt 0.858648 0.141877
vt 0.854136 0.140492
vt 0.867426 0.139741
vt 0.873878 0.147672
vt 0.864629 0.148593
vt 0.861502 0.138992
vt 0.694455 0.653312
vt 0.693750 0.649201
vt 0.788643 0.650628
vt 0.689503 0.667539
vt 0.690365 0.674687
vt 0.686250 0.674579
vt 0.683585 0.667207
vt 0.691928 0.660364
vt 0.694150 0.667095
vt 0.770441 0.662394
vt 0.771093 0.667048
vt 0.768395 0.674304
vt 0.767367 0.662853
vt 0.765337 0.667276
vt 0.867245 0.134963
vt 0.871747 0.139206
vt 0.864129 0.135186
vt 0.875908 0.131283
vt 0.869723 0.131513
vt 0.700093 0.667220
vt 0.699840 0.659942
vt 0.803773 0.645605
vt 0.876218 0.123390
vt 0.880299 0.134992
vt 0.871611 0.123181
vt 0.876906 0.489615
vt 0.865715 0.503866
vt 0.872523 0.496016
vt 0.831733 0.505080
vt 0.855362 0.510589
vt 0.813683 0.512242
vt 0.865417 0.496146
vt 0.850408 0.503470
vt 0.858083 0.496251
vt 0.842353 0.498140
vt 0.847329 0.493307
vt 0.849994 0.496350
vt 0.834596 0.499045
vt 0.552610 0.804175
vt 0.560165 0.809919
vt 0.552365 0.809674
vt 0.558911 0.795047
vt 0.560497 0.804385
vt 0.872490 0.488371
vt 0.865856 0.488421
vt 0.858548 0.488991
vt 0.852637 0.491560
vt 0.570937 0.808876
vt 0.574469 0.804196
vt 0.577004 0.809840
vt 0.568524 0.795431
vt 0.567323 0.803702
vt 0.565556 0.806911
vt 0.873442 0.470857
vt 0.866249 0.480478
vt 0.861271 0.483579
vt 0.674968 0.252227
vt 0.679001 0.248981
vt 0.679001 0.255666
vt 0.651317 0.314122
vt 0.655197 0.317757
vt 0.650252 0.320230
vt 0.650252 0.305210
vt 0.659025 0.311933
vt 0.868720 0.472495
vt 0.883129 0.803394
vt 0.889105 0.808629
vt 0.881146 0.809361
vt 0.884606 0.794674
vt 0.889779 0.803604
vt 0.050935 0.402356
vt 0.015140 0.397957
vt 0.870103 0.464788
vt 0.896797 0.808088
vt 0.890069 0.795050
vt 0.896933 0.803389
vt 0.881738 0.625584
vt 0.884795 0.741018
vt 0.880201 0.794731
vt 0.573062 0.626463
vt 0.578079 0.795195
vt 0.573726 0.795297
vt 0.890020 0.743723
vt 0.897082 0.796012
vt 0.552056 0.743455
vt 0.556382 0.547455
vt 0.564132 0.794191
vt 0.567879 0.626629
vt 0.885568 0.628949
vt 0.890375 0.618090
vt 0.896811 0.740018
vt 0.572294 0.558009
vt 0.577369 0.626073
vt 0.881530 0.554173
vt 0.885867 0.556860
vt 0.561345 0.548745
vt 0.567639 0.554397
vt 0.550343 0.500746
vt 0.551401 0.551428
vt 0.566412 0.458498
vt 0.560684 0.464437
vt 0.554971 0.465626
vt 0.548871 0.432642
vt 0.575703 0.422786
vt 0.576213 0.554672
vt 0.886933 0.421196
vt 0.891882 0.422419
vt 0.882750 0.422268
vt 0.898326 0.422015
vt 0.065039 0.007600
vt 0.650464 0.078053
vt 0.654664 0.092370
vt 0.713748 0.118651
vt 0.661051 0.092622
vt 0.700254 0.108263
vt 0.699129 0.100695
vt 0.669828 0.098830
vt 0.013225 0.014872
vt 0.676613 0.092594
vt 0.668813 0.092372
vt 0.691268 0.093937
vt 0.661181 0.084570
vt 0.654645 0.084498
vt 0.668571 0.084889
vt 0.676340 0.085552
vt 0.559903 0.423826
vt 0.566380 0.423101
vt 0.559693 0.413541
vt 0.559962 0.407461
vt 0.566579 0.413365
vt 0.684702 0.088068
vt 0.551896 0.414481
vt 0.552421 0.429528
vt 0.552005 0.408102
vt 0.692618 0.089223
vt 0.660930 0.076996
vt 0.654599 0.076711
vt 0.667655 0.078047
vt 0.571276 0.422317
vt 0.571485 0.413749
vt 0.572349 0.408532
vt 0.576012 0.413528
vt 0.568456 0.406655
vt 0.672879 0.080797
vt 0.660424 0.069285
vt 0.654420 0.068911
vt 0.890405 0.412861
vt 0.882059 0.413021
vt 0.885431 0.408130
vt 0.880201 0.406623
vt 0.665041 0.072808
vt 0.653591 0.059617
vt 0.650252 0.052668
vt 0.897685 0.413106
vt 0.897211 0.407230
vt 0.888931 0.406576
vt 0.658117 0.060995
vt 0.780746 0.489465
vt 0.795496 0.504098
vt 0.803344 0.504061
vt 0.544940 0.804139
vt 0.544588 0.809659
vt 0.552294 0.795727
vt 0.810959 0.503838
vt 0.826806 0.499147
vt 0.537911 0.804194
vt 0.536988 0.809795
vt 0.538329 0.795236
vt 0.531779 0.804134
vt 0.529198 0.810201
vt 0.533091 0.795409
vt 0.803210 0.496360
vt 0.795476 0.496248
vt 0.528679 0.795960
vt 0.807941 0.491756
vt 0.811189 0.496498
vt 0.522708 0.804309
vt 0.526345 0.808678
vt 0.520905 0.809875
vt 0.524255 0.795500
vt 0.802330 0.489316
vt 0.795197 0.488591
vt 0.787784 0.488405
vt 0.439136 0.795327
vt 0.439411 0.804143
vt 0.435198 0.795840
vt 0.799451 0.484144
vt 0.445394 0.465768
vt 0.449101 0.468815
vt 0.445394 0.472072
vt 0.430766 0.794784
vt 0.431326 0.804083
vt 0.794501 0.480932
vt 0.787572 0.480608
vt 0.780441 0.470187
vt 0.426098 0.808989
vt 0.423491 0.804477
vt 0.425698 0.795498
vt 0.791886 0.473501
vt 0.787009 0.472837
vt 0.420402 0.794806
vt 0.790684 0.468356
vt 0.415383 0.804028
vt 0.420952 0.808099
vt 0.417547 0.809516
vt 0.414837 0.794785
vt 0.780733 0.464846
vt 0.545019 0.795303
vt 0.537375 0.742357
vt 0.544983 0.743897
vt 0.538751 0.709294
vt 0.533446 0.737960
vt 0.529344 0.741968
vt 0.524546 0.743226
vt 0.434975 0.743755
vt 0.438985 0.743046
vt 0.435042 0.667982
vt 0.534079 0.662813
vt 0.529678 0.662004
vt 0.524858 0.672118
vt 0.545292 0.545708
vt 0.540093 0.517746
vt 0.430378 0.537834
vt 0.425335 0.578223
vt 0.419708 0.555119
vt 0.535739 0.492901
vt 0.530082 0.493139
vt 0.525041 0.498866
vt 0.521122 0.517742
vt 0.520905 0.668217
vt 0.434525 0.517486
vt 0.546262 0.432429
vt 0.544473 0.490693
vt 0.521432 0.422202
vt 0.430248 0.422773
vt 0.425155 0.422392
vt 0.419578 0.421598
vt 0.414769 0.565271
vt 0.739233 0.095407
vt 0.752920 0.078221
vt 0.757815 0.025025
vt 0.746611 0.084727
vt 0.730826 0.104166
vt 0.721702 0.099423
vt 0.701106 0.093919
vt 0.715840 0.092887
vt 0.723590 0.092212
vt 0.739311 0.086437
vt 0.541838 0.440246
vt 0.544471 0.429111
vt 0.544397 0.420976
vt 0.544332 0.413909
vt 0.544176 0.408290
vt 0.700454 0.089404
vt 0.536260 0.430306
vt 0.536887 0.420949
vt 0.536777 0.413748
vt 0.708208 0.088671
vt 0.530104 0.422760
vt 0.529932 0.413526
vt 0.536467 0.407888
vt 0.715782 0.087112
vt 0.525316 0.422806
vt 0.524254 0.413297
vt 0.528988 0.407287
vt 0.723538 0.084483
vt 0.731407 0.084177
vt 0.439095 0.413088
vt 0.434411 0.421935
vt 0.431251 0.413231
vt 0.436809 0.408176
vt 0.726497 0.079120
vt 0.731868 0.076297
vt 0.739302 0.076354
vt 0.746563 0.076420
vt 0.425849 0.413440
vt 0.426660 0.407527
vt 0.734562 0.069060
vt 0.739851 0.068590
vt 0.746711 0.063869
vt 0.752805 0.066356
vt 0.415978 0.413431
vt 0.421431 0.408626
vt 0.414851 0.422593
vt 0.735945 0.063851
vt 0.739755 0.060662
vt 0.873899 0.457008
vt 0.877156 0.455379
vt 0.870614 0.456985
vt 0.904594 0.807835
vt 0.904611 0.803279
vt 0.873540 0.443441
vt 0.912311 0.803397
vt 0.911910 0.796295
vt 0.904555 0.796460
vt 0.919546 0.803624
vt 0.912403 0.808076
vt 0.919053 0.795704
vt 0.016403 0.403208
vt 0.876742 0.420862
vt 0.868828 0.441460
vt 0.872639 0.433525
vt 0.925968 0.803890
vt 0.920141 0.808616
vt 0.924803 0.794415
vt 0.928968 0.795301
vt 0.866376 0.433441
vt 0.872500 0.425699
vt 0.861487 0.430244
vt 0.865954 0.425610
vt 0.934400 0.803719
vt 0.931398 0.808175
vt 0.933426 0.794567
vt 0.467079 0.808357
vt 0.463585 0.803897
vt 0.472799 0.803936
vt 0.464233 0.794756
vt 0.468815 0.795432
vt 0.872481 0.418076
vt 0.858816 0.424932
vt 0.865825 0.418078
vt 0.853209 0.422421
vt 0.858200 0.417980
vt 0.473688 0.796799
vt 0.478512 0.809096
vt 0.479024 0.803911
vt 0.479077 0.794777
vt 0.490113 0.808998
vt 0.486144 0.803872
vt 0.485985 0.795236
vt 0.007033 0.402630
vt 0.006948 0.397877
vt 0.006959 0.389720
vt 0.872431 0.411401
vt 0.864526 0.411569
vt 0.850272 0.411299
vt 0.850136 0.417744
vt 0.842230 0.415734
vt 0.830688 0.414509
vt 0.834988 0.410466
vt 0.003259 0.401801
vt 0.002657 0.397733
vt 0.002564 0.391000
vt 0.875991 0.407710
vt 0.876606 0.411486
vt 0.642841 0.398346
vt 0.646297 0.402217
vt 0.642616 0.403083
vt 0.643162 0.390471
vt 0.646934 0.398159
vt 0.864726 0.406879
vt 0.635075 0.398402
vt 0.635090 0.403531
vt 0.636490 0.391373
vt 0.551633 0.391516
vt 0.627640 0.382258
vt 0.579504 0.403357
vt 0.560254 0.398453
vt 0.904717 0.744171
vt 0.912071 0.740734
vt 0.919170 0.748098
vt 0.636511 0.233093
vt 0.904863 0.662069
vt 0.930289 0.633151
vt 0.934414 0.642238
vt 0.463971 0.642413
vt 0.486991 0.502727
vt 0.002057 0.206645
vt 0.647204 0.207087
vt 0.647206 0.391428
vt 0.643050 0.207888
vt 0.897144 0.623516
vt 0.912500 0.592674
vt 0.904560 0.613442
vt 0.919817 0.572725
vt 0.473518 0.787021
vt 0.468055 0.421515
vt 0.473212 0.448143
vt 0.006416 0.016402
vt 0.925831 0.576651
vt 0.932051 0.422246
vt 0.463786 0.422331
vt 0.001523 0.016162
vt 0.647206 0.016617
vt 0.642978 0.017545
vt 0.628335 0.016645
vt 0.636328 0.017294
vt 0.905511 0.421819
vt 0.913190 0.421634
vt 0.920373 0.422049
vt 0.926588 0.422637
vt 0.479566 0.452221
vt 0.487014 0.461122
vt 0.905148 0.413215
vt 0.905075 0.407491
vt 0.653759 0.036274
vt 0.912865 0.413227
vt 0.657073 0.045280
vt 0.014234 0.007711
vt 0.912922 0.407507
vt 0.920385 0.413141
vt 0.658016 0.037382
vt 0.051728 0.001992
vt 0.014296 0.001640
vt 0.920824 0.407277
vt 0.927108 0.413041
vt 0.660282 0.029032
vt 0.931844 0.413377
vt 0.680444 0.381642
vt 0.676456 0.385380
vt 0.676456 0.378637
vt 0.650508 0.015236
vt 0.654520 0.021702
vt 0.660787 0.021350
vt 0.935992 0.422174
vt 0.932797 0.408243
vt 0.936257 0.413124
vt 0.664841 0.025440
vt 0.667433 0.020211
vt 0.471497 0.413033
vt 0.462987 0.413272
vt 0.466600 0.408401
vt 0.461339 0.406912
vt 0.654568 0.014101
vt 0.661046 0.013948
vt 0.668377 0.013546
vt 0.472921 0.422117
vt 0.672577 0.017407
vt 0.675984 0.012750
vt 0.479078 0.422080
vt 0.478521 0.413460
vt 0.478161 0.407900
vt 0.470405 0.406815
vt 0.486974 0.451076
vt 0.484448 0.421842
vt 0.488361 0.413473
vt 0.483436 0.409008
vt 0.006509 0.007796
vt 0.006584 0.002179
vt 0.654643 0.007278
vt 0.650654 0.007526
vt 0.661165 0.007074
vt 0.668703 0.006924
vt 0.676465 0.006664
vt 0.683624 0.010209
vt 0.684316 0.006122
vt 0.491029 0.447903
vt 0.688886 0.009158
vt 0.692259 0.006464
vt 0.001907 0.008020
vt 0.002594 0.003281
vt 0.647089 0.008471
vt 0.643133 0.008207
vt 0.646483 0.003723
vt 0.651260 0.003543
vt 0.654867 0.002596
vt 0.633810 0.007859
vt 0.642894 0.002499
vt 0.661345 0.002041
vt 0.668922 0.001840
vt 0.686289 0.001523
vt 0.611615 0.002846
vt 0.600959 0.008700
vt 0.620077 0.024283
vt 0.551774 0.023177
vt 0.692456 0.001796
vt 0.409448 0.809272
vt 0.409463 0.804040
vt 0.409533 0.794807
vt 0.786368 0.456927
vt 0.787229 0.465019
vt 0.780609 0.449171
vt 0.403153 0.803905
vt 0.401351 0.809447
vt 0.404073 0.795630
vt 0.399230 0.798133
vt 0.775100 0.442968
vt 0.393500 0.803781
vt 0.398008 0.807994
vt 0.392929 0.808844
vt 0.394027 0.796941
vt 0.786996 0.441099
vt 0.790622 0.445413
vt 0.787212 0.448823
vt 0.387055 0.804014
vt 0.385529 0.809646
vt 0.388751 0.795570
vt 0.384214 0.795800
vt 0.787574 0.433361
vt 0.791809 0.440332
vt 0.775438 0.420426
vt 0.780709 0.435000
vt 0.515611 0.803933
vt 0.512495 0.808338
vt 0.507076 0.803762
vt 0.379361 0.803843
vt 0.382306 0.808245
vt 0.377234 0.809425
vt 0.515317 0.794723
vt 0.510651 0.795035
vt 0.380492 0.794634
vt 0.795180 0.425376
vt 0.799318 0.429601
vt 0.794432 0.432910
vt 0.787810 0.425621
vt 0.780832 0.425653
vt 0.493676 0.803882
vt 0.493590 0.795356
vt 0.500793 0.803941
vt 0.500663 0.794801
vt 0.501592 0.809103
vt 0.689095 0.309552
vt 0.689252 0.314351
vt 0.684604 0.314351
vt 0.506329 0.794508
vt 0.803174 0.417818
vt 0.807726 0.422008
vt 0.802205 0.424511
vt 0.795497 0.418000
vt 0.787875 0.418044
vt 0.780853 0.418038
vt 0.814112 0.411013
vt 0.819116 0.415533
vt 0.811074 0.417499
vt 0.803342 0.411346
vt 0.791000 0.411755
vt 0.780894 0.411391
vt 0.769013 0.417624
vt 0.775475 0.411448
vt 0.808995 0.406853
vt 0.789053 0.406995
vt 0.559598 0.403520
vt 0.551433 0.402989
vt 0.550874 0.398246
vt 0.776079 0.407632
vt 0.546642 0.402158
vt 0.771289 0.411265
vt 0.543908 0.397926
vt 0.543143 0.391197
vt 0.545455 0.379448
vt 0.494435 0.499772
vt 0.409318 0.570152
vt 0.403455 0.572171
vt 0.383163 0.582296
vt 0.387722 0.571505
vt 0.516474 0.570373
vt 0.379170 0.570286
vt 0.398437 0.561167
vt 0.393669 0.575628
vt 0.501977 0.492339
vt 0.508120 0.529597
vt 0.513233 0.525060
vt 0.387924 0.531858
vt 0.393459 0.545340
vt 0.517786 0.538995
vt 0.380109 0.538912
vt 0.383160 0.499268
vt 0.409431 0.422912
vt 0.403454 0.422584
vt 0.398010 0.422877
vt 0.393075 0.422999
vt 0.494601 0.452389
vt 0.502227 0.451282
vt 0.509152 0.484929
vt 0.543918 0.030853
vt 0.409776 0.413319
vt 0.410294 0.407370
vt 0.741021 0.052766
vt 0.747031 0.052188
vt 0.403349 0.413302
vt 0.402785 0.407347
vt 0.752830 0.033987
vt 0.388716 0.413201
vt 0.397405 0.413249
vt 0.391719 0.408553
vt 0.394880 0.406874
vt 0.746599 0.037308
vt 0.741020 0.045256
vt 0.739750 0.037334
vt 0.387756 0.422194
vt 0.386553 0.407422
vt 0.739821 0.029422
vt 0.735978 0.034137
vt 0.734595 0.028950
vt 0.746584 0.029434
vt 0.378886 0.422641
vt 0.382859 0.422712
vt 0.374776 0.413452
vt 0.382023 0.413104
vt 0.676476 0.287420
vt 0.672463 0.283728
vt 0.676476 0.280027
vt 0.379349 0.406415
vt 0.739236 0.021674
vt 0.731877 0.021711
vt 0.745998 0.015475
vt 0.752648 0.014453
vt 0.497806 0.421251
vt 0.503066 0.421139
vt 0.508787 0.450881
vt 0.508891 0.421995
vt 0.501490 0.413368
vt 0.509463 0.413343
vt 0.503539 0.408471
vt 0.510343 0.407458
vt 0.513833 0.422691
vt 0.517860 0.422724
vt 0.515422 0.413545
vt 0.517841 0.406576
vt 0.376555 0.408050
vt 0.371367 0.406487
vt 0.731340 0.014002
vt 0.726547 0.018862
vt 0.723528 0.013633
vt 0.739083 0.013953
vt 0.496638 0.442707
vt 0.493572 0.422098
vt 0.493964 0.413515
vt 0.489302 0.421687
vt 0.495635 0.408023
vt 0.487049 0.407854
vt 0.708317 0.005888
vt 0.709028 0.009714
vt 0.700859 0.006391
vt 0.715818 0.006215
vt 0.723533 0.006848
vt 0.715883 0.011033
vt 0.731357 0.006954
vt 0.739121 0.006930
vt 0.746420 0.006969
vt 0.752409 0.007092
vt 0.760667 0.013488
vt 0.559961 0.015236
vt 0.700416 0.001785
vt 0.707650 0.001551
vt 0.560081 0.007993
vt 0.590280 0.002734
vt 0.736183 0.001951
vt 0.551044 0.008212
vt 0.550941 0.015520
vt 0.551497 0.002566
vt 0.746447 0.002076
vt 0.543106 0.023294
vt 0.543184 0.015593
vt 0.543595 0.008354
vt 0.546307 0.003607
vt 0.751642 0.002788
vt 0.756910 0.006886
vt 0.770518 0.428494
vt 0.762611 0.022450
vt 0.815337 0.032053
vt 0.703918 0.899925
vt 0.699018 0.893469
vt 0.705074 0.886418
vt 0.698774 0.886471
vt 0.707656 0.893507
vt 0.710807 0.885776
vt 0.731781 0.896545
vt 0.714487 0.896103
vt 0.716202 0.888293
vt 0.723105 0.892151
vt 0.673275 0.494121
vt 0.689568 0.485820
vt 0.685615 0.494620
vt 0.661316 0.484309
vt 0.686846 0.445849
vt 0.698680 0.877658
vt 0.759470 0.841471
vt 0.757505 0.837779
vt 0.761389 0.837462
vt 0.794229 0.812986
vt 0.792488 0.806569
vt 0.796614 0.806449
vt 0.792820 0.798607
vt 0.797176 0.796351
vt 0.792843 0.750757
vt 0.654816 0.510801
vt 0.650457 0.510107
vt 0.704323 0.878906
vt 0.739437 0.861409
vt 0.734827 0.854771
vt 0.739848 0.854305
vt 0.734995 0.846347
vt 0.740240 0.846884
vt 0.740118 0.838777
vt 0.745985 0.853262
vt 0.746927 0.846366
vt 0.746895 0.839036
vt 0.746633 0.831044
vt 0.751039 0.850345
vt 0.754242 0.845092
vt 0.753210 0.838606
vt 0.757291 0.842058
vt 0.752569 0.829236
vt 0.662732 0.508914
vt 0.664610 0.512601
vt 0.662353 0.513409
vt 0.658696 0.509883
vt 0.660063 0.517100
vt 0.138480 0.640215
vt 0.133610 0.630425
vt 0.125954 0.623528
vt 0.716735 0.879810
vt 0.711735 0.877622
vt 0.671577 0.505795
vt 0.674930 0.501342
vt 0.676683 0.506381
vt 0.682063 0.402681
vt 0.677456 0.402889
vt 0.677456 0.396967
vt 0.662319 0.502228
vt 0.668038 0.508431
vt 0.654452 0.503412
vt 0.650468 0.500999
vt 0.146024 0.645962
vt 0.133465 0.650380
vt 0.141314 0.631021
vt 0.723968 0.879857
vt 0.667201 0.501780
vt 0.662082 0.494668
vt 0.656854 0.493215
vt 0.152609 0.640505
vt 0.161172 0.653579
vt 0.142572 0.650435
vt 0.152961 0.645073
vt 0.156377 0.648077
vt 0.164394 0.658630
vt 0.159082 0.662046
vt 0.150250 0.657374
vt 0.164448 0.648509
vt 0.159233 0.631482
vt 0.171406 0.642869
vt 0.173037 0.660741
vt 0.171203 0.653987
vt 0.171278 0.648663
vt 0.171658 0.633128
vt 0.165313 0.631140
vt 0.179155 0.662253
vt 0.179509 0.667845
vt 0.175887 0.653460
vt 0.185218 0.649501
vt 0.179011 0.656448
vt 0.176476 0.648777
vt 0.181649 0.640194
vt 0.176797 0.640819
vt 0.797464 0.751053
vt 0.705964 0.675450
vt 0.710361 0.683533
vt 0.735470 0.659312
vt 0.740236 0.711140
vt 0.746806 0.710794
vt 0.752936 0.718081
vt 0.756605 0.775270
vt 0.136718 0.509718
vt 0.162602 0.510622
vt 0.180508 0.502937
vt 0.185513 0.503488
vt 0.797658 0.659839
vt 0.793096 0.653469
vt 0.797264 0.650856
vt 0.123925 0.509425
vt 0.134649 0.490223
vt 0.752966 0.676918
vt 0.756942 0.677978
vt 0.148660 0.501307
vt 0.141861 0.494984
vt 0.145058 0.490026
vt 0.144368 0.510077
vt 0.148311 0.631472
vt 0.155726 0.496049
vt 0.158404 0.487964
vt 0.157353 0.509147
vt 0.153916 0.632069
vt 0.151428 0.510097
vt 0.158452 0.501028
vt 0.160091 0.493687
vt 0.174697 0.501446
vt 0.168095 0.493739
vt 0.168422 0.510717
vt 0.179075 0.489998
vt 0.181483 0.493748
vt 0.706467 0.667454
vt 0.707321 0.660201
vt 0.712596 0.654132
vt 0.715142 0.649773
vt 0.687620 0.285256
vt 0.686988 0.280027
vt 0.690838 0.280027
vt 0.795581 0.645185
vt 0.880339 0.110169
vt 0.876026 0.115498
vt 0.870710 0.114975
vt 0.710935 0.675388
vt 0.712301 0.667789
vt 0.740146 0.666682
vt 0.740096 0.658977
vt 0.739835 0.651430
vt 0.735331 0.651149
vt 0.715052 0.675804
vt 0.718668 0.669655
vt 0.746619 0.676984
vt 0.746990 0.666801
vt 0.746639 0.659192
vt 0.745912 0.652146
vt 0.754937 0.667178
vt 0.758160 0.670269
vt 0.753780 0.659709
vt 0.750953 0.654753
vt 0.869897 0.107301
vt 0.866713 0.111841
vt 0.863085 0.108065
vt 0.759035 0.661787
vt 0.875929 0.107771
vt 0.702389 0.643500
vt 0.730847 0.655412
vt 0.722505 0.657753
vt 0.716173 0.660468
vt 0.723904 0.666106
vt 0.724643 0.674244
vt 0.718691 0.676628
vt 0.682586 0.258711
vt 0.687282 0.258711
vt 0.683985 0.263693
vt 0.866679 0.104216
vt 0.871902 0.099850
vt 0.863425 0.098990
vt 0.867865 0.099160
vt 0.731781 0.671310
vt 0.855221 0.098186
vt 0.865472 0.091413
vt 0.874792 0.091808
vt 0.153104 0.484703
vt 0.837164 0.092549
vt 0.853706 0.081673
vt 0.853378 0.091144
vt 0.868379 0.084975
vt 0.160039 0.478510
vt 0.170393 0.481070
vt 0.168198 0.487745
vt 0.860312 0.061572
vt 0.175108 0.488353
vt 0.181124 0.480811
vt 0.853806 0.052964
vt 0.183386 0.486407
vt 0.738286 0.427602
vt 0.755608 0.418678
vt 0.765443 0.420126
vt 0.650252 0.287420
vt 0.664462 0.282762
vt 0.669417 0.287420
vt 0.767020 0.411332
vt 0.758977 0.411230
vt 0.451180 0.649587
vt 0.456698 0.656477
vt 0.450057 0.655478
vt 0.654567 0.278923
vt 0.664276 0.276060
vt 0.768070 0.407444
vt 0.538834 0.395329
vt 0.001608 0.606850
vt 0.005847 0.604593
vt 0.005357 0.608581
vt 0.536107 0.390327
vt 0.542831 0.383763
vt 0.535335 0.383385
vt 0.760039 0.407347
vt 0.763182 0.411158
vt 0.531023 0.387509
vt 0.665357 0.295377
vt 0.669424 0.292748
vt 0.669294 0.296756
vt 0.528308 0.382449
vt 0.535023 0.375915
vt 0.451792 0.645648
vt 0.455306 0.648981
vt 0.523284 0.379581
vt 0.527575 0.375502
vt 0.668821 0.274298
vt 0.667977 0.278171
vt 0.661728 0.270639
vt 0.660617 0.274169
vt 0.697529 0.442576
vt 0.715201 0.434054
vt 0.707418 0.432494
vt 0.728009 0.424370
vt 0.707553 0.425825
vt 0.734643 0.418029
vt 0.663212 0.253645
vt 0.667579 0.264802
vt 0.656267 0.257579
vt 0.655216 0.250055
vt 0.650252 0.253230
vt 0.445547 0.441540
vt 0.448832 0.435849
vt 0.448832 0.443339
vt 0.479609 0.335433
vt 0.484088 0.328817
vt 0.484607 0.336307
vt 0.479064 0.328494
vt 0.483777 0.319557
vt 0.735347 0.412837
vt 0.738876 0.418069
vt 0.506558 0.364068
vt 0.509573 0.359882
vt 0.510869 0.366808
vt 0.660474 0.344724
vt 0.663627 0.339745
vt 0.664615 0.344937
vt 0.503867 0.359032
vt 0.509101 0.352407
vt 0.503073 0.352061
vt 0.508878 0.343351
vt 0.667014 0.358976
vt 0.671169 0.362478
vt 0.667229 0.363830
vt 0.499062 0.356239
vt 0.666606 0.256023
vt 0.671922 0.254363
vt 0.669828 0.258743
vt 0.496497 0.351188
vt 0.502839 0.344565
vt 0.496144 0.344249
vt 0.502634 0.335962
vt 0.665347 0.249870
vt 0.491823 0.348346
vt 0.662064 0.246156
vt 0.658956 0.249846
vt 0.490458 0.343492
vt 0.495877 0.336735
vt 0.489635 0.336549
vt 0.486182 0.343303
vt 0.495617 0.328364
vt 0.489393 0.328187
vt 0.534739 0.367715
vt 0.520776 0.374519
vt 0.527346 0.368077
vt 0.520488 0.367716
vt 0.526743 0.358911
vt 0.516388 0.371656
vt 0.515222 0.366947
vt 0.514434 0.372313
vt 0.520153 0.358381
vt 0.514610 0.360106
vt 0.514434 0.351479
vt 0.502570 0.223587
vt 0.507619 0.215995
vt 0.488571 0.228797
vt 0.495386 0.225294
vt 0.519547 0.221805
vt 0.501293 0.069906
vt 0.488799 0.079423
vt 0.495317 0.078283
vt 0.478461 0.311643
vt 0.478637 0.086387
vt 0.527485 0.047059
vt 0.506475 0.066460
vt 0.512739 0.055950
vt 0.512595 0.220755
vt 0.216047 0.436611
vt 0.224342 0.428121
vt 0.223283 0.437345
vt 0.230605 0.434891
vt 0.231035 0.430706
vt 0.489914 0.070525
vt 0.502942 0.060006
vt 0.482971 0.088772
vt 0.483318 0.071150
vt 0.477845 0.078348
vt 0.478620 0.070938
vt 0.484193 0.066164
vt 0.481929 0.065134
vt 0.448737 0.487926
vt 0.445445 0.490610
vt 0.445445 0.484618
vt 0.535500 0.039212
vt 0.519991 0.047972
vt 0.806467 0.021963
vt 0.787592 0.022997
vt 0.798540 0.021982
vt 0.813591 0.021488
vt 0.773770 0.014182
vt 0.781743 0.014160
vt 0.789089 0.013788
vt 0.650252 0.356039
vt 0.660577 0.362001
vt 0.651501 0.363404
vt 0.805924 0.014887
vt 0.798177 0.014524
vt 0.810544 0.014766
vt 0.761357 0.007060
vt 0.769561 0.007076
vt 0.765247 0.006892
vt 0.777733 0.007123
vt 0.773432 0.006922
vt 0.785840 0.007229
vt 0.781585 0.007004
vt 0.659803 0.369007
vt 0.655733 0.369836
vt 0.495549 0.055252
vt 0.495112 0.062647
vt 0.498038 0.049982
vt 0.501350 0.054750
vt 0.001523 0.675179
vt 0.002123 0.668832
vt 0.006371 0.675179
vt 0.490734 0.057959
vt 0.488520 0.063327
vt 0.235771 0.427843
vt 0.231089 0.426346
vt 0.809307 0.010048
vt 0.804500 0.008101
vt 0.535278 0.031140
vt 0.535356 0.023426
vt 0.535733 0.016080
vt 0.538267 0.010852
vt 0.005769 0.646712
vt 0.001523 0.644060
vt 0.005174 0.642134
vt 0.760042 0.002659
vt 0.754666 0.001607
vt 0.527449 0.039001
vt 0.527537 0.031298
vt 0.527920 0.023948
vt 0.530447 0.018695
vt 0.006247 0.630108
vt 0.002441 0.626845
vt 0.006366 0.625517
vt 0.768237 0.002698
vt 0.762900 0.001606
vt 0.519765 0.039217
vt 0.520134 0.031876
vt 0.522650 0.026594
vt 0.006247 0.663314
vt 0.002345 0.660186
vt 0.006283 0.658787
vt 0.776406 0.002815
vt 0.771086 0.001690
vt 0.512601 0.047090
vt 0.512606 0.039903
vt 0.514940 0.034597
vt 0.663529 0.372285
vt 0.663968 0.367929
vt 0.784482 0.003081
vt 0.779238 0.001908
vt 0.507005 0.047689
vt 0.502359 0.047411
vt 0.508043 0.042710
vt 0.505826 0.041665
vt 0.691094 0.276981
vt 0.686989 0.275761
vt 0.691094 0.272229
vt 0.190584 0.678773
vt 0.197131 0.688051
vt 0.194893 0.676273
vt 0.202169 0.683827
vt 0.200233 0.698680
vt 0.201820 0.678541
vt 0.449039 0.422177
vt 0.449039 0.432804
vt 0.445547 0.427390
vt 0.209249 0.686537
vt 0.203229 0.692863
vt 0.206548 0.678003
vt 0.216992 0.702745
vt 0.210158 0.708501
vt 0.209385 0.699621
vt 0.214708 0.694091
vt 0.209493 0.692595
vt 0.223382 0.692120
vt 0.217333 0.697033
vt 0.463630 0.319491
vt 0.466043 0.312931
vt 0.473343 0.322505
vt 0.213607 0.685973
vt 0.459860 0.316573
vt 0.214294 0.681217
vt 0.209194 0.680918
vt 0.221603 0.702199
vt 0.216830 0.708101
vt 0.475497 0.332585
vt 0.222629 0.697340
vt 0.474183 0.327726
vt 0.478786 0.320980
vt 0.473201 0.312057
vt 0.184588 0.661778
vt 0.190332 0.657800
vt 0.187676 0.664752
vt 0.185570 0.656888
vt 0.191503 0.647879
vt 0.194335 0.670426
vt 0.187499 0.670596
vt 0.194605 0.665018
vt 0.199949 0.662893
vt 0.198943 0.669903
vt 0.207421 0.667194
vt 0.201675 0.672835
vt 0.204097 0.656483
vt 0.200306 0.650577
vt 0.195942 0.647208
vt 0.214681 0.675665
vt 0.207193 0.673185
vt 0.450135 0.303933
vt 0.453904 0.295489
vt 0.458321 0.306266
vt 0.449628 0.289143
vt 0.449369 0.297947
vt 0.445259 0.287305
vt 0.458903 0.311817
vt 0.463060 0.303745
vt 0.458457 0.297300
vt 0.467829 0.304039
vt 0.186860 0.640894
vt 0.467606 0.100362
vt 0.190786 0.501894
vt 0.195496 0.491321
vt 0.208890 0.487706
vt 0.204537 0.486840
vt 0.199786 0.494613
vt 0.445259 0.118480
vt 0.453624 0.110996
vt 0.458290 0.112123
vt 0.471804 0.095809
vt 0.832701 0.039685
vt 0.183557 0.471457
vt 0.193041 0.473468
vt 0.182311 0.477635
vt 0.192264 0.465373
vt 0.190695 0.486460
vt 0.190717 0.481103
vt 0.846763 0.044850
vt 0.199965 0.466591
vt 0.200481 0.459007
vt 0.198746 0.473194
vt 0.195111 0.482624
vt 0.198181 0.479196
vt 0.207516 0.459414
vt 0.205864 0.445547
vt 0.208346 0.451721
vt 0.206873 0.465381
vt 0.204024 0.479248
vt 0.203617 0.474149
vt 0.211747 0.478442
vt 0.206585 0.471315
vt 0.829879 0.029288
vt 0.822892 0.029646
vt 0.215172 0.452302
vt 0.216293 0.443503
vt 0.214768 0.457812
vt 0.448261 0.109162
vt 0.449255 0.119022
vt 0.449548 0.102211
vt 0.212287 0.471508
vt 0.211733 0.466408
vt 0.219206 0.470433
vt 0.214540 0.463665
vt 0.223094 0.441850
vt 0.222350 0.450582
vt 0.222945 0.446338
vt 0.458393 0.094464
vt 0.463442 0.102440
vt 0.456745 0.101003
vt 0.219967 0.463915
vt 0.459274 0.089437
vt 0.466321 0.092642
vt 0.219452 0.458890
vt 0.222081 0.456241
vt 0.467645 0.087260
vt 0.472140 0.079147
vt 0.474247 0.073695
vt 0.227988 0.443361
vt 0.676451 0.272609
vt 0.672463 0.276981
vt 0.672463 0.269555
vt 0.227050 0.456862
vt 0.226373 0.462227
vt 0.226476 0.451674
vt 0.228521 0.448802
vt 0.253274 0.403315
vt 0.842087 0.631547
vt 0.948489 0.794414
vt 0.452130 0.559961
vt 0.456202 0.559930
vt 0.456698 0.568907
vt 0.870899 0.587112
vt 0.456698 0.406576
vt 0.239511 0.017065
vt 0.236466 0.016746
vt 0.655216 0.237230
vt 0.297083 0.406415
vt 0.300641 0.408167
vt 0.327291 0.403370
vt 0.818990 0.631621
vt 0.448805 0.475118
vt 0.448805 0.481572
vt 0.445271 0.478349
vt 0.368256 0.809408
vt 0.363025 0.808293
vt 0.359724 0.809762
vt 0.325653 0.423591
vt 0.257856 0.408341
vt 0.746841 0.237393
vt 0.242649 0.407365
vt 0.368321 0.406415
vt 0.677823 0.295877
vt 0.672469 0.290827
vt 0.677823 0.290465
vt 0.360038 0.406449
vt 0.344125 0.407177
vt 0.997079 0.809314
vt 0.454094 0.680972
vt 0.452471 0.685959
vt 0.449141 0.680972
vt 0.653034 0.302164
vt 0.661759 0.290466
vt 0.590973 0.810029
vt 0.847245 0.554241
vt 0.600170 0.810429
vt 0.997418 0.552036
vt 0.989689 0.406576
vt 0.998477 0.406609
vt 0.684836 0.151537
vt 0.449131 0.456231
vt 0.449131 0.462722
vt 0.445547 0.459273
vt 0.647157 0.809415
vt 0.641675 0.808295
vt 0.638861 0.809891
vt 0.647206 0.794849
vt 0.641403 0.458620
vt 0.708507 0.151330
vt 0.749465 0.629192
vt 0.650252 0.334171
vt 0.714003 0.620612
vt 0.018893 0.443208
vt 0.822210 0.216445
vt 0.760237 0.236705
vt 0.754939 0.237876
vt 0.768436 0.236689
vt 0.763158 0.237903
vt 0.776633 0.236613
vt 0.771356 0.237854
vt 0.658566 0.328697
vt 0.663507 0.327526
vt 0.661519 0.334621
vt 0.658566 0.323275
vt 0.671889 0.338485
vt 0.388519 0.049659
vt 0.795075 0.226294
vt 0.669355 0.351489
vt 0.677695 0.304392
vt 0.672469 0.304392
vt 0.677600 0.298923
vt 0.029994 0.660878
vt 0.441858 0.287711
vt 0.411137 0.072185
vt 0.024540 0.457362
vt 0.425931 0.087607
vt 0.036960 0.428476
vt 0.439766 0.108579
vt 0.437862 0.102111
vt 0.837528 0.208807
vt 0.844901 0.201416
vt 0.046016 0.442894
vt 0.846644 0.194400
vt 0.708612 0.529505
vt 0.682650 0.551443
vt 0.456698 0.576380
vt 0.448842 0.598675
vt 0.448842 0.571953
vt 0.445265 0.562431
vt 0.449084 0.560031
vt 0.449084 0.568907
vt 0.657026 0.554608
vt 0.782015 0.857927
vt 0.447560 0.626165
vt 0.675786 0.543370
vt 0.669544 0.396967
vt 0.674411 0.403434
vt 0.669544 0.403531
vt 0.789442 0.860996
vt 0.683371 0.869091
vt 0.671457 0.537577
vt 0.772546 0.779353
vt 0.764892 0.838494
vt 0.811211 0.813590
vt 0.810703 0.755511
vt 0.690580 0.685835
vt 0.864104 0.176628
vt 0.680898 0.669779
vt 0.682281 0.675013
vt 0.450057 0.669389
vt 0.789442 0.643500
vt 0.812143 0.643500
vt 0.085158 0.403156
vt 0.582205 0.803845
vt 0.577696 0.407092
vt 0.674934 0.347634
vt 0.679919 0.348374
vt 0.674934 0.352954
vt 0.819136 0.498424
vt 0.686974 0.365926
vt 0.682216 0.370942
vt 0.682187 0.365926
vt 0.442039 0.809749
vt 0.436848 0.808471
vt 0.433550 0.809848
vt 0.521399 0.406576
vt 0.442213 0.406415
vt 0.454189 0.677927
vt 0.449141 0.672434
vt 0.454617 0.672434
vt 0.433932 0.406544
vt 0.418205 0.406943
vt 0.870166 0.449183
vt 0.928184 0.809343
vt 0.685864 0.323743
vt 0.685864 0.328939
vt 0.681133 0.325256
vt 0.936740 0.809346
vt 0.461338 0.809493
vt 0.679738 0.241106
vt 0.675490 0.245936
vt 0.674968 0.241106
vt 0.470496 0.809565
vt 0.872276 0.407095
vt 0.459744 0.795462
vt 0.657110 0.053128
vt 0.929183 0.406663
vt 0.938036 0.406789
vt 0.636438 0.001898
vt 0.628884 0.001824
vt 0.605447 0.003036
vt 0.689160 0.389557
vt 0.684563 0.393845
vt 0.684563 0.388962
vt 0.517860 0.809510
vt 0.509493 0.809570
vt 0.780865 0.407124
vt 0.445445 0.506611
vt 0.445445 0.501630
vt 0.448945 0.504225
vt 0.516923 0.489263
vt 0.378722 0.489177
vt 0.597503 0.003104
vt 0.561706 0.001523
vt 0.689719 0.396967
vt 0.688572 0.401691
vt 0.685109 0.396967
vt 0.698635 0.513232
vt 0.756934 0.831082
vt 0.704212 0.870471
vt 0.756613 0.823121
vt 0.140095 0.654590
vt 0.132705 0.654322
vt 0.450725 0.614640
vt 0.456698 0.601721
vt 0.456698 0.623120
vt 0.792488 0.645766
vt 0.734827 0.643500
vt 0.740863 0.645151
vt 0.761846 0.665981
vt 0.858180 0.102891
vt 0.853095 0.104043
vt 0.861342 0.104472
vt 0.839107 0.100815
vt 0.001523 0.616505
vt 0.664804 0.303161
vt 0.773165 0.406703
vt 0.001523 0.601886
vt 0.765147 0.406576
vt 0.664804 0.290465
vt 0.456698 0.644215
vt 0.664667 0.271270
vt 0.445445 0.496297
vt 0.449068 0.493655
vt 0.449068 0.498584
vt 0.651764 0.264802
vt 0.658575 0.351211
vt 0.670017 0.369489
vt 0.670605 0.310392
vt 0.674489 0.307921
vt 0.674489 0.315699
vt 0.482188 0.340494
vt 0.651863 0.246077
vt 0.655900 0.271245
vt 0.739571 0.410633
vt 0.658575 0.338485
vt 0.671169 0.356039
vt 0.668578 0.250387
vt 0.682572 0.341521
vt 0.686418 0.338485
vt 0.686418 0.344517
vt 0.657178 0.241106
vt 0.657861 0.267847
vt 0.230585 0.440668
vt 0.234712 0.435984
vt 0.235230 0.440968
vt 0.003952 0.635600
vt 0.001523 0.619551
vt 0.001523 0.652938
vt 0.650252 0.371494
vt 0.667559 0.315670
vt 0.664753 0.320230
vt 0.662070 0.313215
vt 0.667559 0.307921
vt 0.236466 0.433201
vt 0.001523 0.649893
vt 0.001523 0.632555
vt 0.001523 0.665786
vt 0.658561 0.374230
vt 0.655607 0.373803
vt 0.650927 0.375591
vt 0.669544 0.381326
vt 0.673410 0.378637
vt 0.673410 0.386559
vt 0.215649 0.688944
vt 0.679522 0.280027
vt 0.683943 0.280864
vt 0.679522 0.285881
vt 0.670542 0.334621
vt 0.666553 0.329026
vt 0.670542 0.323743
vt 0.827013 0.022510
vt 0.463107 0.086729
vt 0.468273 0.082072
s 1
usemtl left_finger4_lower_mat
f 4/1/1 1/2/2 2/3/3
f 7/4/4 3/5/5 4/1/1
f 8/6/6 4/1/1 5/7/7
f 8/6/6 75/8/8 10/9/9
f 7/4/4 8/6/6 11/10/10
f 13/11/11 1/12/12 12/13/13
f 14/14/14 2/15/15 13/11/11
f 15/16/16 1/17/17 3/18/18
f 6/19/19 15/16/16 3/18/18
f 18/20/20 6/19/19 9/21/21
f 21/22/22 12/13/13 20/23/23
f 22/24/24 13/11/11 21/22/22
f 15/16/16 20/25/25 12/26/26
f 16/27/27 23/28/28 15/16/16
f 25/29/29 16/27/27 17/30/30
f 26/31/31 17/30/30 18/20/32
f 29/32/33 27/33/34 26/34/31
f 30/35/35 28/36/36 27/33/34
f 32/37/37 18/20/32 19/38/38
f 32/39/39 30/35/35 29/32/33
f 33/40/40 31/41/41 30/35/35
f 36/42/42 20/25/25 23/28/28
f 37/43/43 23/28/28 24/44/44
f 38/45/45 24/44/44 25/29/29
f 41/46/46 25/29/29 26/31/31
f 41/47/46 39/48/47 38/49/45
f 27/50/34 41/51/46 26/52/31
f 27/33/34 40/53/48 39/48/47
f 21/22/22 20/23/23 43/54/49
f 44/55/50 20/25/25 36/42/42
f 45/56/51 36/42/42 37/43/43
f 48/57/52 37/43/43 38/45/45
f 48/58/52 46/59/53 45/60/51
f 39/61/47 48/62/52 38/63/45
f 49/64/54 47/65/55 46/66/53
f 40/67/48 49/64/54 39/61/47
f 52/68/56 44/55/57 45/56/51
f 46/66/53 52/69/56 45/70/51
f 47/65/55 53/71/58 46/66/53
f 52/68/56 56/72/59 55/73/60
f 58/74/61 53/71/58 54/75/62
f 59/76/63 51/77/64 55/73/65
f 56/72/59 59/76/66 55/73/60
f 61/78/67 56/79/59 57/80/68
f 58/74/61 61/78/67 57/80/68
f 5/7/7 63/81/69 64/82/70
f 65/83/71 2/15/15 14/14/14
f 66/84/72 65/83/71 22/24/24
f 62/85/73 58/74/61 69/86/74
f 8/6/6 64/82/70 70/87/75
f 71/88/76 42/89/77 28/36/36
f 68/90/78 73/91/79 47/65/55
f 68/90/78 40/67/48 72/92/80
f 54/75/62 47/65/55 73/91/79
f 10/9/9 75/8/8 84/93/81
f 76/94/82 63/95/69 65/83/71
f 77/96/83 71/88/76 31/41/41
f 67/97/84 77/96/83 31/41/41
f 78/98/85 72/99/80 42/89/77
f 68/90/78 79/100/86 73/91/79
f 80/101/87 73/91/79 79/100/86
f 97/102/88 35/103/89 919/104/90
f 69/86/74 54/75/62 80/101/87
f 74/105/91 69/86/74 81/106/92
f 64/82/70 63/81/69 83/107/93
f 75/8/8 70/87/75 84/93/81
f 85/108/94 76/94/82 66/84/72
f 87/109/95 72/92/80 86/110/96
f 82/111/97 81/106/92 88/112/98
f 83/107/93 63/81/69 90/113/99
f 70/87/75 90/113/99 91/114/100
f 94/115/101 71/88/76 77/96/83
f 96/116/102 77/96/83 95/117/103
f 97/102/88 85/108/94 35/103/89
f 93/118/104 78/98/85 71/88/76
f 98/119/105 86/120/96 78/98/85
f 87/109/95 99/121/106 79/100/86
f 100/122/107 79/100/86 99/121/106
f 88/112/98 80/101/87 100/122/107
f 90/113/99 102/123/108 104/124/109
f 104/124/109 103/125/110 105/126/111
f 91/114/100 104/124/109 106/127/112
f 106/127/112 105/126/111 107/128/113
f 109/129/114 106/127/112 107/128/113
f 110/130/115 108/131/116 106/127/112
f 111/132/117 106/127/112 109/129/114
f 102/133/108 76/94/82 113/134/118
f 103/135/110 113/134/118 114/136/119
f 115/137/120 103/138/110 114/139/119
f 107/140/113 115/137/120 116/141/121
f 117/142/122 107/140/113 116/141/121
f 118/143/123 109/144/114 117/142/122
f 119/145/124 109/144/114 118/143/123
f 122/146/125 111/147/126 119/145/124
f 113/134/118 85/108/94 123/148/127
f 114/136/119 123/148/127 124/149/128
f 115/137/120 124/150/128 125/151/129
f 126/152/130 115/137/120 125/151/129
f 117/142/122 126/152/130 128/153/131
f 131/154/132 127/155/133 130/156/134
f 131/157/132 117/142/122 128/153/131
f 132/158/135 93/118/104 94/115/101
f 133/159/136 129/160/137 132/158/135
f 133/159/136 131/154/132 130/156/134
f 134/161/138 118/143/139 131/157/132
f 135/162/140 94/115/101 96/116/102
f 120/163/141 135/162/140 92/164/142
f 133/159/136 132/158/135 135/162/140
f 133/159/136 120/163/141 121/165/143
f 134/166/138 121/165/143 122/167/144
f 137/168/145 124/150/128 136/169/146
f 138/170/147 125/151/129 137/168/148
f 140/171/149 127/172/133 128/153/131
f 140/171/149 126/152/130 138/170/147
f 129/160/137 98/119/105 93/118/104
f 141/173/150 86/120/96 98/119/105
f 141/173/150 129/160/137 130/156/134
f 141/173/150 127/155/133 139/174/151
f 144/175/152 137/168/148 142/176/153
f 145/177/154 99/121/106 87/109/95
f 145/177/154 86/110/96 139/178/151
f 146/179/155 143/180/156 145/177/154
f 146/179/155 139/178/151 140/181/149
f 146/182/155 138/170/147 144/175/152
f 148/183/157 99/121/106 143/180/156
f 149/184/158 143/180/156 144/185/152
f 149/186/159 142/176/153 147/187/160
f 150/188/161 100/122/107 148/183/157
f 151/189/162 148/183/157 149/184/158
f 97/102/88 919/104/90 152/190/163
f 147/187/164 136/169/146 153/191/165
f 150/188/161 101/192/166 88/112/98
f 151/189/162 154/193/167 150/188/161
f 151/194/162 153/191/168 155/195/169
f 156/196/170 9/197/21 7/4/4
f 158/198/171 156/196/170 159/199/172
f 160/200/173 159/199/172 161/201/174
f 161/201/174 11/10/10 162/202/175
f 162/202/175 10/9/9 163/203/176
f 157/204/177 165/205/178 9/21/21
f 168/206/179 157/204/177 158/207/180
f 160/208/173 168/206/179 158/207/180
f 170/209/181 160/210/173 161/211/174
f 172/212/182 32/39/39 171/213/183
f 173/214/184 33/40/40 172/212/182
f 164/215/185 171/216/186 19/38/38
f 175/217/187 171/213/183 174/218/188
f 176/219/189 172/212/182 175/217/187
f 178/220/190 174/218/188 177/221/191
f 179/222/192 175/217/187 178/220/190
f 165/205/178 177/223/191 164/215/185
f 166/224/193 180/225/194 165/205/178
f 167/226/195 181/227/196 166/224/193
f 183/228/197 167/226/195 168/206/179
f 184/229/198 168/206/179 169/230/199
f 185/231/200 169/230/199 170/232/181
f 179/222/192 178/220/190 187/233/201
f 180/225/194 186/234/202 177/223/191
f 189/235/203 186/236/202 188/237/204
f 190/238/205 178/220/190 189/235/203
f 181/227/196 188/239/204 180/225/194
f 182/240/206 191/241/207 181/227/196
f 183/228/197 192/242/208 182/240/206
f 190/243/205 189/244/203 195/245/209
f 191/241/207 194/246/210 188/239/204
f 197/247/211 194/248/210 196/249/212
f 198/250/213 189/244/203 197/251/211
f 192/242/208 196/252/212 191/241/207
f 193/253/214 199/254/215 192/242/208
f 197/251/211 200/255/216 201/256/217
f 198/250/213 201/256/217 202/257/218
f 199/254/215 200/258/219 196/252/212
f 193/253/214 203/259/220 199/254/215
f 184/229/198 204/260/221 193/253/214
f 185/231/200 205/261/222 184/229/198
f 202/257/218 201/256/217 207/262/223
f 203/259/220 206/263/224 200/258/219
f 209/264/225 206/265/224 208/266/226
f 210/267/227 201/256/217 209/264/225
f 209/264/225 211/268/228 212/269/229
f 210/267/227 212/269/229 213/270/230
f 204/260/221 211/271/231 208/272/226
f 205/261/222 214/273/232 204/260/221
f 173/214/184 67/97/84 34/274/233
f 190/243/205 195/245/209 216/275/234
f 217/276/235 195/245/209 198/250/213
f 218/277/236 198/250/213 202/257/218
f 219/278/237 218/277/236 207/262/223
f 220/279/238 207/262/223 210/267/227
f 221/280/239 210/267/227 213/270/230
f 223/281/240 173/214/184 176/219/189
f 179/222/192 223/281/240 176/219/189
f 179/222/192 187/233/201 225/282/241
f 190/238/205 225/282/241 187/233/201
f 226/283/242 217/276/235 218/277/236
f 227/284/243 218/277/236 219/278/237
f 230/285/244 190/243/205 216/275/234
f 231/286/245 230/285/244 217/276/235
f 232/287/246 227/284/243 220/279/238
f 233/288/247 220/279/238 221/280/239
f 234/289/248 228/290/249 223/281/240
f 224/291/250 234/289/248 223/281/240
f 235/292/251 231/286/245 226/283/242
f 236/293/252 226/283/242 227/284/243
f 228/290/249 95/117/103 67/97/84
f 238/294/253 92/164/142 95/117/103
f 239/295/254 240/296/255 241/297/256
f 234/289/248 240/296/255 238/294/253
f 242/298/257 241/297/256 240/296/255
f 244/299/258 225/282/241 229/300/259
f 245/301/260 244/299/258 229/300/259
f 246/302/261 245/303/260 229/304/259
f 247/305/262 231/286/245 235/292/251
f 248/306/263 235/292/251 236/293/252
f 249/307/264 236/293/252 232/287/246
f 233/288/247 237/308/265 251/309/266
f 251/309/266 249/307/264 233/288/247
f 252/310/267 112/311/268 108/131/116
f 253/312/269 110/130/115 111/132/117
f 110/130/115 253/312/269 254/313/270
f 252/310/267 110/130/115 255/314/271
f 256/315/272 255/314/271 254/313/270
f 257/316/273 112/311/268 252/310/267
f 258/317/274 252/310/267 255/314/271
f 259/318/275 255/314/271 256/315/272
f 260/319/276 222/320/277 112/311/268
f 261/321/278 112/311/268 257/316/273
f 262/322/279 257/316/273 258/317/274
f 263/323/280 258/317/274 259/318/275
f 239/295/254 120/163/141 92/164/142
f 264/324/281 120/163/141 239/295/254
f 265/325/282 121/165/143 264/324/281
f 265/326/283 111/147/126 122/146/125
f 241/297/256 264/324/281 239/295/254
f 266/327/284 265/325/282 264/324/281
f 253/328/269 265/326/283 267/329/285
f 253/328/269 267/329/285 268/330/286
f 254/331/270 268/330/286 269/332/287
f 254/331/270 269/332/287 270/333/288
f 271/334/289 256/335/272 270/333/288
f 263/336/280 272/337/290 262/338/279
f 263/339/280 271/334/289 273/340/291
f 266/327/284 241/297/256 274/341/292
f 243/342/293 274/341/292 242/298/257
f 276/343/294 266/327/284 274/341/292
f 277/344/295 275/345/296 266/327/284
f 268/330/297 275/346/296 278/347/298
f 244/299/258 277/344/295 276/343/294
f 279/348/299 278/349/300 277/344/295
f 269/332/287 278/347/298 280/350/301
f 281/351/302 269/332/287 280/350/301
f 282/352/303 270/333/288 281/351/302
f 283/353/304 270/333/288 282/352/303
f 273/340/291 284/354/305 272/355/290
f 285/356/306 271/334/289 283/353/304
f 279/348/299 244/299/258 245/301/260
f 246/302/261 279/357/299 245/303/260
f 287/358/307 286/359/308 279/357/299
f 281/351/302 286/360/308 288/361/309
f 289/362/310 281/351/302 288/361/309
f 283/353/304 289/362/310 290/363/311
f 246/302/261 231/286/245 291/364/312
f 292/365/313 246/302/261 291/364/312
f 293/366/314 287/358/307 292/365/313
f 289/362/310 293/367/314 294/368/315
f 295/369/316 284/354/305 285/356/306
f 285/356/306 290/363/311 295/369/316
f 296/370/317 291/364/312 247/305/262
f 297/371/318 292/365/313 296/370/317
f 248/306/263 296/370/317 247/305/262
f 294/368/315 297/372/318 298/373/319
f 299/374/320 294/368/315 298/373/319
f 300/375/321 248/306/263 249/307/264
f 301/376/322 248/306/263 300/375/321
f 302/377/323 296/370/317 301/376/322
f 299/374/320 302/378/324 303/379/325
f 251/309/266 304/380/326 306/381/327
f 306/381/327 300/375/321 251/309/266
f 306/381/327 305/382/328 307/383/329
f 302/377/323 306/381/327 307/383/329
f 303/379/325 302/378/324 307/384/329
f 295/369/316 308/385/330 284/354/305
f 43/54/49 51/386/331 310/387/332
f 59/76/63 310/388/333 51/77/64
f 312/389/334 60/390/335 313/391/336
f 314/392/337 61/78/67 62/85/73
f 315/393/338 310/388/333 311/394/339
f 312/395/334 315/393/340 311/394/341
f 316/396/342 312/389/334 313/391/336
f 314/392/337 316/396/342 313/391/336
f 43/54/49 310/387/332 318/397/343
f 315/393/338 318/398/343 310/388/333
f 312/395/334 319/399/344 315/393/340
f 321/400/345 312/389/334 316/396/342
f 322/401/346 316/396/342 317/402/347
f 321/400/345 322/401/346 324/403/348
f 320/404/349 325/405/350 319/399/344
f 323/406/351 326/407/352 320/404/349
f 328/408/353 323/409/351 321/410/345
f 329/411/354 321/412/345 324/413/348
f 330/414/355 328/415/353 331/416/356
f 331/416/356 329/411/354 332/417/357
f 326/407/352 335/418/358 325/405/350
f 327/419/359 336/420/360 326/407/352
f 330/421/355 337/422/361 327/419/359
f 339/423/362 331/416/356 340/424/363
f 340/424/363 332/417/357 341/425/364
f 342/426/365 340/424/363 343/427/366
f 344/428/367 340/424/363 341/425/364
f 337/422/361 345/429/368 336/420/360
f 346/430/369 337/422/361 338/431/370
f 339/432/362 346/430/369 338/431/370
f 342/433/365 346/430/369 339/432/362
f 43/54/49 318/397/343 348/434/371
f 349/435/372 345/429/368 346/430/369
f 347/436/373 350/437/374 346/430/369
f 22/24/24 348/434/371 351/438/375
f 353/439/376 345/429/368 349/435/372
f 350/437/374 353/439/376 349/435/372
f 355/440/377 317/402/347 354/441/378
f 324/403/348 322/401/346 355/440/377
f 333/442/379 356/443/380 357/444/381
f 334/445/382 357/444/381 358/446/383
f 358/446/383 341/425/364 334/445/382
f 74/105/91 359/447/384 62/85/73
f 359/447/384 354/441/378 314/392/337
f 356/443/380 324/413/348 360/448/385
f 82/111/97 359/447/384 74/105/91
f 361/449/386 354/441/378 359/447/384
f 360/450/385 355/440/377 362/451/387
f 357/444/381 356/443/380 364/452/388
f 358/446/383 364/452/388 365/453/389
f 365/453/389 366/454/390 358/446/383
f 344/428/367 341/425/364 367/455/391
f 362/451/387 354/441/378 368/456/392
f 363/457/393 360/448/385 369/458/394
f 365/453/389 364/452/388 370/459/395
f 371/460/396 82/111/97 101/192/166
f 368/456/392 361/449/386 371/460/396
f 373/461/397 368/456/392 372/462/398
f 374/463/399 362/451/387 373/461/397
f 363/457/393 369/458/394 375/464/400
f 375/464/400 364/452/388 363/457/393
f 370/459/395 376/465/401 377/466/402
f 366/454/390 370/459/395 378/467/403
f 378/467/403 377/466/402 379/468/404
f 378/467/403 380/469/405 366/454/390
f 380/469/405 378/467/403 379/468/404
f 154/193/167 371/460/396 101/192/166
f 155/470/169 381/471/406 154/193/167
f 155/195/169 153/191/168 382/472/407
f 136/473/146 123/148/127 383/474/408
f 381/471/406 372/462/398 371/460/396
f 382/475/407 384/476/409 381/471/406
f 382/472/407 153/191/168 385/477/410
f 386/478/411 372/462/398 384/476/409
f 387/479/412 384/480/409 385/481/410
f 153/191/165 383/482/408 388/483/413
f 385/477/410 388/483/413 389/484/414
f 386/478/411 374/463/399 373/461/397
f 387/485/412 390/486/415 386/478/411
f 387/487/412 389/484/414 391/488/416
f 375/464/400 374/489/399 392/490/417
f 393/491/418 374/489/399 390/492/415
f 394/493/419 390/492/415 391/494/416
f 388/483/413 383/482/408 395/495/420
f 389/484/414 395/495/420 396/496/421
f 391/488/416 396/496/421 397/497/422
f 392/490/417 398/498/423 375/464/400
f 393/491/418 398/498/423 392/490/417
f 394/493/419 399/499/424 393/491/418
f 394/500/419 397/497/422 400/501/425
f 377/466/402 376/465/401 398/498/423
f 402/502/426 398/498/423 399/499/424
f 403/503/427 399/499/424 400/504/425
f 379/468/404 377/466/402 401/505/428
f 405/506/429 401/505/428 402/502/426
f 406/507/430 402/502/426 403/503/427
f 396/496/421 395/495/420 407/508/431
f 397/497/422 407/508/431 408/509/432
f 400/501/425 408/509/432 409/510/433
f 406/511/430 409/510/433 410/512/434
f 408/509/432 407/508/431 411/513/435
f 409/510/433 411/513/435 412/514/436
f 383/474/408 123/148/127 414/515/437
f 411/513/435 407/508/431 415/516/438
f 418/517/439 211/268/228 420/518/440
f 418/517/439 419/519/441 421/520/442
f 421/520/442 212/269/229 418/517/439
f 422/521/443 214/273/232 205/261/222
f 424/522/444 417/523/445 423/524/446
f 425/525/447 418/517/439 424/522/444
f 426/526/448 417/527/445 420/528/440
f 214/273/232 426/526/448 420/528/440
f 429/529/449 423/524/446 431/530/450
f 432/531/451 429/529/449 430/532/452
f 432/531/451 424/522/444 429/529/449
f 433/533/453 423/534/446 426/526/448
f 435/535/454 428/536/455 437/537/456
f 438/538/457 435/539/454 436/540/458
f 438/541/457 429/529/449 435/535/454
f 439/542/459 428/543/455 431/544/450
f 440/545/460 431/544/450 433/533/453
f 441/546/461 433/533/453 427/547/462
f 442/548/463 342/426/365 343/427/366
f 443/549/464 343/427/366 344/428/367
f 445/550/465 342/426/365 442/548/463
f 446/551/466 442/548/463 443/549/464
f 448/552/467 444/553/468 445/550/465
f 448/554/467 434/555/469 447/556/470
f 449/557/471 445/550/465 446/551/466
f 449/557/471 435/539/454 448/552/467
f 450/558/472 434/559/469 437/560/456
f 451/561/473 437/560/456 439/542/459
f 452/562/474 439/542/459 440/545/460
f 347/436/373 342/433/365 444/563/468
f 453/564/475 444/563/468 447/565/470
f 450/558/472 453/564/475 447/565/470
f 454/566/476 450/558/472 451/561/473
f 350/437/374 347/436/373 453/564/475
f 454/566/476 350/437/374 453/564/475
f 454/566/476 455/567/477 350/437/374
f 441/546/461 456/568/478 452/562/474
f 215/569/479 457/570/480 422/521/443
f 461/571/481 436/540/458 459/572/482
f 430/532/452 438/541/457 461/573/481
f 461/571/481 459/572/482 460/574/483
f 443/549/464 344/428/367 462/575/484
f 446/551/466 462/575/484 463/576/485
f 449/557/471 446/551/466 463/576/485
f 449/557/471 458/577/486 459/572/482
f 421/520/442 419/519/441 237/308/265
f 237/308/265 221/280/239 421/520/442
f 432/531/451 430/532/452 464/578/487
f 464/578/487 425/525/447 432/531/451
f 466/579/488 465/580/489 425/525/447
f 460/574/483 458/577/486 468/581/490
f 467/582/491 461/571/481 470/583/492
f 470/583/492 460/574/483 469/584/493
f 462/575/484 344/428/367 367/455/391
f 458/577/486 463/576/485 474/585/494
f 474/585/494 462/575/484 471/586/495
f 472/587/496 237/308/265 465/580/489
f 473/588/497 465/580/489 466/579/488
f 473/588/497 464/578/487 477/589/498
f 477/589/498 467/590/491 476/591/499
f 480/592/500 474/585/494 478/593/501
f 481/594/502 478/593/501 479/595/503
f 469/584/493 468/581/490 480/592/500
f 475/596/504 469/584/493 482/597/505
f 475/596/504 467/582/491 470/583/492
f 471/586/495 367/455/391 380/469/405
f 474/585/494 471/586/495 483/598/506
f 479/595/503 380/469/405 379/468/404
f 305/382/328 304/380/326 484/599/507
f 485/600/508 305/601/328 484/602/507
f 486/603/509 307/384/329 485/600/508
f 309/604/510 303/379/325 486/603/509
f 472/587/496 473/588/497 490/605/511
f 490/605/511 488/606/512 491/607/513
f 304/380/326 490/605/511 491/607/513
f 491/607/513 489/608/514 492/609/515
f 484/599/507 491/607/513 492/609/515
f 493/610/516 484/602/507 492/611/515
f 486/603/509 485/600/508 493/610/516
f 496/612/517 487/613/518 476/591/499
f 496/614/517 475/596/504 494/615/519
f 496/614/517 494/615/519 497/616/520
f 488/606/512 496/612/517 497/617/520
f 497/616/520 495/618/521 498/619/522
f 489/608/514 497/617/520 498/620/522
f 477/589/498 487/613/518 490/605/511
f 499/621/523 489/622/514 498/623/522
f 500/624/524 492/611/515 499/621/523
f 501/625/525 493/610/516 500/624/524
f 309/604/510 486/603/509 501/625/525
f 502/626/526 379/468/404 404/627/527
f 503/628/528 404/627/527 405/506/429
f 504/629/529 405/506/429 406/507/430
f 481/594/502 479/595/503 505/630/530
f 505/630/530 503/628/528 506/631/531
f 506/631/531 504/629/529 507/632/532
f 482/597/505 481/594/502 505/630/530
f 494/615/519 482/597/505 508/633/533
f 508/633/533 506/631/531 509/634/534
f 494/615/519 508/633/533 509/634/534
f 509/634/534 507/632/532 510/635/535
f 495/618/521 509/634/534 510/635/535
f 511/636/536 495/637/521 510/638/535
f 512/639/537 498/623/522 511/636/536
f 513/640/538 499/621/523 512/639/537
f 501/625/525 500/624/524 513/640/538
f 514/641/539 504/642/529 410/512/434
f 515/643/540 510/638/535 514/641/539
f 516/644/541 511/636/536 515/643/540
f 517/645/542 512/639/537 516/644/541
f 501/625/525 513/640/538 517/645/542
f 518/646/543 410/512/434 412/514/436
f 520/647/544 515/643/540 518/646/543
f 517/645/542 516/644/541 520/647/544
f 412/514/436 413/648/545 520/647/544
f 522/649/546 162/202/175 523/650/547
f 523/650/547 163/203/176 524/651/548
f 524/651/548 10/9/9 525/652/549
f 526/653/550 524/651/548 527/654/551
f 527/654/551 525/652/549 528/655/552
f 529/656/553 528/655/552 530/657/554
f 522/658/555 170/659/181 161/660/174
f 532/661/556 522/662/555 523/663/557
f 526/664/558 532/665/556 523/666/557
f 533/667/559 526/668/558 527/669/560
f 529/670/561 533/671/559 527/672/560
f 534/673/562 529/674/561 530/675/554
f 531/676/563 534/677/562 530/678/554
f 536/679/564 170/680/181 532/661/556
f 533/681/559 536/682/564 532/665/556
f 534/673/562 537/683/565 533/684/559
f 537/683/565 534/673/562 535/685/566
f 536/682/564 215/569/479 185/231/200
f 528/655/552 525/652/549 540/686/567
f 530/657/554 540/686/567 541/687/568
f 541/687/568 540/686/567 542/688/569
f 531/689/563 541/687/568 543/690/570
f 543/690/570 542/688/569 544/691/571
f 544/691/571 542/688/569 545/692/572
f 545/692/572 542/688/569 546/693/573
f 543/694/570 535/685/566 531/695/563
f 544/691/571 547/696/574 543/690/570
f 545/692/572 548/697/575 544/691/571
f 546/693/573 549/698/576 545/692/572
f 551/699/577 548/697/575 552/700/578
f 552/700/578 549/698/576 553/701/579
f 553/701/579 550/702/580 554/703/581
f 554/703/581 550/702/580 555/704/582
f 556/705/583 553/701/579 557/706/584
f 557/706/584 554/703/581 558/707/585
f 558/707/585 555/704/582 559/708/586
f 559/708/586 555/704/582 560/709/587
f 561/710/588 558/707/585 562/711/589
f 562/711/589 559/708/586 563/712/590
f 563/712/590 560/709/587 564/713/591
f 564/713/591 565/714/592 566/715/593
f 567/716/594 535/685/566 547/717/574
f 551/718/577 567/719/594 547/720/574
f 568/721/595 551/722/577 552/723/578
f 556/724/583 568/725/595 552/726/578
f 569/727/596 556/728/583 557/729/584
f 561/730/588 569/731/596 557/732/584
f 562/733/589 570/734/597 561/735/588
f 572/736/598 562/711/589 563/712/590
f 573/737/599 563/712/590 564/713/591
f 571/738/600 572/739/598 574/740/601
f 575/741/602 564/713/591 566/715/593
f 538/742/603 537/683/565 567/716/594
f 538/742/603 567/716/594 568/721/595
f 569/743/596 538/744/603 568/745/595
f 570/734/597 576/746/604 569/747/596
f 577/748/605 570/734/597 571/738/600
f 578/749/606 571/738/600 574/740/601
f 576/750/604 539/751/607 538/744/603
f 539/752/607 576/746/604 577/748/605
f 579/753/608 577/748/605 578/749/606
f 579/754/608 723/755/609 539/751/607
f 540/686/567 525/652/549 581/756/610
f 546/693/573 542/688/569 582/757/611
f 584/758/612 540/686/567 583/759/613
f 560/709/587 585/760/614 586/761/615
f 565/714/592 560/709/587 587/762/616
f 566/715/593 587/762/616 588/763/617
f 588/763/617 580/764/618 566/715/593
f 581/756/610 10/9/9 222/320/277
f 550/702/580 582/757/611 590/765/619
f 590/765/619 582/757/611 591/766/620
f 590/765/619 585/760/614 550/702/580
f 585/760/614 590/765/619 591/766/620
f 586/761/615 585/760/614 593/767/621
f 593/767/621 585/760/614 594/768/622
f 592/769/623 585/760/614 591/766/620
f 595/770/624 586/761/615 593/767/621
f 596/771/625 593/767/621 594/768/622
f 598/772/626 587/762/616 595/770/624
f 597/773/627 600/774/628 588/763/617
f 598/772/626 601/775/629 597/773/627
f 603/776/630 598/777/626 596/778/625
f 596/778/625 599/779/631 603/776/630
f 603/776/630 604/780/632 602/781/633
f 603/776/630 638/782/634 604/780/632
f 607/783/635 222/320/277 260/319/276
f 608/784/636 260/319/276 261/321/278
f 609/785/637 261/321/278 262/322/279
f 611/786/638 581/756/610 606/787/639
f 612/788/640 606/787/639 607/783/635
f 613/789/641 607/783/635 608/784/636
f 615/790/642 583/759/613 610/791/643
f 616/792/644 610/791/643 611/786/638
f 617/793/645 611/786/638 612/788/640
f 618/794/646 584/758/612 614/795/647
f 619/796/648 614/795/647 615/790/642
f 620/797/649 615/790/642 616/792/644
f 621/798/650 582/757/611 618/794/646
f 622/799/651 618/794/646 619/796/648
f 592/769/623 591/766/620 623/800/652
f 609/801/637 624/802/653 608/803/636
f 613/804/641 625/805/654 612/806/640
f 617/807/645 626/808/655 616/809/644
f 620/810/649 627/811/656 619/812/648
f 622/813/651 628/814/657 621/815/650
f 622/816/651 627/817/656 629/818/658
f 630/819/659 592/769/623 623/800/652
f 631/820/660 623/821/652 621/815/650
f 621/815/650 628/814/657 631/820/660
f 632/822/661 594/768/622 630/819/659
f 272/355/290 633/823/662 624/824/653
f 624/824/653 634/825/663 625/826/654
f 625/826/654 635/827/664 626/828/655
f 626/829/655 636/830/665 627/831/656
f 629/832/658 636/833/665 628/814/657
f 631/820/660 637/834/666 630/835/659
f 632/836/661 599/779/631 596/778/625
f 633/823/662 635/827/664 634/825/663
f 636/833/665 638/782/634 637/834/666
f 637/834/666 638/782/634 599/779/631
f 635/827/664 633/823/662 605/837/667
f 635/827/664 605/837/667 638/838/634
f 633/823/662 284/354/305 308/385/330
f 574/839/601 573/737/599 639/840/668
f 639/840/668 575/741/602 640/841/669
f 640/841/669 575/741/602 641/842/670
f 639/843/668 642/844/671 574/740/601
f 644/845/672 639/840/668 640/841/669
f 641/842/670 644/845/672 640/841/669
f 643/846/673 644/847/672 646/848/674
f 646/849/674 645/850/675 647/851/676
f 642/844/671 579/753/608 578/749/606
f 579/753/608 642/844/671 643/846/673
f 648/852/677 643/846/673 646/848/674
f 647/853/676 649/854/678 646/848/674
f 648/852/677 723/855/609 579/753/608
f 649/854/678 651/856/679 648/852/677
f 651/856/679 649/854/678 650/857/680
f 652/858/681 653/859/682 651/856/679
f 653/859/682 675/860/683 723/855/609
f 641/842/670 580/764/618 654/861/684
f 654/861/684 655/862/685 641/842/670
f 645/850/675 655/862/685 656/863/686
f 656/863/686 655/862/685 657/864/687
f 647/851/676 656/863/686 658/865/688
f 658/865/688 656/863/686 659/866/689
f 659/866/689 656/863/686 657/864/687
f 650/857/680 658/867/688 661/868/690
f 661/869/690 660/870/691 662/871/692
f 662/871/692 660/870/691 663/872/693
f 661/868/690 652/858/681 650/857/680
f 664/873/694 662/874/692 666/875/695
f 666/875/695 665/876/696 667/877/697
f 667/877/697 665/876/696 668/878/698
f 669/879/699 652/858/681 664/873/694
f 671/880/700 664/873/694 666/875/695
f 667/877/697 671/880/700 666/875/695
f 668/878/698 672/881/701 667/877/697
f 669/879/699 675/860/683 653/859/682
f 670/882/702 675/860/683 669/879/699
f 671/880/700 676/883/703 670/882/702
f 678/884/704 671/880/700 672/881/701
f 677/885/705 678/884/704 680/886/706
f 680/886/706 673/887/707 681/888/708
f 681/888/708 679/889/709 682/890/710
f 659/866/689 657/864/687 683/891/711
f 683/891/711 660/870/691 659/866/689
f 685/892/712 665/876/696 684/893/713
f 685/892/712 674/894/714 668/878/698
f 654/861/684 589/895/715 686/896/716
f 655/862/685 686/896/716 687/897/717
f 687/897/717 688/898/718 655/862/685
f 663/872/693 689/899/719 690/900/720
f 684/901/713 663/872/693 690/900/720
f 692/902/721 674/894/714 691/903/722
f 693/904/723 679/889/709 692/902/721
f 695/905/724 600/774/628 601/775/629
f 697/906/725 686/896/716 600/774/628
f 602/781/633 698/907/726 695/908/724
f 602/781/633 604/780/632 698/907/726
f 700/909/727 697/910/725 695/908/724
f 695/908/724 698/907/726 700/909/727
f 701/911/728 688/898/718 687/897/717
f 702/912/729 687/897/717 696/913/730
f 698/914/726 605/837/667 703/915/731
f 700/909/727 704/916/732 699/917/733
f 700/909/727 703/918/731 704/916/732
f 701/911/728 689/899/719 683/891/711
f 706/919/734 702/920/729 699/917/733
f 699/917/733 704/916/732 706/919/734
f 708/921/735 689/922/719 701/923/728
f 706/919/734 709/924/736 705/925/737
f 707/926/738 684/893/713 690/927/720
f 705/925/737 710/928/739 708/921/735
f 705/925/737 709/924/736 711/929/740
f 713/930/741 684/893/713 707/926/738
f 711/929/740 716/931/742 710/928/739
f 711/929/740 715/932/743 716/931/742
f 712/933/744 691/903/722 685/892/712
f 718/934/745 713/930/741 710/928/739
f 710/928/739 716/931/742 718/934/745
f 719/935/746 691/903/722 712/933/744
f 718/934/745 721/936/747 717/937/748
f 719/935/746 694/938/749 692/902/721
f 717/937/748 721/936/747 722/939/750
f 675/940/683 726/941/751 723/755/609
f 726/942/751 731/943/752 724/944/753
f 729/945/754 727/946/755 728/947/756
f 733/948/757 731/943/752 727/949/755
f 735/950/758 727/946/755 729/945/754
f 732/951/759 737/952/760 736/953/761
f 740/954/762 732/951/759 733/948/757
f 740/954/762 739/955/763 738/956/764
f 741/957/765 733/948/757 734/958/766
f 742/959/767 730/960/768 736/953/761
f 743/961/769 737/952/760 738/956/764
f 739/955/763 743/961/769 738/956/764
f 745/962/770 675/860/683 676/883/703
f 746/963/771 676/883/703 677/885/705
f 747/964/772 677/885/705 680/886/706
f 748/965/773 681/888/708 682/890/710
f 749/966/774 681/888/708 750/967/775
f 750/967/775 748/965/773 751/968/776
f 752/969/777 746/963/771 747/964/772
f 749/966/774 752/969/777 747/964/772
f 755/970/778 675/860/683 745/962/770
f 752/969/777 755/970/778 745/962/770
f 749/966/774 755/970/778 752/969/777
f 750/967/775 756/971/779 749/966/774
f 753/972/780 757/973/781 750/967/775
f 754/974/782 758/975/783 753/972/780
f 755/976/778 728/977/756 726/941/751
f 756/971/779 761/978/784 755/970/778
f 757/973/781 762/979/785 756/971/779
f 764/980/786 758/975/783 759/981/787
f 765/982/788 758/975/783 766/983/789
f 766/983/789 764/980/786 767/984/790
f 760/985/791 768/986/792 728/977/756
f 765/982/788 762/979/785 763/987/793
f 770/988/794 766/983/789 767/984/790
f 735/989/758 771/990/795 734/958/766
f 774/991/796 772/992/797 771/993/795
f 776/994/798 772/992/797 775/995/799
f 778/996/800 729/997/754 768/986/792
f 778/998/800 775/995/799 774/991/796
f 769/999/801 778/996/800 768/986/792
f 760/985/791 780/1000/802 769/999/801
f 782/1001/803 761/978/784 762/979/785
f 765/982/788 782/1001/803 762/979/785
f 784/1002/804 765/982/788 766/983/789
f 785/1003/805 766/983/789 770/988/794
f 741/957/765 787/1004/806 739/955/763
f 771/990/795 741/957/765 734/958/766
f 789/1005/807 788/1006/808 787/1004/806
f 772/992/797 789/1007/807 771/993/795
f 773/1008/809 790/1009/810 772/992/797
f 776/994/798 791/1010/811 792/1011/812
f 776/994/798 792/1011/812 793/1012/813
f 777/1013/814 793/1012/813 794/1014/815
f 779/1015/816 791/1010/817 775/995/799
f 795/1016/818 792/1011/812 791/1010/811
f 797/1017/819 792/1011/812 796/1018/820
f 797/1017/819 794/1014/815 793/1012/813
f 780/1000/802 795/1019/821 779/1020/816
f 799/1021/822 796/1018/820 795/1016/818
f 781/1022/823 799/1023/824 780/1000/802
f 801/1024/825 781/1022/823 760/985/791
f 787/1004/806 744/1025/826 739/955/763
f 788/1006/808 802/1026/827 787/1004/806
f 797/1027/819 803/1028/828 804/1029/829
f 797/1027/819 804/1029/829 805/1030/830
f 806/1031/831 797/1027/819 805/1030/830
f 800/1032/832 803/1033/828 796/1034/820
f 808/1035/833 803/1028/828 807/1036/834
f 809/1037/835 804/1029/829 808/1035/833
f 801/1024/825 807/1038/836 800/1032/837
f 782/1039/803 810/1040/838 801/1024/825
f 784/1002/804 811/1041/839 783/1042/840
f 785/1003/805 812/1043/841 784/1002/804
f 754/974/782 751/968/776 814/1044/842
f 764/980/786 759/981/787 815/1045/843
f 777/1013/814 816/1046/844 773/1008/809
f 790/1009/810 773/1008/809 816/1046/844
f 821/1047/845 806/1031/831 820/1048/846
f 818/1049/847 813/1050/848 785/1003/805
f 814/1044/842 748/965/773 693/904/723
f 822/1051/849 693/904/723 694/938/749
f 822/1051/849 823/1052/850 814/1044/842
f 815/1045/843 754/974/782 823/1052/850
f 822/1051/849 824/1053/851 823/1052/850
f 824/1053/851 826/1054/852 815/1045/843
f 827/1055/853 764/980/786 826/1054/852
f 828/1056/854 826/1054/852 824/1053/851
f 829/1057/855 824/1053/851 825/1058/856
f 831/1059/857 767/984/790 827/1055/853
f 828/1056/854 831/1059/857 827/1055/853
f 833/1060/858 832/1061/859 816/1046/844
f 836/1062/860 770/988/794 831/1059/857
f 828/1056/854 836/1062/860 831/1059/857
f 829/1057/855 837/1063/861 828/1056/854
f 829/1057/855 835/1064/862 838/1065/863
f 790/1066/810 839/1067/864 788/1068/808
f 840/1069/865 816/1046/844 832/1061/859
f 833/1060/858 794/1014/815 841/1070/866
f 842/1071/867 841/1070/866 794/1014/815
f 843/1072/868 842/1073/867 817/1074/869
f 818/1049/847 786/1075/870 836/1062/860
f 837/1063/861 818/1049/847 836/1062/860
f 819/1076/871 788/1006/808 839/1077/864
f 817/1074/869 821/1047/845 844/1078/872
f 845/1079/873 817/1074/869 844/1078/872
f 838/1065/863 847/1080/874 837/1063/861
f 838/1065/863 835/1064/862 848/1081/875
f 849/1082/876 721/936/747 720/1083/877
f 852/1084/878 719/935/746 722/939/750
f 722/939/750 849/1082/876 852/1084/878
f 851/1085/879 694/938/749 850/1086/880
f 714/1087/881 855/1088/882 720/1089/877
f 851/1085/879 852/1084/878 853/1090/883
f 714/1087/881 860/1091/884 854/1092/885
f 857/1093/886 822/1051/849 853/1090/883
f 853/1090/883 856/1094/887 857/1093/886
f 855/1088/882 854/1092/885 858/1095/888
f 859/1096/889 856/1094/887 849/1082/876
f 830/1097/890 825/1058/856 857/1093/886
f 857/1093/886 859/1096/889 830/1097/890
f 860/1091/884 714/1087/881 1386/1098/891
f 854/1099/885 860/1100/884 861/1101/892
f 862/1102/893 854/1099/885 861/1101/892
f 864/1103/894 858/1095/888 862/1104/893
f 869/1105/895 860/1100/884 865/1106/896
f 870/1107/897 832/1061/859 833/1060/858
f 870/1107/897 866/1108/898 832/1061/859
f 871/1109/899 867/1110/900 866/1108/898
f 873/1111/901 867/1110/900 872/1112/902
f 873/1113/901 861/1114/892 868/1115/903
f 834/1116/904 870/1107/897 833/1060/858
f 874/1117/905 871/1109/899 870/1107/897
f 876/1118/906 871/1109/899 875/1119/907
f 876/1120/906 863/1121/908 864/1122/894
f 876/1123/906 862/1104/893 872/1124/902
f 878/1125/909 859/1126/889 863/1127/908
f 878/1125/909 863/1127/908 875/1128/907
f 882/1129/910 865/1106/896 879/1130/911
f 840/1069/865 832/1061/859 866/1108/898
f 883/1131/912 866/1108/898 867/1110/900
f 884/1132/913 839/1077/864 883/1133/912
f 884/1132/913 867/1134/900 868/1135/903
f 881/1136/914 880/1137/915 884/1132/913
f 881/1136/914 868/1135/903 869/1105/895
f 886/1138/916 874/1117/905 885/1139/917
f 843/1140/868 885/1139/917 834/1116/904
f 888/1141/918 885/1139/917 887/1142/919
f 888/1143/920 877/1144/921 878/1125/909
f 878/1125/909 886/1145/922 888/1143/920
f 889/1146/923 877/1144/921 887/1147/924
f 890/1148/925 839/1077/864 880/1137/915
f 891/1149/926 880/1137/915 881/1136/914
f 882/1129/910 891/1149/926 881/1136/914
f 892/1150/927 843/1072/868 845/1079/873
f 893/1151/928 835/1152/862 889/1146/923
f 889/1146/923 892/1153/929 893/1151/928
f 335/418/358 894/1154/930 318/398/343
f 352/1155/931 895/1156/932 335/418/358
f 899/1157/933 896/1158/934 897/1159/935
f 900/1160/936 895/1156/932 352/1155/931
f 898/1161/937 901/1162/938 900/1160/936
f 904/1163/939 903/1164/940 902/1165/941
f 907/1166/942 898/1161/937 899/1157/933
f 908/1167/943 904/1168/939 907/1169/942
f 908/1167/943 906/1170/944 905/1171/945
f 910/1172/946 894/1154/930 895/1156/932
f 911/1173/947 895/1156/932 900/1160/936
f 912/1174/948 900/1160/936 901/1162/938
f 915/1175/949 901/1162/938 902/1165/941
f 915/1176/949 913/1177/950 912/1178/948
f 903/1164/940 915/1175/949 902/1165/941
f 917/1179/951 913/1177/950 916/1180/952
f 916/1180/952 903/1181/940 905/1171/945
f 906/1170/944 916/1180/952 905/1171/945
f 35/103/89 351/438/375 919/104/90
f 920/1182/953 894/1154/930 910/1172/946
f 921/1183/954 910/1172/946 911/1173/947
f 924/1184/955 911/1173/947 912/1174/948
f 924/1185/955 922/1186/956 921/1187/954
f 913/1188/950 924/1189/955 912/1190/948
f 914/1191/957 922/1192/956 913/1188/950
f 927/1193/958 920/1182/959 921/1183/954
f 922/1194/956 927/1195/958 921/1196/954
f 923/1197/960 928/1198/961 922/1194/956
f 348/434/371 926/1199/962 930/1200/963
f 931/1201/964 920/1182/959 927/1193/958
f 928/1198/961 931/1202/965 927/1195/958
f 929/1203/966 932/1204/967 928/1198/961
f 937/1205/968 936/1206/969 925/1207/970
f 935/1208/971 925/1209/970 914/1210/957
f 938/1211/972 923/1197/960 936/1206/969
f 933/1212/973 929/1203/966 938/1211/972
f 934/1213/974 940/1214/975 906/1170/944
f 918/1215/976 942/1216/977 917/1179/951
f 918/1215/976 906/1170/944 940/1214/975
f 943/1217/978 944/1218/979 936/1206/969
f 939/1219/980 938/1211/972 944/1218/979
f 942/1216/977 945/1220/981 935/1208/971
f 937/1221/968 935/1208/971 945/1220/981
f 947/1222/982 948/1223/983 937/1205/968
f 946/1224/984 951/1225/985 942/1216/977
f 950/1226/986 940/1214/975 941/1227/987
f 946/1224/984 954/1228/988 951/1225/985
f 940/1214/975 955/1229/989 946/1224/984
f 956/1230/990 950/1226/986 953/1231/991
f 945/1220/981 951/1225/985 954/1228/988
f 945/1220/981 957/1232/992 947/1233/982
f 959/1234/993 958/1235/994 948/1223/983
f 957/1236/992 948/1223/983 947/1222/982
f 958/1235/994 952/1237/995 944/1218/979
f 123/148/127 85/108/94 960/1238/996
f 395/495/420 414/1239/437 961/1240/997
f 413/648/545 415/516/438 416/1241/998
f 407/508/431 961/1240/997 962/1242/999
f 963/1243/1000 416/1241/998 415/516/438
f 965/1244/1001 415/516/438 964/1245/1002
f 85/108/94 152/190/163 966/1246/1003
f 968/1247/1004 964/1245/1002 967/1248/1005
f 969/1249/1006 964/1245/1002 968/1247/1004
f 971/1250/1007 961/1240/997 970/1251/1008
f 972/1252/1009 962/1242/999 971/1250/1007
f 975/1253/1010 967/1248/1005 972/1252/1009
f 976/1254/1011 973/1255/1012 954/1228/988
f 977/1256/1013 973/1255/1012 976/1254/1011
f 978/1257/1014 974/1258/1015 977/1256/1013
f 978/1259/1014 968/1247/1004 975/1253/1010
f 956/1230/990 976/1254/1011 955/1229/989
f 980/1260/1016 976/1254/1011 979/1261/1017
f 981/1262/1018 977/1256/1013 980/1260/1016
f 981/1263/1018 969/1249/1006 978/1259/1014
f 983/1264/1019 970/1251/1008 982/1265/1020
f 985/1266/1021 971/1250/1007 983/1264/1019
f 986/1267/1022 954/1228/988 973/1255/1012
f 987/1268/1023 957/1232/992 986/1267/1022
f 987/1268/1023 973/1255/1012 974/1258/1015
f 988/1269/1024 984/1270/1025 987/1268/1023
f 988/1269/1024 974/1258/1015 975/1271/1010
f 988/1272/1024 972/1252/1009 985/1266/1021
f 991/1273/1026 982/1265/1020 989/1274/1027
f 990/1275/1028 958/1235/994 959/1234/993
f 990/1275/1028 957/1236/992 984/1276/1025
f 992/1277/1029 984/1276/1025 985/1278/1021
f 992/1279/1029 983/1264/1019 991/1273/1026
f 994/1280/1030 414/1239/437 993/1281/1031
f 995/1282/1032 958/1235/994 990/1275/1028
f 996/1283/1033 990/1275/1028 991/1284/1026
f 996/1285/1034 989/1274/1027 994/1280/1035
f 457/570/480 997/1286/1036 441/546/461
f 897/1159/935 353/439/376 455/567/477
f 998/1287/1037 455/567/477 454/566/476
f 456/568/478 998/1287/1037 454/566/476
f 1001/1288/1038 897/1159/935 998/1287/1037
f 1003/1289/1039 907/1169/942 1002/1290/1040
f 1003/1289/1039 909/1291/1041 908/1167/943
f 1000/1292/1042 1002/1293/1040 899/1157/933
f 1006/1294/1043 1002/1290/1040 1005/1295/1044
f 1007/1296/1045 1003/1289/1039 1006/1294/1043
f 1009/1297/1046 1005/1295/1044 1008/1298/1047
f 1010/1299/1048 1006/1294/1043 1009/1297/1046
f 1011/1300/1049 1000/1292/1042 1001/1288/1038
f 998/1287/1037 1011/1300/1049 1001/1288/1038
f 456/568/478 1012/1301/1050 998/1287/1037
f 1010/1299/1048 1009/1297/1046 1014/1302/1051
f 1011/1300/1049 1013/1303/1052 1008/1304/1047
f 1016/1305/1053 1013/1306/1052 1015/1307/1054
f 1017/1308/1055 1009/1297/1046 1016/1305/1053
f 1012/1301/1050 1015/1309/1054 1011/1300/1049
f 456/568/478 1018/1310/1056 1012/1301/1050
f 997/1286/1036 1019/1311/1057 456/568/478
f 1017/1312/1055 1016/1313/1053 1021/1314/1058
f 1018/1310/1056 1020/1315/1059 1015/1309/1054
f 1023/1316/1060 1020/1317/1059 1022/1318/1061
f 1024/1319/1062 1016/1313/1053 1023/1320/1060
f 1019/1311/1057 1022/1321/1061 1018/1310/1056
f 997/1286/1036 1025/1322/1063 1019/1311/1057
f 457/570/480 1026/1323/1064 997/1286/1036
f 1023/1320/1060 1027/1324/1065 1028/1325/1066
f 1024/1319/1062 1028/1325/1066 1029/1326/1067
f 1025/1322/1063 1027/1327/1068 1022/1321/1061
f 1026/1323/1064 1030/1328/1069 1025/1322/1063
f 1029/1326/1067 1028/1325/1066 1032/1329/1070
f 1030/1328/1069 1031/1330/1071 1027/1327/1068
f 1034/1331/1072 1031/1332/1071 1033/1333/1073
f 1035/1334/1074 1028/1325/1066 1034/1331/1072
f 1036/1335/1075 1030/1328/1069 1026/1323/1064
f 457/570/480 1036/1335/1075 1026/1323/1064
f 1004/1336/1076 934/1213/974 909/1291/1041
f 1038/1337/1077 1037/1338/1078 1004/1336/1076
f 1039/1339/1079 1037/1338/1078 1038/1337/1077
f 1040/1340/1080 1007/1296/1045 1010/1299/1048
f 1040/1340/1080 1014/1302/1051 1041/1341/1081
f 1042/1342/1082 1014/1302/1051 1017/1308/1055
f 1043/1343/1083 1017/1312/1055 1021/1314/1058
f 1042/1344/1082 1043/1343/1083 1044/1345/1084
f 1024/1319/1062 1043/1343/1083 1021/1314/1058
f 1024/1319/1062 1044/1345/1084 1043/1343/1083
f 1045/1346/1085 1039/1339/1079 1040/1340/1080
f 1046/1347/1086 1040/1340/1080 1041/1341/1081
f 1047/1348/1087 1041/1341/1081 1042/1342/1082
f 1048/1349/1088 941/1227/987 1037/1338/1078
f 1049/1350/1089 1048/1349/1088 1039/1339/1079
f 1050/1351/1090 1029/1326/1067 1051/1352/1091
f 1051/1352/1091 1032/1329/1070 1052/1353/1092
f 1035/1334/1074 1052/1353/1092 1032/1329/1070
f 1048/1349/1088 950/1226/986 941/1227/987
f 1054/1354/1093 1049/1350/1089 1045/1346/1085
f 1055/1355/1094 1054/1354/1093 1046/1347/1086
f 1056/1356/1095 1046/1347/1086 1047/1348/1087
f 1057/1357/1096 1056/1356/1095 1044/1358/1084
f 1050/1351/1090 1057/1359/1096 1044/1345/1084
f 1059/1360/1097 953/1231/991 1058/1361/1098
f 1056/1356/1095 1057/1357/1096 1060/1362/1099
f 1061/1363/1100 1057/1359/1096 1050/1351/1090
f 1050/1351/1090 1051/1352/1091 1062/1364/1101
f 1062/1364/1101 1052/1353/1092 1063/1365/1102
f 1053/1366/1103 1063/1365/1102 1052/1353/1092
f 517/645/542 520/647/544 1065/1367/1104
f 1066/1368/1105 519/1369/1106 309/604/510
f 309/604/510 521/1370/1107 1066/1368/1105
f 416/1241/998 963/1243/1000 1067/1371/1108
f 1065/1367/1104 520/647/544 1067/1371/1108
f 1067/1371/1108 965/1244/1001 1068/1372/1109
f 1069/1373/1110 965/1244/1001 969/1249/1006
f 1068/1372/1109 1069/1373/1110 1070/1374/1111
f 1068/1372/1109 1070/1374/1111 1071/1375/1112
f 1072/1376/1113 1068/1372/1109 1071/1375/1112
f 1065/1367/1104 1067/1371/1108 1072/1376/1113
f 1073/1377/1114 1059/1360/1097 1049/1350/1089
f 1059/1360/1097 1073/1377/1114 1074/1378/1115
f 1074/1378/1115 953/1231/991 1059/1360/1097
f 1075/1379/1116 979/1261/1017 1074/1378/1115
f 1076/1380/1117 980/1260/1016 1075/1379/1116
f 1077/1381/1118 980/1260/1016 1076/1380/1117
f 1069/1373/1110 981/1263/1018 1077/1382/1118
f 1078/1383/1119 1073/1377/1114 1054/1354/1093
f 1078/1383/1119 1075/1379/1116 1074/1378/1115
f 1079/1384/1120 1076/1380/1117 1075/1379/1116
f 1080/1385/1121 1077/1381/1118 1076/1380/1117
f 1069/1373/1110 1077/1382/1118 1081/1386/1122
f 1082/1387/1123 1054/1354/1093 1055/1355/1094
f 1082/1387/1123 1079/1384/1120 1078/1383/1119
f 1082/1387/1123 1080/1385/1121 1079/1384/1120
f 1083/1388/1124 1081/1389/1122 1080/1385/1121
f 1070/1374/1111 1081/1386/1122 1084/1390/1125
f 1085/1391/1126 1055/1355/1094 1056/1356/1095
f 1085/1391/1126 1083/1388/1124 1082/1387/1123
f 1086/1392/1127 1084/1393/1125 1083/1388/1124
f 1071/1375/1112 1084/1390/1125 1087/1394/1128
f 1088/1395/1129 1071/1375/1112 1087/1394/1128
f 521/1370/1107 1065/1367/1104 1072/1376/1113
f 1086/1392/1127 1085/1391/1126 1060/1362/1099
f 1061/1363/1100 1086/1396/1127 1060/1397/1099
f 1090/1398/1130 1089/1399/1131 1086/1396/1127
f 1088/1395/1129 1089/1400/1131 1091/1401/1132
f 1092/1402/1133 1088/1395/1129 1091/1401/1132
f 521/1370/1107 1092/1402/1133 1093/1403/1134
f 1094/1404/1135 1061/1363/1100 1062/1364/1101
f 1095/1405/1136 1090/1398/1130 1094/1404/1135
f 1092/1402/1133 1095/1406/1136 1096/1407/1137
f 1093/1403/1134 1096/1407/1137 1097/1408/1138
f 1098/1409/1139 519/1369/1106 1066/1368/1105
f 1066/1368/1105 1097/1408/1138 1098/1409/1139
f 1099/1410/1140 1062/1364/1101 1063/1365/1102
f 1100/1411/1141 1094/1404/1135 1099/1410/1140
f 1064/1412/1142 1099/1410/1140 1063/1365/1102
f 1096/1407/1137 1100/1413/1141 1101/1414/1143
f 1097/1408/1138 1096/1407/1137 1101/1414/1143
f 1102/1415/1144 926/1416/1145 920/1182/953
f 1103/1417/1146 920/1182/959 931/1201/964
f 932/1204/967 1103/1418/1147 931/1202/965
f 933/1212/973 1104/1419/1148 932/1204/967
f 1103/1417/1146 1106/1420/1149 1102/1415/1150
f 1108/1421/1151 1103/1418/1147 1104/1419/1148
f 1109/1422/1152 1104/1419/1148 1105/1423/1153
f 1111/1424/1154 1107/1425/1155 1108/1421/1151
f 1112/1426/1156 1108/1421/1151 1109/1422/1152
f 930/1200/963 926/1199/962 1113/1427/1157
f 1106/1420/1158 1113/1428/1159 926/1416/1145
f 1110/1429/1160 1114/1430/1161 1106/1420/1149
f 1116/1431/1162 1110/1432/1163 1111/1424/1154
f 1117/1433/1164 1111/1424/1154 1112/1426/1156
f 1116/1431/1162 1117/1433/1164 1119/1434/1165
f 1115/1435/1166 1120/1436/1167 1114/1430/1161
f 1118/1437/1168 1121/1438/1169 1115/1435/1166
f 1123/1439/1170 1118/1440/1168 1116/1431/1162
f 1124/1441/1171 1116/1431/1162 1119/1434/1165
f 1125/1442/1172 1123/1443/1170 1126/1444/1173
f 1126/1444/1173 1124/1445/1171 1127/1446/1174
f 1121/1438/1169 1128/1447/1175 1120/1436/1167
f 1122/1448/1176 1129/1449/1177 1121/1438/1169
f 1125/1450/1172 1130/1451/1178 1122/1448/1176
f 1132/1452/1179 1126/1444/1173 1127/1446/1174
f 1134/1453/1180 1126/1444/1173 1135/1454/1181
f 1135/1454/1181 1132/1452/1179 1136/1455/1182
f 1137/1456/1183 1135/1454/1181 1138/1457/1184
f 1138/1457/1184 1136/1455/1182 1139/1458/1185
f 930/1200/963 1140/1459/1186 1141/1460/1187
f 351/438/375 1141/1460/1187 1142/1461/1188
f 1143/1462/1189 1113/1428/1159 1128/1447/1175
f 1144/1463/1190 1128/1447/1175 1129/1449/1177
f 1130/1451/1178 1144/1463/1190 1129/1449/1177
f 1145/1464/1191 1130/1451/1178 1131/1465/1192
f 1134/1466/1193 1145/1464/1191 1131/1465/1192
f 1137/1467/1194 1146/1468/1195 1134/1466/1193
f 1141/1460/1187 1147/1469/1196 1148/1470/1197
f 1142/1461/1188 1148/1470/1197 1149/1471/1198
f 1143/1462/1189 1147/1472/1199 1140/1473/1200
f 1151/1474/1201 1147/1475/1202 1150/1476/1203
f 1152/1477/1204 1148/1478/1205 1151/1474/1201
f 1153/1479/1206 1143/1462/1189 1144/1463/1190
f 1154/1480/1207 1150/1476/1203 1153/1481/1208
f 1155/1482/1209 1151/1474/1201 1154/1480/1207
f 1145/1464/1191 1153/1479/1206 1144/1463/1190
f 1146/1468/1210 1153/1479/1206 1145/1464/1191
f 1157/1483/1211 1156/1484/1212 1155/1482/1209
f 1159/1485/1213 1154/1480/1207 1153/1481/1208
f 1160/1486/1214 1157/1483/1211 1154/1480/1207
f 1161/1487/1215 933/1212/973 939/1219/980
f 1161/1487/1215 1109/1422/1152 1105/1423/1153
f 1162/1488/1216 1163/1489/1217 1109/1422/1152
f 1163/1489/1217 1117/1433/1164 1112/1426/1156
f 1156/1484/1212 1164/1490/1218 1155/1482/1209
f 1165/1491/1219 1162/1488/1216 1161/1487/1215
f 1119/1434/1165 1117/1433/1164 1166/1492/1220
f 1166/1492/1220 1167/1493/1221 1119/1434/1165
f 1127/1446/1174 1124/1445/1171 1167/1494/1221
f 1139/1458/1185 1136/1455/1182 1168/1495/1222
f 1142/1461/1188 1149/1471/1198 1169/1496/1223
f 1152/1477/1204 1169/1497/1224 1149/1498/1225
f 1164/1490/1218 1170/1499/1226 1152/1477/1204
f 1165/1491/1219 939/1219/980 949/1500/1227
f 1173/1501/1228 1165/1491/1219 1172/1502/1229
f 1173/1501/1228 1174/1503/1230 1162/1488/1216
f 1174/1503/1230 1117/1433/1164 1163/1489/1217
f 152/190/163 351/438/375 966/1246/1003
f 1133/1504/1231 1127/1446/1174 1176/1505/1232
f 1136/1455/1182 1133/1504/1231 1177/1506/1233
f 966/1246/1003 1142/1461/1188 1178/1507/1234
f 952/1237/995 1172/1502/1229 949/1500/1227
f 1166/1492/1220 1175/1508/1235 1180/1509/1236
f 1180/1509/1236 1167/1493/1221 1166/1492/1220
f 1176/1505/1232 1167/1494/1221 1181/1510/1237
f 1178/1507/1234 1169/1496/1223 1183/1511/1238
f 1170/1499/1226 1183/1512/1239 1169/1497/1224
f 1164/1490/1218 1184/1513/1240 1170/1499/1226
f 1171/1514/1241 1185/1515/1242 1164/1490/1218
f 1186/1516/1243 1187/1517/1244 1172/1502/1229
f 1187/1517/1244 1174/1503/1230 1173/1501/1228
f 1188/1518/1245 1189/1519/1246 1174/1503/1230
f 1168/1495/1222 1182/1520/1247 1190/1521/1248
f 1191/1522/1249 952/1237/995 995/1282/1032
f 1192/1523/1250 995/1282/1032 996/1283/1033
f 994/1280/1030 993/1281/1031 1193/1524/1251
f 1191/1522/1249 1187/1517/1244 1186/1516/1243
f 1192/1523/1250 1194/1525/1252 1191/1522/1249
f 1195/1526/1253 994/1280/1035 1193/1524/1254
f 960/1238/996 966/1246/1003 1196/1527/1255
f 1194/1525/1252 1188/1518/1245 1187/1517/1244
f 1195/1528/1256 1197/1529/1257 1194/1525/1252
f 1195/1526/1253 1193/1524/1254 1198/1530/1258
f 993/1531/1259 1196/1527/1255 1199/1532/1260
f 1197/1529/1257 1189/1519/1246 1188/1518/1245
f 1198/1533/1261 1200/1534/1262 1197/1529/1257
f 1198/1530/1258 1193/1524/1254 1201/1535/1263
f 1202/1536/1264 1189/1519/1246 1200/1534/1262
f 1203/1537/1265 1200/1538/1262 1201/1539/1263
f 1193/1524/1251 1199/1540/1260 1204/1541/1266
f 1201/1535/1263 1204/1541/1267 1205/1542/1268
f 1202/1536/1264 1181/1543/1237 1180/1509/1236
f 1203/1544/1265 1206/1545/1269 1202/1536/1264
f 1203/1546/1265 1205/1542/1268 1207/1547/1270
f 1208/1548/1271 1181/1510/1237 1206/1549/1269
f 1209/1550/1272 1206/1549/1269 1207/1551/1270
f 1204/1541/1266 1199/1540/1260 1210/1552/1273
f 1205/1542/1268 1210/1552/1273 1211/1553/1274
f 1207/1547/1270 1211/1553/1274 1212/1554/1275
f 1208/1548/1271 1213/1555/1276 1176/1505/1232
f 1209/1556/1272 1212/1554/1275 1214/1557/1277
f 1215/1558/1278 1177/1506/1233 1213/1555/1276
f 1216/1559/1279 1213/1555/1276 1208/1548/1271
f 1217/1560/1280 1208/1548/1271 1214/1561/1277
f 1190/1521/1248 1182/1520/1247 1218/1562/1281
f 1219/1563/1282 1182/1520/1247 1215/1558/1278
f 1220/1564/1283 1215/1558/1278 1216/1559/1279
f 1221/1565/1284 1216/1559/1279 1217/1560/1280
f 1222/1566/1285 966/1246/1003 1178/1507/1234
f 1223/1567/1286 1196/1527/1255 1222/1566/1285
f 1224/1568/1287 1199/1540/1260 1223/1569/1286
f 1211/1553/1274 1224/1568/1287 1225/1570/1288
f 1212/1554/1275 1225/1570/1288 1226/1571/1289
f 1214/1557/1277 1226/1571/1289 1227/1572/1290
f 1217/1573/1291 1227/1572/1290 1228/1574/1292
f 1219/1563/1282 1229/1575/1293 1218/1562/1281
f 1221/1576/1284 1228/1574/1292 1231/1577/1294
f 1232/1578/1295 1178/1507/1234 1183/1511/1238
f 1233/1579/1296 1222/1566/1285 1232/1578/1295
f 1184/1513/1240 1232/1580/1297 1183/1512/1239
f 1234/1581/1298 1233/1582/1296 1232/1580/1297
f 1224/1568/1287 1233/1583/1296 1235/1584/1299
f 1185/1515/1242 1234/1581/1298 1184/1513/1240
f 1236/1585/1300 1235/1586/1299 1234/1581/1298
f 1237/1587/1301 1224/1568/1287 1235/1584/1299
f 1236/1585/1300 1185/1515/1242 1171/1514/1241
f 1226/1571/1289 1237/1587/1301 1238/1588/1302
f 1227/1572/1303 1238/1588/1302 1239/1589/1304
f 1239/1590/1305 1236/1585/1300 1240/1591/1306
f 1171/1514/1241 1179/1592/1307 1241/1593/1308
f 1231/1577/1309 1239/1589/1304 1242/1594/1310
f 1034/1331/1072 1243/1595/1311 1244/1596/1312
f 1035/1334/1074 1244/1596/1312 1245/1597/1313
f 1036/1335/1075 1243/1598/1314 1033/1599/1073
f 457/570/480 1246/1600/1315 1036/1335/1075
f 1248/1601/1316 1243/1595/1311 1250/1602/1317
f 1251/1603/1318 1248/1601/1316 1249/1604/1319
f 1251/1603/1318 1244/1596/1312 1248/1601/1316
f 1252/1605/1320 1246/1600/1315 457/570/480
f 1254/1606/1321 1247/1607/1322 1253/1608/1323
f 1255/1609/1324 1248/1601/1316 1254/1606/1321
f 1256/1610/1325 1247/1611/1322 1250/1612/1317
f 1246/1600/1315 1256/1610/1325 1250/1612/1317
f 1259/1613/1326 1253/1608/1323 1261/1614/1327
f 1262/1615/1328 1259/1613/1326 1260/1616/1329
f 1262/1615/1328 1254/1606/1321 1259/1613/1326
f 1263/1617/1330 1253/1618/1323 1256/1610/1325
f 1264/1619/1331 1257/1620/1332 1252/1605/1320
f 1269/1621/1333 1265/1622/1334 1266/1623/1335
f 1269/1624/1333 1258/1625/1336 1268/1626/1337
f 1270/1627/1338 1266/1623/1335 1267/1628/1339
f 1270/1629/1338 1259/1613/1326 1269/1624/1333
f 1271/1630/1340 1258/1631/1336 1261/1632/1327
f 1272/1633/1341 1261/1632/1327 1263/1617/1330
f 1273/1634/1342 1263/1617/1330 1257/1620/1332
f 1274/1635/1343 1137/1456/1183 1138/1457/1184
f 1275/1636/1344 1138/1457/1184 1139/1458/1185
f 1277/1637/1345 1137/1456/1183 1274/1635/1343
f 1278/1638/1346 1274/1635/1343 1275/1636/1344
f 1266/1623/1335 1276/1639/1347 1277/1637/1345
f 1266/1640/1335 1265/1641/1334 1279/1642/1348
f 1280/1643/1349 1277/1637/1345 1278/1638/1346
f 1281/1644/1350 1265/1645/1334 1268/1646/1337
f 1282/1647/1351 1268/1646/1337 1271/1630/1340
f 1283/1648/1352 1271/1630/1340 1272/1633/1341
f 1284/1649/1353 1272/1633/1341 1273/1634/1342
f 1264/1619/1331 1284/1649/1353 1273/1634/1342
f 1286/1650/1354 1137/1467/1194 1276/1651/1355
f 1286/1650/1354 1276/1651/1355 1279/1652/1348
f 1287/1653/1356 1279/1652/1348 1281/1644/1350
f 1288/1654/1357 1281/1644/1350 1282/1647/1351
f 1288/1654/1357 1282/1647/1351 1283/1648/1352
f 1284/1649/1353 1288/1654/1357 1283/1648/1352
f 1264/1619/1331 1289/1655/1358 1284/1649/1353
f 1285/1656/1359 1290/1657/1360 1264/1619/1331
f 1159/1658/1361 1146/1468/1210 1286/1650/1362
f 1159/1658/1361 1286/1650/1362 1287/1653/1356
f 1292/1659/1363 1287/1653/1356 1288/1654/1357
f 1160/1486/1214 1159/1485/1213 1292/1660/1364
f 1289/1655/1358 1292/1659/1363 1288/1654/1357
f 1293/1661/1365 1160/1486/1214 1292/1660/1364
f 1294/1662/1366 1157/1483/1211 1160/1486/1214
f 1295/1663/1367 1289/1655/1358 1290/1657/1360
f 1295/1664/1368 1294/1662/1366 1293/1661/1365
f 1291/1665/1369 1295/1663/1367 1290/1657/1360
f 1296/1666/1370 1157/1483/1211 1294/1662/1366
f 1297/1667/1371 1158/1668/1372 1157/1483/1211
f 1275/1636/1344 1139/1458/1185 1299/1669/1373
f 1035/1334/1074 1245/1597/1313 1300/1670/1374
f 1300/1670/1374 1251/1603/1318 1301/1671/1375
f 1262/1615/1328 1260/1616/1329 1302/1672/1376
f 1255/1609/1324 1262/1615/1328 1303/1673/1377
f 1270/1627/1338 1267/1628/1339 1304/1674/1378
f 1302/1672/1376 1270/1629/1338 1304/1675/1378
f 1301/1671/1375 1249/1604/1319 1305/1676/1379
f 1305/1676/1379 1255/1609/1324 1306/1677/1380
f 1280/1643/1349 1308/1678/1381 1309/1679/1382
f 1309/1679/1382 1307/1680/1383 1280/1643/1349
f 1303/1673/1377 1302/1672/1376 1311/1681/1384
f 1310/1682/1385 1303/1673/1377 1311/1681/1384
f 1304/1674/1378 1307/1680/1383 1312/1683/1386
f 1302/1672/1376 1304/1675/1378 1312/1684/1386
f 1313/1685/1387 1302/1672/1376 1312/1684/1386
f 1064/1412/1142 1300/1670/1374 1314/1686/1388
f 1314/1686/1388 1301/1671/1375 1315/1687/1389
f 1301/1671/1375 1305/1676/1379 1317/1688/1390
f 1317/1688/1390 1310/1682/1385 1316/1689/1391
f 1320/1690/1392 1168/1495/1222 1190/1521/1248
f 1321/1691/1393 1299/1669/1373 1320/1690/1392
f 1309/1679/1382 1308/1678/1381 1322/1692/1394
f 1307/1680/1383 1309/1679/1382 1322/1692/1394
f 1322/1692/1394 1308/1678/1381 1321/1691/1393
f 1323/1693/1395 1179/1592/1307 1158/1668/1372
f 1324/1694/1396 1064/1412/1142 1314/1686/1388
f 1325/1695/1397 1099/1410/1140 1324/1694/1396
f 1097/1408/1138 1325/1696/1398 1326/1697/1399
f 1324/1694/1396 1315/1687/1389 1327/1698/1400
f 1325/1695/1397 1327/1698/1400 1328/1699/1401
f 1329/1700/1402 519/1369/1106 1098/1409/1139
f 1098/1409/1139 1326/1697/1399 1329/1700/1402
f 1317/1688/1390 1330/1701/1403 1332/1702/1404
f 1327/1698/1400 1317/1688/1390 1332/1702/1404
f 1332/1702/1404 1331/1703/1405 1333/1704/1406
f 1328/1699/1401 1332/1702/1404 1333/1704/1406
f 1334/1705/1407 1328/1706/1408 1333/1707/1406
f 1329/1700/1402 1326/1697/1399 1334/1705/1407
f 1316/1689/1391 1311/1681/1384 1335/1708/1409
f 1331/1703/1405 1330/1701/1403 1336/1709/1410
f 1337/1710/1411 1331/1711/1405 1336/1712/1410
f 1334/1705/1407 1337/1710/1411 1338/1713/1412
f 1329/1700/1402 1334/1705/1407 1338/1713/1412
f 1313/1685/1387 1319/1714/1413 1341/1715/1414
f 1311/1681/1384 1313/1685/1387 1341/1715/1414
f 1341/1715/1414 1339/1716/1415 1342/1717/1416
f 1330/1701/1403 1341/1715/1414 1342/1717/1416
f 1342/1718/1416 1340/1719/1417 1343/1720/1418
f 1336/1709/1410 1342/1717/1416 1343/1721/1418
f 1344/1722/1419 1336/1712/1410 1343/1723/1418
f 1345/1724/1420 1337/1710/1411 1344/1722/1419
f 1346/1725/1421 1338/1713/1412 1345/1724/1420
f 1321/1691/1393 1348/1726/1422 1351/1727/1423
f 1352/1728/1424 1321/1691/1393 1353/1729/1425
f 1353/1729/1425 1349/1730/1426 1354/1731/1427
f 1354/1731/1427 1350/1732/1428 1355/1733/1429
f 1307/1680/1383 1322/1692/1394 1352/1728/1424
f 1356/1734/1430 1319/1735/1413 1307/1680/1383
f 1356/1734/1430 1354/1731/1427 1339/1736/1415
f 1339/1736/1415 1355/1733/1429 1357/1737/1431
f 1340/1738/1417 1339/1716/1415 1357/1739/1431
f 1358/1740/1432 1340/1741/1417 1357/1742/1431
f 1344/1722/1419 1358/1740/1432 1359/1743/1433
f 1345/1724/1420 1344/1722/1419 1359/1743/1433
f 1347/1744/1434 1229/1575/1293 1361/1745/1435
f 1362/1746/1436 1230/1747/1437 1220/1564/1283
f 1349/1730/1426 1361/1745/1435 1362/1746/1436
f 1363/1748/1438 1220/1564/1283 1231/1749/1294
f 1350/1732/1428 1362/1746/1436 1363/1748/1438
f 1364/1750/1439 1350/1751/1428 1363/1752/1438
f 1365/1753/1440 1350/1751/1428 1364/1750/1439
f 1366/1754/1441 1355/1755/1442 1365/1753/1440
f 1358/1740/1432 1366/1754/1441 1367/1756/1443
f 1359/1743/1433 1367/1756/1443 1368/1757/1444
f 1345/1724/1420 1368/1757/1444 1369/1758/1445
f 1371/1759/1446 1360/1760/1447 1346/1725/1421
f 1346/1725/1421 1369/1758/1445 1371/1759/1446
f 1372/1761/1448 1240/1591/1306 1171/1514/1241
f 1373/1762/1449 1231/1577/1309 1242/1594/1310
f 1374/1763/1450 1363/1752/1451 1373/1762/1449
f 1375/1764/1452 1374/1765/1453 1240/1591/1306
f 1376/1766/1454 1365/1753/1455 1374/1763/1450
f 1323/1693/1395 1241/1593/1308 1179/1592/1307
f 1378/1767/1456 1372/1761/1448 1377/1768/1457
f 1379/1769/1458 1375/1764/1452 1378/1767/1456
f 1369/1758/1445 1376/1766/1454 1379/1770/1458
f 1380/1771/1459 1241/1593/1308 1323/1693/1395
f 1381/1772/1460 1241/1593/1308 1380/1771/1459
f 1382/1773/1461 1377/1768/1457 1381/1772/1460
f 1383/1774/1462 1378/1767/1456 1382/1773/1461
f 1383/1775/1462 1370/1776/1463 1371/1759/1446
f 1383/1775/1462 1369/1758/1445 1379/1770/1458
f 536/682/564 999/1777/1464 215/569/479
f 1386/1098/891 605/837/667 725/1778/1465
f 1387/1779/1466 1386/1098/891 725/1778/1465
f 743/961/769 1388/1780/1467 737/952/760
f 744/1025/826 1389/1781/1468 743/961/769
f 1392/1782/1469 1389/1781/1468 1390/1783/1470
f 1391/1784/1471 1392/1782/1469 1393/1785/1472
f 1385/1786/1473 724/944/753 730/960/768
f 1385/1786/1473 730/960/768 742/959/767
f 1394/1787/1474 1388/1780/1467 1391/1784/1471
f 1395/1788/1475 1391/1784/1471 1393/1785/1472
f 1396/1789/1476 742/959/767 1394/1787/1474
f 1396/1789/1476 1394/1787/1474 1395/1788/1475
f 1397/1790/1477 1385/1791/1473 1396/1792/1476
f 1439/1793/1478 1398/1794/1479 1385/1791/1473
f 1399/1795/1480 744/1025/826 802/1026/827
f 1405/1796/1481 1401/1797/1482 1406/1798/1483
f 1406/1799/1483 1402/1800/1484 1407/1801/1485
f 1407/1801/1485 807/1036/1486 1406/1799/1483
f 1407/1801/1485 1403/1802/1487 1408/1803/1488
f 1408/1803/1488 808/1035/833 1407/1801/1485
f 1408/1803/1488 1403/1802/1487 1404/1804/1489
f 1409/1805/1490 807/1038/836 810/1040/838
f 1410/1806/1491 810/1040/838 782/1039/803
f 1412/1807/1492 1390/1783/1470 1399/1795/1480
f 1393/1808/1472 1412/1809/1492 1414/1810/1493
f 1414/1810/1493 1413/1811/1494 1415/1812/1495
f 1415/1812/1495 1413/1811/1494 1416/1813/1496
f 1393/1808/1472 1414/1810/1493 1417/1814/1497
f 1417/1814/1497 1415/1812/1495 1418/1815/1498
f 1418/1815/1498 1416/1813/1496 1419/1816/1499
f 1419/1816/1499 1416/1813/1496 1420/1817/1500
f 1421/1818/1501 1418/1815/1498 1422/1819/1502
f 1422/1819/1502 1419/1816/1499 1423/1820/1503
f 1423/1820/1503 1400/1821/1504 1422/1819/1502
f 1423/1820/1503 1420/1817/1500 1424/1822/1505
f 1424/1822/1505 1401/1797/1482 1423/1820/1503
f 1425/1823/1506 1400/1824/1507 1405/1825/1508
f 1426/1826/1509 1405/1825/1508 1406/1827/1510
f 1427/1828/1511 811/1041/839 812/1043/841
f 1428/1829/1512 812/1043/841 813/1050/848
f 1428/1829/1512 813/1050/848 1411/1830/1513
f 1429/1831/1514 1393/1785/1472 1417/1832/1497
f 1421/1833/1501 1429/1834/1514 1417/1835/1497
f 1430/1836/1515 1421/1837/1501 1422/1838/1516
f 1431/1839/1517 1422/1840/1516 1425/1823/1506
f 1432/1841/1518 1425/1823/1506 1426/1826/1509
f 1432/1841/1518 1426/1826/1509 1409/1805/1490
f 1436/1842/1519 1409/1805/1490 1410/1806/1491
f 1437/1843/1520 1410/1844/1491 811/1041/839
f 1433/1845/1521 1427/1828/1511 1428/1829/1512
f 1397/1846/1477 1395/1788/1475 1429/1831/1514
f 1397/1790/1477 1429/1834/1514 1430/1847/1515
f 1434/1848/1522 1430/1847/1515 1431/1839/1517
f 1435/1849/1523 1431/1839/1517 1432/1841/1518
f 1433/1845/1521 1442/1850/1524 1427/1828/1511
f 1439/1793/1478 1397/1790/1477 1434/1848/1522
f 1437/1843/1520 1440/1851/1525 1436/1852/1519
f 1444/1853/1526 1442/1850/1524 1441/1854/1527
f 1442/1850/1524 1444/1853/1526 1437/1843/1520
f 1446/1855/1528 1439/1856/1478 1435/1857/1523
f 1447/1858/1529 1440/1851/1525 1441/1854/1527
f 1442/1850/1524 1447/1858/1529 1441/1854/1527
f 1443/1859/1530 1448/1860/1531 1442/1850/1524
f 1450/1861/1532 1439/1856/1478 1446/1855/1528
f 1451/1862/1533 1446/1855/1528 1440/1851/1525
f 1452/1863/1534 1440/1851/1525 1447/1858/1529
f 1453/1864/1535 1448/1860/1531 1449/1865/1536
f 1455/1866/1537 1454/1867/1538 1450/1861/1532
f 1459/1868/1539 1450/1861/1532 1451/1862/1533
f 1459/1868/1539 1457/1869/1540 1456/1870/1541
f 1452/1863/1534 1459/1868/1539 1451/1862/1533
f 1460/1871/1542 1458/1872/1543 1457/1869/1540
f 1461/1873/1544 1452/1863/1534 1448/1860/1531
f 1461/1873/1544 1448/1860/1531 1453/1864/1535
f 819/1076/871 1399/1795/1480 802/1026/827
f 1463/1874/1545 809/1037/835 1408/1803/1488
f 1462/1875/1546 1464/1876/1547 1399/1795/1480
f 1416/1813/1496 1464/1877/1547 1465/1878/1548
f 1420/1817/1500 1416/1813/1496 1466/1879/1549
f 1424/1822/1505 1466/1879/1549 1467/1880/1550
f 1467/1880/1550 1404/1881/1489 1424/1822/1505
f 1468/1882/1551 1433/1845/1521 1428/1829/1512
f 1469/1883/1552 1449/1865/1536 1443/1859/1530
f 1471/1884/1553 1470/1885/1554 1461/1873/1544
f 844/1078/872 1463/1874/1545 1473/1886/1555
f 1473/1886/1555 1404/1804/1489 1472/1887/1556
f 1473/1886/1555 1472/1887/1556 1474/1888/1557
f 845/1079/873 1473/1886/1555 1474/1888/1557
f 846/1889/1558 1411/1830/1513 813/1050/848
f 847/1080/874 846/1889/1558 818/1049/847
f 848/1081/875 835/1064/862 1475/1890/1559
f 1467/1880/1550 1466/1879/1549 1478/1891/1560
f 1478/1891/1560 1472/1892/1556 1467/1880/1550
f 1468/1882/1551 1411/1830/1513 846/1889/1558
f 847/1080/874 1468/1882/1551 846/1889/1558
f 1482/1893/1561 1468/1882/1551 847/1080/874
f 1479/1894/1562 1475/1890/1559 1480/1895/1563
f 1481/1896/1564 1438/1897/1565 1433/1845/1521
f 1485/1898/1566 1482/1893/1561 1479/1894/1562
f 1485/1898/1566 1480/1895/1563 1483/1899/1567
f 1488/1900/1568 1469/1883/1552 1445/1901/1569
f 1484/1902/1570 1445/1901/1569 1438/1897/1565
f 1486/1903/1571 1469/1883/1552 1488/1900/1568
f 1486/1903/1571 1484/1902/1570 1482/1893/1561
f 1485/1898/1566 1483/1899/1567 1487/1904/1572
f 1491/1905/1573 1469/1883/1552 1486/1903/1571
f 1490/1906/1574 1486/1903/1571 1487/1904/1572
f 1489/1907/1575 1453/1864/1535 1449/1865/1536
f 1492/1908/1576 1491/1905/1573 1490/1906/1574
f 1491/1905/1573 1471/1884/1553 1453/1864/1535
f 1493/1909/1577 1470/1885/1554 1471/1884/1553
f 1493/1909/1577 1491/1905/1573 1492/1908/1576
f 890/1148/925 1462/1875/1546 819/1076/871
f 891/1149/926 1495/1910/1578 890/1148/925
f 882/1129/910 1496/1911/1579 891/1149/926
f 1497/1912/1580 879/1130/911 1494/1913/1581
f 1474/1914/1557 1498/1915/1582 1499/1916/1583
f 892/1150/927 1474/1888/1557 1499/1917/1583
f 893/1151/928 1475/1918/1559 835/1152/862
f 1500/1919/1584 892/1153/929 1499/1920/1585
f 1495/1910/1578 1501/1921/1586 1462/1875/1546
f 1496/1911/1579 1502/1922/1587 1495/1910/1578
f 1476/1923/1588 1464/1877/1547 1504/1924/1589
f 1505/1925/1590 1464/1877/1547 1501/1926/1586
f 1505/1927/1590 1502/1922/1587 1506/1928/1591
f 1477/1929/1592 1476/1923/1588 1507/1930/1593
f 1508/1931/1594 1476/1923/1588 1504/1924/1589
f 1509/1932/1595 1504/1924/1589 1505/1925/1590
f 1478/1891/1560 1507/1930/1593 1510/1933/1596
f 1498/1934/1582 1478/1891/1560 1510/1933/1596
f 1511/1935/1597 1507/1930/1593 1508/1931/1594
f 1512/1936/1598 1508/1931/1594 1509/1932/1595
f 1513/1937/1599 1498/1938/1582 1510/1939/1596
f 1514/1940/1600 1510/1933/1596 1511/1935/1597
f 1515/1941/1601 1499/1920/1585 1513/1937/1602
f 1386/1942/891 1522/1943/1603 1494/1913/1581
f 1497/1912/1580 1516/1944/1604 1503/1945/1605
f 1503/1945/1605 1517/1946/1606 1506/1928/1591
f 1506/1928/1591 1518/1947/1607 1509/1948/1595
f 1512/1949/1598 1519/1950/1608 1511/1951/1597
f 1514/1952/1600 1520/1953/1609 1513/1937/1602
f 1514/1952/1600 1519/1954/1608 1521/1955/1610
f 1515/1941/1601 1520/1953/1609 1475/1918/1559
f 1516/1944/1604 1523/1956/1611 1517/1946/1606
f 1517/1946/1606 1523/1956/1611 1518/1947/1607
f 1518/1957/1607 1524/1958/1612 1519/1954/1608
f 1521/1955/1610 1525/1959/1613 1520/1953/1609
f 1475/1890/1559 1525/1960/1613 1480/1895/1563
f 1522/1961/1603 1526/1962/1614 1523/1963/1611
f 1523/1963/1611 1527/1964/1615 1524/1958/1612
f 1480/1895/1563 1525/1960/1613 1483/1899/1567
f 1527/1965/1615 1528/1966/1616 1525/1960/1613
f 1483/1899/1567 1490/1906/1574 1487/1904/1572
f 1529/1967/1617 1525/1960/1613 1528/1966/1616
f 1527/1964/1615 1526/1962/1614 1532/1968/1618
f 1529/1967/1617 1492/1908/1576 1490/1906/1574
f 1531/1969/1619 1528/1966/1616 1530/1970/1620
f 1725/1971/1621 1526/1962/1614 1522/1961/1603
f 1492/1908/1576 1530/1970/1620 1534/1972/1622
f 1535/1973/1623 1536/1974/1624 1384/1975/1625
f 1285/1656/1359 999/1777/1464 1384/1975/1625
f 1535/1976/1623 1537/1977/1626 1536/1978/1624
f 1384/1975/1625 1539/1979/1627 1285/1656/1359
f 1541/1980/1628 1384/1975/1625 1536/1974/1624
f 1543/1981/1629 1536/1982/1624 1537/1983/1626
f 1538/1984/1630 1544/1985/1631 1537/1977/1626
f 1546/1986/1632 1291/1665/1369 1539/1979/1627
f 1546/1987/1633 1297/1667/1371 1296/1666/1370
f 1540/1988/1634 1546/1989/1632 1539/1990/1627
f 1547/1991/1635 1298/1992/1636 1297/1667/1371
f 1548/1993/1637 1158/1668/1372 1298/1992/1636
f 1550/1994/1638 1540/1995/1634 1541/1980/1628
f 1550/1996/1639 1548/1993/1637 1547/1991/1635
f 1542/1997/1640 1550/1998/1638 1541/1999/1628
f 1551/2000/1641 1549/2001/1642 1548/1993/1637
f 1553/2002/1643 1542/2003/1640 1543/1981/1629
f 1553/2004/1643 1552/2005/1644 1551/2000/1641
f 1544/1985/1631 1553/2006/1643 1543/2007/1629
f 1555/2008/1645 1544/1985/1631 1545/2009/1646
f 1556/2010/1647 1557/2011/1648 1385/1791/1473
f 1558/2012/1649 1557/2011/1648 1556/2010/1647
f 1559/2013/1650 1535/1973/1623 1557/2011/1648
f 1561/2014/1651 1557/2011/1648 1558/2012/1649
f 1562/2015/1652 1535/1973/1623 1559/2013/1650
f 1566/2016/1653 1559/2017/1650 1560/2018/1654
f 1571/2019/1655 1560/2018/1654 1561/2020/1651
f 1571/2021/1655 1568/2022/1656 1567/2023/1657
f 1572/2024/1658 1569/2025/1659 1568/2026/1656
f 1573/2027/1660 1570/2028/1661 1569/2025/1659
f 1580/2029/1662 1538/2030/1630 1562/2015/1652
f 1580/2031/1662 1577/2032/1663 1576/2033/1664
f 1563/2034/1665 1580/2035/1662 1562/2036/1652
f 1581/2037/1666 1578/2038/1667 1577/2032/1663
f 1582/2039/1668 1579/2040/1669 1578/2038/1667
f 1585/2041/1670 1563/2042/1665 1564/2043/1671
f 1585/2044/1670 1582/2039/1668 1581/2037/1666
f 1565/2045/1672 1585/2046/1670 1564/2047/1671
f 1586/2048/1673 1583/2049/1674 1582/2039/1668
f 1587/2050/1675 1584/2051/1676 1583/2049/1674
f 1590/2052/1677 1565/2045/1672 1566/2016/1653
f 1590/2053/1677 1587/2050/1675 1586/2048/1673
f 1591/2054/1678 1566/2016/1653 1567/2055/1657
f 1591/2056/1678 1588/2057/1679 1587/2050/1675
f 1592/2058/1680 1567/2059/1657 1568/2026/1656
f 1592/2058/1680 1589/2060/1681 1588/2057/1679
f 1593/2061/1682 1568/2026/1656 1569/2025/1659
f 1593/2061/1682 1569/2025/1659 1570/2028/1661
f 1552/2005/1644 1594/2062/1683 1549/2001/1642
f 1554/2063/1684 1595/2064/1685 1552/2005/1644
f 1597/2065/1686 1596/2066/1687 1595/2064/1685
f 1555/2067/1645 1597/2065/1686 1554/2063/1684
f 1599/2068/1688 1545/2069/1646 1576/2033/1664
f 1599/2068/1688 1598/2070/1689 1597/2065/1686
f 1600/2071/1690 1576/2033/1664 1577/2032/1663
f 1601/2072/1691 1577/2032/1663 1578/2038/1667
f 1601/2072/1691 1578/2038/1667 1579/2040/1669
f 1603/2073/1692 1602/2074/1693 1579/2040/1669
f 1589/2060/1681 1603/2073/1692 1584/2051/1676
f 1605/2075/1694 1604/2076/1695 1589/2060/1681
f 1601/2072/1691 1606/2077/1696 1598/2070/1689
f 1601/2072/1691 1579/2040/1669 1602/2074/1693
f 1604/2076/1695 1609/2078/1697 1603/2073/1692
f 1611/2079/1698 1610/2080/1699 1604/2076/1695
f 1570/2028/1661 1611/2079/1698 1605/2075/1694
f 1570/2028/1661 1575/2081/1700 1608/2082/1701
f 1613/2083/1702 1594/2062/1683 1596/2066/1687
f 1615/2084/1703 1614/2085/1704 1607/2086/1705
f 1615/2084/1703 1603/2073/1692 1609/2078/1697
f 1616/2087/1706 1617/2088/1707 1618/2089/1708
f 1622/2090/1709 1617/2088/1707 1619/2091/1710
f 1624/2092/1711 1623/2093/1712 1609/2078/1697
f 1624/2092/1711 1610/2080/1699 1611/2079/1698
f 1608/2082/1701 1611/2079/1698 1612/2094/1713
f 1627/2095/1714 1611/2079/1698 1608/2082/1701
f 1627/2095/1714 1620/2096/1715 1621/2097/1716
f 1628/2098/1717 1624/2092/1711 1627/2095/1714
f 1622/2099/1709 1627/2095/1714 1621/2097/1716
f 1628/2100/1717 1619/2101/1710 1626/2102/1718
f 1629/2103/1719 1158/1668/1372 1594/2062/1683
f 1630/2104/1720 1613/2083/1702 1606/2077/1696
f 1614/2085/1704 1630/2104/1720 1606/2077/1696
f 1615/2084/1703 1609/2078/1697 1623/2093/1712
f 1633/2105/1721 1631/2106/1722 1632/2107/1723
f 1617/2108/1707 1387/1779/1466 1633/2105/1721
f 1634/2109/1724 725/1778/1465 1360/1760/1447
f 1635/2110/1725 1631/2106/1722 1634/2109/1724
f 1636/2111/1726 1631/2106/1722 1635/2110/1725
f 1632/2112/1723 1636/2113/1726 1637/2114/1727
f 1638/2115/1728 1632/2107/1723 1637/2116/1727
f 1639/2117/1729 1633/2105/1721 1638/2115/1728
f 1641/2118/1730 1360/1760/1447 1370/1776/1463
f 1643/2119/1731 1360/1760/1447 1640/2120/1732
f 1645/2121/1733 1634/2109/1724 1642/2122/1734
f 1647/2123/1735 1635/2110/1725 1644/2124/1736
f 1637/2114/1727 1646/2125/1737 1650/2126/1738
f 1651/2127/1739 1623/2093/1712 1625/2128/1740
f 1652/2129/1741 1648/2130/1742 1651/2127/1739
f 1652/2131/1741 1637/2132/1727 1649/2133/1743
f 1653/2134/1744 1625/2128/1740 1626/2135/1718
f 1653/2136/1744 1619/2091/1710 1639/2137/1729
f 1653/2138/1744 1638/2115/1728 1651/2139/1739
f 1654/2140/1745 1323/1693/1395 1629/2103/1719
f 1655/2141/1746 1323/1693/1395 1654/2140/1745
f 1656/2142/1747 1380/1771/1459 1655/2141/1746
f 1657/2143/1748 1381/1772/1460 1656/2142/1747
f 1657/2144/1748 1640/2145/1732 1641/2146/1730
f 1657/2147/1748 1370/1776/1463 1382/2148/1461
f 1658/2149/1749 1629/2103/1719 1613/2083/1702
f 1659/2150/1750 1629/2103/1719 1658/2149/1749
f 1660/2151/1751 1654/2140/1745 1659/2150/1750
f 1661/2152/1752 1655/2141/1746 1660/2151/1751
f 1661/2153/1752 1642/2154/1734 1643/2155/1731
f 1661/2156/1752 1640/2120/1732 1656/2157/1747
f 1662/2158/1753 1613/2083/1702 1630/2104/1720
f 1663/2159/1754 1658/2149/1749 1662/2158/1753
f 1664/2160/1755 1659/2150/1750 1663/2159/1754
f 1664/2161/1755 1644/2162/1736 1645/2163/1733
f 1664/2164/1755 1642/2122/1734 1660/2165/1751
f 1665/2166/1756 1630/2104/1720 1614/2085/1704
f 1666/2167/1757 1630/2104/1720 1665/2166/1756
f 1667/2168/1758 1662/2158/1753 1666/2167/1757
f 1667/2169/1758 1646/2125/1737 1647/2170/1735
f 1667/2171/1758 1644/2124/1736 1663/2172/1754
f 1623/2093/1712 1614/2085/1704 1615/2084/1703
f 1668/2173/1759 1614/2085/1704 1623/2093/1712
f 1668/2173/1759 1648/2130/1742 1649/2174/1743
f 1669/2175/1760 1665/2166/1756 1668/2173/1759
f 1650/2176/1738 1668/2173/1759 1649/2174/1743
f 1669/2177/1760 1646/2178/1737 1666/2179/1757
f 1670/2180/1761 1398/2181/1479 1439/1856/1478
f 1671/2182/1762 1398/2181/1479 1670/2180/1761
f 1673/2183/1763 1556/2184/1647 1398/2181/1479
f 1674/2185/1764 1398/2181/1479 1671/2182/1762
f 1676/2186/1765 1556/2187/1647 1672/2188/1766
f 1677/2189/1767 1672/2190/1766 1673/2183/1763
f 1679/2191/1768 1673/2183/1763 1674/2185/1764
f 1680/2192/1769 1558/2193/1649 1675/2194/1770
f 1684/2195/1771 1675/2194/1770 1676/2196/1765
f 1684/2195/1771 1682/2197/1772 1681/2198/1773
f 1685/2199/1774 1683/2200/1775 1682/2201/1772
f 1686/2202/1776 1676/2196/1765 1677/2189/1767
f 1686/2203/1776 1683/2200/1775 1685/2199/1774
f 1687/2204/1777 1677/2189/1767 1678/2205/1778
f 1688/2206/1779 1561/2207/1651 1680/2192/1769
f 1688/2208/1779 1573/2027/1660 1572/2024/1658
f 1689/2209/1780 1680/2192/1769 1681/2198/1773
f 1689/2210/1780 1574/2211/1781 1573/2027/1660
f 1682/2197/1772 1689/2209/1780 1681/2198/1773
f 1682/2201/1772 1575/2081/1700 1574/2211/1781
f 1690/2212/1782 1682/2201/1772 1683/2200/1775
f 1695/2213/1783 1454/1867/1538 1455/1866/1537
f 1695/2213/1783 1693/2214/1784 1692/2215/1785
f 1696/2216/1786 1455/1866/1537 1456/1870/1541
f 1696/2216/1786 1694/2217/1787 1693/2214/1784
f 1457/1869/1540 1696/2216/1786 1456/1870/1541
f 1698/2218/1788 1670/2180/1761 1691/2219/1789
f 1699/2220/1790 1691/2219/1789 1692/2215/1785
f 1693/2214/1784 1699/2220/1790 1692/2215/1785
f 1694/2217/1787 1705/2221/1791 1693/2214/1784
f 1704/2222/1792 1671/2182/1762 1698/2218/1788
f 1704/2222/1792 1702/2223/1793 1701/2224/1794
f 1699/2220/1790 1704/2222/1792 1698/2218/1788
f 1705/2221/1791 1703/2225/1795 1702/2223/1793
f 1706/2226/1796 1705/2221/1791 1700/2227/1797
f 1679/2191/1768 1707/2228/1798 1678/2205/1778
f 1709/2229/1799 1674/2185/1764 1701/2224/1794
f 1709/2230/1799 1708/2231/1800 1707/2232/1798
f 1702/2223/1793 1709/2229/1799 1701/2224/1794
f 1710/2233/1801 1702/2234/1793 1703/2235/1795
f 1687/2236/1777 1712/2237/1802 1683/2200/1775
f 1707/2228/1798 1687/2204/1777 1678/2205/1778
f 1713/2238/1803 1707/2232/1798 1708/2231/1800
f 1690/2212/1782 1683/2200/1775 1711/2239/1804
f 1470/1885/1554 1697/2240/1805 1458/1872/1543
f 1712/2237/1802 1714/2241/1806 1711/2239/1804
f 1690/2212/1782 1711/2239/1804 1714/2241/1806
f 1717/2242/1807 1694/2217/1787 1697/2240/1805
f 1493/1909/1577 1717/2242/1807 1470/1885/1554
f 1716/2243/1808 1700/2227/1797 1694/2217/1787
f 1706/2226/1796 1719/2244/1809 1703/2225/1795
f 1720/2245/1810 1700/2227/1797 1718/2246/1811
f 1719/2247/1809 1710/2233/1801 1703/2235/1795
f 1710/2233/1801 1721/2248/1812 1708/2231/1800
f 1715/2249/1813 1708/2231/1800 1721/2248/1812
f 1724/2250/1814 1608/2082/1701 1575/2081/1700
f 1729/2251/1815 1725/1971/1621 1522/1961/1603
f 1532/2252/1618 1726/2253/1816 1533/2254/1817
f 1726/2253/1816 1532/2252/1618 1725/2255/1621
f 1727/2256/1818 1493/1909/1577 1534/1972/1622
f 1530/1970/1620 1727/2256/1818 1534/1972/1622
f 1728/2257/1819 1533/2254/1817 1726/2253/1816
f 1730/2258/1820 1725/1971/1621 1729/2251/1815
f 1731/2259/1821 1725/2255/1621 1730/2260/1820
f 1733/2261/1822 1725/2255/1621 1731/2259/1821
f 1716/2243/1808 1720/2245/1810 1718/2246/1811
f 1734/2262/1823 1727/2256/1818 1728/2257/1819
f 1734/2262/1823 1726/2253/1816 1732/2263/1824
f 1736/2264/1825 1729/2265/1815 1735/2266/1826
f 1739/2267/1827 1730/2260/1820 1736/2264/1825
f 1740/2268/1828 1719/2244/1809 1720/2245/1810
f 1740/2268/1828 1720/2245/1810 1732/2263/1824
f 1741/2269/1829 1737/2270/1830 1740/2268/1828
f 1733/2261/1822 1740/2268/1828 1732/2263/1824
f 1741/2269/1829 1731/2259/1821 1738/2271/1831
f 1742/2272/1832 1387/1779/1466 1616/2273/1706
f 1743/2274/1833 1729/2265/1815 1742/2275/1832
f 1746/2276/1834 1735/2266/1826 1743/2274/1833
f 1737/2277/1830 1721/2248/1812 1722/2278/1835
f 1747/2279/1836 1721/2248/1812 1737/2277/1830
f 1747/2280/1836 1737/2270/1830 1738/2271/1831
f 1748/2281/1837 1744/2282/1838 1747/2280/1836
f 1748/2281/1837 1738/2271/1831 1739/2267/1827
f 1748/2281/1837 1736/2264/1825 1745/2283/1839
f 1750/2284/1840 1616/2087/1706 1618/2089/1708
f 1753/2285/1841 1742/2275/1832 1749/2286/1842
f 1754/2287/1843 1723/2288/1844 1744/2289/1838
f 1754/2290/1843 1744/2282/1838 1745/2283/1839
f 1755/2291/1845 1751/2292/1846 1754/2287/1843
f 1746/2276/1834 1754/2290/1843 1745/2283/1839
f 1755/2293/1845 1743/2274/1833 1752/2294/1847
f 1756/2295/1848 1608/2082/1701 1724/2250/1814
f 1757/2296/1849 1608/2082/1701 1756/2295/1848
f 1758/2297/1850 1620/2096/1715 1757/2296/1849
f 1758/2298/1850 1749/2286/1842 1750/2284/1840
f 1758/2299/1850 1618/2300/1708 1621/2301/1716
f 1751/2292/1846 1714/2241/1806 1723/2288/1844
f 1756/2295/1848 1724/2250/1814 1751/2292/1846
f 1756/2302/1848 1751/2303/1846 1752/2294/1847
f 1753/2285/1841 1756/2302/1848 1752/2294/1847
f 1759/2304/1851 1749/2286/1842 1757/2305/1849
f 4/1/1 3/5/5 1/2/2
f 5/7/7 4/1/1 2/3/3
f 7/4/4 6/2306/1852 3/5/5
f 8/6/6 7/4/4 4/1/1
f 9/197/21 6/2306/1852 7/4/4
f 11/10/10 8/6/6 10/9/9
f 13/11/11 2/15/15 1/12/12
f 15/16/16 12/26/26 1/17/17
f 6/19/19 16/27/27 15/16/16
f 17/30/30 16/27/27 6/19/19
f 18/20/20 17/30/30 6/19/19
f 19/38/1853 18/20/20 9/21/21
f 21/22/22 13/11/11 12/13/13
f 22/24/24 14/14/14 13/11/11
f 15/16/16 23/28/28 20/25/25
f 16/27/27 24/44/44 23/28/28
f 25/29/29 24/44/44 16/27/27
f 26/31/31 25/29/29 17/30/30
f 29/2307/1854 26/31/31 18/20/32
f 29/32/33 30/35/35 27/33/34
f 30/35/35 31/41/41 28/36/36
f 32/37/37 29/2307/1854 18/20/32
f 32/39/39 33/40/40 30/35/35
f 33/40/40 34/274/233 31/41/41
f 37/43/43 36/42/42 23/28/28
f 38/45/45 37/43/43 24/44/44
f 41/46/46 38/45/45 25/29/29
f 41/47/46 27/33/34 39/48/47
f 27/33/34 42/89/77 40/53/48
f 28/36/36 42/89/77 27/33/34
f 22/24/24 21/22/22 43/54/49
f 45/56/51 44/55/57 36/42/42
f 48/57/52 45/56/51 37/43/43
f 48/62/52 49/64/54 46/66/53
f 39/61/47 49/64/54 48/62/52
f 49/64/54 50/2308/1855 47/65/55
f 40/2309/48 50/2310/1855 49/2311/54
f 43/54/49 20/23/23 51/386/331
f 44/55/50 51/77/64 20/25/25
f 46/66/53 53/71/58 52/69/56
f 47/65/55 54/75/62 53/71/58
f 44/55/50 55/73/65 51/77/64
f 52/68/56 55/73/60 44/55/57
f 52/69/56 57/80/68 56/79/59
f 53/71/58 57/80/68 52/69/56
f 58/74/61 57/80/68 53/71/58
f 56/72/59 60/2312/335 59/76/66
f 61/78/67 60/390/335 56/79/59
f 58/74/61 62/85/73 61/78/67
f 5/7/7 2/3/3 63/81/69
f 8/6/6 5/7/7 64/82/70
f 65/83/71 63/95/69 2/15/15
f 22/24/24 65/83/71 14/14/14
f 34/274/233 67/97/84 31/41/41
f 35/103/89 66/84/72 22/24/24
f 50/2308/1855 68/90/78 47/65/55
f 40/2309/48 68/2313/78 50/2310/1855
f 69/86/74 58/74/61 54/75/62
f 75/8/8 8/6/6 70/87/75
f 31/41/41 71/88/76 28/36/36
f 42/89/77 72/99/80 40/53/48
f 74/105/91 62/85/73 69/86/74
f 66/84/72 76/94/82 65/83/71
f 71/88/76 78/98/85 42/89/77
f 80/101/87 54/75/62 73/91/79
f 81/106/92 69/86/74 80/101/87
f 81/106/92 82/111/97 74/105/91
f 70/87/75 64/82/70 83/107/93
f 35/103/89 85/108/94 66/84/72
f 78/98/85 86/120/96 72/99/80
f 68/90/78 87/109/95 79/100/86
f 87/109/95 68/90/78 72/92/80
f 88/112/98 81/106/92 80/101/87
f 90/113/99 63/81/69 89/2314/1856
f 70/87/75 83/107/93 90/113/99
f 84/93/81 70/87/75 91/114/100
f 76/94/82 89/2315/1856 63/95/69
f 94/115/101 93/118/104 71/88/76
f 67/97/84 95/117/103 77/96/83
f 96/116/102 94/115/101 77/96/83
f 96/116/102 95/117/103 92/164/142
f 93/118/104 98/119/105 78/98/85
f 100/122/107 80/101/87 79/100/86
f 101/192/166 82/111/97 88/112/98
f 90/113/99 89/2314/1856 102/123/108
f 104/124/109 102/123/108 103/125/110
f 91/114/100 90/113/99 104/124/109
f 106/127/112 104/124/109 105/126/111
f 108/131/116 84/93/81 91/114/100
f 106/127/112 108/131/116 91/114/100
f 111/132/117 110/130/115 106/127/112
f 108/131/116 112/311/268 84/93/81
f 102/133/108 89/2315/1856 76/94/82
f 103/135/110 102/133/108 113/134/118
f 115/137/120 105/2316/111 103/138/110
f 107/140/113 105/2316/111 115/137/120
f 117/142/122 109/144/114 107/140/113
f 119/145/124 111/147/126 109/144/114
f 113/134/118 76/94/82 85/108/94
f 114/136/119 113/134/118 123/148/127
f 115/137/120 114/139/119 124/150/128
f 126/152/130 116/141/121 115/137/120
f 117/142/122 116/141/121 126/152/130
f 131/154/132 128/2317/131 127/155/133
f 131/157/132 118/143/139 117/142/122
f 132/158/135 129/160/137 93/118/104
f 133/159/136 130/156/134 129/160/137
f 133/159/136 134/166/138 131/154/132
f 134/161/138 119/145/1857 118/143/139
f 92/164/142 135/162/140 96/116/102
f 135/162/140 132/158/135 94/115/101
f 133/159/136 135/162/140 120/163/141
f 134/166/138 133/159/136 121/165/143
f 134/161/138 122/146/144 119/145/1857
f 136/473/146 124/149/128 123/148/127
f 137/168/145 125/151/129 124/150/128
f 138/170/147 126/152/130 125/151/129
f 140/2318/149 139/174/151 127/155/133
f 140/171/149 128/153/131 126/152/130
f 141/173/150 139/174/151 86/120/96
f 141/173/150 98/119/105 129/160/137
f 141/173/150 130/156/134 127/155/133
f 142/176/1858 137/168/145 136/169/146
f 144/175/152 138/170/147 137/168/148
f 145/177/154 143/180/156 99/121/106
f 145/177/154 87/109/95 86/110/96
f 146/179/155 144/185/152 143/180/156
f 146/179/155 145/177/154 139/178/151
f 146/182/155 140/171/149 138/170/147
f 147/187/164 142/176/1858 136/169/146
f 148/183/157 100/122/107 99/121/106
f 149/184/158 148/183/157 143/180/156
f 149/186/159 144/175/152 142/176/153
f 150/188/161 88/112/98 100/122/107
f 151/189/162 150/188/161 148/183/157
f 151/194/162 149/186/159 147/187/160
f 150/188/161 154/193/167 101/192/166
f 151/189/162 155/470/169 154/193/167
f 151/194/162 147/187/160 153/191/168
f 11/10/10 156/196/170 7/4/4
f 156/196/170 157/2319/177 9/197/21
f 158/198/171 157/2319/177 156/196/170
f 159/199/172 156/196/170 11/10/10
f 160/200/173 158/198/171 159/199/172
f 161/201/174 159/199/172 11/10/10
f 162/202/175 11/10/10 10/9/9
f 9/21/21 164/215/1859 19/38/1853
f 9/21/21 165/205/178 164/215/1859
f 157/204/177 166/224/193 165/205/178
f 167/226/195 166/224/193 157/204/177
f 168/206/179 167/226/195 157/204/177
f 160/208/173 169/230/199 168/206/179
f 170/232/181 169/230/199 160/208/173
f 171/216/186 32/37/37 19/38/38
f 172/212/182 33/40/40 32/39/39
f 173/214/184 34/274/233 33/40/40
f 164/215/185 174/2320/1860 171/216/186
f 175/217/187 172/212/182 171/213/183
f 176/219/189 173/214/184 172/212/182
f 164/215/185 177/223/191 174/2320/1860
f 178/220/190 175/217/187 174/218/188
f 179/222/192 176/219/189 175/217/187
f 165/205/178 180/225/194 177/223/191
f 166/224/193 181/227/196 180/225/194
f 167/226/195 182/240/206 181/227/196
f 183/228/197 182/240/206 167/226/195
f 184/229/198 183/228/197 168/206/179
f 185/231/200 184/229/198 169/230/199
f 178/2321/190 177/2322/191 186/2323/202
f 180/225/194 188/239/204 186/234/202
f 189/235/203 178/220/190 186/236/202
f 190/238/205 187/233/201 178/220/190
f 181/227/196 191/241/207 188/239/204
f 182/240/206 192/242/208 191/241/207
f 183/228/197 193/253/214 192/242/208
f 184/229/198 193/253/214 183/228/197
f 189/244/203 188/2324/204 194/2325/210
f 191/241/207 196/252/212 194/246/210
f 197/251/211 189/244/203 194/2325/210
f 198/250/213 195/245/209 189/244/203
f 192/242/208 199/254/215 196/252/212
f 197/251/211 196/2326/212 200/255/216
f 198/250/213 197/251/211 201/256/217
f 199/254/215 203/259/220 200/258/219
f 193/253/214 204/260/221 203/259/220
f 184/229/198 205/261/222 204/260/221
f 201/256/217 200/255/216 206/265/224
f 203/259/220 208/272/226 206/263/224
f 209/264/225 201/256/217 206/265/224
f 210/267/227 207/262/223 201/256/217
f 204/260/221 208/272/226 203/259/220
f 209/264/225 208/266/226 211/268/228
f 210/267/227 209/264/225 212/269/229
f 204/260/221 214/273/232 211/271/231
f 185/231/200 215/569/479 205/261/222
f 217/276/235 216/275/234 195/245/209
f 218/277/236 217/276/235 198/250/213
f 207/262/223 218/277/236 202/257/218
f 220/279/238 219/278/237 207/262/223
f 221/280/239 220/279/238 210/267/227
f 179/222/192 224/291/250 223/281/240
f 224/291/250 179/222/192 225/282/241
f 227/284/243 226/283/242 218/277/236
f 220/279/238 227/284/243 219/278/237
f 222/320/277 10/9/9 84/93/81
f 173/214/184 228/290/249 67/97/84
f 223/281/240 228/290/249 173/214/184
f 190/238/205 229/300/259 225/282/241
f 230/285/244 229/304/259 190/243/205
f 217/276/235 230/285/244 216/275/234
f 226/283/242 231/286/245 217/276/235
f 233/288/247 232/287/246 220/279/238
f 236/293/252 235/292/251 226/283/242
f 232/287/246 236/293/252 227/284/243
f 238/294/253 239/295/254 92/164/142
f 228/290/249 238/294/253 95/117/103
f 239/295/254 238/294/253 240/296/255
f 234/289/248 238/294/253 228/290/249
f 234/289/248 242/298/257 240/296/255
f 224/291/250 243/342/293 234/289/248
f 243/342/293 242/298/257 234/289/248
f 225/282/241 243/342/293 224/291/250
f 244/299/258 243/342/293 225/282/241
f 230/285/244 246/302/261 229/304/259
f 246/302/261 230/285/244 231/286/245
f 248/306/263 247/305/262 235/292/251
f 249/307/264 248/306/263 236/293/252
f 233/288/247 249/307/264 232/287/246
f 251/309/266 237/308/265 250/2327/1861
f 110/130/115 252/310/267 108/131/116
f 222/320/277 84/93/81 112/311/268
f 255/314/271 110/130/115 254/313/270
f 258/317/274 257/316/273 252/310/267
f 259/318/275 258/317/274 255/314/271
f 261/321/278 260/319/276 112/311/268
f 262/322/279 261/321/278 257/316/273
f 263/323/280 262/322/279 258/317/274
f 264/324/281 121/165/143 120/163/141
f 265/325/282 122/167/144 121/165/143
f 265/326/283 253/328/269 111/147/126
f 241/297/256 266/327/284 264/324/281
f 266/327/284 267/2328/1862 265/325/282
f 254/331/270 253/328/269 268/330/286
f 270/333/288 256/335/272 254/331/270
f 271/334/289 259/2329/275 256/335/272
f 263/339/280 273/340/291 272/355/290
f 263/339/280 259/2329/275 271/334/289
f 242/298/257 274/341/292 241/297/256
f 275/345/296 267/2328/1862 266/327/284
f 243/342/293 276/343/294 274/341/292
f 276/343/294 277/344/295 266/327/284
f 277/344/295 278/349/300 275/345/296
f 268/330/297 267/329/1862 275/346/296
f 244/299/258 276/343/294 243/342/293
f 244/299/258 279/348/299 277/344/295
f 279/348/299 280/2330/301 278/349/300
f 269/332/287 268/330/297 278/347/298
f 281/351/302 270/333/288 269/332/287
f 283/353/304 271/334/289 270/333/288
f 273/340/291 285/356/306 284/354/305
f 285/356/306 273/340/291 271/334/289
f 286/359/308 280/2331/301 279/357/299
f 246/302/261 287/358/307 279/357/299
f 287/2332/307 288/2333/309 286/2334/308
f 281/351/302 280/350/301 286/360/308
f 289/362/310 282/352/303 281/351/302
f 283/353/304 282/352/303 289/362/310
f 285/356/306 283/353/304 290/363/311
f 292/365/313 287/358/307 246/302/261
f 293/366/314 288/2335/309 287/358/307
f 289/362/310 288/361/309 293/367/314
f 290/363/311 289/362/310 294/368/315
f 291/364/312 231/286/245 247/305/262
f 296/370/317 292/365/313 291/364/312
f 297/371/318 293/366/314 292/365/313
f 296/370/317 298/2336/319 297/371/318
f 294/368/315 293/367/314 297/372/318
f 299/374/320 290/363/311 294/368/315
f 295/369/316 290/363/311 299/374/320
f 301/376/322 296/370/317 248/306/263
f 302/377/323 298/2336/319 296/370/317
f 299/374/320 298/373/319 302/378/324
f 295/369/316 299/374/320 303/379/325
f 300/375/321 249/307/264 251/309/266
f 251/309/266 250/2327/1861 304/380/326
f 306/381/327 301/376/322 300/375/321
f 306/381/327 304/380/326 305/382/328
f 302/377/323 301/376/322 306/381/327
f 295/369/316 309/604/510 308/385/330
f 309/604/510 295/369/316 303/379/325
f 59/76/63 311/394/339 310/388/333
f 60/2312/335 311/394/341 59/76/66
f 312/395/334 311/394/341 60/2312/335
f 61/78/67 313/391/336 60/390/335
f 314/392/337 313/391/336 61/78/67
f 314/392/337 317/402/347 316/396/342
f 315/393/338 319/399/1863 318/398/343
f 312/395/334 320/404/349 319/399/344
f 321/400/345 320/2337/349 312/389/334
f 322/401/346 321/400/345 316/396/342
f 323/2338/351 320/2339/349 321/2340/345
f 319/399/1863 325/405/350 318/398/343
f 320/404/349 326/407/352 325/405/350
f 323/406/351 327/419/359 326/407/352
f 328/408/353 327/2341/359 323/409/351
f 329/2342/354 328/408/353 321/410/345
f 330/414/355 327/2343/359 328/415/353
f 331/416/356 328/415/353 329/411/354
f 333/442/379 332/417/357 329/411/354
f 334/445/382 332/417/357 333/442/379
f 325/405/350 335/418/358 318/398/343
f 326/407/352 336/420/360 335/418/358
f 327/419/359 337/422/361 336/420/360
f 330/421/355 338/431/370 337/422/361
f 331/2344/356 338/431/370 330/421/355
f 339/423/362 338/2345/370 331/416/356
f 340/424/363 331/416/356 332/417/357
f 334/445/382 341/425/364 332/417/357
f 342/426/365 339/423/362 340/424/363
f 344/428/367 343/427/366 340/424/363
f 336/420/360 345/429/368 335/418/358
f 346/430/369 345/429/368 337/422/361
f 342/433/365 347/436/373 346/430/369
f 22/24/24 43/54/49 348/434/371
f 346/430/369 350/437/374 349/435/372
f 35/103/89 22/24/24 351/438/375
f 345/429/368 352/1155/931 335/418/358
f 353/439/376 352/1155/931 345/429/368
f 314/392/337 354/441/378 317/402/347
f 355/440/377 322/401/346 317/402/347
f 356/443/380 329/411/354 324/413/348
f 333/442/379 329/411/354 356/443/380
f 334/445/382 333/442/379 357/444/381
f 62/85/73 359/447/384 314/392/337
f 360/450/385 324/403/348 355/440/377
f 82/111/97 361/449/386 359/447/384
f 354/441/378 362/451/387 355/440/377
f 363/457/393 356/443/380 360/448/385
f 364/452/388 356/443/380 363/457/393
f 358/446/383 357/444/381 364/452/388
f 358/446/383 366/454/390 341/425/364
f 367/455/391 341/425/364 366/454/390
f 361/449/386 368/456/392 354/441/378
f 362/451/387 369/2346/394 360/450/385
f 366/454/390 365/453/389 370/459/395
f 371/460/396 361/449/386 82/111/97
f 372/462/398 368/456/392 371/460/396
f 373/461/397 362/451/387 368/456/392
f 374/463/399 369/2346/394 362/451/387
f 375/464/400 369/458/394 374/489/399
f 375/464/400 376/465/401 364/452/388
f 370/459/395 364/452/388 376/465/401
f 378/467/403 370/459/395 377/466/402
f 366/454/390 380/469/405 367/455/391
f 154/193/167 381/471/406 371/460/396
f 155/470/169 382/475/407 381/471/406
f 153/191/165 136/169/146 383/482/408
f 381/471/406 384/476/409 372/462/398
f 382/475/407 385/2347/410 384/476/409
f 386/478/411 373/461/397 372/462/398
f 387/485/412 386/478/411 384/476/409
f 385/477/410 153/191/168 388/483/413
f 386/478/411 390/486/415 374/463/399
f 387/485/412 391/2348/416 390/486/415
f 387/487/412 385/477/410 389/484/414
f 393/491/418 392/490/417 374/489/399
f 394/493/419 393/491/418 390/492/415
f 389/484/414 388/483/413 395/495/420
f 391/488/416 389/484/414 396/496/421
f 398/498/423 376/465/401 375/464/400
f 393/491/418 399/499/424 398/498/423
f 394/493/419 400/504/425 399/499/424
f 394/500/419 391/488/416 397/497/422
f 401/505/428 377/466/402 398/498/423
f 402/502/426 401/505/428 398/498/423
f 403/503/427 402/502/426 399/499/424
f 404/627/527 379/468/404 401/505/428
f 405/506/429 404/627/527 401/505/428
f 406/507/430 405/506/429 402/502/426
f 397/497/422 396/496/421 407/508/431
f 400/501/425 397/497/422 408/509/432
f 403/2349/427 400/501/425 409/510/433
f 406/511/430 403/2349/427 409/510/433
f 409/510/433 408/509/432 411/513/435
f 410/512/434 409/510/433 412/514/436
f 412/514/436 411/513/435 413/648/545
f 85/108/94 97/102/88 152/190/163
f 395/495/420 383/482/408 414/1239/437
f 413/648/545 411/513/435 415/516/438
f 418/517/439 420/518/440 417/523/445
f 418/517/439 212/269/229 211/268/228
f 421/520/442 213/270/230 212/269/229
f 214/273/232 420/528/440 211/271/231
f 215/569/479 422/521/443 205/261/222
f 424/522/444 418/517/439 417/523/445
f 425/525/447 419/519/441 418/517/439
f 426/526/448 423/534/446 417/527/445
f 214/273/232 427/547/462 426/526/448
f 422/521/443 427/547/462 214/273/232
f 429/2350/449 431/2351/450 428/2352/455
f 429/529/449 424/522/444 423/524/446
f 432/531/451 425/525/447 424/522/444
f 433/533/453 431/544/450 423/534/446
f 427/547/462 433/533/453 426/526/448
f 435/539/454 437/2353/456 434/2354/469
f 435/535/454 429/529/449 428/536/455
f 438/541/457 430/532/452 429/529/449
f 439/542/459 437/560/456 428/543/455
f 440/545/460 439/542/459 431/544/450
f 441/546/461 440/545/460 433/533/453
f 422/521/443 441/546/461 427/547/462
f 443/549/464 442/548/463 343/427/366
f 445/550/465 444/553/468 342/426/365
f 446/551/466 445/550/465 442/548/463
f 448/552/467 447/2355/470 444/553/468
f 448/552/467 435/539/454 434/2354/469
f 449/557/471 448/552/467 445/550/465
f 449/557/471 436/540/458 435/539/454
f 450/558/472 447/565/470 434/559/469
f 451/561/473 450/558/472 437/560/456
f 452/562/474 451/561/473 439/542/459
f 441/546/461 452/562/474 440/545/460
f 453/564/475 347/436/373 444/563/468
f 450/558/472 454/566/476 453/564/475
f 452/562/474 454/566/476 451/561/473
f 455/567/477 353/439/376 350/437/374
f 452/562/474 456/568/478 454/566/476
f 422/521/443 457/570/480 441/546/461
f 421/520/442 221/280/239 213/270/230
f 460/574/483 459/572/482 458/577/486
f 461/571/481 438/538/457 436/540/458
f 446/551/466 443/549/464 462/575/484
f 449/557/471 459/572/482 436/540/458
f 449/557/471 463/576/485 458/577/486
f 237/308/265 419/519/441 465/580/489
f 237/308/265 233/288/247 221/280/239
f 425/525/447 465/580/489 419/519/441
f 464/578/487 430/532/452 467/590/491
f 464/578/487 466/579/488 425/525/447
f 469/584/493 460/574/483 468/581/490
f 461/571/481 467/582/491 430/2356/452
f 470/583/492 461/571/481 460/574/483
f 471/586/495 462/575/484 367/455/391
f 474/585/494 463/576/485 462/575/484
f 468/581/490 458/577/486 474/585/494
f 473/588/497 472/587/496 465/580/489
f 473/588/497 466/579/488 464/578/487
f 472/587/496 250/2327/1861 237/308/265
f 477/589/498 464/578/487 467/590/491
f 480/592/500 468/581/490 474/585/494
f 481/594/502 480/592/500 478/593/501
f 482/597/505 469/584/493 480/592/500
f 482/597/505 480/592/500 481/594/502
f 475/596/504 470/583/492 469/584/493
f 475/596/504 476/2357/499 467/582/491
f 483/598/506 471/586/495 380/469/405
f 478/593/501 474/585/494 483/598/506
f 483/598/506 479/595/503 478/593/501
f 479/595/503 483/598/506 380/469/405
f 304/380/326 250/2327/1861 472/587/496
f 485/600/508 307/384/329 305/601/328
f 486/603/509 303/379/325 307/384/329
f 490/605/511 487/613/518 488/606/512
f 304/380/326 472/587/496 490/605/511
f 491/607/513 488/606/512 489/608/514
f 484/599/507 304/380/326 491/607/513
f 493/610/516 485/600/508 484/602/507
f 496/614/517 476/2357/499 475/596/504
f 488/606/512 487/613/518 496/612/517
f 497/616/520 494/615/519 495/618/521
f 489/608/514 488/606/512 497/617/520
f 477/589/498 490/605/511 473/588/497
f 477/589/498 476/591/499 487/613/518
f 499/621/523 492/611/515 489/622/514
f 500/624/524 493/610/516 492/611/515
f 501/625/525 486/603/509 493/610/516
f 502/626/526 479/595/503 379/468/404
f 503/628/528 502/626/526 404/627/527
f 504/629/529 503/628/528 405/506/429
f 505/630/530 479/595/503 502/626/526
f 505/630/530 502/626/526 503/628/528
f 506/631/531 503/628/528 504/629/529
f 508/633/533 482/597/505 505/630/530
f 494/615/519 475/596/504 482/597/505
f 508/633/533 505/630/530 506/631/531
f 509/634/534 506/631/531 507/632/532
f 495/618/521 494/615/519 509/634/534
f 511/636/536 498/623/522 495/637/521
f 512/639/537 499/621/523 498/623/522
f 513/640/538 500/624/524 499/621/523
f 504/642/529 406/511/430 410/512/434
f 514/641/539 507/2358/532 504/642/529
f 514/641/539 510/638/535 507/2358/532
f 515/643/540 511/636/536 510/638/535
f 516/644/541 512/639/537 511/636/536
f 517/645/542 513/640/538 512/639/537
f 518/646/543 514/641/539 410/512/434
f 518/646/543 515/643/540 514/641/539
f 520/647/544 516/644/541 515/643/540
f 309/604/510 519/1369/1106 308/385/330
f 520/647/544 518/646/543 412/514/436
f 521/1370/1107 501/625/525 517/645/542
f 309/604/510 501/625/525 521/1370/1107
f 520/647/544 413/648/545 416/1241/998
f 522/649/546 161/201/174 162/202/175
f 523/650/547 162/202/175 163/203/176
f 524/651/548 163/203/176 10/9/9
f 526/653/550 523/650/547 524/651/548
f 527/654/551 524/651/548 525/652/549
f 529/656/553 527/654/551 528/655/552
f 532/661/556 170/680/181 522/662/555
f 526/664/558 533/681/559 532/665/556
f 529/674/561 534/673/562 533/684/559
f 531/695/563 535/685/566 534/673/562
f 170/232/181 536/682/564 185/231/200
f 533/681/559 537/2359/565 536/682/564
f 537/2359/565 538/744/603 536/682/564
f 538/744/603 539/751/607 536/682/564
f 539/751/607 723/755/609 536/682/564
f 530/657/554 528/655/552 540/686/567
f 531/689/563 530/657/554 541/687/568
f 543/690/570 541/687/568 542/688/569
f 543/694/570 547/717/574 535/685/566
f 544/691/571 548/697/575 547/696/574
f 545/692/572 549/698/576 548/697/575
f 546/693/573 550/702/580 549/698/576
f 551/699/577 547/696/574 548/697/575
f 552/700/578 548/697/575 549/698/576
f 553/701/579 549/698/576 550/702/580
f 556/705/583 552/700/578 553/701/579
f 557/706/584 553/701/579 554/703/581
f 558/707/585 554/703/581 555/704/582
f 561/710/588 557/706/584 558/707/585
f 562/711/589 558/707/585 559/708/586
f 563/712/590 559/708/586 560/709/587
f 565/714/592 564/713/591 560/709/587
f 567/716/594 537/683/565 535/685/566
f 568/721/595 567/716/594 551/722/577
f 556/728/583 569/727/596 568/2360/595
f 561/735/588 570/734/597 569/747/596
f 562/733/589 571/738/600 570/734/597
f 572/739/598 571/738/600 562/733/589
f 573/737/599 572/736/598 563/712/590
f 574/839/601 572/736/598 573/737/599
f 575/741/602 573/737/599 564/713/591
f 569/743/596 576/750/604 538/744/603
f 577/748/605 576/746/604 570/734/597
f 578/749/606 577/748/605 571/738/600
f 577/2361/605 579/754/608 539/751/607
f 566/715/593 580/764/618 575/741/602
f 581/756/610 525/652/549 10/9/9
f 550/702/580 546/693/573 582/757/611
f 583/759/613 540/686/567 581/756/610
f 584/758/612 542/688/569 540/686/567
f 582/757/611 542/688/569 584/758/612
f 550/702/580 585/760/614 555/704/582
f 560/709/587 555/704/582 585/760/614
f 587/762/616 560/709/587 586/761/615
f 566/715/593 565/714/592 587/762/616
f 588/763/617 589/895/715 580/764/618
f 592/769/623 594/768/622 585/760/614
f 595/770/624 587/762/616 586/761/615
f 596/771/625 595/770/624 593/767/621
f 597/773/627 588/763/617 587/762/616
f 598/772/626 597/773/627 587/762/616
f 596/771/625 598/772/626 595/770/624
f 588/763/617 600/774/628 589/895/715
f 597/773/627 601/775/629 600/774/628
f 598/777/626 602/781/633 601/2362/629
f 603/776/630 602/781/633 598/777/626
f 603/776/630 599/779/631 638/782/634
f 605/837/667 604/2363/632 638/838/634
f 606/787/639 581/756/610 222/320/277
f 607/783/635 606/787/639 222/320/277
f 608/784/636 607/783/635 260/319/276
f 609/785/637 608/784/636 261/321/278
f 610/791/643 583/759/613 581/756/610
f 611/786/638 610/791/643 581/756/610
f 612/788/640 611/786/638 606/787/639
f 613/789/641 612/788/640 607/783/635
f 614/795/647 584/758/612 583/759/613
f 615/790/642 614/795/647 583/759/613
f 616/792/644 615/790/642 610/791/643
f 617/793/645 616/792/644 611/786/638
f 618/794/646 582/757/611 584/758/612
f 619/796/648 618/794/646 614/795/647
f 620/797/649 619/796/648 615/790/642
f 621/798/650 591/766/620 582/757/611
f 622/799/651 621/798/650 618/794/646
f 621/798/650 623/800/652 591/766/620
f 609/2364/637 272/355/290 624/824/653
f 609/2364/637 262/2365/279 272/355/290
f 613/2366/641 624/824/653 625/826/654
f 613/2366/641 608/2367/636 624/824/653
f 617/2368/645 625/826/654 626/828/655
f 617/2368/645 612/2369/640 625/826/654
f 620/2370/649 626/2371/655 627/2372/656
f 620/2370/649 616/2373/644 626/2371/655
f 622/813/651 629/832/658 628/814/657
f 622/816/651 619/2374/648 627/817/656
f 630/819/659 594/768/622 592/769/623
f 631/2375/660 630/819/659 623/800/652
f 632/822/661 596/771/625 594/768/622
f 272/355/290 284/354/305 633/823/662
f 624/824/653 633/823/662 634/825/663
f 625/826/654 634/825/663 635/827/664
f 626/828/655 635/827/664 636/2376/665
f 629/818/658 627/817/656 636/2377/665
f 631/820/660 636/833/665 637/834/666
f 631/820/660 628/814/657 636/833/665
f 632/836/661 637/834/666 599/779/631
f 632/2378/661 630/2379/659 637/2380/666
f 636/2376/665 635/827/664 638/838/634
f 639/840/668 573/737/599 575/741/602
f 574/740/601 642/844/671 578/749/606
f 639/843/668 643/846/673 642/844/671
f 644/847/672 643/846/673 639/843/668
f 641/842/670 645/850/675 644/845/672
f 646/849/674 644/845/672 645/850/675
f 643/846/673 648/852/677 579/753/608
f 646/848/674 649/854/678 648/852/677
f 647/853/676 650/857/680 649/854/678
f 651/856/679 723/855/609 648/852/677
f 650/857/680 652/858/681 651/856/679
f 651/856/679 653/859/682 723/855/609
f 641/842/670 575/741/602 580/764/618
f 641/842/670 655/862/685 645/850/675
f 647/851/676 645/850/675 656/863/686
f 658/867/688 650/857/680 647/853/676
f 659/866/689 660/870/691 658/865/688
f 661/868/690 658/867/688 660/2381/691
f 661/868/690 664/873/694 652/858/681
f 662/874/692 664/873/694 661/868/690
f 663/872/693 665/2382/696 662/871/692
f 666/875/695 662/874/692 665/876/696
f 669/879/699 653/859/682 652/858/681
f 664/873/694 670/882/702 669/879/699
f 671/880/700 670/882/702 664/873/694
f 667/877/697 672/881/701 671/880/700
f 668/878/698 673/887/707 672/881/701
f 668/878/698 674/894/714 673/887/707
f 670/882/702 676/883/703 675/860/683
f 671/880/700 677/885/705 676/883/703
f 678/884/704 677/885/705 671/880/700
f 673/887/707 678/884/704 672/881/701
f 674/894/714 679/889/709 673/887/707
f 680/886/706 678/884/704 673/887/707
f 681/888/708 673/887/707 679/889/709
f 684/901/713 665/2382/696 663/872/693
f 685/892/712 668/878/698 665/876/696
f 654/861/684 580/764/618 589/895/715
f 655/862/685 654/861/684 686/896/716
f 655/862/685 688/898/718 657/864/687
f 683/891/711 657/864/687 688/898/718
f 683/891/711 689/899/719 660/870/691
f 663/872/693 660/870/691 689/899/719
f 691/903/722 674/894/714 685/892/712
f 692/902/721 679/889/709 674/894/714
f 693/904/723 682/890/710 679/889/709
f 692/902/721 694/938/749 693/904/723
f 600/774/628 686/896/716 589/895/715
f 602/2383/633 695/905/724 601/775/629
f 696/913/730 687/897/717 686/896/716
f 697/906/725 696/913/730 686/896/716
f 695/905/724 697/906/725 600/774/628
f 697/910/725 699/917/733 696/2384/730
f 700/909/727 699/917/733 697/910/725
f 701/911/728 683/891/711 688/898/718
f 702/912/729 701/911/728 687/897/717
f 699/2385/733 702/912/729 696/913/730
f 698/907/726 604/780/632 605/2386/667
f 700/909/727 698/907/726 703/918/731
f 702/920/729 705/925/737 701/923/728
f 706/919/734 705/925/737 702/920/729
f 707/2387/738 690/900/720 689/899/719
f 708/2388/735 707/2387/738 689/899/719
f 705/925/737 708/921/735 701/923/728
f 703/915/731 605/837/667 714/1087/881
f 704/2389/732 714/1087/881 709/2390/736
f 704/916/732 703/918/731 714/2391/881
f 706/919/734 704/916/732 709/924/736
f 708/921/735 710/928/739 707/926/738
f 705/925/737 711/929/740 710/928/739
f 712/933/744 685/892/712 684/893/713
f 713/930/741 712/933/744 684/893/713
f 710/928/739 713/930/741 707/926/738
f 709/2390/736 714/1087/881 715/2392/743
f 711/929/740 709/924/736 715/932/743
f 713/930/741 717/937/748 712/933/744
f 718/934/745 717/937/748 713/930/741
f 719/935/746 692/902/721 691/903/722
f 717/937/748 719/935/746 712/933/744
f 716/931/742 715/932/743 720/1083/877
f 718/934/745 720/1083/877 721/936/747
f 718/934/745 716/931/742 720/1083/877
f 717/937/748 722/939/750 719/935/746
f 723/755/609 724/2393/753 536/682/564
f 605/837/667 1386/1098/891 714/1087/881
f 725/1778/1465 605/837/667 633/823/662
f 725/1778/1465 633/823/662 308/385/330
f 725/1778/1465 308/385/330 519/1369/1106
f 723/755/609 726/941/751 724/2393/753
f 728/977/756 727/2394/755 726/941/751
f 727/949/755 731/943/752 726/942/751
f 724/2395/753 731/2396/752 730/2397/768
f 731/943/752 732/951/759 736/953/761
f 733/948/757 732/951/759 731/943/752
f 727/949/755 734/958/766 733/948/757
f 735/2398/758 734/2399/766 727/2400/755
f 731/943/752 736/953/761 730/960/768
f 732/951/759 738/956/764 737/952/760
f 740/954/762 738/956/764 732/951/759
f 740/954/762 741/957/765 739/955/763
f 741/957/765 740/954/762 733/948/757
f 737/952/760 742/959/767 736/953/761
f 739/955/763 744/1025/826 743/961/769
f 746/963/771 745/962/770 676/883/703
f 747/964/772 746/963/771 677/885/705
f 681/888/708 747/964/772 680/886/706
f 749/966/774 747/964/772 681/888/708
f 750/967/775 681/888/708 748/965/773
f 752/969/777 745/962/770 746/963/771
f 751/968/776 753/972/780 750/967/775
f 751/968/776 754/974/782 753/972/780
f 755/976/778 726/941/751 675/940/683
f 749/966/774 756/971/779 755/970/778
f 750/967/775 757/973/781 756/971/779
f 753/972/780 758/975/783 757/973/781
f 754/974/782 759/981/787 758/975/783
f 755/976/778 760/985/791 728/977/756
f 755/976/778 761/2401/784 760/985/791
f 756/971/779 762/979/785 761/978/784
f 757/973/781 763/987/793 762/979/785
f 758/975/783 763/987/793 757/973/781
f 765/982/788 763/987/793 758/975/783
f 766/983/789 758/975/783 764/980/786
f 768/986/792 729/997/754 728/977/756
f 760/985/791 769/999/801 768/986/792
f 735/2402/758 774/991/796 771/993/795
f 729/945/754 774/2403/796 735/950/758
f 774/991/796 775/995/799 772/992/797
f 776/994/798 773/1008/809 772/992/797
f 776/994/798 777/1013/814 773/1008/809
f 778/996/800 774/2404/796 729/997/754
f 778/998/800 779/1015/816 775/995/799
f 769/2405/801 779/2406/816 778/2407/800
f 780/1000/802 779/1020/816 769/999/801
f 760/985/791 781/1022/823 780/1000/802
f 782/1039/803 760/985/791 761/2401/784
f 765/982/788 783/1042/840 782/1001/803
f 784/1002/804 783/1042/840 765/982/788
f 785/1003/805 784/1002/804 766/983/789
f 786/1075/870 785/1003/805 770/988/794
f 741/957/765 789/1005/807 787/1004/806
f 771/993/795 789/1007/807 741/2408/765
f 789/1005/807 790/2409/810 788/1006/808
f 772/992/797 790/1009/810 789/1007/807
f 776/994/798 775/995/1864 791/1010/811
f 777/1013/814 776/994/798 793/1012/813
f 779/1020/816 795/1019/821 791/2410/817
f 795/1016/818 796/1018/820 792/1011/812
f 797/1017/819 793/1012/813 792/1011/812
f 797/1017/819 798/2411/1865 794/1014/815
f 780/1000/802 799/1023/824 795/1019/821
f 799/1021/822 800/2412/832 796/1018/820
f 781/1022/823 800/1032/837 799/1023/824
f 801/1024/825 800/1032/837 781/1022/823
f 782/1039/803 801/1024/825 760/985/791
f 787/1004/806 802/1026/827 744/1025/826
f 797/1027/819 796/2413/820 803/1028/828
f 806/1031/831 798/2414/1865 797/1027/819
f 800/1032/832 807/1038/834 803/1033/828
f 808/1035/833 804/1029/829 803/1028/828
f 809/1037/835 805/1030/830 804/1029/829
f 809/1037/835 806/1031/831 805/1030/830
f 801/1024/825 810/1040/838 807/1038/836
f 783/1042/840 811/1041/839 782/1001/803
f 784/1002/804 812/1043/841 811/1041/839
f 785/1003/805 813/1050/848 812/1043/841
f 814/1044/842 751/968/776 748/965/773
f 815/1045/843 759/981/787 754/974/782
f 806/1031/831 817/1074/869 798/2414/1865
f 818/1049/847 785/1003/805 786/1075/870
f 819/1076/871 802/1026/827 788/1006/808
f 809/1037/835 820/1048/846 806/1031/831
f 821/1047/845 817/1074/869 806/1031/831
f 693/904/723 748/965/773 682/890/710
f 822/1051/849 814/1044/842 693/904/723
f 823/1052/850 754/974/782 814/1044/842
f 823/1052/850 824/1053/851 815/1045/843
f 822/1051/849 825/1058/856 824/1053/851
f 826/1054/852 764/980/786 815/1045/843
f 827/1055/853 767/984/790 764/980/786
f 828/1056/854 827/1055/853 826/1054/852
f 829/1057/855 828/1056/854 824/1053/851
f 831/1059/857 770/988/794 767/984/790
f 829/1057/855 825/1058/856 830/1097/890
f 777/1013/814 833/1060/858 816/1046/844
f 836/1062/860 786/1075/870 770/988/794
f 828/1056/854 837/1063/861 836/1062/860
f 829/1057/855 838/1065/863 837/1063/861
f 829/1057/855 830/1097/890 835/1064/862
f 790/2409/810 840/2415/865 839/1077/864
f 840/1069/865 790/1009/810 816/1046/844
f 833/1060/858 777/1013/814 794/1014/815
f 798/2411/1865 842/1071/867 794/1014/815
f 842/1071/867 834/1116/904 841/1070/866
f 834/1116/904 833/1060/858 841/1070/866
f 817/1074/869 842/1073/867 798/2414/1865
f 843/1140/868 834/1116/904 842/1071/867
f 845/1079/873 843/1072/868 817/1074/869
f 818/1049/847 846/1889/1558 813/1050/848
f 837/1063/861 847/1080/874 818/1049/847
f 838/1065/863 848/1081/875 847/1080/874
f 715/2392/743 714/1087/881 720/1089/877
f 719/935/746 850/1086/880 694/938/749
f 852/1084/878 850/1086/880 719/935/746
f 722/939/750 721/936/747 849/1082/876
f 851/1085/879 822/1051/849 694/938/749
f 855/1088/882 849/2416/876 720/1089/877
f 856/1094/887 852/1084/878 849/1082/876
f 851/1085/879 853/1090/883 822/1051/849
f 851/1085/879 850/1086/880 852/1084/878
f 854/1092/885 855/1088/882 714/1087/881
f 857/1093/886 825/1058/856 822/1051/849
f 853/1090/883 852/1084/878 856/1094/887
f 859/1126/889 849/2416/876 855/1088/882
f 857/1093/886 856/1094/887 859/1096/889
f 862/1104/893 858/1095/888 854/1092/885
f 864/1103/894 863/1127/908 855/1088/882
f 864/1103/894 855/1088/882 858/1095/888
f 863/1127/908 859/1126/889 855/1088/882
f 835/1064/862 830/1097/890 859/1096/889
f 879/1130/911 865/1106/896 860/1100/884
f 869/1105/895 868/1135/903 861/1101/892
f 869/1105/895 861/1101/892 860/1100/884
f 870/1107/897 871/1109/899 866/1108/898
f 871/1109/899 872/1112/902 867/1110/900
f 873/2417/901 868/1135/903 867/1134/900
f 873/2417/901 872/2418/902 862/1102/893
f 873/2417/901 862/1102/893 861/1101/892
f 834/1116/904 874/1117/905 870/1107/897
f 874/1117/905 875/1119/907 871/1109/899
f 876/1118/906 872/1112/902 871/1109/899
f 876/1120/906 875/2419/907 863/1121/908
f 876/1123/906 864/1103/894 862/1104/893
f 878/1125/909 877/1144/921 859/1126/889
f 1386/1942/891 879/1130/911 860/1100/884
f 882/1129/910 881/1136/914 865/1106/896
f 840/2415/865 883/1133/912 839/1077/864
f 883/1131/912 840/1069/865 866/1108/898
f 884/1132/913 880/1137/915 839/1077/864
f 884/2420/913 883/1131/912 867/1110/900
f 881/1136/914 884/1132/913 868/1135/903
f 881/1136/914 869/1105/895 865/1106/896
f 885/1139/917 874/1117/905 834/1116/904
f 886/1138/916 875/1119/1866 874/1117/905
f 843/1140/868 887/1142/919 885/1139/917
f 888/1141/918 886/1138/916 885/1139/917
f 888/1143/920 887/1147/924 877/1144/921
f 878/1125/909 875/1128/907 886/1145/922
f 859/1126/889 889/1146/923 835/1152/862
f 889/1146/923 859/1126/889 877/1144/921
f 890/1148/925 819/1076/871 839/1077/864
f 891/1149/926 890/1148/925 880/1137/915
f 892/1150/927 887/2421/1867 843/1072/868
f 889/1146/923 887/1147/924 892/1153/929
f 348/434/371 318/397/343 894/2422/930
f 335/418/358 895/1156/932 894/1154/930
f 353/439/376 896/1158/934 352/1155/931
f 897/1159/935 896/1158/934 353/439/376
f 896/1158/934 900/1160/936 352/1155/931
f 896/1158/934 898/1161/937 900/1160/936
f 899/1157/933 898/1161/937 896/1158/934
f 898/1161/937 902/1165/941 901/1162/938
f 904/1163/939 902/1165/941 898/1161/937
f 904/1168/939 905/1171/945 903/1181/940
f 907/1166/942 904/1163/939 898/1161/937
f 908/1167/943 905/1171/945 904/1168/939
f 908/1167/943 909/1291/1041 906/1170/944
f 911/1173/947 910/1172/946 895/1156/932
f 912/1174/948 911/1173/947 900/1160/936
f 915/1175/949 912/1174/948 901/1162/938
f 915/1176/949 916/1180/952 913/1177/950
f 903/1181/940 916/1180/952 915/1176/949
f 917/1179/951 914/1210/957 913/1177/950
f 916/1180/952 918/1215/976 917/1179/951
f 906/1170/944 918/1215/976 916/1180/952
f 921/1183/954 920/1182/959 910/1172/946
f 924/1184/955 921/1183/954 911/1173/947
f 913/1188/950 922/1192/956 924/1189/955
f 922/1194/956 925/1207/970 923/1197/960
f 914/1210/957 925/1209/970 922/2423/956
f 348/434/371 894/2422/930 926/1199/962
f 920/1182/953 926/1416/1145 894/1154/930
f 922/1194/956 928/1198/961 927/1195/958
f 923/1197/960 929/1203/966 928/1198/961
f 351/438/375 348/434/371 930/1200/963
f 928/1198/961 932/1204/967 931/1202/965
f 929/1203/966 933/1212/973 932/1204/967
f 909/1291/1041 934/1213/974 906/1170/944
f 917/1179/951 935/1208/971 914/1210/957
f 925/1207/970 936/1206/969 923/1197/960
f 935/1208/971 937/1221/968 925/1209/970
f 923/1197/960 938/1211/972 929/1203/966
f 939/1219/980 933/1212/973 938/1211/972
f 934/1213/974 941/1227/987 940/1214/975
f 917/1179/951 942/1216/977 935/1208/971
f 937/1205/968 943/1217/978 936/1206/969
f 936/1206/969 944/1218/979 938/1211/972
f 918/1215/976 946/1224/984 942/1216/977
f 946/1224/984 918/1215/976 940/1214/975
f 947/1233/982 937/1221/968 945/1220/981
f 943/1217/978 948/1223/983 944/1218/979
f 937/1205/968 948/1223/983 943/1217/978
f 949/1500/1227 939/1219/980 944/1218/979
f 942/1216/977 951/1225/985 945/1220/981
f 944/1218/979 952/1237/995 949/1500/1227
f 946/1224/984 955/1229/989 954/1228/988
f 940/1214/975 956/1230/990 955/1229/989
f 956/1230/990 940/1214/975 950/1226/986
f 948/1223/983 958/1235/994 944/1218/979
f 957/1236/992 959/1234/993 948/1223/983
f 414/515/437 123/148/127 960/1238/996
f 407/508/431 395/495/420 961/1240/997
f 415/516/438 407/508/431 962/1242/999
f 964/1245/1002 415/516/438 962/1242/999
f 965/1244/1001 963/1243/1000 415/516/438
f 960/1238/996 85/108/94 966/1246/1003
f 967/1248/1005 964/1245/1002 962/1242/999
f 969/1249/1006 965/1244/1001 964/1245/1002
f 970/1251/1008 961/1240/997 414/1239/437
f 971/1250/1007 962/1242/999 961/1240/997
f 972/1252/1009 967/1248/1005 962/1242/999
f 975/1253/1010 968/1247/1004 967/1248/1005
f 955/1229/989 976/1254/1011 954/1228/988
f 977/1256/1013 974/1258/1015 973/1255/1012
f 978/1257/1014 975/1271/1010 974/1258/1015
f 978/1259/1014 969/1249/1006 968/1247/1004
f 956/1230/990 979/1261/1017 976/1254/1011
f 979/1261/1017 956/1230/990 953/1231/991
f 980/1260/1016 977/1256/1013 976/1254/1011
f 981/1262/1018 978/1257/1014 977/1256/1013
f 982/1265/1868 970/1251/1008 414/1239/437
f 983/1264/1019 971/1250/1007 970/1251/1008
f 985/1266/1021 972/1252/1009 971/1250/1007
f 945/1220/981 986/1267/1022 957/1232/992
f 986/1267/1022 945/1220/981 954/1228/988
f 987/1268/1023 984/1270/1025 957/1232/992
f 987/1268/1023 986/1267/1022 973/1255/1012
f 988/1269/1024 985/2424/1021 984/1270/1025
f 988/1269/1024 987/1268/1023 974/1258/1015
f 988/1272/1024 975/1253/1010 972/1252/1009
f 989/1274/1869 982/1265/1868 414/1239/437
f 991/1273/1026 983/1264/1019 982/1265/1020
f 990/1275/1028 959/1234/993 957/1236/992
f 992/2425/1029 991/2426/1026 990/2427/1028
f 992/1277/1029 990/1275/1028 984/1276/1025
f 992/1279/1029 985/1266/1021 983/1264/1019
f 993/1531/1259 414/515/437 960/1238/996
f 994/1280/1030 989/1274/1869 414/1239/437
f 995/1282/1032 952/1237/995 958/1235/994
f 996/1283/1033 995/1282/1032 990/1275/1028
f 996/1285/1034 991/1273/1026 989/1274/1027
f 441/546/461 997/1286/1036 456/568/478
f 998/1287/1037 897/1159/935 455/567/477
f 215/569/479 999/1777/1464 457/570/480
f 897/1159/935 1000/1292/1042 899/1157/933
f 1001/1288/1038 1000/1292/1042 897/1159/935
f 1002/1293/1040 907/1166/942 899/1157/933
f 1003/1289/1039 908/1167/943 907/1169/942
f 1003/1289/1039 1004/1336/1076 909/1291/1041
f 1000/1292/1042 1005/2428/1044 1002/1293/1040
f 1006/1294/1043 1003/1289/1039 1002/1290/1040
f 1007/1296/1045 1004/1336/1076 1003/1289/1039
f 1000/1292/1042 1008/1304/1047 1005/2428/1044
f 1009/1297/1046 1006/1294/1043 1005/1295/1044
f 1010/1299/1048 1007/1296/1045 1006/1294/1043
f 1011/1300/1049 1008/1304/1047 1000/1292/1042
f 998/1287/1037 1012/1301/1050 1011/1300/1049
f 1009/2429/1046 1008/2430/1047 1013/2431/1052
f 1011/1300/1049 1015/1309/1054 1013/1303/1052
f 1016/1305/1053 1009/1297/1046 1013/1306/1052
f 1017/1308/1055 1014/1302/1051 1009/1297/1046
f 1012/1301/1050 1018/1310/1056 1015/1309/1054
f 456/568/478 1019/1311/1057 1018/1310/1056
f 1016/1313/1053 1015/2432/1054 1020/2433/1059
f 1018/1310/1056 1022/1321/1061 1020/1315/1059
f 1023/1320/1060 1016/1313/1053 1020/2433/1059
f 1024/1319/1062 1021/1314/1058 1016/1313/1053
f 1019/1311/1057 1025/1322/1063 1022/1321/1061
f 997/1286/1036 1026/1323/1064 1025/1322/1063
f 1023/1320/1060 1022/2434/1061 1027/1324/1065
f 1024/1319/1062 1023/1320/1060 1028/1325/1066
f 1025/1322/1063 1030/1328/1069 1027/1327/1068
f 1028/1325/1066 1027/1324/1065 1031/1332/1071
f 1030/1328/1069 1033/1599/1073 1031/1330/1071
f 1034/1331/1072 1028/1325/1066 1031/1332/1071
f 1035/1334/1074 1032/1329/1070 1028/1325/1066
f 1036/1335/1075 1033/1599/1073 1030/1328/1069
f 1004/1336/1076 1037/1338/1078 934/1213/974
f 1007/1296/1045 1038/1337/1077 1004/1336/1076
f 1040/1340/1080 1038/1337/1077 1007/1296/1045
f 1039/1339/1079 1038/1337/1077 1040/1340/1080
f 1014/1302/1051 1040/1340/1080 1010/1299/1048
f 1042/1342/1082 1041/1341/1081 1014/1302/1051
f 1043/1343/1083 1042/1344/1082 1017/1312/1055
f 1037/1338/1078 941/1227/987 934/1213/974
f 1046/1347/1086 1045/1346/1085 1040/1340/1080
f 1047/1348/1087 1046/1347/1086 1041/1341/1081
f 1044/1358/1084 1047/1348/1087 1042/1342/1082
f 1039/1339/1079 1048/1349/1088 1037/1338/1078
f 1045/1346/1085 1049/1350/1089 1039/1339/1079
f 1024/1319/1062 1050/1351/1090 1044/1345/1084
f 1050/1351/1090 1024/1319/1062 1029/1326/1067
f 1051/1352/1091 1029/1326/1067 1032/1329/1070
f 1035/1334/1074 1053/1366/1103 1052/1353/1092
f 1046/1347/1086 1054/1354/1093 1045/1346/1085
f 1056/1356/1095 1055/1355/1094 1046/1347/1086
f 1044/1358/1084 1056/1356/1095 1047/1348/1087
f 1048/1349/1088 1058/1361/1098 950/1226/986
f 1058/1361/1098 953/1231/991 950/1226/986
f 1049/1350/1089 1058/1361/1098 1048/1349/1088
f 1049/1350/1089 1059/1360/1097 1058/1361/1098
f 1061/1363/1100 1060/1397/1099 1057/1359/1096
f 1061/1363/1100 1050/1351/1090 1062/1364/1101
f 1062/1364/1101 1051/1352/1091 1052/1353/1092
f 1053/1366/1103 1064/1412/1142 1063/1365/1102
f 521/1370/1107 517/645/542 1065/1367/1104
f 1067/1371/1108 520/647/544 416/1241/998
f 1067/1371/1108 963/1243/1000 965/1244/1001
f 1068/1372/1109 965/1244/1001 1069/1373/1110
f 1072/1376/1113 1067/1371/1108 1068/1372/1109
f 1074/1378/1115 979/1261/1017 953/1231/991
f 1075/1379/1116 980/1260/1016 979/1261/1017
f 1077/1381/1118 981/1262/1018 980/1260/1016
f 1069/1373/1110 969/1249/1006 981/1263/1018
f 1054/1354/1093 1073/1377/1114 1049/1350/1089
f 1078/1383/1119 1074/1378/1115 1073/1377/1114
f 1078/1383/1119 1079/1384/1120 1075/1379/1116
f 1079/1384/1120 1080/1385/1121 1076/1380/1117
f 1080/1385/1121 1081/1389/1122 1077/1381/1118
f 1082/1387/1123 1078/1383/1119 1054/1354/1093
f 1082/1387/1123 1083/1388/1124 1080/1385/1121
f 1083/1388/1124 1084/1393/1125 1081/1389/1122
f 1070/1374/1111 1069/1373/1110 1081/1386/1122
f 1085/1391/1126 1082/1387/1123 1055/1355/1094
f 1085/1391/1126 1086/1392/1127 1083/1388/1124
f 1086/1392/1127 1087/2435/1128 1084/1393/1125
f 1071/1375/1112 1070/1374/1111 1084/1390/1125
f 1088/1395/1129 1072/1376/1113 1071/1375/1112
f 1060/1362/1099 1085/1391/1126 1056/1356/1095
f 1089/1399/1131 1087/2436/1128 1086/1396/1127
f 1061/1363/1100 1090/1398/1130 1086/1396/1127
f 1090/2437/1130 1091/2438/1132 1089/2439/1131
f 1088/1395/1129 1087/1394/1128 1089/1400/1131
f 1092/1402/1133 1072/1376/1113 1088/1395/1129
f 521/1370/1107 1072/1376/1113 1092/1402/1133
f 1066/1368/1105 521/1370/1107 1093/1403/1134
f 1094/1404/1135 1090/1398/1130 1061/1363/1100
f 1095/1405/1136 1091/2440/1132 1090/1398/1130
f 1092/1402/1133 1091/1401/1132 1095/1406/1136
f 1093/1403/1134 1092/1402/1133 1096/1407/1137
f 1066/1368/1105 1093/1403/1134 1097/1408/1138
f 1099/1410/1140 1094/1404/1135 1062/1364/1101
f 1100/1411/1141 1095/1405/1136 1094/1404/1135
f 1099/1410/1140 1101/2441/1143 1100/1411/1141
f 1096/1407/1137 1095/1406/1136 1100/1413/1141
f 1103/1417/1146 1102/1415/1150 920/1182/959
f 932/1204/967 1104/1419/1148 1103/1418/1147
f 933/1212/973 1105/1423/1153 1104/1419/1148
f 1102/1415/1144 1106/1420/1158 926/1416/1145
f 1103/1417/1146 1107/2442/1870 1106/1420/1149
f 1108/1421/1151 1107/1425/1155 1103/1418/1147
f 1109/1422/1152 1108/1421/1151 1104/1419/1148
f 1107/2442/1870 1110/1429/1160 1106/1420/1149
f 1111/1424/1154 1110/1432/1163 1107/1425/1155
f 1112/1426/1156 1111/1424/1154 1108/1421/1151
f 1106/1420/1158 1114/1430/1871 1113/1428/1159
f 1110/1429/1160 1115/1435/1166 1114/1430/1161
f 1116/1431/1162 1115/2443/1166 1110/1432/1163
f 1117/1433/1164 1116/1431/1162 1111/1424/1154
f 1118/2444/1168 1115/2445/1166 1116/2446/1162
f 1114/1430/1871 1120/1436/1167 1113/1428/1159
f 1115/1435/1166 1121/1438/1169 1120/1436/1167
f 1118/1437/1168 1122/1448/1176 1121/1438/1169
f 1123/1439/1170 1122/2447/1176 1118/1440/1168
f 1124/1441/1171 1123/1439/1170 1116/1431/1162
f 1125/1442/1172 1122/2448/1176 1123/1443/1170
f 1126/1444/1173 1123/1443/1170 1124/1445/1171
f 1120/1436/1167 1128/1447/1175 1113/1428/1159
f 1121/1438/1169 1129/1449/1177 1128/1447/1175
f 1122/1448/1176 1130/1451/1178 1129/1449/1177
f 1125/1450/1172 1131/1465/1192 1130/1451/1178
f 1126/2449/1173 1131/2450/1192 1125/2451/1172
f 1133/1504/1231 1132/1452/1179 1127/1446/1174
f 1134/1453/1180 1131/2452/1192 1126/1444/1173
f 1135/1454/1181 1126/1444/1173 1132/1452/1179
f 1136/1455/1182 1132/1452/1179 1133/1504/1231
f 1137/1456/1183 1134/1453/1180 1135/1454/1181
f 1138/1457/1184 1135/1454/1181 1136/1455/1182
f 930/1200/963 1113/1427/1157 1140/1459/1186
f 351/438/375 930/1200/963 1141/1460/1187
f 1143/1462/1189 1140/1473/1200 1113/1428/1159
f 1144/1463/1190 1143/1462/1189 1128/1447/1175
f 1145/1464/1191 1144/1463/1190 1130/1451/1178
f 1134/1466/1193 1146/1468/1195 1145/1464/1191
f 1141/1460/1187 1140/1459/1186 1147/1469/1196
f 1142/1461/1188 1141/1460/1187 1148/1470/1197
f 1143/1462/1189 1150/2453/1872 1147/1472/1199
f 1151/1474/1201 1148/1478/1205 1147/1475/1202
f 1152/1477/1204 1149/1498/1225 1148/1478/1205
f 1153/1479/1206 1150/2453/1872 1143/1462/1189
f 1154/1480/1207 1151/1474/1201 1150/1476/1203
f 1155/1482/1209 1152/1477/1204 1151/1474/1201
f 1154/1480/1207 1157/1483/1211 1155/1482/1209
f 1157/1483/1211 1158/1668/1372 1156/1484/1212
f 1146/1468/1210 1159/1658/1361 1153/1479/1206
f 1159/1485/1213 1160/1486/1214 1154/1480/1207
f 1161/1487/1215 1105/1423/1153 933/1212/973
f 1161/1487/1215 1162/1488/1216 1109/1422/1152
f 1109/1422/1152 1163/1489/1217 1112/1426/1156
f 1155/1482/1209 1164/1490/1218 1152/1477/1204
f 1165/1491/1219 1161/1487/1215 939/1219/980
f 1119/2454/1165 1167/1494/1221 1124/1445/1171
f 1152/1477/1204 1170/1499/1226 1169/1497/1224
f 1156/1484/1212 1171/1514/1241 1164/1490/1218
f 1172/1502/1229 1165/1491/1219 949/1500/1227
f 1173/1501/1228 1162/1488/1216 1165/1491/1219
f 1162/1488/1216 1174/1503/1230 1163/1489/1217
f 1174/1503/1230 1175/1508/1235 1117/1433/1164
f 1166/1492/1220 1117/1433/1164 1175/1508/1235
f 1176/1505/1232 1127/1446/1174 1167/1494/1221
f 152/190/163 919/104/90 351/438/375
f 1177/1506/1233 1133/1504/1231 1176/1505/1232
f 966/1246/1003 351/438/375 1142/1461/1188
f 1178/1507/1234 1142/1461/1188 1169/1496/1223
f 1156/1484/1212 1179/1592/1307 1171/1514/1241
f 1180/1509/1236 1181/1543/1237 1167/1493/1221
f 1182/1520/1247 1136/1455/1182 1177/1506/1233
f 1168/1495/1222 1136/1455/1182 1182/1520/1247
f 1170/1499/1226 1184/1513/1240 1183/1512/1239
f 1164/1490/1218 1185/1515/1242 1184/1513/1240
f 952/1237/995 1186/1516/1243 1172/1502/1229
f 1172/1502/1229 1187/1517/1244 1173/1501/1228
f 1187/1517/1244 1188/1518/1245 1174/1503/1230
f 1174/1503/1230 1189/1519/1246 1175/1508/1235
f 1180/1509/1236 1175/1508/1235 1189/1519/1246
f 1191/1522/1249 1186/1516/1243 952/1237/995
f 1192/1523/1250 1191/1522/1249 995/1282/1032
f 1192/2455/1873 996/1285/1034 994/1280/1035
f 1191/1522/1249 1194/1525/1252 1187/1517/1244
f 1192/1523/1250 1195/1528/1256 1194/1525/1252
f 1195/1526/1253 1192/2455/1873 994/1280/1035
f 993/1531/1259 960/1238/996 1196/1527/1255
f 1194/1525/1252 1197/1529/1257 1188/1518/1245
f 1195/1528/1256 1198/1533/1261 1197/1529/1257
f 1193/1524/1251 993/1281/1031 1199/1540/1260
f 1197/1529/1257 1200/1534/1262 1189/1519/1246
f 1198/1533/1261 1201/2456/1263 1200/1534/1262
f 1202/1536/1264 1180/1509/1236 1189/1519/1246
f 1203/1544/1265 1202/1536/1264 1200/1534/1262
f 1201/1535/1263 1193/1524/1254 1204/1541/1267
f 1202/1536/1264 1206/1545/1269 1181/1543/1237
f 1203/1544/1265 1207/2457/1270 1206/1545/1269
f 1203/1546/1265 1201/1535/1263 1205/1542/1268
f 1208/1548/1271 1176/1505/1232 1181/1510/1237
f 1209/1550/1272 1208/1548/1271 1206/1549/1269
f 1205/1542/1268 1204/1541/1267 1210/1552/1273
f 1207/1547/1270 1205/1542/1268 1211/1553/1274
f 1213/1555/1276 1177/1506/1233 1176/1505/1232
f 1209/1550/1272 1214/1561/1277 1208/1548/1271
f 1209/1556/1272 1207/1547/1270 1212/1554/1275
f 1215/1558/1278 1182/1520/1247 1177/1506/1233
f 1216/1559/1279 1215/1558/1278 1213/1555/1276
f 1217/1560/1280 1216/1559/1279 1208/1548/1271
f 1219/1563/1282 1218/1562/1281 1182/1520/1247
f 1220/1564/1283 1219/1563/1282 1215/1558/1278
f 1221/1565/1284 1220/1564/1283 1216/1559/1279
f 1222/1566/1285 1196/1527/1255 966/1246/1003
f 1223/1567/1286 1199/1532/1260 1196/1527/1255
f 1224/1568/1287 1210/1552/1273 1199/1540/1260
f 1211/1553/1274 1210/1552/1273 1224/1568/1287
f 1212/1554/1275 1211/1553/1274 1225/1570/1288
f 1214/1557/1277 1212/1554/1275 1226/1571/1289
f 1217/1573/1291 1214/1557/1277 1227/1572/1290
f 1230/1747/1437 1229/1575/1293 1219/1563/1282
f 1220/1564/1283 1230/1747/1437 1219/1563/1282
f 1221/1565/1284 1231/1749/1294 1220/1564/1283
f 1221/1576/1284 1217/1573/1291 1228/1574/1292
f 1232/1578/1295 1222/1566/1285 1178/1507/1234
f 1233/1579/1296 1223/1567/1286 1222/1566/1285
f 1184/1513/1240 1234/1581/1298 1232/1580/1297
f 1234/1581/1298 1235/1586/1299 1233/1582/1296
f 1224/1568/1287 1223/1569/1286 1233/1583/1296
f 1185/1515/1242 1236/1585/1300 1234/1581/1298
f 1236/1585/1300 1237/2458/1301 1235/1586/1299
f 1237/1587/1301 1225/1570/1288 1224/1568/1287
f 1238/2459/1302 1237/2458/1301 1236/1585/1300
f 1226/1571/1289 1225/1570/1288 1237/1587/1301
f 1239/1590/1305 1238/2459/1302 1236/1585/1300
f 1227/1572/1303 1226/1571/1289 1238/1588/1302
f 1240/1591/1306 1236/1585/1300 1171/1514/1241
f 1228/1574/1874 1227/1572/1303 1239/1589/1304
f 1242/2460/1875 1239/1590/1305 1240/1591/1306
f 1231/1577/1309 1228/1574/1874 1239/1589/1304
f 1034/1331/1072 1033/1333/1073 1243/1595/1311
f 1035/1334/1074 1034/1331/1072 1244/1596/1312
f 1036/1335/1075 1246/1600/1315 1243/1598/1314
f 1248/1601/1316 1250/1602/1317 1247/1607/1322
f 1248/1601/1316 1244/1596/1312 1243/1595/1311
f 1251/1603/1318 1245/1597/1313 1244/1596/1312
f 1246/1600/1315 1250/1612/1317 1243/1598/1314
f 999/1777/1464 1252/1605/1320 457/570/480
f 1254/1606/1321 1248/1601/1316 1247/1607/1322
f 1255/1609/1324 1249/1604/1319 1248/1601/1316
f 1256/1610/1325 1253/1618/1323 1247/1611/1322
f 1246/1600/1315 1257/1620/1332 1256/1610/1325
f 1252/1605/1320 1257/1620/1332 1246/1600/1315
f 1259/2461/1326 1261/2462/1327 1258/2463/1336
f 1259/1613/1326 1254/1606/1321 1253/1608/1323
f 1262/1615/1328 1255/1609/1324 1254/1606/1321
f 1263/1617/1330 1261/1632/1327 1253/1618/1323
f 1257/1620/1332 1263/1617/1330 1256/1610/1325
f 999/1777/1464 1264/1619/1331 1252/1605/1320
f 1269/1621/1333 1268/2464/1337 1265/1622/1334
f 1269/1624/1333 1259/1613/1326 1258/1625/1336
f 1270/1627/1338 1269/1621/1333 1266/1623/1335
f 1270/1629/1338 1260/1616/1329 1259/1613/1326
f 1271/1630/1340 1268/1646/1337 1258/1631/1336
f 1272/1633/1341 1271/1630/1340 1261/1632/1327
f 1273/1634/1342 1272/1633/1341 1263/1617/1330
f 1264/1619/1331 1273/1634/1342 1257/1620/1332
f 1275/1636/1344 1274/1635/1343 1138/1457/1184
f 1277/1637/1345 1276/1639/1347 1137/1456/1183
f 1278/1638/1346 1277/1637/1345 1274/1635/1343
f 1266/1623/1335 1279/2465/1348 1276/1639/1347
f 1280/1643/1349 1266/1623/1335 1277/1637/1345
f 1280/1643/1349 1267/1628/1339 1266/1623/1335
f 1281/1644/1350 1279/1652/1348 1265/1645/1334
f 1282/1647/1351 1281/1644/1350 1268/1646/1337
f 1283/1648/1352 1282/1647/1351 1271/1630/1340
f 1284/1649/1353 1283/1648/1352 1272/1633/1341
f 999/1777/1464 1285/1656/1359 1264/1619/1331
f 1286/1650/1354 1146/1468/1195 1137/1467/1194
f 1287/1653/1356 1286/1650/1354 1279/1652/1348
f 1288/1654/1357 1287/1653/1356 1281/1644/1350
f 1284/1649/1353 1289/1655/1358 1288/1654/1357
f 1264/1619/1331 1290/1657/1360 1289/1655/1358
f 1285/1656/1359 1291/1665/1369 1290/1657/1360
f 1292/1659/1363 1159/1658/1361 1287/1653/1356
f 1289/1655/1358 1293/2466/1876 1292/1659/1363
f 1293/1661/1365 1294/1662/1366 1160/1486/1214
f 1295/1663/1367 1293/2466/1876 1289/1655/1358
f 1295/1664/1368 1296/1666/1370 1294/1662/1366
f 1291/2467/1369 1296/2468/1877 1295/2469/1367
f 1296/1666/1370 1297/1667/1371 1157/1483/1211
f 1297/1667/1371 1298/1992/1636 1158/1668/1372
f 1278/1638/1346 1275/1636/1344 1299/1669/1373
f 1301/1671/1375 1251/1603/1318 1249/1604/1319
f 1300/1670/1374 1245/1597/1313 1251/1603/1318
f 1303/1673/1377 1262/1615/1328 1302/1672/1376
f 1302/1672/1376 1260/1616/1329 1270/1629/1338
f 1299/1669/1373 1139/1458/1185 1168/1495/1222
f 1053/1366/1103 1035/1334/1074 1300/1670/1374
f 1305/1676/1379 1249/1604/1319 1255/1609/1324
f 1306/1677/1380 1255/1609/1324 1303/1673/1377
f 1304/1674/1378 1267/1628/1339 1307/1680/1383
f 1308/1678/1381 1278/1638/1346 1299/1669/1373
f 1280/1643/1349 1307/1680/1383 1267/1628/1339
f 1280/1643/1349 1278/1638/1346 1308/1678/1381
f 1305/1676/1379 1306/1677/1380 1310/1682/1385
f 1310/1682/1385 1306/1677/1380 1303/1673/1377
f 1313/1685/1387 1311/1681/1384 1302/1672/1376
f 1064/1412/1142 1053/1366/1103 1300/1670/1374
f 1314/1686/1388 1300/1670/1374 1301/1671/1375
f 1317/1688/1390 1305/1676/1379 1310/1682/1385
f 1315/1687/1389 1301/1671/1375 1317/1688/1390
f 1311/1681/1384 1316/1689/1391 1310/1682/1385
f 1318/2470/1878 1312/1683/1386 1307/1680/1383
f 1313/1685/1387 1312/1684/1386 1318/2471/1878
f 1313/1685/1387 1318/2471/1878 1319/1714/1413
f 1320/1690/1392 1299/1669/1373 1168/1495/1222
f 1321/1691/1393 1308/1678/1381 1299/1669/1373
f 1319/1735/1413 1318/2470/1878 1307/1680/1383
f 1158/1668/1372 1179/1592/1307 1156/1484/1212
f 1324/1694/1396 1099/1410/1140 1064/1412/1142
f 1325/1695/1397 1101/2441/1143 1099/1410/1140
f 1097/1408/1138 1101/1414/1143 1325/1696/1398
f 1098/1409/1139 1097/1408/1138 1326/1697/1399
f 1324/1694/1396 1314/1686/1388 1315/1687/1389
f 1325/1695/1397 1324/1694/1396 1327/1698/1400
f 1326/1697/1399 1325/1696/1398 1328/1706/1408
f 1317/1688/1390 1316/1689/1391 1330/1701/1403
f 1327/1698/1400 1315/1687/1389 1317/1688/1390
f 1332/1702/1404 1330/1701/1403 1331/1703/1405
f 1328/1699/1401 1327/1698/1400 1332/1702/1404
f 1334/1705/1407 1326/1697/1399 1328/1706/1408
f 1330/1701/1403 1316/1689/1391 1335/1708/1409
f 1337/1710/1411 1333/1707/1406 1331/1711/1405
f 1334/1705/1407 1333/1707/1406 1337/1710/1411
f 1335/1708/1409 1311/1681/1384 1341/1715/1414
f 1341/1715/1414 1319/1714/1413 1339/1716/1415
f 1330/1701/1403 1335/1708/1409 1341/1715/1414
f 1342/1717/1416 1339/1716/1415 1340/1738/1417
f 1336/1709/1410 1330/1701/1403 1342/1717/1416
f 1344/1722/1419 1337/1710/1411 1336/1712/1410
f 1345/1724/1420 1338/1713/1412 1337/1710/1411
f 1329/1700/1402 1346/1725/1421 519/1369/1106
f 1346/1725/1421 1329/1700/1402 1338/1713/1412
f 1320/1690/1392 1190/1521/1248 1218/1562/1281
f 1321/1691/1393 1320/1690/1392 1347/1744/1434
f 1321/1691/1393 1347/1744/1434 1348/1726/1422
f 1351/1727/1423 1348/1726/1422 1349/1730/1426
f 1352/1728/1424 1322/1692/1394 1321/1691/1393
f 1353/1729/1425 1321/1691/1393 1351/1727/1423
f 1353/1729/1425 1351/1727/1423 1349/1730/1426
f 1354/1731/1427 1349/1730/1426 1350/1732/1428
f 1356/1734/1430 1307/1680/1383 1352/1728/1424
f 1356/1734/1430 1352/1728/1424 1353/1729/1425
f 1356/1734/1430 1353/1729/1425 1354/1731/1427
f 1339/1736/1415 1319/1735/1413 1356/1734/1430
f 1339/1736/1415 1354/1731/1427 1355/1733/1429
f 1358/1740/1432 1343/1723/1418 1340/1741/1417
f 1344/1722/1419 1343/1723/1418 1358/1740/1432
f 1346/1725/1421 1360/1760/1447 519/1369/1106
f 1320/1690/1392 1218/1562/1281 1229/1575/1293
f 1347/1744/1434 1320/1690/1392 1229/1575/1293
f 1361/1745/1435 1229/1575/1293 1230/1747/1437
f 1361/1745/1435 1348/1726/1422 1347/1744/1434
f 1362/1746/1436 1361/1745/1435 1230/1747/1437
f 1349/1730/1426 1348/1726/1422 1361/1745/1435
f 1363/1748/1438 1362/1746/1436 1220/1564/1283
f 1350/1732/1428 1349/1730/1426 1362/1746/1436
f 1365/1753/1440 1355/1755/1442 1350/1751/1428
f 1366/1754/1441 1357/1742/1431 1355/1755/1442
f 1358/1740/1432 1357/1742/1431 1366/1754/1441
f 1359/1743/1433 1358/1740/1432 1367/1756/1443
f 1345/1724/1420 1359/1743/1433 1368/1757/1444
f 1371/1759/1446 1370/1776/1463 1360/1760/1447
f 1346/1725/1421 1345/1724/1420 1369/1758/1445
f 1241/1593/1308 1372/1761/1448 1171/1514/1241
f 1240/1591/1306 1373/2472/1879 1242/2460/1875
f 1373/1762/1449 1363/1752/1451 1231/1577/1309
f 1240/1591/1306 1374/1765/1453 1373/2472/1879
f 1374/1763/1450 1364/1750/1880 1363/1752/1451
f 1374/1763/1450 1365/1753/1455 1364/1750/1880
f 1372/1761/1448 1375/1764/1452 1240/1591/1306
f 1375/1764/1452 1376/2473/1454 1374/1765/1453
f 1376/1766/1454 1366/1754/1441 1365/1753/1455
f 1376/1766/1454 1367/1756/1443 1366/1754/1441
f 1368/1757/1444 1367/1756/1443 1376/1766/1454
f 1377/1768/1457 1372/1761/1448 1241/1593/1308
f 1378/1767/1456 1375/1764/1452 1372/1761/1448
f 1379/1769/1458 1376/2473/1454 1375/1764/1452
f 1369/1758/1445 1368/1757/1444 1376/1766/1454
f 1381/1772/1460 1377/1768/1457 1241/1593/1308
f 1382/1773/1461 1378/1767/1456 1377/1768/1457
f 1383/1774/1462 1379/1769/1458 1378/1767/1456
f 1383/2474/1462 1382/2475/1461 1370/2476/1463
f 1383/1775/1462 1371/1759/1446 1369/1758/1445
f 536/682/564 1384/1975/1625 999/1777/1464
f 724/2393/753 1385/1791/1473 536/682/564
f 737/952/760 1388/1780/1467 742/959/767
f 743/961/769 1389/1781/1468 1388/1780/1467
f 744/1025/826 1390/1783/1470 1389/1781/1468
f 1389/1781/1468 1391/1784/1471 1388/1780/1467
f 1392/1782/1469 1391/1784/1471 1389/1781/1468
f 1394/1787/1474 742/959/767 1388/1780/1467
f 1395/1788/1475 1394/1787/1474 1391/1784/1471
f 1396/1792/1476 1385/1791/1473 742/2477/767
f 1395/1788/1475 1397/1846/1477 1396/1789/1476
f 1385/1791/1473 1398/1794/1479 1556/2010/1647
f 1399/1795/1480 1390/1783/1470 744/1025/826
f 1405/1796/1481 1400/1821/1504 1401/1797/1482
f 1406/1798/1483 1401/1797/1482 1402/2478/1484
f 1407/1801/1485 808/1035/833 807/1036/1486
f 1407/1801/1485 1402/1800/1484 1403/1802/1487
f 1408/1803/1488 809/1037/835 808/1035/833
f 1409/1805/1490 1406/1827/1510 807/1038/836
f 1410/1806/1491 1409/1805/1490 810/1040/838
f 811/1041/839 1410/1844/1491 782/1001/803
f 1412/1807/1492 1392/1782/1469 1390/1783/1470
f 1413/2479/1494 1412/1807/1492 1399/1795/1480
f 1393/1785/1472 1392/1782/1469 1412/1807/1492
f 1414/1810/1493 1412/1809/1492 1413/1811/1494
f 1417/1814/1497 1414/1810/1493 1415/1812/1495
f 1418/1815/1498 1415/1812/1495 1416/1813/1496
f 1421/1818/1501 1417/1814/1497 1418/1815/1498
f 1422/1819/1502 1418/1815/1498 1419/1816/1499
f 1423/1820/1503 1401/1797/1482 1400/1821/1504
f 1423/1820/1503 1419/1816/1499 1420/1817/1500
f 1424/1822/1505 1402/2478/1484 1401/1797/1482
f 1424/1822/1505 1403/2480/1487 1402/2478/1484
f 1404/1881/1489 1403/2480/1487 1424/1822/1505
f 1425/1823/1506 1422/1840/1516 1400/1824/1507
f 1426/1826/1509 1425/1823/1506 1405/1825/1508
f 1409/1805/1490 1426/1826/1509 1406/1827/1510
f 1428/1829/1512 1427/1828/1511 812/1043/841
f 1429/1831/1514 1395/1788/1475 1393/1785/1472
f 1421/1833/1501 1430/1847/1515 1429/1834/1514
f 1431/1839/1517 1430/1847/1515 1422/1840/1516
f 1432/1841/1518 1431/1839/1517 1425/1823/1506
f 1436/1852/1519 1432/2481/1518 1409/2482/1490
f 1437/1843/1520 1436/1852/1519 1410/1844/1491
f 1427/1828/1511 1437/1843/1520 811/1041/839
f 1434/1848/1522 1397/1790/1477 1430/1847/1515
f 1435/1849/1523 1434/1848/1522 1431/1839/1517
f 1436/1852/1519 1435/1857/1523 1432/2481/1518
f 1427/1828/1511 1442/1850/1524 1437/1843/1520
f 1433/1845/1521 1438/1897/1565 1442/1850/1524
f 1439/1793/1478 1385/1791/1473 1397/1790/1477
f 1435/1849/1523 1439/1793/1478 1434/1848/1522
f 1436/1852/1519 1440/1851/1525 1435/1857/1523
f 1437/1843/1520 1441/1854/1527 1440/1851/1525
f 1444/1853/1526 1441/1854/1527 1437/1843/1520
f 1442/1850/1524 1445/1901/1569 1443/1859/1530
f 1438/1897/1565 1445/1901/1569 1442/1850/1524
f 1440/1851/1525 1446/1855/1528 1435/1857/1523
f 1442/1850/1524 1448/1860/1531 1447/1858/1529
f 1443/1859/1530 1449/1865/1536 1448/1860/1531
f 1439/1856/1478 1454/1867/1538 1670/2180/1761
f 1450/1861/1532 1454/1867/1538 1439/1856/1478
f 1451/1862/1533 1450/1861/1532 1446/1855/1528
f 1452/1863/1534 1451/1862/1533 1440/1851/1525
f 1448/1860/1531 1452/1863/1534 1447/1858/1529
f 1450/1861/1532 1456/1870/1541 1455/1866/1537
f 1459/1868/1539 1456/1870/1541 1450/1861/1532
f 1459/1868/1539 1460/1871/1542 1457/1869/1540
f 1452/1863/1534 1460/1871/1542 1459/1868/1539
f 1460/1871/1542 1461/1873/1544 1458/1872/1543
f 1461/1873/1544 1460/1871/1542 1452/1863/1534
f 819/1076/871 1462/1875/1546 1399/1795/1480
f 1463/1874/1545 1408/1803/1488 1404/1804/1489
f 1463/1874/1545 820/1048/846 809/1037/835
f 821/1047/845 820/1048/846 1463/1874/1545
f 1399/1795/1480 1464/1876/1547 1413/2479/1494
f 1416/1813/1496 1413/1811/1494 1464/1877/1547
f 1466/1879/1549 1416/1813/1496 1465/1878/1548
f 1424/1822/1505 1420/1817/1500 1466/1879/1549
f 1468/1882/1551 1428/1829/1512 1411/1830/1513
f 1445/1901/1569 1469/1883/1552 1443/1859/1530
f 1461/1873/1544 1470/1885/1554 1458/1872/1543
f 1453/1864/1535 1471/1884/1553 1461/1873/1544
f 1473/1886/1555 1463/1874/1545 1404/1804/1489
f 844/1078/872 821/1047/845 1463/1874/1545
f 845/1079/873 844/1078/872 1473/1886/1555
f 1476/1923/1588 1465/1878/1548 1464/1877/1547
f 1477/1929/1592 1466/1879/1549 1465/1878/1548
f 1477/1929/1592 1465/1878/1548 1476/1923/1588
f 1467/1880/1550 1472/1892/1556 1404/1881/1489
f 1478/1891/1560 1466/1879/1549 1477/1929/1592
f 848/1081/875 1479/1894/1562 847/1080/874
f 1479/1894/1562 848/1081/875 1475/1890/1559
f 1468/1882/1551 1481/1896/1564 1433/1845/1521
f 1482/1893/1561 1481/1896/1564 1468/1882/1551
f 1479/1894/1562 1482/1893/1561 847/1080/874
f 1481/1896/1564 1484/1902/1570 1438/1897/1565
f 1482/1893/1561 1484/1902/1570 1481/1896/1564
f 1485/1898/1566 1479/1894/1562 1480/1895/1563
f 1484/1902/1570 1488/1900/1568 1445/1901/1569
f 1486/1903/1571 1488/1900/1568 1484/1902/1570
f 1485/1898/1566 1487/1904/1572 1486/1903/1571
f 1485/1898/1566 1486/1903/1571 1482/1893/1561
f 1469/1883/1552 1489/1907/1575 1449/1865/1536
f 1491/1905/1573 1489/1907/1575 1469/1883/1552
f 1490/1906/1574 1491/1905/1573 1486/1903/1571
f 1489/1907/1575 1491/1905/1573 1453/1864/1535
f 1493/1909/1577 1471/1884/1553 1491/1905/1573
f 1386/2483/891 1494/2484/1581 879/2485/911
f 890/1148/925 1495/1910/1578 1462/1875/1546
f 891/1149/926 1496/1911/1579 1495/1910/1578
f 882/1129/910 1497/1912/1580 1496/1911/1579
f 1497/1912/1580 882/1129/910 879/1130/911
f 1474/1888/1557 1472/1887/1556 1498/2486/1582
f 892/1150/927 845/1079/873 1474/1888/1557
f 893/1151/928 1500/1919/1584 1475/1918/1559
f 1500/1919/1584 893/1151/928 892/1153/929
f 1462/1875/1546 1501/1921/1586 1464/1876/1547
f 1495/1910/1578 1502/1922/1587 1501/1921/1586
f 1496/1911/1579 1503/1945/1605 1502/1922/1587
f 1497/1912/1580 1503/1945/1605 1496/1911/1579
f 1505/1925/1590 1504/1924/1589 1464/1877/1547
f 1505/1925/1590 1501/1926/1586 1502/2487/1587
f 1503/1945/1605 1506/1928/1591 1502/1922/1587
f 1508/1931/1594 1507/1930/1593 1476/1923/1588
f 1509/1932/1595 1508/1931/1594 1504/1924/1589
f 1506/2488/1591 1509/1932/1595 1505/1925/1590
f 1478/1891/1560 1477/1929/1592 1507/1930/1593
f 1498/1934/1582 1472/1892/1556 1478/1891/1560
f 1511/1935/1597 1510/1933/1596 1507/1930/1593
f 1512/1936/1598 1511/1935/1597 1508/1931/1594
f 1513/1937/1599 1499/1920/1583 1498/1938/1582
f 1514/1940/1600 1513/2489/1599 1510/1933/1596
f 1500/1919/1584 1515/1941/1601 1475/1918/1559
f 1515/1941/1601 1500/1919/1584 1499/1920/1585
f 1497/1912/1580 1522/1943/1603 1516/1944/1604
f 1522/1943/1603 1497/1912/1580 1494/1913/1581
f 1503/1945/1605 1516/1944/1604 1517/1946/1606
f 1506/1928/1591 1517/1946/1606 1518/1947/1607
f 1512/2490/1598 1518/1957/1607 1519/1954/1608
f 1512/2490/1598 1509/2491/1595 1518/1957/1607
f 1514/1952/1600 1521/1955/1610 1520/1953/1609
f 1514/1952/1600 1511/2492/1597 1519/1954/1608
f 1515/1941/1601 1513/1937/1602 1520/1953/1609
f 1516/2493/1604 1522/1961/1603 1523/1963/1611
f 1518/1957/1607 1523/1963/1611 1524/1958/1612
f 1521/1955/1610 1524/1958/1612 1525/1959/1613
f 1521/1955/1610 1519/1954/1608 1524/1958/1612
f 1475/1918/1559 1520/1953/1609 1525/1959/1613
f 1523/1963/1611 1526/1962/1614 1527/1964/1615
f 1524/1958/1612 1527/1964/1615 1525/1959/1613
f 1483/1899/1567 1529/1967/1617 1490/1906/1574
f 1529/1967/1617 1483/1899/1567 1525/1960/1613
f 1532/2252/1618 1528/1966/1616 1527/1965/1615
f 1533/2254/1817 1530/1970/1620 1528/1966/1616
f 1529/1967/1617 1531/1969/1619 1492/1908/1576
f 1531/1969/1619 1529/1967/1617 1528/1966/1616
f 1386/1098/891 1387/1779/1466 1522/1961/1603
f 1725/1971/1621 1532/1968/1618 1526/1962/1614
f 1532/2252/1618 1533/2254/1817 1528/1966/1616
f 1492/1908/1576 1534/1972/1622 1493/1909/1577
f 1492/1908/1576 1531/1969/1619 1530/1970/1620
f 1385/1791/1473 1535/1973/1623 536/682/564
f 536/682/564 1535/1973/1623 1384/1975/1625
f 1535/1976/1623 1538/1984/1630 1537/1977/1626
f 1539/1979/1627 1291/1665/1369 1285/1656/1359
f 1384/2494/1625 1540/1988/1634 1539/1990/1627
f 1541/1980/1628 1540/1995/1634 1384/1975/1625
f 1536/2495/1624 1542/1997/1640 1541/1999/1628
f 1543/1981/1629 1542/2003/1640 1536/1982/1624
f 1537/1977/1626 1544/1985/1631 1543/2007/1629
f 1538/1984/1630 1545/2009/1646 1544/1985/1631
f 1546/1986/1632 1296/2496/1877 1291/1665/1369
f 1546/1987/1633 1547/1991/1635 1297/1667/1371
f 1540/1988/1634 1547/2497/1881 1546/1989/1632
f 1547/1991/1635 1548/1993/1637 1298/1992/1636
f 1548/1993/1637 1549/2001/1642 1158/1668/1372
f 1550/1994/1638 1547/2498/1881 1540/1995/1634
f 1550/1996/1639 1551/2000/1641 1548/1993/1637
f 1542/1997/1640 1551/2499/1882 1550/1998/1638
f 1551/2000/1641 1552/2005/1644 1549/2001/1642
f 1553/2002/1643 1551/2500/1882 1542/2003/1640
f 1553/2004/1643 1554/2063/1684 1552/2005/1644
f 1544/1985/1631 1554/2501/1684 1553/2006/1643
f 1555/2502/1645 1554/2503/1684 1544/2504/1631
f 1385/1791/1473 1557/2011/1648 1535/1973/1623
f 1557/2505/1648 1560/2018/1654 1559/2017/1650
f 1561/2020/1651 1560/2018/1654 1557/2505/1648
f 1562/2015/1652 1538/2030/1630 1535/1973/1623
f 1559/2506/1650 1563/2034/1665 1562/2036/1652
f 1564/2043/1671 1563/2042/1665 1559/2507/1650
f 1559/2017/1650 1565/2045/1672 1564/2047/1671
f 1566/2016/1653 1565/2045/1672 1559/2017/1650
f 1560/2018/1654 1567/2055/1657 1566/2016/1653
f 1571/2508/1655 1567/2509/1657 1560/2510/1654
f 1571/2511/1655 1572/2024/1658 1568/2026/1656
f 1561/2020/1651 1572/2512/1658 1571/2019/1655
f 1572/2024/1658 1573/2027/1660 1569/2025/1659
f 1573/2027/1660 1574/2211/1781 1570/2028/1661
f 1574/2211/1781 1575/2081/1700 1570/2028/1661
f 1538/1984/1630 1576/2513/1664 1545/2009/1646
f 1580/2029/1662 1576/2514/1664 1538/2030/1630
f 1580/2031/1662 1581/2037/1666 1577/2032/1663
f 1563/2034/1665 1581/2515/1666 1580/2035/1662
f 1581/2037/1666 1582/2039/1668 1578/2038/1667
f 1582/2039/1668 1583/2049/1674 1579/2040/1669
f 1583/2049/1674 1584/2051/1676 1579/2040/1669
f 1585/2041/1670 1581/2516/1666 1563/2042/1665
f 1585/2044/1670 1586/2048/1673 1582/2039/1668
f 1565/2045/1672 1586/2517/1673 1585/2046/1670
f 1586/2048/1673 1587/2050/1675 1583/2049/1674
f 1587/2050/1675 1588/2057/1679 1584/2051/1676
f 1588/2057/1679 1589/2060/1681 1584/2051/1676
f 1590/2518/1677 1586/2519/1673 1565/2520/1672
f 1590/2053/1677 1591/2056/1678 1587/2050/1675
f 1591/2054/1678 1590/2052/1677 1566/2016/1653
f 1591/2056/1678 1592/2058/1680 1588/2057/1679
f 1592/2521/1680 1591/2054/1678 1567/2055/1657
f 1592/2058/1680 1593/2061/1682 1589/2060/1681
f 1593/2061/1682 1592/2058/1680 1568/2026/1656
f 1549/2001/1642 1594/2062/1683 1158/1668/1372
f 1552/2005/1644 1595/2064/1685 1594/2062/1683
f 1595/2064/1685 1596/2066/1687 1594/2062/1683
f 1554/2063/1684 1597/2065/1686 1595/2064/1685
f 1597/2065/1686 1598/2070/1689 1596/2066/1687
f 1555/2067/1645 1599/2068/1688 1597/2065/1686
f 1599/2522/1688 1555/2008/1645 1545/2009/1646
f 1599/2068/1688 1600/2071/1690 1598/2070/1689
f 1600/2071/1690 1599/2068/1688 1576/2033/1664
f 1600/2071/1690 1601/2072/1691 1598/2070/1689
f 1601/2072/1691 1600/2071/1690 1577/2032/1663
f 1584/2051/1676 1603/2073/1692 1579/2040/1669
f 1589/2060/1681 1604/2076/1695 1603/2073/1692
f 1593/2061/1682 1605/2075/1694 1589/2060/1681
f 1605/2075/1694 1593/2061/1682 1570/2028/1661
f 1598/2070/1689 1606/2077/1696 1596/2066/1687
f 1601/2072/1691 1607/2086/1705 1606/2077/1696
f 1607/2086/1705 1601/2072/1691 1602/2074/1693
f 1604/2076/1695 1610/2080/1699 1609/2078/1697
f 1605/2075/1694 1611/2079/1698 1604/2076/1695
f 1570/2028/1661 1612/2094/1713 1611/2079/1698
f 1612/2094/1713 1570/2028/1661 1608/2082/1701
f 1606/2077/1696 1613/2083/1702 1596/2066/1687
f 1607/2086/1705 1614/2085/1704 1606/2077/1696
f 1602/2074/1693 1615/2084/1703 1607/2086/1705
f 1615/2084/1703 1602/2074/1693 1603/2073/1692
f 1616/2273/1706 1387/1779/1466 1617/2108/1707
f 1622/2090/1709 1621/2523/1716 1618/2089/1708
f 1622/2090/1709 1618/2089/1708 1617/2088/1707
f 1610/2080/1699 1624/2092/1711 1609/2078/1697
f 1624/2092/1711 1625/2128/1740 1623/2093/1712
f 1624/2092/1711 1626/2135/1718 1625/2128/1740
f 1627/2095/1714 1624/2092/1711 1611/2079/1698
f 1627/2095/1714 1608/2082/1701 1620/2096/1715
f 1628/2098/1717 1626/2135/1718 1624/2092/1711
f 1622/2090/1709 1628/2524/1717 1627/2525/1714
f 1628/2524/1717 1622/2090/1709 1619/2091/1710
f 1629/2103/1719 1323/1693/1395 1158/1668/1372
f 1613/2083/1702 1629/2103/1719 1594/2062/1683
f 1631/2106/1722 1387/1779/1466 725/1778/1465
f 1633/2105/1721 1387/1779/1466 1631/2106/1722
f 1360/1760/1447 725/1778/1465 519/1369/1106
f 1634/2109/1724 1631/2106/1722 725/1778/1465
f 1632/2107/1723 1631/2106/1722 1636/2111/1726
f 1638/2115/1728 1633/2105/1721 1632/2107/1723
f 1639/2137/1729 1619/2091/1710 1617/2088/1707
f 1639/2117/1729 1617/2108/1707 1633/2105/1721
f 1641/2146/1730 1640/2145/1732 1360/2526/1447
f 1643/2155/1731 1642/2154/1734 1634/2527/1724
f 1643/2119/1731 1634/2109/1724 1360/1760/1447
f 1645/2163/1733 1644/2162/1736 1635/2528/1725
f 1645/2121/1733 1635/2110/1725 1634/2109/1724
f 1647/2170/1735 1646/2125/1737 1636/2113/1726
f 1647/2123/1735 1636/2111/1726 1635/2110/1725
f 1650/2126/1738 1649/2529/1743 1637/2114/1727
f 1637/2114/1727 1636/2113/1726 1646/2125/1737
f 1651/2127/1739 1648/2130/1742 1623/2093/1712
f 1652/2129/1741 1649/2174/1743 1648/2130/1742
f 1652/2530/1741 1651/2531/1739 1638/2532/1728
f 1652/2530/1741 1638/2532/1728 1637/2533/1727
f 1653/2134/1744 1651/2127/1739 1625/2128/1740
f 1653/2136/1744 1626/2534/1718 1619/2091/1710
f 1653/2138/1744 1639/2117/1729 1638/2115/1728
f 1655/2141/1746 1380/1771/1459 1323/1693/1395
f 1656/2142/1747 1381/1772/1460 1380/1771/1459
f 1657/2143/1748 1382/1773/1461 1381/1772/1460
f 1657/2144/1748 1656/2535/1747 1640/2145/1732
f 1657/2147/1748 1641/2118/1730 1370/1776/1463
f 1659/2150/1750 1654/2140/1745 1629/2103/1719
f 1660/2151/1751 1655/2141/1746 1654/2140/1745
f 1661/2152/1752 1656/2142/1747 1655/2141/1746
f 1661/2153/1752 1660/2536/1751 1642/2154/1734
f 1661/2156/1752 1643/2119/1731 1640/2120/1732
f 1662/2158/1753 1658/2149/1749 1613/2083/1702
f 1663/2159/1754 1659/2150/1750 1658/2149/1749
f 1664/2160/1755 1660/2151/1751 1659/2150/1750
f 1664/2161/1755 1663/2537/1754 1644/2162/1736
f 1664/2164/1755 1645/2121/1733 1642/2122/1734
f 1666/2167/1757 1662/2158/1753 1630/2104/1720
f 1667/2168/1758 1663/2159/1754 1662/2158/1753
f 1667/2169/1758 1666/2538/1757 1646/2125/1737
f 1667/2171/1758 1647/2123/1735 1644/2124/1736
f 1668/2173/1759 1665/2166/1756 1614/2085/1704
f 1668/2173/1759 1623/2093/1712 1648/2130/1742
f 1669/2175/1760 1666/2167/1757 1665/2166/1756
f 1650/2126/1738 1669/2539/1760 1668/2540/1759
f 1669/2539/1760 1650/2126/1738 1646/2125/1737
f 1673/2183/1763 1672/2190/1766 1556/2184/1647
f 1674/2185/1764 1673/2183/1763 1398/2181/1479
f 1675/2194/1770 1558/2193/1649 1556/2184/1647
f 1676/2196/1765 1675/2194/1770 1556/2184/1647
f 1677/2189/1767 1676/2196/1765 1672/2190/1766
f 1673/2183/1763 1678/2205/1778 1677/2189/1767
f 1679/2191/1768 1678/2205/1778 1673/2183/1763
f 1680/2192/1769 1561/2207/1651 1558/2193/1649
f 1675/2194/1770 1681/2198/1773 1680/2192/1769
f 1684/2541/1771 1681/2542/1773 1675/2543/1770
f 1684/2195/1771 1685/2544/1774 1682/2197/1772
f 1676/2196/1765 1685/2544/1774 1684/2195/1771
f 1686/2202/1776 1685/2544/1774 1676/2196/1765
f 1686/2203/1776 1687/2236/1777 1683/2200/1775
f 1687/2204/1777 1686/2202/1776 1677/2189/1767
f 1688/2545/1779 1572/2546/1658 1561/2547/1651
f 1688/2208/1779 1689/2210/1780 1573/2027/1660
f 1689/2209/1780 1688/2206/1779 1680/2192/1769
f 1689/2210/1780 1682/2201/1772 1574/2211/1781
f 1682/2201/1772 1690/2212/1782 1575/2081/1700
f 1454/1867/1538 1691/2219/1789 1670/2180/1761
f 1454/1867/1538 1692/2215/1785 1691/2219/1789
f 1695/2213/1783 1692/2215/1785 1454/1867/1538
f 1695/2213/1783 1696/2216/1786 1693/2214/1784
f 1696/2216/1786 1695/2213/1783 1455/1866/1537
f 1696/2216/1786 1457/1869/1540 1694/2217/1787
f 1457/1869/1540 1697/2240/1805 1694/2217/1787
f 1458/1872/1543 1697/2240/1805 1457/1869/1540
f 1698/2218/1788 1671/2182/1762 1670/2180/1761
f 1699/2220/1790 1698/2218/1788 1691/2219/1789
f 1693/2214/1784 1705/2221/1791 1699/2220/1790
f 1694/2217/1787 1700/2227/1797 1705/2221/1791
f 1671/2182/1762 1701/2224/1794 1674/2185/1764
f 1704/2222/1792 1701/2224/1794 1671/2182/1762
f 1704/2222/1792 1705/2221/1791 1702/2223/1793
f 1699/2220/1790 1705/2221/1791 1704/2222/1792
f 1705/2221/1791 1706/2226/1796 1703/2225/1795
f 1679/2191/1768 1709/2229/1799 1707/2228/1798
f 1709/2229/1799 1679/2191/1768 1674/2185/1764
f 1709/2230/1799 1702/2234/1793 1708/2231/1800
f 1702/2234/1793 1710/2233/1801 1708/2231/1800
f 1683/2200/1775 1712/2237/1802 1711/2239/1804
f 1687/2236/1777 1707/2232/1798 1712/2237/1802
f 1707/2232/1798 1713/2238/1803 1712/2237/1802
f 1713/2238/1803 1715/2249/1813 1712/2237/1802
f 1715/2249/1813 1713/2238/1803 1708/2231/1800
f 1717/2242/1807 1716/2243/1808 1694/2217/1787
f 1470/1885/1554 1717/2242/1807 1697/2240/1805
f 1493/1909/1577 1716/2243/1808 1717/2242/1807
f 1716/2243/1808 1718/2246/1811 1700/2227/1797
f 1706/2226/1796 1720/2245/1810 1719/2244/1809
f 1720/2245/1810 1706/2226/1796 1700/2227/1797
f 1710/2233/1801 1722/2278/1835 1721/2248/1812
f 1719/2247/1809 1722/2278/1835 1710/2233/1801
f 1712/2237/1802 1723/2288/1844 1714/2241/1806
f 1715/2249/1813 1723/2288/1844 1712/2237/1802
f 1690/2212/1782 1724/2250/1814 1575/2081/1700
f 1724/2250/1814 1690/2212/1782 1714/2241/1806
f 1387/1779/1466 1729/2251/1815 1522/1961/1603
f 1727/2256/1818 1716/2243/1808 1493/1909/1577
f 1530/1970/1620 1728/2257/1819 1727/2256/1818
f 1728/2257/1819 1530/1970/1620 1533/2254/1817
f 1733/2261/1822 1732/2263/1824 1726/2253/1816
f 1733/2261/1822 1726/2253/1816 1725/2255/1621
f 1716/2243/1808 1734/2262/1823 1720/2245/1810
f 1727/2256/1818 1734/2262/1823 1716/2243/1808
f 1734/2262/1823 1732/2263/1824 1720/2245/1810
f 1734/2262/1823 1728/2257/1819 1726/2253/1816
f 1736/2264/1825 1730/2260/1820 1729/2265/1815
f 1739/2267/1827 1738/2271/1831 1731/2259/1821
f 1739/2267/1827 1731/2259/1821 1730/2260/1820
f 1740/2268/1828 1737/2270/1830 1719/2244/1809
f 1741/2269/1829 1738/2271/1831 1737/2270/1830
f 1733/2261/1822 1741/2269/1829 1740/2268/1828
f 1741/2269/1829 1733/2261/1822 1731/2259/1821
f 1742/2272/1832 1729/2251/1815 1387/1779/1466
f 1743/2548/1833 1735/2549/1826 1729/2550/1815
f 1746/2276/1834 1745/2283/1839 1736/2264/1825
f 1746/2276/1834 1736/2264/1825 1735/2266/1826
f 1737/2277/1830 1722/2278/1835 1719/2247/1809
f 1747/2279/1836 1744/2289/1838 1721/2248/1812
f 1748/2281/1837 1745/2283/1839 1744/2282/1838
f 1748/2281/1837 1747/2280/1836 1738/2271/1831
f 1748/2281/1837 1739/2267/1827 1736/2264/1825
f 1750/2284/1840 1749/2286/1842 1742/2275/1832
f 1750/2551/1840 1742/2272/1832 1616/2273/1706
f 1753/2285/1841 1752/2294/1847 1743/2274/1833
f 1753/2285/1841 1743/2274/1833 1742/2275/1832
f 1715/2249/1813 1744/2289/1838 1723/2288/1844
f 1744/2289/1838 1715/2249/1813 1721/2248/1812
f 1754/2287/1843 1751/2292/1846 1723/2288/1844
f 1755/2291/1845 1752/2552/1847 1751/2292/1846
f 1746/2276/1834 1755/2293/1845 1754/2290/1843
f 1755/2293/1845 1746/2276/1834 1743/2274/1833
f 1757/2296/1849 1620/2096/1715 1608/2082/1701
f 1758/2297/1850 1621/2097/1716 1620/2096/1715
f 1758/2298/1850 1757/2305/1849 1749/2286/1842
f 1758/2298/1850 1750/2284/1840 1618/2089/1708
f 1714/2241/1806 1751/2292/1846 1724/2250/1814
f 1759/2553/1851 1757/2296/1849 1756/2295/1848
f 1753/2285/1841 1759/2304/1851 1756/2302/1848
f 1759/2304/1851 1753/2285/1841 1749/2286/1842
