# Blender 5.2.2 LTS
# www.blender.org
mtllib left_finger3_middle.mtl
o left_finger3_middle
v -0.005589 -0.004536 -0.002052
v -0.005589 -0.004611 -0.000656
v -0.005529 -0.004569 -0.000382
v -0.005613 -0.004327 -0.000902
v -0.005602 -0.004270 -0.000575
v -0.005537 -0.004267 -0.000346
v -0.005602 -0.003973 -0.002143
v -0.005618 -0.000894 -0.000892
v -0.005538 -0.001033 -0.000347
v -0.005615 -0.000482 -0.001313
v -0.005603 -0.000993 -0.000574
v -0.005597 -0.000540 -0.000893
v -0.005546 -0.000569 -0.000583
v -0.005513 -0.000693 -0.000392
v -0.005599 0.000097 -0.001611
v -0.005594 -0.000192 -0.001243
v -0.005545 -0.000221 -0.000922
v -0.005515 -0.000339 -0.000691
v -0.005190 -0.004867 -0.021637
v -0.005224 -0.004921 -0.021459
v -0.005264 -0.004949 -0.021043
v -0.005288 -0.004961 -0.016424
v -0.005222 -0.004671 -0.021669
v -0.005309 -0.004682 -0.021467
v -0.005345 -0.004701 -0.021066
v -0.005233 -0.004232 -0.021683
v -0.005336 -0.004301 -0.021469
v -0.005370 -0.004380 -0.021140
v -0.005381 -0.004061 -0.020757
v -0.005240 -0.002408 -0.021681
v -0.005341 -0.001357 -0.021472
v -0.004910 -0.005201 -0.021336
v -0.004914 -0.005243 -0.021071
v -0.005010 -0.004919 -0.021669
v -0.005095 -0.005120 -0.021156
v -0.005108 -0.005142 -0.020708
v -0.005018 -0.004680 -0.021750
v -0.005020 -0.004366 -0.021770
v -0.005033 -0.003687 -0.021755
v -0.005037 -0.002439 -0.021759
v -0.004594 -0.005236 -0.021371
v -0.004654 -0.005287 -0.021030
v -0.004729 -0.004933 -0.021702
v -0.004707 -0.005115 -0.021540
v -0.004714 -0.004683 -0.021769
v -0.004715 -0.004364 -0.021776
v -0.004739 -0.004024 -0.021757
v -0.004736 -0.003668 -0.021694
v -0.004597 -0.003554 -0.021472
v -0.004538 -0.003522 -0.021070
v -0.004802 -0.003315 -0.021683
v -0.004653 -0.003289 -0.021472
v -0.004584 -0.003281 -0.021072
v -0.004807 -0.002976 -0.021682
v -0.004660 -0.002995 -0.021472
v -0.004594 -0.003001 -0.021074
v -0.004625 -0.002988 -0.017458
v -0.004290 -0.005286 -0.021128
v -0.004258 -0.005300 -0.020747
v -0.004105 -0.005132 -0.021550
v -0.004197 -0.004695 -0.021740
v -0.004370 -0.004366 -0.021714
v -0.004247 -0.004250 -0.021571
v -0.004159 -0.004211 -0.021070
v -0.004487 -0.004052 -0.021676
v -0.004335 -0.004045 -0.021455
v -0.004303 -0.004017 -0.021068
v -0.004555 -0.003813 -0.021645
v -0.004440 -0.003773 -0.021124
v -0.003856 -0.004952 -0.021683
v -0.004075 -0.004500 -0.021663
v -0.004074 -0.004346 -0.021436
v -0.004006 -0.004364 -0.021062
v -0.003706 -0.004751 -0.021664
v -0.003621 -0.004667 -0.021464
v -0.003572 -0.004641 -0.021039
v -0.003866 -0.004583 -0.021628
v -0.003843 -0.004526 -0.021455
v -0.003811 -0.004514 -0.021068
v -0.002679 -0.004995 -0.021663
v -0.003331 -0.004841 -0.021650
v -0.003313 -0.004767 -0.021464
v -0.003279 -0.004740 -0.021073
v -0.002266 -0.005233 -0.021372
v -0.002976 -0.004876 -0.021646
v -0.002974 -0.004813 -0.021463
v -0.002942 -0.004789 -0.021117
v -0.005382 -0.004706 -0.016839
v -0.005405 -0.004409 -0.017925
v -0.004920 -0.005233 -0.015454
v -0.004608 -0.003583 -0.011653
v -0.004617 -0.003302 -0.017094
v -0.003608 -0.004630 -0.014130
v -0.005120 -0.005143 -0.014441
v -0.004726 -0.005245 -0.010109
v -0.004471 -0.005250 -0.010129
v -0.004380 -0.004016 -0.012261
v -0.004517 -0.003817 -0.011037
v -0.003973 -0.005246 -0.009634
v -0.004029 -0.004383 -0.013176
v -0.003840 -0.004532 -0.008053
v -0.003311 -0.004716 -0.013469
v -0.002981 -0.004748 -0.012855
v -0.005310 -0.004971 -0.010630
v -0.005445 -0.004685 -0.010198
v -0.005480 -0.004383 -0.011251
v -0.004911 -0.005224 -0.010207
v -0.005114 -0.005147 -0.010631
v -0.004703 -0.003311 -0.008361
v -0.004725 -0.002969 -0.008552
v -0.004223 -0.004213 -0.011730
v -0.001948 -0.005249 -0.010683
v -0.002976 -0.004729 -0.008357
v -0.005293 -0.004979 -0.010022
v -0.005456 -0.004706 -0.008648
v -0.005029 -0.005155 -0.009878
v -0.004696 -0.005228 -0.009871
v -0.004620 -0.003637 -0.008256
v -0.004323 -0.005242 -0.009229
v -0.004216 -0.004242 -0.008478
v -0.004405 -0.004029 -0.008409
v -0.004026 -0.004406 -0.008481
v -0.003617 -0.004627 -0.008631
v -0.003325 -0.004701 -0.008612
v -0.002747 -0.005236 -0.009219
v -0.005524 -0.004688 -0.002322
v -0.005584 -0.004357 -0.002373
v -0.005058 -0.005150 -0.004599
v -0.004721 -0.005213 -0.005384
v -0.004530 -0.003843 -0.008200
v -0.004583 -0.003859 -0.000985
v -0.004769 -0.002977 -0.004763
v -0.003078 -0.005200 -0.004539
v -0.003313 -0.004696 -0.005315
v -0.005348 -0.004979 -0.002201
v -0.004697 -0.003619 -0.000976
v -0.004776 -0.003311 -0.001611
v -0.004808 -0.002974 -0.001573
v -0.004260 -0.005208 -0.001293
v -0.004261 -0.004249 -0.000973
v -0.004440 -0.004061 -0.000970
v -0.003866 -0.004530 -0.000990
v -0.004055 -0.004416 -0.000943
v -0.003633 -0.004618 -0.000993
v -0.003122 -0.005182 -0.001249
v -0.002994 -0.004692 -0.000958
v -0.005360 -0.005007 -0.001013
v -0.005326 -0.004979 -0.000568
v -0.005282 -0.004905 -0.000359
v -0.005522 -0.004800 -0.001670
v -0.005517 -0.004824 -0.000881
v -0.005486 -0.004798 -0.000561
v -0.005378 -0.004690 -0.000305
v -0.005362 -0.004367 -0.000216
v -0.005354 -0.003937 -0.000199
v -0.005370 -0.002971 -0.000226
v -0.005048 -0.005146 -0.002201
v -0.005061 -0.005135 -0.000918
v -0.005055 -0.005079 -0.000558
v -0.005047 -0.004945 -0.000312
v -0.005067 -0.004696 -0.000186
v -0.005066 -0.004371 -0.000140
v -0.005070 -0.004024 -0.000158
v -0.005122 -0.003424 -0.000197
v -0.005130 -0.002890 -0.000217
v -0.004736 -0.005192 -0.000988
v -0.004723 -0.005117 -0.000554
v -0.004721 -0.004961 -0.000298
v -0.004724 -0.004698 -0.000169
v -0.004730 -0.004374 -0.000170
v -0.004623 -0.003914 -0.000548
v -0.004749 -0.004026 -0.000267
v -0.004743 -0.003640 -0.000556
v -0.004860 -0.003668 -0.000301
v -0.004816 -0.003323 -0.000594
v -0.004920 -0.003323 -0.000328
v -0.004849 -0.002976 -0.000588
v -0.004940 -0.002975 -0.000341
v -0.004230 -0.005190 -0.000891
v -0.004101 -0.005130 -0.000576
v -0.004285 -0.004965 -0.000321
v -0.004374 -0.004702 -0.000218
v -0.004318 -0.004280 -0.000549
v -0.004403 -0.004403 -0.000284
v -0.004524 -0.004167 -0.000338
v -0.003905 -0.004583 -0.000560
v -0.004014 -0.004713 -0.000312
v -0.004151 -0.004513 -0.000347
v -0.003533 -0.004996 -0.000353
v -0.003630 -0.004677 -0.000561
v -0.003663 -0.004798 -0.000343
v -0.003095 -0.005169 -0.000876
v -0.003320 -0.004683 -0.000967
v -0.003317 -0.004729 -0.000563
v -0.003322 -0.004836 -0.000350
v -0.002093 -0.005127 -0.000560
v -0.002981 -0.004735 -0.000563
v -0.002727 -0.004825 -0.000347
v -0.005373 -0.001272 -0.021165
v -0.005234 -0.001350 -0.021689
v -0.005382 -0.000930 -0.020800
v -0.005388 -0.000585 -0.020465
v -0.005217 -0.000930 -0.021659
v -0.005310 -0.000897 -0.021459
v -0.005357 -0.000881 -0.021161
v -0.005186 -0.000725 -0.021620
v -0.005233 -0.000599 -0.021438
v -0.005318 -0.000553 -0.021145
v -0.005362 -0.000532 -0.020818
v -0.005190 -0.000379 -0.021319
v -0.005235 -0.000250 -0.021100
v -0.005321 -0.000203 -0.020797
v -0.005372 -0.000197 -0.020448
v -0.005396 0.000082 -0.019781
v -0.005020 -0.001750 -0.021786
v -0.005021 -0.001235 -0.021775
v -0.005016 -0.000932 -0.021740
v -0.005009 -0.000704 -0.021664
v -0.004991 -0.000430 -0.021444
v -0.004988 -0.000142 -0.021160
v -0.004750 -0.002615 -0.021693
v -0.004614 -0.002702 -0.021468
v -0.004562 -0.002741 -0.021078
v -0.004754 -0.002268 -0.021758
v -0.004617 -0.001548 -0.021807
v -0.004716 -0.001235 -0.021799
v -0.004569 -0.000953 -0.021770
v -0.004544 -0.000704 -0.021683
v -0.004617 -0.000503 -0.021537
v -0.004633 -0.000314 -0.021360
v -0.004587 -0.002466 -0.021642
v -0.004494 -0.002511 -0.021115
v -0.004530 -0.002240 -0.021673
v -0.004427 -0.002268 -0.021468
v -0.004382 -0.002271 -0.021052
v -0.004409 -0.001914 -0.021701
v -0.004278 -0.001998 -0.021474
v -0.004246 -0.002059 -0.021055
v -0.004380 -0.001570 -0.021773
v -0.004375 -0.001234 -0.021795
v -0.004174 -0.001776 -0.021655
v -0.004080 -0.001866 -0.021075
v -0.004036 -0.001541 -0.021699
v -0.003928 -0.001658 -0.021474
v -0.003898 -0.001695 -0.021166
v -0.003888 -0.001696 -0.020711
v -0.003808 -0.001212 -0.021758
v -0.003609 -0.001392 -0.021660
v -0.003605 -0.001477 -0.021493
v -0.003674 -0.001565 -0.021074
v -0.003385 -0.000913 -0.021734
v -0.003434 -0.001454 -0.021046
v -0.003337 -0.001200 -0.021684
v -0.003238 -0.001330 -0.021470
v -0.003211 -0.001386 -0.021077
v -0.003232 -0.001378 -0.019125
v -0.002975 -0.001142 -0.021672
v -0.002956 -0.001286 -0.021470
v -0.002940 -0.001357 -0.021035
v -0.001996 -0.000696 -0.021672
v -0.005608 0.000207 -0.002005
v -0.004589 -0.002677 -0.017480
v -0.004521 -0.002464 -0.018118
v -0.004418 -0.002251 -0.018015
v -0.004279 -0.002031 -0.017413
v -0.004110 -0.001826 -0.016649
v -0.003925 -0.001659 -0.015685
v -0.003683 -0.001539 -0.018896
v -0.003694 -0.001515 -0.015660
v -0.003478 -0.001429 -0.017093
v -0.003266 -0.001365 -0.015624
v -0.002967 -0.001337 -0.015506
v -0.004347 -0.001943 -0.008718
v -0.004635 -0.002335 -0.005100
v -0.004011 -0.001626 -0.008608
v -0.003774 -0.001481 -0.008639
v -0.003551 -0.001385 -0.008683
v -0.002975 -0.001307 -0.008900
v -0.004729 -0.002641 -0.004870
v -0.004493 -0.002148 -0.008639
v -0.004184 -0.001766 -0.008730
v -0.003286 -0.001319 -0.007804
v -0.004530 -0.002111 -0.004806
v -0.004399 -0.001933 -0.004917
v -0.004017 -0.001579 -0.004704
v -0.003845 -0.001428 -0.000883
v -0.003629 -0.001345 -0.000939
v -0.004779 -0.002633 -0.000992
v -0.004688 -0.002328 -0.000955
v -0.004567 -0.002081 -0.000962
v -0.004219 -0.001741 -0.004736
v -0.004041 -0.001542 -0.000927
v -0.003323 -0.001284 -0.000944
v -0.002997 -0.001275 -0.000955
v -0.005339 -0.001393 -0.000187
v -0.005355 -0.000909 -0.000232
v -0.005351 -0.000365 -0.000528
v -0.005352 -0.000648 -0.000311
v -0.005343 -0.000074 -0.000819
v -0.005058 -0.001908 -0.000165
v -0.005037 -0.001280 -0.000122
v -0.005063 -0.000899 -0.000161
v -0.005053 -0.000364 -0.000439
v -0.004979 -0.000634 -0.000239
v -0.004820 -0.002632 -0.000568
v -0.004918 -0.002627 -0.000329
v -0.004736 -0.002312 -0.000557
v -0.004857 -0.002283 -0.000304
v -0.004614 -0.002029 -0.000543
v -0.004746 -0.001926 -0.000271
v -0.004728 -0.001573 -0.000165
v -0.004723 -0.001229 -0.000117
v -0.004684 -0.000905 -0.000137
v -0.004660 -0.000392 -0.000386
v -0.004424 -0.001886 -0.000927
v -0.004519 -0.001786 -0.000340
v -0.004243 -0.001701 -0.000952
v -0.004275 -0.001653 -0.000550
v -0.004396 -0.001546 -0.000278
v -0.004372 -0.001227 -0.000164
v -0.004251 -0.000609 -0.000243
v -0.004006 -0.001462 -0.000516
v -0.004132 -0.001430 -0.000330
v -0.003897 -0.001351 -0.000426
v -0.004012 -0.001220 -0.000245
v -0.004031 -0.000903 -0.000172
v -0.003676 -0.001306 -0.000543
v -0.003672 -0.001140 -0.000286
v -0.003327 -0.001236 -0.000551
v -0.003160 -0.001080 -0.000297
v -0.003090 -0.000850 -0.000196
v -0.001013 -0.000389 -0.000373
v -0.002983 -0.001226 -0.000553
v -0.001966 -0.000600 -0.000237
v -0.001986 -0.005121 -0.021557
v -0.002368 -0.004850 -0.021650
v -0.002630 -0.004805 -0.021463
v -0.002613 -0.004771 -0.021091
v -0.002303 -0.004745 -0.021465
v -0.002311 -0.004699 -0.021064
v -0.001592 -0.004931 -0.021694
v -0.001913 -0.004731 -0.021671
v -0.002005 -0.004636 -0.021474
v -0.002043 -0.004585 -0.021040
v -0.001762 -0.004541 -0.021641
v -0.001842 -0.004456 -0.021100
v -0.001564 -0.004700 -0.021731
v -0.001524 -0.004421 -0.021680
v -0.001620 -0.004330 -0.021468
v -0.001656 -0.004293 -0.021086
v -0.001402 -0.004188 -0.021644
v -0.001309 -0.003945 -0.021474
v -0.001489 -0.004101 -0.021098
v -0.001199 -0.004937 -0.021698
v -0.001222 -0.004687 -0.021760
v -0.001210 -0.004379 -0.021753
v -0.001185 -0.004037 -0.021691
v -0.001358 -0.003895 -0.021060
v -0.001079 -0.003673 -0.021678
v -0.001197 -0.003648 -0.021469
v -0.001248 -0.003632 -0.021056
v -0.001023 -0.003149 -0.021673
v -0.001135 -0.003320 -0.021467
v -0.001178 -0.003327 -0.021082
v -0.001126 -0.002974 -0.021468
v -0.001162 -0.002979 -0.021111
v -0.000865 -0.004686 -0.021769
v -0.000872 -0.004369 -0.021784
v -0.000847 -0.003859 -0.021772
v -0.000808 -0.002777 -0.021769
v -0.000494 -0.004318 -0.021795
v -0.000493 -0.001630 -0.021806
v -0.002349 -0.004645 -0.013539
v -0.001920 -0.004406 -0.013312
v -0.001718 -0.004230 -0.013923
v -0.001544 -0.004028 -0.014093
v -0.001330 -0.003620 -0.014328
v -0.001237 -0.002974 -0.014597
v -0.002631 -0.004716 -0.012740
v -0.002114 -0.004532 -0.012771
v -0.001421 -0.003839 -0.014308
v -0.001258 -0.003311 -0.014421
v -0.002315 -0.004625 -0.012594
v -0.002147 -0.004492 -0.007896
v -0.001483 -0.003771 -0.007805
v -0.001321 -0.002967 -0.006887
v 0.001852 -0.005248 -0.011663
v -0.002375 -0.004606 -0.008092
v -0.001926 -0.004332 -0.007875
v -0.001768 -0.004182 -0.007755
v -0.001625 -0.004004 -0.007836
v -0.001415 -0.003504 -0.004454
v -0.002314 -0.005223 -0.006589
v -0.002689 -0.004648 -0.000970
v -0.002435 -0.004567 -0.000992
v -0.001511 -0.003698 -0.003323
v -0.001373 -0.003275 -0.003767
v -0.001907 -0.005204 -0.001287
v -0.002214 -0.004451 -0.000962
v -0.002010 -0.004300 -0.000976
v -0.001806 -0.004149 -0.003657
v -0.001648 -0.003943 -0.003657
v -0.001668 -0.003923 -0.000946
v -0.001350 -0.002974 -0.004309
v -0.002177 -0.004977 -0.000333
v -0.002661 -0.004693 -0.000560
v -0.001948 -0.005187 -0.000883
v -0.002375 -0.004597 -0.000568
v -0.002275 -0.004724 -0.000312
v -0.002128 -0.004531 -0.000349
v -0.001919 -0.004709 -0.000216
v -0.001975 -0.004328 -0.000553
v -0.001879 -0.004420 -0.000285
v -0.001823 -0.004124 -0.000923
v -0.001653 -0.003981 -0.000546
v -0.001752 -0.004193 -0.000340
v -0.001538 -0.004967 -0.000287
v -0.001573 -0.004701 -0.000157
v -0.001561 -0.004383 -0.000161
v -0.001530 -0.004047 -0.000265
v -0.001535 -0.003690 -0.000911
v -0.001508 -0.003693 -0.000560
v -0.001414 -0.003716 -0.000308
v -0.001441 -0.003458 -0.000839
v -0.001347 -0.003263 -0.000552
v -0.001363 -0.003488 -0.000354
v -0.001187 -0.004700 -0.000126
v -0.001222 -0.004373 -0.000091
v -0.001213 -0.004029 -0.000120
v -0.001189 -0.003683 -0.000165
v -0.001391 -0.003231 -0.000936
v -0.001203 -0.003337 -0.000263
v -0.001374 -0.002982 -0.000937
v -0.001319 -0.002978 -0.000547
v -0.001165 -0.002976 -0.000271
v -0.000882 -0.004373 -0.000066
v -0.000863 -0.004062 -0.000060
v -0.000858 -0.003383 -0.000098
v -0.000857 -0.002681 -0.000113
v -0.000518 -0.003386 -0.000057
v -0.000510 -0.002624 -0.000062
v 0.000879 -0.004360 -0.000059
v 0.000501 -0.004005 -0.000047
v 0.000010 -0.002926 -0.000049
v -0.002634 -0.001147 -0.021673
v -0.002660 -0.001293 -0.021470
v -0.002659 -0.001367 -0.021052
v -0.002276 -0.000924 -0.021732
v -0.002137 -0.001387 -0.021644
v -0.002384 -0.001353 -0.021466
v -0.002198 -0.001498 -0.021107
v -0.002280 -0.001211 -0.021687
v -0.002409 -0.001415 -0.021079
v -0.001905 -0.001449 -0.021674
v -0.001942 -0.001572 -0.021471
v -0.001928 -0.001648 -0.021055
v -0.001926 -0.001209 -0.021748
v -0.001561 -0.000932 -0.021756
v -0.001427 -0.002106 -0.021379
v -0.001433 -0.002145 -0.020799
v -0.001451 -0.001826 -0.021667
v -0.001408 -0.002037 -0.021545
v -0.001581 -0.001929 -0.021174
v -0.001581 -0.001953 -0.020707
v -0.001582 -0.001571 -0.021701
v -0.001703 -0.001718 -0.021485
v -0.001756 -0.001773 -0.021072
v -0.001055 -0.002625 -0.021678
v -0.001174 -0.002626 -0.021474
v -0.001210 -0.002668 -0.021088
v -0.001119 -0.002280 -0.021693
v -0.001285 -0.002279 -0.021491
v -0.001314 -0.002362 -0.021046
v -0.001219 -0.001940 -0.021728
v -0.001346 -0.001331 -0.021781
v -0.000874 -0.001931 -0.021789
v -0.001049 -0.001249 -0.021795
v 0.001904 -0.000699 -0.021669
v 0.001191 -0.001230 -0.021789
v -0.002211 -0.001498 -0.012359
v -0.001790 -0.001790 -0.013326
v -0.001982 -0.001634 -0.014269
v -0.002668 -0.001353 -0.015416
v -0.002421 -0.001406 -0.013465
v -0.001479 -0.002182 -0.012958
v -0.001632 -0.001976 -0.011765
v -0.001292 -0.002662 -0.013004
v -0.001366 -0.002403 -0.013277
v -0.002675 -0.001338 -0.009601
v -0.002432 -0.001400 -0.007283
v -0.002005 -0.001643 -0.007445
v -0.001524 -0.002239 -0.004662
v -0.001371 -0.002670 -0.004815
v -0.002236 -0.001504 -0.000974
v -0.001820 -0.001817 -0.005421
v -0.001664 -0.002010 -0.005068
v -0.002695 -0.001316 -0.000951
v -0.002455 -0.001391 -0.000976
v -0.002033 -0.001648 -0.000975
v -0.001424 -0.002454 -0.004964
v -0.001448 -0.002494 -0.000899
v -0.001682 -0.002026 -0.000945
v -0.002665 -0.001266 -0.000551
v -0.002635 -0.001127 -0.000292
v -0.002374 -0.001367 -0.000570
v -0.002135 -0.001421 -0.000341
v -0.002279 -0.001213 -0.000270
v -0.002223 -0.000882 -0.000166
v -0.001836 -0.001833 -0.000962
v -0.001943 -0.001666 -0.000568
v -0.001756 -0.001760 -0.000343
v -0.001883 -0.001531 -0.000281
v -0.001921 -0.001221 -0.000165
v -0.001475 -0.002342 -0.000550
v -0.001428 -0.002242 -0.000319
v -0.001550 -0.002254 -0.000920
v -0.001643 -0.002005 -0.000551
v -0.001533 -0.001905 -0.000270
v -0.001562 -0.001565 -0.000157
v -0.001573 -0.001226 -0.000106
v -0.001526 -0.000892 -0.000123
v -0.001394 -0.002733 -0.000946
v -0.001345 -0.002713 -0.000550
v -0.001204 -0.002616 -0.000265
v -0.001190 -0.002268 -0.000170
v -0.001214 -0.001921 -0.000126
v -0.001223 -0.001574 -0.000088
v -0.001189 -0.001223 -0.000075
v -0.000870 -0.002274 -0.000086
v -0.000874 -0.001925 -0.000072
v -0.000791 -0.001618 -0.000061
v 0.001552 -0.000597 -0.000224
v 0.004643 -0.000149 -0.000574
v -0.005543 0.000126 -0.001275
v -0.005514 0.000008 -0.001043
v -0.005588 0.000503 -0.001944
v -0.005541 0.000473 -0.001628
v -0.005513 0.000354 -0.001397
v -0.005580 0.000834 -0.002273
v -0.005538 0.000810 -0.001977
v -0.005511 0.000699 -0.001752
v -0.005530 0.001027 -0.002211
v -0.005510 0.000995 -0.002073
v -0.005192 -0.000029 -0.020972
v -0.005238 0.000101 -0.020751
v -0.005324 0.000148 -0.020448
v -0.005370 0.000168 -0.020118
v -0.005193 0.000322 -0.020623
v -0.005240 0.000451 -0.020402
v -0.005328 0.000498 -0.020098
v -0.005374 0.000518 -0.019768
v -0.005195 0.000673 -0.020274
v -0.005241 0.000802 -0.020052
v -0.005329 0.000848 -0.019749
v -0.005195 0.001024 -0.019925
v -0.005240 0.001153 -0.019703
v -0.005192 0.001375 -0.019576
v -0.004988 0.000208 -0.020813
v -0.005018 0.000529 -0.020480
v -0.004989 0.000864 -0.020162
v -0.004989 0.001214 -0.019815
v -0.004993 0.001538 -0.019490
v -0.004634 0.000384 -0.020668
v -0.004690 0.001060 -0.019994
v -0.004674 0.001897 -0.019160
v -0.004296 0.002136 -0.018932
v 0.004643 0.001191 -0.019852
v -0.005400 0.000496 -0.019380
v -0.005373 0.000868 -0.019418
v -0.005396 0.000845 -0.019056
v -0.005323 0.001198 -0.019399
v -0.005374 0.001212 -0.018975
v -0.005210 0.001603 -0.019295
v -0.005305 0.001529 -0.019053
v -0.005338 0.001554 -0.018638
v -0.005221 0.001776 -0.019017
v -0.005263 0.001828 -0.018712
v -0.005286 0.001881 -0.018314
v -0.005242 0.002102 -0.017772
v -0.005013 0.001766 -0.019250
v -0.005011 0.001980 -0.018987
v -0.005146 0.002038 -0.018702
v -0.005194 0.002075 -0.018470
v -0.005221 0.002108 -0.018204
v -0.004932 0.002317 -0.018623
v -0.005174 0.002336 -0.017597
v -0.004888 0.002665 -0.018240
v -0.005035 0.002576 -0.017999
v -0.005072 0.002618 -0.017542
v -0.004696 0.002293 -0.018736
v -0.004649 0.002586 -0.018453
v -0.004304 0.002924 -0.018143
v -0.003861 0.003065 -0.018011
v -0.005519 0.001583 -0.003829
v -0.005386 0.001908 -0.009854
v -0.005312 0.002222 -0.009861
v -0.005562 0.001243 -0.003513
v -0.005243 0.002450 -0.009923
v -0.005164 0.002664 -0.009937
v -0.005602 0.000614 -0.002360
v -0.005459 0.001918 -0.003878
v -0.005379 0.002240 -0.004097
v -0.005293 0.002518 -0.004363
v -0.005204 0.002743 -0.004802
v -0.005593 0.000784 -0.002665
v -0.005527 0.001454 -0.003271
v -0.005393 0.002046 -0.003458
v -0.005314 0.001902 -0.002998
v -0.005277 0.002241 -0.003356
v -0.005237 0.002135 -0.003116
v -0.005241 0.002495 -0.003710
v -0.005208 0.002447 -0.003481
v -0.005027 0.002062 -0.002914
v -0.005030 0.002439 -0.003329
v -0.005253 0.002585 -0.004106
v -0.005143 0.002740 -0.004030
v -0.004972 0.002758 -0.003726
v -0.004751 0.002189 -0.002986
v -0.004676 0.002710 -0.003535
v -0.004313 0.001556 -0.002330
v -0.004409 0.002878 -0.003677
v -0.005342 0.000271 -0.001172
v -0.005343 0.000625 -0.001534
v -0.005543 0.000983 -0.002409
v -0.005356 0.000929 -0.001870
v -0.005507 0.001200 -0.002658
v -0.005410 0.001193 -0.002305
v -0.005363 0.001086 -0.002050
v -0.005344 0.001552 -0.002648
v -0.005294 0.001434 -0.002414
v -0.005263 0.001788 -0.002762
v -0.005057 0.000141 -0.000944
v -0.005077 0.000784 -0.001598
v -0.005040 0.001329 -0.002175
v -0.005033 0.001699 -0.002547
v -0.004638 -0.000176 -0.000584
v -0.004693 0.001342 -0.002128
v -0.004709 0.001722 -0.002512
v -0.004898 0.002818 -0.017968
v -0.004942 0.002862 -0.017663
v -0.004968 0.002881 -0.017282
v -0.004667 0.002817 -0.018204
v -0.004640 0.003050 -0.017918
v -0.004787 0.003072 -0.017650
v -0.004830 0.003120 -0.017366
v -0.004863 0.003125 -0.016886
v -0.004559 0.003361 -0.017558
v -0.004753 0.003326 -0.016866
v -0.004553 0.003515 -0.017270
v -0.004593 0.003547 -0.016964
v -0.004309 0.003274 -0.017775
v -0.004317 0.003516 -0.017506
v -0.004273 0.003730 -0.017223
v -0.004421 0.003737 -0.016954
v -0.004246 0.003909 -0.016920
v -0.003973 0.003591 -0.017479
v -0.003983 0.003880 -0.017157
v -0.003914 0.004133 -0.016845
v -0.003652 0.003952 -0.017119
v -0.003641 0.004235 -0.016808
v -0.003314 0.004292 -0.016783
v -0.005019 0.002936 -0.012054
v -0.004605 0.003577 -0.016560
v -0.004460 0.003765 -0.016622
v -0.004471 0.003783 -0.016215
v -0.004296 0.003956 -0.016614
v -0.004323 0.003978 -0.016226
v -0.004335 0.004024 -0.013279
v -0.004107 0.004125 -0.016604
v -0.004152 0.004160 -0.016272
v -0.004161 0.004184 -0.015840
v -0.003921 0.004278 -0.016570
v -0.003840 0.004445 -0.016237
v -0.004006 0.004350 -0.015873
v -0.003600 0.004454 -0.016522
v -0.003835 0.004520 -0.015824
v -0.003576 0.004625 -0.016221
v -0.003500 0.004765 -0.015894
v -0.003472 0.004839 -0.015476
v -0.003663 0.004688 -0.015161
v -0.003291 0.004584 -0.016459
v -0.003273 0.004769 -0.016195
v -0.003202 0.004956 -0.015870
v -0.003095 0.005085 -0.015532
v -0.003250 0.005010 -0.015127
v -0.002982 0.004627 -0.016449
v -0.002931 0.004928 -0.016109
v -0.002803 0.005181 -0.015767
v -0.003031 0.005154 -0.015131
v -0.002812 0.005249 -0.015522
v -0.002824 0.005276 -0.015155
v -0.004985 0.003213 -0.005051
v -0.004845 0.003456 -0.005547
v -0.004719 0.003658 -0.005500
v -0.004266 0.004241 -0.006102
v -0.004029 0.004378 -0.012955
v -0.003859 0.004558 -0.012131
v -0.003712 0.004774 -0.006573
v -0.003496 0.004893 -0.010536
v -0.003124 0.005196 -0.006898
v -0.002894 0.005331 -0.006883
v -0.004576 0.003862 -0.005763
v -0.004432 0.004049 -0.005832
v -0.005103 0.002977 -0.004778
v -0.004174 0.004324 -0.005740
v -0.003976 0.004542 -0.006273
v -0.003822 0.004671 -0.006107
v -0.003871 0.004596 -0.005814
v -0.003613 0.004750 -0.005812
v -0.003460 0.004972 -0.006584
v -0.003484 0.004885 -0.005942
v -0.003326 0.004698 -0.005545
v -0.003485 0.004932 -0.006173
v -0.003281 0.005031 -0.006159
v -0.003276 0.004947 -0.005901
v -0.003075 0.005193 -0.006483
v -0.002855 0.005241 -0.006235
v -0.002968 0.005000 -0.005874
v -0.002811 0.005330 -0.006445
v -0.004912 0.003115 -0.004156
v -0.004959 0.003230 -0.004730
v -0.004922 0.003209 -0.004408
v -0.004669 0.002984 -0.003829
v -0.004789 0.003525 -0.005042
v -0.004796 0.003446 -0.004733
v -0.004628 0.003458 -0.004429
v -0.004679 0.003239 -0.004132
v -0.004561 0.003751 -0.004835
v -0.004515 0.003926 -0.005372
v -0.004538 0.003863 -0.005116
v -0.004330 0.003393 -0.004220
v -0.004337 0.003638 -0.004494
v -0.004220 0.004153 -0.005191
v -0.004315 0.003910 -0.004845
v -0.004219 0.004241 -0.005462
v -0.003989 0.003268 -0.004058
v -0.004027 0.003738 -0.004549
v -0.003994 0.004028 -0.004877
v -0.003896 0.004485 -0.005517
v -0.003976 0.004272 -0.005189
v -0.003676 0.004328 -0.005166
v -0.003625 0.004622 -0.005542
v -0.003576 0.003927 -0.004723
v -0.003297 0.004474 -0.005282
v -0.000973 0.003407 -0.017667
v 0.000401 0.003277 -0.017792
v -0.001677 0.004324 -0.016758
v -0.001254 0.004050 -0.017012
v -0.001273 0.004405 -0.016650
v -0.000884 0.003709 -0.017337
v -0.000913 0.003882 -0.017155
v -0.000892 0.004059 -0.016908
v -0.001000 0.004220 -0.016783
v -0.000485 0.003384 -0.017674
v -0.000394 0.003514 -0.017504
v -0.000541 0.003694 -0.017258
v -0.000438 0.003769 -0.016954
v -0.000691 0.003843 -0.017131
v -0.000646 0.003924 -0.016919
v -0.000175 0.003610 -0.017267
v -0.000154 0.003665 -0.016963
v -0.002659 0.004973 -0.016097
v -0.002369 0.005276 -0.015760
v -0.002569 0.005341 -0.015517
v -0.002399 0.005471 -0.015168
v -0.002593 0.005401 -0.014831
v -0.002077 0.005147 -0.015942
v -0.002239 0.005439 -0.015507
v -0.002120 0.005609 -0.014846
v -0.002339 0.005523 -0.014446
v -0.001884 0.005422 -0.015637
v -0.001296 0.004777 -0.016296
v -0.001335 0.005405 -0.015686
v -0.000759 0.004154 -0.016602
v -0.000685 0.004181 -0.016271
v -0.000651 0.004135 -0.015851
v -0.000927 0.004346 -0.016564
v -0.000755 0.004391 -0.016248
v -0.000685 0.004297 -0.015919
v -0.000672 0.004259 -0.015504
v -0.000996 0.004542 -0.016456
v -0.000875 0.004672 -0.016271
v -0.000881 0.004918 -0.016127
v -0.000655 0.005236 -0.015837
v -0.000400 0.003804 -0.016621
v -0.000377 0.003810 -0.016234
v -0.000593 0.003980 -0.016613
v -0.000555 0.003989 -0.016228
v -0.000651 0.004508 -0.016111
v -0.000621 0.004456 -0.015888
v -0.000619 0.004409 -0.015480
v -0.000527 0.004770 -0.016076
v -0.000502 0.004676 -0.015877
v -0.000475 0.004640 -0.015467
v -0.000392 0.004936 -0.016022
v -0.000529 0.005286 -0.015786
v 0.000220 0.005496 -0.015580
v -0.000134 0.003690 -0.016494
v -0.000344 0.004859 -0.015853
v -0.000299 0.004833 -0.015561
v -0.000290 0.004816 -0.015186
v -0.000221 0.005033 -0.015843
v -0.000120 0.004944 -0.015555
v -0.000091 0.004903 -0.015098
v 0.000236 0.005289 -0.015739
v -0.002648 0.005455 -0.007206
v -0.000676 0.004268 -0.010133
v -0.000386 0.003869 -0.008611
v -0.000619 0.004462 -0.010033
v -0.000495 0.004680 -0.009956
v -0.000327 0.004848 -0.010151
v -0.000129 0.004930 -0.010126
v -0.002421 0.005559 -0.007258
v -0.000651 0.004160 -0.008441
v -0.000675 0.004257 -0.008449
v -0.000546 0.004016 -0.008683
v -0.000631 0.004433 -0.008681
v -0.000512 0.004669 -0.008493
v -0.000342 0.004853 -0.008592
v -0.000136 0.003763 -0.008509
v -0.000172 0.004923 -0.009699
v -0.000123 0.004944 -0.007856
v -0.002656 0.005079 -0.005913
v -0.002426 0.005537 -0.006865
v -0.002593 0.005319 -0.006242
v -0.002271 0.005506 -0.006503
v -0.001798 0.005262 -0.006064
v -0.002055 0.005462 -0.006330
v -0.001574 0.005536 -0.006363
v -0.001244 0.004834 -0.005671
v -0.001165 0.005266 -0.006080
v -0.001161 0.005533 -0.006340
v -0.000798 0.004501 -0.005630
v -0.000959 0.004652 -0.005596
v -0.000877 0.005155 -0.006038
v -0.000908 0.004971 -0.005863
v -0.000610 0.005554 -0.006369
v -0.000365 0.003870 -0.008216
v -0.000366 0.003886 -0.005513
v -0.000562 0.004089 -0.008275
v -0.000525 0.004081 -0.007748
v -0.000531 0.004090 -0.005854
v -0.000618 0.004353 -0.008275
v -0.000589 0.004370 -0.007814
v -0.000593 0.004380 -0.006411
v -0.000611 0.004383 -0.006130
v -0.000668 0.004383 -0.005785
v -0.000509 0.004653 -0.008215
v -0.000519 0.004665 -0.006751
v -0.000534 0.004679 -0.006478
v -0.000590 0.004709 -0.006150
v -0.000695 0.004695 -0.005882
v -0.000353 0.004865 -0.006907
v -0.000392 0.004914 -0.006481
v -0.000531 0.005042 -0.006160
v -0.000690 0.004920 -0.005946
v -0.000523 0.005336 -0.006218
v -0.000136 0.003789 -0.005227
v -0.000129 0.004961 -0.006873
v -0.000142 0.005014 -0.006503
v -0.000169 0.005141 -0.006262
v 0.000697 0.005558 -0.006368
v -0.000173 0.005359 -0.006254
v -0.000845 0.003315 -0.004093
v -0.001617 0.004575 -0.005377
v -0.001579 0.003989 -0.004777
v -0.001255 0.004129 -0.004946
v -0.001273 0.004475 -0.005316
v -0.000875 0.003801 -0.004634
v -0.000680 0.004066 -0.005190
v -0.000874 0.004132 -0.005073
v -0.000899 0.003962 -0.004822
v -0.000890 0.004391 -0.005409
v -0.000463 0.003458 -0.004253
v -0.000407 0.003851 -0.005078
v -0.000522 0.003799 -0.004775
v -0.000415 0.003600 -0.004442
v -0.000592 0.004077 -0.005416
v -0.000706 0.004277 -0.005530
v -0.000168 0.003723 -0.004744
v -0.002066 0.005549 -0.015408
v -0.002087 0.005586 -0.015256
v -0.001761 0.005710 -0.014903
v -0.001867 0.005696 -0.014481
v -0.001566 0.005607 -0.015418
v -0.001499 0.005706 -0.015200
v -0.001563 0.005779 -0.014465
v -0.001228 0.005611 -0.015440
v -0.001224 0.005818 -0.014866
v -0.001231 0.005849 -0.014452
v -0.000835 0.005770 -0.015188
v -0.000749 0.005874 -0.014866
v -0.000895 0.005898 -0.014462
v -0.000392 0.005646 -0.015415
v -0.000328 0.005944 -0.014378
v -0.000046 0.005797 -0.015170
v 0.000002 0.005898 -0.014867
v 0.000023 0.005938 -0.014553
v -0.000903 0.005922 -0.011691
v -0.000780 0.005959 -0.007284
v -0.000541 0.005942 -0.013512
v -0.000009 0.005960 -0.011851
v -0.002184 0.005653 -0.007228
v -0.001907 0.005743 -0.007254
v -0.001578 0.005829 -0.007562
v -0.001267 0.005895 -0.007595
v -0.001017 0.005934 -0.007608
v -0.000424 0.005975 -0.007269
v 0.000005 0.005980 -0.007582
v -0.002110 0.005652 -0.006783
v -0.002062 0.005620 -0.006605
v -0.001460 0.005845 -0.007152
v -0.001572 0.005778 -0.006854
v -0.001341 0.005696 -0.006576
v -0.001047 0.005845 -0.006851
v -0.000801 0.005721 -0.006572
v -0.000568 0.005941 -0.006984
v -0.000522 0.005860 -0.006781
v 0.000316 0.005865 -0.006765
v 0.000634 0.005724 -0.006553
v 0.001929 -0.005118 -0.021546
v 0.000593 -0.001718 -0.021804
v 0.004237 -0.005225 -0.021363
v 0.004579 -0.005273 -0.021123
v 0.001258 -0.004933 -0.021693
v 0.001197 -0.004685 -0.021759
v 0.000549 -0.004322 -0.021789
v 0.000970 -0.004383 -0.021775
v 0.000819 -0.003523 -0.021767
v 0.001216 -0.004372 -0.021749
v 0.001201 -0.004023 -0.021689
v 0.001355 -0.003924 -0.021455
v 0.001402 -0.003862 -0.021050
v 0.001073 -0.003568 -0.021679
v 0.001237 -0.003636 -0.021469
v 0.001303 -0.003621 -0.021064
v 0.001333 -0.003629 -0.017710
v 0.001179 -0.003318 -0.021468
v 0.001237 -0.003317 -0.021076
v 0.001052 -0.002975 -0.021676
v 0.001169 -0.002978 -0.021469
v 0.001222 -0.002987 -0.021078
v 0.001830 -0.004942 -0.021674
v 0.001569 -0.004694 -0.021727
v 0.001536 -0.004407 -0.021678
v 0.001643 -0.004304 -0.021468
v 0.001691 -0.004256 -0.021055
v 0.001419 -0.004166 -0.021643
v 0.001529 -0.004062 -0.021041
v 0.004298 -0.005287 -0.020767
v 0.001921 -0.004722 -0.021667
v 0.002008 -0.004606 -0.021463
v 0.002078 -0.004563 -0.021031
v 0.001777 -0.004527 -0.021639
v 0.001875 -0.004425 -0.021067
v 0.002281 -0.004820 -0.021649
v 0.002310 -0.004729 -0.021463
v 0.002324 -0.004674 -0.021003
v 0.002973 -0.004988 -0.021661
v 0.002626 -0.004865 -0.021644
v 0.002631 -0.004795 -0.021462
v 0.002629 -0.004755 -0.021057
v 0.001425 -0.003838 -0.016965
v 0.001262 -0.003321 -0.017788
v 0.001243 -0.002986 -0.017720
v 0.001712 -0.004237 -0.017671
v 0.001542 -0.004028 -0.017206
v 0.002108 -0.004528 -0.014499
v 0.001924 -0.004402 -0.014680
v 0.002331 -0.004632 -0.014480
v 0.002631 -0.004715 -0.014393
v 0.001728 -0.004221 -0.014536
v 0.001288 -0.002978 -0.009397
v 0.003723 -0.005249 -0.012459
v 0.001936 -0.005197 -0.001265
v 0.001380 -0.003547 -0.007208
v 0.001766 -0.004185 -0.007284
v 0.001618 -0.004002 -0.007364
v 0.001479 -0.003775 -0.007191
v 0.001940 -0.004343 -0.007254
v 0.002273 -0.005230 -0.009457
v 0.002374 -0.004600 -0.007274
v 0.002151 -0.004491 -0.007296
v 0.001353 -0.003266 -0.000960
v 0.001410 -0.003511 -0.000973
v 0.001333 -0.002974 -0.000958
v 0.001644 -0.003957 -0.000965
v 0.001505 -0.003727 -0.000964
v 0.001800 -0.004151 -0.000932
v 0.002408 -0.004574 -0.000970
v 0.002192 -0.004465 -0.000930
v 0.002671 -0.004652 -0.000968
v 0.001514 -0.004966 -0.000285
v 0.001955 -0.005182 -0.000883
v 0.002203 -0.005122 -0.000562
v 0.001202 -0.004706 -0.000128
v 0.000516 -0.002373 -0.000062
v 0.000874 -0.003671 -0.000098
v 0.000843 -0.002976 -0.000112
v 0.001222 -0.004374 -0.000091
v 0.001217 -0.004030 -0.000139
v 0.001373 -0.003561 -0.000562
v 0.001216 -0.003668 -0.000247
v 0.001295 -0.003283 -0.000544
v 0.001118 -0.003168 -0.000265
v 0.001275 -0.002975 -0.000546
v 0.001571 -0.004703 -0.000153
v 0.001555 -0.004391 -0.000161
v 0.001613 -0.003981 -0.000552
v 0.001521 -0.004074 -0.000273
v 0.001418 -0.003814 -0.000331
v 0.002071 -0.004971 -0.000327
v 0.001914 -0.004712 -0.000213
v 0.001979 -0.004318 -0.000938
v 0.001925 -0.004326 -0.000546
v 0.001868 -0.004431 -0.000285
v 0.001737 -0.004212 -0.000343
v 0.002355 -0.004611 -0.000556
v 0.002267 -0.004729 -0.000310
v 0.002115 -0.004541 -0.000348
v 0.002656 -0.004698 -0.000559
v 0.002630 -0.004810 -0.000339
v 0.001562 -0.000930 -0.021749
v 0.000891 -0.002021 -0.021784
v 0.001086 -0.002625 -0.021679
v 0.001210 -0.002648 -0.021469
v 0.001267 -0.002669 -0.021035
v 0.001183 -0.002256 -0.021691
v 0.001310 -0.002337 -0.021469
v 0.001351 -0.002399 -0.021060
v 0.001206 -0.001908 -0.021756
v 0.001219 -0.001570 -0.021786
v 0.004650 -0.000509 -0.021524
v 0.001391 -0.002098 -0.021640
v 0.001465 -0.002180 -0.021104
v 0.001507 -0.001857 -0.021677
v 0.001612 -0.001909 -0.021472
v 0.001610 -0.001981 -0.021078
v 0.001552 -0.001553 -0.021750
v 0.001571 -0.001232 -0.021774
v 0.001728 -0.001728 -0.021636
v 0.001773 -0.001808 -0.021103
v 0.001870 -0.001517 -0.021678
v 0.001962 -0.001607 -0.021466
v 0.001981 -0.001648 -0.021077
v 0.001918 -0.001225 -0.021745
v 0.002187 -0.000924 -0.021728
v 0.002135 -0.001414 -0.021642
v 0.002396 -0.001362 -0.021465
v 0.002210 -0.001514 -0.021113
v 0.002282 -0.001220 -0.021682
v 0.002436 -0.001418 -0.021077
v 0.002765 -0.001126 -0.021665
v 0.002669 -0.001293 -0.021468
v 0.002679 -0.001351 -0.021166
v 0.002660 -0.001369 -0.020718
v 0.004593 -0.000708 -0.021669
v 0.001987 -0.001638 -0.012360
v 0.001382 -0.002412 -0.011563
v 0.001489 -0.002193 -0.011320
v 0.001633 -0.001984 -0.010374
v 0.002208 -0.001497 -0.010651
v 0.002427 -0.001395 -0.009881
v 0.001358 -0.002665 -0.000971
v 0.001797 -0.001797 -0.009391
v 0.002671 -0.001331 -0.009579
v 0.001416 -0.002428 -0.000970
v 0.001515 -0.002210 -0.000929
v 0.001813 -0.001792 -0.000929
v 0.002002 -0.001624 -0.000982
v 0.002207 -0.001483 -0.000939
v 0.001653 -0.001988 -0.000969
v 0.002419 -0.001378 -0.000972
v 0.002679 -0.001303 -0.000963
v 0.000784 -0.001290 -0.000061
v 0.001532 -0.000881 -0.000119
v 0.000874 -0.002279 -0.000104
v 0.000892 -0.001626 -0.000064
v 0.001295 -0.002667 -0.000545
v 0.001142 -0.002636 -0.000268
v 0.001364 -0.002392 -0.000550
v 0.001216 -0.002282 -0.000252
v 0.001217 -0.001920 -0.000146
v 0.001222 -0.001572 -0.000089
v 0.001225 -0.001227 -0.000074
v 0.001418 -0.002136 -0.000336
v 0.001621 -0.001952 -0.000544
v 0.001521 -0.001876 -0.000279
v 0.001555 -0.001556 -0.000158
v 0.001571 -0.001223 -0.000101
v 0.001737 -0.001738 -0.000348
v 0.001956 -0.001605 -0.000556
v 0.001868 -0.001517 -0.000282
v 0.001914 -0.001215 -0.000161
v 0.001947 -0.000909 -0.000138
v 0.002076 -0.000594 -0.000233
v 0.002362 -0.001337 -0.000548
v 0.002116 -0.001407 -0.000341
v 0.002268 -0.001203 -0.000266
v 0.002656 -0.001252 -0.000549
v 0.002630 -0.001118 -0.000286
v 0.002627 -0.000859 -0.000178
v 0.004214 -0.005114 -0.021543
v 0.003210 -0.004873 -0.021644
v 0.002975 -0.004813 -0.021462
v 0.002965 -0.004780 -0.021058
v 0.003316 -0.004780 -0.021462
v 0.003313 -0.004741 -0.021105
v 0.003297 -0.004734 -0.019368
v 0.004331 -0.004923 -0.021679
v 0.003664 -0.004803 -0.021647
v 0.003630 -0.004703 -0.021463
v 0.003594 -0.004656 -0.021078
v 0.004015 -0.004704 -0.021664
v 0.003900 -0.004590 -0.021471
v 0.003904 -0.004515 -0.021160
v 0.003824 -0.004540 -0.020699
v 0.004150 -0.004501 -0.021637
v 0.004011 -0.004404 -0.020659
v 0.004373 -0.004681 -0.021722
v 0.004399 -0.004375 -0.021678
v 0.004270 -0.004264 -0.021467
v 0.004223 -0.004226 -0.021165
v 0.004204 -0.004220 -0.020666
v 0.004527 -0.004063 -0.021658
v 0.004417 -0.004032 -0.021463
v 0.004451 -0.003902 -0.021217
v 0.004358 -0.004024 -0.020720
v 0.004591 -0.003845 -0.021631
v 0.004633 -0.003611 -0.021465
v 0.004487 -0.003806 -0.020782
v 0.004855 -0.005212 -0.021335
v 0.004674 -0.005276 -0.020766
v 0.004713 -0.004925 -0.021678
v 0.004708 -0.005103 -0.021527
v 0.004716 -0.004679 -0.021744
v 0.004708 -0.004257 -0.021743
v 0.004764 -0.003693 -0.021677
v 0.004579 -0.003574 -0.021055
v 0.004840 -0.003325 -0.021667
v 0.004708 -0.003304 -0.021466
v 0.004653 -0.003296 -0.021165
v 0.004634 -0.003305 -0.020730
v 0.004854 -0.002787 -0.021670
v 0.004721 -0.002980 -0.021466
v 0.004663 -0.002980 -0.021165
v 0.004646 -0.002985 -0.020744
v 0.004922 -0.005245 -0.021008
v 0.005013 -0.004911 -0.021654
v 0.005016 -0.005081 -0.021449
v 0.005106 -0.005131 -0.021153
v 0.005130 -0.005150 -0.020734
v 0.005020 -0.004676 -0.021729
v 0.005022 -0.004157 -0.021750
v 0.005058 -0.003396 -0.021730
v 0.005197 -0.004864 -0.021626
v 0.005241 -0.004925 -0.021454
v 0.005282 -0.004956 -0.021162
v 0.005287 -0.004988 -0.020723
v 0.005242 -0.004624 -0.021663
v 0.005336 -0.004684 -0.021462
v 0.005382 -0.004694 -0.021164
v 0.005396 -0.004712 -0.020751
v 0.005371 -0.004296 -0.021462
v 0.005423 -0.004298 -0.021162
v 0.005435 -0.004384 -0.020751
v 0.005444 -0.003994 -0.020734
v 0.005253 -0.001855 -0.021670
v 0.005422 -0.001319 -0.021172
v 0.002971 -0.004749 -0.014421
v 0.003664 -0.004618 -0.019434
v 0.003595 -0.004646 -0.018580
v 0.004324 -0.005248 -0.012760
v 0.004218 -0.004220 -0.012399
v 0.004384 -0.004021 -0.012656
v 0.004694 -0.005244 -0.013216
v 0.004606 -0.003583 -0.013405
v 0.005119 -0.005138 -0.013682
v 0.004035 -0.004385 -0.013009
v 0.004512 -0.003822 -0.012297
v 0.004673 -0.003306 -0.012588
v 0.004898 -0.005224 -0.013411
v 0.005309 -0.004959 -0.013851
v 0.005430 -0.004694 -0.013223
v 0.005477 -0.004374 -0.013214
v 0.003203 -0.005210 -0.008234
v 0.003315 -0.004692 -0.007257
v 0.004708 -0.005225 -0.012700
v 0.004740 -0.002961 -0.003998
v 0.005030 -0.005151 -0.012933
v 0.005285 -0.004975 -0.013174
v 0.005451 -0.004699 -0.008258
v 0.003001 -0.004690 -0.000957
v 0.003620 -0.004601 -0.000968
v 0.003846 -0.004505 -0.000922
v 0.004044 -0.004376 -0.003463
v 0.004414 -0.004009 -0.003370
v 0.004534 -0.003832 -0.003509
v 0.004636 -0.003592 -0.004627
v 0.005045 -0.005135 -0.007410
v 0.005301 -0.004970 -0.008148
v 0.002930 -0.005193 -0.005335
v 0.003954 -0.005221 -0.007458
v 0.004228 -0.004219 -0.003283
v 0.004739 -0.005177 -0.001274
v 0.005544 -0.004361 -0.001315
v 0.005559 -0.003973 -0.001262
v 0.003116 -0.005174 -0.001254
v 0.003314 -0.004672 -0.000954
v 0.004313 -0.005194 -0.001250
v 0.004616 -0.003658 -0.003287
v 0.004714 -0.003311 -0.003245
v 0.005055 -0.005116 -0.000958
v 0.005325 -0.004957 -0.000929
v 0.005484 -0.004692 -0.000973
v 0.003120 -0.005162 -0.000875
v 0.003095 -0.004996 -0.000349
v 0.002979 -0.004732 -0.000561
v 0.002977 -0.004837 -0.000346
v 0.004137 -0.005125 -0.000565
v 0.003313 -0.004715 -0.000561
v 0.003330 -0.004820 -0.000343
v 0.003852 -0.004975 -0.000327
v 0.003619 -0.004646 -0.000560
v 0.003704 -0.004748 -0.000321
v 0.003963 -0.004481 -0.000521
v 0.003861 -0.004590 -0.000366
v 0.004634 -0.005176 -0.000878
v 0.004038 -0.004737 -0.000231
v 0.004028 -0.004390 -0.000914
v 0.004068 -0.004523 -0.000315
v 0.004634 -0.004955 -0.000279
v 0.004375 -0.004705 -0.000182
v 0.004228 -0.004225 -0.000953
v 0.004264 -0.004270 -0.000545
v 0.004377 -0.004392 -0.000261
v 0.004399 -0.004039 -0.000929
v 0.004580 -0.003901 -0.000546
v 0.004501 -0.004143 -0.000321
v 0.004721 -0.005109 -0.000550
v 0.004719 -0.004697 -0.000146
v 0.004718 -0.004367 -0.000148
v 0.004536 -0.003846 -0.000951
v 0.004728 -0.004011 -0.000248
v 0.004643 -0.003613 -0.000956
v 0.004695 -0.003629 -0.000545
v 0.004830 -0.003662 -0.000275
v 0.004728 -0.003310 -0.000931
v 0.004769 -0.003316 -0.000549
v 0.004884 -0.003322 -0.000287
v 0.004759 -0.002972 -0.000936
v 0.004797 -0.002975 -0.000551
v 0.004905 -0.002764 -0.000289
v 0.005044 -0.005065 -0.000554
v 0.005035 -0.004939 -0.000301
v 0.005046 -0.004692 -0.000170
v 0.005052 -0.004368 -0.000135
v 0.005062 -0.003988 -0.000160
v 0.005108 -0.002743 -0.000185
v 0.005296 -0.004939 -0.000564
v 0.005247 -0.004891 -0.000350
v 0.005429 -0.004692 -0.000552
v 0.005300 -0.004682 -0.000297
v 0.005546 -0.004277 -0.000881
v 0.005494 -0.004274 -0.000548
v 0.005339 -0.004281 -0.000278
v 0.005546 -0.001103 -0.000883
v 0.002982 -0.001277 -0.021468
v 0.002968 -0.001350 -0.021065
v 0.003569 -0.000918 -0.021722
v 0.004681 -0.000268 -0.021296
v 0.003631 -0.001442 -0.021482
v 0.003478 -0.001431 -0.021119
v 0.003492 -0.001420 -0.018004
v 0.003322 -0.001150 -0.021671
v 0.003322 -0.001317 -0.021476
v 0.003256 -0.001373 -0.021083
v 0.003264 -0.001366 -0.018040
v 0.004059 -0.001540 -0.021680
v 0.003692 -0.001527 -0.021078
v 0.003693 -0.001510 -0.018052
v 0.003666 -0.001220 -0.021704
v 0.003551 -0.001346 -0.021578
v 0.004196 -0.001752 -0.021643
v 0.003975 -0.001640 -0.021473
v 0.004115 -0.001833 -0.021061
v 0.003917 -0.001668 -0.021066
v 0.004027 -0.001228 -0.021747
v 0.004024 -0.000933 -0.021738
v 0.004532 -0.002140 -0.021643
v 0.004322 -0.001987 -0.021456
v 0.004432 -0.002238 -0.021081
v 0.004423 -0.001884 -0.021682
v 0.004281 -0.002018 -0.021057
v 0.004389 -0.001561 -0.021751
v 0.004376 -0.001234 -0.021771
v 0.004576 -0.000948 -0.021749
v 0.004682 -0.002668 -0.021467
v 0.004608 -0.002685 -0.021033
v 0.004736 -0.002282 -0.021685
v 0.004601 -0.002403 -0.021470
v 0.004538 -0.002449 -0.021045
v 0.004726 -0.001922 -0.021749
v 0.004719 -0.001574 -0.021776
v 0.004717 -0.001236 -0.021775
v 0.005032 -0.002155 -0.021744
v 0.005015 -0.001365 -0.021762
v 0.005017 -0.000934 -0.021722
v 0.005010 -0.000710 -0.021652
v 0.005019 -0.000533 -0.021509
v 0.005012 -0.000349 -0.021350
v 0.005021 -0.000181 -0.021169
v 0.005370 -0.001359 -0.021469
v 0.005437 -0.000941 -0.020812
v 0.005444 -0.000684 -0.020273
v 0.005236 -0.000992 -0.021655
v 0.005334 -0.000899 -0.021454
v 0.005400 -0.000882 -0.021160
v 0.005447 0.000062 -0.019529
v 0.005191 -0.000729 -0.021611
v 0.005246 -0.000604 -0.021432
v 0.005349 -0.000555 -0.021143
v 0.005407 -0.000533 -0.020817
v 0.005433 -0.000526 -0.020474
v 0.005198 -0.000385 -0.021313
v 0.005251 -0.000255 -0.021095
v 0.005352 -0.000205 -0.020795
v 0.005409 -0.000183 -0.020467
v 0.005435 -0.000176 -0.020124
v 0.002944 -0.001340 -0.017938
v 0.003933 -0.001657 -0.017966
v 0.004721 -0.002625 -0.000960
v 0.003318 -0.001286 -0.000970
v 0.003772 -0.001478 -0.008616
v 0.003548 -0.001380 -0.008450
v 0.003998 -0.001617 -0.008464
v 0.004488 -0.002150 -0.008538
v 0.004342 -0.001937 -0.008240
v 0.004600 -0.002375 -0.008410
v 0.004186 -0.001767 -0.008341
v 0.002996 -0.001267 -0.000972
v 0.004532 -0.002106 -0.000968
v 0.004633 -0.002317 -0.000973
v 0.005546 0.000435 -0.002828
v 0.003822 -0.001441 -0.000970
v 0.003596 -0.001348 -0.000968
v 0.004406 -0.001928 -0.000975
v 0.004224 -0.001731 -0.000984
v 0.002979 -0.001217 -0.000551
v 0.002977 -0.001090 -0.000291
v 0.004634 -0.000378 -0.000365
v 0.003312 -0.001234 -0.000551
v 0.003330 -0.001107 -0.000290
v 0.003518 -0.000867 -0.000175
v 0.003971 -0.001482 -0.000556
v 0.003860 -0.001357 -0.000360
v 0.003617 -0.001303 -0.000553
v 0.003703 -0.001183 -0.000277
v 0.004136 -0.000594 -0.000222
v 0.004025 -0.001567 -0.000971
v 0.004068 -0.001424 -0.000310
v 0.004038 -0.001189 -0.000178
v 0.004028 -0.000884 -0.000139
v 0.004568 -0.002045 -0.000562
v 0.004500 -0.001807 -0.000325
v 0.004263 -0.001682 -0.000546
v 0.004377 -0.001555 -0.000257
v 0.004375 -0.001220 -0.000127
v 0.004653 -0.000915 -0.000108
v 0.004768 -0.002634 -0.000550
v 0.004694 -0.002321 -0.000546
v 0.004830 -0.002288 -0.000278
v 0.004728 -0.001939 -0.000253
v 0.004719 -0.001579 -0.000143
v 0.004721 -0.001228 -0.000091
v 0.004720 -0.000598 -0.000222
v 0.005048 -0.001895 -0.000157
v 0.005054 -0.001578 -0.000131
v 0.005054 -0.001228 -0.000124
v 0.005050 -0.000895 -0.000158
v 0.005054 -0.000416 -0.000414
v 0.005041 -0.000616 -0.000252
v 0.005055 -0.000058 -0.000757
v 0.005043 -0.000222 -0.000571
v 0.005492 -0.001304 -0.000547
v 0.005555 -0.001100 -0.001217
v 0.005326 -0.001374 -0.000265
v 0.005514 -0.000782 -0.000854
v 0.005453 -0.000877 -0.000545
v 0.005310 -0.000902 -0.000292
v 0.005466 -0.000521 -0.000872
v 0.005339 -0.000536 -0.000540
v 0.005265 -0.000661 -0.000330
v 0.005451 0.000022 -0.001384
v 0.005341 -0.000182 -0.000882
v 0.005274 -0.000294 -0.000644
v 0.000176 0.003499 -0.017510
v 0.000176 0.003608 -0.017267
v 0.000156 0.003661 -0.016963
v 0.001297 0.003602 -0.017469
v 0.000856 0.003652 -0.017392
v 0.000561 0.003699 -0.017250
v 0.000444 0.003762 -0.016953
v 0.000655 0.003914 -0.016919
v 0.000917 0.003878 -0.017154
v 0.000949 0.004094 -0.016888
v 0.001285 0.004012 -0.017051
v 0.001309 0.004398 -0.016656
v 0.001628 0.004556 -0.016520
v 0.002354 0.004868 -0.016214
v 0.000145 0.003686 -0.016597
v 0.000136 0.003726 -0.012780
v 0.000324 0.004887 -0.015768
v 0.000299 0.004846 -0.015541
v 0.000293 0.004823 -0.015191
v 0.000183 0.005043 -0.015792
v 0.000115 0.004949 -0.015543
v 0.000102 0.004904 -0.015072
v 0.000396 0.003802 -0.016521
v 0.000380 0.003832 -0.013287
v 0.000706 0.004050 -0.016671
v 0.000566 0.003977 -0.016300
v 0.000565 0.004014 -0.013312
v 0.000681 0.004517 -0.016110
v 0.000631 0.004490 -0.015889
v 0.000619 0.004446 -0.015588
v 0.000616 0.004442 -0.013263
v 0.000671 0.004710 -0.016115
v 0.000518 0.004756 -0.015880
v 0.000477 0.004661 -0.015469
v 0.000481 0.004659 -0.013362
v 0.000602 0.004999 -0.015965
v 0.000524 0.005271 -0.015783
v 0.000698 0.004174 -0.016269
v 0.000664 0.004146 -0.015963
v 0.000656 0.004158 -0.012966
v 0.000942 0.004344 -0.016561
v 0.000771 0.004396 -0.016244
v 0.000694 0.004314 -0.015918
v 0.000678 0.004278 -0.015520
v 0.000673 0.004258 -0.012972
v 0.001011 0.004540 -0.016453
v 0.000899 0.004667 -0.016269
v 0.000905 0.004909 -0.016126
v 0.000949 0.005164 -0.015908
v 0.001438 0.005463 -0.015616
v 0.001252 0.004769 -0.016289
v 0.001962 0.005182 -0.015900
v 0.002101 0.005324 -0.015731
v 0.002242 0.005440 -0.015507
v 0.002140 0.005582 -0.015166
v 0.002514 0.005450 -0.014788
v 0.002630 0.005038 -0.016019
v 0.002735 0.005228 -0.015744
v 0.002573 0.005345 -0.015518
v 0.002835 0.005281 -0.015203
v 0.000305 0.004829 -0.012916
v 0.000324 0.004840 -0.009566
v 0.000111 0.004931 -0.009531
v 0.000375 0.003849 -0.012723
v 0.000569 0.004083 -0.012809
v 0.000531 0.004071 -0.012323
v 0.000609 0.004349 -0.012809
v 0.000577 0.004362 -0.012341
v 0.000486 0.004632 -0.012763
v 0.002402 0.005556 -0.007270
v 0.002635 0.005450 -0.006935
v 0.000126 0.003796 -0.005424
v 0.000338 0.003896 -0.005571
v 0.000500 0.004085 -0.007769
v 0.000560 0.004385 -0.007826
v 0.000478 0.004671 -0.008343
v 0.000141 0.004939 -0.007519
v 0.000125 0.004961 -0.006828
v 0.000135 0.005009 -0.006503
v 0.000164 0.005139 -0.006261
v 0.000494 0.004092 -0.006114
v 0.000502 0.004089 -0.005778
v 0.000562 0.004379 -0.006590
v 0.000579 0.004382 -0.006125
v 0.000620 0.004372 -0.005785
v 0.000455 0.004704 -0.007858
v 0.000492 0.004655 -0.007058
v 0.000510 0.004675 -0.006474
v 0.000570 0.004705 -0.006129
v 0.000690 0.004685 -0.005805
v 0.000335 0.004853 -0.006950
v 0.000377 0.004907 -0.006480
v 0.000520 0.005040 -0.006152
v 0.000683 0.004923 -0.005915
v 0.000519 0.005336 -0.006215
v 0.000923 0.004800 -0.005691
v 0.000875 0.005162 -0.006032
v 0.000911 0.004992 -0.005849
v 0.001248 0.004981 -0.005781
v 0.001122 0.005176 -0.005995
v 0.001694 0.004599 -0.005380
v 0.001336 0.005495 -0.006291
v 0.001954 0.005411 -0.006227
v 0.002170 0.005387 -0.006231
v 0.002266 0.005506 -0.006500
v 0.002935 0.004652 -0.005430
v 0.002771 0.005028 -0.005850
v 0.002784 0.005301 -0.006312
v 0.002590 0.005321 -0.006237
v 0.000539 0.003502 -0.004293
v 0.000137 0.003782 -0.005077
v 0.000164 0.003728 -0.004744
v 0.000388 0.003605 -0.004445
v 0.000397 0.003872 -0.005081
v 0.000556 0.003809 -0.004737
v 0.000534 0.004079 -0.005438
v 0.000682 0.004120 -0.005148
v 0.000699 0.004342 -0.005467
v 0.000752 0.004563 -0.005582
v 0.000835 0.003776 -0.004596
v 0.000908 0.004105 -0.004975
v 0.000954 0.004450 -0.005341
v 0.000920 0.003397 -0.004168
v 0.001227 0.003983 -0.004772
v 0.001254 0.004490 -0.005299
v 0.003632 0.003800 -0.004564
v 0.000360 0.005947 -0.014057
v 0.000821 0.005633 -0.015424
v 0.000762 0.005780 -0.015173
v 0.000714 0.005878 -0.014858
v 0.000577 0.005930 -0.014418
v 0.000911 0.005903 -0.014404
v 0.001480 0.005612 -0.015420
v 0.001433 0.005724 -0.015179
v 0.001374 0.005798 -0.014864
v 0.001233 0.005853 -0.014433
v 0.001567 0.005783 -0.014447
v 0.002032 0.005569 -0.015392
v 0.001874 0.005654 -0.015172
v 0.001875 0.005697 -0.014751
v 0.002120 0.005616 -0.014796
v 0.000695 0.005944 -0.011587
v 0.000670 0.005966 -0.007544
v 0.001002 0.005934 -0.007605
v 0.001259 0.005892 -0.007609
v 0.001548 0.005831 -0.007246
v 0.001895 0.005739 -0.007256
v 0.002175 0.005647 -0.007251
v 0.000761 0.005951 -0.007181
v 0.000684 0.005930 -0.006981
v 0.001432 0.005799 -0.006849
v 0.001480 0.005690 -0.006569
v 0.002064 0.005663 -0.006796
v 0.002060 0.005622 -0.006608
v 0.004671 0.000361 -0.020673
v 0.004712 0.000854 -0.020180
v 0.004770 0.001697 -0.019345
v 0.005012 0.000002 -0.021003
v 0.005021 0.000170 -0.020821
v 0.005013 0.000353 -0.020654
v 0.005022 0.000521 -0.020472
v 0.005013 0.000705 -0.020305
v 0.005022 0.000873 -0.020123
v 0.005013 0.001056 -0.019957
v 0.005021 0.001224 -0.019775
v 0.005012 0.001408 -0.019608
v 0.005200 -0.000035 -0.020966
v 0.005252 0.000096 -0.020746
v 0.005354 0.000145 -0.020446
v 0.005411 0.000167 -0.020117
v 0.005437 0.000174 -0.019774
v 0.005201 0.000316 -0.020617
v 0.005254 0.000447 -0.020397
v 0.005355 0.000496 -0.020096
v 0.005412 0.000517 -0.019767
v 0.005202 0.000667 -0.020268
v 0.005254 0.000797 -0.020048
v 0.005355 0.000846 -0.019746
v 0.005202 0.001018 -0.019919
v 0.005252 0.001148 -0.019699
v 0.005198 0.001370 -0.019570
v 0.004026 0.003173 -0.017888
v 0.004383 0.002400 -0.018652
v 0.004674 0.002279 -0.018752
v 0.004663 0.002604 -0.018421
v 0.005019 0.001576 -0.019426
v 0.005010 0.001759 -0.019259
v 0.005014 0.001924 -0.019074
v 0.005005 0.002099 -0.018894
v 0.005010 0.002262 -0.018650
v 0.005114 0.002335 -0.018347
v 0.005170 0.002362 -0.018019
v 0.005198 0.002370 -0.017614
v 0.004901 0.002442 -0.018523
v 0.004946 0.002567 -0.018303
v 0.005048 0.002606 -0.018002
v 0.005088 0.002630 -0.017671
v 0.005099 0.002649 -0.017283
v 0.005445 0.000530 -0.019325
v 0.005409 0.000867 -0.019417
v 0.005439 0.000867 -0.018999
v 0.005348 0.001196 -0.019397
v 0.005396 0.001217 -0.019067
v 0.005419 0.001215 -0.018674
v 0.005244 0.001499 -0.019349
v 0.005329 0.001545 -0.019047
v 0.005377 0.001556 -0.018649
v 0.005190 0.001719 -0.019221
v 0.005228 0.001840 -0.019000
v 0.005296 0.001864 -0.018701
v 0.005325 0.001878 -0.018264
v 0.005176 0.002034 -0.018873
v 0.005205 0.002091 -0.018665
v 0.005240 0.002124 -0.018362
v 0.005267 0.002134 -0.017960
v 0.005240 0.002449 -0.008744
v 0.005162 0.002656 -0.009008
v 0.005471 0.001586 -0.003670
v 0.005535 0.000893 -0.002956
v 0.005513 0.001241 -0.003347
v 0.005409 0.001923 -0.004068
v 0.005305 0.002228 -0.008961
v 0.005176 0.002706 -0.004702
v 0.005337 0.002229 -0.004095
v 0.004286 0.002693 -0.003445
v 0.004709 0.002042 -0.002798
v 0.004728 0.002349 -0.003118
v 0.004688 0.002735 -0.003544
v 0.005020 0.002005 -0.002824
v 0.005020 0.002299 -0.003140
v 0.005259 0.002486 -0.004199
v 0.005216 0.002500 -0.003852
v 0.005022 0.002672 -0.003690
v 0.005012 0.002528 -0.003426
v 0.005425 0.001790 -0.003434
v 0.005329 0.002159 -0.003553
v 0.005289 0.001911 -0.002991
v 0.005251 0.002239 -0.003353
v 0.005218 0.002143 -0.003109
v 0.005189 0.002431 -0.003479
v 0.004334 0.001368 -0.002105
v 0.004668 0.000332 -0.001066
v 0.004709 0.000839 -0.001583
v 0.004709 0.001534 -0.002285
v 0.005033 0.000275 -0.001076
v 0.005033 0.000624 -0.001428
v 0.005032 0.000972 -0.001779
v 0.005031 0.001320 -0.002130
v 0.005027 0.001666 -0.002479
v 0.005498 0.001021 -0.002649
v 0.005339 0.000167 -0.001233
v 0.005274 0.000056 -0.000994
v 0.005447 0.000731 -0.002098
v 0.005338 0.000516 -0.001584
v 0.005272 0.000405 -0.001345
v 0.005335 0.000865 -0.001934
v 0.005271 0.000754 -0.001696
v 0.005425 0.001450 -0.002829
v 0.005329 0.001214 -0.002285
v 0.005268 0.001103 -0.002047
v 0.005315 0.001563 -0.002637
v 0.005260 0.001452 -0.002398
v 0.005244 0.001800 -0.002750
v 0.003309 0.004382 -0.016674
v 0.003626 0.003998 -0.017061
v 0.003858 0.004187 -0.016812
v 0.003982 0.003677 -0.017370
v 0.003986 0.003876 -0.017152
v 0.004000 0.004049 -0.016906
v 0.004341 0.002984 -0.018059
v 0.004325 0.003299 -0.017736
v 0.004320 0.003513 -0.017500
v 0.004325 0.003678 -0.017255
v 0.004595 0.003559 -0.017042
v 0.004207 0.003837 -0.017129
v 0.004254 0.003916 -0.016918
v 0.004671 0.002815 -0.018197
v 0.004687 0.002994 -0.017952
v 0.004957 0.002859 -0.017770
v 0.004805 0.003207 -0.017321
v 0.004887 0.003137 -0.016905
v 0.004573 0.003161 -0.017825
v 0.004618 0.003286 -0.017605
v 0.004776 0.003341 -0.016863
v 0.004525 0.003457 -0.017477
v 0.004564 0.003521 -0.017268
v 0.004866 0.002757 -0.018176
v 0.004911 0.002831 -0.017966
v 0.004988 0.002917 -0.017242
v 0.002962 0.004726 -0.016331
v 0.002934 0.004926 -0.016106
v 0.002928 0.005079 -0.015858
v 0.003196 0.005031 -0.015555
v 0.003188 0.005065 -0.015184
v 0.003085 0.005176 -0.010008
v 0.002819 0.005254 -0.015522
v 0.003296 0.004581 -0.016455
v 0.003304 0.004748 -0.016208
v 0.003620 0.004688 -0.015936
v 0.003667 0.004696 -0.015610
v 0.003471 0.004863 -0.015070
v 0.003168 0.004889 -0.016081
v 0.003210 0.004958 -0.015869
v 0.003616 0.004473 -0.016488
v 0.003973 0.004344 -0.016308
v 0.003996 0.004371 -0.016031
v 0.003847 0.004537 -0.015563
v 0.003589 0.004629 -0.016219
v 0.004293 0.003971 -0.016671
v 0.004316 0.004001 -0.016380
v 0.004177 0.004192 -0.015869
v 0.003934 0.004283 -0.016569
v 0.004019 0.004369 -0.015430
v 0.004474 0.003781 -0.016621
v 0.004484 0.003802 -0.016222
v 0.004330 0.004010 -0.015852
v 0.004634 0.003576 -0.016571
v 0.003513 0.004910 -0.006628
v 0.003312 0.005026 -0.009988
v 0.003691 0.004766 -0.006589
v 0.004550 0.003852 -0.005417
v 0.003170 0.005150 -0.006892
v 0.002879 0.005323 -0.006942
v 0.004072 0.004412 -0.006191
v 0.003880 0.004601 -0.006163
v 0.004417 0.004022 -0.005826
v 0.004833 0.003414 -0.005108
v 0.004679 0.003661 -0.005504
v 0.005072 0.002950 -0.004785
v 0.004947 0.003206 -0.005168
v 0.003225 0.005099 -0.006510
v 0.002963 0.005149 -0.006147
v 0.002966 0.005005 -0.005867
v 0.002858 0.005307 -0.006510
v 0.003348 0.004717 -0.005560
v 0.003434 0.004909 -0.005963
v 0.003272 0.004946 -0.005899
v 0.003605 0.004745 -0.005810
v 0.003499 0.004902 -0.006167
v 0.003859 0.004584 -0.005813
v 0.004237 0.004235 -0.005775
v 0.003963 0.003408 -0.004169
v 0.003343 0.004440 -0.005226
v 0.003732 0.003992 -0.004773
v 0.003660 0.004407 -0.005240
v 0.003620 0.004622 -0.005536
v 0.004033 0.003741 -0.004526
v 0.004006 0.004063 -0.004906
v 0.003907 0.004468 -0.005521
v 0.003971 0.004272 -0.005182
v 0.004379 0.003056 -0.003827
v 0.004342 0.003427 -0.004236
v 0.004343 0.003684 -0.004534
v 0.004299 0.004033 -0.005107
v 0.004308 0.003909 -0.004844
v 0.004206 0.004226 -0.005461
v 0.004181 0.004190 -0.005230
v 0.004681 0.003021 -0.003853
v 0.004930 0.003172 -0.004499
v 0.004679 0.003387 -0.004391
v 0.004672 0.003239 -0.004122
v 0.004545 0.003822 -0.005131
v 0.004537 0.003759 -0.004854
v 0.004562 0.003569 -0.004515
v 0.004954 0.002964 -0.004047
v 0.004915 0.002865 -0.003805
v 0.004869 0.003150 -0.004172
vn -0.9992 -0.0401 0.0093
vn -0.9843 -0.1704 -0.0463
vn -0.9637 -0.2368 0.1232
vn -0.9869 -0.0311 0.1586
vn -0.8123 -0.2538 0.5250
vn -0.8254 -0.0403 0.5631
vn -0.9998 -0.0145 -0.0138
vn -0.9981 0.0379 0.0487
vn -0.8113 0.0646 0.5810
vn -0.9835 0.0596 0.1709
vn -0.9853 0.1197 0.1220
vn -0.9987 0.0378 0.0349
vn -0.8917 0.2976 0.3411
vn -0.7563 0.3062 0.5782
vn -0.9889 0.1180 0.0902
vn -0.9987 0.0392 0.0316
vn -0.8910 0.3289 0.3130
vn -0.7777 0.4330 0.4557
vn -0.9524 -0.1901 -0.2382
vn -0.9023 -0.2770 -0.3303
vn -0.7584 -0.5899 -0.2771
vn -0.9769 -0.2073 -0.0525
vn -0.8637 -0.5003 -0.0614
vn -0.9613 -0.0304 -0.2737
vn -0.9050 -0.1305 -0.4049
vn -0.9968 -0.0488 -0.0635
vn -0.9598 0.0318 -0.2789
vn -0.9045 -0.0016 -0.4264
vn -0.2614 -0.5815 -0.7704
vn -0.3391 -0.8780 -0.3379
vn -0.6302 -0.7652 -0.1312
vn -0.3387 -0.9372 -0.0834
vn -0.6296 -0.7768 -0.0121
vn -0.1989 -0.1748 -0.9643
vn -0.3062 -0.2695 -0.9130
vn -0.3755 -0.1271 -0.9181
vn -0.1989 -0.0198 -0.9798
vn -0.3751 -0.0059 -0.9270
vn -0.0882 0.0393 -0.9953
vn -0.3591 -0.0045 -0.9333
vn -0.0933 -0.9929 -0.0737
vn -0.0705 -0.9277 -0.3666
vn -0.1197 -0.7629 -0.6353
vn -0.0621 -0.4632 -0.8841
vn 0.0035 -0.1312 -0.9914
vn 0.0911 0.0328 -0.9953
vn 0.1879 0.0993 -0.9771
vn 0.5655 0.0557 -0.8229
vn 0.8678 0.3228 -0.3777
vn 0.4387 0.2243 -0.8702
vn 0.9159 0.1040 -0.3876
vn 0.9565 0.2826 -0.0729
vn -0.1258 -0.0483 -0.9909
vn 0.5846 -0.0335 -0.8106
vn 0.9227 -0.0538 -0.3817
vn 0.9907 0.1089 -0.0810
vn -0.0121 -0.9998 -0.0128
vn -0.0060 -0.9929 -0.1192
vn -0.0029 -0.7470 -0.6648
vn 0.1165 0.0198 -0.9930
vn 0.2838 0.2450 -0.9271
vn 0.5171 0.2797 -0.8089
vn 0.6113 0.5262 -0.5911
vn 0.6188 0.3400 -0.7082
vn 0.7899 0.5290 -0.3102
vn 0.8968 0.4376 -0.0662
vn 0.4053 0.4819 -0.7769
vn 0.6670 0.6945 -0.2698
vn 0.8361 0.5473 -0.0382
vn 0.2600 0.4166 -0.8711
vn 0.0459 -0.3209 -0.9460
vn 0.3834 0.6471 -0.6590
vn 0.4101 0.8672 -0.2823
vn 0.5254 0.8169 -0.2378
vn 0.3978 0.9165 -0.0418
vn 0.6566 0.7532 -0.0392
vn 0.0275 0.1681 -0.9854
vn 0.1813 0.9009 -0.3943
vn 0.2130 0.9488 -0.2334
vn 0.0256 0.2034 -0.9788
vn -0.0100 0.1315 -0.9913
vn 0.0442 0.9442 -0.3263
vn 0.2253 0.9733 -0.0445
vn 0.0568 0.9778 -0.2015
vn -0.8470 -0.5316 -0.0049
vn -0.9715 -0.2368 -0.0089
vn -0.9974 -0.0714 -0.0114
vn -0.2795 -0.9601 0.0011
vn 0.9929 0.1189 0.0096
vn 0.9991 -0.0403 0.0099
vn 0.9530 0.3028 0.0093
vn 0.5407 0.8405 -0.0357
vn 0.3613 0.9325 0.0002
vn -0.5672 -0.8236 -0.0009
vn -0.0813 -0.9954 0.0503
vn -0.0163 -0.9997 0.0155
vn 0.8129 0.5823 0.0070
vn 0.7634 0.6454 -0.0260
vn 0.8874 0.4609 0.0083
vn 0.0015 -1.0000 0.0071
vn 0.6291 0.7773 0.0036
vn 0.0437 0.9980 -0.0458
vn 0.1954 0.9807 -0.0032
vn -0.9536 -0.3010 -0.0029
vn -0.9956 -0.0934 -0.0110
vn -0.2654 -0.9632 0.0411
vn -0.8032 -0.5957 0.0026
vn -0.5210 -0.8535 0.0083
vn 0.9870 0.1606 0.0100
vn 0.9997 -0.0229 0.0110
vn 0.7265 0.6872 0.0038
vn 0.0010 -1.0000 0.0055
vn -0.7529 -0.6579 0.0143
vn -0.9461 -0.3239 -0.0095
vn -0.4043 -0.9139 0.0372
vn -0.1266 -0.9910 0.0431
vn -0.0251 -0.9997 0.0053
vn 0.8778 0.4790 0.0077
vn 0.7934 0.6086 0.0076
vn 0.9451 0.3267 0.0085
vn 0.7033 0.7109 0.0059
vn 0.6041 0.7969 0.0042
vn 0.4770 0.8789 0.0010
vn 0.3209 0.9471 -0.0004
vn 0.1633 0.9866 -0.0019
vn 0.0004 -1.0000 0.0081
vn -0.0184 0.9998 -0.0042
vn -0.9279 -0.3695 -0.0493
vn -0.9947 -0.0975 -0.0326
vn -0.3593 -0.9332 0.0001
vn -0.1074 -0.9942 0.0026
vn 0.8582 0.5095 0.0616
vn 0.1402 0.9901 -0.0027
vn -0.9998 -0.0081 -0.0167
vn 0.9829 0.1832 0.0196
vn 0.9298 0.3633 0.0587
vn 0.9998 -0.0166 0.0117
vn -0.0009 -0.9998 0.0202
vn 0.7790 0.6250 0.0502
vn 0.4407 0.8951 0.0678
vn 0.6705 0.7389 0.0671
vn 0.2768 0.9591 0.0589
vn -0.8792 -0.4756 -0.0273
vn -0.6796 -0.7329 -0.0306
vn -0.5941 -0.8038 0.0299
vn -0.8537 -0.5187 0.0471
vn -0.5497 -0.7986 0.2452
vn -0.8017 -0.5283 0.2797
vn -0.4653 -0.6305 0.6213
vn -0.5449 -0.3653 0.7548
vn -0.4339 -0.0930 0.8962
vn -0.3911 0.0092 0.9203
vn -0.3356 0.0059 0.9420
vn -0.3220 -0.9468 -0.0030
vn -0.2713 -0.9590 0.0824
vn -0.2153 -0.9274 0.3060
vn -0.1579 -0.6818 0.7143
vn -0.1592 -0.2841 0.9455
vn -0.0507 -0.0134 0.9986
vn 0.0992 0.0644 0.9930
vn 0.2149 0.0683 0.9742
vn 0.2558 -0.0145 0.9666
vn -0.0881 -0.9925 0.0848
vn -0.0517 -0.9359 0.3484
vn -0.0035 -0.6635 0.7481
vn 0.0686 -0.1953 0.9783
vn 0.2106 0.1380 0.9678
vn 0.4884 0.3235 0.8104
vn 0.9083 0.3142 0.2763
vn 0.6681 0.2089 0.7142
vn 0.8023 0.5081 0.3133
vn 0.7464 0.1264 0.6534
vn 0.9618 0.1771 0.2086
vn 0.9997 -0.0118 0.0221
vn 0.7746 -0.0008 0.6325
vn 0.9791 -0.0091 0.2032
vn -0.0051 -0.9923 0.1237
vn -0.0037 -0.9322 0.3620
vn 0.0018 -0.8438 0.5366
vn 0.1868 -0.0467 0.9813
vn 0.1188 -0.2597 0.9583
vn 0.4321 0.4055 0.8055
vn 0.6605 0.6901 0.2958
vn 0.5906 0.4966 0.6361
vn 0.5835 0.8093 0.0674
vn 0.4496 0.8271 0.3371
vn 0.4694 0.5577 0.6846
vn 0.2994 0.2790 0.9124
vn 0.2285 0.9189 0.3215
vn 0.1910 0.8402 0.5075
vn 0.0385 -0.0391 0.9985
vn 0.0198 -0.0248 0.9995
vn 0.0024 -0.9998 0.0212
vn 0.0006 -0.9960 0.0890
vn 0.0910 0.9525 0.2907
vn 0.0670 0.8888 0.4534
vn -0.0089 -0.9308 0.3654
vn -0.0572 0.9969 0.0550
vn 0.1124 0.9921 0.0550
vn -0.0481 0.9584 0.2812
vn -0.9966 0.0221 -0.0794
vn -0.9984 0.0298 -0.0475
vn -0.9984 0.0316 -0.0462
vn -0.8905 0.1346 -0.4346
vn -0.9430 0.1578 -0.2930
vn -0.9863 0.1032 -0.1285
vn -0.5846 0.4079 -0.7014
vn -0.7713 0.4223 -0.4762
vn -0.9529 0.2059 -0.2228
vn -0.9864 0.1111 -0.1214
vn -0.6081 0.5402 -0.5818
vn -0.7707 0.4489 -0.4522
vn -0.9517 0.2127 -0.2216
vn -0.9868 0.0976 -0.1293
vn -0.9984 0.0351 -0.0432
vn -0.3938 0.0408 -0.9183
vn -0.2087 0.2024 -0.9568
vn -0.3673 0.1526 -0.9175
vn -0.1988 0.6477 -0.7355
vn -0.2081 0.6851 -0.6981
vn 0.8959 -0.2779 -0.3466
vn 0.4600 -0.2104 -0.8626
vn 0.9756 -0.2078 -0.0703
vn 0.9959 -0.0435 -0.0788
vn -0.2340 -0.0235 -0.9719
vn 0.2058 -0.1270 -0.9703
vn -0.2447 0.0720 -0.9669
vn 0.0746 -0.0335 -0.9967
vn -0.0311 0.0552 -0.9980
vn -0.1578 0.4744 -0.8660
vn -0.0081 0.2166 -0.9762
vn -0.0247 0.6365 -0.7709
vn -0.0267 0.6943 -0.7192
vn 0.9301 -0.3629 -0.0569
vn 0.6748 -0.3236 -0.6633
vn 0.8635 -0.4204 -0.2786
vn 0.8081 -0.3374 -0.4829
vn 0.8769 -0.4792 -0.0372
vn 0.3454 -0.1703 -0.9229
vn 0.7426 -0.5772 -0.3398
vn 0.4159 -0.3254 -0.8492
vn 0.8040 -0.5918 -0.0578
vn 0.1730 -0.1431 -0.9745
vn 0.0643 0.0061 -0.9979
vn 0.7042 -0.7082 -0.0496
vn 0.4938 -0.4995 -0.7118
vn 0.5552 -0.7544 -0.3501
vn 0.3111 -0.4128 -0.8561
vn 0.5958 -0.7992 -0.0793
vn 0.5949 -0.8038 0.0065
vn 0.1024 -0.1369 -0.9853
vn 0.3036 -0.6118 -0.7305
vn 0.4154 -0.8641 -0.2842
vn 0.4772 -0.8775 -0.0474
vn -0.0116 0.4605 -0.8876
vn 0.0422 0.0672 -0.9968
vn 0.3486 -0.9367 -0.0328
vn 0.2678 -0.8891 -0.3712
vn 0.2084 -0.4573 -0.8646
vn 0.2163 -0.9739 -0.0695
vn 0.1862 -0.9825 0.0066
vn 0.0626 -0.8130 -0.5788
vn 0.0561 -0.9207 -0.3862
vn 0.0366 -0.9966 -0.0740
vn 0.0078 -0.2476 -0.9688
vn -0.0077 0.4435 -0.8962
vn 0.9340 -0.3572 0.0126
vn 0.8663 -0.4994 0.0123
vn 0.6959 -0.7180 0.0115
vn 0.7924 -0.6099 0.0117
vn 0.5840 -0.8117 0.0107
vn 0.4832 -0.8755 0.0095
vn 0.4747 -0.8801 0.0092
vn 0.3352 -0.9421 0.0074
vn 0.1665 -0.9860 0.0059
vn 0.0176 -0.9998 0.0036
vn 0.9805 -0.1960 0.0109
vn 0.5759 -0.8174 0.0108
vn 0.4609 -0.8874 0.0098
vn 0.3099 -0.9507 0.0076
vn -0.0182 -0.9998 0.0042
vn 0.9315 -0.3636 0.0123
vn 0.9795 -0.2013 0.0123
vn 0.8578 -0.5137 0.0125
vn 0.7775 -0.6287 0.0124
vn 0.6820 -0.7313 0.0116
vn 0.1357 -0.9907 0.0058
vn 0.8579 -0.5136 0.0126
vn 0.7693 -0.6387 0.0123
vn 0.5716 -0.8205 0.0109
vn 0.4235 -0.9039 0.0600
vn 0.2869 -0.9562 0.0588
vn 0.9759 -0.2123 0.0500
vn 0.9300 -0.3613 0.0672
vn 0.6748 -0.7379 0.0116
vn 0.5517 -0.8312 0.0692
vn 0.1136 -0.9915 0.0641
vn -0.0516 -0.9967 0.0629
vn -0.4140 0.0024 0.9103
vn -0.4029 0.1658 0.9001
vn -0.4072 0.5985 0.6899
vn -0.3500 0.4317 0.8313
vn -0.4158 0.6454 0.6407
vn 0.0667 -0.1134 0.9913
vn -0.1067 0.0029 0.9943
vn -0.1514 0.2012 0.9678
vn -0.1409 0.6369 0.7579
vn -0.1019 0.4437 0.8903
vn -0.1450 0.7040 0.6952
vn 0.9541 -0.1759 0.2422
vn 0.7472 -0.1216 0.6534
vn 0.9036 -0.3198 0.2850
vn 0.3647 -0.1464 0.9195
vn 0.8538 -0.5149 0.0771
vn 0.7922 -0.5158 0.3261
vn 0.8475 -0.2668 0.4588
vn 0.4989 -0.3504 0.7927
vn 0.2362 -0.1932 0.9523
vn 0.0848 -0.0634 0.9944
vn 0.0112 0.1816 0.9833
vn -0.0330 0.6953 0.7180
vn -0.0269 0.6122 0.7903
vn 0.7520 -0.6554 0.0698
vn 0.6689 -0.7402 0.0684
vn 0.6302 -0.7141 0.3047
vn 0.5698 -0.5091 0.6451
vn 0.4153 -0.4563 0.7870
vn 0.1584 -0.2158 0.9635
vn 0.0107 0.4143 0.9101
vn 0.4777 -0.8263 0.2983
vn 0.3976 -0.6204 0.6761
vn 0.3976 -0.7358 0.5481
vn 0.2612 -0.4189 0.8697
vn 0.0810 0.0196 0.9965
vn 0.3239 -0.8870 0.3292
vn 0.1736 -0.5908 0.7879
vn 0.1095 -0.9421 0.3169
vn 0.0151 -0.8778 0.4787
vn 0.0104 -0.3990 0.9169
vn -0.0073 -0.4016 0.9158
vn -0.0616 -0.9529 0.2968
vn -0.0200 0.4276 0.9037
vn -0.0031 0.6182 0.7860
vn -0.0036 0.1884 0.9821
vn 0.0058 -0.7427 -0.6696
vn 0.0020 -0.9322 -0.3619
vn -0.0905 0.9729 -0.2127
vn -0.2717 0.9247 -0.2668
vn -0.1887 0.8916 -0.4116
vn -0.3031 0.9512 -0.0574
vn -0.1412 0.9889 -0.0461
vn 0.0014 -0.6368 -0.7710
vn -0.0444 -0.3428 -0.9383
vn -0.0361 0.1493 -0.9881
vn -0.4584 0.8251 -0.3301
vn -0.4681 0.8812 -0.0664
vn -0.6160 0.7853 -0.0619
vn -0.4377 0.5408 -0.7182
vn -0.1315 0.0299 -0.9909
vn -0.2649 0.3555 -0.8963
vn -0.6671 0.6739 -0.3174
vn -0.7060 0.7055 -0.0621
vn -0.5467 0.4448 -0.7094
vn -0.8079 0.4701 -0.3553
vn -0.7896 0.6098 -0.0684
vn -0.0149 -0.4328 -0.9014
vn -0.3892 0.3740 -0.8418
vn -0.0748 -0.0883 -0.9933
vn -0.1711 0.1133 -0.9787
vn -0.8830 0.4627 -0.0790
vn -0.6117 0.1505 -0.7766
vn -0.9085 0.2661 -0.3223
vn -0.9503 0.3035 -0.0697
vn -0.9545 0.1001 -0.2809
vn -0.9897 0.1281 -0.0637
vn -0.9012 0.0216 -0.4329
vn -0.9590 -0.0547 -0.2782
vn -0.9967 -0.0553 -0.0597
vn -0.0191 -0.1545 -0.9878
vn -0.4467 0.2601 -0.8560
vn -0.0813 0.0096 -0.9966
vn -0.1783 0.0378 -0.9832
vn -0.4100 0.0117 -0.9120
vn -0.0120 -0.0297 -0.9995
vn -0.2290 -0.0218 -0.9732
vn -0.3354 0.9421 -0.0081
vn -0.7206 0.6932 -0.0120
vn -0.6216 0.7832 -0.0108
vn -0.8062 0.5915 -0.0130
vn -0.9523 0.3050 -0.0119
vn 0.0076 1.0000 -0.0047
vn -0.1817 0.9833 -0.0069
vn -0.4966 0.8679 -0.0085
vn -0.9993 -0.0345 -0.0109
vn -0.9898 0.1418 -0.0116
vn -0.3511 0.9363 -0.0086
vn -0.5156 0.8568 -0.0101
vn -0.8873 0.4610 -0.0125
vn -0.8889 0.4578 -0.0130
vn -0.9997 -0.0217 -0.0104
vn 0.0029 -1.0000 0.0060
vn -0.3643 0.9312 -0.0082
vn -0.7355 0.6775 -0.0118
vn -0.6363 0.7713 -0.0112
vn -0.0143 -0.9999 0.0058
vn 0.0025 -1.0000 0.0054
vn -0.2172 0.9744 0.0576
vn -0.3854 0.9212 0.0536
vn -0.8196 0.5728 -0.0125
vn -0.8958 0.4443 -0.0110
vn -0.9533 0.3018 -0.0116
vn -0.9906 0.1363 -0.0089
vn -0.0075 -0.9997 0.0230
vn -0.6433 0.7649 0.0316
vn -0.5415 0.8398 0.0396
vn -0.7450 0.6669 -0.0117
vn -0.8312 0.5558 -0.0117
vn -0.8346 0.5492 0.0416
vn -0.9999 -0.0130 -0.0093
vn -0.0039 -0.8517 0.5241
vn -0.0719 -0.5570 0.8274
vn -0.1484 0.8708 0.4688
vn -0.2214 0.9275 0.3013
vn -0.0062 -0.9937 0.1115
vn -0.4303 0.8516 0.2993
vn -0.0200 0.0144 0.9997
vn -0.3107 0.3097 0.8986
vn -0.4661 0.5912 0.6581
vn -0.1949 -0.0254 0.9805
vn -0.6356 0.7280 0.2571
vn -0.4565 0.4349 0.7762
vn -0.7892 0.5579 0.2566
vn -0.6033 0.5393 0.5874
vn -0.0402 -0.6763 0.7355
vn -0.1508 -0.1905 0.9700
vn -0.2875 0.1666 0.9432
vn -0.7335 0.6790 0.0323
vn -0.5526 0.3644 0.7496
vn -0.9019 0.4310 0.0284
vn -0.8949 0.3923 0.2126
vn -0.7087 0.2985 0.6393
vn -0.9473 0.3165 0.0495
vn -0.9306 0.2293 0.2855
vn -0.7722 0.3263 0.5452
vn -0.0529 -0.3089 0.9496
vn -0.1698 0.0132 0.9854
vn -0.2977 0.1237 0.9466
vn -0.4151 0.1624 0.8952
vn -0.9870 0.1516 0.0535
vn -0.6284 0.2072 0.7498
vn -0.9977 -0.0035 0.0673
vn -0.9477 -0.0022 0.3192
vn -0.6836 0.0034 0.7299
vn -0.0435 -0.0759 0.9962
vn -0.1023 0.0191 0.9946
vn -0.2528 0.0702 0.9650
vn -0.2711 -0.0533 0.9611
vn -0.0610 0.0147 0.9980
vn -0.0756 -0.0137 0.9970
vn 0.0575 -0.0581 0.9967
vn 0.0337 0.0003 0.9994
vn -0.0028 0.0036 1.0000
vn -0.1025 -0.9122 -0.3966
vn -0.0916 -0.8026 -0.5895
vn -0.1169 -0.9898 -0.0820
vn -0.0161 -0.2347 -0.9719
vn -0.0411 0.0635 -0.9971
vn -0.3225 -0.8677 -0.3784
vn -0.2291 -0.4195 -0.8784
vn -0.2871 -0.9541 -0.0852
vn -0.4334 -0.8982 -0.0731
vn -0.4564 -0.8245 -0.3346
vn -0.3397 -0.6176 -0.7094
vn -0.2594 -0.5375 -0.8024
vn -0.5347 -0.8428 -0.0616
vn -0.1074 -0.1566 -0.9818
vn -0.7514 -0.6511 -0.1076
vn -0.8428 -0.5379 -0.0203
vn -0.7540 -0.6567 -0.0130
vn -0.5931 -0.6907 -0.4136
vn -0.4788 -0.3668 -0.7976
vn -0.7074 -0.4889 -0.5104
vn -0.2857 -0.3506 -0.8919
vn -0.6407 -0.7634 -0.0818
vn -0.0987 -0.0635 -0.9931
vn -0.6585 -0.1206 -0.7429
vn -0.9218 -0.2065 -0.3282
vn -0.9717 -0.2278 -0.0624
vn -0.5243 -0.1987 -0.8280
vn -0.8201 -0.4244 -0.3839
vn -0.9174 -0.3937 -0.0582
vn -0.8409 -0.5021 -0.2020
vn -0.3372 -0.2249 -0.9142
vn -0.0209 0.1897 -0.9816
vn -0.0205 0.0515 -0.9985
vn -0.1023 -0.0580 -0.9931
vn 0.0097 0.4476 -0.8942
vn -0.0118 0.0068 -0.9999
vn 0.0271 0.0523 -0.9983
vn -0.6817 -0.7316 -0.0046
vn -0.5679 -0.8231 -0.0021
vn -0.1343 -0.9909 0.0017
vn -0.4667 -0.8844 -0.0013
vn -0.3172 -0.9484 0.0014
vn -0.7852 -0.6193 -0.0067
vn -0.8610 -0.5086 -0.0077
vn -0.9303 -0.3668 -0.0085
vn -0.9790 -0.2034 -0.0101
vn -0.1716 -0.9852 0.0023
vn -0.3448 -0.9387 -0.0005
vn -0.6024 -0.7982 -0.0034
vn -0.8819 -0.4713 -0.0077
vn -0.9862 -0.1650 -0.0096
vn -0.7202 -0.6938 -0.0052
vn -0.8117 -0.5840 -0.0063
vn -0.9446 -0.3282 -0.0086
vn -0.2105 -0.9750 0.0708
vn -0.5288 -0.8473 0.0503
vn -0.3760 -0.9242 0.0664
vn -0.6273 -0.7773 0.0477
vn -0.9545 -0.2974 0.0234
vn -0.8265 -0.5616 0.0389
vn -0.2006 -0.9279 0.3142
vn -0.1670 -0.8564 0.4886
vn -0.0649 -0.3663 0.9282
vn -0.4351 -0.8491 0.2997
vn -0.4672 -0.6257 0.6246
vn -0.3069 -0.5061 0.8060
vn -0.0894 0.0169 0.9959
vn -0.6535 -0.7141 0.2512
vn -0.6089 -0.5327 0.5877
vn -0.4453 -0.4910 0.7488
vn -0.1963 -0.2356 0.9518
vn -0.8929 -0.4491 0.0329
vn -0.9024 -0.3721 0.2174
vn -0.8005 -0.5348 0.2705
vn -0.7183 -0.3050 0.6253
vn -0.5406 -0.3669 0.7571
vn -0.2848 -0.2386 0.9284
vn -0.1536 -0.0707 0.9856
vn -0.0465 0.2036 0.9780
vn -0.9853 -0.1638 0.0477
vn -0.9260 -0.2177 0.3084
vn -0.6353 -0.2099 0.7432
vn -0.4045 -0.1450 0.9030
vn -0.2923 -0.1314 0.9473
vn -0.1663 -0.0948 0.9815
vn -0.0535 0.0411 0.9977
vn -0.1780 -0.0485 0.9828
vn -0.0920 -0.0390 0.9950
vn -0.0425 -0.0061 0.9991
vn 0.0139 0.0651 0.9978
vn 0.0154 0.4979 0.8671
vn -0.8832 0.3431 0.3198
vn -0.9854 0.1054 0.1336
vn -0.7788 0.4461 0.4410
vn -0.8936 0.3256 0.3089
vn -0.7859 0.4391 0.4354
vn -0.9944 0.1045 0.0171
vn -0.9980 0.0549 0.0302
vn -0.9849 0.1510 0.0847
vn -0.8915 0.3341 0.3060
vn -0.9863 0.1130 0.1203
vn -0.7774 0.4548 0.4345
vn -0.7614 0.5291 0.3747
vn -0.6089 0.5539 -0.5679
vn -0.7702 0.4500 -0.4519
vn -0.9452 0.2253 -0.2362
vn -0.9851 0.1315 -0.1104
vn -0.6057 0.5568 -0.5685
vn -0.7718 0.4461 -0.4532
vn -0.9501 0.2167 -0.2246
vn -0.9849 0.1203 -0.1243
vn -0.6049 0.5632 -0.5630
vn -0.7678 0.4485 -0.4576
vn -0.9492 0.2238 -0.2213
vn -0.6078 0.5647 -0.5583
vn -0.7698 0.4525 -0.4502
vn -0.2081 0.6885 -0.6948
vn -0.2336 0.6827 -0.6923
vn -0.2108 0.6897 -0.6927
vn -0.2118 0.6935 -0.6886
vn -0.6182 0.5553 -0.5563
vn -0.0337 0.7047 -0.7087
vn -0.0382 0.7045 -0.7086
vn -0.1978 0.7066 -0.6794
vn -0.0753 0.7228 -0.6869
vn -0.0236 0.7093 -0.7045
vn -0.0122 0.7086 -0.7055
vn -0.9981 0.0426 -0.0450
vn -0.9843 0.1302 -0.1196
vn -0.9972 0.0628 -0.0411
vn -0.9492 0.2355 -0.2087
vn -0.9871 0.1342 -0.0869
vn -0.7138 0.5367 -0.4499
vn -0.9496 0.2341 -0.2084
vn -0.9806 0.1864 -0.0604
vn -0.7782 0.5518 -0.2999
vn -0.8990 0.3939 -0.1912
vn -0.9628 0.2603 -0.0719
vn -0.3020 0.7253 -0.6187
vn -0.4408 0.7107 -0.5482
vn -0.7765 0.5352 -0.3325
vn -0.5027 0.6766 -0.5380
vn -0.9633 0.2673 -0.0248
vn -0.9295 0.3564 -0.0951
vn -0.8755 0.4191 -0.2405
vn -0.5925 0.6535 -0.4710
vn -0.8649 0.4674 -0.1830
vn -0.9426 0.3310 -0.0436
vn -0.9188 0.3878 -0.0738
vn -0.1505 0.7148 -0.6829
vn -0.1851 0.7113 -0.6781
vn -0.0717 0.7244 -0.6856
vn -0.9885 0.1509 0.0030
vn -0.9789 0.2042 -0.0122
vn -0.9661 0.2578 -0.0124
vn -0.9955 0.0951 0.0042
vn -0.9304 0.3663 -0.0132
vn -0.9735 0.2269 0.0291
vn -0.9545 0.2958 0.0374
vn -0.9488 0.3157 -0.0128
vn -0.9355 0.3529 0.0171
vn -0.9770 0.1980 0.0791
vn -0.9266 0.3366 0.1678
vn -0.9277 0.3209 0.1909
vn -0.7625 0.5006 0.4098
vn -0.6421 0.5748 0.5073
vn -0.8251 0.5303 0.1948
vn -0.6805 0.6036 0.4154
vn -0.7861 0.5093 0.3502
vn -0.3419 0.7164 0.6082
vn -0.7900 0.5763 0.2092
vn -0.8947 0.4356 0.0989
vn -0.4863 0.7213 0.4932
vn -0.2976 0.6894 0.6604
vn -0.0930 0.7186 0.6891
vn -0.1725 0.7357 0.6550
vn -0.0132 0.7109 0.7032
vn -0.0304 0.7189 0.6944
vn -0.0635 0.7249 0.6859
vn -0.4213 0.6447 0.6379
vn -0.4301 0.6480 0.6286
vn -0.9445 0.3247 0.0510
vn -0.4367 0.6615 0.6097
vn -0.7025 0.6180 0.3530
vn -0.8568 0.4890 0.1638
vn -0.4418 0.7306 0.5206
vn -0.5999 0.5951 0.5348
vn -0.6132 0.5693 0.5476
vn -0.7637 0.5088 0.3973
vn -0.1685 0.7113 0.6824
vn -0.2487 0.7061 0.6630
vn -0.2762 0.6830 0.6762
vn -0.0733 0.7078 0.7026
vn -0.0694 0.7127 0.6980
vn -0.7069 0.6394 -0.3024
vn -0.8291 0.5300 -0.1782
vn -0.8957 0.4405 -0.0607
vn -0.2866 0.7417 -0.6064
vn -0.4260 0.7303 -0.5340
vn -0.7419 0.5952 -0.3087
vn -0.5290 0.7164 -0.4549
vn -0.8298 0.5320 -0.1684
vn -0.8894 0.4560 -0.0316
vn -0.8488 0.5248 -0.0638
vn -0.6593 0.6909 -0.2967
vn -0.7838 0.6088 -0.1225
vn -0.1522 0.7284 -0.6681
vn -0.2721 0.7679 -0.5799
vn -0.6784 0.7040 -0.2101
vn -0.3906 0.7809 -0.4875
vn -0.5503 0.7603 -0.3451
vn -0.0772 0.7339 -0.6749
vn -0.2102 0.7715 -0.6005
vn -0.0643 0.7340 -0.6761
vn -0.3325 0.7870 -0.5197
vn -0.1461 0.7673 -0.6244
vn -0.0584 0.7351 -0.6754
vn -0.9134 0.4069 -0.0130
vn -0.8230 0.5660 -0.0477
vn -0.7715 0.6263 -0.1119
vn -0.7062 0.6924 -0.1475
vn -0.8065 0.5904 -0.0313
vn -0.7653 0.6402 -0.0670
vn -0.7821 0.6231 -0.0123
vn -0.6013 0.7613 -0.2426
vn -0.7433 0.6679 -0.0371
vn -0.5082 0.7949 -0.3315
vn -0.6975 0.7061 -0.1224
vn -0.5828 0.7835 -0.2154
vn -0.7194 0.6890 -0.0879
vn -0.3015 0.8084 -0.5055
vn -0.4668 0.8248 -0.3191
vn -0.6522 0.7533 -0.0845
vn -0.5386 0.8198 -0.1946
vn -0.5933 0.8026 -0.0623
vn -0.2963 0.8309 -0.4709
vn -0.4444 0.8463 -0.2938
vn -0.5120 0.8496 -0.1269
vn -0.5702 0.8211 -0.0265
vn -0.1486 0.7820 -0.6053
vn -0.0426 0.7365 -0.6751
vn -0.1951 0.8014 -0.5654
vn -0.5285 0.8482 -0.0371
vn -0.3013 0.8638 -0.4039
vn -0.4184 0.8927 -0.1677
vn -0.4641 0.8838 -0.0600
vn -0.8744 0.4851 0.0133
vn -0.8610 0.5085 -0.0024
vn -0.8277 0.5608 0.0207
vn -0.7180 0.6959 -0.0119
vn -0.7395 0.6732 0.0041
vn -0.6843 0.7291 -0.0116
vn -0.6379 0.7701 0.0057
vn -0.6111 0.7915 -0.0111
vn -0.6526 0.7576 -0.0142
vn -0.4658 0.8836 0.0472
vn -0.5228 0.8521 0.0221
vn -0.8054 0.5928 0.0022
vn -0.7632 0.6459 0.0197
vn -0.6878 0.7257 0.0147
vn -0.9265 0.3764 -0.0001
vn -0.8942 0.4457 0.0427
vn -0.6807 0.7266 0.0933
vn -0.5801 0.7971 0.1674
vn -0.6252 0.7762 0.0821
vn -0.5336 0.8378 0.1154
vn -0.4473 0.8343 0.3222
vn -0.4371 0.8356 0.3328
vn -0.5739 0.8186 0.0249
vn -0.3763 0.8916 0.2518
vn -0.1729 0.7892 0.5893
vn -0.2581 0.8691 0.4220
vn -0.4659 0.8768 0.1187
vn -0.1847 0.8343 0.5195
vn -0.3743 0.9024 0.2134
vn -0.6273 0.6679 0.4005
vn -0.8410 0.5316 0.1007
vn -0.7477 0.6278 0.2163
vn -0.2158 0.7442 0.6322
vn -0.8098 0.5808 0.0833
vn -0.7345 0.6431 0.2166
vn -0.4569 0.7566 0.4678
vn -0.3111 0.7511 0.5823
vn -0.6053 0.7213 0.3366
vn -0.6977 0.6929 0.1819
vn -0.1309 0.7473 0.6515
vn -0.2408 0.7548 0.6101
vn -0.7482 0.6579 0.0861
vn -0.3763 0.7834 0.4947
vn -0.6447 0.7460 0.1666
vn -0.0971 0.7413 0.6642
vn -0.1764 0.7665 0.6175
vn -0.5122 0.7752 0.3697
vn -0.4566 0.8120 0.3635
vn -0.2942 0.8020 0.5198
vn -0.1459 0.7748 0.6152
vn -0.2735 0.8235 0.4971
vn -0.0700 0.7429 0.6658
vn -0.0097 0.7346 -0.6785
vn 0.0323 0.7039 -0.7095
vn 0.0138 0.7157 -0.6983
vn 0.1715 0.7670 -0.6184
vn 0.0918 0.7278 -0.6797
vn 0.3354 0.7209 -0.6065
vn 0.1304 0.6995 -0.7026
vn 0.0964 0.7464 -0.6585
vn 0.0813 0.8236 -0.5613
vn 0.0375 0.8086 -0.5872
vn 0.3051 0.8159 -0.4911
vn 0.4165 0.8779 -0.2364
vn 0.2374 0.8484 -0.4732
vn 0.4952 0.7888 -0.3641
vn 0.3359 0.7585 -0.5584
vn 0.1024 0.9383 -0.3303
vn -0.0775 0.7635 -0.6411
vn -0.2990 0.9169 -0.2643
vn -0.0283 0.7343 -0.6783
vn -0.1395 0.8288 -0.5419
vn -0.0806 0.7954 -0.6008
vn -0.2501 0.8828 -0.3977
vn -0.0106 0.7396 -0.6730
vn 0.0755 0.6816 -0.7278
vn 0.0192 0.7062 -0.7078
vn 0.6423 0.6938 -0.3257
vn 0.5582 0.6226 -0.5484
vn 0.8576 0.4850 -0.1713
vn 0.9921 -0.0641 -0.1074
vn 0.8134 0.3259 -0.4818
vn 0.9968 -0.0790 -0.0129
vn 0.9224 0.3858 -0.0151
vn 0.4210 0.5910 -0.6881
vn 0.0946 0.6471 -0.7565
vn 0.5277 0.8433 -0.1021
vn 0.6979 0.6925 -0.1826
vn 0.5705 0.8209 -0.0268
vn 0.7728 0.6331 -0.0444
vn 0.8767 -0.4024 -0.2635
vn 0.9015 -0.4095 -0.1405
vn 0.9039 -0.4271 -0.0238
vn 0.4404 0.4088 -0.7994
vn 0.5962 0.0294 -0.8023
vn 0.8245 -0.5254 -0.2102
vn 0.8110 -0.4699 -0.3486
vn 0.7911 -0.6094 -0.0528
vn 0.1736 0.5480 -0.8182
vn 0.3156 0.1544 -0.9362
vn 0.2378 0.5444 -0.8044
vn 0.0756 0.5664 -0.8206
vn 0.1849 0.9736 -0.1342
vn 0.2160 0.9757 -0.0362
vn 0.7680 -0.5736 -0.2848
vn 0.6467 -0.7455 -0.1614
vn 0.5735 -0.8186 -0.0300
vn 0.7571 -0.4839 -0.4389
vn 0.5420 -0.7653 -0.3472
vn 0.2643 -0.9348 -0.2373
vn 0.1556 0.4158 -0.8961
vn -0.0023 0.6938 -0.7202
vn -0.0277 0.4399 -0.8976
vn -0.4309 0.9023 0.0119
vn -0.4000 0.9164 -0.0122
vn -0.4319 0.9016 -0.0258
vn 0.5507 0.8345 -0.0200
vn 0.9994 -0.0357 0.0009
vn 0.9194 -0.3933 0.0044
vn 0.5587 -0.8293 0.0109
vn 0.1883 -0.9821 0.0091
vn 0.2130 -0.9761 -0.0432
vn 0.8925 0.4161 -0.1742
vn 0.9863 -0.0196 -0.1636
vn 0.9371 -0.3485 -0.0219
vn 0.8221 -0.5688 -0.0260
vn 0.7967 -0.6043 0.0077
vn 0.5755 -0.8178 -0.0012
vn 0.2334 -0.9724 0.0027
vn 0.1697 -0.9855 0.0082
vn -0.1003 0.7870 0.6088
vn -0.3151 0.8677 0.3844
vn -0.3658 0.9241 0.1106
vn -0.1931 0.8801 0.4338
vn -0.3900 0.9206 0.0185
vn -0.1283 0.8328 0.5384
vn -0.0646 0.8038 0.5914
vn -0.0204 0.7314 0.6816
vn -0.0022 0.7648 0.6442
vn 0.0770 0.7094 0.7005
vn 0.0776 0.6732 0.7354
vn 0.1498 0.6645 0.7322
vn 0.3256 0.5711 0.7536
vn 0.4228 0.5872 0.6903
vn 0.7434 0.6685 -0.0229
vn 0.5913 0.8059 -0.0303
vn 0.9034 0.4284 -0.0189
vn 0.8646 0.4843 -0.1340
vn 0.5300 0.8451 0.0708
vn 0.9839 -0.1103 -0.1403
vn 0.9989 -0.0403 -0.0223
vn 0.9993 0.0177 0.0329
vn 0.8456 0.5269 0.0856
vn 0.8700 -0.4924 -0.0250
vn 0.9309 -0.3430 0.1258
vn 0.9772 0.1584 0.1417
vn 0.8235 0.2273 0.5198
vn 0.9327 -0.1093 0.3438
vn 0.7120 0.4685 0.5230
vn 0.9037 0.3179 0.2866
vn 0.6095 -0.7904 0.0613
vn 0.9030 -0.4280 0.0388
vn 0.6590 -0.6887 0.3023
vn 0.8862 -0.0315 0.4623
vn 0.8633 -0.1409 0.4846
vn 0.4167 0.4599 0.7841
vn 0.2374 0.5786 0.7803
vn 0.1592 0.4058 0.9000
vn 0.3465 0.2989 0.8892
vn 0.1967 0.9804 -0.0121
vn 0.1422 0.9868 0.0775
vn 0.1862 -0.9788 0.0852
vn 0.1828 -0.9303 0.3181
vn 0.1950 -0.8568 0.4773
vn 0.0223 0.2600 0.9654
vn 0.0207 0.6908 0.7227
vn 0.0803 0.0136 0.9967
vn -0.0321 0.7237 0.6894
vn 0.0028 0.7171 0.6969
vn 0.0215 0.7187 0.6950
vn 0.1723 0.7058 0.6872
vn 0.1046 0.7385 0.6661
vn 0.0158 0.7661 0.6425
vn 0.1369 0.7843 0.6051
vn 0.2017 0.7758 0.5978
vn 0.3481 0.7703 0.5344
vn 0.5779 0.7449 0.3333
vn 0.4992 0.6557 0.5664
vn 0.0689 0.8392 0.5394
vn 0.7290 0.6412 0.2396
vn 0.2550 0.8707 0.4205
vn 0.3953 0.8967 0.1991
vn 0.7738 0.5438 0.3247
vn 0.0701 0.9527 0.2958
vn -0.2260 0.8916 -0.3923
vn -0.3833 0.9151 -0.1254
vn -0.2860 0.9374 -0.1989
vn -0.0789 0.8672 -0.4916
vn -0.2263 0.9689 -0.1005
vn -0.1265 0.9466 -0.2965
vn -0.0387 0.8342 -0.5502
vn -0.2274 0.9732 -0.0332
vn -0.1388 0.9782 -0.1543
vn -0.0515 0.9187 -0.3916
vn -0.1715 0.9841 -0.0458
vn -0.0728 0.9781 -0.1949
vn -0.0101 0.7976 -0.6031
vn 0.0019 0.9057 -0.4240
vn 0.0028 0.9966 -0.0825
vn -0.0377 0.9981 -0.0496
vn -0.0608 0.9981 -0.0071
vn -0.1140 0.9917 -0.0588
vn -0.1205 0.9927 -0.0068
vn -0.1020 0.9921 0.0733
vn -0.0061 1.0000 -0.0049
vn -0.3396 0.9395 -0.0457
vn -0.2673 0.9628 0.0402
vn -0.3406 0.9398 0.0275
vn -0.2861 0.9580 -0.0179
vn -0.2302 0.9731 0.0055
vn -0.1325 0.9911 0.0102
vn -0.1768 0.9841 0.0146
vn -0.0175 0.9981 0.0585
vn -0.3036 0.9381 0.1668
vn -0.2263 0.9050 0.3603
vn -0.2738 0.8854 0.3755
vn -0.1615 0.9577 0.2382
vn -0.0722 0.8731 0.4821
vn -0.1850 0.9775 0.1010
vn -0.1032 0.9445 0.3119
vn -0.0449 0.8225 0.5670
vn -0.0572 0.9687 0.2415
vn -0.0368 0.8909 0.4527
vn 0.0182 0.8994 0.4367
vn 0.0402 0.8244 0.5646
vn -0.0184 0.6965 0.7173
vn -0.0008 -0.7385 -0.6742
vn 0.0232 -0.0000 -0.9997
vn 0.0156 -0.9279 -0.3726
vn 0.0473 -0.9912 -0.1233
vn 0.0208 -0.4317 -0.9018
vn 0.0713 -0.1076 -0.9916
vn 0.0180 -0.0311 -0.9994
vn 0.0819 0.0306 -0.9962
vn 0.1763 0.1120 -0.9779
vn 0.3228 0.0490 -0.9452
vn 0.2118 0.0128 -0.9772
vn 0.8176 0.1632 -0.5521
vn 0.8017 0.4647 -0.3760
vn 0.4220 0.2481 -0.8720
vn 0.8912 0.2657 -0.3677
vn 0.8870 0.4530 -0.0894
vn 0.9890 0.1241 -0.0805
vn 0.9395 0.0838 -0.3322
vn 0.9462 -0.0444 -0.3205
vn 0.6642 -0.0307 -0.7469
vn 0.9961 -0.0441 -0.0759
vn 0.1188 0.0237 -0.9926
vn 0.3719 0.3462 -0.8613
vn 0.5263 0.4261 -0.7358
vn 0.6706 0.6495 -0.3584
vn 0.7199 0.6902 -0.0737
vn 0.0116 -0.9998 -0.0138
vn 0.2738 0.3370 -0.9008
vn 0.0495 -0.3262 -0.9440
vn 0.4375 0.5107 -0.7401
vn 0.4837 0.8001 -0.3548
vn 0.0311 0.0870 -0.9957
vn 0.2164 0.8517 -0.4773
vn 0.4895 0.8685 -0.0784
vn 0.2749 0.9168 -0.2898
vn 0.0175 0.1743 -0.9845
vn 0.1019 0.9242 -0.3681
vn 0.1563 0.9860 -0.0587
vn 0.3327 0.9412 -0.0591
vn 0.9529 0.3031 -0.0070
vn 0.8890 0.4579 -0.0077
vn 0.9901 0.1399 -0.0066
vn 0.9993 -0.0371 -0.0057
vn 0.7991 0.5973 -0.0684
vn 0.7249 0.6888 -0.0080
vn 0.6312 0.7719 -0.0759
vn 0.6247 0.7808 -0.0072
vn 0.4988 0.8667 -0.0072
vn 0.3471 0.9378 -0.0066
vn 0.1851 0.9827 -0.0054
vn 0.7244 0.6893 -0.0074
vn 0.9494 0.3139 -0.0066
vn 0.8157 0.5784 -0.0077
vn 0.7276 0.6860 -0.0074
vn 0.8090 0.5878 -0.0075
vn 0.8863 0.4630 -0.0074
vn 0.6250 0.7806 -0.0074
vn 0.5081 0.8613 -0.0070
vn 0.3613 0.9324 -0.0060
vn 0.9998 -0.0204 -0.0051
vn 0.9870 0.1449 0.0695
vn 0.0105 -0.9997 0.0223
vn 0.9469 0.3154 0.0620
vn 0.8811 0.4711 0.0424
vn 0.8159 0.5772 0.0332
vn 0.7400 0.6721 0.0277
vn 0.5224 0.8512 0.0498
vn 0.3693 0.9275 0.0581
vn 0.1984 0.9786 0.0548
vn 0.0392 -0.6858 0.7267
vn 0.0078 -0.9940 0.1087
vn 0.0063 -0.9334 0.3589
vn 0.0536 -0.3104 0.9491
vn 0.2390 0.0826 0.9675
vn 0.3225 0.0019 0.9466
vn 0.3298 0.1781 0.9271
vn 0.1797 0.0387 0.9830
vn 0.5780 0.2787 0.7669
vn 0.9338 0.1577 0.3213
vn 0.6898 0.0581 0.7217
vn 0.8812 0.3717 0.2923
vn 0.9489 -0.0114 0.3154
vn 0.9977 -0.0041 0.0683
vn 0.2919 0.1906 0.9373
vn 0.1507 -0.1891 0.9703
vn 0.5386 0.4219 0.7293
vn 0.6724 0.4349 0.5990
vn 0.7790 0.5783 0.2423
vn 0.1366 -0.3609 0.9225
vn 0.0803 -0.5821 0.8091
vn 0.4588 0.4646 0.7574
vn 0.2499 0.3035 0.9195
vn 0.6406 0.7312 0.2345
vn 0.6227 0.7812 0.0448
vn 0.6092 0.5607 0.5609
vn 0.4142 0.8598 0.2986
vn 0.4653 0.6112 0.6402
vn 0.4007 0.6660 0.6292
vn 0.1825 0.9376 0.2961
vn 0.1633 0.8679 0.4691
vn 0.0245 0.2019 -0.9791
vn 0.1179 -0.0419 -0.9921
vn 0.9206 -0.2013 -0.3346
vn 0.6142 -0.1149 -0.7807
vn 0.8372 -0.4294 -0.3386
vn 0.4609 -0.2629 -0.8476
vn 0.9198 -0.3853 -0.0742
vn 0.1994 -0.1427 -0.9695
vn 0.0966 -0.0663 -0.9931
vn 0.0287 0.6378 -0.7696
vn 0.8409 -0.5372 -0.0662
vn 0.5868 -0.4326 -0.6845
vn 0.7059 -0.6523 -0.2759
vn 0.4434 -0.3922 -0.8060
vn 0.7712 -0.6344 -0.0525
vn 0.1786 -0.1741 -0.9684
vn 0.0821 -0.0184 -0.9965
vn 0.6613 -0.7490 -0.0419
vn 0.5000 -0.5582 -0.6621
vn 0.5560 -0.7764 -0.2968
vn 0.3523 -0.4384 -0.8269
vn 0.5623 -0.8257 -0.0464
vn 0.1163 -0.1278 -0.9850
vn 0.0467 0.0855 -0.9952
vn 0.3719 -0.5809 -0.7240
vn 0.3527 -0.8530 -0.3847
vn 0.4567 -0.8866 -0.0727
vn 0.2314 -0.3859 -0.8931
vn 0.0703 -0.7916 -0.6070
vn 0.1442 -0.9020 -0.4069
vn 0.3159 -0.9454 -0.0800
vn 0.1332 -0.9824 -0.1313
vn 0.1395 -0.9902 -0.0047
vn 0.0125 -0.2545 -0.9670
vn 0.0165 0.4532 -0.8912
vn 0.9740 -0.2166 -0.0665
vn 0.5845 -0.8114 0.0004
vn 0.9347 -0.3555 -0.0038
vn 0.8669 -0.4985 -0.0029
vn 0.7934 -0.6087 -0.0020
vn 0.4783 -0.8782 0.0010
vn 0.3345 -0.9424 0.0022
vn 0.6998 -0.7144 -0.0005
vn 0.1704 -0.9854 0.0035
vn 0.9412 -0.3312 0.0667
vn 0.9849 -0.1595 0.0673
vn 0.8749 -0.4805 0.0607
vn 0.7111 -0.7024 0.0297
vn 0.6200 -0.7837 0.0374
vn 0.5129 -0.8562 0.0614
vn 0.8135 -0.5796 0.0472
vn 0.3629 -0.9295 0.0663
vn 0.1928 -0.9790 0.0668
vn 0.0646 0.6940 0.7171
vn 0.0740 -0.0148 0.9971
vn 0.0515 0.2047 0.9775
vn 0.2520 -0.0866 0.9638
vn 0.0750 -0.0342 0.9966
vn 0.9361 -0.1392 0.3231
vn 0.6853 -0.0908 0.7226
vn 0.8756 -0.3673 0.3138
vn 0.5718 -0.2817 0.7705
vn 0.3311 -0.1875 0.9248
vn 0.1685 -0.1207 0.9783
vn 0.0595 0.0166 0.9981
vn 0.7688 -0.5880 0.2515
vn 0.6691 -0.4304 0.6059
vn 0.5381 -0.4258 0.7274
vn 0.2954 -0.2695 0.9166
vn 0.1564 -0.0832 0.9842
vn 0.6246 -0.7425 0.2421
vn 0.5988 -0.5707 0.5619
vn 0.4559 -0.5138 0.7267
vn 0.2219 -0.2415 0.9447
vn 0.0842 0.0630 0.9945
vn 0.0104 0.4112 0.9115
vn 0.4077 -0.8627 0.2993
vn 0.4587 -0.6560 0.5994
vn 0.2897 -0.5133 0.8078
vn 0.1835 -0.9361 0.2999
vn 0.1613 -0.8698 0.4662
vn 0.0719 -0.3662 0.9277
vn 0.0535 -0.3960 0.9167
vn 0.0020 -0.6602 -0.7511
vn 0.0222 -0.7359 -0.6767
vn -0.0193 0.1806 -0.9834
vn 0.0010 0.1524 -0.9883
vn -0.0134 0.9774 -0.2108
vn 0.1267 0.9649 -0.2302
vn -0.0199 0.9987 -0.0479
vn -0.1794 0.9557 -0.2333
vn -0.0199 -0.3695 -0.9290
vn -0.3005 0.8981 -0.3211
vn -0.0997 0.9179 -0.3842
vn -0.1980 0.9779 -0.0665
vn -0.2067 0.9784 -0.0030
vn -0.3584 0.9307 -0.0728
vn -0.4802 0.7758 -0.4093
vn -0.2250 0.8241 -0.5199
vn -0.5569 0.8236 -0.1078
vn -0.5088 0.8607 -0.0182
vn -0.6440 0.7649 -0.0134
vn -0.4240 0.4696 -0.7744
vn -0.1115 -0.0008 -0.9938
vn -0.2514 0.2930 -0.9225
vn -0.6944 0.5959 -0.4034
vn -0.7469 0.6567 -0.1046
vn -0.7399 0.6726 -0.0132
vn -0.5347 0.2840 -0.7959
vn -0.8207 0.4724 -0.3213
vn -0.8707 0.4828 -0.0941
vn -0.8266 0.5627 -0.0151
vn -0.6328 0.3360 -0.6976
vn -0.8698 0.3417 -0.3560
vn -0.9007 0.4344 -0.0088
vn 0.0762 -0.9971 -0.0070
vn 0.0830 -0.7558 -0.6495
vn 0.0369 -0.4566 -0.8889
vn 0.2320 -0.9059 -0.3543
vn -0.3729 0.2786 -0.8851
vn -0.0185 -0.1170 -0.9930
vn -0.1404 0.0695 -0.9877
vn -0.9502 0.3043 -0.0680
vn -0.8233 0.1059 -0.5576
vn -0.9195 0.1196 -0.3745
vn -0.9854 0.1199 -0.1212
vn -0.8084 -0.1059 -0.5790
vn -0.9244 -0.0254 -0.3806
vn -0.9913 -0.0495 -0.1218
vn -0.9923 0.1230 -0.0114
vn -0.9989 -0.0461 -0.0123
vn 0.2932 -0.9531 -0.0751
vn 0.2231 -0.5544 -0.8018
vn 0.3963 -0.7832 -0.4791
vn 0.5705 -0.8055 -0.1601
vn 0.5843 -0.8111 -0.0252
vn 0.1641 -0.1597 -0.9734
vn -0.4554 0.2014 -0.8672
vn 0.1507 0.0225 -0.9883
vn -0.2643 0.0355 -0.9638
vn 0.0418 0.0164 -0.9990
vn -0.2990 -0.0234 -0.9540
vn 0.7301 -0.5998 -0.3275
vn 0.2851 -0.8785 -0.3833
vn 0.8319 -0.5432 -0.1134
vn 0.8371 -0.5465 -0.0256
vn 0.2685 -0.2566 -0.9285
vn 0.9302 -0.2164 -0.2966
vn 0.8656 -0.3008 -0.4004
vn 0.8716 -0.1270 -0.4735
vn 0.9672 -0.2321 -0.1036
vn 0.9689 -0.2464 -0.0213
vn 0.3179 -0.0994 -0.9429
vn 0.9931 -0.0488 -0.1065
vn 0.9369 -0.0329 -0.3480
vn 0.9971 -0.0725 -0.0224
vn 0.6392 -0.0022 -0.7690
vn 0.9996 -0.0090 -0.0252
vn 0.9923 0.0265 -0.1213
vn 0.0007 1.0000 -0.0040
vn -0.4339 0.9009 -0.0102
vn -0.7211 0.6928 0.0009
vn -0.8066 0.5911 0.0027
vn 0.1028 -0.9942 0.0329
vn -0.9531 0.3026 0.0040
vn 0.5373 -0.8433 0.0119
vn 0.0024 -1.0000 0.0058
vn -0.6298 0.7767 -0.0000
vn -0.8871 0.4616 0.0032
vn -0.9900 0.1413 0.0046
vn 0.2497 -0.9679 0.0292
vn 0.8146 -0.5801 0.0019
vn 0.9533 -0.3020 0.0010
vn 0.9963 -0.0859 -0.0052
vn -0.0046 -1.0000 0.0066
vn -0.1635 0.9865 -0.0032
vn -0.3537 0.9354 -0.0015
vn 0.4139 -0.9100 0.0251
vn 0.7646 -0.6442 0.0213
vn 0.9449 -0.3274 -0.0042
vn 0.0255 0.9984 0.0514
vn -0.4609 0.8865 0.0415
vn -0.3162 0.9477 0.0429
vn -0.6028 0.7979 0.0001
vn -0.7891 0.6143 0.0019
vn -0.8707 0.4919 0.0038
vn -0.9453 0.3262 0.0035
vn 0.1448 -0.9894 0.0147
vn 0.3808 -0.9246 0.0025
vn 0.7303 -0.6831 -0.0010
vn 0.0160 -0.9999 0.0052
vn 0.0085 -1.0000 0.0050
vn 0.0255 -0.9996 0.0100
vn 0.1129 -0.9935 0.0124
vn 0.9939 -0.1103 0.0012
vn 0.0008 -0.9998 0.0184
vn -0.0125 -0.9999 0.0050
vn -0.1417 0.9885 0.0523
vn 0.0078 -0.9997 0.0240
vn -0.9839 0.1788 0.0042
vn -0.9366 0.3503 0.0028
vn 0.3324 -0.9411 0.0625
vn 0.7063 -0.7063 0.0482
vn 0.9392 -0.3386 0.0568
vn 0.0003 -0.9966 0.0824
vn 0.0277 0.9596 0.2801
vn 0.0214 0.8961 0.4434
vn 0.0123 -0.0057 0.9999
vn -0.0035 -0.0089 1.0000
vn -0.0026 -0.9401 0.3410
vn -0.1299 0.9510 0.2807
vn -0.0283 -0.0066 0.9996
vn -0.0004 -0.8561 0.5168
vn 0.0025 -0.8454 0.5341
vn -0.1237 0.8891 0.4407
vn -0.3378 0.9012 0.2715
vn -0.1277 -0.1847 0.9745
vn -0.1195 -0.1038 0.9874
vn -0.4808 0.8414 0.2467
vn -0.3998 0.6967 0.5957
vn -0.3557 0.7311 0.5822
vn 0.0743 -0.9916 0.1061
vn -0.1087 -0.3173 0.9421
vn -0.5870 0.8082 0.0473
vn -0.2371 0.4089 0.8813
vn -0.2612 0.3450 0.9015
vn 0.0048 -0.6753 0.7375
vn -0.0869 -0.4366 0.8955
vn -0.6835 0.7279 0.0549
vn -0.4326 0.7958 0.4238
vn -0.6349 0.7092 0.3066
vn -0.1692 0.2715 0.9475
vn -0.4030 0.4113 0.8176
vn -0.7693 0.6350 0.0699
vn -0.7011 0.7130 0.0021
vn -0.8019 0.5023 0.3235
vn -0.5733 0.5004 0.6488
vn 0.0781 -0.9404 0.3310
vn -0.0357 -0.2009 0.9789
vn -0.2078 0.1119 0.9717
vn -0.8636 0.4984 0.0759
vn -0.4836 0.3320 0.8099
vn -0.9380 0.3405 0.0659
vn -0.9084 0.2961 0.2951
vn -0.8491 0.2345 0.4733
vn -0.9825 0.1754 0.0626
vn -0.9538 0.1557 0.2571
vn -0.7350 0.0807 0.6732
vn -0.9999 -0.0120 0.0052
vn -0.9984 -0.0049 0.0565
vn -0.9688 0.0060 0.2478
vn -0.7137 -0.0495 0.6987
vn 0.2733 -0.9235 0.2693
vn 0.1926 -0.6980 0.6897
vn 0.2296 -0.2595 0.9380
vn 0.2086 -0.0279 0.9776
vn 0.0845 0.0840 0.9929
vn -0.4530 -0.0161 0.8914
vn 0.6818 -0.7029 0.2027
vn 0.5687 -0.5943 0.5687
vn 0.9160 -0.2976 0.2690
vn 0.6828 -0.2225 0.6959
vn 0.9921 -0.0852 0.0923
vn 0.9439 -0.0715 0.3224
vn 0.6843 -0.0372 0.7282
vn 0.9999 -0.0144 0.0093
vn 0.9925 0.0434 0.1143
vn -0.0333 -0.9127 -0.4073
vn -0.0197 -0.9960 -0.0869
vn -0.0286 0.0613 -0.9977
vn -0.1208 -0.4650 -0.8770
vn -0.2575 -0.8704 -0.4197
vn -0.1833 -0.9801 -0.0756
vn -0.4051 -0.8560 -0.3212
vn -0.3202 -0.9458 -0.0545
vn -0.1574 -0.9875 0.0042
vn -0.3220 -0.9467 0.0054
vn -0.4645 -0.8837 -0.0579
vn -0.4659 -0.8848 0.0061
vn -0.3221 -0.6911 -0.6470
vn -0.3464 -0.4256 -0.8360
vn -0.1794 -0.2851 -0.9416
vn -0.5829 -0.8099 -0.0655
vn -0.5828 -0.7452 -0.3240
vn -0.7014 -0.7116 -0.0417
vn -0.0870 -0.0892 -0.9922
vn -0.0374 0.1759 -0.9837
vn -0.7302 -0.6065 -0.3145
vn -0.4937 -0.5133 -0.7020
vn -0.4056 -0.3615 -0.8396
vn -0.7809 -0.6226 -0.0508
vn -0.8522 -0.5179 -0.0746
vn -0.1530 -0.1468 -0.9773
vn -0.0651 0.0029 -0.9979
vn 0.0096 0.2013 -0.9795
vn -0.9011 -0.2068 -0.3811
vn -0.9748 -0.2090 -0.0787
vn -0.8314 -0.3966 -0.3892
vn -0.5578 -0.3958 -0.7295
vn -0.3926 -0.2434 -0.8869
vn -0.9242 -0.3732 -0.0815
vn -0.1358 -0.1150 -0.9840
vn -0.0168 -0.0641 -0.9978
vn 0.0215 0.0490 -0.9986
vn 0.1062 -0.0485 -0.9932
vn 0.2196 0.0252 -0.9753
vn 0.1846 0.1921 -0.9639
vn 0.1455 0.4638 -0.8739
vn 0.1645 0.6844 -0.7103
vn 0.0329 0.6966 -0.7167
vn 0.9321 0.0357 -0.3603
vn 0.6375 0.1325 -0.7590
vn 0.9176 0.1833 -0.3528
vn 0.9764 0.1289 -0.1731
vn 0.9970 0.0475 -0.0615
vn 0.5456 0.4127 -0.7294
vn 0.2146 0.6292 -0.7470
vn 0.7346 0.4348 -0.5209
vn 0.9304 0.2473 -0.2705
vn 0.9790 0.1404 -0.1475
vn 0.9995 0.0194 -0.0250
vn 0.5757 0.5643 -0.5917
vn 0.2271 0.6812 -0.6960
vn 0.7363 0.4739 -0.4831
vn 0.9301 0.2569 -0.2625
vn 0.9971 0.0443 -0.0613
vn 0.9793 0.1400 -0.1465
vn 0.9957 0.0619 -0.0684
vn 0.9995 0.0204 -0.0247
vn -0.0037 -1.0000 0.0037
vn -0.5767 -0.8170 0.0071
vn -0.9805 -0.1865 0.0620
vn -0.1392 -0.9884 0.0613
vn -0.4629 -0.8864 0.0068
vn -0.3112 -0.9503 0.0059
vn -0.5786 -0.8156 0.0074
vn -0.8610 -0.5086 0.0075
vn -0.7801 -0.6256 0.0077
vn -0.9324 -0.3613 0.0068
vn -0.6853 -0.7282 0.0074
vn 0.0262 -0.9978 0.0609
vn -0.9325 -0.3547 0.0678
vn 0.9998 0.0170 0.0060
vn -0.3093 -0.9495 0.0535
vn -0.4463 -0.8940 0.0387
vn -0.8629 -0.4994 0.0772
vn -0.7712 -0.6335 0.0628
vn -0.6827 -0.7283 0.0591
vn 0.0288 -0.9572 0.2881
vn 0.0223 -0.8945 0.4464
vn -0.1285 -0.9490 0.2878
vn -0.1209 -0.8882 0.4432
vn -0.0424 -0.0931 0.9947
vn 0.0019 -0.4303 0.9027
vn -0.0516 -0.3978 0.9160
vn 0.0049 0.2128 0.9771
vn -0.4883 -0.8412 0.2323
vn -0.3384 -0.8985 0.2795
vn -0.3957 -0.7374 0.5474
vn -0.2543 -0.5766 0.7764
vn -0.5836 -0.8106 0.0489
vn -0.3737 -0.6494 0.6623
vn -0.2144 -0.3113 0.9258
vn -0.0885 0.0545 0.9946
vn -0.0163 0.4256 0.9048
vn -0.7999 -0.5103 0.3159
vn -0.6365 -0.7059 0.3108
vn -0.5708 -0.5093 0.6440
vn -0.4249 -0.4836 0.7653
vn -0.1871 -0.1441 0.9717
vn 0.0177 0.1739 0.9846
vn -0.9535 -0.1665 0.2511
vn -0.9069 -0.2987 0.2973
vn -0.8470 -0.2309 0.4787
vn -0.4804 -0.3350 0.8106
vn -0.1939 -0.2323 0.9531
vn -0.0085 -0.0249 0.9997
vn 0.0644 0.4473 0.8920
vn 0.0562 0.6173 0.7847
vn 0.0758 -0.0942 0.9927
vn 0.2444 -0.0740 0.9669
vn 0.2869 0.0427 0.9570
vn 0.2729 0.1981 0.9414
vn 0.2408 0.4590 0.8552
vn 0.2657 0.6694 0.6937
vn 0.3088 0.6009 0.7373
vn 0.9372 0.0335 0.3473
vn 0.9998 0.0136 0.0148
vn 0.6832 0.0163 0.7301
vn 0.9758 0.1330 0.1734
vn 0.6850 0.1523 0.7124
vn 0.9128 0.1630 0.3746
vn 0.9249 0.2634 0.2743
vn 0.6074 0.3980 0.6874
vn 0.7606 0.4149 0.4994
vn 0.9207 0.2793 0.2724
vn 0.6387 0.5331 0.5549
vn 0.7631 0.4554 0.4587
vn 0.3137 0.6789 0.6639
vn -0.0173 0.7128 -0.7012
vn -0.0102 0.7177 0.6963
vn -0.0304 0.8475 -0.5299
vn -0.0994 0.9414 -0.3224
vn -0.0845 0.7442 -0.6625
vn -0.4103 0.8848 -0.2208
vn -0.1655 0.9772 -0.1329
vn -0.2362 0.8319 -0.5021
vn -0.4892 0.7959 -0.3566
vn -0.1839 0.7648 -0.6175
vn -0.0435 0.7247 -0.6877
vn -0.3236 0.7533 -0.5726
vn -0.1307 0.7018 -0.7003
vn -0.0211 0.7038 -0.7101
vn 0.0205 0.7154 -0.6984
vn 0.0285 0.7124 -0.7012
vn -0.2466 -0.9424 -0.2262
vn -0.5778 -0.6187 -0.5323
vn -0.5822 -0.7994 -0.1483
vn 0.0512 -0.9432 -0.3283
vn -0.2032 -0.9786 -0.0329
vn -0.5485 -0.8357 -0.0275
vn -0.0365 0.2703 -0.9621
vn -0.5321 0.8429 -0.0798
vn -0.2071 0.9772 -0.0477
vn -0.2327 0.9725 -0.0139
vn -0.6419 0.7098 -0.2900
vn -0.7538 0.6533 -0.0705
vn -0.5693 0.8220 -0.0165
vn -0.7752 0.6314 -0.0202
vn -0.6941 0.0936 -0.7138
vn -0.9217 -0.3244 -0.2127
vn -0.8089 -0.3050 -0.5027
vn -0.7778 -0.6232 -0.0816
vn -0.8987 -0.4342 -0.0620
vn -0.7758 -0.6310 -0.0038
vn -0.9073 -0.4199 -0.0219
vn -0.4015 0.3288 -0.8548
vn -0.5554 -0.5931 -0.5829
vn -0.1374 0.5324 -0.8352
vn -0.8542 0.4814 -0.1965
vn -0.9296 0.3667 -0.0365
vn -0.5458 0.6299 -0.5525
vn -0.8109 0.3343 -0.4804
vn -0.9918 -0.0420 -0.1204
vn -0.9424 -0.2118 -0.2590
vn -0.8921 -0.3411 -0.2963
vn -0.9945 -0.1034 -0.0185
vn -0.9107 0.3697 -0.1843
vn -0.9803 -0.0932 -0.1742
vn -0.4262 0.5892 -0.6864
vn -0.4717 0.4301 -0.7698
vn -0.6349 0.1134 -0.7643
vn -0.2278 0.5600 -0.7965
vn -0.0623 0.6676 -0.7419
vn -0.1224 0.6565 -0.7444
vn 0.0290 0.7544 -0.6558
vn 0.0281 0.7278 -0.6852
vn 0.1079 0.7839 -0.6115
vn 0.0947 0.7657 -0.6362
vn 0.2729 0.8594 -0.4324
vn 0.2790 0.9220 -0.2685
vn 0.2475 0.8616 -0.4433
vn 0.3279 0.9343 -0.1397
vn -0.5700 -0.8216 -0.0024
vn -0.1893 -0.9819 0.0065
vn -0.5888 -0.8083 0.0059
vn -0.6278 0.7777 -0.0324
vn -0.8850 0.4446 -0.1380
vn -0.9951 -0.0954 -0.0255
vn -0.9210 0.3887 -0.0271
vn -0.8393 -0.5429 -0.0276
vn -0.9734 -0.1761 -0.1465
vn -0.5787 0.8142 0.0466
vn -0.2170 0.9760 0.0187
vn -0.9986 -0.0536 -0.0001
vn -0.8834 -0.4686 0.0009
vn -0.2357 -0.9718 0.0123
vn -0.2151 -0.9713 0.1012
vn -0.2094 -0.9239 0.3202
vn -0.2144 -0.8485 0.4838
vn -0.9127 0.4086 -0.0050
vn -0.8838 0.4673 0.0246
vn -0.8283 0.5553 0.0742
vn -0.9997 0.0187 0.0176
vn -0.9810 0.1435 0.1303
vn -0.9306 0.3094 0.1957
vn -0.8676 -0.4973 0.0026
vn -0.8988 -0.4382 0.0131
vn -0.9351 -0.3361 0.1126
vn -0.9376 -0.0738 0.3399
vn -0.8282 0.3014 0.4724
vn -0.6265 -0.7776 0.0536
vn -0.6768 -0.6715 0.3017
vn -0.8727 -0.0971 0.4784
vn -0.3673 -0.7942 0.4840
vn -0.6592 0.3891 0.6434
vn -0.1531 0.4168 0.8960
vn -0.0910 -0.0332 0.9953
vn -0.3523 0.3301 0.8757
vn -0.2531 0.5808 0.7737
vn -0.3398 0.6175 0.7093
vn -0.2561 0.6442 0.7207
vn -0.0952 0.6888 0.7187
vn -0.0889 0.6935 0.7149
vn 0.0055 0.7623 0.6472
vn 0.1212 0.8057 0.5799
vn 0.0753 0.8033 0.5909
vn 0.0383 0.7371 0.6747
vn 0.3417 0.8859 0.3137
vn 0.4049 0.9119 0.0667
vn 0.2866 0.8983 0.3329
vn 0.1589 0.8708 0.4653
vn 0.1774 0.9114 0.3713
vn -0.1790 0.9766 0.1190
vn -0.1022 0.9448 0.3113
vn -0.0719 0.8410 0.5362
vn -0.0333 0.7672 0.6405
vn -0.4463 0.8663 0.2242
vn -0.7514 0.6386 0.1660
vn -0.5322 0.7294 0.4298
vn -0.7475 0.5355 0.3932
vn -0.6882 0.4959 0.5296
vn -0.1680 0.7979 0.5790
vn -0.2497 0.8454 0.4722
vn -0.2448 0.7475 0.6175
vn -0.3398 0.6796 0.6501
vn -0.1166 0.7419 0.6603
vn -0.1154 0.7103 0.6944
vn -0.0194 0.7109 0.7031
vn 0.0278 0.7226 0.6907
vn 0.0303 0.9995 -0.0130
vn 0.0203 0.8171 -0.5761
vn 0.0500 0.9187 -0.3918
vn 0.0723 0.9778 -0.1966
vn -0.0003 0.9751 -0.2216
vn 0.0576 0.9968 -0.0556
vn 0.1189 0.9914 -0.0544
vn 0.0764 0.8593 -0.5057
vn 0.1192 0.9467 -0.2992
vn 0.1637 0.9757 -0.1456
vn 0.1683 0.9847 -0.0454
vn 0.2279 0.9733 -0.0269
vn 0.2179 0.8974 -0.3837
vn 0.1865 0.9640 -0.1894
vn 0.2608 0.9633 -0.0628
vn 0.3423 0.9386 -0.0444
vn 0.0786 0.9969 -0.0056
vn 0.0073 0.9999 0.0121
vn 0.0557 0.9984 0.0118
vn 0.1320 0.9912 0.0141
vn 0.1808 0.9835 0.0100
vn 0.2191 0.9729 0.0744
vn 0.3443 0.9386 0.0234
vn 0.3900 0.9207 0.0132
vn 0.2714 0.9617 0.0385
vn 0.0893 0.9922 0.0871
vn 0.0701 0.9612 0.2668
vn 0.1452 0.9577 0.2486
vn 0.0850 0.8843 0.4591
vn 0.2793 0.9477 0.1544
vn 0.2305 0.9144 0.3328
vn 0.0339 0.7036 -0.7098
vn 0.1700 0.6937 -0.6999
vn 0.1706 0.6957 -0.6977
vn 0.0588 0.7035 -0.7083
vn 0.1708 0.6959 -0.6975
vn 0.1785 0.6911 -0.7004
vn 0.0540 0.7079 -0.7042
vn 0.5759 0.5753 -0.5809
vn 0.2284 0.6908 -0.6861
vn 0.7365 0.4756 -0.4811
vn 0.9301 0.2573 -0.2622
vn 0.9792 0.1422 -0.1450
vn 0.5765 0.5752 -0.5804
vn 0.1590 0.6955 -0.7007
vn 0.2298 0.6800 -0.6963
vn 0.7370 0.4755 -0.4804
vn 0.9301 0.2581 -0.2612
vn 0.9974 0.0261 -0.0676
vn 0.5774 0.5751 -0.5795
vn 0.2287 0.6844 -0.6923
vn 0.7381 0.4763 -0.4779
vn 0.9791 0.1425 -0.1451
vn 0.5800 0.5756 -0.5764
vn 0.9310 0.2615 -0.2547
vn 0.2284 0.6847 -0.6921
vn 0.5880 0.5756 -0.5684
vn 0.0294 0.7101 -0.7035
vn 0.2748 0.7589 -0.5904
vn 0.1175 0.7232 -0.6806
vn 0.4162 0.7036 -0.5760
vn 0.1639 0.7237 -0.6704
vn 0.7859 0.5499 -0.2829
vn 0.4962 0.7190 -0.4868
vn 0.6190 0.6333 -0.4645
vn 0.8925 0.4232 -0.1561
vn 0.8433 0.4841 -0.2334
vn 0.9381 0.3439 -0.0414
vn 0.9972 0.0520 -0.0540
vn 0.7415 0.4787 -0.4701
vn 0.9774 0.1526 -0.1463
vn 0.9327 0.2685 -0.2407
vn 0.9961 0.0754 -0.0448
vn 0.2512 0.6892 -0.6796
vn 0.7513 0.4807 -0.4522
vn 0.9767 0.1726 -0.1278
vn 0.9375 0.2768 -0.2108
vn 0.9934 0.1088 -0.0358
vn 0.6071 0.5775 -0.5458
vn 0.1753 0.7057 -0.6865
vn 0.2514 0.7098 -0.6580
vn 0.7711 0.4958 -0.3995
vn 0.9793 0.1845 -0.0833
vn 0.6243 0.6565 -0.4233
vn 0.9374 0.3089 -0.1606
vn 0.7690 0.5954 -0.2326
vn 0.9696 0.2402 -0.0465
vn 0.8872 0.4352 -0.1532
vn 0.9488 0.3111 -0.0545
vn 0.9306 0.3661 -0.0073
vn 0.9490 0.3153 -0.0068
vn 0.9875 0.1568 0.0140
vn 0.9965 0.0757 0.0352
vn 0.9928 0.1162 0.0298
vn 0.9663 0.2575 -0.0067
vn 0.9785 0.2061 0.0045
vn 0.9590 0.2817 0.0310
vn 0.9282 0.3721 0.0042
vn 0.1240 0.7295 0.6726
vn 0.0406 0.7197 0.6931
vn 0.0844 0.7129 0.6962
vn 0.2080 0.7373 0.6427
vn 0.3532 0.7229 0.5939
vn 0.3168 0.6936 0.6469
vn 0.3944 0.7488 0.5327
vn 0.9663 0.2395 0.0944
vn 0.9736 0.1790 0.1416
vn 0.9314 0.3406 0.1288
vn 0.9300 0.2954 0.2188
vn 0.6853 0.5758 0.4458
vn 0.8199 0.4674 0.3306
vn 0.7974 0.4715 0.3766
vn 0.8633 0.4818 0.1501
vn 0.9270 0.3715 0.0524
vn 0.7326 0.5906 0.3383
vn 0.6027 0.6915 0.3983
vn 0.0090 0.7107 0.7034
vn 0.0816 0.7098 0.6996
vn 0.0769 0.7091 0.7009
vn 0.0810 0.7089 0.7006
vn 0.2929 0.6795 0.6727
vn 0.2931 0.6808 0.6712
vn 0.2939 0.6814 0.6703
vn 0.2960 0.6822 0.6685
vn 0.3010 0.6852 0.6632
vn 0.6300 0.5568 0.5413
vn 0.7748 0.4471 0.4470
vn 0.9221 0.2795 0.2675
vn 0.6325 0.5519 0.5435
vn 0.7630 0.4583 0.4559
vn 0.6327 0.5583 0.5367
vn 0.7752 0.4472 0.4461
vn 0.6350 0.5541 0.5383
vn 0.7706 0.4614 0.4396
vn 0.6421 0.5615 0.5220
vn 0.7847 0.4505 0.4258
vn 0.6543 0.5615 0.5065
vn 0.0710 0.7328 -0.6767
vn 0.3015 0.7655 -0.5683
vn 0.0840 0.7423 -0.6647
vn 0.1074 0.7340 -0.6706
vn 0.2199 0.7715 -0.5971
vn 0.3578 0.7902 -0.4976
vn 0.1736 0.7744 -0.6084
vn 0.7358 0.6464 -0.2018
vn 0.4138 0.7710 -0.4840
vn 0.5231 0.7825 -0.3377
vn 0.3508 0.7862 -0.5088
vn 0.2220 0.7515 -0.6213
vn 0.0949 0.7220 -0.6854
vn 0.3580 0.7277 -0.5850
vn 0.1417 0.7389 -0.6587
vn 0.7965 0.5556 -0.2385
vn 0.4170 0.7446 -0.5212
vn 0.5470 0.7006 -0.4583
vn 0.7922 0.5838 -0.1776
vn 0.4704 0.7562 -0.4549
vn 0.6245 0.7268 -0.2857
vn 0.8413 0.5360 -0.0694
vn 0.5098 0.7081 -0.4886
vn 0.6678 0.6690 -0.3264
vn 0.8999 0.4245 -0.1000
vn 0.9257 0.3769 -0.0325
vn 0.8939 0.4438 -0.0629
vn 0.8832 0.4675 -0.0369
vn 0.1588 0.7974 -0.5822
vn 0.5161 0.8455 -0.1368
vn 0.3340 0.8408 -0.4260
vn 0.4244 0.8887 -0.1734
vn 0.5499 0.8343 -0.0378
vn 0.1419 0.7738 -0.6173
vn 0.0722 0.7209 -0.6893
vn 0.2910 0.8357 -0.4657
vn 0.5525 0.8137 -0.1808
vn 0.3030 0.8224 -0.4816
vn 0.4298 0.8590 -0.2781
vn 0.6240 0.7778 -0.0747
vn 0.3070 0.8093 -0.5008
vn 0.4438 0.8376 -0.3186
vn 0.6793 0.7264 -0.1039
vn 0.6041 0.7706 -0.2031
vn 0.6792 0.7330 -0.0363
vn 0.6534 0.7246 -0.2191
vn 0.5044 0.7922 -0.3436
vn 0.7394 0.6645 -0.1084
vn 0.7393 0.6724 -0.0361
vn 0.7511 0.6515 -0.1072
vn 0.8000 0.5993 -0.0310
vn 0.7806 0.6248 -0.0151
vn 0.8224 0.5673 -0.0425
vn 0.4607 0.8849 -0.0681
vn 0.4169 0.9085 -0.0287
vn 0.5718 0.8203 -0.0074
vn 0.6082 0.7936 -0.0148
vn 0.6429 0.7659 0.0065
vn 0.5965 0.8025 0.0149
vn 0.7801 0.6223 0.0646
vn 0.4850 0.8742 0.0230
vn 0.5300 0.8479 -0.0072
vn 0.5357 0.8442 0.0160
vn 0.7137 0.7003 0.0136
vn 0.7182 0.6957 -0.0119
vn 0.7734 0.6338 0.0138
vn 0.8377 0.5461 0.0106
vn 0.8463 0.5307 0.0456
vn 0.8986 0.4376 0.0316
vn 0.8890 0.4580 0.0042
vn 0.4283 0.8940 0.1319
vn 0.5033 0.8593 0.0913
vn 0.3376 0.8706 0.3577
vn 0.4514 0.8468 0.2814
vn 0.2043 0.8793 0.4302
vn 0.2426 0.9430 0.2278
vn 0.2007 0.8036 0.5603
vn 0.5635 0.8199 0.1014
vn 0.6567 0.7523 0.0533
vn 0.4710 0.8344 0.2861
vn 0.5965 0.7904 0.1394
vn 0.7206 0.6905 0.0637
vn 0.0407 0.7237 0.6889
vn 0.0823 0.7532 0.6527
vn 0.1115 0.7238 0.6809
vn 0.1998 0.7927 0.5760
vn 0.3117 0.8251 0.4712
vn 0.2196 0.7870 0.5765
vn 0.1148 0.7482 0.6535
vn 0.3151 0.7992 0.5119
vn 0.5028 0.8070 0.3098
vn 0.1052 0.7272 0.6783
vn 0.1846 0.7532 0.6314
vn 0.2712 0.7719 0.5749
vn 0.3921 0.7910 0.4697
vn 0.6706 0.7302 0.1303
vn 0.5592 0.7550 0.3423
vn 0.5683 0.7635 0.3069
vn 0.2863 0.7392 0.6096
vn 0.3410 0.7660 0.5449
vn 0.7350 0.6682 0.1153
vn 0.8104 0.5670 0.1474
vn 0.5080 0.7197 0.4733
vn 0.6396 0.7094 0.2961
vn 0.5456 0.7326 0.4069
vn 0.5415 0.6799 0.4945
vn 0.7035 0.6188 0.3495
vn 0.6589 0.6578 0.3649
vn -0.8996 -0.0169 -0.4365
vn -0.3156 -0.8885 -0.3330
vn 0.0003 -0.0159 0.9999
vn -0.8978 0.0349 -0.4390
vn -0.7428 -0.6686 0.0352
vn 0.8605 -0.4115 -0.3004
vn 0.3546 -0.8065 0.4731
vn 0.9524 0.2923 -0.0867
vn 0.1173 -0.1671 0.9789
vn 0.0254 -0.0125 0.9996
vn -0.0294 0.1011 -0.9944
vn -0.3197 0.1047 0.9417
vn 0.3284 -0.0080 0.9445
vn -0.3476 -0.0964 0.9327
vn 0.0240 0.0537 0.9983
vn 0.0726 -0.1449 0.9868
vt 0.459222 0.013543
vt 0.454828 0.037755
vt 0.453234 0.008380
vt 0.460426 0.006664
vt 0.454131 0.002629
vt 0.460487 0.001869
vt 0.466678 0.039656
vt 0.531474 0.013313
vt 0.528554 0.001869
vt 0.529397 0.006633
vt 0.538919 0.013357
vt 0.540151 0.022190
vt 0.538328 0.006841
vt 0.535730 0.002826
vt 0.552332 0.028453
vt 0.554641 0.036747
vt 0.545652 0.013974
vt 0.543180 0.009135
vt 0.451794 0.446448
vt 0.447911 0.450060
vt 0.446761 0.446304
vt 0.451374 0.437983
vt 0.446169 0.437532
vt 0.459800 0.446471
vt 0.452036 0.450723
vt 0.458136 0.439541
vt 0.521776 0.446536
vt 0.499668 0.450970
vt 0.817849 0.373014
vt 0.816059 0.379062
vt 0.808766 0.373299
vt 0.811211 0.368378
vt 0.806267 0.368427
vt 0.814887 0.365142
vt 0.807639 0.360260
vt 0.732704 0.957492
vt 0.736900 0.961112
vt 0.732717 0.961791
vt 0.726099 0.957534
vt 0.723519 0.962005
vt 0.711958 0.957757
vt 0.685431 0.962060
vt 0.801234 0.370399
vt 0.803521 0.377256
vt 0.808001 0.379432
vt 0.811601 0.382683
vt 0.732735 0.951098
vt 0.737907 0.957336
vt 0.726052 0.951106
vt 0.718995 0.951588
vt 0.844465 0.452975
vt 0.849822 0.448596
vt 0.851955 0.453342
vt 0.844174 0.448496
vt 0.849362 0.440105
vt 0.685881 0.957790
vt 0.704388 0.952871
vt 0.837340 0.452842
vt 0.837988 0.448384
vt 0.844252 0.440074
vt 0.420562 0.403941
vt 0.428937 0.409186
vt 0.421308 0.411251
vt 0.798123 0.386113
vt 0.733080 0.940210
vt 0.738120 0.951416
vt 0.726272 0.943830
vt 0.719817 0.946287
vt 0.724221 0.941240
vt 0.714892 0.947711
vt 0.711727 0.951514
vt 0.860467 0.448352
vt 0.860353 0.453033
vt 0.855242 0.452303
vt 0.831482 0.457080
vt 0.834589 0.461807
vt 0.831482 0.463089
vt 0.854744 0.441308
vt 0.729208 0.937628
vt 0.277821 0.827604
vt 0.276297 0.832440
vt 0.273192 0.827604
vt 0.867118 0.447997
vt 0.864831 0.450855
vt 0.860061 0.440181
vt 0.734461 0.929879
vt 0.738611 0.933054
vt 0.731057 0.933238
vt 0.487096 0.856711
vt 0.491927 0.854709
vt 0.489888 0.859138
vt 0.487764 0.852939
vt 0.483020 0.856299
vt 0.483535 0.850607
vt 0.493057 0.846484
vt 0.867715 0.440132
vt 0.871176 0.448426
vt 0.736403 0.921986
vt 0.497403 0.860222
vt 0.498016 0.856043
vt 0.737148 0.914522
vt 0.739616 0.908269
vt 0.504672 0.860977
vt 0.498841 0.848444
vt 0.504928 0.856939
vt 0.445914 0.340326
vt 0.451283 0.349013
vt 0.457530 0.371858
vt 0.761876 0.269300
vt 0.846071 0.356377
vt 0.839322 0.363905
vt 0.853922 0.241962
vt 0.488498 0.845529
vt 0.492775 0.715384
vt 0.778491 0.283346
vt 0.758056 0.249553
vt 0.433326 0.299793
vt 0.428150 0.195630
vt 0.422781 0.196189
vt 0.863095 0.254885
vt 0.864310 0.440273
vt 0.859172 0.229084
vt 0.412206 0.186718
vt 0.870917 0.274195
vt 0.871105 0.440255
vt 0.505682 0.850207
vt 0.498718 0.704050
vt 0.451699 0.209238
vt 0.458061 0.231387
vt 0.720182 0.176855
vt 0.732759 0.180839
vt 0.727680 0.182377
vt 0.849278 0.172612
vt 0.841996 0.176515
vt 0.867608 0.243738
vt 0.369841 0.208183
vt 0.445700 0.218388
vt 0.445536 0.205593
vt 0.451268 0.176623
vt 0.720237 0.169993
vt 0.727568 0.170266
vt 0.427453 0.190868
vt 0.432038 0.197308
vt 0.419488 0.178617
vt 0.860733 0.169393
vt 0.864720 0.173817
vt 0.856254 0.170501
vt 0.869405 0.175305
vt 0.873082 0.175401
vt 0.488630 0.598967
vt 0.492910 0.611122
vt 0.484856 0.694467
vt 0.485122 0.605687
vt 0.498761 0.611834
vt 0.386315 0.179118
vt 0.505945 0.607770
vt 0.451623 0.043467
vt 0.458599 0.044506
vt 0.678862 0.076556
vt 0.445536 0.677364
vt 0.452574 0.763694
vt 0.445536 0.764151
vt 0.863583 0.017573
vt 0.499232 0.549326
vt 0.464852 0.431473
vt 0.851596 0.030592
vt 0.858403 0.017317
vt 0.843458 0.096785
vt 0.416468 0.023460
vt 0.427025 0.103144
vt 0.867997 0.017308
vt 0.488520 0.465042
vt 0.872184 0.017396
vt 0.493070 0.466243
vt 0.449278 0.029731
vt 0.666909 0.021023
vt 0.666368 0.031669
vt 0.656825 0.010474
vt 0.448775 0.013127
vt 0.660310 0.007069
vt 0.653047 0.003107
vt 0.657541 0.001869
vt 0.449318 0.006420
vt 0.748976 0.952205
vt 0.747537 0.946437
vt 0.752127 0.948223
vt 0.754316 0.951987
vt 0.759161 0.947760
vt 0.768148 0.948213
vt 0.760708 0.952373
vt 0.788112 0.950399
vt 0.659710 0.034371
vt 0.649847 0.011631
vt 0.438564 0.007020
vt 0.433188 0.015206
vt 0.432937 0.007735
vt 0.437545 0.002364
vt 0.432615 0.001869
vt 0.752557 0.941236
vt 0.746970 0.941432
vt 0.759462 0.941404
vt 0.766607 0.942241
vt 0.778912 0.944580
vt 0.789937 0.945823
vt 0.426418 0.017166
vt 0.433907 0.087174
vt 0.425978 0.008103
vt 0.425771 0.001878
vt 0.752719 0.934460
vt 0.746820 0.934980
vt 0.759431 0.935140
vt 0.380894 0.794424
vt 0.372154 0.789828
vt 0.378927 0.787775
vt 0.858930 0.008506
vt 0.859464 0.003180
vt 0.864829 0.008408
vt 0.380773 0.801061
vt 0.374028 0.795346
vt 0.852137 0.003628
vt 0.852158 0.009194
vt 0.381578 0.807042
vt 0.376439 0.805275
vt 0.844488 0.029678
vt 0.844788 0.003765
vt 0.844829 0.008960
vt 0.383137 0.812609
vt 0.415753 0.015500
vt 0.412929 0.008939
vt 0.416607 0.002563
vt 0.752627 0.928069
vt 0.746861 0.926715
vt 0.253814 0.793285
vt 0.260063 0.786477
vt 0.259524 0.793845
vt 0.872898 0.008504
vt 0.384899 0.791596
vt 0.385286 0.798818
vt 0.385776 0.786477
vt 0.215121 0.441073
vt 0.215121 0.432579
vt 0.218378 0.438478
vt 0.879775 0.008746
vt 0.254768 0.798578
vt 0.248239 0.795107
vt 0.258471 0.801442
vt 0.492967 0.458583
vt 0.487554 0.457318
vt 0.259489 0.808822
vt 0.253030 0.803768
vt 0.750515 0.915133
vt 0.746441 0.912364
vt 0.392502 0.022953
vt 0.391841 0.015569
vt 0.499322 0.459543
vt 0.260055 0.815979
vt 0.254588 0.809540
vt 0.370684 0.009537
vt 0.506141 0.467163
vt 0.499374 0.466781
vt 0.255590 0.823200
vt 0.255435 0.816131
vt 0.523546 0.440064
vt 0.530759 0.432365
vt 0.538006 0.425329
vt 0.530776 0.450499
vt 0.531445 0.446263
vt 0.531775 0.439980
vt 0.535089 0.449705
vt 0.537732 0.445851
vt 0.538698 0.439662
vt 0.539121 0.432748
vt 0.542366 0.443366
vt 0.545079 0.438736
vt 0.546065 0.432338
vt 0.546188 0.424973
vt 0.552042 0.410911
vt 0.663329 0.961881
vt 0.654465 0.957266
vt 0.654635 0.961507
vt 0.650464 0.960824
vt 0.227840 0.775957
vt 0.223416 0.782145
vt 0.222394 0.777562
vt 0.223572 0.773248
vt 0.228043 0.767912
vt 0.222525 0.767938
vt 0.831910 0.448181
vt 0.829827 0.452927
vt 0.832932 0.439987
vt 0.838352 0.439995
vt 0.671433 0.957392
vt 0.682339 0.951814
vt 0.660714 0.957389
vt 0.667177 0.948897
vt 0.660660 0.950975
vt 0.649912 0.957106
vt 0.654840 0.947871
vt 0.235620 0.778151
vt 0.227227 0.782660
vt 0.235396 0.773063
vt 0.828156 0.440654
vt 0.686773 0.948301
vt 0.689753 0.951747
vt 0.376562 0.831068
vt 0.373559 0.835572
vt 0.372154 0.831068
vt 0.823288 0.439232
vt 0.823024 0.447982
vt 0.681976 0.947093
vt 0.963842 0.434165
vt 0.971240 0.437772
vt 0.965241 0.439461
vt 0.963769 0.425243
vt 0.969690 0.433215
vt 0.667733 0.943920
vt 0.660660 0.943788
vt 0.958574 0.426100
vt 0.672353 0.939592
vt 0.675104 0.944543
vt 0.953716 0.434833
vt 0.959498 0.438585
vt 0.954309 0.440191
vt 0.953445 0.428309
vt 0.952977 0.418943
vt 0.667333 0.936680
vt 0.660330 0.931852
vt 0.945133 0.439065
vt 0.945978 0.435288
vt 0.947962 0.426470
vt 0.664352 0.927679
vt 0.649875 0.947313
vt 0.654154 0.922931
vt 0.942456 0.425836
vt 0.937867 0.434628
vt 0.938138 0.439793
vt 0.937815 0.426267
vt 0.936786 0.386349
vt 0.660287 0.921938
vt 0.927463 0.405722
vt 0.924066 0.411992
vt 0.922417 0.407067
vt 0.932496 0.434185
vt 0.932785 0.424946
vt 0.659133 0.914310
vt 0.290057 0.780870
vt 0.236962 0.782738
vt 0.828220 0.377586
vt 0.967025 0.362495
vt 0.968668 0.424589
vt 0.955690 0.335620
vt 0.961582 0.350787
vt 0.949849 0.316151
vt 0.946350 0.381965
vt 0.944112 0.315759
vt 0.940295 0.345015
vt 0.934909 0.314721
vt 0.908002 0.785655
vt 0.916734 0.856243
vt 0.912238 0.893680
vt 0.832837 0.364249
vt 0.946237 0.171428
vt 0.940431 0.172156
vt 0.935467 0.172970
vt 0.902421 0.656573
vt 0.914421 0.787826
vt 0.830014 0.103615
vt 0.836413 0.098915
vt 0.823899 0.375315
vt 0.825005 0.177993
vt 0.955938 0.173073
vt 0.960883 0.170916
vt 0.950994 0.173716
vt 0.908035 0.634922
vt 0.914428 0.652263
vt 0.825542 0.097309
vt 0.954194 0.095330
vt 0.958518 0.092571
vt 0.943192 0.091619
vt 0.935874 0.013561
vt 0.931201 0.014587
vt 0.837563 0.017304
vt 0.831283 0.016403
vt 0.948653 0.092031
vt 0.940662 0.014408
vt 0.902845 0.500829
vt 0.909328 0.500840
vt 0.895989 0.501350
vt 0.827882 0.957959
vt 0.821037 0.952206
vt 0.830938 0.953701
vt 0.653899 0.721807
vt 0.661624 0.720161
vt 0.658200 0.723545
vt 0.834820 0.958432
vt 0.836083 0.954733
vt 0.663382 0.724136
vt 0.670052 0.722012
vt 0.668123 0.725908
vt 0.810530 0.945694
vt 0.823744 0.946011
vt 0.831502 0.947499
vt 0.654328 0.718413
vt 0.661919 0.713773
vt 0.649847 0.711082
vt 0.655436 0.710611
vt 0.676462 0.717373
vt 0.837649 0.008399
vt 0.379261 0.813667
vt 0.385412 0.817573
vt 0.831030 0.008032
vt 0.837504 0.003395
vt 0.795114 0.943068
vt 0.802372 0.942286
vt 0.826248 0.016431
vt 0.825252 0.007606
vt 0.830361 0.002724
vt 0.809937 0.940473
vt 0.817634 0.939876
vt 0.824951 0.939986
vt 0.831632 0.939954
vt 0.651297 0.703231
vt 0.668815 0.706442
vt 0.662727 0.705456
vt 0.956258 0.014002
vt 0.951418 0.013795
vt 0.956157 0.005737
vt 0.946084 0.014694
vt 0.945774 0.006730
vt 0.951461 0.002393
vt 0.812710 0.936883
vt 0.817972 0.934403
vt 0.824998 0.933573
vt 0.659460 0.695815
vt 0.938820 0.006257
vt 0.919442 0.489035
vt 0.922859 0.494906
vt 0.916996 0.493070
vt 0.914524 0.490571
vt 0.820313 0.929908
vt 0.825014 0.927252
vt 0.831839 0.927591
vt 0.909925 0.492750
vt 0.909450 0.486445
vt 0.902530 0.492779
vt 0.898653 0.486795
vt 0.828126 0.911428
vt 0.833272 0.909656
vt 0.895305 0.493136
vt 0.670773 0.649071
vt 0.680568 0.630797
vt 0.452574 0.812191
vt 0.447594 0.789049
vt 0.452574 0.767889
vt 0.763822 0.409441
vt 0.765711 0.402726
vt 0.512112 0.857366
vt 0.519112 0.857333
vt 0.517393 0.861698
vt 0.519110 0.849296
vt 0.512586 0.850035
vt 0.742553 0.893684
vt 0.738228 0.885395
vt 0.736633 0.901733
vt 0.525652 0.856957
vt 0.525046 0.848206
vt 0.529636 0.848462
vt 0.730216 0.888954
vt 0.733318 0.884794
vt 0.734117 0.892136
vt 0.534649 0.854633
vt 0.530999 0.859599
vt 0.534026 0.846995
vt 0.285355 0.806606
vt 0.281378 0.810409
vt 0.281378 0.802181
vt 0.066453 0.902934
vt 0.058996 0.894711
vt 0.063069 0.894988
vt 0.738370 0.877126
vt 0.727622 0.883929
vt 0.732976 0.877596
vt 0.722856 0.881362
vt 0.726573 0.877325
vt 0.067409 0.894197
vt 0.072252 0.907245
vt 0.072718 0.902800
vt 0.072960 0.894090
vt 0.079624 0.902715
vt 0.079390 0.894597
vt 0.083278 0.907055
vt 0.086901 0.902656
vt 0.086721 0.895128
vt 0.732940 0.870078
vt 0.719596 0.876788
vt 0.726298 0.870220
vt 0.712027 0.874542
vt 0.715684 0.869665
vt 0.701109 0.873324
vt 0.725221 0.862252
vt 0.693100 0.868791
vt 0.518938 0.706128
vt 0.533374 0.710583
vt 0.528640 0.700285
vt 0.058798 0.743946
vt 0.063122 0.747538
vt 0.071788 0.752470
vt 0.505503 0.693196
vt 0.512899 0.691212
vt 0.524240 0.690899
vt 0.085446 0.758018
vt 0.078311 0.754386
vt 0.519764 0.688088
vt 0.523981 0.598082
vt 0.067151 0.752067
vt 0.067219 0.615173
vt 0.083961 0.595737
vt 0.290103 0.229077
vt 0.518848 0.602500
vt 0.532860 0.593161
vt 0.529083 0.596561
vt 0.376667 0.127888
vt 0.392273 0.087318
vt 0.512610 0.467441
vt 0.518155 0.467485
vt 0.062303 0.615822
vt 0.067812 0.520838
vt 0.072134 0.544625
vt 0.076812 0.530127
vt 0.366984 0.024425
vt 0.527867 0.465399
vt 0.523122 0.466200
vt 0.532423 0.515123
vt 0.058351 0.527843
vt 0.058516 0.614112
vt 0.062707 0.527869
vt 0.062548 0.470808
vt 0.083267 0.541482
vt 0.400826 0.003789
vt 0.372293 0.003897
vt 0.506291 0.460083
vt 0.260017 0.828508
vt 0.255003 0.829939
vt 0.367734 0.016377
vt 0.513081 0.460125
vt 0.253401 0.835979
vt 0.750354 0.897006
vt 0.747506 0.885985
vt 0.752789 0.888136
vt 0.255365 0.841146
vt 0.258934 0.838038
vt 0.753581 0.880488
vt 0.519346 0.459809
vt 0.249353 0.844419
vt 0.756737 0.885926
vt 0.759358 0.880780
vt 0.271997 0.793553
vt 0.263801 0.801193
vt 0.264740 0.792335
vt 0.268318 0.788482
vt 0.263801 0.786477
vt 0.358835 0.003220
vt 0.748143 0.873253
vt 0.754092 0.873329
vt 0.760685 0.873674
vt 0.058302 0.470311
vt 0.061255 0.462411
vt 0.343689 0.823393
vt 0.343689 0.817025
vt 0.348972 0.821137
vt 0.067465 0.470067
vt 0.067335 0.462685
vt 0.066815 0.457428
vt 0.059813 0.456553
vt 0.072344 0.468541
vt 0.076404 0.462483
vt 0.071620 0.458365
vt 0.754377 0.865613
vt 0.761278 0.866575
vt 0.767328 0.874506
vt 0.768327 0.867221
vt 0.774121 0.873172
vt 0.775374 0.867716
vt 0.077141 0.470542
vt 0.778716 0.872932
vt 0.782227 0.869373
vt 0.082386 0.470510
vt 0.082402 0.462329
vt 0.082404 0.456575
vt 0.074798 0.456469
vt 0.761520 0.859779
vt 0.768001 0.859891
vt 0.781982 0.861269
vt 0.789717 0.869322
vt 0.796518 0.862579
vt 0.782218 0.854356
vt 0.798030 0.855543
vt 0.762581 0.825632
vt 0.769839 0.833472
vt 0.792032 0.844851
vt 0.916654 0.408107
vt 0.917474 0.413218
vt 0.915848 0.399467
vt 0.659234 0.907141
vt 0.649847 0.893694
vt 0.654436 0.899598
vt 0.910823 0.408582
vt 0.910111 0.414299
vt 0.910648 0.400554
vt 0.905880 0.401237
vt 0.900466 0.408677
vt 0.905862 0.412673
vt 0.900871 0.413639
vt 0.899401 0.400114
vt 0.660361 0.892243
vt 0.664348 0.896700
vt 0.660562 0.899690
vt 0.890377 0.401579
vt 0.885556 0.393263
vt 0.889991 0.392380
vt 0.894616 0.408720
vt 0.888918 0.412360
vt 0.886248 0.408595
vt 0.893615 0.414435
vt 0.895030 0.400143
vt 0.662843 0.880047
vt 0.665582 0.891816
vt 0.094300 0.907040
vt 0.094227 0.902693
vt 0.093251 0.894577
vt 0.101572 0.907259
vt 0.101518 0.902934
vt 0.099679 0.893583
vt 0.324117 0.786476
vt 0.330084 0.793361
vt 0.326281 0.795551
vt 0.331104 0.797032
vt 0.324117 0.800607
vt 0.883513 0.413533
vt 0.673490 0.882274
vt 0.668065 0.885011
vt 0.654566 0.884560
vt 0.661116 0.873794
vt 0.690157 0.873985
vt 0.682895 0.875319
vt 0.675369 0.870137
vt 0.675717 0.877409
vt 0.371348 0.778442
vt 0.669054 0.862106
vt 0.660828 0.826637
vt 0.892762 0.250050
vt 0.898117 0.268756
vt 0.901670 0.784372
vt 0.906352 0.894409
vt 0.903009 0.231980
vt 0.908221 0.253297
vt 0.914135 0.290513
vt 0.105801 0.698081
vt 0.104173 0.888300
vt 0.101735 0.723281
vt 0.887577 0.219039
vt 0.097176 0.730075
vt 0.091663 0.724418
vt 0.896758 0.670843
vt 0.906277 0.133713
vt 0.912301 0.178128
vt 0.896034 0.136596
vt 0.098783 0.548688
vt 0.089783 0.552051
vt 0.890271 0.096810
vt 0.885511 0.089119
vt 0.094342 0.555129
vt 0.889689 0.501950
vt 0.899346 0.011608
vt 0.904522 0.011691
vt 0.894221 0.011290
vt 0.092649 0.469590
vt 0.884243 0.009171
vt 0.888651 0.493786
vt 0.887653 0.487679
vt 0.827412 0.901127
vt 0.884731 0.503304
vt 0.882656 0.495292
vt 0.821591 0.897902
vt 0.821352 0.891337
vt 0.825854 0.893912
vt 0.880251 0.488338
vt 0.833092 0.892563
vt 0.660783 0.671009
vt 0.664171 0.653045
vt 0.903017 0.004300
vt 0.892184 0.003623
vt 0.297501 0.805511
vt 0.292682 0.803948
vt 0.294795 0.799408
vt 0.292332 0.790234
vt 0.297501 0.795670
vt 0.290717 0.795207
vt 0.826203 0.886119
vt 0.819393 0.885792
vt 0.102478 0.470364
vt 0.097676 0.469944
vt 0.095764 0.462212
vt 0.102841 0.462103
vt 0.883513 0.001869
vt 0.097834 0.457338
vt 0.104899 0.456188
vt 0.286634 0.825060
vt 0.286634 0.831472
vt 0.282243 0.826419
vt 0.819243 0.878516
vt 0.814468 0.883430
vt 0.811809 0.878275
vt 0.826446 0.878905
vt 0.833352 0.878706
vt 0.666879 0.638618
vt 0.087623 0.470650
vt 0.087984 0.462316
vt 0.089983 0.456354
vt 0.804692 0.876051
vt 0.794173 0.875505
vt 0.797208 0.870644
vt 0.804759 0.870207
vt 0.812099 0.870913
vt 0.819442 0.871374
vt 0.826791 0.871216
vt 0.805049 0.863323
vt 0.812361 0.863876
vt 0.818803 0.862722
vt 0.826314 0.832768
vt 0.687989 0.577062
vt 0.552955 0.021402
vt 0.546252 0.020709
vt 0.550471 0.016531
vt 0.560253 0.028844
vt 0.557758 0.023982
vt 0.566803 0.050631
vt 0.563228 0.044217
vt 0.567856 0.042397
vt 0.567348 0.036175
vt 0.560886 0.035458
vt 0.565013 0.031448
vt 0.571241 0.038212
vt 0.549748 0.436052
vt 0.552461 0.431388
vt 0.553439 0.424978
vt 0.553858 0.418019
vt 0.557136 0.428706
vt 0.559845 0.424038
vt 0.560814 0.417619
vt 0.561227 0.410654
vt 0.564524 0.421360
vt 0.567228 0.416687
vt 0.568188 0.410260
vt 0.571912 0.414014
vt 0.574610 0.409338
vt 0.223713 0.763428
vt 0.228203 0.758104
vt 0.222651 0.758087
vt 0.223852 0.753576
vt 0.227708 0.748845
vt 0.222778 0.748234
vt 0.223994 0.743724
vt 0.228514 0.739716
vt 0.222919 0.738380
vt 0.224162 0.733872
vt 0.228688 0.729913
vt 0.223120 0.728526
vt 0.224395 0.724028
vt 0.235724 0.753512
vt 0.234889 0.734545
vt 0.228757 0.720762
vt 0.235620 0.710999
vt 0.243642 0.704241
vt 0.253163 0.677946
vt 0.560763 0.402490
vt 0.568595 0.403291
vt 0.568116 0.395669
vt 0.575544 0.402908
vt 0.575843 0.393969
vt 0.579284 0.406674
vt 0.584090 0.400762
vt 0.582519 0.395632
vt 0.583033 0.386882
vt 0.587717 0.394908
vt 0.588823 0.388473
vt 0.589918 0.380087
vt 0.224021 0.716619
vt 0.223687 0.709776
vt 0.228429 0.714131
vt 0.222394 0.703554
vt 0.228490 0.707182
vt 0.593247 0.388305
vt 0.225283 0.701345
vt 0.230237 0.697120
vt 0.594584 0.368689
vt 0.594711 0.377785
vt 0.223946 0.696636
vt 0.231255 0.686623
vt 0.604598 0.373545
vt 0.594023 0.383388
vt 0.599520 0.365030
vt 0.605476 0.363916
vt 0.235303 0.699332
vt 0.236458 0.691236
vt 0.243863 0.682013
vt 0.583633 0.075159
vt 0.590487 0.201995
vt 0.597104 0.202170
vt 0.576456 0.068500
vt 0.606416 0.203822
vt 0.590681 0.076212
vt 0.597463 0.080842
vt 0.601911 0.203495
vt 0.603329 0.086468
vt 0.580913 0.063418
vt 0.593388 0.067385
vt 0.575564 0.050531
vt 0.590375 0.057744
vt 0.595285 0.060255
vt 0.602858 0.072743
vt 0.601857 0.067946
vt 0.597511 0.065285
vt 0.735448 0.735467
vt 0.744031 0.733046
vt 0.740080 0.737436
vt 0.608027 0.079514
vt 0.604739 0.081084
vt 0.608435 0.073190
vt 0.732657 0.730256
vt 0.736962 0.725309
vt 0.752718 0.727483
vt 0.754555 0.734333
vt 0.720560 0.711879
vt 0.771736 0.717192
vt 0.758540 0.723109
vt 0.673445 0.726529
vt 0.680099 0.724418
vt 0.678218 0.728297
vt 0.683541 0.728928
vt 0.690423 0.726922
vt 0.688319 0.730686
vt 0.570998 0.045259
vt 0.693624 0.731319
vt 0.699549 0.729395
vt 0.698201 0.733008
vt 0.575439 0.043119
vt 0.571915 0.041111
vt 0.704333 0.730706
vt 0.704730 0.734404
vt 0.702497 0.733447
vt 0.580523 0.045463
vt 0.587973 0.052791
vt 0.583001 0.050374
vt 0.695060 0.722272
vt 0.711384 0.725401
vt 0.709156 0.732888
vt 0.714936 0.731769
vt 0.722113 0.727827
vt 0.719633 0.733969
vt 0.725216 0.733553
vt 0.729873 0.735792
vt 0.723611 0.721186
vt 0.712661 0.718203
vt 0.606488 0.378666
vt 0.609692 0.372929
vt 0.610619 0.366492
vt 0.611014 0.358472
vt 0.230906 0.680071
vt 0.236158 0.684387
vt 0.229545 0.673929
vt 0.236739 0.676817
vt 0.615067 0.366288
vt 0.233227 0.671643
vt 0.238480 0.667072
vt 0.616063 0.360280
vt 0.616172 0.350173
vt 0.620411 0.349783
vt 0.231931 0.665855
vt 0.238435 0.660193
vt 0.624424 0.358359
vt 0.625095 0.351909
vt 0.243881 0.671828
vt 0.243778 0.664499
vt 0.241125 0.652098
vt 0.237131 0.654148
vt 0.244677 0.657140
vt 0.245111 0.649744
vt 0.251071 0.663081
vt 0.250958 0.654327
vt 0.257952 0.652716
vt 0.252400 0.646036
vt 0.258258 0.644223
vt 0.265152 0.643014
vt 0.612168 0.248426
vt 0.625721 0.343415
vt 0.629097 0.351764
vt 0.239763 0.645584
vt 0.243624 0.643558
vt 0.633735 0.344650
vt 0.630076 0.336190
vt 0.634185 0.336477
vt 0.635160 0.274450
vt 0.247919 0.641692
vt 0.242399 0.636057
vt 0.638546 0.328413
vt 0.252080 0.639510
vt 0.246463 0.635109
vt 0.253559 0.631617
vt 0.245549 0.626757
vt 0.249212 0.625728
vt 0.259108 0.636761
vt 0.259436 0.629466
vt 0.253094 0.623124
vt 0.260750 0.621946
vt 0.260752 0.613366
vt 0.266032 0.627464
vt 0.267362 0.619541
vt 0.269269 0.611891
vt 0.265143 0.605055
vt 0.265716 0.634169
vt 0.272235 0.633399
vt 0.273384 0.624131
vt 0.270036 0.603641
vt 0.276001 0.615258
vt 0.275537 0.609997
vt 0.274671 0.602839
vt 0.618012 0.101057
vt 0.623133 0.111556
vt 0.627412 0.110604
vt 0.642054 0.329146
vt 0.642639 0.267738
vt 0.639726 0.123432
vt 0.243514 0.570436
vt 0.245974 0.553102
vt 0.239460 0.446139
vt 0.251419 0.519674
vt 0.255850 0.608942
vt 0.258346 0.446304
vt 0.253264 0.447982
vt 0.631720 0.116181
vt 0.635663 0.117701
vt 0.232879 0.442807
vt 0.608082 0.095735
vt 0.613025 0.095276
vt 0.641493 0.115853
vt 0.646108 0.127138
vt 0.234346 0.433579
vt 0.227287 0.434904
vt 0.236073 0.438386
vt 0.243829 0.436976
vt 0.243304 0.433059
vt 0.240072 0.431941
vt 0.245171 0.444349
vt 0.248279 0.435675
vt 0.824385 0.718939
vt 0.817005 0.713737
vt 0.825854 0.714770
vt 0.253529 0.440148
vt 0.827842 0.708601
vt 0.830564 0.716020
vt 0.259285 0.437994
vt 0.615945 0.082249
vt 0.618363 0.094320
vt 0.617927 0.087560
vt 0.760922 0.729299
vt 0.766095 0.735818
vt 0.624594 0.100941
vt 0.622924 0.094433
vt 0.776472 0.732163
vt 0.770858 0.737177
vt 0.768864 0.731441
vt 0.629390 0.096665
vt 0.631735 0.102584
vt 0.774158 0.725145
vt 0.781569 0.727089
vt 0.786749 0.733191
vt 0.633077 0.107973
vt 0.790569 0.728781
vt 0.792314 0.734032
vt 0.639747 0.109984
vt 0.785380 0.721295
vt 0.794408 0.722756
vt 0.799407 0.728857
vt 0.810503 0.724507
vt 0.804380 0.730034
vt 0.802451 0.724293
vt 0.804494 0.718306
vt 0.819938 0.720661
vt 0.816292 0.725367
vt 0.814302 0.719545
vt 0.810177 0.711459
vt 0.342104 0.669212
vt 0.429472 0.724872
vt 0.313539 0.666487
vt 0.314945 0.652372
vt 0.307969 0.648310
vt 0.313239 0.642257
vt 0.307732 0.638186
vt 0.315470 0.657404
vt 0.325544 0.662054
vt 0.323657 0.666528
vt 0.319435 0.652143
vt 0.324215 0.649325
vt 0.322445 0.655828
vt 0.320168 0.647365
vt 0.315335 0.646041
vt 0.329911 0.656562
vt 0.279134 0.623329
vt 0.280800 0.608911
vt 0.291383 0.618425
vt 0.285268 0.613967
vt 0.295485 0.609991
vt 0.287889 0.607592
vt 0.306978 0.610733
vt 0.307461 0.628059
vt 0.299313 0.641227
vt 0.317763 0.639317
vt 0.864473 0.982997
vt 0.868266 0.976793
vt 0.868723 0.983782
vt 0.865860 0.969373
vt 0.863771 0.976304
vt 0.866707 0.960636
vt 0.869320 0.967939
vt 0.860288 0.980723
vt 0.313450 0.633092
vt 0.321039 0.614738
vt 0.324484 0.642707
vt 0.872579 0.983991
vt 0.876464 0.975967
vt 0.876512 0.984130
vt 0.872479 0.975863
vt 0.861455 0.973369
vt 0.862608 0.968680
vt 0.863631 0.960091
vt 0.857726 0.976786
vt 0.983278 0.932715
vt 0.987875 0.937276
vt 0.982542 0.937231
vt 0.983252 0.924085
vt 0.988000 0.932424
vt 0.320378 0.791184
vt 0.312353 0.792420
vt 0.317758 0.787215
vt 0.326174 0.620848
vt 0.316125 0.623304
vt 0.323692 0.613220
vt 0.329918 0.650292
vt 0.324283 0.635331
vt 0.329542 0.641199
vt 0.978320 0.932504
vt 0.977875 0.926294
vt 0.977932 0.918504
vt 0.978191 0.936386
vt 0.974093 0.932617
vt 0.973452 0.926100
vt 0.334842 0.808638
vt 0.339950 0.802160
vt 0.335759 0.811296
vt 0.339395 0.606932
vt 0.339548 0.611840
vt 0.264331 0.451091
vt 0.284060 0.586862
vt 0.279191 0.595409
vt 0.875858 0.815532
vt 0.866975 0.847597
vt 0.862973 0.845461
vt 0.987923 0.812376
vt 0.988552 0.923866
vt 0.310394 0.490971
vt 0.978207 0.815474
vt 0.973811 0.814731
vt 0.973464 0.916487
vt 0.869431 0.811981
vt 0.867362 0.812140
vt 0.863682 0.817012
vt 0.983573 0.781278
vt 0.983148 0.811292
vt 0.978412 0.783552
vt 0.974637 0.806049
vt 0.973554 0.768203
vt 0.831134 0.702620
vt 0.836925 0.708339
vt 0.268548 0.443753
vt 0.839547 0.703296
vt 0.269412 0.450959
vt 0.845587 0.693101
vt 0.841328 0.708431
vt 0.849551 0.683641
vt 0.840208 0.686240
vt 0.851225 0.675091
vt 0.821295 0.677757
vt 0.843598 0.673357
vt 0.831057 0.672034
vt 0.837395 0.666286
vt 0.828624 0.665291
vt 0.872558 0.817057
vt 0.875892 0.807215
vt 0.871301 0.797367
vt 0.871032 0.808481
vt 0.875779 0.750316
vt 0.865420 0.808468
vt 0.865139 0.798762
vt 0.865049 0.769224
vt 0.871264 0.757524
vt 0.859249 0.807137
vt 0.858896 0.812987
vt 0.858832 0.770598
vt 0.864989 0.763319
vt 0.858340 0.758091
vt 0.858158 0.763707
vt 0.862316 0.752815
vt 0.864946 0.756068
vt 0.983711 0.775508
vt 0.978468 0.749074
vt 0.983750 0.745570
vt 0.983841 0.740067
vt 0.978527 0.740643
vt 0.984440 0.733613
vt 0.853608 0.759399
vt 0.851230 0.763859
vt 0.838772 0.661896
vt 0.842741 0.666910
vt 0.834392 0.660953
vt 0.849683 0.660908
vt 0.844291 0.659781
vt 0.310122 0.483496
vt 0.315176 0.489876
vt 0.309291 0.427707
vt 0.305245 0.432340
vt 0.973452 0.748131
vt 0.236305 0.793451
vt 0.240800 0.802480
vt 0.236036 0.801085
vt 0.236822 0.787735
vt 0.241632 0.793772
vt 0.852243 0.653946
vt 0.854658 0.664000
vt 0.356677 0.815430
vt 0.353342 0.808237
vt 0.357827 0.809060
vt 0.792860 0.713327
vt 0.788439 0.653149
vt 0.804389 0.672864
vt 0.820624 0.670150
vt 0.810407 0.667304
vt 0.794673 0.646381
vt 0.803030 0.657305
vt 0.807912 0.659003
vt 0.814011 0.659935
vt 0.815485 0.656089
vt 0.822416 0.662285
vt 0.799615 0.646513
vt 0.871626 0.743571
vt 0.871498 0.748322
vt 0.806614 0.650522
vt 0.811982 0.649331
vt 0.867138 0.750729
vt 0.823155 0.658495
vt 0.827506 0.661531
vt 0.303507 0.424490
vt 0.806759 0.642895
vt 0.291562 0.604605
vt 0.284006 0.601000
vt 0.290940 0.601407
vt 0.302143 0.603928
vt 0.297363 0.593383
vt 0.303356 0.598852
vt 0.309232 0.604103
vt 0.300868 0.584359
vt 0.308748 0.591351
vt 0.317331 0.597640
vt 0.307920 0.583253
vt 0.318774 0.590546
vt 0.326681 0.602802
vt 0.333811 0.596548
vt 0.334439 0.583561
vt 0.326826 0.580423
vt 0.320815 0.564237
vt 0.315054 0.582775
vt 0.309925 0.530285
vt 0.304574 0.446717
vt 0.328925 0.532395
vt 0.289546 0.593476
vt 0.280542 0.448861
vt 0.274512 0.449382
vt 0.294365 0.585618
vt 0.288144 0.453653
vt 0.300157 0.453193
vt 0.294841 0.453475
vt 0.312011 0.446060
vt 0.275236 0.440940
vt 0.851663 0.694717
vt 0.852009 0.702665
vt 0.847484 0.698235
vt 0.286864 0.440773
vt 0.859817 0.686074
vt 0.854261 0.696378
vt 0.856005 0.680143
vt 0.289902 0.445713
vt 0.297969 0.439766
vt 0.858999 0.669188
vt 0.863423 0.675562
vt 0.308401 0.441084
vt 0.865304 0.664667
vt 0.869308 0.647489
vt 0.865882 0.639760
vt 0.861154 0.637270
vt 0.700116 0.452047
vt 0.670955 0.839256
vt 0.796115 0.376102
vt 0.659976 0.473661
vt 0.651995 0.472999
vt 0.742678 0.811285
vt 0.738403 0.825405
vt 0.733032 0.826693
vt 0.725352 0.840310
vt 0.726685 0.831458
vt 0.726539 0.826270
vt 0.709918 0.829234
vt 0.708738 0.834577
vt 0.567501 0.906019
vt 0.575365 0.901270
vt 0.577230 0.906257
vt 0.569168 0.901565
vt 0.574159 0.892740
vt 0.562504 0.893264
vt 0.562408 0.901534
vt 0.555259 0.901505
vt 0.555027 0.905900
vt 0.555547 0.893277
vt 0.733324 0.818862
vt 0.727466 0.819539
vt 0.722513 0.821980
vt 0.719407 0.826572
vt 0.580499 0.905251
vt 0.583697 0.901514
vt 0.585715 0.905984
vt 0.327044 0.826784
vt 0.328614 0.832446
vt 0.324460 0.832446
vt 0.582784 0.892807
vt 0.234737 0.415230
vt 0.240595 0.408255
vt 0.734079 0.811437
vt 0.738671 0.813359
vt 0.730084 0.814464
vt 0.302790 0.836092
vt 0.306291 0.833690
vt 0.306291 0.838599
vt 0.277542 0.805209
vt 0.273505 0.809412
vt 0.272123 0.804931
vt 0.590510 0.901348
vt 0.736194 0.803871
vt 0.111722 0.855288
vt 0.116710 0.861133
vt 0.109540 0.860087
vt 0.113312 0.846814
vt 0.117601 0.856839
vt 0.737175 0.796601
vt 0.123753 0.861942
vt 0.124178 0.849823
vt 0.118088 0.847630
vt 0.569475 0.822428
vt 0.574045 0.806750
vt 0.562902 0.824056
vt 0.555858 0.822586
vt 0.578521 0.892543
vt 0.582722 0.821576
vt 0.586566 0.893034
vt 0.110751 0.724756
vt 0.109540 0.845960
vt 0.114176 0.722730
vt 0.118482 0.723632
vt 0.124465 0.723144
vt 0.582705 0.755603
vt 0.586730 0.758589
vt 0.568788 0.601375
vt 0.578626 0.604645
vt 0.582667 0.602952
vt 0.578168 0.811813
vt 0.573703 0.601024
vt 0.586208 0.602305
vt 0.115320 0.585936
vt 0.111417 0.583516
vt 0.119625 0.586813
vt 0.556507 0.647417
vt 0.563419 0.469851
vt 0.286120 0.025752
vt 0.568625 0.470132
vt 0.573293 0.469950
vt 0.578288 0.469961
vt 0.582559 0.469252
vt 0.116389 0.465100
vt 0.120538 0.467149
vt 0.125753 0.468181
vt 0.294634 0.004603
vt 0.285644 0.018178
vt 0.280316 0.011561
vt 0.749518 0.814121
vt 0.755310 0.819341
vt 0.776777 0.827224
vt 0.791141 0.829148
vt 0.397966 0.852440
vt 0.389514 0.856936
vt 0.392195 0.850229
vt 0.400385 0.861003
vt 0.404799 0.854968
vt 0.563742 0.461121
vt 0.561133 0.455270
vt 0.569680 0.461512
vt 0.411859 0.859729
vt 0.557242 0.461127
vt 0.557259 0.469783
vt 0.761909 0.813310
vt 0.755459 0.812406
vt 0.401198 0.846805
vt 0.395233 0.843872
vt 0.575059 0.456662
vt 0.578809 0.461275
vt 0.405126 0.850558
vt 0.411564 0.853915
vt 0.755213 0.806231
vt 0.749527 0.803671
vt 0.398461 0.838046
vt 0.390538 0.841809
vt 0.393624 0.835253
vt 0.586446 0.461117
vt 0.586296 0.469350
vt 0.401561 0.842108
vt 0.406816 0.846802
vt 0.112425 0.463613
vt 0.823024 0.473926
vt 0.826652 0.479134
vt 0.823024 0.482132
vt 0.119321 0.459550
vt 0.111284 0.456188
vt 0.399386 0.832840
vt 0.403785 0.838701
vt 0.397155 0.828621
vt 0.125305 0.460821
vt 0.398921 0.821143
vt 0.402702 0.828677
vt 0.650096 0.811594
vt 0.654676 0.818812
vt 0.677332 0.833006
vt 0.697554 0.829640
vt 0.548373 0.901475
vt 0.547715 0.905916
vt 0.541955 0.901403
vt 0.540081 0.906096
vt 0.543356 0.892792
vt 0.675071 0.826361
vt 0.667942 0.826060
vt 0.428752 0.772244
vt 0.968638 0.910067
vt 0.968545 0.918807
vt 0.964004 0.911494
vt 0.679347 0.822460
vt 0.682509 0.826847
vt 0.958150 0.919655
vt 0.964220 0.923014
vt 0.959286 0.924363
vt 0.959091 0.911305
vt 0.674228 0.820011
vt 0.667677 0.819062
vt 0.660917 0.818641
vt 0.954182 0.912036
vt 0.671645 0.815358
vt 0.948454 0.919712
vt 0.953926 0.923389
vt 0.948907 0.924660
vt 0.948646 0.911529
vt 0.667146 0.812351
vt 0.660877 0.811334
vt 0.654631 0.805666
vt 0.943126 0.923569
vt 0.938034 0.919396
vt 0.943079 0.912127
vt 0.665100 0.806784
vt 0.938206 0.924716
vt 0.660934 0.803665
vt 0.928796 0.923355
vt 0.932503 0.918955
vt 0.938061 0.911112
vt 0.933070 0.912505
vt 0.933648 0.903300
vt 0.659039 0.793501
vt 0.427371 0.776874
vt 0.548913 0.892314
vt 0.949026 0.732763
vt 0.544527 0.692922
vt 0.964405 0.710726
vt 0.959456 0.691723
vt 0.943624 0.697627
vt 0.938684 0.681620
vt 0.954412 0.671808
vt 0.933739 0.674970
vt 0.545893 0.469959
vt 0.550787 0.470023
vt 0.541422 0.469051
vt 0.540081 0.687755
vt 0.954654 0.498231
vt 0.949360 0.499437
vt 0.944116 0.498505
vt 0.959791 0.498766
vt 0.964868 0.497483
vt 0.939218 0.498993
vt 0.933843 0.498359
vt 0.714859 0.516600
vt 0.803695 0.836105
vt 0.834945 0.819463
vt 0.805660 0.829666
vt 0.819373 0.830123
vt 0.550797 0.461071
vt 0.410828 0.865514
vt 0.420107 0.862187
vt 0.545101 0.461130
vt 0.549984 0.455279
vt 0.797810 0.825192
vt 0.805246 0.824246
vt 0.813135 0.823988
vt 0.820550 0.824028
vt 0.827778 0.824462
vt 0.969714 0.489439
vt 0.281948 0.789401
vt 0.286978 0.791964
vt 0.283752 0.798141
vt 0.808085 0.821259
vt 0.813738 0.819243
vt 0.820807 0.818164
vt 0.827910 0.817966
vt 0.959930 0.490274
vt 0.949941 0.490889
vt 0.955332 0.486749
vt 0.307974 0.788220
vt 0.302049 0.790564
vt 0.301239 0.786477
vt 0.821337 0.813178
vt 0.828034 0.811832
vt 0.834487 0.811526
vt 0.690751 0.566379
vt 0.683931 0.567523
vt 0.939713 0.490615
vt 0.049270 0.461006
vt 0.052413 0.466910
vt 0.043837 0.464255
vt 0.053674 0.456188
vt 0.046121 0.457788
vt 0.037641 0.463309
vt 0.042184 0.472778
vt 0.036710 0.471751
vt 0.038463 0.457146
vt 0.829951 0.799131
vt 0.835682 0.798763
vt 0.685451 0.465930
vt 0.662972 0.476979
vt 0.737348 0.784327
vt 0.739697 0.789313
vt 0.131172 0.858499
vt 0.124088 0.857860
vt 0.131076 0.850542
vt 0.138384 0.858686
vt 0.742703 0.763185
vt 0.738355 0.760731
vt 0.145167 0.858442
vt 0.135864 0.862810
vt 0.138455 0.851553
vt 0.138168 0.818540
vt 0.144567 0.850670
vt 0.151138 0.857943
vt 0.145533 0.862893
vt 0.151465 0.851379
vt 0.149717 0.842758
vt 0.154058 0.841041
vt 0.729654 0.764503
vt 0.733199 0.759826
vt 0.733800 0.767361
vt 0.159860 0.855444
vt 0.156624 0.860641
vt 0.159016 0.849315
vt 0.158644 0.839769
vt 0.600824 0.905383
vt 0.596566 0.901269
vt 0.601456 0.901236
vt 0.597364 0.894902
vt 0.604211 0.896068
vt 0.601641 0.885579
vt 0.597499 0.884387
vt 0.605415 0.904847
vt 0.610360 0.901359
vt 0.606246 0.886942
vt 0.232671 0.408341
vt 0.339950 0.815034
vt 0.339950 0.824344
vt 0.336352 0.817762
vt 0.649847 0.479975
vt 0.738409 0.752680
vt 0.726910 0.759274
vt 0.733098 0.752618
vt 0.720461 0.756567
vt 0.724289 0.752756
vt 0.715989 0.755195
vt 0.611127 0.892721
vt 0.616391 0.905695
vt 0.616829 0.901421
vt 0.616993 0.895065
vt 0.627714 0.905765
vt 0.623655 0.901433
vt 0.623637 0.895075
vt 0.616796 0.885903
vt 0.623534 0.886208
vt 0.479282 0.877312
vt 0.473775 0.881093
vt 0.473112 0.874070
vt 0.474935 0.885870
vt 0.467346 0.888295
vt 0.469412 0.883451
vt 0.468528 0.876940
vt 0.468423 0.868197
vt 0.738209 0.746379
vt 0.733098 0.746207
vt 0.712688 0.751554
vt 0.722190 0.746157
vt 0.705048 0.749929
vt 0.706374 0.745345
vt 0.693811 0.749615
vt 0.463644 0.883478
vt 0.463602 0.887366
vt 0.463371 0.877250
vt 0.463764 0.868127
vt 0.737292 0.742484
vt 0.205007 0.448208
vt 0.208607 0.451700
vt 0.203618 0.452450
vt 0.205297 0.441930
vt 0.209954 0.448067
vt 0.205714 0.433227
vt 0.210686 0.441913
vt 0.732185 0.741534
vt 0.197038 0.441837
vt 0.196906 0.448171
vt 0.198874 0.433200
vt 0.145465 0.452413
vt 0.190688 0.432812
vt 0.134440 0.441862
vt 0.131431 0.724459
vt 0.146169 0.819276
vt 0.597647 0.710421
vt 0.601845 0.715880
vt 0.230654 0.260707
vt 0.611071 0.731722
vt 0.469739 0.723657
vt 0.250910 0.245509
vt 0.154759 0.695897
vt 0.159092 0.683103
vt 0.606054 0.708386
vt 0.616925 0.714566
vt 0.226378 0.264452
vt 0.227494 0.412936
vt 0.464258 0.727237
vt 0.211155 0.288042
vt 0.211383 0.432687
vt 0.205769 0.274781
vt 0.199089 0.274550
vt 0.260953 0.162486
vt 0.138915 0.588643
vt 0.144656 0.803229
vt 0.223453 0.254614
vt 0.464989 0.713376
vt 0.206145 0.170271
vt 0.132504 0.468782
vt 0.150667 0.467629
vt 0.145659 0.469038
vt 0.155155 0.514896
vt 0.602256 0.520465
vt 0.605995 0.523430
vt 0.611044 0.547013
vt 0.230239 0.250489
vt 0.221982 0.146676
vt 0.471549 0.708503
vt 0.465555 0.610261
vt 0.459643 0.613096
vt 0.280781 0.186076
vt 0.266070 0.105637
vt 0.238334 0.251662
vt 0.227156 0.027092
vt 0.199509 0.024106
vt 0.261288 0.025909
vt 0.244987 0.147790
vt 0.139068 0.468993
vt 0.236126 0.026543
vt 0.616983 0.517951
vt 0.609676 0.518800
vt 0.220393 0.020596
vt 0.472838 0.462985
vt 0.466277 0.462203
vt 0.460301 0.463626
vt 0.206413 0.016935
vt 0.261120 0.018414
vt 0.131921 0.461619
vt 0.401104 0.814162
vt 0.403610 0.822269
vt 0.752651 0.786502
vt 0.749391 0.783966
vt 0.239642 0.012563
vt 0.408110 0.809184
vt 0.405448 0.815698
vt 0.753165 0.779671
vt 0.261414 0.006827
vt 0.245462 0.006590
vt 0.138927 0.461927
vt 0.403859 0.807259
vt 0.411324 0.803511
vt 0.750231 0.769155
vt 0.754891 0.772376
vt 0.153182 0.459964
vt 0.145500 0.461718
vt 0.411442 0.798137
vt 0.407340 0.800158
vt 0.229290 0.019294
vt 0.755573 0.765194
vt 0.154828 0.466681
vt 0.408768 0.793186
vt 0.413299 0.794156
vt 0.228986 0.005868
vt 0.751146 0.753654
vt 0.756552 0.758334
vt 0.159519 0.466210
vt 0.421462 0.792748
vt 0.415793 0.797436
vt 0.306082 0.819979
vt 0.301627 0.813347
vt 0.307974 0.813347
vt 0.601669 0.469084
vt 0.597826 0.518559
vt 0.597731 0.469529
vt 0.604611 0.461098
vt 0.596800 0.460950
vt 0.599494 0.456327
vt 0.594248 0.455022
vt 0.227344 0.012416
vt 0.757008 0.751385
vt 0.762797 0.759469
vt 0.763845 0.751989
vt 0.605747 0.469610
vt 0.767813 0.757985
vt 0.770918 0.753212
vt 0.610669 0.469748
vt 0.610342 0.461110
vt 0.609674 0.455476
vt 0.602320 0.454876
vt 0.617058 0.469267
vt 0.616939 0.461237
vt 0.616831 0.455756
vt 0.624341 0.533823
vt 0.624182 0.469382
vt 0.624121 0.461293
vt 0.628579 0.455817
vt 0.220501 0.012303
vt 0.220561 0.006370
vt 0.751583 0.746113
vt 0.757167 0.745252
vt 0.764023 0.745419
vt 0.771839 0.746069
vt 0.796752 0.752267
vt 0.797636 0.747532
vt 0.466619 0.454877
vt 0.216066 0.007051
vt 0.215121 0.011628
vt 0.206369 0.008094
vt 0.210321 0.003911
vt 0.211383 0.008405
vt 0.752518 0.742478
vt 0.757053 0.741368
vt 0.197770 0.014965
vt 0.197659 0.007966
vt 0.206010 0.002751
vt 0.765463 0.741174
vt 0.191388 0.022952
vt 0.131070 0.014792
vt 0.214085 0.859548
vt 0.213697 0.864946
vt 0.208188 0.860784
vt 0.207726 0.852389
vt 0.650383 0.755005
vt 0.654583 0.776572
vt 0.202767 0.866868
vt 0.201305 0.861842
vt 0.201998 0.853574
vt 0.194283 0.862113
vt 0.197231 0.854635
vt 0.201147 0.794798
vt 0.196279 0.794490
vt 0.007922 0.863630
vt 0.001869 0.863878
vt 0.005127 0.804506
vt 0.192301 0.853876
vt 0.191667 0.795464
vt 0.196676 0.864408
vt 0.185263 0.866713
vt 0.195546 0.868189
vt 0.186757 0.853380
vt 0.185979 0.861675
vt 0.181552 0.852754
vt 0.661007 0.766939
vt 0.667709 0.766292
vt 0.660936 0.774540
vt 0.654878 0.766997
vt 0.176353 0.859977
vt 0.180806 0.864893
vt 0.175340 0.865465
vt 0.643847 0.892677
vt 0.644498 0.901097
vt 0.639237 0.893233
vt 0.176779 0.851873
vt 0.667973 0.759351
vt 0.672241 0.763404
vt 0.661082 0.759605
vt 0.655175 0.755385
vt 0.630214 0.901447
vt 0.629841 0.892268
vt 0.635766 0.901467
vt 0.167459 0.858097
vt 0.171057 0.863189
vt 0.165930 0.863652
vt 0.634813 0.892511
vt 0.675518 0.752276
vt 0.680348 0.756358
vt 0.674899 0.758650
vt 0.668192 0.752401
vt 0.661127 0.752436
vt 0.680424 0.745841
vt 0.683223 0.752074
vt 0.663866 0.746159
vt 0.654981 0.746086
vt 0.650483 0.746227
vt 0.436028 0.776306
vt 0.436342 0.767257
vt 0.429537 0.765685
vt 0.674366 0.741174
vt 0.135183 0.448119
vt 0.127301 0.452052
vt 0.656375 0.741492
vt 0.125481 0.447793
vt 0.125226 0.441582
vt 0.126533 0.434258
vt 0.651013 0.742417
vt 0.121736 0.451125
vt 0.436367 0.771956
vt 0.439680 0.775610
vt 0.119168 0.447340
vt 0.118291 0.441219
vt 0.117921 0.434338
vt 0.121169 0.422889
vt 0.440073 0.766777
vt 0.114526 0.444827
vt 0.436584 0.762273
vt 0.111865 0.440220
vt 0.110959 0.433875
vt 0.117829 0.427109
vt 0.110585 0.426953
vt 0.110494 0.419720
vt 0.105527 0.407189
vt 0.014809 0.857303
vt 0.011960 0.802632
vt 0.185775 0.793557
vt 0.631476 0.469869
vt 0.023255 0.471152
vt 0.188070 0.613438
vt 0.196540 0.465356
vt 0.193180 0.610164
vt 0.182504 0.610252
vt 0.641303 0.629293
vt 0.645771 0.622964
vt 0.173103 0.604738
vt 0.636593 0.626636
vt 0.177582 0.607410
vt 0.027139 0.639904
vt 0.030034 0.471349
vt 0.637944 0.470118
vt 0.098660 0.055645
vt 0.190669 0.465817
vt 0.185528 0.465963
vt 0.642375 0.469983
vt 0.646108 0.470083
vt 0.175330 0.465503
vt 0.170152 0.464479
vt 0.030850 0.462756
vt 0.031158 0.456695
vt 0.023848 0.462572
vt 0.023747 0.456460
vt 0.835923 0.781476
vt 0.830673 0.792503
vt 0.830477 0.785629
vt 0.688594 0.553919
vt 0.692819 0.535654
vt 0.182208 0.458176
vt 0.190547 0.458203
vt 0.017441 0.471317
vt 0.017463 0.462854
vt 0.012576 0.459288
vt 0.015928 0.456456
vt 0.829107 0.778167
vt 0.180556 0.465773
vt 0.010050 0.463978
vt 0.008268 0.458640
vt 0.829454 0.770872
vt 0.825276 0.775498
vt 0.824149 0.770946
vt 0.835928 0.771279
vt 0.700754 0.524174
vt 0.694598 0.525042
vt 0.165930 0.456188
vt 0.174881 0.457530
vt 0.818085 0.768631
vt 0.816342 0.762037
vt 0.821729 0.764319
vt 0.003957 0.465087
vt 0.001869 0.458352
vt 0.829131 0.763882
vt 0.835655 0.758870
vt 0.696779 0.512034
vt 0.631295 0.461262
vt 0.637873 0.461153
vt 0.638586 0.455573
vt 0.643655 0.461457
vt 0.810609 0.762228
vt 0.806640 0.754445
vt 0.813929 0.756813
vt 0.827743 0.457080
vt 0.826901 0.463680
vt 0.823024 0.457080
vt 0.821771 0.756741
vt 0.829244 0.756886
vt 0.703569 0.512217
vt 0.708467 0.515271
vt 0.815311 0.749932
vt 0.821991 0.750158
vt 0.829280 0.750691
vt 0.836083 0.751627
vt 0.705265 0.505686
vt 0.699709 0.504154
vt 0.715657 0.508134
vt 0.710603 0.506672
vt 0.135243 0.007751
vt 0.197631 0.002332
vt 0.131010 0.021827
vt 0.695012 0.497031
vt 0.684064 0.500422
vt 0.649847 0.485871
vt 0.124287 0.014169
vt 0.126600 0.002406
vt 0.126227 0.007697
vt 0.702645 0.499229
vt 0.694073 0.502700
vt 0.118749 0.014543
vt 0.121461 0.003197
vt 0.118915 0.007599
vt 0.706700 0.501178
vt 0.107294 0.025304
vt 0.113744 0.009785
vt 0.111480 0.014774
vt 0.716635 0.503366
vt 0.720731 0.509107
vt 0.711801 0.500800
vt 0.360943 0.659528
vt 0.799398 0.617568
vt 0.337406 0.661961
vt 0.337214 0.656361
vt 0.351716 0.657883
vt 0.342580 0.648847
vt 0.336380 0.650131
vt 0.345411 0.654964
vt 0.347275 0.646639
vt 0.353079 0.651255
vt 0.360860 0.647836
vt 0.353761 0.644205
vt 0.361546 0.636776
vt 0.368295 0.632547
vt 0.383598 0.623413
vt 0.417591 0.669756
vt 0.434634 0.962778
vt 0.430059 0.967321
vt 0.430223 0.962540
vt 0.439138 0.962239
vt 0.434076 0.968538
vt 0.434577 0.953285
vt 0.430185 0.955562
vt 0.234418 0.962119
vt 0.230008 0.970470
vt 0.230362 0.961635
vt 0.334842 0.792546
vt 0.339851 0.793656
vt 0.340886 0.640341
vt 0.335523 0.643004
vt 0.328507 0.570618
vt 0.348205 0.640661
vt 0.344440 0.634432
vt 0.334774 0.579064
vt 0.339085 0.577726
vt 0.991844 0.718125
vt 0.987200 0.713375
vt 0.992785 0.713132
vt 0.990750 0.704467
vt 0.986238 0.707033
vt 0.425247 0.960291
vt 0.425200 0.969108
vt 0.990570 0.660134
vt 0.986001 0.658099
vt 0.425427 0.919531
vt 0.324117 0.804345
vt 0.328675 0.808987
vt 0.326469 0.812853
vt 0.335099 0.786477
vt 0.980574 0.721423
vt 0.977996 0.729875
vt 0.976416 0.722027
vt 0.976994 0.659150
vt 0.979964 0.714962
vt 0.353592 0.635719
vt 0.984205 0.727640
vt 0.985254 0.720906
vt 0.983502 0.714016
vt 0.987775 0.718043
vt 0.982718 0.705631
vt 0.980024 0.651889
vt 0.982130 0.652020
vt 0.988321 0.725368
vt 0.990987 0.721450
vt 0.383649 0.835813
vt 0.380301 0.831068
vt 0.384355 0.831068
vt 0.324460 0.823046
vt 0.324460 0.816591
vt 0.329685 0.819133
vt 0.345598 0.612674
vt 0.354427 0.615758
vt 0.346921 0.618591
vt 0.355273 0.631811
vt 0.360538 0.626440
vt 0.352897 0.627219
vt 0.353323 0.622277
vt 0.364790 0.607158
vt 0.375570 0.614806
vt 0.378500 0.610213
vt 0.389381 0.617991
vt 0.391504 0.610962
vt 0.387992 0.605709
vt 0.381294 0.604818
vt 0.378876 0.597131
vt 0.430305 0.911636
vt 0.230725 0.853251
vt 0.235705 0.864849
vt 0.435360 0.846322
vt 0.430481 0.846963
vt 0.973452 0.646685
vt 0.978415 0.648551
vt 0.984269 0.638695
vt 0.978124 0.638323
vt 0.989968 0.647528
vt 0.984019 0.648548
vt 0.425200 0.907747
vt 0.320042 0.432906
vt 0.315117 0.431191
vt 0.984451 0.543657
vt 0.990484 0.554502
vt 0.426247 0.822501
vt 0.435106 0.807539
vt 0.235821 0.820403
vt 0.230293 0.813907
vt 0.230681 0.800254
vt 0.230482 0.793522
vt 0.229817 0.787776
vt 0.978119 0.542460
vt 0.973982 0.496160
vt 0.978157 0.507628
vt 0.978072 0.500555
vt 0.984246 0.517656
vt 0.984271 0.507884
vt 0.984061 0.500744
vt 0.991161 0.544286
vt 0.427034 0.813305
vt 0.990067 0.527465
vt 0.990458 0.515183
vt 0.991084 0.507941
vt 0.990647 0.501159
vt 0.430720 0.796502
vt 0.994222 0.525128
vt 0.995326 0.515233
vt 0.226322 0.803509
vt 0.225459 0.793903
vt 0.998131 0.508379
vt 0.222394 0.786476
vt 0.995663 0.503452
vt 0.359144 0.795375
vt 0.354076 0.801814
vt 0.353342 0.793758
vt 0.845168 0.633715
vt 0.851388 0.631071
vt 0.849337 0.638245
vt 0.841463 0.627632
vt 0.846506 0.629107
vt 0.852349 0.625937
vt 0.854792 0.639581
vt 0.847085 0.621960
vt 0.862306 0.623705
vt 0.856241 0.591191
vt 0.863176 0.610546
vt 0.845626 0.585071
vt 0.375586 0.432288
vt 0.373958 0.442767
vt 0.365610 0.434249
vt 0.863927 0.606047
vt 0.866680 0.593419
vt 0.869809 0.605375
vt 0.865048 0.597225
vt 0.307596 0.419238
vt 0.314704 0.424778
vt 0.808472 0.636119
vt 0.803700 0.630120
vt 0.800818 0.626163
vt 0.314529 0.418969
vt 0.320316 0.423850
vt 0.977860 0.493424
vt 0.446717 0.822115
vt 0.446717 0.815930
vt 0.452574 0.819278
vt 0.983414 0.494080
vt 0.988079 0.496496
vt 0.810569 0.622107
vt 0.811569 0.628376
vt 0.821086 0.623039
vt 0.822476 0.628282
vt 0.831532 0.624567
vt 0.830260 0.629784
vt 0.835488 0.629890
vt 0.840032 0.632329
vt 0.818053 0.615410
vt 0.833071 0.618446
vt 0.838023 0.610118
vt 0.824301 0.564847
vt 0.340594 0.573907
vt 0.351957 0.602342
vt 0.350622 0.596269
vt 0.349270 0.589444
vt 0.334491 0.589868
vt 0.345740 0.580746
vt 0.352606 0.580527
vt 0.365647 0.602043
vt 0.364476 0.596481
vt 0.362856 0.589901
vt 0.359249 0.581325
vt 0.366089 0.582052
vt 0.377005 0.601589
vt 0.373492 0.596732
vt 0.372854 0.588380
vt 0.377863 0.589843
vt 0.343095 0.527127
vt 0.321532 0.451664
vt 0.335287 0.450662
vt 0.342248 0.451905
vt 0.347522 0.452204
vt 0.352735 0.445749
vt 0.365389 0.447172
vt 0.369961 0.448240
vt 0.359782 0.446589
vt 0.336495 0.443890
vt 0.334483 0.440370
vt 0.349534 0.438620
vt 0.874894 0.624653
vt 0.875007 0.640875
vt 0.869722 0.622376
vt 0.875186 0.611047
vt 0.872038 0.610383
vt 0.362293 0.438503
vt 0.876512 0.599003
vt 0.429632 0.748073
vt 0.436531 0.757426
vt 0.436898 0.737727
vt 0.430743 0.734162
vt 0.437072 0.727879
vt 0.437223 0.718030
vt 0.432363 0.710516
vt 0.440287 0.756957
vt 0.107179 0.437493
vt 0.436769 0.752424
vt 0.104515 0.432850
vt 0.103617 0.426494
vt 0.103249 0.419566
vt 0.440484 0.747104
vt 0.436715 0.747576
vt 0.099822 0.430125
vt 0.436954 0.742574
vt 0.097163 0.425477
vt 0.096275 0.419112
vt 0.103159 0.412331
vt 0.440677 0.737251
vt 0.092466 0.422756
vt 0.437134 0.732725
vt 0.089811 0.418104
vt 0.095911 0.412179
vt 0.440845 0.727398
vt 0.085108 0.415388
vt 0.088930 0.411731
vt 0.437296 0.722876
vt 0.440947 0.717547
vt 0.424648 0.691141
vt 0.437354 0.698119
vt 0.430619 0.693980
vt 0.435310 0.687995
vt 0.430543 0.684716
vt 0.054888 0.385993
vt 0.057417 0.382250
vt 0.058798 0.388643
vt 0.052342 0.381341
vt 0.056931 0.375317
vt 0.051651 0.374989
vt 0.056822 0.366791
vt 0.095697 0.402870
vt 0.082455 0.410733
vt 0.088569 0.404794
vt 0.081577 0.404351
vt 0.088630 0.395979
vt 0.077746 0.408021
vt 0.437420 0.713026
vt 0.075095 0.403359
vt 0.081216 0.397409
vt 0.074246 0.396974
vt 0.081313 0.389124
vt 0.440949 0.707708
vt 0.437339 0.708174
vt 0.070411 0.400648
vt 0.437479 0.703147
vt 0.067932 0.395998
vt 0.074088 0.388589
vt 0.440746 0.698223
vt 0.063799 0.393309
vt 0.067528 0.389688
vt 0.441090 0.693745
vt 0.437404 0.691991
vt 0.062633 0.388922
vt 0.067281 0.380481
vt 0.062015 0.382535
vt 0.061855 0.374076
vt 0.051200 0.185659
vt 0.055672 0.180098
vt 0.074348 0.073292
vt 0.089019 0.058306
vt 0.081657 0.066514
vt 0.060378 0.184662
vt 0.067159 0.081670
vt 0.060656 0.082232
vt 0.050400 0.095027
vt 0.787917 0.532367
vt 0.795433 0.543735
vt 0.778810 0.530570
vt 0.799383 0.535991
vt 0.788870 0.526258
vt 0.780100 0.524148
vt 0.796192 0.528200
vt 0.070011 0.068340
vt 0.086303 0.051842
vt 0.062127 0.070846
vt 0.077195 0.055626
vt 0.062362 0.061523
vt 0.060363 0.066641
vt 0.787001 0.521529
vt 0.782168 0.518825
vt 0.054813 0.077142
vt 0.055137 0.084427
vt 0.056245 0.069287
vt 0.796247 0.524392
vt 0.801988 0.529381
vt 0.791896 0.521991
vt 0.757268 0.533504
vt 0.729002 0.519463
vt 0.764100 0.527025
vt 0.743941 0.522187
vt 0.730050 0.511812
vt 0.740146 0.514252
vt 0.750221 0.516691
vt 0.760274 0.519149
vt 0.770283 0.521644
vt 0.106382 0.017118
vt 0.104123 0.022132
vt 0.726711 0.505808
vt 0.721847 0.503181
vt 0.092351 0.040283
vt 0.099030 0.024483
vt 0.096766 0.029493
vt 0.736797 0.508260
vt 0.731931 0.505639
vt 0.091678 0.031849
vt 0.089409 0.036854
vt 0.746882 0.510719
vt 0.742016 0.508099
vt 0.084323 0.039215
vt 0.082046 0.044217
vt 0.756958 0.513215
vt 0.752097 0.510579
vt 0.076963 0.046584
vt 0.074676 0.051590
vt 0.767012 0.515810
vt 0.762159 0.513136
vt 0.069603 0.053983
vt 0.067324 0.059029
vt 0.777037 0.518567
vt 0.772185 0.515857
vt 0.409642 0.646717
vt 0.414468 0.640110
vt 0.403218 0.636032
vt 0.416902 0.655318
vt 0.423809 0.659089
vt 0.421508 0.649129
vt 0.417028 0.649337
vt 0.428802 0.649833
vt 0.423830 0.652916
vt 0.422300 0.644390
vt 0.417272 0.643079
vt 0.430783 0.678525
vt 0.424046 0.674542
vt 0.428857 0.668348
vt 0.423830 0.665526
vt 0.436069 0.669862
vt 0.431087 0.672220
vt 0.036856 0.366676
vt 0.038755 0.360671
vt 0.046232 0.370096
vt 0.427894 0.659054
vt 0.033157 0.364011
vt 0.428478 0.654467
vt 0.031859 0.359578
vt 0.035940 0.351033
vt 0.434668 0.678533
vt 0.048255 0.378668
vt 0.435403 0.673864
vt 0.046763 0.374246
vt 0.051225 0.368003
vt 0.050862 0.359838
vt 0.045099 0.358981
vt 0.040347 0.351902
vt 0.395611 0.620480
vt 0.400330 0.608951
vt 0.395403 0.614378
vt 0.392914 0.606486
vt 0.399570 0.601625
vt 0.403015 0.630050
vt 0.396146 0.626575
vt 0.400372 0.620215
vt 0.409074 0.619070
vt 0.403103 0.623833
vt 0.401016 0.615544
vt 0.409476 0.612805
vt 0.409485 0.631493
vt 0.408794 0.624981
vt 0.416341 0.623582
vt 0.416313 0.629063
vt 0.006244 0.331710
vt 0.009716 0.323818
vt 0.013374 0.333635
vt 0.422791 0.639199
vt 0.015110 0.344972
vt 0.021512 0.340919
vt 0.022103 0.347068
vt 0.415837 0.634579
vt 0.013894 0.339464
vt 0.017354 0.330194
vt 0.023199 0.352273
vt 0.026320 0.345982
vt 0.031109 0.354816
vt 0.025912 0.337572
vt 0.021382 0.329805
vt 0.030826 0.344891
vt 0.392734 0.600203
vt 0.385668 0.590990
vt 0.392637 0.503889
vt 0.404787 0.601186
vt 0.005165 0.134952
vt 0.002424 0.313499
vt 0.001914 0.135807
vt 0.006145 0.324827
vt 0.025490 0.110143
vt 0.378756 0.443929
vt 0.388283 0.503010
vt 0.384334 0.444406
vt 0.013094 0.126524
vt 0.013464 0.320982
vt 0.021740 0.118766
vt 0.029672 0.111965
vt 0.035068 0.103595
vt 0.045134 0.096782
vt 0.039586 0.104841
vt 0.377500 0.435936
vt 0.868320 0.584264
vt 0.869755 0.592558
vt 0.863015 0.588654
vt 0.859145 0.577535
vt 0.857083 0.587153
vt 0.858071 0.580781
vt 0.850396 0.577280
vt 0.390464 0.441443
vt 0.384675 0.437648
vt 0.002090 0.126115
vt 0.389315 0.432835
vt 0.387599 0.428960
vt 0.001869 0.121836
vt 0.008885 0.125950
vt 0.855413 0.572921
vt 0.009226 0.118610
vt 0.218167 0.423084
vt 0.215121 0.428840
vt 0.215121 0.418969
vt 0.017047 0.117727
vt 0.814591 0.555343
vt 0.841631 0.575289
vt 0.830559 0.564201
vt 0.842876 0.568706
vt 0.849939 0.571287
vt 0.834766 0.559275
vt 0.824866 0.556298
vt 0.841512 0.561663
vt 0.011741 0.112447
vt 0.848752 0.564779
vt 0.806623 0.544413
vt 0.817633 0.547873
vt 0.825606 0.549779
vt 0.833055 0.552311
vt 0.017209 0.111125
vt 0.017940 0.106281
vt 0.841914 0.557206
vt 0.838412 0.553796
vt 0.807906 0.538189
vt 0.814821 0.540044
vt 0.026141 0.104125
vt 0.040312 0.090774
vt 0.031506 0.091180
vt 0.027466 0.098298
vt 0.824632 0.544799
vt 0.820740 0.541319
vt 0.021395 0.103664
vt 0.831955 0.547092
vt 0.046765 0.076197
vt 0.044729 0.081280
vt 0.805996 0.532665
vt 0.815062 0.535850
vt 0.810930 0.533016
vt 0.461268 0.451020
vt 0.819285 0.376720
vt 0.697313 0.952959
vt 0.742703 0.938302
vt 0.870268 0.452830
vt 0.484917 0.843792
vt 0.434386 0.409505
vt 0.434407 0.190279
vt 0.445536 0.040968
vt 0.484950 0.462844
vt 0.875941 0.016769
vt 0.441797 0.005390
vt 0.433194 0.040340
vt 0.867128 0.002571
vt 0.758600 0.929675
vt 0.870347 0.004056
vt 0.875477 0.002986
vt 0.752245 0.921831
vt 0.749850 0.908539
vt 0.521927 0.451138
vt 0.302515 0.801022
vt 0.307974 0.800496
vt 0.306431 0.804954
vt 0.302515 0.809609
vt 0.931201 0.438990
vt 0.917989 0.894390
vt 0.920200 0.816715
vt 0.367326 0.834769
vt 0.362883 0.834163
vt 0.367326 0.830231
vt 0.385776 0.827330
vt 0.823024 0.001869
vt 0.301627 0.823717
vt 0.306291 0.825104
vt 0.301627 0.829951
vt 0.946381 0.001869
vt 0.925058 0.488617
vt 0.916631 0.485871
vt 0.655016 0.689982
vt 0.931269 0.006731
vt 0.826699 0.921145
vt 0.777286 0.404182
vt 0.527252 0.861673
vt 0.536343 0.859614
vt 0.358633 0.831823
vt 0.354377 0.834395
vt 0.354377 0.829511
vt 0.058302 0.902781
vt 0.286979 0.801879
vt 0.064570 0.907566
vt 0.528518 0.457684
vt 0.254494 0.846396
vt 0.260063 0.845524
vt 0.532309 0.463064
vt 0.536343 0.454877
vt 0.292657 0.826424
vt 0.297501 0.826424
vt 0.296369 0.831831
vt 0.268566 0.825152
vt 0.263801 0.823194
vt 0.268566 0.818349
vt 0.316614 0.810492
vt 0.311713 0.805718
vt 0.316614 0.800496
vt 0.921344 0.398197
vt 0.278101 0.786476
vt 0.278101 0.794665
vt 0.275736 0.791699
vt 0.885980 0.404794
vt 0.105113 0.900500
vt 0.678210 0.881364
vt 0.901180 0.895610
vt 0.103688 0.557138
vt 0.909781 0.010888
vt 0.880250 0.504415
vt 0.888839 0.010381
vt 0.297501 0.786476
vt 0.292682 0.810722
vt 0.592041 0.394353
vt 0.286013 0.814148
vt 0.286634 0.821321
vt 0.281378 0.821321
vt 0.745294 0.737197
vt 0.340778 0.833102
vt 0.336352 0.833102
vt 0.338999 0.828082
vt 0.348972 0.830745
vt 0.345053 0.832769
vt 0.345053 0.827132
vt 0.268566 0.833792
vt 0.264199 0.833792
vt 0.266909 0.828890
vt 0.315138 0.839733
vt 0.311713 0.838724
vt 0.315138 0.834955
vt 0.629687 0.344752
vt 0.638052 0.337494
vt 0.257766 0.434889
vt 0.838389 0.713445
vt 0.779467 0.736516
vt 0.273192 0.823865
vt 0.273192 0.816287
vt 0.277542 0.823630
vt 0.637893 0.104267
vt 0.293211 0.820657
vt 0.297501 0.814461
vt 0.297501 0.822685
vt 0.809574 0.730292
vt 0.314652 0.636905
vt 0.315939 0.628317
vt 0.873673 0.990443
vt 0.218316 0.444812
vt 0.218316 0.452112
vt 0.215121 0.449432
vt 0.311713 0.786477
vt 0.311713 0.796757
vt 0.329619 0.616465
vt 0.271035 0.437111
vt 0.859127 0.776343
vt 0.854057 0.770602
vt 0.244501 0.786476
vt 0.848971 0.653079
vt 0.876512 0.741174
vt 0.869026 0.666554
vt 0.568962 0.893030
vt 0.277542 0.812548
vt 0.762341 0.819230
vt 0.769329 0.820300
vt 0.571747 0.454925
vt 0.580664 0.455438
vt 0.282931 0.005732
vt 0.583830 0.456878
vt 0.588590 0.455645
vt 0.754702 0.800136
vt 0.753073 0.793216
vt 0.690240 0.828905
vt 0.969714 0.924024
vt 0.445536 0.666281
vt 0.450287 0.454877
vt 0.450287 0.673625
vt 0.682073 0.576064
vt 0.542644 0.454877
vt 0.421462 0.868682
vt 0.448205 0.825853
vt 0.452574 0.826215
vt 0.448205 0.832165
vt 0.286978 0.786476
vt 0.306106 0.792807
vt 0.301239 0.796567
vt 0.950390 0.485871
vt 0.054564 0.460971
vt 0.828078 0.805843
vt 0.735908 0.774766
vt 0.153166 0.862802
vt 0.162191 0.860620
vt 0.594248 0.905747
vt 0.742540 0.752798
vt 0.654940 0.482132
vt 0.830391 0.473926
vt 0.834203 0.477917
vt 0.830391 0.479393
vt 0.608650 0.905868
vt 0.459058 0.884280
vt 0.474610 0.718413
vt 0.459058 0.715003
vt 0.472094 0.595253
vt 0.159484 0.510308
vt 0.160126 0.458927
vt 0.416807 0.788524
vt 0.411047 0.786476
vt 0.268385 0.814610
vt 0.263801 0.810565
vt 0.268385 0.804931
vt 0.354377 0.820428
vt 0.359144 0.819168
vt 0.359144 0.825773
vt 0.316865 0.819688
vt 0.311713 0.821505
vt 0.311713 0.814230
vt 0.778118 0.752050
vt 0.785158 0.751700
vt 0.472463 0.454932
vt 0.461310 0.455156
vt 0.220103 0.001869
vt 0.343689 0.792919
vt 0.343689 0.786476
vt 0.349603 0.790015
vt 0.343960 0.813287
vt 0.213324 0.853297
vt 0.013897 0.865875
vt 0.659550 0.781785
vt 0.663897 0.776972
vt 0.638325 0.906052
vt 0.440793 0.771030
vt 0.441076 0.761420
vt 0.368415 0.786476
vt 0.368415 0.826492
vt 0.362883 0.797747
vt 0.136526 0.001869
vt 0.688709 0.501416
vt 0.441797 0.968162
vt 0.234953 0.970716
vt 0.997898 0.714933
vt 0.329685 0.804345
vt 0.337969 0.615172
vt 0.347587 0.631947
vt 0.349577 0.629362
vt 0.347979 0.624057
vt 0.333670 0.568257
vt 0.236661 0.856547
vt 0.426029 0.797559
vt 0.435687 0.794304
vt 0.425921 0.786476
vt 0.316407 0.830266
vt 0.311713 0.831216
vt 0.311713 0.825243
vt 0.357160 0.786476
vt 0.454499 0.454877
vt 0.455320 0.463464
vt 0.454499 0.467769
vt 0.218237 0.455851
vt 0.218378 0.464134
vt 0.218237 0.468345
vt 0.816316 0.632972
vt 0.973452 0.485871
vt 0.978712 0.487362
vt 0.441280 0.751567
vt 0.441480 0.741712
vt 0.441666 0.731857
vt 0.441793 0.722004
vt 0.436123 0.682656
vt 0.441797 0.712153
vt 0.441613 0.702407
vt 0.050956 0.073758
vt 0.429689 0.662985
vt 0.454499 0.471508
vt 0.455090 0.477836
vt 0.454499 0.481492
vt 0.218237 0.472084
vt 0.218430 0.477969
vt 0.218237 0.481681
vt 0.005538 0.118597
vt 0.854197 0.567135
vt 0.845644 0.557561
vt 0.035474 0.088561
vt 0.040710 0.083909
s 1
usemtl left_finger3_middle_mat
f 4/1/1 1/2/2 2/3/3
f 4/1/1 2/3/3 5/4/4
f 5/4/4 3/5/5 6/6/6
f 7/7/7 1/2/2 4/1/1
f 8/8/8 7/7/7 4/1/1
f 5/4/4 6/6/6 9/9/9
f 11/10/10 8/8/8 5/4/4
f 12/11/11 10/12/12 8/8/8
f 13/13/13 8/8/8 11/10/10
f 14/14/14 11/10/10 9/9/9
f 15/15/15 261/16/16 10/12/12
f 17/17/17 10/12/12 12/11/11
f 18/18/18 12/11/11 13/13/13
f 24/19/19 19/20/20 20/21/21
f 25/22/22 20/21/21 21/23/23
f 27/24/24 23/25/25 24/19/19
f 28/26/26 24/19/19 25/22/22
f 31/27/27 30/28/28 27/24/24
f 20/29/21 34/30/29 32/31/30
f 35/32/31 32/31/30 33/33/32
f 35/32/31 20/29/21 32/31/30
f 21/34/23 35/32/31 36/35/33
f 37/36/34 19/37/35 23/38/36
f 38/39/37 23/38/36 26/40/38
f 39/41/39 26/40/38 30/42/40
f 42/43/41 32/31/30 41/44/42
f 44/45/43 34/30/29 43/46/44
f 45/47/45 34/48/29 37/36/34
f 46/49/46 37/36/34 38/39/37
f 47/50/47 38/39/37 39/41/39
f 51/51/48 49/52/49 48/53/50
f 52/54/51 50/55/52 49/52/49
f 40/56/53 51/57/48 39/41/39
f 54/58/54 52/54/51 51/51/48
f 55/59/55 53/60/56 52/54/51
f 59/61/57 42/62/41 58/63/58
f 44/45/43 43/46/44 60/64/59
f 60/64/59 41/44/42 44/45/43
f 61/65/60 43/66/44 45/47/45
f 62/67/61 45/47/45 46/49/46
f 65/68/62 46/49/46 47/50/47
f 65/68/62 63/69/63 62/67/61
f 68/70/64 47/50/47 48/71/50
f 66/72/65 65/73/62 68/74/64
f 49/75/49 68/76/64 48/77/50
f 69/78/66 49/52/49 50/55/52
f 71/79/67 61/65/60 62/67/61
f 63/80/63 71/81/67 62/82/61
f 72/83/68 63/84/63 66/72/65
f 67/85/69 72/83/68 66/72/65
f 74/86/70 70/87/71 61/65/60
f 77/88/72 61/65/60 71/79/67
f 77/89/72 75/90/73 74/91/70
f 78/92/74 71/93/67 72/94/68
f 78/92/74 76/95/75 75/90/73
f 73/96/76 78/97/74 72/83/68
f 81/98/77 70/87/71 74/86/70
f 75/90/73 81/99/78 74/91/70
f 76/95/75 82/100/79 75/90/73
f 85/101/80 80/102/81 81/98/77
f 82/100/79 85/103/82 81/99/78
f 83/104/83 86/105/84 82/100/79
f 25/22/22 22/106/85 88/107/86
f 28/26/26 88/107/86 89/108/87
f 36/35/33 33/33/32 90/109/88
f 92/110/89 50/55/52 53/60/56
f 57/111/90 92/110/89 53/60/56
f 91/112/91 69/78/66 50/55/52
f 79/113/92 93/114/93 76/95/75
f 83/104/83 76/95/75 93/114/93
f 22/115/85 36/35/33 94/116/94
f 90/117/88 42/62/41 95/118/95
f 95/118/95 59/61/57 96/119/96
f 97/120/97 64/121/98 67/85/69
f 98/122/99 97/120/97 69/78/66
f 96/119/96 59/61/57 99/123/100
f 100/124/101 79/125/92 73/96/76
f 87/126/102 83/104/83 102/127/103
f 88/107/86 22/106/85 105/128/104
f 89/108/87 105/128/104 106/129/105
f 94/116/94 90/109/88 107/130/106
f 104/131/107 94/116/94 108/132/108
f 109/133/109 91/112/91 92/110/89
f 110/134/110 92/110/89 57/111/90
f 111/135/111 100/124/101 64/121/98
f 112/136/112 99/123/100 59/61/57
f 105/128/104 104/137/107 114/138/113
f 105/128/104 114/138/113 115/139/114
f 108/132/108 107/130/106 116/140/115
f 114/141/113 108/132/108 116/140/115
f 117/142/116 107/143/106 95/118/95
f 119/144/117 117/142/116 96/119/96
f 130/145/118 121/146/119 98/122/99
f 118/147/120 98/122/99 91/112/91
f 120/148/121 122/149/122 111/135/111
f 101/150/123 123/151/124 93/114/93
f 101/150/123 100/152/101 122/153/122
f 124/154/125 93/114/93 123/151/124
f 125/155/126 99/123/100 112/136/112
f 113/156/127 102/127/103 124/154/125
f 115/139/114 114/138/113 126/157/128
f 106/129/105 126/157/128 127/158/129
f 128/159/130 114/141/113 116/140/115
f 129/160/131 116/161/115 117/162/116
f 131/163/132 121/146/119 130/145/118
f 113/156/127 124/154/125 134/164/133
f 29/165/134 127/158/129 7/7/7
f 137/166/135 136/167/136 118/147/120
f 132/168/137 137/166/135 109/133/109
f 139/169/138 129/170/131 119/144/117
f 141/171/139 120/148/121 121/146/119
f 122/153/122 142/172/140 101/150/123
f 140/173/141 122/149/122 120/148/121
f 144/174/142 101/150/123 142/172/140
f 134/164/133 123/151/124 144/174/142
f 150/175/143 1/2/2 126/157/128
f 150/176/143 135/177/144 147/178/145
f 2/3/3 150/175/143 151/179/146
f 151/180/146 148/181/147 152/182/148
f 2/3/3 151/179/146 152/183/148
f 152/184/148 149/185/149 153/186/150
f 3/187/5 152/184/148 153/186/150
f 154/188/151 3/187/5 153/186/150
f 155/189/152 6/190/6 154/188/151
f 156/191/153 6/190/6 155/189/152
f 157/192/154 135/177/144 128/159/130
f 147/178/145 157/192/154 158/193/155
f 148/194/147 158/195/155 159/196/156
f 149/197/149 159/196/156 160/198/157
f 161/199/158 149/185/149 160/200/157
f 154/188/151 161/199/158 162/201/159
f 163/202/160 154/188/151 162/201/159
f 164/203/161 155/189/152 163/202/160
f 165/204/162 156/191/153 164/203/161
f 166/205/163 128/206/130 129/170/131
f 167/207/164 158/195/155 166/205/163
f 160/198/157 167/207/164 168/208/165
f 169/209/166 160/200/157 168/210/165
f 170/211/167 161/199/158 169/209/166
f 172/212/168 162/213/159 170/214/167
f 173/215/169 131/163/132 136/167/136
f 174/216/170 171/217/171 173/215/169
f 174/218/170 163/219/160 172/212/168
f 176/220/172 173/215/169 175/221/173
f 176/222/172 164/223/161 174/218/170
f 138/224/174 175/221/173 137/166/135
f 178/225/175 175/221/173 177/226/176
f 178/227/175 164/223/161 176/222/172
f 179/228/177 166/205/163 139/169/138
f 180/229/178 166/205/163 179/228/177
f 181/230/179 167/207/164 180/229/178
f 182/231/180 168/210/165 181/232/181
f 184/233/182 169/234/166 182/235/180
f 183/236/183 140/173/141 141/171/139
f 183/236/183 131/163/132 171/217/171
f 185/237/184 171/238/171 172/212/168
f 185/237/184 170/214/167 184/239/182
f 143/240/185 186/241/186 142/242/140
f 186/243/186 140/173/141 183/236/183
f 188/244/187 183/245/183 184/233/182
f 188/244/187 182/235/180 187/246/188
f 190/247/189 142/172/140 186/248/186
f 191/249/190 186/250/186 187/246/188
f 191/251/191 181/232/181 189/252/192
f 179/228/177 145/253/193 192/254/194
f 194/255/195 144/174/142 190/247/189
f 195/256/196 190/257/189 191/249/190
f 180/229/178 192/254/194 196/258/197
f 146/259/198 134/164/133 193/260/199
f 194/255/195 146/259/198 193/260/199
f 195/256/196 197/261/200 194/262/195
f 199/263/201 31/27/27 28/26/26
f 201/264/202 199/263/201 29/165/134
f 201/264/202 29/165/134 202/265/203
f 203/266/204 31/27/27 204/267/205
f 204/267/205 199/263/201 205/268/206
f 206/269/207 204/267/205 207/270/208
f 207/270/208 205/268/206 208/271/209
f 208/271/209 201/264/202 209/272/210
f 209/272/210 201/264/202 202/265/203
f 210/273/211 208/271/209 211/274/212
f 211/274/212 209/272/210 212/275/213
f 212/275/213 202/265/203 213/276/214
f 213/276/214 202/265/203 214/277/215
f 200/278/216 40/56/53 30/42/40
f 217/279/217 200/278/216 203/280/218
f 206/281/207 217/279/217 203/280/218
f 219/282/219 206/283/207 207/284/208
f 210/285/211 219/282/219 207/284/208
f 220/286/220 210/285/211 211/287/212
f 222/288/221 54/58/54 221/289/222
f 223/290/223 55/59/55 222/288/221
f 223/290/223 57/111/90 56/291/224
f 215/292/225 224/293/226 40/56/53
f 216/294/227 225/295/228 215/292/225
f 217/279/217 226/296/229 216/294/227
f 218/297/230 227/298/231 217/279/217
f 229/299/232 218/300/230 219/282/219
f 230/301/233 219/282/219 220/286/220
f 223/290/223 222/288/221 232/302/234
f 224/293/226 231/303/235 221/304/222
f 234/305/236 231/306/235 233/307/237
f 235/308/238 222/288/221 234/309/236
f 225/295/228 233/310/239 224/293/226
f 237/311/240 233/312/237 236/313/241
f 238/314/242 234/315/236 237/311/240
f 226/296/229 239/316/243 225/295/228
f 227/298/231 240/317/244 226/296/229
f 238/314/242 237/311/240 242/318/245
f 239/316/243 241/319/246 236/320/241
f 244/321/247 241/322/246 243/323/248
f 245/324/249 237/311/240 244/321/247
f 246/325/250 242/318/245 245/324/249
f 240/317/244 243/326/248 239/316/243
f 227/298/231 247/327/251 240/317/244
f 244/321/247 248/328/252 249/329/253
f 245/324/249 249/329/253 250/330/254
f 247/327/251 248/331/252 243/326/248
f 228/332/255 251/333/256 227/298/231
f 250/330/254 249/329/253 252/334/257
f 254/335/258 248/328/252 253/336/259
f 255/337/260 249/329/253 254/335/258
f 256/338/261 252/334/257 255/337/260
f 251/333/256 253/339/259 247/327/251
f 254/340/258 257/341/262 258/342/263
f 255/337/260 258/343/263 259/344/264
f 251/333/256 257/345/265 253/339/259
f 229/299/232 260/346/266 228/347/255
f 202/265/203 29/165/134 214/277/215
f 223/290/223 232/302/234 263/348/267
f 235/308/238 263/348/267 232/302/234
f 238/314/242 264/349/268 235/350/238
f 266/351/269 265/352/270 242/318/245
f 267/353/271 266/351/269 246/325/250
f 268/354/272 246/325/250 250/330/254
f 269/355/273 246/325/250 268/354/272
f 270/356/274 268/354/272 252/334/257
f 271/357/275 270/356/274 256/338/261
f 272/358/276 256/359/261 259/360/264
f 262/361/277 110/134/110 57/111/90
f 275/362/278 266/351/269 267/353/271
f 276/363/279 267/353/271 269/355/273
f 277/364/280 269/355/273 270/356/274
f 278/365/281 271/366/275 272/358/276
f 274/367/282 279/368/283 262/361/277
f 274/367/282 264/369/268 280/370/284
f 273/371/285 280/372/284 264/349/268
f 273/371/285 266/351/269 281/373/286
f 282/374/287 277/375/280 271/366/275
f 279/368/283 132/168/137 110/134/110
f 274/367/282 280/370/284 283/376/288
f 284/377/289 283/378/288 280/372/284
f 285/379/290 281/373/286 275/362/278
f 286/380/291 285/379/290 276/363/279
f 287/381/292 276/363/279 277/364/280
f 261/16/16 7/7/7 10/12/12
f 288/382/293 132/168/137 279/368/283
f 289/383/294 288/382/293 274/367/282
f 283/376/288 289/383/294 274/367/282
f 291/384/295 284/377/289 281/373/286
f 291/384/295 285/379/290 292/385/296
f 293/386/297 287/387/292 282/374/287
f 294/388/298 282/374/287 278/365/281
f 9/389/9 156/191/153 295/390/299
f 296/391/300 9/389/9 295/390/299
f 14/392/14 297/393/301 13/394/13
f 14/395/14 296/391/300 298/396/302
f 18/397/18 299/398/303 17/399/17
f 295/390/299 165/204/162 300/400/304
f 295/390/299 300/400/304 301/401/305
f 302/402/306 295/390/299 301/401/305
f 298/403/302 303/404/307 297/393/301
f 298/403/302 302/405/306 304/406/308
f 297/393/301 632/407/309 299/398/303
f 305/408/310 178/225/175 177/226/176
f 165/409/162 178/227/175 306/410/311
f 289/383/294 305/408/310 288/382/293
f 307/411/312 306/412/311 305/408/310
f 300/400/304 306/413/311 308/414/313
f 290/415/314 307/411/312 289/383/294
f 309/416/315 308/417/316 307/411/312
f 300/400/304 308/414/313 310/418/317
f 311/419/318 300/400/304 310/418/317
f 301/401/305 311/419/318 312/420/319
f 313/421/320 301/401/305 312/420/319
f 304/406/308 302/405/306 313/422/320
f 303/404/307 636/423/321 632/407/309
f 303/404/307 314/424/322 636/423/321
f 290/425/314 284/377/289 315/426/323
f 309/427/315 290/425/314 315/426/323
f 291/384/295 315/426/323 284/377/289
f 317/428/324 309/427/315 315/426/323
f 318/429/325 316/430/326 309/427/315
f 311/419/318 316/431/326 319/432/327
f 312/420/319 319/432/327 320/433/328
f 321/434/329 314/424/322 304/406/308
f 304/406/308 313/422/320 321/434/329
f 318/429/325 292/385/296 322/435/330
f 323/436/331 318/437/325 322/438/330
f 324/439/332 323/436/331 322/438/330
f 320/433/328 323/440/331 325/441/333
f 326/442/334 320/433/328 325/441/333
f 322/435/330 292/385/296 286/380/291
f 287/381/292 322/435/330 286/380/291
f 324/439/332 322/438/330 327/443/335
f 328/444/336 324/439/332 327/443/335
f 329/445/337 287/387/292 293/386/297
f 328/444/336 329/445/337 330/446/338
f 326/442/334 330/447/339 331/448/340
f 333/449/341 293/386/297 294/388/298
f 334/450/342 332/451/343 321/434/329
f 321/452/329 331/453/344 334/454/342
f 335/455/345 84/456/346 60/64/59
f 337/457/347 85/103/82 86/105/84
f 87/126/102 337/457/347 86/105/84
f 339/458/348 336/459/349 337/457/347
f 340/460/350 337/457/347 338/461/351
f 335/462/345 80/102/352 341/463/353
f 336/464/354 341/463/353 80/102/81
f 343/465/355 336/459/349 339/458/348
f 344/466/356 339/458/348 340/460/350
f 346/467/357 343/465/355 344/466/356
f 345/468/358 347/469/359 342/470/360
f 349/471/361 345/472/358 343/465/355
f 350/473/362 343/465/355 346/467/357
f 351/474/363 349/475/361 352/476/364
f 352/477/364 350/478/362 353/479/365
f 335/462/345 341/463/353 354/480/366
f 347/469/359 354/480/366 341/463/353
f 348/481/367 355/482/368 347/469/359
f 351/483/363 356/484/369 348/481/367
f 358/485/370 352/477/364 353/479/365
f 359/486/371 352/477/364 360/487/372
f 360/487/372 358/485/370 361/488/373
f 363/489/374 359/486/371 360/487/372
f 364/490/375 360/487/372 361/488/373
f 362/491/376 363/489/374 365/492/377
f 366/493/378 363/489/374 364/490/375
f 356/484/369 367/494/379 355/482/368
f 357/495/380 368/496/381 356/484/369
f 359/497/371 369/498/382 357/495/380
f 362/499/383 369/498/382 359/497/371
f 369/498/382 371/500/384 368/496/381
f 370/501/385 371/500/384 369/498/382
f 344/466/356 340/460/350 373/502/386
f 375/503/387 346/467/357 374/504/388
f 353/479/365 375/505/387 376/506/389
f 376/506/389 358/485/370 353/479/365
f 361/488/373 358/485/370 377/507/390
f 364/490/375 361/488/373 377/507/390
f 103/508/391 379/509/392 87/126/102
f 379/509/392 373/502/386 338/461/351
f 374/504/388 344/466/356 380/510/393
f 378/511/394 364/490/375 382/512/395
f 379/509/392 103/508/391 113/156/127
f 380/510/393 373/502/386 383/513/396
f 374/504/388 380/510/393 384/514/397
f 381/515/398 376/506/389 385/516/399
f 385/516/399 377/507/390 381/515/398
f 378/511/394 382/512/395 386/517/400
f 387/518/401 112/136/112 59/61/57
f 384/514/397 383/513/396 388/519/402
f 390/520/403 374/504/388 389/521/404
f 393/522/405 133/523/406 125/155/126
f 388/519/402 379/509/392 394/524/407
f 384/514/397 388/519/402 395/525/408
f 385/516/399 391/526/409 396/527/410
f 396/527/410 392/528/411 385/516/399
f 382/512/395 392/528/411 397/529/412
f 394/524/407 113/156/127 146/259/198
f 398/530/413 393/522/405 112/136/112
f 400/531/414 384/514/397 399/532/415
f 401/533/416 389/521/404 400/531/414
f 401/534/416 391/526/409 390/535/403
f 396/527/410 402/536/417 403/537/418
f 386/517/400 397/529/412 404/538/419
f 145/253/193 133/523/406 393/522/405
f 189/539/420 196/258/197 405/540/421
f 197/541/200 394/524/407 146/259/198
f 198/542/422 406/543/423 197/261/200
f 407/544/424 145/253/193 398/530/413
f 406/545/423 395/525/408 394/524/407
f 198/542/422 408/546/425 406/543/423
f 198/547/426 405/548/421 409/549/427
f 410/550/428 408/546/425 409/551/427
f 409/549/427 405/548/421 411/552/429
f 408/553/425 400/531/414 399/532/415
f 410/550/428 412/554/430 408/546/425
f 410/555/428 411/552/429 413/556/431
f 415/557/432 400/558/414 412/559/430
f 416/560/433 412/559/430 413/561/431
f 405/540/421 196/258/197 417/562/434
f 411/552/429 417/563/434 418/564/435
f 413/556/431 418/564/435 419/565/436
f 414/566/437 403/537/418 401/534/416
f 415/567/432 403/537/418 414/566/437
f 416/568/433 419/569/436 420/570/438
f 396/527/410 403/537/418 421/571/439
f 422/572/440 403/537/418 415/567/432
f 423/573/441 415/567/432 420/574/438
f 392/528/411 396/527/410 424/575/442
f 425/576/443 421/571/439 422/572/440
f 426/577/444 422/572/440 423/573/441
f 418/564/435 417/563/434 427/578/445
f 419/565/436 427/578/445 428/579/446
f 420/580/438 428/579/446 429/581/447
f 423/582/441 429/581/447 430/583/448
f 424/575/442 431/584/449 392/528/411
f 425/576/443 431/584/449 424/575/442
f 426/585/444 430/583/448 432/586/450
f 404/538/419 431/584/449 433/587/451
f 434/588/452 431/584/449 425/576/443
f 435/589/453 425/576/443 432/590/450
f 428/579/446 427/578/445 436/591/454
f 429/581/447 436/591/454 437/592/455
f 430/583/448 437/592/455 438/593/456
f 435/594/453 438/593/456 439/595/457
f 438/593/456 437/592/455 440/596/458
f 439/595/457 440/596/458 441/597/459
f 436/591/454 427/578/445 442/598/460
f 437/592/455 442/598/460 443/599/461
f 440/596/458 443/599/461 444/600/462
f 446/601/463 257/341/262 445/602/464
f 447/603/465 258/342/263 446/601/463
f 251/333/256 445/604/466 257/345/265
f 260/605/266 448/606/467 251/333/256
f 450/607/468 445/602/464 452/608/469
f 453/609/470 450/607/468 451/610/471
f 453/609/470 446/601/463 450/607/468
f 455/611/472 449/612/473 454/613/474
f 456/614/475 450/607/468 455/611/472
f 457/615/476 449/616/473 452/617/469
f 448/606/467 457/615/476 452/617/469
f 463/618/477 460/619/478 464/620/479
f 466/621/480 461/622/481 462/623/482
f 466/621/480 454/613/474 465/624/483
f 466/621/480 463/618/477 467/625/484
f 467/625/484 455/611/472 466/621/480
f 467/625/484 463/618/477 464/620/479
f 475/626/485 454/627/474 457/615/476
f 468/628/486 365/492/377 469/629/487
f 470/630/488 365/492/377 366/493/378
f 471/631/489 469/629/487 472/632/490
f 473/633/491 469/629/487 470/630/488
f 473/634/491 459/635/492 472/636/490
f 462/637/482 471/638/489 472/636/490
f 462/623/482 461/622/481 474/639/493
f 475/626/485 461/640/481 465/641/483
f 458/642/494 477/643/495 475/626/485
f 370/501/385 362/499/383 468/644/486
f 370/501/385 468/644/486 471/645/489
f 476/646/496 471/645/489 474/647/493
f 475/626/485 476/646/496 474/647/493
f 229/299/232 478/648/497 260/346/266
f 372/649/498 370/501/385 476/646/496
f 477/643/495 372/649/498 476/646/496
f 458/642/494 479/650/499 477/643/495
f 456/614/475 481/651/500 482/652/501
f 482/652/501 451/610/471 456/614/475
f 483/653/502 272/358/276 447/654/465
f 453/609/470 480/655/503 484/656/504
f 484/656/504 483/657/502 453/609/470
f 486/658/505 460/659/478 485/660/506
f 481/651/500 464/620/479 486/661/505
f 488/662/507 470/630/488 487/663/508
f 460/659/478 473/633/491 488/662/507
f 489/664/509 272/358/276 483/653/502
f 484/656/504 480/655/503 490/665/510
f 490/665/510 489/666/509 484/656/504
f 482/652/501 481/651/500 491/667/511
f 491/667/511 480/655/503 482/652/501
f 486/658/505 485/660/506 492/668/512
f 488/662/507 487/663/508 493/669/513
f 495/670/514 486/661/505 496/671/515
f 492/668/512 488/662/507 500/672/516
f 497/673/517 278/365/281 489/664/509
f 490/665/510 494/674/518 498/675/519
f 498/675/519 489/666/509 490/665/510
f 491/667/511 495/670/514 499/676/520
f 499/676/520 494/674/518 491/667/511
f 492/668/512 500/672/516 501/677/521
f 495/670/514 496/671/515 502/678/522
f 333/449/341 497/673/517 503/679/523
f 330/446/338 503/679/523 504/680/524
f 331/448/340 330/447/339 504/681/525
f 503/679/523 498/682/519 505/683/526
f 505/684/526 506/685/527 507/686/528
f 504/680/524 505/683/526 507/687/528
f 508/688/529 504/681/525 507/686/528
f 334/450/342 331/689/344 508/690/529
f 505/691/526 499/676/520 510/692/530
f 510/693/530 511/694/531 512/695/532
f 506/696/527 510/697/530 512/698/532
f 513/699/533 506/685/527 512/700/532
f 502/701/522 492/668/512 516/702/534
f 502/701/522 514/703/535 517/704/536
f 510/692/530 502/678/522 517/705/536
f 517/704/536 515/706/537 518/707/538
f 511/708/531 517/709/536 518/710/538
f 519/711/539 511/712/531 518/713/538
f 520/714/540 512/700/532 519/711/539
f 521/715/541 513/699/533 520/714/540
f 334/450/342 508/690/529 521/716/541
f 501/677/521 493/669/513 522/717/542
f 522/717/542 404/538/419 433/587/451
f 522/717/542 434/588/452 523/718/543
f 514/703/535 522/717/542 523/718/543
f 523/718/543 435/589/453 524/719/544
f 515/720/537 523/721/543 524/722/544
f 525/723/545 515/720/537 524/722/544
f 526/724/546 515/720/537 525/723/545
f 527/725/547 518/713/538 526/724/546
f 528/726/548 519/711/539 527/725/547
f 521/715/541 520/714/540 528/726/548
f 525/723/545 439/595/457 529/727/549
f 530/728/550 525/723/545 529/727/549
f 531/729/551 526/724/546 530/728/550
f 528/726/548 527/725/547 531/729/551
f 531/729/551 529/727/549 441/597/459
f 441/597/459 444/600/462 531/729/551
f 528/726/548 531/729/551 1075/730/552
f 532/731/553 332/451/343 334/450/342
f 334/450/342 521/716/541 532/731/553
f 534/732/554 15/15/15 16/733/555
f 535/734/556 16/733/555 17/17/17
f 537/735/557 261/16/16 15/15/15
f 538/736/558 15/15/15 534/732/554
f 605/737/559 600/738/560 539/739/561
f 540/740/562 600/738/560 536/741/563
f 541/742/564 536/741/563 537/735/557
f 543/743/565 539/739/561 540/740/562
f 544/744/566 212/275/213 545/745/567
f 545/745/567 213/276/214 546/746/568
f 546/746/568 213/276/214 547/747/569
f 548/748/570 546/746/568 549/749/571
f 549/749/571 547/747/569 550/750/572
f 550/750/572 214/277/215 551/751/573
f 552/752/574 550/750/572 553/753/575
f 553/753/575 551/751/573 554/754/576
f 555/755/577 554/754/576 556/756/578
f 544/757/566 220/286/220 211/287/212
f 558/758/579 544/757/566 545/759/567
f 548/760/570 558/758/579 545/759/567
f 559/761/580 548/760/570 549/762/571
f 552/763/574 559/761/580 549/762/571
f 560/764/581 552/763/574 553/765/575
f 555/766/577 560/764/581 553/765/575
f 561/767/582 555/766/577 556/768/578
f 557/769/583 561/767/582 556/768/578
f 563/770/584 220/286/220 558/758/579
f 563/770/584 558/758/579 559/761/580
f 560/764/581 563/770/584 559/761/580
f 561/767/582 564/771/585 560/764/581
f 562/772/586 564/771/585 561/767/582
f 565/773/587 566/774/588 564/771/585
f 593/775/589 563/770/584 566/774/588
f 551/751/573 214/277/215 568/776/590
f 554/754/576 568/776/590 569/777/591
f 569/777/591 568/776/590 570/778/592
f 556/756/578 569/777/591 571/779/593
f 571/779/593 570/778/592 572/780/594
f 557/781/583 571/779/593 573/782/595
f 573/782/595 572/780/594 574/783/596
f 574/783/596 572/780/594 575/784/597
f 573/782/595 574/783/596 576/785/598
f 576/785/598 575/784/597 577/786/599
f 577/786/599 575/784/597 578/787/600
f 562/772/586 557/769/583 573/788/595
f 576/789/598 580/790/601 573/788/595
f 577/791/599 581/792/602 576/789/598
f 578/787/600 582/793/603 577/786/599
f 581/792/602 582/794/603 585/795/604
f 579/796/605 584/797/606 578/787/600
f 585/795/604 583/798/607 587/799/608
f 588/800/609 583/801/607 584/797/606
f 588/800/609 586/802/610 589/803/611
f 565/773/587 562/772/586 580/790/601
f 565/773/587 580/790/601 581/792/602
f 590/804/612 581/792/602 585/795/604
f 591/805/613 585/795/604 587/799/608
f 566/774/588 565/773/587 590/804/612
f 591/805/613 566/774/588 590/804/612
f 592/806/614 593/775/589 566/774/588
f 568/776/590 214/277/215 261/16/16
f 578/787/600 594/807/615 595/808/616
f 579/796/605 578/787/600 596/809/617
f 596/809/617 586/802/610 579/796/605
f 594/807/615 572/780/594 597/810/618
f 589/803/611 586/802/610 599/811/619
f 570/778/592 568/776/590 600/738/560
f 596/809/617 601/812/620 602/813/621
f 598/814/622 602/813/621 603/815/623
f 603/815/623 599/811/619 598/814/622
f 597/810/618 570/778/592 605/737/559
f 597/810/618 605/737/559 606/816/624
f 594/807/615 597/810/618 606/816/624
f 601/812/620 606/816/624 607/817/625
f 607/817/625 626/818/626 608/819/627
f 610/820/628 607/817/625 608/819/627
f 611/821/629 602/813/621 607/817/625
f 612/822/630 607/817/625 609/823/631
f 610/824/628 614/825/632 609/826/631
f 611/821/629 616/827/633 615/828/634
f 612/822/630 617/829/635 611/821/629
f 613/830/636 618/831/637 614/825/632
f 614/825/632 619/832/638 617/833/635
f 614/825/632 618/831/637 619/832/638
f 620/834/639 736/835/640 621/836/641
f 535/837/556 622/838/642 534/839/554
f 538/840/558 623/841/643 537/842/557
f 624/843/644 605/737/559 539/739/561
f 541/844/564 625/845/645 540/846/562
f 606/816/624 605/737/559 626/818/626
f 626/818/626 624/843/644 627/847/646
f 542/848/647 624/843/644 539/739/561
f 628/849/648 542/850/647 543/851/565
f 543/851/565 625/845/645 628/849/648
f 630/852/649 626/818/626 627/847/646
f 631/853/650 626/818/626 629/854/651
f 299/398/303 632/407/309 622/838/642
f 622/838/642 633/855/652 623/841/643
f 623/841/643 633/855/652 625/845/645
f 628/849/648 634/856/653 627/857/646
f 634/856/653 625/845/645 633/855/652
f 630/858/649 635/859/654 629/860/651
f 631/861/650 613/830/636 608/862/627
f 632/407/309 636/423/321 633/855/652
f 634/856/653 638/863/655 635/859/654
f 635/859/654 618/831/637 613/830/636
f 636/423/321 620/834/639 637/864/656
f 637/864/656 620/834/639 638/863/655
f 638/863/655 620/834/639 618/831/637
f 587/865/608 588/800/609 639/866/657
f 639/866/657 589/803/611 640/867/658
f 640/867/658 589/803/611 641/868/659
f 639/869/657 642/870/660 587/799/608
f 640/871/658 643/872/661 639/869/657
f 641/868/659 644/873/662 640/867/658
f 643/872/661 644/874/662 647/875/663
f 645/876/664 646/877/665 648/878/666
f 647/875/663 645/879/664 649/880/667
f 649/881/667 648/878/666 650/882/668
f 642/870/660 592/806/614 591/805/613
f 592/806/614 642/870/660 643/872/661
f 651/883/669 643/872/661 647/875/663
f 649/880/667 652/884/670 647/875/663
f 654/885/671 649/880/667 650/886/668
f 653/887/672 654/885/671 655/888/673
f 651/883/669 593/775/589 592/806/614
f 652/884/670 656/889/674 651/883/669
f 656/889/674 652/884/670 653/887/672
f 655/888/673 657/890/675 653/887/672
f 657/890/675 659/891/676 656/889/674
f 659/891/676 657/890/675 658/892/677
f 660/893/678 661/894/679 659/891/676
f 641/868/659 589/803/611 662/895/680
f 662/895/680 646/877/665 641/868/659
f 650/882/668 648/878/666 663/896/681
f 663/896/681 654/897/671 650/882/668
f 655/888/673 664/898/682 666/899/683
f 666/900/683 665/901/684 667/902/685
f 667/902/685 665/901/684 668/903/686
f 669/904/687 655/888/673 666/899/683
f 667/905/685 669/904/687 666/899/683
f 668/903/686 671/906/688 667/902/685
f 658/892/677 669/904/687 672/907/689
f 672/907/689 670/908/690 673/909/691
f 673/909/691 671/910/688 674/911/692
f 675/912/693 658/892/677 672/907/689
f 675/912/693 673/909/691 677/913/694
f 677/913/694 676/914/695 678/915/696
f 678/915/696 676/914/695 679/916/697
f 661/894/679 660/893/678 675/912/693
f 682/917/698 675/912/693 677/913/694
f 682/917/698 678/915/696 683/918/699
f 683/918/699 679/916/697 684/919/700
f 684/919/700 679/916/697 685/920/701
f 681/921/702 686/922/703 661/894/679
f 686/922/703 681/921/702 682/917/698
f 683/918/699 687/923/704 682/917/698
f 689/924/705 684/919/700 685/920/701
f 688/925/706 684/919/700 690/926/707
f 690/926/707 689/924/705 691/927/708
f 646/877/665 662/895/680 692/928/709
f 692/928/709 693/929/710 646/877/665
f 663/896/681 693/929/710 694/930/711
f 694/930/711 665/901/684 663/896/681
f 674/931/692 671/906/688 696/932/712
f 696/932/712 671/906/688 695/933/713
f 676/914/695 674/911/692 696/934/712
f 697/935/714 676/914/695 696/934/712
f 698/936/715 699/937/716 680/938/717
f 701/939/718 689/924/705 700/940/719
f 668/903/686 665/901/684 702/941/720
f 695/933/713 668/903/686 703/942/721
f 706/943/722 698/936/715 697/935/714
f 662/895/680 604/944/723 704/945/724
f 695/933/713 703/942/721 705/946/725
f 705/946/725 706/947/722 695/933/713
f 708/948/726 706/943/722 705/949/725
f 707/950/727 698/936/715 706/943/722
f 713/951/728 698/936/715 707/950/727
f 711/952/729 707/950/727 709/953/730
f 710/954/731 685/920/701 699/937/716
f 711/952/729 714/955/732 713/951/728
f 711/956/729 712/957/733 715/958/734
f 700/940/719 685/920/701 710/954/731
f 713/951/728 700/940/719 710/954/731
f 714/955/732 716/959/735 713/951/728
f 718/960/736 714/961/732 715/958/734
f 715/958/734 712/957/733 718/960/736
f 719/962/737 700/940/719 716/959/735
f 615/828/634 616/827/633 720/963/738
f 692/928/709 704/945/724 721/964/739
f 722/965/740 704/945/724 615/828/634
f 617/833/635 723/966/741 720/967/738
f 617/833/635 619/832/638 723/966/741
f 721/964/739 724/968/742 692/928/709
f 722/965/740 725/969/743 721/964/739
f 720/967/738 726/970/744 722/971/740
f 720/967/738 723/966/741 727/972/745
f 724/968/742 725/969/743 728/973/746
f 730/974/747 694/930/711 724/968/742
f 727/972/745 731/975/748 726/970/744
f 727/972/745 621/836/641 731/975/748
f 726/970/744 732/976/749 728/977/746
f 726/970/744 731/975/748 732/976/749
f 729/978/750 703/942/721 702/941/720
f 734/979/751 730/980/747 728/977/746
f 728/977/746 732/976/749 734/979/751
f 735/981/752 703/942/721 729/978/750
f 732/976/749 736/835/640 737/982/753
f 734/979/751 738/983/754 733/984/755
f 734/979/751 737/982/753 738/983/754
f 733/984/755 739/985/756 735/986/752
f 733/984/755 738/983/754 740/987/757
f 740/987/757 741/988/758 739/985/756
f 739/985/756 709/989/730 708/990/726
f 739/985/756 741/988/758 742/991/759
f 742/991/759 712/957/733 709/989/730
f 742/991/759 744/992/760 712/957/733
f 746/993/761 567/994/762 745/995/763
f 751/996/764 745/995/763 748/997/765
f 753/998/766 748/997/765 749/999/767
f 750/1000/768 755/1001/769 754/1002/770
f 758/1003/771 750/1000/768 751/996/764
f 758/1003/771 757/1004/772 756/1005/773
f 759/1006/774 751/996/764 752/1007/775
f 746/993/761 745/995/763 754/1002/770
f 760/1008/776 755/1001/769 756/1005/773
f 757/1004/772 760/1008/776 756/1005/773
f 687/923/704 762/1009/777 686/922/703
f 762/1009/777 687/923/704 688/925/706
f 764/1010/778 688/925/706 690/926/707
f 691/927/708 764/1010/778 690/926/707
f 767/1011/779 593/775/589 762/1009/777
f 763/1012/780 767/1011/779 762/1009/777
f 771/1013/781 763/1012/780 768/1014/782
f 771/1013/781 773/1015/783 767/1011/779
f 772/1016/784 749/999/767 747/1017/785
f 753/998/766 774/1018/786 752/1007/775
f 777/1019/787 775/1020/788 774/1021/786
f 779/1022/789 775/1020/788 778/1023/790
f 780/1024/791 776/1025/792 779/1022/789
f 781/1026/793 778/1023/790 777/1019/787
f 772/1016/784 781/1027/793 749/999/767
f 773/1015/783 784/1028/794 772/1016/784
f 759/1006/774 785/1029/795 757/1004/772
f 774/1018/786 759/1006/774 752/1007/775
f 787/1030/796 786/1031/797 785/1032/795
f 775/1020/788 787/1030/796 774/1021/786
f 776/1025/792 788/1033/798 775/1020/788
f 779/1022/789 789/1034/799 790/1035/800
f 780/1024/791 790/1035/800 791/1036/801
f 782/1037/802 789/1034/803 778/1023/790
f 793/1038/804 789/1039/799 792/1040/805
f 794/1041/806 790/1042/800 793/1038/804
f 783/1043/807 792/1044/808 782/1045/802
f 784/1028/794 795/1046/809 783/1047/807
f 773/1015/783 796/1048/810 784/1028/794
f 785/1029/795 761/1049/811 757/1004/772
f 786/1050/797 798/1051/812 785/1029/795
f 793/1038/804 792/1040/805 799/1052/813
f 794/1041/806 799/1052/813 800/1053/814
f 794/1041/806 800/1053/814 801/1054/815
f 795/1055/816 799/1052/813 792/1040/805
f 802/1056/817 800/1053/814 799/1052/813
f 803/1057/818 801/1054/815 800/1053/814
f 796/1058/810 802/1059/819 784/1060/794
f 797/1061/820 805/1062/821 796/1048/810
f 806/1063/822 691/927/708 701/939/718
f 770/1064/823 766/1065/824 806/1063/822
f 788/1033/798 808/1066/825 786/1031/797
f 807/1067/826 791/1036/801 809/1068/827
f 794/1041/806 809/1069/827 791/1070/801
f 798/1051/812 786/1050/797 808/1071/825
f 811/1072/828 794/1041/806 801/1054/815
f 812/1073/829 811/1072/828 804/1074/830
f 807/1067/826 814/1075/831 776/1025/792
f 815/1076/832 814/1075/831 807/1067/826
f 814/1075/831 788/1033/798 776/1025/792
f 817/1077/833 807/1067/826 809/1068/827
f 818/1078/834 809/1069/827 810/1079/835
f 819/1080/836 818/1078/834 810/1079/835
f 819/1080/836 811/1072/828 821/1081/837
f 822/1082/838 819/1080/836 821/1081/837
f 718/960/736 823/1083/839 717/1084/840
f 823/1083/839 712/957/733 744/992/760
f 719/962/737 824/1085/841 701/939/718
f 717/1084/840 823/1083/839 825/1086/842
f 824/1085/841 813/1087/843 806/1063/822
f 828/1088/844 719/1089/737 825/1086/842
f 825/1086/842 823/1083/839 828/1088/844
f 829/1090/845 823/1083/839 827/1091/846
f 832/1092/847 827/1091/846 865/1093/848
f 831/1094/849 865/1093/848 830/1095/850
f 827/1091/846 832/1092/847 829/1090/845
f 836/1096/851 830/1095/850 834/1097/852
f 816/1098/853 838/1099/854 808/1066/825
f 841/1100/855 838/1099/854 840/1101/856
f 841/1100/855 839/1102/857 838/1099/854
f 815/1076/832 817/1077/833 843/1103/858
f 843/1103/858 814/1075/831 815/1076/832
f 844/1104/859 840/1101/856 843/1103/858
f 845/1105/860 842/1106/861 841/1100/855
f 848/1107/862 817/1077/833 818/1108/834
f 848/1107/862 844/1104/859 843/1103/858
f 848/1107/862 845/1105/860 844/1104/859
f 850/1109/863 846/1110/864 845/1105/860
f 852/1111/865 846/1110/864 851/1112/866
f 852/1111/865 833/1113/867 847/1114/868
f 819/1080/836 848/1115/862 818/1078/834
f 853/1116/869 849/1117/870 848/1115/862
f 853/1116/869 850/1118/863 849/1117/870
f 854/1119/871 851/1120/866 850/1118/863
f 856/1121/872 851/1112/866 855/1122/873
f 856/1123/874 835/1124/875 836/1096/851
f 836/1096/851 852/1125/865 856/1123/874
f 857/1126/876 835/1124/875 855/1127/877
f 838/1128/854 820/1129/878 808/1071/825
f 858/1130/879 838/1128/854 839/1131/857
f 853/1116/869 822/1082/838 859/1132/880
f 860/1133/881 853/1134/869 859/1135/880
f 861/1136/882 854/1137/871 860/1133/881
f 863/1138/883 837/1139/884 857/1126/876
f 857/1140/876 861/1141/885 863/1142/883
f 743/1143/886 827/1091/846 744/992/760
f 864/1144/887 736/835/640 620/834/639
f 865/1093/848 827/1091/846 866/1145/888
f 868/1146/889 866/1145/888 867/1147/890
f 830/1095/850 865/1093/848 868/1146/889
f 866/1145/888 864/1144/887 874/1148/891
f 867/1147/890 869/1149/892 872/1150/893
f 871/1151/894 870/1152/895 873/1153/896
f 834/1097/852 868/1146/889 873/1153/896
f 877/1154/897 869/1149/892 874/1148/891
f 870/1155/895 839/1102/857 878/1156/898
f 876/1157/899 875/1158/900 870/1152/895
f 876/1157/899 871/1151/894 872/1150/893
f 879/1159/901 842/1106/861 847/1114/868
f 879/1160/901 833/1161/867 873/1153/896
f 879/1159/901 870/1155/895 878/1156/898
f 858/1130/879 839/1131/857 875/1162/900
f 880/1163/902 875/1158/900 876/1157/899
f 877/1154/897 880/1163/902 876/1157/899
f 881/1164/903 765/1165/904 882/1166/905
f 881/1164/903 771/1013/781 768/1014/782
f 882/1166/905 885/1167/906 881/1164/903
f 883/1168/907 886/1169/908 882/1166/905
f 885/1167/906 773/1015/783 771/1013/781
f 886/1169/908 888/1170/909 885/1167/906
f 887/1171/910 889/1172/911 883/1168/907
f 889/1172/911 891/1173/912 886/1169/908
f 890/1174/913 892/1175/914 889/1172/911
f 888/1170/909 797/1061/820 773/1015/783
f 891/1173/912 894/1176/915 888/1170/909
f 892/1175/914 896/1177/916 891/1173/912
f 898/1178/917 892/1175/914 895/1179/918
f 901/1180/919 893/1181/920 899/1182/921
f 900/1183/922 901/1180/919 899/1182/921
f 902/1184/923 895/1179/918 901/1180/919
f 769/1185/924 770/1064/823 813/1087/843
f 904/1186/925 769/1185/924 903/1187/926
f 887/1171/910 884/1188/927 904/1186/925
f 890/1174/913 887/1171/910 905/1189/928
f 907/1190/929 890/1174/913 906/1191/930
f 900/1183/922 899/1182/921 907/1190/929
f 902/1184/923 901/1180/919 908/1192/931
f 910/1193/932 813/1087/843 824/1085/841
f 911/1194/933 824/1195/841 826/1196/934
f 910/1193/932 904/1186/925 903/1187/926
f 913/1197/935 904/1186/925 910/1193/932
f 911/1194/933 913/1198/935 910/1199/932
f 911/1194/933 829/1090/845 914/1200/936
f 912/1201/937 906/1191/930 905/1189/928
f 912/1201/937 907/1190/929 906/1191/930
f 915/1202/938 900/1183/922 912/1201/937
f 916/1203/939 915/1204/938 914/1200/936
f 914/1200/936 837/1139/884 916/1203/939
f 917/1205/940 900/1183/922 915/1202/938
f 916/1203/939 918/1206/941 915/1204/938
f 917/1205/940 908/1192/931 900/1183/922
f 916/1203/939 919/1207/942 918/1206/941
f 920/1208/943 837/1139/884 862/1209/944
f 921/1210/945 84/456/346 335/455/345
f 372/649/498 922/1211/946 371/500/384
f 58/1212/58 923/1213/947 924/1214/948
f 921/1215/945 354/480/366 925/1216/949
f 367/494/379 925/1216/949 354/480/366
f 371/500/384 926/1217/950 367/494/379
f 927/1218/951 371/500/384 922/1211/946
f 928/1219/952 926/1217/950 927/1218/951
f 930/1220/953 926/1217/950 928/1219/952
f 934/1221/954 928/1219/952 929/1222/955
f 934/1223/956 932/1224/957 931/1225/958
f 935/1226/959 933/1227/960 932/1224/957
f 939/1228/961 935/1226/959 938/1229/962
f 941/1230/963 934/1223/956 940/1231/964
f 942/1232/965 938/1229/962 941/1230/963
f 944/1233/966 925/1216/949 926/1217/950
f 945/1234/967 926/1217/950 930/1220/953
f 948/1235/968 930/1220/953 931/1236/958
f 948/1237/968 946/1238/969 945/1239/967
f 932/1240/957 948/1241/968 931/1242/958
f 932/1224/957 947/1243/970 946/1238/969
f 59/61/57 924/1244/948 950/1245/971
f 951/1246/972 943/1247/973 944/1233/966
f 954/1248/974 944/1233/966 945/1234/967
f 954/1249/974 952/1250/975 951/1251/972
f 946/1252/969 954/1253/974 945/1254/967
f 947/1243/970 952/1255/975 946/1238/969
f 956/1256/976 943/1247/973 951/1246/972
f 952/1257/975 956/1258/977 951/1259/972
f 953/1260/978 957/1261/979 952/1257/975
f 960/1262/980 943/1247/973 956/1256/976
f 957/1261/979 960/1263/981 956/1258/977
f 962/1264/982 957/1261/979 958/1265/983
f 937/1266/984 963/1267/985 933/1227/960
f 964/1268/986 937/1266/984 939/1228/961
f 965/1269/987 939/1228/961 942/1232/965
f 949/1270/988 966/1271/989 947/1243/970
f 949/1270/988 933/1227/960 963/1267/985
f 966/1271/989 955/1272/990 947/1243/970
f 969/1273/991 953/1260/978 955/1274/990
f 968/1275/992 970/1276/993 953/1260/978
f 971/1277/994 958/1265/983 970/1276/993
f 972/1278/995 969/1279/991 966/1271/989
f 398/530/413 112/136/112 387/518/401
f 964/1268/986 976/1280/996 937/1266/984
f 978/1281/997 977/1282/998 972/1278/995
f 963/1267/985 978/1281/997 967/1283/999
f 979/1284/1000 937/1266/984 976/1280/996
f 980/1285/1001 972/1278/995 977/1282/998
f 983/1286/1002 970/1276/993 968/1275/992
f 980/1287/1001 983/1286/1002 969/1273/991
f 982/1288/1003 971/1277/994 970/1276/993
f 973/1289/1004 984/1290/1005 964/1268/986
f 398/530/413 387/518/401 975/1291/1006
f 984/1290/1005 985/1292/1007 976/1280/996
f 988/1293/1008 976/1280/996 985/1292/1007
f 988/1293/1008 987/1294/1009 978/1281/997
f 989/1295/1010 980/1285/1001 977/1282/998
f 989/1295/1010 978/1281/997 987/1294/1009
f 991/1296/1011 982/1288/1003 983/1286/1002
f 990/1297/1012 992/1298/1013 982/1288/1003
f 417/562/434 196/258/197 993/1299/1014
f 407/544/424 975/1291/1006 994/1300/1015
f 196/258/197 994/1300/1015 995/1301/1016
f 427/578/445 993/1302/1014 996/1303/1017
f 443/599/461 442/598/460 998/1304/1018
f 999/1305/1019 443/599/461 998/1304/1018
f 1001/1306/1020 442/1307/460 1000/1308/1021
f 998/1309/1018 1001/1306/1020 1003/1310/1022
f 1004/1311/1023 985/1292/1007 984/1290/1005
f 1005/1312/1024 1002/1313/1025 1004/1311/1023
f 1005/1314/1024 998/1309/1018 1003/1310/1022
f 1006/1315/1026 984/1290/1005 986/1316/1027
f 1005/1312/1024 1004/1311/1023 1006/1315/1026
f 1008/1317/1028 996/1303/1017 1007/1318/1029
f 1010/1319/1030 1000/1308/1021 1008/1320/1028
f 1002/1313/1025 987/1294/1009 988/1293/1008
f 1011/1321/1031 1009/1322/1032 1002/1313/1025
f 1011/1323/1031 1002/1324/1025 1003/1310/1022
f 1011/1323/1031 1001/1306/1020 1010/1319/1030
f 1013/1325/1033 993/1302/1014 1012/1326/1034
f 1016/1327/1035 1007/1328/1029 1013/1329/1036
f 1015/1330/1037 1014/1331/1038 989/1295/1010
f 1015/1330/1037 987/1294/1009 1009/1322/1032
f 1017/1332/1039 1009/1333/1032 1010/1319/1030
f 1017/1332/1039 1008/1320/1028 1016/1327/1035
f 1014/1334/1038 991/1296/1011 980/1287/1001
f 1018/1335/1040 990/1336/1012 991/1337/1011
f 1018/1338/1040 1014/1334/1038 1015/1339/1037
f 1020/1340/1041 1015/1341/1037 1016/1327/1035
f 1020/1340/1041 1013/1329/1036 1019/1342/1042
f 1021/1343/1043 990/1297/1012 1018/1338/1040
f 1022/1344/1044 1018/1345/1040 1019/1342/1042
f 478/1346/497 1023/1347/1045 458/642/494
f 479/650/499 922/1211/946 372/649/498
f 922/1211/946 929/1222/955 927/1218/951
f 1024/1348/1046 940/1349/964 929/1222/955
f 1026/1350/1047 940/1231/964 1025/1351/1048
f 1026/1350/1047 942/1232/965 941/1230/963
f 1029/1352/1049 1025/1351/1048 1028/1353/1050
f 1030/1354/1051 1026/1350/1047 1029/1352/1049
f 922/1211/946 1031/1355/1052 1024/1348/1046
f 479/650/499 1032/1356/1053 922/1211/946
f 230/301/233 1033/1357/1054 229/299/232
f 1030/1358/1051 1029/1359/1049 1035/1360/1055
f 1031/1355/1052 1034/1361/1056 1028/1362/1050
f 1037/1363/1057 1034/1364/1056 1036/1365/1058
f 1038/1366/1059 1029/1359/1049 1037/1363/1057
f 1032/1356/1053 1036/1367/1058 1031/1355/1052
f 479/650/499 1039/1368/1060 1032/1356/1053
f 1023/1347/1045 1040/1369/1061 479/650/499
f 1038/1366/1059 1037/1363/1057 1042/1370/1062
f 1039/1368/1060 1041/1371/1063 1036/1367/1058
f 1044/1372/1064 1041/1373/1063 1043/1374/1065
f 1045/1375/1066 1037/1363/1057 1044/1372/1064
f 1040/1369/1061 1043/1376/1065 1039/1368/1060
f 1023/1347/1045 1046/1377/1067 1040/1369/1061
f 478/1346/497 1047/1378/1068 1023/1347/1045
f 1044/1372/1064 1048/1379/1069 1049/1380/1070
f 1045/1375/1066 1049/1380/1070 1050/1381/1071
f 1046/1377/1067 1048/1382/1069 1043/1376/1065
f 1049/1380/1070 1048/1379/1069 1051/1383/1072
f 1047/1378/1068 1051/1384/1072 1046/1377/1067
f 1049/1380/1070 1053/1385/1073 1054/1386/1074
f 1052/1387/1075 1054/1386/1074 1055/1388/1076
f 1052/1387/1075 1055/1388/1076 1056/1389/1077
f 1047/1378/1068 1053/1390/1078 1051/1384/1072
f 1033/1357/1054 1057/1391/1079 478/648/497
f 1027/1392/1080 965/1269/987 942/1232/965
f 1058/1393/1081 1042/1370/1062 1045/1375/1066
f 1059/1394/1082 1027/1392/1080 1030/1354/1051
f 1060/1395/1083 1030/1358/1051 1035/1360/1055
f 1061/1396/1084 1035/1360/1055 1038/1366/1059
f 1062/1397/1085 1058/1393/1081 1050/1381/1071
f 1063/1398/1086 1050/1381/1071 1052/1387/1075
f 1027/1392/1080 973/1289/1004 965/1269/987
f 1065/1399/1087 1061/1396/1084 1042/1370/1062
f 1066/1400/1088 1063/1398/1086 1056/1389/1077
f 1067/1401/1089 1064/1402/1090 1059/1394/1082
f 1068/1403/1091 1059/1394/1082 1060/1404/1083
f 1069/1405/1092 1061/1396/1084 1065/1399/1087
f 1070/1406/1093 1065/1399/1087 1058/1393/1081
f 1071/1407/1094 1070/1406/1093 1062/1397/1085
f 1072/1408/1095 1068/1409/1091 1061/1396/1084
f 1073/1410/1096 1071/1407/1094 1063/1398/1086
f 1074/1411/1097 1063/1398/1086 1066/1400/1088
f 1075/730/552 531/729/551 444/600/462
f 636/423/321 332/451/343 533/1412/1098
f 1075/730/552 444/600/462 997/1413/1099
f 1076/1414/1100 528/726/548 1075/730/552
f 997/1413/1099 999/1305/1019 1077/1415/1101
f 1078/1416/1102 997/1413/1099 1077/1415/1101
f 1064/1402/1090 1006/1315/1026 986/1316/1027
f 1079/1417/1103 1005/1312/1024 1006/1315/1026
f 999/1418/1019 1005/1314/1024 1080/1419/1104
f 1067/1401/1089 1079/1417/1103 1064/1402/1090
f 1081/1420/1105 1080/1421/1104 1079/1417/1103
f 1077/1415/1101 1080/1422/1104 1082/1423/1106
f 1083/1424/1107 1077/1415/1101 1082/1423/1106
f 1078/1416/1102 1083/1424/1107 1084/1425/1108
f 1075/730/552 1084/1425/1108 1085/1426/1109
f 1081/1420/1105 1067/1401/1089 1068/1403/1091
f 1072/1408/1095 1081/1427/1105 1068/1409/1091
f 1087/1428/1110 1086/1429/1111 1081/1430/1105
f 1083/1424/1107 1086/1431/1111 1088/1432/1112
f 1084/1425/1108 1088/1432/1112 1089/1433/1113
f 1085/1426/1109 1089/1433/1113 1090/1434/1114
f 1087/1435/1110 1072/1408/1095 1069/1405/1092
f 1070/1406/1093 1087/1435/1110 1069/1405/1092
f 1092/1436/1115 1091/1437/1116 1087/1435/1110
f 1089/1438/1113 1091/1439/1116 1093/1440/1117
f 1090/1434/1114 1093/1441/1117 1094/1442/1118
f 1076/1414/1100 1094/1442/1118 1095/1443/1119
f 1096/1444/1120 332/451/343 532/731/553
f 532/731/553 1095/1445/1119 1096/1444/1120
f 1097/1446/1121 1070/1406/1093 1071/1407/1094
f 1098/1447/1122 1092/1448/1115 1097/1449/1121
f 1073/1410/1096 1097/1446/1121 1071/1407/1094
f 1094/1450/1118 1098/1447/1122 1099/1451/1123
f 1100/1452/1124 1073/1453/1096 1074/1454/1097
f 1101/1455/1125 1097/1449/1121 1100/1452/1124
f 1095/1443/1119 1101/1456/1126 1102/1457/1127
f 921/1210/945 959/1458/1128 1103/1459/1129
f 1103/1459/1129 923/1213/947 921/1210/945
f 1104/1460/1130 959/1461/1131 960/1262/980
f 1105/1462/1132 960/1263/981 961/1463/1133
f 1106/1464/1134 961/1463/1133 962/1264/982
f 1106/1464/1134 1107/1465/1135 1105/1462/1132
f 1103/1466/1129 959/1461/1128 1110/1467/1136
f 1104/1460/1130 1110/1467/1136 959/1461/1131
f 1112/1468/1137 1104/1469/1138 1107/1465/1135
f 1108/1470/1139 1112/1468/1137 1107/1465/1135
f 1109/1471/1140 1113/1472/1141 1108/1470/1139
f 1115/1473/1142 1111/1474/1143 1112/1468/1137
f 1116/1475/1144 1112/1468/1137 1113/1472/1141
f 1116/1475/1144 1117/1476/1145 1119/1477/1146
f 1118/1478/1147 1120/1479/1148 1114/1480/1149
f 1122/1481/1150 1118/1482/1147 1115/1473/1142
f 1123/1483/1151 1115/1473/1142 1116/1475/1144
f 1124/1484/1152 1116/1475/1144 1119/1477/1146
f 1125/1485/1153 1122/1486/1150 1126/1487/1154
f 1126/1487/1154 1123/1488/1151 1127/1489/1155
f 1128/1490/1156 1123/1488/1151 1124/1491/1152
f 1129/1492/1157 1126/1487/1154 1130/1493/1158
f 1131/1494/1159 1127/1489/1155 1128/1490/1156
f 950/1245/971 924/1244/948 1133/1495/1160
f 1135/1496/1161 1110/1497/1136 1134/1498/1162
f 1103/1459/1129 1132/1499/1163 923/1213/947
f 1120/1479/1148 1134/1500/1162 1110/1467/1136
f 1121/1501/1164 1136/1502/1165 1120/1479/1148
f 1125/1503/1153 1137/1504/1166 1121/1501/1164
f 1129/1505/1157 1137/1504/1166 1125/1503/1153
f 1139/1506/1167 1130/1493/1158 1127/1489/1155
f 1139/1506/1167 1127/1489/1155 1131/1494/1159
f 1140/1507/1168 1130/1493/1158 1141/1508/1169
f 1141/1508/1169 1139/1506/1167 1142/1509/1170
f 1144/1510/1171 1141/1508/1169 1145/1511/1172
f 1145/1511/1172 1142/1509/1170 1146/1512/1173
f 1146/1512/1173 1143/1513/1174 1147/1514/1175
f 924/1515/948 1132/1516/1163 1148/1517/1176
f 1135/1518/1161 1149/1519/1177 1150/1520/1178
f 1151/1521/1179 1132/1516/1163 1150/1520/1178
f 1152/1522/1180 1148/1517/1176 1151/1521/1179
f 1136/1502/1165 1149/1523/1177 1134/1500/1162
f 1137/1504/1166 1153/1524/1181 1136/1502/1165
f 1138/1525/1182 1154/1526/1183 1137/1504/1166
f 1140/1527/1184 1155/1528/1185 1138/1525/1182
f 1144/1529/1186 1155/1528/1185 1140/1527/1184
f 1157/1530/1187 1149/1519/1177 1156/1531/1188
f 1151/1521/1179 1157/1530/1187 1158/1532/1189
f 1159/1533/1190 1151/1521/1179 1158/1532/1189
f 1153/1524/1181 1156/1534/1191 1149/1523/1177
f 1161/1535/1192 1156/1536/1193 1160/1537/1194
f 1162/1538/1195 1157/1539/1187 1161/1535/1192
f 1163/1540/1196 1158/1541/1189 1162/1538/1195
f 1154/1526/1183 1160/1542/1197 1153/1524/1181
f 1165/1543/1198 1161/1535/1192 1164/1544/1199
f 1166/1545/1200 1162/1538/1195 1165/1543/1198
f 1155/1528/1185 1160/1542/1197 1154/1526/1183
f 1168/1546/1201 1164/1544/1199 1160/1537/1194
f 1167/1547/1202 1165/1543/1198 1169/1548/1203
f 1106/1464/1134 962/1264/982 971/1277/994
f 1170/1549/1204 1109/1471/1140 1106/1464/1134
f 1117/1476/1145 1113/1472/1141 1171/1550/1205
f 1128/1490/1156 1174/1551/1206 1175/1552/1207
f 1131/1494/1159 1128/1490/1156 1175/1552/1207
f 1176/1553/1208 950/1245/971 1133/1495/1160
f 1143/1513/1174 1139/1506/1167 1177/1554/1209
f 1178/1555/1210 1148/1517/1176 1152/1522/1180
f 59/61/57 950/1245/971 974/1556/1211
f 1179/1557/1212 1174/1558/1206 1119/1477/1146
f 1177/1554/1209 1131/1494/1159 1180/1559/1213
f 1147/1514/1175 1143/1513/1174 1181/1560/1214
f 1182/1561/1215 1176/1553/1208 1148/1562/1176
f 1183/1563/1216 1178/1555/1210 1159/1533/1190
f 1163/1540/1196 1183/1564/1216 1159/1565/1190
f 1166/1545/1200 1184/1566/1217 1163/1540/1196
f 1167/1547/1202 1185/1567/1218 1166/1545/1200
f 1186/1568/1219 387/518/401 974/1556/1211
f 1187/1569/1220 1172/1570/1221 1109/1471/1140
f 1176/1553/1208 1182/1561/1215 1190/1571/1222
f 1191/1572/1223 1178/1555/1210 1183/1563/1216
f 1185/1567/1218 1192/1573/1224 1184/1566/1217
f 1193/1574/1225 1187/1569/1220 1170/1549/1204
f 1195/1575/1226 1172/1570/1221 1194/1576/1227
f 1196/1577/1228 1117/1476/1145 1195/1575/1226
f 1196/1577/1228 1174/1558/1206 1179/1557/1212
f 1175/1552/1207 1174/1551/1206 1197/1578/1229
f 1198/1579/1230 1175/1552/1207 1197/1578/1229
f 1199/1580/1231 1180/1559/1213 1198/1579/1230
f 1181/1560/1214 1177/1554/1209 1199/1580/1231
f 1188/1581/1232 1190/1571/1222 1200/1582/1233
f 1190/1583/1222 1191/1572/1223 1201/1584/1234
f 1192/1585/1224 1201/1584/1234 1191/1572/1223
f 981/1586/1235 1186/1568/1219 1202/1587/1236
f 1173/1588/1237 1188/1581/1232 1205/1589/1238
f 1167/1547/1202 1206/1590/1239 1185/1567/1218
f 975/1291/1006 1202/1587/1236 1208/1591/1240
f 992/1298/1013 1193/1574/1225 971/1277/994
f 1208/1591/1240 1202/1587/1236 1186/1568/1219
f 1208/1591/1240 1186/1568/1219 1203/1592/1241
f 1194/1576/1227 1187/1569/1220 1209/1593/1242
f 1203/1592/1241 1173/1588/1237 1210/1594/1243
f 1212/1595/1244 1199/1580/1231 1211/1596/1245
f 1205/1589/1238 1200/1582/1233 1213/1597/1246
f 1213/1598/1246 1201/1584/1234 1214/1599/1247
f 1215/1600/1248 1214/1599/1247 1201/1584/1234
f 1206/1590/1239 1215/1601/1248 1192/1573/1224
f 994/1300/1015 1208/1591/1240 1216/1602/1249
f 1218/1603/1250 992/1298/1013 1021/1343/1043
f 1219/1604/1251 1021/1605/1043 1022/1344/1044
f 1219/1606/1252 1012/1326/1034 1217/1607/1253
f 995/1301/1016 1216/1602/1249 1220/1608/1254
f 1218/1603/1250 1209/1593/1242 1193/1574/1225
f 1219/1604/1251 1221/1609/1255 1218/1610/1250
f 1219/1606/1252 1217/1607/1253 1222/1611/1256
f 1216/1602/1249 1208/1591/1240 1210/1594/1243
f 1217/1612/1257 1220/1608/1254 1223/1613/1258
f 1221/1614/1255 1194/1576/1227 1209/1593/1242
f 1222/1615/1259 1224/1616/1260 1221/1609/1255
f 1222/1611/1256 1223/1617/1261 1225/1618/1262
f 1226/1619/1263 1194/1576/1227 1224/1620/1260
f 1227/1621/1264 1224/1616/1260 1225/1622/1265
f 1216/1602/1249 1210/1594/1243 1228/1623/1266
f 1225/1618/1262 1223/1617/1261 1229/1624/1267
f 1226/1619/1263 1230/1625/1268 1195/1575/1226
f 1227/1621/1264 1229/1626/1269 1231/1627/1270
f 1223/1613/1258 1220/1608/1254 1232/1628/1271
f 1229/1624/1267 1232/1629/1271 1233/1630/1272
f 1234/1631/1273 1196/1577/1228 1230/1625/1268
f 1226/1619/1263 1234/1631/1273 1230/1625/1268
f 1231/1627/1274 1235/1632/1275 1226/1633/1263
f 1231/1634/1270 1233/1635/1276 1236/1636/1277
f 1237/1637/1278 1204/1638/1279 1234/1639/1273
f 1238/1640/1280 1234/1639/1273 1235/1641/1275
f 1239/1642/1281 1235/1641/1275 1236/1643/1277
f 1220/1608/1254 1228/1623/1266 1240/1644/1282
f 1233/1630/1272 1232/1629/1271 1241/1645/1283
f 1236/1646/1277 1241/1645/1283 1242/1647/1284
f 1237/1637/1278 1198/1579/1230 1197/1578/1229
f 1238/1640/1280 1243/1648/1285 1237/1637/1278
f 1239/1649/1281 1242/1647/1284 1244/1650/1286
f 1245/1651/1287 1198/1579/1230 1243/1648/1285
f 1246/1652/1288 1243/1648/1285 1238/1640/1280
f 1247/1653/1289 1238/1640/1280 1244/1654/1286
f 1212/1595/1244 1211/1596/1245 1248/1655/1290
f 1248/1655/1290 1246/1652/1288 1249/1656/1291
f 1250/1657/1292 1246/1652/1288 1247/1653/1289
f 1189/1658/1293 1248/1655/1290 1251/1659/1294
f 1251/1659/1294 1249/1656/1291 1252/1660/1295
f 1252/1660/1295 1250/1657/1292 1253/1661/1296
f 1240/1644/1282 1213/1597/1246 1254/1662/1297
f 1255/1663/1298 1240/1644/1282 1254/1662/1297
f 1241/1645/1283 1255/1664/1298 1256/1665/1299
f 1242/1647/1284 1256/1665/1299 1257/1666/1300
f 1258/1667/1301 1242/1647/1284 1257/1666/1300
f 1253/1668/1296 1258/1667/1301 1259/1669/1302
f 1260/1670/1303 1213/1598/1246 1214/1599/1247
f 1261/1671/1304 1254/1662/1297 1260/1672/1303
f 1215/1600/1248 1260/1670/1303 1214/1599/1247
f 1262/1673/1305 1261/1674/1304 1260/1675/1303
f 1256/1665/1299 1261/1676/1304 1263/1677/1306
f 1264/1678/1307 1215/1601/1248 1206/1590/1239
f 1265/1679/1308 1215/1601/1248 1264/1678/1307
f 1265/1679/1308 1263/1680/1306 1262/1673/1305
f 1257/1666/1300 1263/1677/1306 1266/1681/1309
f 1264/1678/1307 1206/1590/1239 1207/1682/1310
f 1265/1679/1308 1264/1678/1307 1267/1683/1311
f 1054/1684/1074 1053/1685/1073 1268/1686/1312
f 1269/1687/1313 1054/1684/1074 1268/1686/1312
f 1057/1688/1079 1270/1689/1314 1047/1378/1068
f 1268/1686/1312 1275/1690/1315 1276/1691/1316
f 1277/1692/1317 1272/1693/1318 1273/1694/1319
f 1277/1692/1317 1268/1686/1312 1276/1691/1316
f 1278/1695/1320 1273/1694/1319 1274/1696/1321
f 1269/1697/1313 1277/1698/1317 1278/1699/1320
f 1274/1696/1321 1280/1700/1322 1281/1701/1323
f 1283/1702/1324 1279/1703/1325 1272/1693/1318
f 1283/1702/1324 1275/1690/1315 1282/1704/1326
f 1283/1702/1324 1272/1693/1318 1276/1691/1316
f 1287/1705/1327 1285/1706/1328 1286/1707/1329
f 1280/1700/1322 1285/1706/1328 1287/1705/1327
f 1288/1708/1330 1279/1709/1325 1282/1710/1326
f 1289/1711/1331 1282/1710/1326 1270/1689/1314
f 1291/1712/1332 1284/1713/1333 1293/1714/1334
f 1294/1715/1335 1291/1716/1332 1292/1717/1336
f 1294/1718/1335 1285/1706/1328 1291/1712/1332
f 1295/1719/1337 1284/1720/1333 1279/1709/1325
f 1296/1721/1338 1279/1709/1325 1288/1708/1330
f 1297/1722/1339 1288/1708/1330 1289/1711/1331
f 1298/1723/1340 1144/1510/1171 1145/1511/1172
f 1298/1723/1340 1146/1512/1173 1299/1724/1341
f 1301/1725/1342 1144/1510/1171 1298/1723/1340
f 1301/1726/1342 1290/1727/1343 1300/1728/1344
f 1302/1729/1345 1298/1723/1340 1299/1724/1341
f 1292/1717/1336 1301/1725/1342 1302/1729/1345
f 1303/1730/1346 1290/1731/1343 1293/1732/1334
f 1304/1733/1347 1293/1732/1334 1295/1719/1337
f 1305/1734/1348 1295/1719/1337 1296/1721/1338
f 1306/1735/1349 1144/1529/1186 1300/1736/1344
f 1306/1735/1349 1300/1736/1344 1303/1730/1346
f 1307/1737/1350 1303/1730/1346 1304/1733/1347
f 1307/1737/1350 1304/1733/1347 1305/1734/1348
f 1308/1738/1351 1305/1734/1348 1297/1722/1339
f 1309/1739/1352 1297/1722/1339 1057/1688/1079
f 1033/1357/1054 1309/1740/1352 1057/1391/1079
f 1311/1741/1353 1033/1357/1054 1271/1742/1354
f 1168/1743/1201 1155/1528/1185 1306/1735/1349
f 1169/1548/1203 1164/1544/1199 1313/1744/1355
f 1168/1743/1201 1306/1735/1349 1307/1737/1350
f 1316/1745/1356 1313/1744/1355 1168/1546/1201
f 1316/1746/1356 1307/1737/1350 1308/1738/1351
f 1317/1747/1357 1169/1548/1203 1313/1744/1355
f 1318/1748/1358 1314/1749/1359 1169/1548/1203
f 1320/1750/1360 1308/1738/1351 1309/1739/1352
f 1320/1751/1360 1317/1747/1357 1316/1745/1356
f 1310/1752/1361 1320/1753/1360 1309/1740/1352
f 1321/1754/1362 1318/1748/1358 1317/1747/1357
f 1322/1755/1363 1314/1749/1359 1318/1748/1358
f 1323/1756/1364 1315/1757/1365 1314/1749/1359
f 1325/1758/1366 1310/1752/1361 1311/1741/1353
f 1325/1759/1366 1322/1755/1363 1321/1754/1362
f 1312/1760/1367 1325/1758/1366 1311/1741/1353
f 1326/1761/1368 1323/1756/1364 1322/1755/1363
f 1327/1762/1369 1324/1763/1370 1323/1756/1364
f 1328/1764/1371 1315/1757/1365 1324/1763/1370
f 1329/1765/1372 1319/1766/1373 1315/1757/1365
f 1056/1767/1077 1269/1697/1313 1330/1768/1374
f 1281/1701/1323 1287/1705/1327 1331/1769/1375
f 1299/1724/1341 1147/1514/1175 1332/1770/1376
f 1330/1768/1374 1278/1699/1320 1333/1771/1377
f 1274/1696/1321 1281/1701/1323 1334/1772/1378
f 1333/1773/1377 1274/1696/1321 1335/1774/1379
f 1334/1772/1378 1331/1769/1375 1336/1775/1380
f 1294/1715/1335 1337/1776/1381 1338/1777/1382
f 1338/1778/1382 1286/1707/1329 1294/1718/1335
f 1302/1729/1345 1332/1770/1376 1339/1779/1383
f 1339/1779/1383 1292/1717/1336 1302/1729/1345
f 1336/1775/1380 1286/1707/1329 1340/1780/1384
f 1066/1781/1088 1330/1768/1374 1341/1782/1385
f 1339/1779/1383 1332/1770/1376 1343/1783/1386
f 1343/1783/1386 1337/1776/1381 1339/1779/1383
f 1344/1784/1387 1167/1547/1202 1319/1766/1373
f 1333/1773/1377 1335/1774/1379 1346/1785/1388
f 1346/1785/1388 1334/1772/1378 1345/1786/1389
f 1338/1777/1382 1342/1787/1390 1347/1788/1391
f 1348/1789/1392 1338/1778/1382 1347/1790/1391
f 1348/1789/1392 1336/1775/1380 1340/1780/1384
f 1349/1791/1393 1074/1454/1097 1341/1782/1385
f 1350/1792/1394 1100/1452/1124 1349/1791/1393
f 1349/1791/1393 1333/1771/1377 1352/1793/1395
f 1350/1792/1394 1352/1793/1395 1353/1794/1396
f 1354/1795/1397 1350/1796/1398 1353/1797/1399
f 1096/1444/1120 1102/1798/1400 1354/1799/1397
f 1346/1785/1388 1355/1800/1401 1357/1801/1402
f 1352/1793/1395 1346/1802/1388 1357/1803/1402
f 1357/1803/1402 1356/1804/1403 1358/1805/1404
f 1353/1794/1396 1357/1803/1402 1358/1805/1404
f 1354/1795/1397 1353/1797/1399 1358/1806/1404
f 1345/1786/1389 1336/1775/1380 1360/1807/1405
f 1356/1804/1403 1355/1808/1401 1361/1809/1406
f 1362/1810/1407 1356/1811/1403 1361/1812/1406
f 1363/1813/1408 1358/1806/1404 1362/1810/1407
f 1359/1814/1409 1354/1799/1397 1363/1815/1408
f 1348/1789/1392 1364/1816/1410 1366/1817/1411
f 1355/1800/1401 1348/1789/1392 1366/1817/1411
f 1366/1818/1411 1365/1819/1412 1367/1820/1413
f 1361/1809/1406 1366/1821/1411 1367/1822/1413
f 1368/1823/1414 1361/1812/1406 1367/1820/1413
f 1369/1824/1415 1362/1810/1407 1368/1823/1414
f 1359/1814/1409 1363/1815/1408 1369/1825/1415
f 1370/1826/1416 1251/1659/1294 1252/1660/1295
f 1371/1827/1417 1332/1770/1376 1370/1826/1416
f 1371/1827/1417 1253/1661/1296 1372/1828/1418
f 1342/1787/1390 1371/1827/1417 1364/1829/1410
f 1364/1830/1410 1372/1831/1418 1373/1832/1419
f 1365/1833/1412 1364/1834/1410 1373/1835/1419
f 1374/1836/1420 1365/1819/1412 1373/1832/1419
f 1368/1823/1414 1374/1836/1420 1375/1837/1421
f 1369/1824/1415 1368/1823/1414 1375/1837/1421
f 1376/1838/1422 1351/1839/1423 1359/1814/1409
f 1377/1840/1424 1253/1668/1296 1259/1669/1302
f 1374/1836/1420 1377/1840/1424 1378/1841/1425
f 1375/1837/1421 1378/1841/1425 1379/1842/1426
f 1380/1843/1427 1375/1837/1421 1379/1842/1426
f 1382/1844/1428 1351/1839/1423 1376/1838/1422
f 1382/1844/1428 1369/1825/1415 1380/1845/1427
f 1384/1846/1429 1351/1839/1423 1381/1847/1430
f 1385/1848/1431 1266/1849/1309 1265/1679/1308
f 1386/1850/1432 1267/1683/1311 1207/1682/1310
f 1387/1851/1433 1377/1852/1424 1266/1853/1309
f 1386/1850/1432 1207/1682/1310 1344/1784/1387
f 1388/1854/1434 1385/1848/1431 1267/1683/1311
f 1390/1855/1435 1385/1848/1431 1389/1856/1436
f 1390/1857/1435 1379/1858/1426 1387/1851/1433
f 1391/1859/1437 1389/1856/1436 1388/1854/1434
f 1393/1860/1438 1389/1856/1436 1392/1861/1439
f 1393/1862/1438 1381/1847/1430 1382/1844/1428
f 1393/1862/1438 1380/1845/1427 1390/1857/1435
f 1394/1863/1440 1391/1859/1437 1388/1854/1434
f 1396/1864/1441 1391/1859/1437 1395/1865/1442
f 1396/1866/1441 1383/1867/1443 1384/1846/1429
f 1396/1866/1441 1381/1847/1430 1392/1868/1439
f 1400/1869/1444 567/994/762 746/993/761
f 636/423/321 1519/1870/1445 620/834/639
f 1397/1871/1446 746/993/761 755/1001/769
f 760/1008/776 1397/1871/1446 755/1001/769
f 761/1049/811 1398/1872/1447 760/1008/776
f 1397/1871/1446 1400/1869/1444 746/993/761
f 1398/1872/1447 1401/1873/1448 1397/1871/1446
f 1403/1874/1449 1398/1872/1447 1399/1875/1450
f 1402/1876/1451 1403/1874/1449 1404/1877/1452
f 1404/1877/1452 1405/1878/1453 1402/1876/1451
f 1405/1878/1453 1400/1869/1444 1401/1873/1448
f 1407/1879/1454 1405/1878/1453 1406/1880/1455
f 1408/1881/1456 1400/1869/1444 1407/1879/1454
f 1409/1882/1457 1410/1883/1458 1400/1869/1444
f 1578/1884/1459 1400/1869/1444 1410/1883/1458
f 798/1051/812 1399/1875/1450 761/1049/811
f 1417/1885/1460 1413/1886/1461 1414/1887/1462
f 803/1888/818 1416/1889/1463 1417/1885/1460
f 1418/1890/1464 1414/1887/1462 1415/1891/1465
f 804/1892/830 1417/1893/1460 1418/1894/1464
f 805/1895/821 1416/1896/1466 802/1059/819
f 1419/1897/1467 1399/1875/1450 1411/1898/1468
f 1412/1899/1469 1419/1897/1467 1411/1898/1468
f 1404/1877/1452 1419/1897/1467 1421/1900/1470
f 1421/1900/1470 1419/1897/1467 1422/1901/1471
f 1422/1901/1471 1420/1902/1472 1423/1903/1473
f 1428/1904/1474 1425/1905/1475 1429/1906/1476
f 1430/1907/1477 1425/1905/1475 1426/1908/1478
f 1430/1909/1477 1413/1886/1461 1429/1910/1476
f 1431/1911/1479 1426/1908/1478 1427/1912/1480
f 1415/1891/1465 1430/1909/1477 1431/1913/1479
f 1432/1914/1481 1413/1915/1461 1416/1916/1482
f 1433/1917/1483 1416/1896/1466 805/1895/821
f 1434/1918/1484 1421/1919/1470 1422/1920/1471
f 1423/1921/1473 1435/1922/1485 1422/1920/1471
f 1406/1880/1455 1421/1900/1470 1437/1923/1486
f 1437/1924/1486 1434/1918/1484 1438/1925/1487
f 1439/1926/1488 1434/1918/1484 1435/1922/1485
f 1439/1926/1488 1424/1927/1489 1438/1925/1490
f 1440/1928/1491 1425/1905/1475 1439/1926/1488
f 1440/1928/1491 1435/1922/1485 1436/1929/1492
f 1427/1912/1480 1440/1928/1491 1441/1930/1493
f 1442/1931/1494 1438/1925/1487 1443/1932/1495
f 1443/1933/1495 1424/1934/1496 1428/1935/1474
f 1444/1936/1497 1428/1937/1474 1432/1938/1481
f 1433/1939/1483 1445/1940/1498 1432/1941/1481
f 797/1061/820 1445/1940/1498 1433/1939/1483
f 1408/1881/1456 1406/1880/1455 1437/1923/1486
f 1442/1942/1494 1408/1881/1456 1437/1923/1486
f 1447/1943/1499 1442/1942/1494 1443/1944/1495
f 1444/1945/1497 1447/1943/1499 1443/1944/1495
f 1446/1946/1500 1448/1947/1501 1445/1940/1498
f 1447/1943/1499 1409/1882/1457 1408/1881/1456
f 1445/1940/1498 1409/1882/1457 1447/1943/1499
f 1448/1947/1501 1410/1883/1458 1409/1882/1457
f 1449/1948/1502 1448/1947/1501 1446/1946/1500
f 1453/1949/1503 1410/1883/1458 1448/1947/1501
f 1454/1950/1504 1448/1947/1501 1449/1948/1502
f 1455/1951/1505 1449/1948/1502 1450/1952/1506
f 1451/1953/1507 1455/1951/1505 1450/1952/1506
f 1418/1890/1464 1415/1891/1465 1457/1954/1508
f 1459/1955/1509 812/1956/829 1418/1894/1464
f 1459/1957/1509 1457/1954/1508 1458/1958/1510
f 1423/1921/1473 1460/1959/1511 1461/1960/1512
f 1464/1961/1513 1461/1960/1512 1462/1962/1514
f 1465/1963/1515 1427/1912/1480 1463/1964/1516
f 1457/1954/1508 1431/1913/1479 1465/1965/1515
f 1436/1929/1492 1423/1921/1473 1461/1960/1512
f 1463/1964/1516 1436/1929/1492 1461/1960/1512
f 1412/1899/1469 798/1051/812 820/1129/878
f 1469/1966/1517 1412/1899/1469 1468/1967/1518
f 1464/1961/1513 1462/1962/1514 1471/1968/1519
f 1465/1963/1515 1464/1961/1513 1472/1969/1520
f 1458/1958/1510 1465/1965/1515 1472/1970/1520
f 1468/1967/1518 820/1129/878 858/1130/879
f 1459/1957/1509 1458/1958/1510 1473/1971/1521
f 822/1972/838 1459/1955/1509 1473/1973/1521
f 859/1135/880 1473/1973/1521 1474/1974/1522
f 1475/1975/1523 859/1135/880 1474/1974/1522
f 1476/1976/1524 860/1133/881 1475/1975/1523
f 1470/1977/1525 1469/1978/1517 1477/1979/1526
f 1477/1979/1526 1469/1978/1517 1478/1980/1527
f 1471/1968/1519 1470/1977/1525 1479/1981/1528
f 1479/1981/1528 1477/1979/1526 1480/1982/1529
f 1481/1983/1530 1477/1979/1526 1478/1980/1527
f 1472/1969/1520 1471/1968/1519 1482/1984/1531
f 1458/1958/1510 1472/1970/1520 1482/1985/1531
f 1483/1986/1532 1479/1981/1528 1484/1987/1533
f 1484/1987/1533 1480/1982/1529 1485/1988/1534
f 1486/1989/1535 1480/1982/1529 1481/1983/1530
f 1487/1990/1536 1458/1958/1510 1482/1985/1531
f 1487/1991/1536 1484/1987/1533 1488/1992/1537
f 1475/1975/1523 1487/1993/1536 1488/1994/1537
f 1488/1992/1537 1485/1988/1534 1489/1995/1538
f 1476/1976/1524 1488/1994/1537 1489/1996/1539
f 1490/1997/1540 1485/1988/1534 1486/1989/1535
f 1491/1998/1541 1476/1999/1542 1489/2000/1543
f 1490/2001/1540 1493/2002/1544 1489/2003/1543
f 1490/2001/1540 1492/2004/1545 1494/2005/1546
f 1496/2006/1547 862/1209/944 1491/2007/1541
f 1491/2007/1541 1493/2002/1544 1496/2006/1547
f 1494/2005/1546 1496/2006/1547 1493/2002/1544
f 1495/2008/1548 1498/2009/1549 1496/2006/1547
f 1503/2010/1550 1499/2011/1551 1502/2012/1552
f 1504/2013/1553 1467/2014/1554 1501/2015/1555
f 1500/2016/1556 1504/2017/1553 1501/2018/1555
f 1505/2019/1557 1499/2011/1551 1503/2010/1550
f 1519/1870/1445 874/1148/891 864/1144/887
f 880/2020/902 1507/2021/1558 858/1130/879
f 877/1154/897 1508/2022/1559 880/1163/902
f 1509/2023/1560 874/1148/891 1506/2024/1561
f 1507/2021/1558 1469/1966/1517 1468/1967/1518
f 1508/2025/1559 1510/2026/1562 1507/2021/1558
f 1478/1980/1527 1469/1978/1517 1512/2027/1563
f 1512/2028/1563 1510/2029/1562 1513/2030/1564
f 1514/2031/1565 1478/1980/1527 1512/2027/1563
f 1515/2032/1566 1481/1983/1530 1514/2031/1565
f 1509/2023/1560 1516/2033/1567 1511/2034/1568
f 1511/2034/1568 1517/2035/1569 1513/2036/1564
f 1513/2036/1564 1518/2037/1570 1514/2038/1565
f 1515/2039/1566 1492/2004/1545 1486/2040/1535
f 1506/2024/1561 1520/2041/1571 1516/2033/1567
f 1516/2033/1567 1520/2041/1571 1517/2035/1569
f 1517/2035/1569 1521/2042/1572 1518/2037/1570
f 1517/2035/1569 1520/2041/1571 1521/2042/1572
f 1518/2037/1570 1495/2008/1548 1492/2004/1545
f 1521/2042/1572 1497/2043/1573 1495/2008/1548
f 1497/2043/1573 1519/1870/1445 1522/2044/1574
f 1523/2045/1575 898/1178/917 895/1179/918
f 1524/2046/1576 797/1061/820 894/1176/915
f 1525/2047/1577 894/1176/915 896/1177/916
f 1526/2048/1578 896/1177/916 897/2049/1579
f 898/1178/917 1526/2048/1578 897/2049/1579
f 1523/2045/1575 1527/2050/1580 898/1178/917
f 1528/2051/1581 1526/2048/1578 1527/2050/1580
f 1529/2052/1582 1446/1946/1500 1524/2046/1576
f 1530/2053/1583 1524/2046/1576 1525/2047/1577
f 1531/2054/1584 1525/2047/1577 1526/2048/1578
f 1532/2055/1585 1526/2048/1578 1528/2051/1581
f 1533/2056/1586 1531/2054/1584 1532/2055/1585
f 1534/2057/1587 1446/1946/1500 1529/2052/1582
f 1535/2058/1588 1529/2052/1582 1530/2053/1583
f 1536/2059/1589 1530/2053/1583 1531/2054/1584
f 1536/2059/1589 1531/2054/1584 1533/2056/1586
f 1534/2057/1587 1451/1953/1507 1450/1952/1506
f 1537/2060/1590 1535/2058/1588 1536/2059/1589
f 1538/2061/1591 1528/2051/1581 1527/2050/1580
f 909/2062/1592 1523/2045/1575 902/1184/923
f 1539/2063/1593 1538/2061/1591 1523/2045/1575
f 1539/2063/1593 1540/2064/1594 1538/2061/1591
f 1540/2064/1594 1532/2055/1585 1528/2051/1581
f 1541/2065/1595 1533/2056/1586 1532/2055/1585
f 1542/2066/1596 1536/2059/1589 1533/2056/1586
f 1544/2067/1597 1466/2068/1598 1537/2060/1590
f 1543/2069/1599 1544/2067/1597 1536/2059/1589
f 1545/2070/1600 909/2062/1592 908/1192/931
f 1546/2071/1601 908/1192/931 917/1205/940
f 1545/2070/1600 1540/2064/1594 1539/2063/1593
f 1542/2066/1596 1540/2064/1594 1545/2070/1600
f 1547/2072/1602 1545/2070/1600 1546/2071/1601
f 920/1208/943 1547/2073/1602 1546/2074/1601
f 1548/2075/1603 862/1209/944 1498/2009/1549
f 1548/2075/1603 1498/2009/1549 1499/2011/1551
f 1547/2072/1602 1543/2069/1599 1542/2066/1596
f 1548/2075/1603 1549/2076/1604 1547/2073/1602
f 1550/2077/1605 1499/2011/1551 1500/2016/1556
f 1549/2078/1604 1466/2068/1598 1544/2067/1597
f 1550/2077/1605 1467/2079/1554 1549/2076/1604
f 1550/2077/1605 1500/2016/1556 1501/2018/1555
f 1551/2080/1606 1554/2081/1607 1271/1742/1354
f 1558/2082/1608 1551/2080/1606 1552/2083/1609
f 1560/2084/1610 1552/2083/1609 567/994/762
f 1562/2085/1611 567/994/762 1553/2086/1612
f 1563/2087/1613 1312/1760/1367 1554/2081/1607
f 1563/2088/1613 1327/1762/1369 1326/1761/1368
f 1555/2089/1614 1563/2087/1613 1554/2081/1607
f 1564/2090/1615 1328/1764/1371 1327/1762/1369
f 1565/2091/1616 1329/1765/1372 1328/1764/1371
f 1566/2092/1617 1319/1766/1373 1329/1765/1372
f 1568/2093/1618 1555/2089/1614 1556/2094/1619
f 1568/2095/1618 1565/2091/1616 1564/2090/1615
f 1557/2096/1620 1568/2093/1618 1556/2094/1619
f 1569/2097/1621 1566/2092/1617 1565/2091/1616
f 1570/2098/1622 1567/2099/1623 1566/2092/1617
f 1572/2100/1624 1557/2096/1620 1558/2082/1608
f 1572/2101/1624 1570/2098/1622 1569/2097/1621
f 1559/2102/1625 1572/2100/1624 1558/2082/1608
f 1573/2103/1626 1571/2104/1627 1570/2098/1622
f 1575/2105/1628 1559/2102/1625 1560/2084/1610
f 1575/2106/1628 1574/2107/1629 1573/2103/1626
f 1561/2108/1630 1575/2105/1628 1560/2084/1610
f 1577/2109/1631 1561/2108/1630 1562/2085/1611
f 1553/2086/1612 567/994/762 1579/2110/1632
f 1585/2111/1633 1553/2086/1612 1580/2112/1634
f 1590/2113/1635 1580/2112/1634 1581/2114/1636
f 1590/2115/1635 1587/2116/1637 1586/2117/1638
f 1591/2118/1639 1588/2119/1640 1587/2116/1637
f 1592/2120/1641 1589/2121/1642 1588/2119/1640
f 1571/2104/1627 1319/1766/1373 1567/2099/1623
f 1574/2107/1629 1595/2122/1643 1571/2104/1627
f 1576/2123/1644 1596/2124/1645 1574/2107/1629
f 1598/2125/1646 1597/2126/1647 1596/2124/1645
f 1577/2127/1631 1598/2125/1646 1576/2123/1644
f 1582/2128/1648 1577/2109/1631 1562/2085/1611
f 1601/2129/1649 1599/2130/1650 1598/2125/1646
f 1602/2131/1651 1600/2132/1652 1599/2130/1650
f 1604/2133/1653 1582/2128/1648 1583/2134/1654
f 1604/2135/1653 1602/2131/1651 1601/2129/1649
f 1584/2136/1655 1604/2133/1653 1583/2134/1654
f 1605/2137/1656 1603/2138/1657 1602/2131/1651
f 1608/2139/1658 1584/2136/1655 1585/2111/1633
f 1608/2140/1658 1606/2141/1659 1605/2137/1656
f 1609/2142/1660 1585/2111/1633 1586/2143/1638
f 1609/2144/1660 1607/2145/1661 1606/2141/1659
f 1610/2146/1662 1586/2117/1638 1587/2116/1637
f 1611/2147/1663 1587/2116/1637 1588/2119/1640
f 1611/2147/1663 1588/2119/1640 1589/2121/1642
f 1613/2148/1664 1612/2149/1665 1589/2121/1642
f 1614/2150/1666 1600/2132/1652 1603/2138/1657
f 1607/2145/1661 1614/2150/1666 1603/2138/1657
f 1611/2147/1663 1589/2121/1642 1612/2149/1665
f 1344/1784/1387 1319/1766/1373 1595/2122/1643
f 1615/2151/1667 1595/2122/1643 1597/2126/1647
f 1616/2152/1668 1597/2126/1647 1600/2132/1652
f 1618/2153/1669 1617/2154/1670 1607/2145/1661
f 1612/2149/1665 1620/2155/1671 1618/2153/1669
f 1612/2149/1665 1613/2148/1664 1619/2156/1672
f 1623/2157/1673 1621/2158/1674 1622/2159/1675
f 1621/2158/1674 1623/2157/1673 1624/2160/1676
f 1626/2161/1677 1622/2159/1675 1625/2162/1678
f 1630/2163/1679 1623/2157/1673 1626/2161/1677
f 1631/2164/1680 1646/2165/1681 1616/2152/1668
f 1632/2166/1682 1654/2167/1683 1631/2164/1680
f 1620/2155/1671 1631/2164/1680 1617/2154/1670
f 1635/2168/1684 1632/2166/1682 1634/2169/1685
f 1635/2170/1684 1625/2162/1678 1633/2171/1686
f 1628/2172/1687 1620/2155/1671 1627/2173/1688
f 1636/2174/1689 1632/2166/1682 1628/2172/1687
f 1636/2175/1689 1629/2176/1690 1630/2163/1679
f 1636/2175/1689 1626/2161/1677 1634/2177/1685
f 1637/2178/1691 1621/2158/1674 1519/1870/1445
f 1637/2178/1691 636/423/321 533/1412/1098
f 1638/2179/1692 1637/2178/1691 533/1412/1098
f 1640/2180/1693 1637/2178/1691 1639/2181/1694
f 1622/2159/1675 1637/2178/1691 1640/2180/1693
f 1641/2182/1695 533/1412/1098 1383/1867/1443
f 1642/2183/1696 1638/2179/1692 1641/2182/1695
f 1643/2184/1697 1639/2181/1694 1642/2183/1696
f 1644/2185/1698 1639/2181/1694 1643/2184/1697
f 1645/2186/1699 1640/2180/1693 1644/2185/1698
f 1625/2162/1678 1640/2180/1693 1645/2186/1699
f 1615/2151/1667 1267/1683/1311 1344/1784/1387
f 1646/2165/1681 1388/1854/1434 1267/1683/1311
f 1648/2187/1700 1394/1863/1440 1647/2188/1701
f 1648/2189/1700 1383/1867/1443 1395/2190/1442
f 1649/2191/1702 1394/1863/1440 1646/2165/1681
f 1651/2192/1703 1394/1863/1440 1650/2193/1704
f 1651/2194/1703 1641/2182/1695 1647/2195/1701
f 1653/2196/1705 1649/2191/1702 1652/2197/1706
f 1653/2198/1705 1642/2183/1696 1650/2199/1704
f 1654/2167/1683 1649/2191/1702 1646/2165/1681
f 1656/2200/1707 1649/2191/1702 1655/2201/1708
f 1656/2202/1707 1643/2184/1697 1652/2203/1706
f 1658/2204/1709 1654/2167/1683 1657/2205/1710
f 1658/2206/1709 1644/2185/1698 1655/2207/1708
f 1659/2208/1711 1654/2167/1683 1633/2209/1686
f 1659/2210/1711 1645/2186/1699 1657/2211/1710
f 1410/1883/1458 1661/2212/1712 1578/1884/1459
f 1662/2213/1713 1661/2212/1712 1660/2214/1714
f 1663/2215/1715 1578/1884/1459 1661/2212/1712
f 1668/2216/1716 1578/1884/1459 1663/2215/1715
f 1671/2217/1717 1663/2215/1715 1664/2218/1718
f 1671/2217/1717 1670/2219/1719 1669/2220/1720
f 1672/2221/1721 1664/2218/1718 1665/2222/1722
f 1673/2223/1723 1579/2110/1632 1666/2224/1724
f 1678/2225/1725 1666/2224/1724 1667/2226/1726
f 1678/2225/1725 1675/2227/1727 1674/2228/1728
f 1679/2229/1729 1676/2230/1730 1675/2231/1727
f 1681/2232/1731 1667/2226/1726 1668/2216/1716
f 1681/2233/1731 1676/2230/1730 1679/2229/1729
f 1682/2234/1732 1668/2216/1716 1669/2220/1720
f 1682/2235/1732 1680/2236/1733 1676/2230/1730
f 1670/2219/1719 1682/2234/1732 1669/2220/1720
f 1683/2237/1734 1581/2114/1636 1673/2223/1723
f 1683/2238/1734 1592/2120/1641 1591/2118/1639
f 1684/2239/1735 1673/2223/1723 1674/2228/1728
f 1684/2240/1735 1593/2241/1736 1592/2120/1641
f 1675/2231/1727 1594/2242/1737 1593/2241/1736
f 1685/2243/1738 1675/2231/1727 1676/2230/1730
f 1685/2243/1738 1676/2230/1730 1677/2244/1739
f 1687/2245/1740 1410/1883/1458 1453/1949/1503
f 1454/1950/1504 1689/2246/1741 1688/2247/1742
f 1692/2248/1743 1690/2249/1744 1689/2246/1741
f 1693/2250/1745 1410/1883/1458 1686/2251/1746
f 1698/2252/1747 1686/2251/1746 1687/2245/1740
f 1698/2252/1747 1695/2253/1748 1694/2254/1749
f 1699/2255/1750 1687/2245/1740 1688/2247/1742
f 1699/2255/1750 1696/2256/1751 1695/2253/1748
f 1689/2246/1741 1699/2255/1750 1688/2247/1742
f 1690/2249/1744 1696/2256/1751 1689/2246/1741
f 1700/2257/1752 1660/2214/1714 1693/2250/1745
f 1694/2254/1749 1700/2257/1752 1693/2250/1745
f 1704/2258/1753 1702/2259/1754 1701/2260/1755
f 1695/2253/1748 1704/2258/1753 1694/2254/1749
f 1695/2261/1748 1703/2262/1756 1702/2263/1754
f 1662/2213/1713 1705/2264/1757 1665/2222/1722
f 1708/2265/1758 1706/2266/1759 1705/2267/1757
f 1701/2260/1755 1708/2268/1758 1700/2257/1752
f 1701/2269/1755 1707/2270/1760 1706/2266/1759
f 1672/2271/1721 1710/2272/1761 1670/2273/1719
f 1705/2264/1757 1672/2221/1721 1665/2222/1722
f 1705/2267/1757 1711/2274/1762 1710/2272/1761
f 1712/2275/1763 1706/2266/1759 1707/2270/1760
f 1713/2276/1764 1670/2273/1719 1710/2272/1761
f 1711/2274/1762 1713/2276/1764 1710/2272/1761
f 1685/2243/1738 1613/2148/1664 1594/2242/1737
f 1467/2014/1554 1456/2277/1765 1452/2278/1766
f 1715/2279/1767 1697/2280/1768 1690/2249/1744
f 1716/2281/1769 1697/2282/1768 1714/2283/1770
f 1703/2262/1756 1696/2284/1751 1716/2281/1769
f 1712/2275/1763 1717/2285/1771 1711/2274/1762
f 1713/2276/1764 1711/2274/1762 1717/2285/1771
f 1719/2286/1772 1691/2287/1773 1456/2277/1765
f 1718/2288/1774 1715/2279/1767 1691/2287/1773
f 1703/2262/1756 1720/2289/1775 1709/2290/1776
f 1722/2291/1777 1717/2285/1771 1712/2275/1763
f 1720/2289/1775 1707/2270/1760 1709/2290/1776
f 1724/2292/1778 1723/2293/1779 1680/2236/1733
f 1677/2244/1739 1725/2294/1780 1685/2243/1738
f 1726/2295/1781 1680/2236/1733 1723/2293/1779
f 1730/2296/1782 1718/2288/1774 1719/2286/1772
f 1730/2296/1782 1467/2014/1554 1504/2013/1553
f 1504/2017/1553 1727/2297/1783 1730/2298/1782
f 1504/2017/1553 1503/2010/1550 1728/2299/1784
f 1732/2300/1785 1727/2297/1783 1728/2299/1784
f 1729/2301/1786 1732/2300/1785 1728/2299/1784
f 1733/2302/1787 1503/2010/1550 1731/2303/1788
f 1714/2304/1770 1715/2279/1767 1718/2288/1774
f 1714/2304/1770 1718/2288/1774 1727/2305/1783
f 1735/2306/1789 1716/2281/1769 1714/2283/1770
f 1735/2307/1789 1727/2305/1783 1732/2308/1785
f 1732/2309/1785 1721/2310/1790 1735/2306/1789
f 1732/2300/1785 1731/2303/1788 1734/2311/1791
f 1736/2312/1792 1720/2289/1775 1721/2310/1790
f 1736/2313/1792 1721/2314/1790 1734/2315/1791
f 1737/2316/1793 1722/2291/1777 1707/2270/1760
f 1725/2294/1780 1619/2156/1672 1613/2148/1664
f 1738/2317/1794 1519/1870/1445 1621/2158/1674
f 1731/2303/1788 1503/2010/1550 1502/2012/1552
f 1731/2303/1788 1502/2012/1552 1739/2318/1795
f 1522/2044/1574 1740/2319/1796 1739/2318/1795
f 1741/2320/1797 1739/2318/1795 1740/2319/1796
f 1742/2321/1798 1739/2318/1795 1741/2320/1797
f 1744/2322/1799 1522/2044/1574 1743/2323/1800
f 1746/2324/1801 1740/2319/1796 1744/2322/1799
f 1745/2325/1802 1737/2316/1793 1736/2312/1792
f 1745/2326/1802 1734/2311/1791 1742/2321/1798
f 1738/2317/1794 1747/2327/1803 1748/2328/1804
f 1749/2329/1805 1738/2317/1794 1748/2328/1804
f 1751/2330/1806 1743/2323/1800 1749/2329/1805
f 1752/2331/1807 1722/2291/1777 1737/2316/1793
f 1752/2331/1807 1737/2316/1793 1745/2325/1802
f 1753/2332/1808 1717/2285/1771 1752/2331/1807
f 1753/2333/1808 1745/2326/1802 1746/2324/1801
f 1753/2333/1808 1744/2322/1799 1750/2334/1809
f 1754/2335/1810 1621/2158/1674 1624/2160/1676
f 1757/2336/1811 1747/2327/1803 1754/2335/1810
f 1758/2337/1812 1755/2338/1813 1723/2293/1779
f 1760/2339/1814 1755/2338/1813 1759/2340/1815
f 1760/2341/1814 1748/2328/1804 1756/2342/1816
f 1758/2337/1812 1724/2292/1778 1717/2285/1771
f 1758/2337/1812 1717/2285/1771 1750/2343/1809
f 1759/2344/1815 1750/2334/1809 1751/2330/1806
f 1725/2294/1780 1627/2173/1688 1619/2156/1672
f 1755/2338/1813 1628/2172/1687 1627/2173/1688
f 1762/2345/1817 1628/2172/1687 1761/2346/1818
f 1762/2347/1817 1624/2160/1676 1629/2176/1690
f 1755/2338/1813 1725/2294/1780 1723/2293/1779
f 1763/2348/1819 1756/2342/1816 1757/2336/1811
f 1763/2348/1819 1754/2335/1810 1761/2349/1818
f 5/4/4 2/3/3 3/5/5
f 5/4/4 8/8/8 4/1/1
f 10/12/12 7/7/7 8/8/8
f 11/10/10 5/4/4 9/9/9
f 13/13/13 12/11/11 8/8/8
f 14/14/14 13/13/13 11/10/10
f 16/733/555 15/15/15 10/12/12
f 17/17/17 16/733/555 10/12/12
f 18/18/18 17/17/17 12/11/11
f 24/19/19 23/25/25 19/20/20
f 25/22/22 24/19/19 20/21/21
f 25/22/22 21/23/23 22/106/85
f 27/24/24 26/2350/1820 23/25/25
f 28/26/26 27/24/24 24/19/19
f 30/28/28 26/2350/1820 27/24/24
f 28/26/26 31/27/27 27/24/24
f 20/29/21 19/2351/1821 34/30/29
f 35/32/31 21/34/23 20/29/21
f 36/35/33 35/32/31 33/33/32
f 22/115/85 21/34/23 36/35/33
f 37/36/34 34/48/29 19/37/35
f 38/39/37 37/36/34 23/38/36
f 39/41/39 38/39/37 26/40/38
f 30/42/40 40/56/53 39/41/39
f 42/43/41 33/33/32 32/31/30
f 44/45/43 32/31/30 34/30/29
f 44/45/43 41/44/42 32/31/30
f 45/47/45 43/66/44 34/48/29
f 46/49/46 45/47/45 37/36/34
f 47/50/47 46/49/46 38/39/37
f 39/41/39 48/71/50 47/50/47
f 51/57/48 48/71/50 39/41/39
f 51/51/48 52/54/51 49/52/49
f 52/54/51 53/60/56 50/55/52
f 40/56/53 54/2352/54 51/57/48
f 54/58/54 55/59/55 52/54/51
f 55/59/55 56/291/224 53/60/56
f 56/291/224 57/111/90 53/60/56
f 58/1212/58 42/43/41 41/44/42
f 62/67/61 61/65/60 45/47/45
f 65/68/62 62/67/61 46/49/46
f 65/73/62 66/72/65 63/84/63
f 68/70/64 65/68/62 47/50/47
f 49/52/49 66/72/65 68/74/64
f 66/72/65 69/78/66 67/85/69
f 69/78/66 66/72/65 49/52/49
f 60/2353/59 43/66/44 70/87/71
f 61/65/60 70/87/71 43/66/44
f 63/84/63 72/83/68 71/2354/67
f 72/83/68 64/121/98 73/96/76
f 67/85/69 64/121/98 72/83/68
f 77/88/72 74/86/70 61/65/60
f 77/89/72 78/92/74 75/90/73
f 78/92/74 77/89/72 71/93/67
f 78/92/74 79/113/92 76/95/75
f 73/2355/76 79/113/92 78/92/74
f 60/2353/59 70/87/71 80/102/352
f 81/98/77 80/102/81 70/87/71
f 75/90/73 82/100/79 81/99/78
f 76/95/75 83/104/83 82/100/79
f 58/1212/58 41/44/42 84/456/346
f 60/64/59 84/456/346 41/44/42
f 82/100/79 86/105/84 85/103/82
f 83/104/83 87/126/102 86/105/84
f 28/26/26 25/22/22 88/107/86
f 29/165/134 28/26/26 89/108/87
f 90/117/88 33/2356/32 42/62/41
f 92/110/89 91/112/91 50/55/52
f 94/116/94 36/35/33 90/109/88
f 95/118/95 42/62/41 59/61/57
f 69/78/66 97/120/97 67/85/69
f 91/112/91 98/122/99 69/78/66
f 64/121/98 100/124/101 73/96/76
f 79/113/92 101/150/123 93/114/93
f 101/150/123 79/113/92 100/152/101
f 102/127/103 83/104/83 93/114/93
f 103/508/391 87/126/102 102/127/103
f 105/128/104 22/106/85 104/137/107
f 89/108/87 88/107/86 105/128/104
f 29/165/134 89/108/87 106/129/105
f 104/131/107 22/115/85 94/116/94
f 108/132/108 94/116/94 107/130/106
f 107/143/106 90/117/88 95/118/95
f 110/134/110 109/133/109 92/110/89
f 97/120/97 111/135/111 64/121/98
f 113/156/127 103/508/391 102/127/103
f 106/129/105 105/128/104 115/139/114
f 114/141/113 104/131/107 108/132/108
f 117/142/116 116/2357/115 107/143/106
f 109/133/109 118/147/120 91/112/91
f 117/142/116 95/118/95 96/119/96
f 97/120/97 120/148/121 111/135/111
f 97/120/97 121/146/119 120/148/121
f 98/122/99 121/146/119 97/120/97
f 118/147/120 130/145/118 98/122/99
f 99/123/100 119/144/117 96/119/96
f 111/135/111 122/149/122 100/124/101
f 124/154/125 102/127/103 93/114/93
f 106/129/105 115/139/114 126/157/128
f 29/165/134 106/129/105 127/158/129
f 129/170/131 128/206/130 116/2357/115
f 118/147/120 131/163/132 130/145/118
f 110/134/110 132/168/137 109/133/109
f 119/144/117 129/170/131 117/142/116
f 123/151/124 134/164/133 124/154/125
f 133/523/406 99/123/100 125/155/126
f 126/157/128 114/138/113 135/2358/144
f 128/159/130 135/177/144 114/141/113
f 118/147/120 136/167/136 131/163/132
f 109/133/109 137/166/135 118/147/120
f 132/168/137 138/224/174 137/166/135
f 131/163/132 141/171/139 121/146/119
f 141/171/139 140/173/141 120/148/121
f 139/169/138 119/144/117 99/123/100
f 122/153/122 143/2359/185 142/172/140
f 140/173/141 143/2360/185 122/149/122
f 139/169/138 99/123/100 133/523/406
f 144/174/142 123/151/124 101/150/123
f 139/169/138 133/523/406 145/253/193
f 146/259/198 113/156/127 134/164/133
f 150/175/143 126/157/128 135/2358/144
f 2/3/3 1/2/2 150/175/143
f 151/180/146 150/176/143 147/178/145
f 151/180/146 147/178/145 148/181/147
f 152/2361/148 148/194/147 149/197/149
f 3/5/5 2/3/3 152/183/148
f 127/158/129 126/157/128 1/2/2
f 154/188/151 6/190/6 3/187/5
f 7/7/7 127/158/129 1/2/2
f 147/178/145 135/177/144 157/192/154
f 148/181/147 147/178/145 158/193/155
f 149/197/149 148/194/147 159/196/156
f 161/199/158 153/186/150 149/185/149
f 154/188/151 153/186/150 161/199/158
f 163/202/160 155/189/152 154/188/151
f 164/203/161 156/191/153 155/189/152
f 166/205/163 157/2362/154 128/206/130
f 166/205/163 158/195/155 157/2362/154
f 167/207/164 159/196/156 158/195/155
f 160/198/157 159/196/156 167/207/164
f 169/209/166 161/199/158 160/200/157
f 170/211/167 162/201/159 161/199/158
f 172/212/168 163/219/160 162/213/159
f 173/215/169 171/217/171 131/163/132
f 174/216/170 172/2363/168 171/217/171
f 174/218/170 164/223/161 163/219/160
f 137/166/135 175/221/173 136/167/136
f 175/221/173 173/215/169 136/167/136
f 176/220/172 174/216/170 173/215/169
f 138/224/174 177/226/176 175/221/173
f 178/225/175 176/220/172 175/221/173
f 178/227/175 165/409/162 164/223/161
f 139/169/138 166/205/163 129/170/131
f 180/229/178 167/207/164 166/205/163
f 181/230/179 168/208/165 167/207/164
f 182/231/180 169/209/166 168/210/165
f 184/2364/182 170/211/167 169/209/166
f 183/236/183 141/171/139 131/163/132
f 185/2365/184 184/2366/182 183/236/183
f 185/2365/184 183/236/183 171/217/171
f 185/237/184 172/212/168 170/214/167
f 187/2367/188 182/231/180 181/232/181
f 186/243/186 143/2360/185 140/173/141
f 188/244/187 187/246/188 186/250/186
f 188/244/187 186/250/186 183/245/183
f 188/244/187 184/233/182 182/235/180
f 189/539/420 181/230/179 180/229/178
f 190/247/189 144/174/142 142/172/140
f 191/249/190 190/257/189 186/250/186
f 191/251/191 187/2367/188 181/232/181
f 179/228/177 139/169/138 145/253/193
f 180/229/178 179/228/177 192/254/194
f 193/260/199 134/164/133 144/174/142
f 194/255/195 193/260/199 144/174/142
f 195/256/196 194/262/195 190/257/189
f 195/2368/1822 191/251/191 189/252/192
f 189/539/420 180/229/178 196/258/197
f 194/255/195 197/541/200 146/259/198
f 195/256/196 198/542/422 197/261/200
f 198/547/426 195/2368/1822 189/252/192
f 29/165/134 199/263/201 28/26/26
f 31/27/27 200/2369/1823 30/28/28
f 203/266/204 200/2369/1823 31/27/27
f 204/267/205 31/27/27 199/263/201
f 205/268/206 199/263/201 201/264/202
f 206/269/207 203/266/204 204/267/205
f 207/270/208 204/267/205 205/268/206
f 208/271/209 205/268/206 201/264/202
f 210/273/211 207/270/208 208/271/209
f 211/274/212 208/271/209 209/272/210
f 212/275/213 209/272/210 202/265/203
f 200/278/216 215/292/225 40/56/53
f 216/294/227 215/292/225 200/278/216
f 217/279/217 216/294/227 200/278/216
f 206/281/207 218/297/230 217/279/217
f 219/282/219 218/300/230 206/283/207
f 220/286/220 219/282/219 210/285/211
f 40/56/53 221/304/222 54/2352/54
f 222/288/221 55/59/55 54/58/54
f 223/290/223 56/291/224 55/59/55
f 40/56/53 224/293/226 221/304/222
f 215/292/225 225/295/228 224/293/226
f 216/294/227 226/296/229 225/295/228
f 217/279/217 227/298/231 226/296/229
f 218/297/230 228/332/255 227/298/231
f 229/299/232 228/347/255 218/300/230
f 219/282/219 230/301/233 229/299/232
f 222/2370/221 221/2371/222 231/2372/235
f 224/293/226 233/310/239 231/303/235
f 234/2373/236 222/2370/221 231/2372/235
f 235/308/238 232/302/234 222/288/221
f 225/295/228 236/320/241 233/310/239
f 237/311/240 234/315/236 233/312/237
f 238/314/242 235/350/238 234/315/236
f 225/295/228 239/316/243 236/320/241
f 226/296/229 240/317/244 239/316/243
f 237/311/240 236/313/241 241/322/246
f 239/316/243 243/326/248 241/319/246
f 244/321/247 237/311/240 241/322/246
f 245/324/249 242/318/245 237/311/240
f 240/317/244 247/327/251 243/326/248
f 244/321/247 243/323/248 248/328/252
f 245/324/249 244/321/247 249/329/253
f 250/330/254 246/325/250 245/324/249
f 227/298/231 251/333/256 247/327/251
f 247/327/251 253/339/259 248/331/252
f 254/335/258 249/329/253 248/328/252
f 255/337/260 252/334/257 249/329/253
f 254/335/258 253/336/259 257/2374/262
f 255/337/260 254/335/258 258/343/263
f 259/360/264 256/359/261 255/2375/260
f 228/332/255 260/605/266 251/333/256
f 214/277/215 29/165/134 261/16/16
f 223/290/223 262/361/277 57/111/90
f 262/361/277 223/290/223 263/348/267
f 235/308/238 264/369/268 263/348/267
f 238/314/242 265/352/270 264/349/268
f 265/352/270 238/314/242 242/318/245
f 246/325/250 266/351/269 242/318/245
f 269/355/273 267/353/271 246/325/250
f 252/334/257 268/354/272 250/330/254
f 270/356/274 269/355/273 268/354/272
f 256/338/261 270/356/274 252/334/257
f 272/358/276 271/366/275 256/359/261
f 265/352/270 273/371/285 264/349/268
f 273/371/285 265/352/270 266/351/269
f 263/348/267 274/367/282 262/361/277
f 274/367/282 263/348/267 264/369/268
f 276/363/279 275/362/278 267/353/271
f 277/364/280 276/363/279 269/355/273
f 271/366/275 277/375/280 270/2376/274
f 261/16/16 29/165/134 7/7/7
f 262/361/277 279/368/283 110/134/110
f 275/362/278 281/373/286 266/351/269
f 278/365/281 282/374/287 271/366/275
f 273/371/285 284/377/289 280/372/284
f 281/373/286 284/377/289 273/371/285
f 276/363/279 285/379/290 275/362/278
f 287/381/292 286/380/291 276/363/279
f 282/374/287 287/387/292 277/375/280
f 288/382/293 138/224/174 132/168/137
f 274/367/282 288/382/293 279/368/283
f 283/376/288 290/415/314 289/383/294
f 290/425/314 283/378/288 284/377/289
f 285/379/290 291/384/295 281/373/286
f 286/380/291 292/385/296 285/379/290
f 294/388/298 293/386/297 282/374/287
f 9/389/9 6/190/6 156/191/153
f 14/392/14 298/403/302 297/393/301
f 14/395/14 9/389/9 296/391/300
f 18/397/18 297/393/301 299/398/303
f 18/2377/18 13/2378/13 297/2379/301
f 295/390/299 156/191/153 165/204/162
f 302/402/306 296/391/300 295/390/299
f 298/403/302 304/406/308 303/404/307
f 298/396/302 296/391/300 302/402/306
f 297/393/301 303/404/307 632/407/309
f 288/382/293 177/226/176 138/224/174
f 288/382/293 305/408/310 177/226/176
f 305/408/310 306/412/311 178/225/175
f 289/383/294 307/411/312 305/408/310
f 307/411/312 308/417/316 306/412/311
f 300/2380/304 165/409/162 306/410/311
f 290/415/314 309/416/315 307/411/312
f 309/416/315 310/2381/317 308/417/316
f 311/419/318 301/401/305 300/400/304
f 313/421/320 302/402/306 301/401/305
f 304/406/308 314/424/322 303/404/307
f 316/2382/326 310/2383/317 309/2384/315
f 291/384/295 317/428/324 315/426/323
f 317/428/324 318/429/325 309/427/315
f 318/429/325 319/2385/327 316/430/326
f 311/419/318 310/418/317 316/431/326
f 312/420/319 311/419/318 319/432/327
f 313/421/320 312/420/319 320/433/328
f 317/428/324 291/384/295 292/385/296
f 318/429/325 317/428/324 292/385/296
f 323/436/331 319/2386/327 318/437/325
f 324/439/332 325/2387/333 323/436/331
f 320/433/328 319/432/327 323/440/331
f 326/442/334 313/421/320 320/433/328
f 321/434/329 313/422/320 326/2388/334
f 287/381/292 327/2389/335 322/435/330
f 328/444/336 325/2387/333 324/439/332
f 326/442/334 325/441/333 328/2390/336
f 329/445/337 327/443/335 287/387/292
f 328/444/336 327/443/335 329/445/337
f 326/442/334 328/2390/336 330/447/339
f 321/434/329 332/451/343 314/424/322
f 321/434/329 326/2388/334 331/689/344
f 636/423/321 314/424/322 332/451/343
f 333/449/341 329/445/337 293/386/297
f 330/446/338 329/445/337 333/449/341
f 335/455/345 60/64/59 80/2391/352
f 85/101/80 336/464/354 80/102/81
f 337/457/347 336/459/349 85/103/82
f 87/126/102 338/461/351 337/457/347
f 340/460/350 339/458/348 337/457/347
f 336/464/354 342/470/360 341/463/353
f 343/465/355 342/2392/360 336/459/349
f 344/466/356 343/465/355 339/458/348
f 345/472/358 342/2392/360 343/465/355
f 342/470/360 347/469/359 341/463/353
f 345/468/358 348/481/367 347/469/359
f 349/471/361 348/2393/367 345/472/358
f 350/473/362 349/471/361 343/465/355
f 351/2394/363 348/2395/367 349/2396/361
f 352/477/364 349/2397/361 350/478/362
f 347/469/359 355/482/368 354/480/366
f 348/481/367 356/484/369 355/482/368
f 351/483/363 357/495/380 356/484/369
f 352/476/364 357/2398/380 351/474/363
f 359/486/371 357/2399/380 352/477/364
f 360/487/372 352/477/364 358/485/370
f 363/489/374 362/491/376 359/486/371
f 364/490/375 363/489/374 360/487/372
f 366/493/378 365/492/377 363/489/374
f 355/482/368 367/494/379 354/480/366
f 356/484/369 368/496/381 367/494/379
f 357/495/380 369/498/382 368/496/381
f 362/499/383 370/501/385 369/498/382
f 368/496/381 371/500/384 367/494/379
f 370/501/385 372/649/498 371/500/384
f 338/461/351 373/502/386 340/460/350
f 374/504/388 346/467/357 344/466/356
f 375/503/387 350/473/362 346/467/357
f 353/479/365 350/478/362 375/505/387
f 378/511/394 366/493/378 364/490/375
f 87/126/102 379/509/392 338/461/351
f 380/510/393 344/466/356 373/502/386
f 376/506/389 381/515/398 358/485/370
f 377/507/390 358/485/370 381/515/398
f 382/512/395 364/490/375 377/507/390
f 379/509/392 383/513/396 373/502/386
f 384/514/397 380/510/393 383/513/396
f 388/519/402 383/513/396 379/509/392
f 389/521/404 374/504/388 384/514/397
f 374/504/388 390/520/403 375/503/387
f 391/526/409 376/506/389 375/505/387
f 391/526/409 375/505/387 390/535/403
f 385/516/399 376/506/389 391/526/409
f 385/516/399 392/528/411 377/507/390
f 382/512/395 377/507/390 392/528/411
f 394/524/407 379/509/392 113/156/127
f 395/525/408 388/519/402 394/524/407
f 112/136/112 393/522/405 125/155/126
f 386/517/400 382/512/395 397/529/412
f 399/532/415 384/514/397 395/525/408
f 400/531/414 389/521/404 384/514/397
f 401/533/416 390/520/403 389/521/404
f 401/534/416 402/536/417 391/526/409
f 403/537/418 402/536/417 401/534/416
f 396/527/410 391/526/409 402/536/417
f 197/541/200 406/545/423 394/524/407
f 198/547/426 189/252/192 405/548/421
f 398/530/413 145/253/193 393/522/405
f 407/544/424 192/254/194 145/253/193
f 196/258/197 192/254/194 407/544/424
f 406/545/423 408/553/425 395/525/408
f 198/542/422 409/551/427 408/546/425
f 408/553/425 399/532/415 395/525/408
f 408/553/425 412/2400/430 400/531/414
f 410/550/428 413/2401/431 412/554/430
f 410/550/428 409/551/427 411/2402/429
f 414/2403/437 401/533/416 400/531/414
f 415/2404/432 414/2403/437 400/531/414
f 416/560/433 415/557/432 412/559/430
f 411/552/429 405/548/421 417/563/434
f 413/556/431 411/552/429 418/564/435
f 416/2405/433 420/2406/438 415/2407/432
f 416/2408/433 413/2409/431 419/2410/436
f 422/572/440 421/571/439 403/537/418
f 423/573/441 422/572/440 415/567/432
f 424/575/442 396/527/410 421/571/439
f 425/576/443 424/575/442 421/571/439
f 426/577/444 425/576/443 422/572/440
f 419/565/436 418/564/435 427/578/445
f 420/2411/438 419/2412/436 428/2413/446
f 423/582/441 420/580/438 429/581/447
f 392/528/411 431/584/449 397/529/412
f 426/577/444 432/590/450 425/576/443
f 426/585/444 423/582/441 430/583/448
f 404/538/419 397/529/412 431/584/449
f 434/588/452 433/587/451 431/584/449
f 435/589/453 434/588/452 425/576/443
f 429/581/447 428/579/446 436/591/454
f 430/583/448 429/581/447 437/592/455
f 438/593/456 432/586/450 430/583/448
f 435/594/453 432/586/450 438/593/456
f 439/595/457 438/593/456 440/596/458
f 437/592/455 436/591/454 442/598/460
f 440/596/458 437/592/455 443/599/461
f 441/597/459 440/596/458 444/600/462
f 446/601/463 258/342/263 257/341/262
f 447/603/465 259/2414/264 258/342/263
f 251/333/256 448/606/467 445/604/466
f 450/607/468 452/608/469 449/612/473
f 450/607/468 446/601/463 445/602/464
f 453/609/470 447/603/465 446/601/463
f 448/606/467 452/617/469 445/604/466
f 455/611/472 450/607/468 449/612/473
f 456/614/475 451/610/471 450/607/468
f 457/615/476 454/627/474 449/616/473
f 448/606/467 458/642/494 457/615/476
f 260/605/266 458/642/494 448/606/467
f 463/2415/477 462/2416/482 459/2417/492
f 463/618/477 459/2418/492 460/619/478
f 466/621/480 465/624/483 461/622/481
f 466/621/480 455/611/472 454/613/474
f 466/621/480 462/623/482 463/618/477
f 467/625/484 456/614/475 455/611/472
f 475/626/485 465/641/483 454/627/474
f 458/642/494 475/626/485 457/615/476
f 468/628/486 362/491/376 365/492/377
f 470/630/488 469/629/487 365/492/377
f 471/631/489 468/628/486 469/629/487
f 473/633/491 472/632/490 469/629/487
f 473/633/491 460/659/478 459/2419/492
f 462/2420/482 474/647/493 471/645/489
f 462/637/482 472/636/490 459/635/492
f 475/626/485 474/647/493 461/640/481
f 476/646/496 370/501/385 471/645/489
f 475/626/485 477/643/495 476/646/496
f 260/605/266 478/1346/497 458/642/494
f 477/643/495 479/650/499 372/649/498
f 447/654/465 272/358/276 259/360/264
f 453/609/470 451/610/471 480/655/503
f 456/614/475 467/625/484 481/651/500
f 482/652/501 480/655/503 451/610/471
f 464/620/479 481/651/500 467/625/484
f 470/630/488 366/493/378 378/511/394
f 453/2421/470 483/653/502 447/654/465
f 486/661/505 464/620/479 460/619/478
f 487/663/508 470/630/488 378/511/394
f 488/662/507 473/633/491 470/630/488
f 485/660/506 460/659/478 488/662/507
f 489/664/509 278/365/281 272/358/276
f 484/656/504 489/666/509 483/657/502
f 487/663/508 378/511/394 386/517/400
f 493/669/513 487/663/508 386/517/400
f 492/668/512 485/660/506 488/662/507
f 490/665/510 480/655/503 494/674/518
f 491/667/511 481/651/500 495/670/514
f 491/667/511 494/674/518 480/655/503
f 495/670/514 481/651/500 486/661/505
f 496/2422/515 486/658/505 492/668/512
f 500/672/516 488/662/507 493/669/513
f 497/673/517 294/388/298 278/365/281
f 498/675/519 497/2423/517 489/666/509
f 502/701/522 496/2422/515 492/668/512
f 493/669/513 386/517/400 404/538/419
f 501/677/521 500/672/516 493/669/513
f 333/449/341 294/388/298 497/673/517
f 330/446/338 333/449/341 503/679/523
f 498/682/519 494/2424/518 505/683/526
f 503/679/523 497/673/517 498/682/519
f 504/680/524 503/679/523 505/683/526
f 508/688/529 331/448/340 504/681/525
f 499/676/520 495/670/514 509/2425/1824
f 499/676/520 509/2425/1824 510/692/530
f 505/691/526 494/674/518 499/676/520
f 506/696/527 505/2426/526 510/697/530
f 513/699/533 507/686/528 506/685/527
f 508/688/529 507/686/528 513/699/533
f 516/702/534 492/668/512 501/677/521
f 516/702/534 501/677/521 514/703/535
f 509/2425/1824 495/670/514 502/678/522
f 502/701/522 516/702/534 514/703/535
f 510/692/530 509/2425/1824 502/678/522
f 517/704/536 514/703/535 515/706/537
f 511/694/531 510/693/530 517/2427/536
f 519/711/539 512/700/532 511/712/531
f 520/714/540 513/699/533 512/700/532
f 521/715/541 508/688/529 513/699/533
f 522/717/542 493/669/513 404/538/419
f 522/717/542 433/587/451 434/588/452
f 514/703/535 501/677/521 522/717/542
f 523/718/543 434/588/452 435/589/453
f 515/706/537 514/703/535 523/718/543
f 526/724/546 518/713/538 515/720/537
f 527/725/547 519/711/539 518/713/538
f 528/726/548 520/714/540 519/711/539
f 439/595/457 524/722/544 435/594/453
f 525/723/545 524/722/544 439/595/457
f 530/728/550 526/724/546 525/723/545
f 531/729/551 527/725/547 526/724/546
f 529/727/549 439/595/457 441/597/459
f 531/729/551 530/728/550 529/727/549
f 535/734/556 534/732/554 16/733/555
f 536/741/563 600/738/560 261/16/16
f 537/735/557 536/741/563 261/16/16
f 538/736/558 537/735/557 15/15/15
f 540/740/562 539/739/561 600/738/560
f 541/742/564 540/740/562 536/741/563
f 543/743/565 542/848/647 539/739/561
f 544/744/566 211/274/212 212/275/213
f 545/745/567 212/275/213 213/276/214
f 547/747/569 213/276/214 214/277/215
f 548/748/570 545/745/567 546/746/568
f 549/749/571 546/746/568 547/747/569
f 550/750/572 547/747/569 214/277/215
f 552/752/574 549/749/571 550/750/572
f 553/753/575 550/750/572 551/751/573
f 555/755/577 553/753/575 554/754/576
f 558/758/579 220/286/220 544/757/566
f 559/761/580 558/758/579 548/760/570
f 552/763/574 560/764/581 559/761/580
f 555/766/577 561/767/582 560/764/581
f 557/769/583 562/772/586 561/767/582
f 563/770/584 230/301/233 220/286/220
f 560/764/581 564/771/585 563/770/584
f 562/772/586 565/773/587 564/771/585
f 566/774/588 563/770/584 564/771/585
f 563/770/584 567/994/762 230/301/233
f 554/754/576 551/751/573 568/776/590
f 556/756/578 554/754/576 569/777/591
f 571/779/593 569/777/591 570/778/592
f 557/781/583 556/756/578 571/779/593
f 573/782/595 571/779/593 572/780/594
f 576/785/598 574/783/596 575/784/597
f 573/788/595 580/790/601 562/772/586
f 576/789/598 581/792/602 580/790/601
f 577/786/599 582/793/603 581/2428/602
f 578/787/600 583/801/607 582/793/603
f 584/797/606 583/801/607 578/787/600
f 585/795/604 582/794/603 583/798/607
f 586/802/610 584/797/606 579/796/605
f 588/800/609 587/865/608 583/801/607
f 588/800/609 584/797/606 586/802/610
f 590/804/612 565/773/587 581/792/602
f 585/795/604 591/805/613 590/804/612
f 591/805/613 592/806/614 566/774/588
f 594/807/615 575/784/597 572/780/594
f 578/787/600 575/784/597 594/807/615
f 596/809/617 578/787/600 595/808/616
f 597/810/618 572/780/594 570/778/592
f 596/809/617 598/814/622 586/802/610
f 599/811/619 586/802/610 598/814/622
f 600/738/560 568/776/590 261/16/16
f 601/812/620 595/808/616 594/807/615
f 596/809/617 595/808/616 601/812/620
f 598/814/622 596/809/617 602/813/621
f 603/815/623 604/944/723 599/811/619
f 605/737/559 570/778/592 600/738/560
f 601/812/620 594/807/615 606/816/624
f 607/817/625 606/816/624 626/818/626
f 607/817/625 602/813/621 601/812/620
f 610/820/628 609/823/631 607/817/625
f 615/828/634 603/815/623 602/813/621
f 611/821/629 615/828/634 602/813/621
f 612/822/630 611/821/629 607/817/625
f 610/824/628 613/830/636 614/825/632
f 610/824/628 608/862/627 613/830/636
f 603/815/623 615/828/634 604/944/723
f 611/2429/629 617/2430/635 616/2431/633
f 612/2432/630 614/825/632 617/833/635
f 612/2432/630 609/826/631 614/825/632
f 618/831/637 620/834/639 621/836/641
f 621/836/641 619/832/638 618/831/637
f 535/837/556 299/398/303 622/838/642
f 535/2433/556 17/2434/17 299/2435/303
f 538/840/558 622/838/642 623/841/643
f 538/2436/558 534/2437/554 622/2438/642
f 541/844/564 623/841/643 625/845/645
f 541/2439/564 537/2440/557 623/2441/643
f 626/818/626 605/737/559 624/843/644
f 542/848/647 627/847/646 624/843/644
f 628/849/648 627/857/646 542/850/647
f 543/2442/565 540/2443/562 625/2444/645
f 630/852/649 629/854/651 626/818/626
f 631/853/650 608/819/627 626/818/626
f 622/838/642 632/407/309 633/855/652
f 634/856/653 628/849/648 625/845/645
f 630/858/649 634/856/653 635/859/654
f 630/858/649 627/857/646 634/856/653
f 631/861/650 635/859/654 613/830/636
f 631/861/650 629/860/651 635/859/654
f 633/855/652 636/423/321 637/864/656
f 637/864/656 634/856/653 633/855/652
f 634/856/653 637/864/656 638/863/655
f 635/859/654 638/863/655 618/831/637
f 639/866/657 588/800/609 589/803/611
f 587/799/608 642/870/660 591/805/613
f 639/869/657 643/872/661 642/870/660
f 640/871/658 644/874/662 643/872/661
f 641/868/659 645/876/664 644/873/662
f 641/868/659 646/877/665 645/876/664
f 647/875/663 644/874/662 645/879/664
f 649/881/667 645/876/664 648/878/666
f 643/872/661 651/883/669 592/806/614
f 647/875/663 652/884/670 651/883/669
f 649/880/667 653/887/672 652/884/670
f 654/885/671 653/887/672 649/880/667
f 651/883/669 656/889/674 593/775/589
f 653/887/672 657/890/675 656/889/674
f 655/888/673 658/892/677 657/890/675
f 659/891/676 593/775/589 656/889/674
f 658/892/677 660/893/678 659/891/676
f 661/894/679 593/775/589 659/891/676
f 663/896/681 664/2445/682 654/897/671
f 663/896/681 665/901/684 664/2445/682
f 655/888/673 654/885/671 664/898/682
f 666/900/683 664/2445/682 665/901/684
f 669/904/687 658/892/677 655/888/673
f 667/905/685 670/908/690 669/904/687
f 667/902/685 671/906/688 670/2446/690
f 672/907/689 669/904/687 670/908/690
f 673/909/691 670/908/690 671/910/688
f 675/912/693 660/893/678 658/892/677
f 673/909/691 675/912/693 672/907/689
f 674/911/692 676/914/695 673/909/691
f 677/913/694 673/909/691 676/914/695
f 680/938/717 679/916/697 676/914/695
f 675/912/693 681/921/702 661/894/679
f 682/917/698 681/921/702 675/912/693
f 678/915/696 682/917/698 677/913/694
f 683/918/699 678/915/696 679/916/697
f 686/922/703 593/775/589 661/894/679
f 682/917/698 687/923/704 686/922/703
f 683/918/699 688/925/706 687/923/704
f 684/919/700 688/925/706 683/918/699
f 690/926/707 684/919/700 689/924/705
f 662/895/680 589/803/611 599/811/619
f 646/877/665 693/929/710 648/878/666
f 663/896/681 648/878/666 693/929/710
f 695/933/713 671/906/688 668/903/686
f 697/935/714 680/938/717 676/914/695
f 697/935/714 698/936/715 680/938/717
f 680/938/717 699/937/716 679/916/697
f 685/920/701 679/916/697 699/937/716
f 700/940/719 689/924/705 685/920/701
f 701/939/718 691/927/708 689/924/705
f 694/930/711 702/941/720 665/901/684
f 703/942/721 668/903/686 702/941/720
f 706/943/722 697/935/714 696/934/712
f 662/895/680 599/811/619 604/944/723
f 692/928/709 662/895/680 704/945/724
f 695/933/713 706/947/722 696/932/712
f 708/948/726 707/950/727 706/943/722
f 708/948/726 709/953/730 707/950/727
f 710/954/731 699/937/716 698/936/715
f 713/951/728 710/954/731 698/936/715
f 711/952/729 713/951/728 707/950/727
f 711/956/729 715/958/734 714/961/732
f 711/956/729 709/989/730 712/957/733
f 713/951/728 716/959/735 700/940/719
f 714/955/732 717/2447/840 716/959/735
f 718/960/736 717/1084/840 714/961/732
f 719/962/737 701/939/718 700/940/719
f 717/1084/840 719/1089/737 716/2448/735
f 704/945/724 604/944/723 615/828/634
f 617/829/635 720/963/738 616/827/633
f 722/965/740 721/964/739 704/945/724
f 720/963/738 722/965/740 615/828/634
f 692/928/709 724/968/742 693/929/710
f 721/964/739 725/969/743 724/968/742
f 722/971/740 726/970/744 725/2449/743
f 720/967/738 727/972/745 726/970/744
f 694/930/711 693/929/710 724/968/742
f 726/970/744 728/977/746 725/2449/743
f 729/978/750 702/941/720 694/930/711
f 730/974/747 729/978/750 694/930/711
f 728/973/746 730/974/747 724/968/742
f 723/966/741 619/832/638 621/836/641
f 727/972/745 723/966/741 621/836/641
f 730/2450/747 733/2451/755 729/2452/750
f 734/979/751 733/984/755 730/980/747
f 735/981/752 705/946/725 703/942/721
f 733/2453/755 735/981/752 729/978/750
f 736/835/640 731/975/748 621/836/641
f 732/976/749 731/975/748 736/835/640
f 734/979/751 732/976/749 737/982/753
f 735/2454/752 739/2455/756 705/2456/725
f 733/984/755 740/987/757 739/985/756
f 739/985/756 708/990/726 705/2457/725
f 737/982/753 736/835/640 743/1143/886
f 738/983/754 743/1143/886 741/988/758
f 738/983/754 737/982/753 743/1143/886
f 740/987/757 738/983/754 741/988/758
f 739/985/756 742/991/759 709/989/730
f 741/988/758 743/1143/886 744/992/760
f 742/991/759 741/988/758 744/992/760
f 593/775/589 567/994/762 563/770/584
f 745/995/763 567/994/762 593/775/589
f 747/1017/785 745/995/763 593/775/589
f 747/1017/785 748/997/765 745/995/763
f 749/999/767 748/997/765 747/1017/785
f 745/995/763 750/1000/768 754/1002/770
f 751/996/764 750/1000/768 745/995/763
f 748/997/765 752/1007/775 751/996/764
f 753/998/766 752/1007/775 748/997/765
f 750/1000/768 756/1005/773 755/1001/769
f 758/1003/771 756/1005/773 750/1000/768
f 758/1003/771 759/1006/774 757/1004/772
f 759/1006/774 758/1003/771 751/996/764
f 755/1001/769 746/993/761 754/1002/770
f 757/1004/772 761/1049/811 760/1008/776
f 762/1009/777 593/775/589 686/922/703
f 688/925/706 763/1012/780 762/1009/777
f 764/1010/778 763/1012/780 688/925/706
f 691/927/708 765/1165/904 764/1010/778
f 691/927/708 766/1065/824 765/1165/904
f 764/1010/778 768/1014/782 763/1012/780
f 765/1165/904 768/1014/782 764/1010/778
f 766/1065/824 769/1185/924 765/1165/904
f 770/1064/823 769/1185/924 766/1065/824
f 767/1011/779 747/1017/785 593/775/589
f 771/1013/781 767/1011/779 763/1012/780
f 767/1011/779 772/1016/784 747/1017/785
f 773/1015/783 772/1016/784 767/1011/779
f 753/998/766 777/2458/787 774/1018/786
f 749/999/767 777/2458/787 753/998/766
f 777/1019/787 778/1023/790 775/1020/788
f 779/1022/789 776/1025/792 775/1020/788
f 781/1027/793 777/2458/787 749/999/767
f 781/1026/793 782/1037/802 778/1023/790
f 772/1016/784 782/2459/802 781/1027/793
f 783/1047/807 782/2459/802 772/1016/784
f 784/1028/794 783/1047/807 772/1016/784
f 759/2460/774 787/1030/796 785/1032/795
f 774/1021/786 787/1030/796 759/2460/774
f 787/1030/796 788/1033/798 786/1031/797
f 775/1020/788 788/1033/798 787/1030/796
f 779/2461/789 778/2462/1825 789/2463/799
f 780/1024/791 779/1022/789 790/1035/800
f 782/1045/802 792/1044/808 789/2464/803
f 793/1038/804 790/1042/800 789/1039/799
f 794/1041/806 791/1070/801 790/1042/800
f 783/1043/807 795/2465/809 792/1044/808
f 773/1015/783 797/1061/820 796/1048/810
f 785/1029/795 798/1051/812 761/1049/811
f 794/1041/806 793/1038/804 799/1052/813
f 795/1055/816 802/1056/817 799/1052/813
f 784/1028/794 802/2466/819 795/1046/809
f 802/1056/817 803/1057/818 800/1053/814
f 803/1057/818 804/1074/830 801/1054/815
f 796/1058/810 805/1895/821 802/1059/819
f 806/1063/822 766/1065/824 691/927/708
f 780/1024/791 807/1067/826 776/1025/792
f 807/1067/826 780/1024/791 791/1036/801
f 794/1041/806 810/1079/835 809/1069/827
f 811/1072/828 810/1079/835 794/1041/806
f 804/1074/830 811/1072/828 801/1054/815
f 813/1087/843 770/1064/823 806/1063/822
f 788/1033/798 816/1098/853 808/1066/825
f 814/1075/831 816/1098/853 788/1033/798
f 817/1077/833 815/1076/832 807/1067/826
f 818/1108/834 817/1077/833 809/1068/827
f 820/1129/878 798/1051/812 808/1071/825
f 812/1073/829 821/1081/837 811/1072/828
f 819/1080/836 810/1079/835 811/1072/828
f 823/1083/839 718/960/736 712/957/733
f 701/939/718 824/1085/841 806/1063/822
f 717/1084/840 825/1086/842 719/1089/737
f 827/1091/846 823/1083/839 744/992/760
f 719/962/737 826/2467/934 824/1085/841
f 828/1088/844 826/1196/934 719/1089/737
f 829/1090/845 828/1088/844 823/1083/839
f 831/1094/849 832/1092/847 865/1093/848
f 836/1096/851 835/1124/875 831/1094/849
f 836/1096/851 831/1094/849 830/1095/850
f 832/1092/847 831/1094/849 837/1139/884
f 816/1098/853 840/1101/856 838/1099/854
f 814/1075/831 840/1101/856 816/1098/853
f 841/1100/855 842/1106/861 839/1102/857
f 843/1103/858 840/1101/856 814/1075/831
f 844/1104/859 841/1100/855 840/1101/856
f 844/1104/859 845/1105/860 841/1100/855
f 845/1105/860 846/1110/864 842/1106/861
f 846/1110/864 847/1114/868 842/1106/861
f 848/1107/862 843/1103/858 817/1077/833
f 848/1107/862 849/2468/870 845/1105/860
f 849/2468/870 850/1109/863 845/1105/860
f 850/1109/863 851/1112/866 846/1110/864
f 852/1111/865 847/1114/868 846/1110/864
f 852/1125/865 834/1097/852 833/1161/867
f 819/1080/836 853/1116/869 848/1115/862
f 853/1116/869 854/1119/871 850/1118/863
f 854/2469/871 855/1122/873 851/1112/866
f 856/1121/872 852/1111/865 851/1112/866
f 856/1123/874 855/1127/877 835/1124/875
f 836/1096/851 834/1097/852 852/1125/865
f 831/1094/849 857/1126/876 837/1139/884
f 857/1126/876 831/1094/849 835/1124/875
f 858/1130/879 820/1129/878 838/1128/854
f 853/1116/869 819/1080/836 822/1082/838
f 860/1133/881 854/1137/871 853/1134/869
f 861/1136/882 855/2470/1826 854/1137/871
f 863/1138/883 862/1209/944 837/1139/884
f 857/1126/876 855/1127/877 861/2471/885
f 866/1145/888 743/1143/886 736/835/640
f 743/1143/886 866/1145/888 827/1091/846
f 736/835/640 864/1144/887 866/1145/888
f 868/1146/889 865/1093/848 866/1145/888
f 874/1148/891 869/1149/892 866/1145/888
f 872/1150/893 871/1151/894 867/1147/890
f 867/1147/890 866/1145/888 869/1149/892
f 871/1151/894 873/1153/896 868/1146/889
f 871/1151/894 868/1146/889 867/1147/890
f 834/1097/852 873/1153/896 833/1161/867
f 834/1097/852 830/1095/850 868/1146/889
f 877/1154/897 876/1157/899 869/1149/892
f 842/1106/861 878/1156/898 839/1102/857
f 870/1155/895 875/2472/900 839/1102/857
f 876/1157/899 870/1152/895 871/1151/894
f 876/1157/899 872/1150/893 869/1149/892
f 879/1159/901 878/1156/898 842/1106/861
f 879/1159/901 847/1114/868 833/1113/867
f 879/1160/901 873/1153/896 870/1152/895
f 880/2020/902 858/1130/879 875/1162/900
f 881/1164/903 768/1014/782 765/1165/904
f 882/1166/905 765/1165/904 769/1185/924
f 769/1185/924 883/1168/907 882/1166/905
f 769/1185/924 884/1188/927 883/1168/907
f 881/1164/903 885/1167/906 771/1013/781
f 882/1166/905 886/1169/908 885/1167/906
f 884/1188/927 887/1171/910 883/1168/907
f 885/1167/906 888/1170/909 773/1015/783
f 883/1168/907 889/1172/911 886/1169/908
f 887/1171/910 890/1174/913 889/1172/911
f 886/1169/908 891/1173/912 888/1170/909
f 889/1172/911 892/1175/914 891/1173/912
f 890/1174/913 893/1181/920 892/1175/914
f 888/1170/909 894/1176/915 797/1061/820
f 893/1181/920 895/1179/918 892/1175/914
f 891/1173/912 896/1177/916 894/1176/915
f 892/1175/914 897/2049/1579 896/1177/916
f 898/1178/917 897/2049/1579 892/1175/914
f 899/1182/921 893/1181/920 890/1174/913
f 901/1180/919 895/1179/918 893/1181/920
f 903/1187/926 769/1185/924 813/1087/843
f 904/1186/925 884/1188/927 769/1185/924
f 905/1189/928 887/1171/910 904/1186/925
f 906/1191/930 890/1174/913 905/1189/928
f 907/1190/929 899/1182/921 890/1174/913
f 908/1192/931 901/1180/919 900/1183/922
f 909/2062/1592 902/1184/923 908/1192/931
f 910/1193/932 903/1187/926 813/1087/843
f 911/1194/933 910/1199/932 824/1195/841
f 911/1194/933 826/1196/934 828/1088/844
f 912/1201/937 905/1189/928 904/1186/925
f 913/1197/935 912/1201/937 904/1186/925
f 911/1194/933 914/1200/936 913/1198/935
f 911/1194/933 828/1088/844 829/1090/845
f 913/1197/935 915/1202/938 912/1201/937
f 914/1200/936 915/1204/938 913/1198/935
f 914/1200/936 829/1090/845 832/1092/847
f 912/1201/937 900/1183/922 907/1190/929
f 914/1200/936 832/1092/847 837/1139/884
f 917/2473/940 915/1204/938 918/1206/941
f 916/1203/939 920/1208/943 919/1207/942
f 920/1208/943 916/1203/939 837/1139/884
f 917/2473/940 918/1206/941 919/1207/942
f 921/1215/945 335/462/345 354/480/366
f 58/1212/58 84/456/346 923/1213/947
f 59/61/57 58/63/58 924/1244/948
f 921/1210/945 923/1213/947 84/456/346
f 367/494/379 926/1217/950 925/1216/949
f 371/500/384 927/1218/951 926/1217/950
f 929/1222/955 928/1219/952 927/1218/951
f 931/1236/958 930/1220/953 928/1219/952
f 934/1221/954 931/1236/958 928/1219/952
f 934/1223/956 935/1226/959 932/1224/957
f 935/1226/959 936/2474/1827 933/1227/960
f 936/2474/1827 937/1266/984 933/1227/960
f 938/1229/962 935/1226/959 934/1223/956
f 939/1228/961 936/2474/1827 935/1226/959
f 939/1228/961 937/1266/984 936/2474/1827
f 940/1349/964 934/1221/954 929/1222/955
f 941/1230/963 938/1229/962 934/1223/956
f 942/1232/965 939/1228/961 938/1229/962
f 921/1215/945 925/1216/949 943/1247/973
f 944/1233/966 943/1247/973 925/1216/949
f 945/1234/967 944/1233/966 926/1217/950
f 948/1235/968 945/1234/967 930/1220/953
f 948/1237/968 932/1224/957 946/1238/969
f 932/1224/957 949/1270/988 947/1243/970
f 933/1227/960 949/1270/988 932/1224/957
f 954/1248/974 951/1246/972 944/1233/966
f 946/1252/969 952/2475/975 954/1253/974
f 955/1274/990 953/1260/978 952/1257/975
f 947/1243/970 955/1272/990 952/1255/975
f 952/1257/975 957/1261/979 956/1258/977
f 953/1260/978 958/1265/983 957/1261/979
f 921/1215/945 943/1247/973 959/1461/1128
f 960/1262/980 959/1461/1131 943/1247/973
f 957/1261/979 961/1463/1133 960/1263/981
f 962/1264/982 961/1463/1133 957/1261/979
f 965/1269/987 964/1268/986 939/1228/961
f 949/1270/988 967/1283/999 966/1271/989
f 963/1267/985 967/1283/999 949/1270/988
f 969/1279/991 955/1272/990 966/1271/989
f 969/1273/991 968/1275/992 953/1260/978
f 953/1260/978 970/1276/993 958/1265/983
f 971/1277/994 962/1264/982 958/1265/983
f 967/1283/999 972/1278/995 966/1271/989
f 965/1269/987 973/1289/1004 964/1268/986
f 974/1556/1211 387/518/401 59/61/57
f 967/1283/999 978/1281/997 972/1278/995
f 963/1267/985 979/1284/1000 978/1281/997
f 979/1284/1000 963/1267/985 937/1266/984
f 980/1285/1001 969/1279/991 972/1278/995
f 969/1273/991 983/1286/1002 968/1275/992
f 983/1286/1002 982/1288/1003 970/1276/993
f 964/1268/986 984/1290/1005 976/1280/996
f 975/1291/1006 387/518/401 981/1586/1235
f 973/1289/1004 986/1316/1027 984/1290/1005
f 979/1284/1000 988/1293/1008 978/1281/997
f 988/1293/1008 979/1284/1000 976/1280/996
f 989/1295/1010 977/1282/998 978/1281/997
f 980/1287/1001 991/1296/1011 983/1286/1002
f 991/1296/1011 990/1297/1012 982/1288/1003
f 975/1291/1006 981/1586/1235 1202/1587/1236
f 982/1288/1003 992/1298/1013 971/1277/994
f 427/578/445 417/563/434 993/1302/1014
f 407/544/424 398/530/413 975/1291/1006
f 196/258/197 407/544/424 994/1300/1015
f 993/1299/1014 196/258/197 995/1301/1016
f 442/598/460 427/578/445 996/1303/1017
f 999/1305/1019 997/1413/1099 443/599/461
f 1000/2476/1021 442/598/460 996/1303/1017
f 998/1304/1018 442/598/460 1001/2477/1020
f 1004/1311/1023 1002/1313/1025 985/1292/1007
f 1005/1312/1024 1003/2478/1022 1002/1313/1025
f 1005/1314/1024 999/1418/1019 998/1309/1018
f 1006/1315/1026 1004/1311/1023 984/1290/1005
f 1007/1318/1029 996/1303/1017 993/1302/1014
f 1008/1317/1028 1000/2476/1021 996/1303/1017
f 1010/1319/1030 1001/1306/1020 1000/1308/1021
f 1002/1313/1025 1009/1322/1032 987/1294/1009
f 1002/1313/1025 988/1293/1008 985/1292/1007
f 1011/1321/1031 1010/2479/1030 1009/1322/1032
f 1011/1323/1031 1003/1310/1022 1001/1306/1020
f 1012/2480/1034 993/1299/1014 995/1301/1016
f 1013/1325/1033 1007/1318/1029 993/1302/1014
f 1016/1327/1035 1008/1320/1028 1007/1328/1029
f 989/1295/1010 1014/1331/1038 980/1285/1001
f 1015/1330/1037 989/1295/1010 987/1294/1009
f 1017/2481/1039 1016/2482/1035 1015/1330/1037
f 1017/2481/1039 1015/1330/1037 1009/1322/1032
f 1017/1332/1039 1010/1319/1030 1008/1320/1028
f 1019/2483/1828 1013/1325/1033 1012/1326/1034
f 1018/1338/1040 991/1296/1011 1014/1334/1038
f 1020/1340/1041 1019/1342/1042 1018/1345/1040
f 1020/1340/1041 1018/1345/1040 1015/1341/1037
f 1020/1340/1041 1016/1327/1035 1013/1329/1036
f 1021/1343/1043 992/1298/1013 990/1297/1012
f 1022/1344/1044 1021/1605/1043 1018/1345/1040
f 1022/2484/1829 1019/2483/1828 1012/1326/1034
f 458/642/494 1023/1347/1045 479/650/499
f 922/1211/946 1024/1348/1046 929/1222/955
f 1024/1348/1046 1025/2485/1048 940/1349/964
f 1026/1350/1047 941/1230/963 940/1231/964
f 1026/1350/1047 1027/1392/1080 942/1232/965
f 1024/1348/1046 1028/1362/1050 1025/2485/1048
f 1029/1352/1049 1026/1350/1047 1025/1351/1048
f 1030/1354/1051 1027/1392/1080 1026/1350/1047
f 1024/1348/1046 1031/1355/1052 1028/1362/1050
f 922/1211/946 1032/1356/1053 1031/1355/1052
f 229/299/232 1033/1357/1054 478/648/497
f 1029/1359/1049 1028/2486/1050 1034/1364/1056
f 1031/1355/1052 1036/1367/1058 1034/1361/1056
f 1037/1363/1057 1029/1359/1049 1034/1364/1056
f 1038/1366/1059 1035/1360/1055 1029/1359/1049
f 1032/1356/1053 1039/1368/1060 1036/1367/1058
f 479/650/499 1040/1369/1061 1039/1368/1060
f 1037/1363/1057 1036/1365/1058 1041/1373/1063
f 1039/1368/1060 1043/1376/1065 1041/1371/1063
f 1044/1372/1064 1037/1363/1057 1041/1373/1063
f 1045/1375/1066 1042/1370/1062 1037/1363/1057
f 1040/1369/1061 1046/1377/1067 1043/1376/1065
f 1023/1347/1045 1047/1378/1068 1046/1377/1067
f 1044/1372/1064 1043/1374/1065 1048/1379/1069
f 1045/1375/1066 1044/1372/1064 1049/1380/1070
f 1046/1377/1067 1051/1384/1072 1048/1382/1069
f 1049/1380/1070 1052/1387/1075 1050/1381/1071
f 1049/1380/1070 1051/1383/1072 1053/1385/1073
f 1052/1387/1075 1049/1380/1070 1054/1386/1074
f 478/1346/497 1057/1688/1079 1047/1378/1068
f 1050/1381/1071 1058/1393/1081 1045/1375/1066
f 1060/1404/1083 1059/1394/1082 1030/1354/1051
f 1061/1396/1084 1060/1395/1083 1035/1360/1055
f 1042/1370/1062 1061/1396/1084 1038/1366/1059
f 1063/1398/1086 1062/1397/1085 1050/1381/1071
f 1056/2487/1077 1063/2488/1086 1052/2489/1075
f 1027/1392/1080 1064/1402/1090 973/1289/1004
f 1059/1394/1082 1064/1402/1090 1027/1392/1080
f 1058/1393/1081 1065/1399/1087 1042/1370/1062
f 1068/1403/1091 1067/1401/1089 1059/1394/1082
f 1061/1396/1084 1068/1409/1091 1060/1395/1083
f 1070/1406/1093 1069/1405/1092 1065/1399/1087
f 1062/1397/1085 1070/1406/1093 1058/1393/1081
f 1063/1398/1086 1071/1407/1094 1062/1397/1085
f 1064/1402/1090 986/1316/1027 973/1289/1004
f 1069/1405/1092 1072/1408/1095 1061/1396/1084
f 1074/1411/1097 1073/1410/1096 1063/1398/1086
f 444/600/462 443/599/461 997/1413/1099
f 1076/1414/1100 521/715/541 528/726/548
f 532/731/553 521/716/541 1076/2490/1100
f 1078/1416/1102 1075/730/552 997/1413/1099
f 1064/1402/1090 1079/1417/1103 1006/1315/1026
f 1079/1417/1103 1080/1421/1104 1005/1312/1024
f 1067/1401/1089 1081/1420/1105 1079/1417/1103
f 1081/1420/1105 1082/2491/1106 1080/1421/1104
f 1077/2492/1101 999/1418/1019 1080/1419/1104
f 1083/1424/1107 1078/1416/1102 1077/1415/1101
f 1075/730/552 1078/1416/1102 1084/1425/1108
f 1076/1414/1100 1075/730/552 1085/1426/1109
f 1086/2493/1111 1082/2494/1106 1081/2495/1105
f 1072/1408/1095 1087/1435/1110 1081/1427/1105
f 1087/1428/1110 1088/2496/1112 1086/1429/1111
f 1083/1424/1107 1082/1423/1106 1086/1431/1111
f 1084/1425/1108 1083/1424/1107 1088/1432/1112
f 1085/1426/1109 1084/1425/1108 1089/1433/1113
f 1076/1414/1100 1085/1426/1109 1090/1434/1114
f 1091/1439/1116 1088/2497/1112 1087/2498/1110
f 1070/1406/1093 1092/1436/1115 1087/1435/1110
f 1092/1436/1115 1093/2499/1117 1091/1437/1116
f 1089/1438/1113 1088/2497/1112 1091/1439/1116
f 1090/1434/1114 1089/1433/1113 1093/1441/1117
f 1076/1414/1100 1090/1434/1114 1094/1442/1118
f 532/731/553 1076/2490/1100 1095/1445/1119
f 1097/1446/1121 1092/1436/1115 1070/1406/1093
f 1098/1447/1122 1093/2500/1117 1092/1448/1115
f 1097/1449/1121 1099/1451/1123 1098/1447/1122
f 1094/1450/1118 1093/2500/1117 1098/1447/1122
f 1095/1443/1119 1094/1442/1118 1099/2501/1123
f 1100/1452/1124 1097/1449/1121 1073/1453/1096
f 1101/1455/1125 1099/1451/1123 1097/1449/1121
f 1095/1443/1119 1099/2501/1123 1101/1456/1126
f 1096/1444/1120 1095/1445/1119 1102/1798/1400
f 1105/1462/1132 1104/1469/1138 960/1263/981
f 1106/1464/1134 1105/1462/1132 961/1463/1133
f 1105/1462/1132 1107/1465/1135 1104/1469/1138
f 1106/1464/1134 1108/1470/1139 1107/1465/1135
f 1106/1464/1134 1109/1471/1140 1108/1470/1139
f 1104/1460/1130 1111/2502/1830 1110/1467/1136
f 1112/1468/1137 1111/1474/1143 1104/1469/1138
f 1108/1470/1139 1113/1472/1141 1112/1468/1137
f 1111/2502/1830 1114/1480/1149 1110/1467/1136
f 1115/1473/1142 1114/2503/1149 1111/1474/1143
f 1116/1475/1144 1115/1473/1142 1112/1468/1137
f 1117/1476/1145 1116/1475/1144 1113/1472/1141
f 1118/1482/1147 1114/2503/1149 1115/1473/1142
f 1114/1480/1149 1120/1479/1148 1110/1467/1136
f 1118/1478/1147 1121/1501/1164 1120/1479/1148
f 1122/1481/1150 1121/2504/1164 1118/1482/1147
f 1123/1483/1151 1122/1481/1150 1115/1473/1142
f 1124/1484/1152 1123/1483/1151 1116/1475/1144
f 1125/1485/1153 1121/2505/1164 1122/1486/1150
f 1126/1487/1154 1122/1486/1150 1123/1488/1151
f 1128/1490/1156 1127/1489/1155 1123/1488/1151
f 1129/1492/1157 1125/1485/1153 1126/1487/1154
f 1130/1493/1158 1126/1487/1154 1127/1489/1155
f 924/1214/948 923/1213/947 1132/1499/1163
f 1135/2506/1161 1103/1466/1129 1110/1467/1136
f 1103/1459/1129 1135/2507/1161 1132/1499/1163
f 1120/1479/1148 1136/1502/1165 1134/1500/1162
f 1121/1501/1164 1137/1504/1166 1136/1502/1165
f 1129/1505/1157 1138/1525/1182 1137/1504/1166
f 1130/2508/1158 1138/2509/1182 1129/2510/1157
f 1140/1507/1168 1138/2511/1182 1130/1493/1158
f 1141/1508/1169 1130/1493/1158 1139/1506/1167
f 1143/1513/1174 1142/1509/1170 1139/1506/1167
f 1144/1510/1171 1140/1507/1168 1141/1508/1169
f 1145/1511/1172 1141/1508/1169 1142/1509/1170
f 1146/1512/1173 1142/1509/1170 1143/1513/1174
f 1133/1495/1160 924/1244/948 1148/1562/1176
f 1135/2506/1161 1134/1500/1162 1149/1523/1177
f 1135/1518/1161 1150/1520/1178 1132/1516/1163
f 1151/1521/1179 1148/1517/1176 1132/1516/1163
f 1136/1502/1165 1153/1524/1181 1149/1523/1177
f 1137/1504/1166 1154/1526/1183 1153/1524/1181
f 1138/1525/1182 1155/1528/1185 1154/1526/1183
f 1157/1530/1187 1150/1520/1178 1149/1519/1177
f 1151/1521/1179 1150/1520/1178 1157/1530/1187
f 1159/1533/1190 1152/1522/1180 1151/1521/1179
f 1153/1524/1181 1160/1542/1197 1156/1534/1191
f 1161/2512/1192 1157/1530/1187 1156/1531/1193
f 1162/1538/1195 1158/1541/1189 1157/1539/1187
f 1163/1540/1196 1159/1565/1190 1158/1541/1189
f 1164/1544/1199 1161/1535/1192 1160/1537/1194
f 1165/1543/1198 1162/1538/1195 1161/1535/1192
f 1166/1545/1200 1163/1540/1196 1162/1538/1195
f 1165/1543/1198 1167/1547/1202 1166/1545/1200
f 1155/1528/1185 1168/1743/1201 1160/1542/1197
f 1169/1548/1203 1165/1543/1198 1164/1544/1199
f 1170/1549/1204 1106/1464/1134 971/1277/994
f 1109/1471/1140 1171/1550/1205 1113/1472/1141
f 1172/1570/1221 1171/1550/1205 1109/1471/1140
f 1117/1476/1145 1171/1550/1205 1172/1570/1221
f 1119/1477/1146 1174/1558/1206 1124/1484/1152
f 1128/1490/1156 1124/1491/1152 1174/1551/1206
f 1176/1553/1208 1173/1588/1237 950/1245/971
f 1177/1554/1209 1139/1506/1167 1131/1494/1159
f 1148/1562/1176 1176/1553/1208 1133/1495/1160
f 1159/1533/1190 1178/1555/1210 1152/1522/1180
f 1179/1557/1212 1119/1477/1146 1117/1476/1145
f 1173/1588/1237 974/1556/1211 950/1245/971
f 1180/1559/1213 1131/1494/1159 1175/1552/1207
f 1181/1560/1214 1143/1513/1174 1177/1554/1209
f 1178/1555/1210 1182/2513/1215 1148/1517/1176
f 1163/1540/1196 1184/1566/1217 1183/1564/1216
f 1166/1545/1200 1185/1567/1218 1184/1566/1217
f 1170/1549/1204 1187/1569/1220 1109/1471/1140
f 1188/1581/1232 1173/1588/1237 1176/1553/1208
f 1189/1658/1293 1147/1514/1175 1181/1560/1214
f 1178/1555/1210 1190/1583/1222 1182/2513/1215
f 1190/1571/1222 1188/1581/1232 1176/1553/1208
f 1191/1572/1223 1190/1583/1222 1178/1555/1210
f 1184/2514/1217 1191/1572/1223 1183/1563/1216
f 1184/2514/1217 1192/1585/1224 1191/1572/1223
f 981/1586/1235 387/518/401 1186/1568/1219
f 971/1277/994 1193/1574/1225 1170/1549/1204
f 1194/1576/1227 1172/1570/1221 1187/1569/1220
f 1195/1575/1226 1117/1476/1145 1172/1570/1221
f 1196/1577/1228 1179/1557/1212 1117/1476/1145
f 1203/1592/1241 974/1556/1211 1173/1588/1237
f 1198/1579/1230 1180/1559/1213 1175/1552/1207
f 1199/1580/1231 1177/1554/1209 1180/1559/1213
f 1200/2515/1233 1190/1583/1222 1201/1584/1234
f 1203/1592/1241 1186/1568/1219 974/1556/1211
f 1196/1577/1228 1204/2516/1279 1174/1558/1206
f 1197/1578/1229 1174/1551/1206 1204/1638/1279
f 1205/1589/1238 1188/1581/1232 1200/1582/1233
f 1185/1567/1218 1206/1590/1239 1192/1573/1224
f 1167/1547/1202 1207/1682/1310 1206/1590/1239
f 1193/1574/1225 1209/1593/1242 1187/1569/1220
f 1210/1594/1243 1208/1591/1240 1203/1592/1241
f 1210/1594/1243 1173/1588/1237 1205/1589/1238
f 1198/1579/1230 1211/1596/1245 1199/1580/1231
f 1212/1595/1244 1181/1560/1214 1199/1580/1231
f 1189/1658/1293 1181/1560/1214 1212/1595/1244
f 1213/1598/1246 1200/2515/1233 1201/1584/1234
f 1192/1585/1224 1215/1600/1248 1201/1584/1234
f 994/1300/1015 975/1291/1006 1208/1591/1240
f 995/1301/1016 994/1300/1015 1216/1602/1249
f 1217/1612/1257 1012/2480/1034 995/1301/1016
f 1218/1603/1250 1193/1574/1225 992/1298/1013
f 1219/1604/1251 1218/1610/1250 1021/1605/1043
f 1219/1606/1252 1022/2484/1829 1012/1326/1034
f 1217/1612/1257 995/1301/1016 1220/1608/1254
f 1218/1603/1250 1221/1614/1255 1209/1593/1242
f 1219/1604/1251 1222/1615/1259 1221/1609/1255
f 1221/1614/1255 1224/1620/1260 1194/1576/1227
f 1222/1615/1259 1225/1622/1265 1224/1616/1260
f 1222/1611/1256 1217/1607/1253 1223/1617/1261
f 1226/1619/1263 1195/1575/1226 1194/1576/1227
f 1227/1621/1264 1226/1633/1263 1224/1616/1260
f 1220/1608/1254 1216/1602/1249 1228/1623/1266
f 1230/1625/1268 1196/1577/1228 1195/1575/1226
f 1227/1621/1264 1231/1627/1274 1226/1633/1263
f 1227/1621/1264 1225/1622/1265 1229/1626/1269
f 1229/1624/1267 1223/1617/1261 1232/1629/1271
f 1234/1631/1273 1204/2516/1279 1196/1577/1228
f 1226/1619/1263 1235/2517/1275 1234/1631/1273
f 1231/1627/1274 1236/2518/1277 1235/1632/1275
f 1231/1627/1270 1229/1626/1269 1233/2519/1276
f 1237/1637/1278 1197/1578/1229 1204/1638/1279
f 1238/1640/1280 1237/1637/1278 1234/1639/1273
f 1239/1642/1281 1238/1640/1280 1235/1641/1275
f 1228/1623/1266 1210/1594/1243 1205/1589/1238
f 1232/1628/1271 1220/1608/1254 1240/1644/1282
f 1236/2520/1277 1233/2521/1276 1241/2522/1283
f 1237/1637/1278 1243/1648/1285 1198/1579/1230
f 1239/2523/1281 1244/2524/1286 1238/2525/1280
f 1239/2526/1281 1236/2527/1277 1242/2528/1284
f 1245/1651/1287 1211/1596/1245 1198/1579/1230
f 1246/1652/1288 1245/1651/1287 1243/1648/1285
f 1247/1653/1289 1246/1652/1288 1238/1640/1280
f 1248/1655/1290 1211/1596/1245 1245/1651/1287
f 1248/1655/1290 1245/1651/1287 1246/1652/1288
f 1250/1657/1292 1249/1656/1291 1246/1652/1288
f 1189/1658/1293 1212/1595/1244 1248/1655/1290
f 1251/1659/1294 1248/1655/1290 1249/1656/1291
f 1252/1660/1295 1249/1656/1291 1250/1657/1292
f 1228/1623/1266 1205/1589/1238 1213/1597/1246
f 1240/1644/1282 1228/1623/1266 1213/1597/1246
f 1255/1663/1298 1232/1628/1271 1240/1644/1282
f 1241/1645/1283 1232/1629/1271 1255/1664/1298
f 1242/1647/1284 1241/1645/1283 1256/1665/1299
f 1258/1667/1301 1244/1650/1286 1242/1647/1284
f 1247/2529/1831 1244/1650/1286 1258/1667/1301
f 1250/2530/1292 1247/2529/1831 1258/1667/1301
f 1253/1668/1296 1250/2530/1292 1258/1667/1301
f 1260/1670/1303 1254/2531/1297 1213/1598/1246
f 1261/1671/1304 1255/1663/1298 1254/1662/1297
f 1215/1600/1248 1262/2532/1305 1260/1670/1303
f 1262/1673/1305 1263/1680/1306 1261/1674/1304
f 1256/2533/1299 1255/1663/1298 1261/1671/1304
f 1265/1679/1308 1262/1673/1305 1215/1601/1248
f 1265/1679/1308 1266/1849/1309 1263/1680/1306
f 1257/1666/1300 1256/1665/1299 1263/1677/1306
f 1258/2534/1301 1257/2535/1300 1266/2536/1309
f 1267/1683/1311 1264/1678/1307 1207/1682/1310
f 1259/2537/1832 1258/2534/1301 1266/2536/1309
f 1269/1687/1313 1055/2538/1076 1054/1684/1074
f 1269/1697/1313 1056/1767/1077 1055/2539/1076
f 1047/1378/1068 1270/1689/1314 1053/1390/1078
f 230/301/233 1271/1742/1354 1033/1357/1054
f 1268/1686/1312 1053/1685/1073 1275/1690/1315
f 1277/1692/1317 1276/1691/1316 1272/1693/1318
f 1277/1692/1317 1269/1687/1313 1268/1686/1312
f 1278/1695/1320 1277/1692/1317 1273/1694/1319
f 1270/1689/1314 1275/2540/1315 1053/1390/1078
f 1280/1700/1322 1273/1694/1319 1272/1693/1318
f 1274/1696/1321 1273/1694/1319 1280/1700/1322
f 1283/2541/1324 1282/1710/1326 1279/1709/1325
f 1283/1702/1324 1276/1691/1316 1275/1690/1315
f 1270/1689/1314 1282/1710/1326 1275/2540/1315
f 1285/1706/1328 1279/1703/1325 1284/1713/1333
f 1285/1706/1328 1272/1693/1318 1279/1703/1325
f 1280/1700/1322 1272/1693/1318 1285/1706/1328
f 1281/1701/1323 1280/1700/1322 1287/1705/1327
f 1289/1711/1331 1288/1708/1330 1282/1710/1326
f 1057/1688/1079 1289/1711/1331 1270/1689/1314
f 1291/1712/1332 1293/1714/1334 1290/1727/1343
f 1291/1712/1332 1285/1706/1328 1284/1713/1333
f 1294/1718/1335 1286/1707/1329 1285/1706/1328
f 1295/1719/1337 1293/1732/1334 1284/1720/1333
f 1296/1721/1338 1295/1719/1337 1279/1709/1325
f 1297/1722/1339 1296/1721/1338 1288/1708/1330
f 1057/1688/1079 1297/1722/1339 1289/1711/1331
f 1298/1723/1340 1145/1511/1172 1146/1512/1173
f 1299/1724/1341 1146/1512/1173 1147/1514/1175
f 1301/1725/1342 1300/2542/1344 1144/1510/1171
f 1301/1726/1342 1291/1712/1332 1290/1727/1343
f 1302/1729/1345 1301/1725/1342 1298/1723/1340
f 1292/1717/1336 1291/1716/1332 1301/1725/1342
f 1303/1730/1346 1300/1736/1344 1290/1731/1343
f 1304/1733/1347 1303/1730/1346 1293/1732/1334
f 1305/1734/1348 1304/1733/1347 1295/1719/1337
f 1297/1722/1339 1305/1734/1348 1296/1721/1338
f 1306/1735/1349 1155/1528/1185 1144/1529/1186
f 1307/1737/1350 1306/1735/1349 1303/1730/1346
f 1308/1738/1351 1307/1737/1350 1305/1734/1348
f 1309/1739/1352 1308/1738/1351 1297/1722/1339
f 1033/1357/1054 1310/1752/1361 1309/1740/1352
f 1311/1741/1353 1310/1752/1361 1033/1357/1054
f 1271/1742/1354 1312/1760/1367 1311/1741/1353
f 1313/1744/1355 1164/1544/1199 1168/1546/1201
f 1314/1749/1359 1167/1547/1202 1169/1548/1203
f 1315/1757/1365 1167/1547/1202 1314/1749/1359
f 1316/1746/1356 1168/1743/1201 1307/1737/1350
f 1316/1745/1356 1317/1747/1357 1313/1744/1355
f 1317/1747/1357 1318/1748/1358 1169/1548/1203
f 1320/1750/1360 1316/1746/1356 1308/1738/1351
f 1320/1751/1360 1321/1754/1362 1317/1747/1357
f 1310/1752/1361 1321/2543/1362 1320/1753/1360
f 1321/1754/1362 1322/1755/1363 1318/1748/1358
f 1322/1755/1363 1323/1756/1364 1314/1749/1359
f 1323/1756/1364 1324/1763/1370 1315/1757/1365
f 1325/1758/1366 1321/2543/1362 1310/1752/1361
f 1325/1759/1366 1326/1761/1368 1322/1755/1363
f 1312/1760/1367 1326/2544/1368 1325/1758/1366
f 1326/1761/1368 1327/1762/1369 1323/1756/1364
f 1327/1762/1369 1328/1764/1371 1324/1763/1370
f 1328/1764/1371 1329/1765/1372 1315/1757/1365
f 1330/1768/1374 1269/1697/1313 1278/1699/1320
f 1331/1769/1375 1287/1705/1327 1286/1707/1329
f 1319/1766/1373 1167/1547/1202 1315/1757/1365
f 1302/1729/1345 1299/1724/1341 1332/1770/1376
f 1066/1781/1088 1056/1767/1077 1330/1768/1374
f 1333/1773/1377 1278/1695/1320 1274/1696/1321
f 1335/1774/1379 1274/1696/1321 1334/1772/1378
f 1336/1775/1380 1331/1769/1375 1286/1707/1329
f 1334/1772/1378 1281/1701/1323 1331/1769/1375
f 1294/1715/1335 1292/1717/1336 1337/1776/1381
f 1332/1770/1376 1147/1514/1175 1189/1658/1293
f 1339/1779/1383 1337/1776/1381 1292/1717/1336
f 1338/1778/1382 1340/1780/1384 1286/1707/1329
f 1341/1782/1385 1330/1768/1374 1333/1771/1377
f 1338/1777/1382 1337/1776/1381 1342/1787/1390
f 1343/1783/1386 1342/1787/1390 1337/1776/1381
f 1074/1454/1097 1066/1781/1088 1341/1782/1385
f 1346/1785/1388 1335/1774/1379 1334/1772/1378
f 1345/1786/1389 1334/1772/1378 1336/1775/1380
f 1348/1789/1392 1340/1780/1384 1338/1778/1382
f 1344/1784/1387 1207/1682/1310 1167/1547/1202
f 1349/1791/1393 1100/1452/1124 1074/1454/1097
f 1350/1792/1394 1101/1455/1125 1100/1452/1124
f 1102/1457/1127 1101/1456/1126 1350/1796/1398
f 1096/1444/1120 1351/1839/1423 332/451/343
f 533/1412/1098 332/451/343 1351/1839/1423
f 1349/1791/1393 1341/1782/1385 1333/1771/1377
f 1350/1792/1394 1349/1791/1393 1352/1793/1395
f 1354/1795/1397 1102/1457/1127 1350/1796/1398
f 1346/1785/1388 1345/1786/1389 1355/1800/1401
f 1352/1793/1395 1333/1771/1377 1346/1802/1388
f 1357/1803/1402 1355/1808/1401 1356/1804/1403
f 1353/1794/1396 1352/1793/1395 1357/1803/1402
f 1096/1444/1120 1359/1814/1409 1351/1839/1423
f 1359/2545/1409 1096/2546/1120 1354/2547/1397
f 1355/1800/1401 1345/1786/1389 1360/1807/1405
f 1362/1810/1407 1358/1806/1404 1356/1811/1403
f 1363/1813/1408 1354/1795/1397 1358/1806/1404
f 1360/1807/1405 1336/1775/1380 1348/1789/1392
f 1348/1789/1392 1347/1790/1391 1364/1816/1410
f 1355/1800/1401 1360/1807/1405 1348/1789/1392
f 1366/1818/1411 1364/1830/1410 1365/1819/1412
f 1361/1809/1406 1355/1808/1401 1366/1821/1411
f 1368/1823/1414 1362/1810/1407 1361/1812/1406
f 1369/1824/1415 1363/1813/1408 1362/1810/1407
f 1332/1770/1376 1189/1658/1293 1251/1659/1294
f 1370/1826/1416 1332/1770/1376 1251/1659/1294
f 1253/1661/1296 1370/1826/1416 1252/1660/1295
f 1371/1827/1417 1343/1783/1386 1332/1770/1376
f 1371/1827/1417 1370/1826/1416 1253/1661/1296
f 1342/1787/1390 1343/1783/1386 1371/1827/1417
f 1364/1829/1410 1347/1788/1391 1342/1787/1390
f 1364/1829/1410 1371/1827/1417 1372/1828/1418
f 1374/1836/1420 1367/1820/1413 1365/1819/1412
f 1368/1823/1414 1367/1820/1413 1374/1836/1420
f 1376/1838/1422 1359/1814/1409 1369/1825/1415
f 1377/1840/1424 1372/1831/1833 1253/1668/1296
f 1377/1840/1424 1373/1832/1419 1372/1831/1833
f 1374/1836/1420 1373/1832/1419 1377/1840/1424
f 1375/1837/1421 1374/1836/1420 1378/1841/1425
f 1380/1843/1427 1369/1824/1415 1375/1837/1421
f 1382/1844/1428 1381/1847/1430 1351/1839/1423
f 1382/1844/1428 1376/1838/1422 1369/1825/1415
f 1384/1846/1429 1383/1867/1443 533/1412/1098
f 1384/1846/1429 533/1412/1098 1351/1839/1423
f 1267/1683/1311 1385/1848/1431 1265/1679/1308
f 1266/1681/1309 1377/1840/1424 1259/1669/1832
f 1385/1848/1431 1387/2548/1433 1266/1849/1309
f 1387/1851/1433 1378/2549/1425 1377/1852/1424
f 1387/1851/1433 1379/1858/1426 1378/2549/1425
f 1388/1854/1434 1389/1856/1436 1385/1848/1431
f 1390/1855/1435 1387/2548/1433 1385/1848/1431
f 1390/1857/1435 1380/1845/1427 1379/1858/1426
f 1391/1859/1437 1392/1861/1439 1389/1856/1436
f 1393/1860/1438 1390/1855/1435 1389/1856/1436
f 1393/1862/1438 1392/1868/1439 1381/1847/1430
f 1393/1862/1438 1382/1844/1428 1380/1845/1427
f 1344/1784/1387 1267/1683/1311 1386/1850/1432
f 1394/1863/1440 1395/1865/1442 1391/1859/1437
f 1396/1864/1441 1392/1861/1439 1391/1859/1437
f 1396/1866/1441 1395/2190/1442 1383/1867/1443
f 1396/1866/1441 1384/1846/1429 1381/1847/1430
f 1637/2178/1691 1519/1870/1445 636/423/321
f 760/1008/776 1398/1872/1447 1397/1871/1446
f 761/1049/811 1399/1875/1450 1398/1872/1447
f 1397/1871/1446 1401/1873/1448 1400/1869/1444
f 1398/1872/1447 1402/1876/1451 1401/1873/1448
f 1403/1874/1449 1402/1876/1451 1398/1872/1447
f 1402/1876/1451 1405/1878/1453 1401/1873/1448
f 1404/1877/1452 1406/1880/1455 1405/1878/1453
f 1405/1878/1453 1407/1879/1454 1400/1869/1444
f 1406/1880/1455 1408/1881/1456 1407/1879/1454
f 1408/1881/1456 1409/1882/1457 1400/1869/1444
f 798/1051/812 1411/1898/1468 1399/1875/1450
f 1412/1899/1469 1411/1898/1468 798/1051/812
f 1417/1885/1460 1416/1889/1482 1413/1886/1461
f 803/1888/818 802/2550/817 1416/1889/1463
f 1418/1890/1464 1417/1885/1460 1414/1887/1462
f 804/1892/830 803/2551/818 1417/1893/1460
f 1419/1897/1467 1403/1874/1449 1399/1875/1450
f 1412/1899/1469 1420/1902/1472 1419/1897/1467
f 1404/1877/1452 1403/1874/1449 1419/1897/1467
f 1422/1901/1471 1419/1897/1467 1420/1902/1472
f 1428/1904/1474 1424/1927/1489 1425/1905/1475
f 1430/1907/1477 1429/1906/1476 1425/1905/1475
f 1430/1909/1477 1414/1887/1462 1413/1886/1461
f 1430/1909/1477 1415/1891/1465 1414/1887/1462
f 1431/1911/1479 1430/1907/1477 1426/1908/1478
f 1432/2552/1481 1428/1904/1474 1429/1906/1476
f 1432/1914/1481 1429/2553/1476 1413/1915/1461
f 1433/1939/1483 1432/1941/1481 1416/2554/1466
f 797/1061/820 1433/1939/1483 805/1062/821
f 1421/1900/1470 1406/1880/1455 1404/1877/1452
f 1435/1922/1485 1434/1918/1484 1422/1920/1471
f 1423/1921/1473 1436/1929/1492 1435/1922/1485
f 1437/1923/1486 1421/1900/1470 1434/2555/1484
f 1439/1926/1488 1438/1925/1487 1434/1918/1484
f 1439/1926/1488 1425/1905/1475 1424/1927/1489
f 1440/1928/1491 1439/1926/1488 1435/1922/1485
f 1440/1928/1491 1426/1908/1478 1425/1905/1475
f 1441/1930/1493 1440/1928/1491 1436/1929/1492
f 1427/1912/1480 1426/1908/1478 1440/1928/1491
f 1442/1942/1494 1437/1923/1486 1438/2556/1487
f 1443/1932/1495 1438/1925/1487 1424/1927/1496
f 1444/1945/1497 1443/1944/1495 1428/2557/1474
f 1445/1940/1498 1444/1945/1497 1432/1941/1481
f 797/1061/820 1446/1946/1500 1445/1940/1498
f 1442/1942/1494 1447/1943/1499 1408/1881/1456
f 1444/1945/1497 1445/1940/1498 1447/1943/1499
f 1445/1940/1498 1448/1947/1501 1409/1882/1457
f 1454/1950/1504 1453/1949/1503 1448/1947/1501
f 1455/1951/1505 1454/1950/1504 1449/1948/1502
f 1451/1953/1507 1456/2277/1765 1455/1951/1505
f 1452/2278/1766 1456/2277/1765 1451/1953/1507
f 1418/1894/1464 812/1956/829 804/1892/830
f 1459/1957/1509 1418/1890/1464 1457/1954/1508
f 1412/1899/1469 1460/2558/1511 1420/1902/1472
f 1423/1903/1473 1420/1902/1472 1460/2558/1511
f 1462/1962/1514 1461/1960/1512 1460/1959/1511
f 1464/1961/1513 1463/1964/1516 1461/1960/1512
f 1457/1954/1508 1415/1891/1465 1431/1913/1479
f 1465/1963/1515 1431/1911/1479 1427/1912/1480
f 1465/1963/1515 1463/1964/1516 1464/1961/1513
f 1458/1958/1510 1457/1954/1508 1465/1965/1515
f 1441/1930/1493 1463/1964/1516 1427/1912/1480
f 1463/1964/1516 1441/1930/1493 1436/1929/1492
f 1466/2068/1598 1467/2014/1554 1452/2278/1766
f 1468/1967/1518 1412/1899/1469 820/1129/878
f 1459/1955/1509 821/2559/837 812/1956/829
f 822/1972/838 821/2559/837 1459/1955/1509
f 1412/1899/1469 1469/1966/1517 1460/2558/1511
f 1462/1962/1514 1460/1959/1511 1469/1978/1517
f 1470/1977/1525 1462/1962/1514 1469/1978/1517
f 1471/1968/1519 1462/1962/1514 1470/1977/1525
f 1472/1969/1520 1464/1961/1513 1471/1968/1519
f 1473/1973/1521 859/1135/880 822/1972/838
f 1475/1975/1523 860/1133/881 859/1135/880
f 1476/1976/1524 861/1136/882 860/1133/881
f 863/1142/883 861/1141/885 1476/1999/1542
f 1479/1981/1528 1470/1977/1525 1477/1979/1526
f 1481/1983/1530 1480/1982/1529 1477/1979/1526
f 1483/1986/1532 1482/1984/1531 1471/1968/1519
f 1483/1986/1532 1471/1968/1519 1479/1981/1528
f 1484/1987/1533 1479/1981/1528 1480/1982/1529
f 1486/1989/1535 1485/1988/1534 1480/1982/1529
f 1487/1990/1536 1473/1971/1521 1458/1958/1510
f 1487/1990/1536 1482/1985/1531 1483/2560/1532
f 1474/2561/1522 1473/1971/1521 1487/1990/1536
f 1487/1990/1536 1483/2560/1532 1484/2562/1533
f 1475/1975/1523 1474/1974/1522 1487/1993/1536
f 1488/1992/1537 1484/1987/1533 1485/1988/1534
f 1476/1976/1524 1475/1975/1523 1488/1994/1537
f 1490/1997/1540 1489/1995/1538 1485/1988/1534
f 863/1138/883 1491/2007/1541 862/1209/944
f 1491/1998/1541 863/1142/883 1476/1999/1542
f 1490/2001/1540 1494/2005/1546 1493/2002/1544
f 1490/2563/1540 1486/2564/1535 1492/2565/1545
f 1491/1998/1541 1489/2000/1543 1493/2566/1544
f 1494/2005/1546 1495/2008/1548 1496/2006/1547
f 1495/2008/1548 1494/2005/1546 1492/2004/1545
f 1495/2008/1548 1497/2043/1573 1498/2009/1549
f 862/1209/944 1496/2006/1547 1498/2009/1549
f 1502/2012/1552 1499/2011/1551 1498/2009/1549
f 1498/2009/1549 1497/2043/1573 1502/2012/1552
f 1500/2567/1556 1505/2568/1557 1504/2569/1553
f 1505/2570/1834 1500/2571/1834 1499/2572/1834
f 1519/1870/1445 864/1144/887 620/834/639
f 1519/1870/1445 1506/2024/1561 874/1148/891
f 858/1130/879 1507/2021/1558 1468/1967/1518
f 880/2020/902 1508/2025/1559 1507/2021/1558
f 877/1154/897 1509/2023/1560 1508/2022/1559
f 1509/2023/1560 877/1154/897 874/1148/891
f 1507/2021/1558 1510/2026/1562 1469/1966/1517
f 1508/2022/1559 1511/2034/1568 1510/2573/1562
f 1509/2023/1560 1511/2034/1568 1508/2022/1559
f 1512/2027/1563 1469/1978/1517 1510/2574/1562
f 1511/2034/1568 1513/2036/1564 1510/2573/1562
f 1514/2031/1565 1481/1983/1530 1478/1980/1527
f 1513/2575/1564 1514/2031/1565 1512/2027/1563
f 1515/2032/1566 1486/1989/1535 1481/1983/1530
f 1509/2023/1560 1506/2024/1561 1516/2033/1567
f 1511/2034/1568 1516/2033/1567 1517/2035/1569
f 1513/2036/1564 1517/2035/1569 1518/2037/1570
f 1515/2039/1566 1518/2037/1570 1492/2004/1545
f 1515/2039/1566 1514/2038/1565 1518/2037/1570
f 1506/2024/1561 1519/1870/1445 1520/2041/1571
f 1518/2037/1570 1521/2042/1572 1495/2008/1548
f 1520/2041/1571 1519/1870/1445 1497/2043/1573
f 1521/2042/1572 1520/2041/1571 1497/2043/1573
f 1525/2047/1577 1524/2046/1576 894/1176/915
f 1526/2048/1578 1525/2047/1577 896/1177/916
f 898/1178/917 1527/2050/1580 1526/2048/1578
f 1524/2046/1576 1446/1946/1500 797/1061/820
f 1530/2053/1583 1529/2052/1582 1524/2046/1576
f 1531/2054/1584 1530/2053/1583 1525/2047/1577
f 1532/2055/1585 1531/2054/1584 1526/2048/1578
f 1534/2057/1587 1449/1948/1502 1446/1946/1500
f 1535/2058/1588 1534/2057/1587 1529/2052/1582
f 1536/2059/1589 1535/2058/1588 1530/2053/1583
f 1534/2057/1587 1450/1952/1506 1449/1948/1502
f 1535/2058/1588 1451/1953/1507 1534/2057/1587
f 1451/1953/1507 1537/2060/1590 1452/2278/1766
f 1537/2060/1590 1451/1953/1507 1535/2058/1588
f 902/1184/923 1523/2045/1575 895/1179/918
f 1523/2045/1575 1538/2061/1591 1527/2050/1580
f 1537/2060/1590 1466/2068/1598 1452/2278/1766
f 909/2062/1592 1539/2063/1593 1523/2045/1575
f 1538/2061/1591 1540/2064/1594 1528/2051/1581
f 1540/2064/1594 1541/2065/1595 1532/2055/1585
f 1541/2065/1595 1542/2066/1596 1533/2056/1586
f 1542/2066/1596 1543/2069/1599 1536/2059/1589
f 1536/2059/1589 1544/2067/1597 1537/2060/1590
f 1545/2070/1600 1539/2063/1593 909/2062/1592
f 1546/2071/1601 1545/2070/1600 908/1192/931
f 1546/2074/1601 917/2473/940 919/1207/942
f 920/1208/943 1546/2074/1601 919/1207/942
f 1542/2066/1596 1541/2065/1595 1540/2064/1594
f 1547/2072/1602 1542/2066/1596 1545/2070/1600
f 920/1208/943 1548/2075/1603 1547/2073/1602
f 1548/2075/1603 920/1208/943 862/1209/944
f 1547/2072/1602 1549/2078/1604 1543/2069/1599
f 1548/2075/1603 1550/2077/1605 1549/2076/1604
f 1550/2077/1605 1548/2075/1603 1499/2011/1551
f 1549/2078/1604 1467/2014/1554 1466/2068/1598
f 1549/2078/1604 1544/2067/1597 1543/2069/1599
f 1550/2077/1605 1501/2018/1555 1467/2079/1554
f 1551/2080/1606 1271/1742/1354 230/301/233
f 567/994/762 1551/2080/1606 230/301/233
f 1552/2083/1609 1551/2080/1606 567/994/762
f 1554/2081/1607 1312/1760/1367 1271/1742/1354
f 1551/2080/1606 1555/2089/1614 1554/2081/1607
f 1556/2094/1619 1555/2089/1614 1551/2080/1606
f 1551/2080/1606 1557/2096/1620 1556/2094/1619
f 1558/2082/1608 1557/2096/1620 1551/2080/1606
f 1552/2083/1609 1559/2102/1625 1558/2082/1608
f 1560/2084/1610 1559/2102/1625 1552/2083/1609
f 567/994/762 1561/2108/1630 1560/2084/1610
f 1562/2085/1611 1561/2108/1630 567/994/762
f 1563/2087/1613 1326/2544/1368 1312/1760/1367
f 1563/2088/1613 1564/2090/1615 1327/1762/1369
f 1555/2089/1614 1564/2576/1615 1563/2087/1613
f 1564/2090/1615 1565/2091/1616 1328/1764/1371
f 1565/2091/1616 1566/2092/1617 1329/1765/1372
f 1566/2092/1617 1567/2099/1623 1319/1766/1373
f 1568/2093/1618 1564/2576/1615 1555/2089/1614
f 1568/2095/1618 1569/2097/1621 1565/2091/1616
f 1557/2096/1620 1569/2577/1621 1568/2093/1618
f 1569/2097/1621 1570/2098/1622 1566/2092/1617
f 1570/2098/1622 1571/2104/1627 1567/2099/1623
f 1572/2100/1624 1569/2577/1621 1557/2096/1620
f 1572/2101/1624 1573/2103/1626 1570/2098/1622
f 1559/2102/1625 1573/2578/1626 1572/2100/1624
f 1573/2103/1626 1574/2107/1629 1571/2104/1627
f 1575/2105/1628 1573/2578/1626 1559/2102/1625
f 1575/2106/1628 1576/2123/1644 1574/2107/1629
f 1561/2108/1630 1576/2579/1644 1575/2105/1628
f 1577/2109/1631 1576/2579/1644 1561/2108/1630
f 1579/2110/1632 567/994/762 1400/1869/1444
f 1578/1884/1459 1579/2110/1632 1400/1869/1444
f 1580/2112/1634 1553/2086/1612 1579/2110/1632
f 1581/2114/1636 1580/2112/1634 1579/2110/1632
f 1553/2086/1612 1582/2128/1648 1562/2085/1611
f 1583/2134/1654 1582/2128/1648 1553/2086/1612
f 1553/2086/1612 1584/2136/1655 1583/2134/1654
f 1585/2111/1633 1584/2136/1655 1553/2086/1612
f 1580/2112/1634 1586/2143/1638 1585/2111/1633
f 1590/2113/1635 1586/2143/1638 1580/2112/1634
f 1590/2115/1635 1591/2118/1639 1587/2116/1637
f 1581/2114/1636 1591/2580/1639 1590/2113/1635
f 1591/2118/1639 1592/2120/1641 1588/2119/1640
f 1592/2120/1641 1593/2241/1736 1589/2121/1642
f 1593/2241/1736 1594/2242/1737 1589/2121/1642
f 1571/2104/1627 1595/2122/1643 1319/1766/1373
f 1574/2107/1629 1596/2124/1645 1595/2122/1643
f 1596/2124/1645 1597/2126/1647 1595/2122/1643
f 1576/2123/1644 1598/2125/1646 1596/2124/1645
f 1598/2125/1646 1599/2130/1650 1597/2126/1647
f 1599/2130/1650 1600/2132/1652 1597/2126/1647
f 1577/2127/1631 1601/2129/1649 1598/2125/1646
f 1582/2128/1648 1601/2581/1649 1577/2109/1631
f 1601/2129/1649 1602/2131/1651 1599/2130/1650
f 1602/2131/1651 1603/2138/1657 1600/2132/1652
f 1604/2133/1653 1601/2581/1649 1582/2128/1648
f 1604/2135/1653 1605/2137/1656 1602/2131/1651
f 1584/2136/1655 1605/2582/1656 1604/2133/1653
f 1605/2137/1656 1606/2141/1659 1603/2138/1657
f 1606/2141/1659 1607/2145/1661 1603/2138/1657
f 1608/2139/1658 1605/2582/1656 1584/2136/1655
f 1608/2140/1658 1609/2144/1660 1606/2141/1659
f 1609/2142/1660 1608/2139/1658 1585/2111/1633
f 1609/2144/1660 1610/2146/1662 1607/2145/1661
f 1610/2146/1662 1609/2144/1660 1586/2117/1638
f 1610/2146/1662 1611/2147/1663 1607/2145/1661
f 1611/2147/1663 1610/2146/1662 1587/2116/1637
f 1594/2242/1737 1613/2148/1664 1589/2121/1642
f 1615/2151/1667 1344/1784/1387 1595/2122/1643
f 1616/2152/1668 1615/2151/1667 1597/2126/1647
f 1614/2150/1666 1616/2152/1668 1600/2132/1652
f 1607/2145/1661 1617/2154/1670 1614/2150/1666
f 1611/2147/1663 1618/2153/1669 1607/2145/1661
f 1618/2153/1669 1611/2147/1663 1612/2149/1665
f 1618/2153/1669 1620/2155/1671 1617/2154/1670
f 1612/2149/1665 1627/2173/1688 1620/2155/1671
f 1627/2173/1688 1612/2149/1665 1619/2156/1672
f 1626/2161/1677 1623/2157/1673 1622/2159/1675
f 1630/2163/1679 1629/2176/1690 1624/2160/1676
f 1630/2163/1679 1624/2160/1676 1623/2157/1673
f 1616/2152/1668 1646/2165/1681 1615/2151/1667
f 1614/2150/1666 1631/2164/1680 1616/2152/1668
f 1631/2164/1680 1654/2167/1683 1646/2165/1681
f 1617/2154/1670 1631/2164/1680 1614/2150/1666
f 1632/2166/1682 1633/2209/1686 1654/2167/1683
f 1620/2155/1671 1632/2166/1682 1631/2164/1680
f 1635/2168/1684 1633/2209/1686 1632/2166/1682
f 1635/2170/1684 1634/2177/1685 1626/2161/1677
f 1635/2170/1684 1626/2161/1677 1625/2162/1678
f 1628/2172/1687 1632/2166/1682 1620/2155/1671
f 1636/2174/1689 1634/2169/1685 1632/2166/1682
f 1636/2174/1689 1628/2172/1687 1629/2583/1690
f 1636/2175/1689 1630/2163/1679 1626/2161/1677
f 1639/2181/1694 1637/2178/1691 1638/2179/1692
f 1622/2159/1675 1621/2158/1674 1637/2178/1691
f 1641/2182/1695 1638/2179/1692 533/1412/1098
f 1642/2183/1696 1639/2181/1694 1638/2179/1692
f 1644/2185/1698 1640/2180/1693 1639/2181/1694
f 1625/2162/1678 1622/2159/1675 1640/2180/1693
f 1615/2151/1667 1646/2165/1681 1267/1683/1311
f 1646/2165/1681 1394/1863/1440 1388/1854/1434
f 1648/2187/1700 1395/1865/1442 1394/1863/1440
f 1648/2189/1700 1647/2195/1701 1641/2182/1695
f 1648/2189/1700 1641/2182/1695 1383/1867/1443
f 1649/2191/1702 1650/2193/1704 1394/1863/1440
f 1651/2192/1703 1647/2188/1701 1394/1863/1440
f 1651/2194/1703 1650/2199/1704 1642/2183/1696
f 1651/2194/1703 1642/2183/1696 1641/2182/1695
f 1653/2196/1705 1650/2193/1704 1649/2191/1702
f 1653/2198/1705 1652/2203/1706 1643/2184/1697
f 1653/2198/1705 1643/2184/1697 1642/2183/1696
f 1654/2167/1683 1655/2201/1708 1649/2191/1702
f 1656/2200/1707 1652/2197/1706 1649/2191/1702
f 1656/2202/1707 1655/2207/1708 1644/2185/1698
f 1656/2202/1707 1644/2185/1698 1643/2184/1697
f 1658/2204/1709 1655/2201/1708 1654/2167/1683
f 1658/2206/1709 1657/2211/1710 1645/2186/1699
f 1658/2206/1709 1645/2186/1699 1644/2185/1698
f 1659/2208/1711 1657/2205/1710 1654/2167/1683
f 1659/2210/1711 1633/2171/1686 1625/2162/1678
f 1659/2210/1711 1625/2162/1678 1645/2186/1699
f 1410/1883/1458 1660/2214/1714 1661/2212/1712
f 1664/2218/1718 1663/2215/1715 1661/2212/1712
f 1661/2212/1712 1665/2222/1722 1664/2218/1718
f 1662/2213/1713 1665/2222/1722 1661/2212/1712
f 1578/1884/1459 1666/2224/1724 1579/2110/1632
f 1667/2226/1726 1666/2224/1724 1578/1884/1459
f 1668/2216/1716 1667/2226/1726 1578/1884/1459
f 1663/2215/1715 1669/2220/1720 1668/2216/1716
f 1671/2217/1717 1669/2220/1720 1663/2215/1715
f 1671/2217/1717 1672/2221/1721 1670/2219/1719
f 1672/2221/1721 1671/2217/1717 1664/2218/1718
f 1673/2223/1723 1581/2114/1636 1579/2110/1632
f 1666/2224/1724 1674/2228/1728 1673/2223/1723
f 1678/2225/1725 1674/2228/1728 1666/2224/1724
f 1678/2225/1725 1679/2584/1729 1675/2227/1727
f 1667/2226/1726 1679/2584/1729 1678/2225/1725
f 1676/2230/1730 1680/2236/1733 1677/2244/1739
f 1681/2232/1731 1679/2584/1729 1667/2226/1726
f 1681/2233/1731 1682/2235/1732 1676/2230/1730
f 1682/2234/1732 1681/2232/1731 1668/2216/1716
f 1682/2235/1732 1670/2273/1719 1680/2236/1733
f 1683/2237/1734 1591/2580/1639 1581/2114/1636
f 1683/2238/1734 1684/2240/1735 1592/2120/1641
f 1684/2239/1735 1683/2237/1734 1673/2223/1723
f 1684/2240/1735 1675/2231/1727 1593/2241/1736
f 1675/2227/1727 1684/2239/1735 1674/2228/1728
f 1675/2231/1727 1685/2243/1738 1594/2242/1737
f 1687/2245/1740 1686/2251/1746 1410/1883/1458
f 1453/1949/1503 1688/2247/1742 1687/2245/1740
f 1454/1950/1504 1688/2247/1742 1453/1949/1503
f 1454/1950/1504 1692/2248/1743 1689/2246/1741
f 1455/1951/1505 1692/2248/1743 1454/1950/1504
f 1692/2248/1743 1456/2277/1765 1690/2249/1744
f 1456/2277/1765 1692/2248/1743 1455/1951/1505
f 1456/2277/1765 1691/2287/1773 1690/2249/1744
f 1693/2250/1745 1660/2214/1714 1410/1883/1458
f 1686/2251/1746 1694/2254/1749 1693/2250/1745
f 1698/2252/1747 1694/2254/1749 1686/2251/1746
f 1698/2252/1747 1699/2255/1750 1695/2253/1748
f 1699/2255/1750 1698/2252/1747 1687/2245/1740
f 1699/2255/1750 1689/2246/1741 1696/2256/1751
f 1690/2249/1744 1697/2280/1768 1696/2256/1751
f 1660/2214/1714 1700/2257/1752 1662/2213/1713
f 1700/2257/1752 1704/2258/1753 1701/2260/1755
f 1694/2254/1749 1704/2258/1753 1700/2257/1752
f 1704/2258/1753 1695/2253/1748 1702/2259/1754
f 1695/2261/1748 1696/2284/1751 1703/2262/1756
f 1662/2213/1713 1708/2268/1758 1705/2264/1757
f 1700/2257/1752 1708/2268/1758 1662/2213/1713
f 1708/2265/1758 1701/2269/1755 1706/2266/1759
f 1701/2269/1755 1702/2263/1754 1707/2270/1760
f 1702/2263/1754 1709/2290/1776 1707/2270/1760
f 1703/2262/1756 1709/2290/1776 1702/2263/1754
f 1672/2271/1721 1705/2267/1757 1710/2272/1761
f 1705/2267/1757 1706/2266/1759 1711/2274/1762
f 1706/2266/1759 1712/2275/1763 1711/2274/1762
f 1670/2273/1719 1713/2276/1764 1680/2236/1733
f 1691/2287/1773 1715/2279/1767 1690/2249/1744
f 1715/2279/1767 1714/2304/1770 1697/2280/1768
f 1716/2281/1769 1696/2284/1751 1697/2282/1768
f 1467/2014/1554 1719/2286/1772 1456/2277/1765
f 1719/2286/1772 1718/2288/1774 1691/2287/1773
f 1703/2262/1756 1721/2310/1790 1720/2289/1775
f 1721/2310/1790 1703/2262/1756 1716/2281/1769
f 1707/2270/1760 1722/2291/1777 1712/2275/1763
f 1713/2276/1764 1724/2292/1778 1680/2236/1733
f 1724/2292/1778 1713/2276/1764 1717/2285/1771
f 1685/2243/1738 1725/2294/1780 1613/2148/1664
f 1677/2244/1739 1726/2295/1781 1725/2294/1780
f 1726/2295/1781 1677/2244/1739 1680/2236/1733
f 1729/2301/1786 1728/2299/1784 1503/2010/1550
f 1730/2296/1782 1727/2305/1783 1718/2288/1774
f 1730/2296/1782 1719/2286/1772 1467/2014/1554
f 1504/2017/1553 1728/2299/1784 1727/2297/1783
f 1504/2017/1553 1505/2019/1557 1503/2010/1550
f 1729/2585/1786 1733/2586/1787 1732/2587/1785
f 1733/2588/1835 1729/2589/1835 1503/2590/1835
f 1735/2306/1789 1721/2310/1790 1716/2281/1769
f 1735/2307/1789 1714/2304/1770 1727/2305/1783
f 1732/2309/1785 1734/2591/1791 1721/2310/1790
f 1732/2300/1785 1733/2302/1787 1731/2303/1788
f 1736/2312/1792 1737/2316/1793 1720/2289/1775
f 1720/2289/1775 1737/2316/1793 1707/2270/1760
f 1502/2012/1552 1497/2043/1573 1522/2044/1574
f 1738/2317/1794 1522/2044/1574 1519/1870/1445
f 1522/2044/1574 1739/2318/1795 1502/2012/1552
f 1742/2321/1798 1734/2311/1791 1731/2303/1788
f 1742/2321/1798 1731/2303/1788 1739/2318/1795
f 1743/2323/1800 1522/2044/1574 1738/2317/1794
f 1744/2322/1799 1740/2319/1796 1522/2044/1574
f 1746/2324/1801 1745/2326/1802 1741/2320/1797
f 1746/2324/1801 1741/2320/1797 1740/2319/1796
f 1745/2326/1802 1736/2592/1792 1734/2311/1791
f 1745/2326/1802 1742/2321/1798 1741/2320/1797
f 1747/2327/1803 1738/2317/1794 1621/2158/1674
f 1749/2329/1805 1743/2323/1800 1738/2317/1794
f 1751/2330/1806 1750/2334/1809 1744/2322/1799
f 1751/2330/1806 1744/2322/1799 1743/2323/1800
f 1752/2331/1807 1717/2285/1771 1722/2291/1777
f 1753/2332/1808 1750/2343/1809 1717/2285/1771
f 1753/2333/1808 1752/2593/1807 1745/2326/1802
f 1753/2333/1808 1746/2324/1801 1744/2322/1799
f 1754/2335/1810 1747/2327/1803 1621/2158/1674
f 1757/2336/1811 1756/2342/1816 1748/2328/1804
f 1757/2336/1811 1748/2328/1804 1747/2327/1803
f 1724/2292/1778 1758/2337/1812 1723/2293/1779
f 1758/2337/1812 1759/2340/1815 1755/2338/1813
f 1760/2339/1814 1756/2594/1816 1755/2338/1813
f 1760/2341/1814 1759/2344/1815 1749/2329/1805
f 1760/2341/1814 1749/2329/1805 1748/2328/1804
f 1759/2340/1815 1758/2337/1812 1750/2343/1809
f 1759/2344/1815 1751/2330/1806 1749/2329/1805
f 1725/2294/1780 1755/2338/1813 1627/2173/1688
f 1755/2338/1813 1761/2346/1818 1628/2172/1687
f 1762/2345/1817 1629/2583/1690 1628/2172/1687
f 1762/2347/1817 1761/2349/1818 1754/2335/1810
f 1762/2347/1817 1754/2335/1810 1624/2160/1676
f 1726/2295/1781 1723/2293/1779 1725/2294/1780
f 1763/2595/1819 1761/2346/1818 1755/2338/1813
f 1763/2595/1819 1755/2338/1813 1756/2594/1816
f 1763/2348/1819 1757/2336/1811 1754/2335/1810
