# Blender 5.2.2 LTS
# www.blender.org
mtllib left_thomb_midle.mtl
o left_thomb_midle
v -0.024088 -0.006300 -0.002820
v -0.024120 -0.006069 -0.002940
v -0.024326 -0.005722 -0.002733
v -0.023726 -0.006310 -0.003195
v -0.023739 -0.006065 -0.003332
v -0.023876 -0.005727 -0.003251
v -0.023350 -0.006315 -0.003552
v -0.023514 -0.006456 -0.002940
v -0.023341 -0.006065 -0.003698
v -0.023495 -0.005691 -0.003608
v -0.022985 -0.006317 -0.003896
v -0.023153 -0.006470 -0.003293
v -0.022955 -0.006016 -0.004069
v -0.022623 -0.006315 -0.004238
v -0.022796 -0.006483 -0.003640
v -0.022604 -0.006062 -0.004374
v -0.022265 -0.006307 -0.004576
v -0.022439 -0.006491 -0.003989
v -0.022582 -0.006537 -0.003177
v -0.022242 -0.006057 -0.004706
v -0.024797 -0.006245 -0.001426
v -0.024826 -0.006285 -0.000994
v -0.024849 -0.006086 -0.001480
v -0.024932 -0.006082 -0.000648
v -0.024894 -0.005566 -0.001403
v -0.024961 -0.005799 -0.000610
v -0.024419 -0.006281 -0.002406
v -0.024648 -0.006301 -0.001574
v -0.024605 -0.006386 -0.001082
v -0.024505 -0.006114 -0.002408
v -0.024521 -0.005711 -0.002422
v -0.024691 -0.005680 -0.002067
v -0.024233 -0.006398 -0.002244
v -0.024333 -0.006424 -0.001332
v -0.023878 -0.006439 -0.002570
v -0.023777 -0.006474 -0.002282
v -0.024109 -0.005392 -0.003007
v -0.024914 -0.005371 -0.001024
v -0.024841 -0.005123 -0.000717
v -0.024851 -0.005251 -0.000019
v -0.024821 -0.004537 -0.001427
v -0.024804 -0.004723 -0.001230
v -0.024786 -0.004874 -0.001789
v -0.024626 -0.004989 -0.000602
v -0.024621 -0.005102 -0.000177
v -0.024624 -0.004644 -0.001121
v -0.024608 -0.004181 -0.002220
v -0.024685 -0.004207 -0.001926
v -0.024740 -0.004402 -0.001598
v -0.024581 -0.004353 -0.001358
v -0.024595 -0.004045 -0.001609
v -0.024647 -0.002940 -0.001947
v -0.024557 -0.003535 -0.001699
v -0.024609 -0.002355 -0.002225
v -0.024579 -0.002974 -0.001655
v -0.024195 -0.004951 -0.000527
v -0.024151 -0.005045 -0.000216
v -0.024186 -0.004506 -0.001114
v -0.024233 -0.004742 -0.000876
v -0.024168 -0.004850 -0.000727
v -0.024218 -0.004359 -0.001231
v -0.024287 -0.003992 -0.001456
v -0.024304 -0.003497 -0.001556
v -0.024323 -0.002985 -0.001488
v -0.023911 -0.004000 -0.001403
v -0.023956 -0.003495 -0.001495
v -0.023900 -0.003056 -0.001435
v -0.023974 -0.002737 -0.001323
v -0.021684 -0.003611 -0.001384
v -0.021674 -0.003342 -0.001382
v -0.022277 -0.004305 -0.001172
v -0.021520 -0.004659 -0.000868
v -0.022246 -0.003921 -0.001353
v -0.024194 0.006071 -0.002983
v -0.023832 0.006096 -0.003431
v -0.024785 -0.002433 -0.001402
v -0.024832 -0.002196 -0.001441
v -0.024791 -0.002201 -0.001192
v -0.024815 -0.001883 -0.000882
v -0.024813 -0.001743 -0.000418
v -0.024841 -0.001779 -0.001491
v -0.024875 -0.001659 -0.001218
v -0.024906 -0.001223 -0.000738
v -0.024672 -0.002608 -0.001566
v -0.024642 -0.002446 -0.001297
v -0.024745 -0.002102 -0.001848
v -0.024613 -0.002010 -0.000782
v -0.024632 -0.001842 -0.000358
v -0.024779 0.001508 -0.001604
v -0.024413 -0.002730 -0.001409
v -0.024331 0.005410 -0.002766
v -0.024188 -0.002419 -0.001115
v -0.024187 -0.002245 -0.000949
v -0.024212 -0.001959 -0.000493
v -0.024241 -0.001869 -0.000184
v -0.021485 -0.001933 -0.000174
v -0.022177 -0.002678 -0.001171
v -0.024186 -0.002094 -0.000756
v -0.022093 -0.002028 -0.000476
v -0.021032 -0.006267 -0.005630
v -0.021136 -0.005777 -0.005721
v -0.020776 -0.006297 -0.005769
v -0.020851 -0.006070 -0.005899
v -0.020563 -0.005665 -0.006233
v -0.020258 -0.006234 -0.006099
v -0.020209 -0.006384 -0.005807
v -0.020385 -0.006039 -0.006246
v -0.019597 -0.006280 -0.006186
v -0.020068 -0.005991 -0.006501
v -0.020107 -0.005740 -0.006609
v -0.019548 -0.005952 -0.006816
v -0.019853 -0.006223 -0.006263
v -0.019651 -0.005705 -0.006964
v -0.022058 -0.006220 -0.004841
v -0.022196 -0.006453 -0.004347
v -0.021609 -0.006335 -0.005032
v -0.021803 -0.006451 -0.004681
v -0.021842 -0.006529 -0.004368
v -0.021938 -0.006568 -0.003865
v -0.021403 -0.006290 -0.005295
v -0.021314 -0.006068 -0.005502
v -0.021648 -0.006092 -0.005187
v -0.021195 -0.006355 -0.005350
v -0.020750 -0.006520 -0.005091
v -0.020966 -0.006578 -0.004589
v -0.020324 -0.006455 -0.005505
v -0.017568 -0.006636 -0.004864
v -0.021786 -0.005669 -0.005151
v -0.019841 -0.005280 -0.006909
v -0.021533 -0.002975 -0.001269
v -0.021313 -0.003975 -0.001268
v -0.021032 -0.003669 -0.001317
v -0.020953 -0.003326 -0.001311
v -0.018860 -0.004964 -0.000365
v -0.017892 -0.005073 -0.000105
v -0.017321 -0.004191 -0.001023
v -0.017390 -0.004422 -0.000897
v -0.017662 -0.003670 -0.001152
v -0.018305 -0.003015 -0.001110
v -0.020467 0.005724 -0.006486
v -0.017310 -0.002270 -0.000520
v -0.017498 -0.002634 -0.000872
v -0.019352 -0.005657 -0.007187
v -0.019109 -0.006087 -0.006680
v -0.018869 -0.005556 -0.007498
v -0.019051 -0.005887 -0.007055
v -0.018569 -0.005863 -0.007144
v -0.018367 -0.005597 -0.007580
v -0.012948 -0.006122 -0.006676
v -0.019220 -0.006653 -0.004033
v -0.019119 -0.006638 -0.004511
v -0.015153 -0.006650 -0.005085
v -0.018232 -0.004941 -0.008248
v -0.018109 -0.004701 -0.008408
v -0.017903 -0.004883 -0.008394
v -0.017856 -0.004333 -0.008649
v -0.017602 -0.004532 -0.008707
v -0.017653 -0.004008 -0.008852
v -0.017888 -0.003747 -0.008696
v -0.017356 -0.004975 -0.008369
v -0.017156 -0.004629 -0.008710
v -0.017044 -0.004054 -0.009112
v -0.017224 -0.003950 -0.009108
v -0.017235 -0.003548 -0.009223
v -0.016682 -0.004507 -0.008812
v -0.016876 -0.003509 -0.009432
v -0.016905 -0.002809 -0.009567
v -0.019377 -0.005399 -0.007283
v -0.019113 -0.004928 -0.007572
v -0.018931 -0.005323 -0.007634
v -0.018612 -0.005255 -0.007877
v -0.018611 -0.005014 -0.007984
v -0.018340 -0.004553 -0.008268
v -0.018235 -0.005210 -0.008054
v -0.017791 -0.005337 -0.007948
v -0.017625 -0.005170 -0.008150
v -0.018198 -0.003338 -0.001170
v -0.017970 -0.004789 -0.000594
v -0.017774 -0.004004 -0.001103
v -0.018208 -0.002813 -0.001025
v -0.017164 -0.004578 -0.000768
v -0.016954 -0.004918 -0.000390
v -0.018234 -0.000997 -0.008323
v -0.018424 -0.001374 -0.008241
v -0.018035 -0.001340 -0.008578
v -0.017533 -0.001327 -0.008999
v -0.017883 -0.001064 -0.008620
v -0.017395 -0.001028 -0.008894
v -0.017163 -0.001703 -0.009369
v -0.016965 -0.000915 -0.009279
v -0.017125 -0.000842 -0.008622
v -0.017059 -0.001266 -0.009415
v -0.016791 -0.000707 -0.009533
v -0.016979 -0.000893 -0.008927
v -0.016802 -0.000735 -0.009367
v -0.019272 0.000024 -0.007489
v -0.018951 -0.000431 -0.007742
v -0.018676 -0.000865 -0.007985
v -0.018634 -0.000562 -0.007945
v -0.018701 0.000001 -0.007839
v -0.018404 -0.000527 -0.008012
v -0.018214 -0.000147 -0.007934
v -0.018015 -0.000785 -0.008271
v -0.017918 -0.000398 -0.008017
v -0.017596 -0.000619 -0.008177
v -0.017239 -0.000749 -0.008356
v -0.013897 -0.000176 -0.007809
v -0.017057 -0.002045 -0.000120
v -0.017345 -0.002127 -0.000314
v -0.010780 -0.006570 -0.005647
v -0.011981 -0.005947 -0.007000
v -0.007679 -0.005713 -0.007321
v -0.011752 -0.006858 -0.004028
v -0.012985 -0.006795 -0.004413
v -0.016487 -0.003857 -0.009306
v -0.016671 -0.003512 -0.009488
v -0.016503 -0.002802 -0.009795
v -0.016137 -0.003463 -0.009548
v -0.016333 -0.002802 -0.009842
v -0.015821 -0.003033 -0.009763
v -0.016543 -0.004219 -0.009046
v -0.013589 -0.002835 -0.009767
v -0.015093 -0.003756 -0.001042
v -0.015041 -0.003418 -0.001038
v -0.015215 -0.002967 -0.000917
v -0.013982 -0.004724 -0.000515
v -0.014551 -0.004324 -0.000820
v -0.015630 -0.003170 -0.001021
v -0.014758 -0.005040 -0.000110
v -0.013768 -0.004507 -0.000684
v -0.014355 -0.004003 -0.000928
v -0.014833 -0.003677 -0.001014
v -0.014848 -0.003331 -0.000997
v -0.014279 -0.004915 -0.000308
v -0.016448 -0.001838 -0.009975
v -0.016521 -0.001115 -0.009960
v -0.016593 -0.000925 -0.009864
v -0.016620 -0.000774 -0.009178
v -0.016424 -0.000822 -0.008897
v -0.016498 -0.000183 -0.009907
v -0.016590 -0.000546 -0.009620
v -0.016483 0.000001 -0.009731
v -0.016158 -0.001712 -0.010154
v -0.016165 -0.000660 -0.010229
v -0.016383 -0.000823 -0.010073
v -0.016170 -0.000718 -0.009150
v -0.016269 -0.000416 -0.009504
v -0.016073 -0.000563 -0.009338
v -0.016380 0.000717 -0.010093
v -0.016121 -0.000133 -0.009544
v -0.015813 -0.002508 -0.009981
v -0.015922 -0.001829 -0.010177
v -0.015904 -0.001004 -0.010300
v -0.014472 -0.000858 -0.008568
v -0.015861 -0.000376 -0.009457
v -0.015879 0.000515 -0.010354
v -0.015466 -0.002002 -0.010141
v -0.015546 -0.001464 -0.010265
v -0.015465 -0.000550 -0.010375
v -0.015498 0.000643 -0.010395
v -0.015158 -0.001020 -0.010319
v -0.015161 0.000035 -0.010386
v -0.013576 -0.000829 -0.008875
v -0.012686 -0.000523 -0.009285
v -0.013638 -0.000159 -0.009465
v -0.013705 -0.000348 -0.009418
v -0.013017 -0.001783 -0.010087
v -0.013226 -0.000705 -0.009113
v -0.014000 -0.000478 -0.007921
v -0.014278 -0.000793 -0.008288
v -0.013174 -0.000689 -0.008053
v -0.017045 -0.002458 -0.000704
v -0.015325 -0.002726 -0.000796
v -0.013268 -0.002223 -0.000174
v -0.012127 -0.002442 -0.000372
v -0.013290 -0.006295 -0.006311
v -0.007541 -0.006995 -0.002903
v -0.012938 -0.006628 -0.005354
v -0.009484 -0.004135 -0.008901
v -0.008553 -0.005002 -0.008154
v -0.012446 -0.003338 -0.000862
v -0.012245 -0.003029 -0.000773
v -0.010017 -0.003690 -0.000769
v -0.010167 -0.004825 -0.000269
v -0.009274 -0.002947 -0.000573
v -0.009706 -0.004621 -0.000429
v -0.009907 -0.004975 -0.000078
v -0.010012 -0.003998 -0.000738
v -0.012559 -0.000882 -0.008578
v -0.010375 -0.002418 -0.009794
v -0.010731 -0.000754 -0.010132
v -0.010554 0.000042 -0.010153
v -0.011874 -0.000294 -0.009386
v -0.010065 -0.000849 -0.008838
v -0.010198 -0.000703 -0.009067
v -0.011562 -0.000018 -0.009436
v -0.010972 -0.001306 -0.010086
v -0.011401 -0.000461 -0.009273
v -0.011340 -0.000176 -0.009362
v -0.013634 -0.000004 -0.007715
v -0.012726 -0.000492 -0.007854
v -0.013280 -0.000280 -0.007766
v -0.012354 -0.000136 -0.007698
v -0.007678 -0.000452 -0.007638
v -0.008437 -0.000626 -0.007771
v -0.011590 -0.002630 -0.000510
v -0.006162 -0.006586 -0.005743
v -0.006901 -0.006176 -0.006596
v -0.006350 -0.006397 -0.006173
v -0.007349 -0.006906 -0.004516
v -0.009124 -0.004639 -0.008501
v -0.009584 -0.003768 -0.009139
v -0.009808 -0.003221 -0.009445
v -0.009296 -0.003623 -0.009161
v -0.009488 -0.003093 -0.009436
v -0.008757 -0.004542 -0.008539
v -0.008772 -0.004191 -0.008770
v -0.008994 -0.003626 -0.009053
v -0.009097 -0.003017 -0.009246
v -0.008636 -0.003905 -0.008803
v -0.008206 -0.004059 -0.008500
v -0.008358 -0.003565 -0.008659
v -0.008380 -0.005313 -0.007824
v -0.008182 -0.003427 -0.000676
v -0.009100 -0.004169 -0.000655
v -0.008769 -0.004366 -0.000549
v -0.007892 -0.003278 -0.000620
v -0.009215 -0.000942 -0.008571
v -0.010340 -0.000999 -0.010063
v -0.009752 -0.000473 -0.009245
v -0.010175 -0.002130 -0.009865
v -0.010016 -0.001022 -0.009966
v -0.010017 0.000281 -0.010013
v -0.009715 -0.000172 -0.009327
v -0.009476 -0.002695 -0.009514
v -0.009858 -0.002016 -0.009823
v -0.009758 -0.001254 -0.009828
v -0.009635 -0.000724 -0.009125
v -0.009355 -0.000896 -0.008872
v -0.009720 0.001082 -0.009858
v -0.009553 0.000686 -0.009716
v -0.009391 -0.002042 -0.009534
v -0.009575 -0.001116 -0.009702
v -0.009220 -0.001273 -0.009369
v -0.009407 -0.000858 -0.009497
v -0.009318 -0.000867 -0.009234
v -0.009437 -0.000511 -0.009359
v -0.009440 0.000116 -0.009546
v -0.009460 -0.000172 -0.009406
v -0.008835 -0.001295 -0.009032
v -0.009067 -0.001028 -0.009119
v -0.008861 -0.001063 -0.008875
v -0.008251 -0.001631 -0.008605
v -0.008443 -0.001306 -0.008691
v -0.008518 -0.001110 -0.008583
v -0.008779 -0.000919 -0.008245
v -0.009323 -0.000154 -0.007626
v -0.007325 -0.000168 -0.007562
v -0.009543 -0.002351 -0.000092
v -0.006358 -0.002611 -0.000171
v -0.007463 -0.005592 -0.007438
v -0.007012 -0.005607 -0.007315
v -0.007125 -0.005985 -0.006916
v -0.006735 -0.005939 -0.006884
v -0.006503 -0.005696 -0.006966
v -0.006235 -0.006276 -0.006354
v -0.006169 -0.006008 -0.006625
v -0.005650 -0.006273 -0.006236
v -0.005410 -0.006621 -0.005614
v -0.005901 -0.005954 -0.006515
v -0.005846 -0.005592 -0.006572
v -0.005207 -0.006750 -0.005298
v -0.004748 -0.006921 -0.004696
v -0.007531 -0.006997 -0.003550
v -0.006987 -0.006985 -0.004023
v -0.003915 -0.007035 -0.004176
v -0.002279 -0.007149 -0.002558
v -0.008345 -0.004546 -0.008429
v -0.008073 -0.004363 -0.008360
v -0.007957 -0.004951 -0.008084
v -0.007819 -0.005269 -0.007812
v -0.007367 -0.005281 -0.007670
v -0.007744 -0.004881 -0.008036
v -0.007535 -0.004561 -0.007965
v -0.007327 -0.005026 -0.007741
v -0.006932 -0.005023 -0.007453
v -0.006939 -0.005392 -0.007381
v -0.006363 -0.005417 -0.006959
v -0.005458 -0.004530 -0.000314
v -0.005028 -0.004749 -0.000140
v -0.008059 -0.003738 -0.000689
v -0.007840 -0.003996 -0.000627
v -0.005177 -0.004923 0.000025
v -0.006463 -0.003027 -0.000442
v -0.006073 -0.004335 -0.000435
v -0.006216 -0.003669 -0.000565
v -0.006450 -0.003339 -0.000538
v -0.005772 -0.004006 -0.000514
v -0.006900 -0.002792 -0.000343
v -0.008642 -0.001735 -0.008933
v -0.007974 -0.001276 -0.008348
v -0.007988 -0.001090 -0.008260
v -0.008274 -0.000813 -0.007967
v -0.007736 -0.000752 -0.007805
v -0.007416 -0.001195 -0.007887
v -0.007557 -0.000968 -0.007900
v -0.007164 -0.001673 -0.007737
v -0.006909 -0.001137 -0.007528
v -0.006841 -0.000685 -0.007450
v -0.007202 -0.000550 -0.007588
v -0.006464 -0.000457 -0.007199
v -0.006733 -0.000114 -0.007380
v -0.005567 -0.006054 -0.006296
v -0.005130 -0.006031 -0.005955
v -0.004932 -0.006605 -0.005537
v -0.005152 -0.006348 -0.005843
v -0.004829 -0.006425 -0.005608
v -0.004356 -0.006163 -0.005328
v -0.003474 -0.007109 -0.003469
v -0.004513 -0.006854 -0.004835
v -0.004474 -0.006656 -0.005203
v -0.004283 -0.006421 -0.005214
v -0.003841 -0.006683 -0.004796
v -0.004036 -0.006869 -0.004648
v -0.003776 -0.006469 -0.004836
v -0.003696 -0.006049 -0.004816
v -0.003529 -0.006991 -0.004241
v -0.003189 -0.006952 -0.004180
v -0.003200 -0.007071 -0.003802
v -0.003425 -0.006727 -0.004475
v -0.003284 -0.006444 -0.004449
v -0.002881 -0.006969 -0.003922
v -0.002838 -0.007114 -0.003356
v -0.003071 -0.006790 -0.004206
v -0.002287 -0.006363 -0.003665
v -0.002713 -0.003694 -0.000399
v -0.001878 -0.003428 -0.000336
v -0.001874 -0.004187 -0.000310
v -0.002279 -0.004003 -0.000365
v -0.004166 -0.003073 -0.000351
v -0.000643 -0.004611 -0.000053
v -0.002141 0.006007 -0.003848
v -0.000491 -0.002796 0.000040
v -0.002606 -0.006994 -0.003658
v -0.002527 -0.006764 -0.003779
v -0.002268 -0.007043 -0.003310
v -0.001976 -0.007113 -0.002847
v -0.002157 -0.006840 -0.003480
v -0.001812 -0.006976 -0.003119
v -0.002028 -0.006702 -0.003428
v -0.001635 -0.007007 -0.002913
v -0.001671 -0.006792 -0.003114
v -0.001186 -0.006364 -0.002766
v -0.001357 -0.006998 -0.002716
v -0.001206 -0.006760 -0.002727
v -0.001633 -0.007125 -0.002532
v -0.001406 -0.007155 -0.001701
v -0.001270 -0.007129 -0.002180
v -0.001013 -0.007002 -0.002394
v -0.000929 -0.007139 -0.001766
v -0.000566 -0.007134 -0.000135
v -0.000884 -0.006769 -0.002424
v -0.000827 -0.006396 -0.002429
v -0.000677 -0.006995 -0.002037
v -0.000578 -0.007107 -0.001437
v -0.000571 -0.006768 -0.002064
v -0.000613 -0.006411 -0.002180
v -0.000379 -0.006431 -0.001847
v -0.000389 -0.006906 -0.001753
v -0.000278 -0.007008 -0.001163
v -0.000220 -0.007100 -0.000252
v 0.000009 -0.006745 -0.000791
v -0.000217 -0.006427 -0.001533
v -0.000073 -0.006374 -0.001193
v -0.000655 -0.004392 -0.000166
v -0.000573 -0.003320 -0.000220
v -0.000593 -0.002998 -0.000090
v -0.001084 -0.003806 -0.000343
v -0.000756 -0.000097 -0.002530
v -0.000765 -0.004039 -0.000271
v -0.000381 0.000387 -0.002083
v -0.000523 0.000334 -0.002274
v -0.000265 -0.003676 -0.000283
v -0.000223 -0.004657 -0.000083
v -0.000236 0.001071 -0.001872
v -0.000232 -0.004218 -0.000252
v -0.000101 0.000960 -0.001607
v -0.000231 -0.003079 -0.000166
v -0.024849 -0.006250 0.001438
v -0.024840 -0.006183 0.001730
v -0.024983 -0.006041 0.001424
v -0.024785 -0.005940 0.002046
v -0.025036 -0.005715 0.001461
v -0.024864 -0.005704 0.002012
v -0.024604 -0.006341 0.001506
v -0.024610 -0.006281 0.001773
v -0.024430 -0.005593 0.002403
v -0.024277 -0.006378 0.001115
v -0.024245 -0.006199 0.001971
v -0.024333 -0.005953 0.002208
v -0.023672 -0.006067 0.002197
v -0.023832 -0.005858 0.002361
v -0.023917 -0.005651 0.002468
v -0.022018 -0.006368 0.001861
v -0.022179 -0.005729 0.002527
v -0.022004 -0.006430 0.001473
v -0.024982 -0.005471 0.000508
v -0.025025 -0.005334 0.001480
v -0.024949 -0.005213 0.001855
v -0.024876 -0.005158 0.000770
v -0.024973 -0.005093 0.001241
v -0.024986 -0.004958 0.001534
v -0.024844 -0.004790 0.001255
v -0.024916 -0.004734 0.001852
v -0.024816 -0.004237 0.001709
v -0.024835 -0.004174 0.001860
v -0.024795 -0.002796 0.001755
v -0.024807 -0.002811 0.001828
v -0.024541 -0.005276 0.002382
v -0.024636 -0.005124 0.000336
v -0.024615 -0.004972 0.000845
v -0.024784 -0.004503 0.002079
v -0.024627 -0.004713 0.001219
v -0.024603 -0.004286 0.002279
v -0.024628 -0.004358 0.001536
v -0.024635 -0.004054 0.001729
v -0.024727 -0.004056 0.001952
v -0.024592 -0.003934 0.002211
v -0.024580 -0.003718 0.001938
v -0.024547 -0.003345 0.001968
v -0.024542 -0.003035 0.002204
v -0.024639 -0.002838 0.001722
v -0.024626 -0.002969 0.001915
v -0.024310 -0.005262 0.002479
v -0.024249 -0.005087 0.000160
v -0.024191 -0.005058 0.000444
v -0.024195 -0.004973 0.000751
v -0.024295 -0.004615 0.001296
v -0.024440 -0.004059 0.002387
v -0.024257 -0.004356 0.001500
v -0.024237 -0.004084 0.001650
v -0.023937 -0.003763 0.001775
v -0.024143 -0.002232 0.002439
v -0.024311 -0.003694 0.001799
v -0.024304 -0.003366 0.001834
v -0.024392 -0.002870 0.002363
v -0.024310 -0.003073 0.001788
v -0.023975 -0.005322 0.002535
v -0.023907 -0.003191 0.001783
v -0.024051 -0.002823 0.001659
v -0.023503 -0.004971 0.002565
v -0.022504 -0.004777 0.001216
v -0.022644 -0.004581 0.001418
v -0.023870 -0.001607 0.002459
v -0.022123 -0.003008 0.001806
v -0.021083 -0.005122 0.000182
v -0.024171 -0.004869 0.000968
v -0.022253 -0.003982 0.001796
v -0.022293 -0.003665 0.001854
v -0.022259 -0.003323 0.001856
v -0.022197 -0.005404 0.002606
v -0.024842 -0.002290 0.001534
v -0.024896 -0.001856 0.001806
v -0.024861 -0.001867 0.001115
v -0.024928 -0.001930 0.001537
v -0.024883 -0.001554 0.000287
v -0.024964 -0.001582 0.001157
v -0.024968 -0.001533 0.001557
v -0.024977 -0.001065 0.000657
v -0.024992 -0.001186 0.001237
v -0.024731 -0.002625 0.002000
v -0.024629 -0.002382 0.001439
v -0.024748 -0.002117 0.002038
v -0.024569 -0.002318 0.002216
v -0.024738 -0.001742 0.000335
v -0.024664 -0.001833 0.000603
v -0.024634 -0.002055 0.001090
v -0.024248 -0.002618 0.001533
v -0.024250 -0.002256 0.001236
v -0.024205 -0.002430 0.001399
v -0.024233 -0.001836 0.000124
v -0.024235 -0.001873 0.000480
v -0.024254 -0.001968 0.000786
v -0.024201 -0.002088 0.001019
v -0.024294 -0.000813 0.002319
v -0.023974 -0.000475 0.002399
v -0.023541 0.000165 0.002432
v -0.020924 -0.002197 0.001282
v -0.021990 -0.006270 0.002094
v -0.019082 -0.006041 0.002556
v -0.018009 -0.006401 0.002233
v -0.018669 -0.006247 0.002407
v -0.019161 -0.005746 0.002700
v -0.017911 -0.004349 0.001876
v -0.018880 -0.003036 0.001957
v -0.018409 -0.005098 0.000885
v -0.018803 -0.004014 0.001967
v -0.019073 -0.005378 0.002787
v -0.018287 -0.004984 0.001191
v -0.019082 -0.004989 0.002792
v -0.018785 -0.003329 0.002031
v -0.017435 -0.005184 0.000530
v -0.017944 -0.004732 0.001574
v -0.018760 -0.003682 0.002040
v -0.019767 -0.001903 0.000529
v -0.019646 -0.001961 0.000836
v -0.020552 -0.002070 0.001093
v -0.019734 -0.002539 0.001669
v -0.017450 -0.002340 0.001574
v -0.018121 -0.001936 0.000203
v -0.018145 -0.002720 0.001855
v -0.017858 -0.006511 0.001921
v -0.015576 -0.006636 0.001552
v -0.017612 -0.006121 0.002629
v -0.015445 -0.006600 0.001961
v -0.014889 -0.006406 0.002535
v -0.018805 -0.005673 0.002773
v -0.017996 -0.005926 0.002740
v -0.017735 -0.005152 0.000180
v -0.018518 -0.003594 0.002086
v -0.018524 -0.003401 0.002080
v -0.017663 -0.004562 0.001748
v -0.018026 -0.003169 0.002060
v -0.017627 -0.002902 0.001978
v -0.018012 -0.004886 0.001381
v -0.017634 -0.003908 0.002081
v -0.016506 -0.005158 0.000872
v -0.015767 -0.005061 0.001223
v -0.016788 -0.004149 0.002046
v -0.015394 -0.003674 0.002212
v -0.017725 -0.002049 0.001118
v -0.015781 -0.002465 0.001766
v -0.015597 -0.001947 0.000532
v -0.016285 -0.002147 0.001353
v -0.013524 -0.001992 0.000917
v -0.014593 -0.006250 0.002735
v -0.015099 -0.006544 0.002250
v -0.014681 -0.006651 0.001913
v -0.013937 -0.006650 0.002207
v -0.013627 -0.006514 0.002560
v -0.013325 -0.005761 0.003048
v -0.012637 -0.006103 0.002968
v -0.014510 -0.003340 0.002238
v -0.014776 -0.005148 0.000147
v -0.015229 -0.005210 0.000523
v -0.013597 -0.004991 0.001530
v -0.011992 -0.004339 0.002221
v -0.014404 -0.003020 0.002169
v -0.015031 -0.005240 0.000679
v -0.015058 -0.005201 0.000903
v -0.014478 -0.005214 0.000349
v -0.012862 -0.005253 0.000576
v -0.012482 -0.005171 0.001245
v -0.012113 -0.004013 0.002330
v -0.012482 -0.005394 0.003134
v -0.015709 -0.002640 0.001910
v -0.012435 -0.002051 0.000261
v -0.013770 -0.002059 0.001225
v -0.012895 -0.002216 0.001572
v -0.011499 -0.002764 0.002169
v -0.012360 -0.002556 0.001980
v -0.011272 -0.002108 0.001408
v -0.013273 -0.006611 0.002444
v -0.009155 -0.006793 0.002254
v -0.009434 -0.006709 0.002574
v -0.012435 -0.006345 0.002824
v -0.012346 -0.005737 0.003136
v -0.012238 -0.005946 0.003107
v -0.011721 -0.006170 0.003023
v -0.012692 -0.004725 0.001917
v -0.012786 -0.005254 0.000830
v -0.011657 -0.003023 0.002294
v -0.009259 -0.005139 0.000199
v -0.012999 -0.004872 0.001740
v -0.011773 -0.003682 0.002407
v -0.011725 -0.003347 0.002387
v -0.009623 -0.005128 0.001588
v -0.011882 -0.004564 0.002099
v -0.011548 -0.003557 0.002444
v -0.008743 -0.004997 0.001865
v -0.011027 -0.003927 0.002434
v -0.010732 -0.003169 0.002407
v -0.012193 -0.002355 0.001779
v -0.012844 -0.001993 0.000516
v -0.011708 -0.002154 0.000063
v -0.011743 -0.002030 0.001141
v -0.009766 -0.002020 0.000908
v -0.008090 -0.006861 0.001830
v -0.008886 -0.006638 0.002794
v -0.009202 -0.006074 0.003216
v -0.009225 -0.005753 0.003280
v -0.008665 -0.006500 0.002983
v -0.009601 -0.005269 0.001177
v -0.009944 -0.003341 0.002480
v -0.007352 -0.005280 0.000639
v -0.009845 -0.003674 0.002504
v -0.009020 -0.002882 0.002353
v -0.008423 -0.005300 0.000864
v -0.008303 -0.005213 0.000388
v -0.009013 -0.004267 0.002446
v -0.006737 -0.004323 0.002532
v -0.005827 -0.005285 0.001489
v -0.006571 -0.003682 0.002662
v -0.005415 -0.005333 0.001233
v -0.007404 -0.004714 0.002258
v -0.011329 -0.005291 0.003194
v -0.008380 -0.002066 0.000598
v -0.009255 -0.002493 0.002045
v -0.008438 -0.002225 0.000170
v -0.006656 -0.002423 0.002059
v -0.006698 -0.002607 0.002254
v -0.006443 -0.002062 0.001207
v -0.007738 -0.002142 0.000394
v -0.007347 -0.002047 0.000889
v -0.006904 -0.002102 0.001446
v -0.005075 -0.006880 0.002635
v -0.003566 -0.006985 0.002286
v -0.005734 -0.005735 0.003479
v -0.005740 -0.006393 0.003274
v -0.005821 -0.006100 0.003405
v -0.005360 -0.006615 0.003118
v -0.005070 -0.006764 0.002930
v -0.005505 -0.006035 0.003473
v -0.006007 -0.003020 0.002548
v -0.006792 -0.004009 0.002619
v -0.006514 -0.004913 0.002122
v -0.006204 -0.003350 0.002643
v -0.005750 -0.005071 0.000200
v -0.005502 -0.005117 0.001914
v -0.006577 -0.004546 0.002430
v -0.004147 -0.004817 0.002369
v -0.004794 -0.004009 0.002737
v -0.004778 -0.003678 0.002768
v -0.004519 -0.003443 0.002766
v -0.005636 -0.005415 0.003485
v -0.006792 -0.002171 0.001638
v -0.006009 -0.002289 0.001884
v -0.004707 -0.002125 0.000713
v -0.005488 -0.002345 0.000199
v -0.003788 -0.002774 0.002502
v -0.004635 -0.002211 0.000496
v -0.005687 -0.002477 0.000008
v -0.002961 -0.006989 0.002583
v -0.004654 -0.006465 0.003334
v -0.004725 -0.006288 0.003447
v -0.002972 -0.006722 0.003198
v -0.001294 -0.005761 0.003705
v -0.003017 -0.006879 0.002950
v -0.001311 -0.006637 0.003430
v -0.002709 -0.006972 0.002779
v -0.001378 -0.006390 0.003586
v -0.001359 -0.006095 0.003675
v -0.004052 -0.005172 0.000417
v -0.004253 -0.005268 0.000628
v -0.003621 -0.005336 0.000907
v -0.005551 -0.005224 0.001709
v -0.003939 -0.004394 0.002666
v -0.003824 -0.002992 0.002638
v -0.003417 -0.003183 0.002750
v -0.000648 -0.004847 0.000122
v -0.002463 -0.004694 0.002573
v -0.000798 -0.005212 0.002096
v -0.000988 -0.005059 0.002316
v -0.000628 -0.005397 0.001267
v -0.004538 -0.003755 0.002800
v -0.003369 -0.003991 0.002825
v -0.003746 -0.004177 0.002768
v -0.001066 -0.003355 0.002900
v -0.001673 -0.005365 0.003686
v -0.003711 -0.002410 0.002143
v -0.002338 -0.002112 0.001475
v -0.004368 -0.002089 0.000921
v -0.000694 -0.002109 0.001302
v -0.002991 -0.002160 0.001672
v -0.000549 -0.002441 0.000403
v -0.000698 -0.002257 0.001956
v -0.000993 -0.007061 0.002509
v -0.000532 -0.007071 0.002005
v -0.000242 -0.007013 0.002201
v -0.000322 -0.006947 0.002931
v -0.000021 -0.006773 0.002182
v -0.000161 -0.006752 0.002878
v -0.000019 -0.006417 0.002518
v -0.000012 -0.005998 0.002582
v -0.001214 -0.006810 0.003268
v -0.000597 -0.007015 0.002941
v -0.000731 -0.006943 0.003136
v -0.000965 -0.006448 0.003551
v -0.000921 -0.005920 0.003675
v -0.000397 -0.006926 0.003099
v -0.000652 -0.006289 0.003543
v -0.000410 -0.005610 0.003421
v -0.000661 -0.005610 0.003590
v -0.000320 -0.006757 0.003149
v -0.000118 -0.006394 0.002955
v -0.000276 -0.006403 0.003220
v -0.000091 -0.005561 0.002903
v -0.000234 -0.005510 0.003221
v -0.000645 -0.005275 0.000702
v -0.000623 -0.005382 0.001581
v -0.000628 -0.005312 0.001892
v -0.000953 -0.004923 0.002473
v -0.000923 -0.002905 0.002717
v -0.000630 -0.005352 0.000931
v -0.000600 -0.005095 0.000385
v -0.000821 -0.004590 0.002754
v -0.000524 -0.004986 0.002514
v -0.000536 -0.004531 0.002875
v -0.000535 -0.003006 0.002846
v -0.000242 -0.005366 0.000727
v -0.000239 -0.005477 0.001396
v -0.000272 -0.005381 0.001974
v -0.000211 -0.005295 0.002227
v -0.000223 -0.005046 0.000255
v -0.000222 -0.005097 0.002633
v -0.000207 -0.002593 0.000174
v -0.000205 -0.002726 0.002702
v -0.000937 -0.003678 0.002954
v -0.000912 -0.004009 0.002939
v -0.000891 -0.004333 0.002865
v -0.000869 0.002319 0.003506
v -0.000449 -0.002915 0.003416
v -0.000557 -0.003807 0.003014
v -0.000663 -0.003201 0.002896
v -0.000178 -0.005081 0.002948
v -0.000288 -0.004809 0.003228
v -0.000311 -0.004627 0.002996
v -0.000352 -0.003845 0.003113
v -0.000322 -0.003341 0.003248
v -0.000330 -0.003321 0.003066
v -0.000238 -0.002933 0.002964
v -0.000575 -0.002586 0.002478
v -0.000668 -0.002393 0.002216
v -0.000668 -0.002129 0.001120
v -0.001162 -0.002311 0.000579
v -0.000620 -0.002194 0.000890
v -0.000562 -0.002621 0.000186
v -0.000552 -0.002119 0.001547
v -0.000203 -0.002337 0.000491
v -0.000266 -0.002137 0.000961
v -0.000237 -0.002059 0.001476
v -0.000256 -0.002299 0.002180
v -0.000223 -0.002052 0.001199
v -0.001206 0.003223 0.003489
v -0.000662 0.002737 0.003458
v -0.000461 0.002954 0.003344
v -0.000251 -0.002551 0.003224
v -0.000112 -0.002161 0.003041
v -0.000098 0.002437 0.003006
v -0.000260 0.002838 0.003178
v -0.024056 0.006051 -0.003170
v -0.023442 0.006054 -0.003804
v -0.024850 0.002642 -0.000891
v -0.024559 0.006030 -0.002283
v -0.024641 0.006091 -0.002007
v -0.024803 0.002958 -0.001328
v -0.024474 0.006040 -0.002495
v -0.024866 0.004901 0.000043
v -0.024839 0.005614 -0.000178
v -0.024730 0.006057 -0.001589
v -0.024782 0.006042 -0.001151
v -0.024155 0.006439 -0.002964
v -0.024188 0.006686 -0.002731
v -0.023821 0.006434 -0.003368
v -0.023784 0.006695 -0.003215
v -0.023950 0.006722 -0.002952
v -0.023434 0.006428 -0.003747
v -0.023416 0.006693 -0.003583
v -0.023048 0.006426 -0.004099
v -0.023044 0.006683 -0.003939
v -0.022681 0.006423 -0.004436
v -0.022683 0.006677 -0.004280
v -0.023859 0.006860 -0.002682
v -0.023534 0.006942 -0.002439
v -0.022514 0.006078 -0.004636
v -0.022315 0.006420 -0.004772
v -0.022323 0.006669 -0.004620
v -0.022508 0.006852 -0.003978
v -0.024850 0.006360 0.000124
v -0.024474 0.006461 -0.002440
v -0.024683 0.006456 -0.001598
v -0.024776 0.006474 -0.000215
v -0.024434 0.006646 -0.002381
v -0.024537 0.006724 -0.001678
v -0.024588 0.006784 -0.000317
v -0.024583 0.006946 0.000155
v -0.024266 0.006812 -0.002254
v -0.024291 0.006882 -0.001737
v -0.024262 0.006970 -0.000223
v -0.023958 0.006927 -0.002140
v -0.023921 0.007006 -0.000080
v -0.019770 0.005400 -0.007108
v -0.021724 0.006031 -0.005355
v -0.021308 0.006380 -0.005689
v -0.021413 0.006642 -0.005452
v -0.020847 0.006064 -0.006123
v -0.021051 0.006405 -0.005873
v -0.020602 0.006163 -0.006321
v -0.020632 0.006332 -0.006219
v -0.020838 0.006632 -0.005758
v -0.020506 0.006573 -0.005971
v -0.020561 0.006722 -0.005604
v -0.019924 0.005731 -0.006933
v -0.020114 0.006081 -0.006688
v -0.020045 0.006304 -0.006569
v -0.019585 0.005728 -0.007211
v -0.019726 0.006030 -0.006958
v -0.020069 0.006602 -0.006027
v -0.021949 0.006414 -0.005108
v -0.021962 0.006656 -0.004960
v -0.022196 0.006842 -0.004281
v -0.021589 0.006414 -0.005434
v -0.021699 0.006616 -0.005249
v -0.021850 0.006835 -0.004594
v -0.021992 0.006910 -0.003858
v -0.021518 0.006810 -0.004918
v -0.021084 0.006795 -0.005238
v -0.021235 0.006871 -0.004673
v -0.002592 0.006984 -0.002815
v -0.018270 0.000967 -0.008299
v -0.018049 0.001302 -0.008586
v -0.017942 0.001054 -0.008586
v -0.017685 0.001304 -0.008915
v -0.017911 0.001641 -0.008742
v -0.017451 0.001071 -0.009031
v -0.017597 0.001050 -0.008846
v -0.017700 0.000808 -0.008377
v -0.017447 0.001243 -0.009122
v -0.017055 0.001758 -0.009517
v -0.017450 0.000897 -0.008635
v -0.016809 0.000696 -0.009474
v -0.016883 0.000914 -0.009536
v -0.016966 0.000908 -0.009268
v -0.016975 0.000880 -0.008920
v -0.016898 0.000835 -0.008614
v -0.017077 0.001282 -0.009435
v -0.018955 0.000418 -0.007745
v -0.018638 0.000564 -0.007946
v -0.018688 0.000869 -0.007993
v -0.018444 0.001357 -0.008254
v -0.018199 0.000158 -0.007936
v -0.018388 0.000529 -0.008014
v -0.018053 0.000725 -0.008206
v -0.017903 0.000426 -0.008021
v -0.017639 0.000610 -0.008154
v -0.017164 0.000774 -0.008391
v -0.018278 0.004955 -0.008355
v -0.018194 0.004047 -0.008518
v -0.017940 0.004380 -0.008714
v -0.017941 0.004688 -0.008632
v -0.017975 0.004976 -0.008485
v -0.017528 0.003929 -0.009089
v -0.017428 0.004252 -0.009073
v -0.017635 0.004676 -0.008777
v -0.017551 0.005058 -0.008499
v -0.017162 0.003154 -0.009438
v -0.017181 0.003836 -0.009347
v -0.017346 0.004620 -0.008870
v -0.016989 0.003862 -0.009402
v -0.016785 0.004278 -0.009168
v -0.016936 0.004898 -0.008654
v -0.018867 0.005004 -0.007905
v -0.019049 0.005392 -0.007701
v -0.018472 0.004870 -0.008234
v -0.018634 0.005348 -0.007981
v -0.018513 0.005636 -0.007804
v -0.018121 0.005329 -0.008181
v -0.018090 0.005633 -0.007867
v -0.017395 0.005234 -0.008328
v -0.017063 0.004568 -0.000963
v -0.017074 0.004505 -0.000865
v -0.017082 0.004481 -0.000549
v -0.017065 0.004529 -0.000422
v -0.017096 0.004617 -0.000822
v -0.017109 0.004621 -0.000595
v -0.017057 0.004600 -0.000410
v -0.016788 0.004853 -0.000971
v -0.016803 0.004976 -0.000632
v -0.016793 0.004901 -0.000379
v -0.019310 0.005717 -0.007412
v -0.019313 0.005959 -0.007255
v -0.019550 0.006290 -0.006734
v -0.019427 0.006474 -0.006373
v -0.018990 0.005671 -0.007617
v -0.019127 0.006305 -0.006770
v -0.018897 0.005974 -0.007347
v -0.018506 0.006173 -0.007013
v -0.018518 0.005975 -0.007374
v -0.013528 0.006367 -0.006395
v -0.011776 0.006608 -0.005696
v -0.012831 0.005938 -0.007180
v -0.012392 0.006684 -0.005468
v -0.012317 0.006928 -0.003861
v -0.013125 0.006845 -0.004719
v -0.013666 0.007063 0.001162
v -0.016536 0.000526 -0.009889
v -0.016595 0.000544 -0.009622
v -0.016517 0.000611 -0.009363
v -0.016618 0.000967 -0.009877
v -0.016624 0.000768 -0.009175
v -0.016646 0.000825 -0.008897
v -0.016886 0.002490 -0.009671
v -0.016622 0.002620 -0.009850
v -0.016249 0.000145 -0.009581
v -0.016191 0.001116 -0.010223
v -0.016271 0.000410 -0.009500
v -0.016192 0.000712 -0.009134
v -0.016485 0.001967 -0.010000
v -0.016161 0.002014 -0.010157
v -0.016274 0.002834 -0.009915
v -0.015845 0.000132 -0.009521
v -0.015816 0.000372 -0.009442
v -0.015892 0.000557 -0.009308
v -0.015907 0.001436 -0.010287
v -0.015910 0.002113 -0.010170
v -0.016073 0.003135 -0.009823
v -0.013569 0.000754 -0.008880
v -0.013828 0.000796 -0.008595
v -0.015479 0.001205 -0.010344
v -0.015538 0.001743 -0.010258
v -0.015570 0.002350 -0.010103
v -0.012935 0.002064 -0.010054
v -0.013652 0.000097 -0.009457
v -0.013714 0.000314 -0.009385
v -0.013961 0.000511 -0.009260
v -0.012762 0.001629 -0.010149
v -0.013882 0.000151 -0.007815
v -0.013824 0.000408 -0.007924
v -0.013431 0.000640 -0.008115
v -0.016513 0.003116 -0.009787
v -0.016800 0.003123 -0.009660
v -0.016684 0.003928 -0.009410
v -0.016836 0.004577 -0.008937
v -0.015806 0.003548 -0.009595
v -0.012959 0.004465 -0.008846
v -0.009830 0.003800 -0.009160
v -0.008743 0.004772 -0.008383
v -0.008069 0.005462 -0.007630
v -0.016418 0.004256 -0.000710
v -0.016438 0.004223 -0.000554
v -0.016391 0.004267 -0.000369
v -0.016456 0.004518 -0.001005
v -0.016571 0.004368 -0.000838
v -0.016643 0.004328 -0.000543
v -0.016572 0.004431 -0.000312
v -0.016372 0.004715 -0.001058
v -0.016316 0.004761 -0.000130
v -0.016467 0.005191 -0.000525
v -0.016423 0.005147 -0.000329
v -0.016054 0.004529 -0.000052
v -0.016254 0.004883 -0.000981
v -0.016214 0.005062 -0.000840
v -0.016421 0.005188 -0.000705
v -0.015920 0.004962 -0.000048
v -0.016041 0.005269 -0.000520
v -0.015974 0.005233 -0.000303
v -0.015644 0.004498 -0.001039
v -0.015475 0.004323 -0.000919
v -0.015156 0.004268 -0.000070
v -0.016067 0.004706 -0.000019
v -0.014623 0.004129 -0.000710
v -0.015149 0.004140 -0.000240
v -0.015443 0.005130 -0.000105
v -0.014831 0.004070 -0.000485
v -0.014708 0.005274 -0.000217
v -0.014187 0.004789 -0.000943
v -0.013496 0.004984 -0.000751
v -0.013446 0.005139 -0.000599
v -0.014641 0.005202 -0.000056
v -0.014441 0.005274 -0.000422
v -0.014130 0.003974 -0.000515
v -0.014198 0.003948 -0.000201
v -0.013479 0.004416 -0.001008
v -0.013884 0.004284 -0.000937
v -0.013651 0.004588 -0.001015
v -0.014011 0.003865 -0.000160
v -0.013532 0.004072 -0.000791
v -0.007368 0.005732 -0.007244
v -0.009773 0.006470 -0.005989
v -0.011821 0.006773 -0.005074
v -0.012576 0.006898 -0.004291
v -0.013468 0.000655 -0.009078
v -0.010486 0.000619 -0.010144
v -0.010776 0.001045 -0.010134
v -0.011658 0.000445 -0.009206
v -0.011420 0.000198 -0.009344
v -0.010212 0.002863 -0.009652
v -0.010431 0.001606 -0.010025
v -0.010148 0.002289 -0.009854
v -0.013097 0.000751 -0.008331
v -0.013119 0.000296 -0.007809
v -0.012710 0.000488 -0.007935
v -0.012082 0.000069 -0.007703
v -0.009153 0.004176 -0.008878
v -0.009729 0.003365 -0.009397
v -0.008533 0.005037 -0.008123
v -0.013451 0.003863 -0.000495
v -0.013674 0.005286 -0.000418
v -0.013774 0.005377 -0.000165
v -0.013285 0.004264 -0.001026
v -0.013444 0.004739 -0.000917
v -0.012860 0.003887 -0.000740
v -0.012902 0.003748 -0.000183
v -0.011583 0.004112 -0.001011
v -0.012595 0.004006 -0.000904
v -0.012834 0.004364 -0.001045
v -0.012376 0.005398 -0.000127
v -0.011550 0.003649 -0.000459
v -0.011634 0.003546 -0.000042
v -0.011324 0.004893 -0.000693
v -0.011570 0.004290 -0.001022
v -0.011460 0.003815 -0.000789
v -0.011182 0.004672 -0.000823
v -0.011410 0.004062 -0.000948
v -0.011317 0.004387 -0.000933
v -0.006353 0.006253 -0.006333
v -0.009711 0.000705 -0.008776
v -0.009476 0.000751 -0.008534
v -0.009755 0.000140 -0.009286
v -0.009782 0.000417 -0.009154
v -0.010197 0.000466 -0.010085
v -0.009759 0.000576 -0.009005
v -0.009838 0.001992 -0.009861
v -0.009893 0.002326 -0.009793
v -0.009279 0.002327 -0.009528
v -0.009433 0.000174 -0.009384
v -0.009312 0.000854 -0.009504
v -0.009287 0.000556 -0.009273
v -0.009202 0.000739 -0.008888
v -0.008972 0.000962 -0.009169
v -0.009240 0.001243 -0.009488
v -0.008650 0.003103 -0.009058
v -0.009327 0.002808 -0.009504
v -0.008960 0.000828 -0.008920
v -0.008923 0.000802 -0.008580
v -0.008721 0.001289 -0.009041
v -0.008622 0.000992 -0.008798
v -0.008511 0.000849 -0.008422
v -0.008499 0.001605 -0.008899
v -0.008988 0.000724 -0.008260
v -0.009251 0.000134 -0.007653
v -0.008687 0.000644 -0.008055
v -0.008409 0.000485 -0.007845
v -0.007934 0.000346 -0.007719
v -0.008661 0.004514 -0.008593
v -0.009474 0.003108 -0.009477
v -0.009108 0.003827 -0.009090
v -0.008851 0.003575 -0.009120
v -0.008470 0.004175 -0.008769
v -0.010865 0.003518 -0.000688
v -0.010554 0.003421 -0.000079
v -0.011009 0.003707 -0.000788
v -0.011049 0.003550 -0.000480
v -0.010972 0.004043 -0.000946
v -0.011078 0.005213 -0.000350
v -0.010346 0.005319 -0.000130
v -0.010671 0.003723 -0.000878
v -0.010116 0.003523 -0.000749
v -0.010046 0.003442 -0.000515
v -0.010124 0.003712 -0.000894
v -0.010087 0.004013 -0.000942
v -0.009845 0.004349 -0.000877
v -0.009723 0.003325 0.000090
v -0.009003 0.003554 -0.000633
v -0.008855 0.003451 -0.000448
v -0.009020 0.003367 -0.000199
v -0.008965 0.003751 -0.000787
v -0.005996 0.004900 -0.000358
v -0.006096 0.005087 -0.000173
v -0.007178 0.004047 -0.000791
v -0.005587 0.004695 -0.000487
v -0.006517 0.006117 -0.006592
v -0.003900 0.006874 -0.004271
v -0.008372 0.001020 -0.008641
v -0.008224 0.001283 -0.008636
v -0.007947 0.000988 -0.008278
v -0.007760 0.001283 -0.008251
v -0.007706 0.001689 -0.008258
v -0.008026 0.000702 -0.008041
v -0.008250 0.000820 -0.008264
v -0.007316 0.000143 -0.007586
v -0.007626 0.000846 -0.008009
v -0.007231 0.000519 -0.007667
v -0.006929 0.000752 -0.007558
v -0.006711 0.001083 -0.007438
v -0.007006 0.004523 -0.007760
v -0.008289 0.003876 -0.008749
v -0.008031 0.004615 -0.008385
v -0.007852 0.004309 -0.008390
v -0.008114 0.004863 -0.008232
v -0.007705 0.005244 -0.007827
v -0.007172 0.005532 -0.007470
v -0.007407 0.004683 -0.008027
v -0.007556 0.004968 -0.007997
v -0.007063 0.005245 -0.007687
v -0.006847 0.005001 -0.007614
v -0.006686 0.005390 -0.007405
v -0.006133 0.005402 -0.007025
v -0.006136 0.004932 -0.007065
v -0.005469 0.005673 -0.006529
v -0.007970 0.003406 -0.000432
v -0.007678 0.003743 -0.000753
v -0.007008 0.004322 -0.000743
v -0.007116 0.003216 -0.000240
v -0.006808 0.003483 -0.000665
v -0.007700 0.003547 -0.000630
v -0.004305 0.004389 -0.000571
v -0.006454 0.003118 -0.000319
v -0.006414 0.003723 -0.000767
v -0.005770 0.003457 -0.000697
v -0.006221 0.003284 -0.000577
v -0.005554 0.003099 -0.000414
v -0.005484 0.002982 -0.000157
v -0.005723 0.006413 -0.005954
v -0.006676 0.005578 -0.007300
v -0.006878 0.005888 -0.006991
v -0.006258 0.005958 -0.006758
v -0.006142 0.005688 -0.006931
v -0.005642 0.005833 -0.006633
v -0.005644 0.005944 -0.006587
v -0.005789 0.006217 -0.006310
v -0.003210 0.006956 -0.003514
v -0.005104 0.006587 -0.005474
v -0.004763 0.006713 -0.005071
v -0.003389 0.006913 -0.003965
v -0.007448 0.007087 0.001519
v -0.003338 0.002816 -0.000007
v -0.004096 0.005654 -0.005426
v -0.005367 0.003276 -0.000596
v -0.004195 0.003821 -0.000698
v -0.004085 0.004091 -0.000652
v -0.004018 0.003109 -0.000386
v -0.004304 0.002947 -0.000154
v -0.003872 0.003354 -0.000553
v -0.004052 0.003608 -0.000655
v -0.003380 0.003690 -0.000613
v -0.002929 0.002932 -0.000229
v -0.000684 0.004000 -0.000466
v -0.002185 0.003089 -0.000385
v -0.000621 0.004715 -0.000179
v -0.000681 0.004920 0.000000
v -0.005252 0.006327 -0.006013
v -0.004974 0.005717 -0.006129
v -0.005150 0.006048 -0.006187
v -0.004831 0.006102 -0.005963
v -0.004885 0.006282 -0.005900
v -0.004227 0.006090 -0.005492
v -0.004350 0.006401 -0.005454
v -0.004476 0.006604 -0.005281
v -0.003858 0.006506 -0.005213
v -0.003891 0.006613 -0.005163
v -0.004086 0.006793 -0.004718
v -0.003663 0.006379 -0.005073
v -0.003503 0.006813 -0.004419
v -0.003317 0.006403 -0.004775
v -0.003461 0.006630 -0.004787
v -0.002709 0.006110 -0.004303
v -0.002939 0.006415 -0.004458
v -0.003096 0.006657 -0.004465
v -0.002983 0.006835 -0.004017
v -0.002738 0.006896 -0.003654
v -0.001980 0.006952 -0.002954
v -0.001777 0.002738 -0.000065
v -0.000843 0.006018 -0.002777
v -0.000292 0.002717 -0.000049
v -0.001467 0.006109 -0.003303
v -0.000645 0.003290 -0.000425
v -0.000641 0.004324 -0.000391
v -0.001713 0.002900 -0.000258
v -0.000585 0.003118 -0.000360
v -0.000587 0.003682 -0.000483
v -0.000601 0.004526 -0.000302
v -0.000528 0.002908 -0.000230
v -0.000541 0.006099 -0.002469
v -0.000201 0.003050 -0.000388
v -0.000298 0.006363 -0.002156
v -0.000210 0.003477 -0.000508
v -0.000221 0.004209 -0.000472
v -0.000209 0.004666 -0.000244
v -0.000090 0.006329 -0.001806
v -0.000201 0.004946 -0.000045
v -0.002556 0.006424 -0.004137
v -0.002723 0.006682 -0.004133
v -0.002162 0.006429 -0.003808
v -0.002326 0.006695 -0.003787
v -0.002037 0.006855 -0.003315
v -0.001668 0.006465 -0.003435
v -0.001765 0.006697 -0.003412
v -0.001595 0.006877 -0.002963
v -0.001205 0.006430 -0.003053
v -0.001352 0.006707 -0.003060
v -0.000754 0.006418 -0.002662
v -0.000991 0.006713 -0.002749
v -0.001350 0.006975 -0.002449
v -0.001289 0.006923 -0.002621
v -0.000714 0.006996 -0.002001
v -0.000751 0.006967 -0.002178
v -0.000610 0.007112 0.001897
v -0.000624 0.006731 -0.002407
v -0.000440 0.006931 -0.002069
v -0.000507 0.007032 -0.001202
v -0.000341 0.006800 -0.002082
v -0.000004 0.006741 -0.001481
v -0.000257 0.006947 -0.001636
v -0.000220 0.007014 -0.001103
v -0.024935 0.002645 0.001194
v -0.024879 0.003805 0.001490
v -0.024909 0.004478 0.000781
v -0.024496 0.003007 0.002085
v -0.024669 0.003143 0.001920
v -0.024280 0.003573 0.002192
v -0.023956 0.003692 0.002285
v -0.023544 0.005704 0.002288
v -0.024890 0.005316 0.001222
v -0.024851 0.005315 0.000681
v -0.024849 0.006294 0.001439
v -0.024806 0.003105 0.001729
v -0.024758 0.006058 0.001654
v -0.024612 0.005967 0.001856
v -0.024425 0.005968 0.002033
v -0.024220 0.006002 0.002150
v -0.023928 0.006058 0.002231
v -0.024879 0.005972 0.000733
v -0.024882 0.006688 0.001135
v -0.024867 0.006742 0.000753
v -0.024788 0.006921 0.000414
v -0.024784 0.006924 0.001334
v -0.024637 0.006410 0.001750
v -0.024738 0.006772 0.000075
v -0.024499 0.006673 0.001749
v -0.024624 0.007001 0.000683
v -0.024173 0.006300 0.002103
v -0.024446 0.006981 0.001411
v -0.024526 0.007025 0.001088
v -0.023863 0.006375 0.002144
v -0.023973 0.006911 0.001606
v -0.023939 0.006749 0.001837
v -0.023486 0.006597 0.002018
v -0.021638 0.006931 0.001721
v -0.021058 0.007024 0.001483
v -0.020529 0.005699 0.002443
v -0.020525 0.006106 0.002383
v -0.021220 0.006843 0.001896
v -0.020344 0.006418 0.002287
v -0.020368 0.007045 0.001160
v -0.020174 0.006974 0.001758
v -0.020028 0.006117 0.002439
v -0.019894 0.006310 0.002401
v -0.020040 0.006719 0.002097
v -0.019603 0.006509 0.002303
v -0.017927 0.006898 0.001985
v -0.015541 0.007016 0.001832
v -0.014929 0.006409 0.002579
v -0.014883 0.006830 0.002256
v -0.013161 0.006706 0.002477
v -0.014065 0.007061 0.001589
v -0.006783 0.005691 0.003142
v -0.014926 0.004701 0.000115
v -0.014984 0.004419 0.000064
v -0.014988 0.004613 0.001320
v -0.014960 0.004599 0.001428
v -0.014956 0.004785 0.001048
v -0.014976 0.004865 0.001642
v -0.014973 0.005016 0.001038
v -0.015023 0.005021 0.001243
v -0.014975 0.004933 0.001628
v -0.014958 0.005166 0.001413
v -0.014177 0.004079 0.000087
v -0.014701 0.004897 0.000771
v -0.014804 0.004606 0.001127
v -0.014738 0.004691 0.001607
v -0.014792 0.004839 0.001698
v -0.014628 0.004997 0.000110
v -0.014698 0.005100 0.000694
v -0.014963 0.005184 0.001323
v -0.014730 0.005086 0.001575
v -0.014816 0.004954 0.001682
v -0.014632 0.005285 0.000714
v -0.013722 0.005673 0.002788
v -0.014215 0.004377 0.000230
v -0.014780 0.004544 0.001217
v -0.013818 0.004508 0.001506
v -0.014363 0.004696 0.000237
v -0.014490 0.005367 0.000890
v -0.014460 0.005337 0.001188
v -0.014509 0.005234 0.001407
v -0.014002 0.003904 0.000010
v -0.014192 0.004841 0.000640
v -0.013646 0.004750 0.001759
v -0.014199 0.005014 0.000293
v -0.014206 0.005063 0.000478
v -0.014156 0.005286 0.000181
v -0.014172 0.005325 0.000525
v -0.013740 0.006104 0.002733
v -0.014886 0.006953 0.002081
v -0.013711 0.004137 0.000308
v -0.013737 0.004409 0.000419
v -0.013996 0.004694 0.000372
v -0.013864 0.004707 0.000536
v -0.013808 0.004650 0.000815
v -0.013663 0.004605 0.001685
v -0.014013 0.004919 0.000442
v -0.013288 0.004933 0.001744
v -0.014014 0.005432 0.000862
v -0.013145 0.003807 0.000104
v -0.012951 0.003889 0.000304
v -0.013314 0.004187 0.000405
v -0.012793 0.004443 0.001813
v -0.013345 0.004581 0.000620
v -0.012666 0.005129 0.001614
v -0.013283 0.005494 0.000523
v -0.012604 0.005426 0.001129
v -0.012405 0.005295 0.001404
v -0.013268 0.004453 0.001277
v -0.012855 0.004352 0.001572
v -0.012522 0.005503 0.000183
v -0.012389 0.005519 0.000813
v -0.012524 0.004206 0.001474
v -0.012560 0.004180 0.001594
v -0.012523 0.004214 0.001777
v -0.012484 0.004587 0.000837
v -0.012744 0.004362 0.001299
v -0.012075 0.004640 0.001980
v -0.012197 0.005544 0.000512
v -0.012048 0.003598 0.000168
v -0.012098 0.004031 0.000597
v -0.011964 0.004520 0.000725
v -0.012188 0.004473 0.000998
v -0.012065 0.004397 0.001987
v -0.011892 0.003523 0.000307
v -0.012016 0.003720 0.000473
v -0.011884 0.003873 0.000661
v -0.011860 0.004530 0.002076
v -0.011916 0.004517 0.000790
v -0.011169 0.003498 0.000470
v -0.011132 0.003588 0.000626
v -0.011759 0.004059 0.000731
v -0.011601 0.004121 0.001610
v -0.011764 0.004343 0.000884
v -0.011659 0.004283 0.001173
v -0.011483 0.004283 0.002013
v -0.011593 0.004831 0.001926
v -0.010881 0.003440 0.000143
v -0.011082 0.003749 0.000764
v -0.010964 0.003990 0.000874
v -0.010953 0.004138 0.001887
v -0.011019 0.004207 0.001000
v -0.013259 0.006483 0.002643
v -0.012882 0.007056 0.001872
v -0.012480 0.007001 0.002132
v -0.011205 0.006907 0.002351
v -0.008962 0.006631 0.002771
v -0.007637 0.007082 0.001935
v -0.013155 0.006095 0.002794
v -0.012893 0.006310 0.002762
v -0.008621 0.006407 0.002914
v -0.010494 0.004100 0.001598
v -0.010238 0.004367 0.002113
v -0.010442 0.004607 0.002083
v -0.007382 0.005028 0.001924
v -0.010044 0.005425 0.000149
v -0.010317 0.003306 0.000576
v -0.010609 0.003460 0.000806
v -0.010445 0.003472 0.001006
v -0.010654 0.003712 0.000920
v -0.010483 0.003608 0.001029
v -0.010080 0.004199 0.002059
v -0.007675 0.005188 0.001722
v -0.009167 0.005483 0.000524
v -0.010307 0.003337 0.000816
v -0.010305 0.004020 0.001019
v -0.010080 0.004080 0.001871
v -0.008534 0.005481 0.000872
v -0.009595 0.003217 0.000530
v -0.009596 0.003244 0.000819
v -0.009742 0.003749 0.001111
v -0.009547 0.004177 0.001073
v -0.010008 0.004217 0.001168
v -0.009693 0.004018 0.001611
v -0.008392 0.005418 0.001210
v -0.008234 0.005313 0.001493
v -0.009450 0.003165 0.000616
v -0.009458 0.003175 0.000747
v -0.009450 0.003421 0.001033
v -0.009385 0.003849 0.001772
v -0.009452 0.003857 0.002040
v -0.009656 0.004096 0.001315
v -0.009673 0.003978 0.001896
v -0.009601 0.004077 0.002115
v -0.009303 0.004331 0.002214
v -0.009021 0.004842 0.002025
v -0.009172 0.004625 0.002146
v -0.008729 0.003246 0.000938
v -0.009012 0.003643 0.001163
v -0.009128 0.003775 0.001947
v -0.009080 0.003830 0.002150
v -0.009393 0.003996 0.001215
v -0.009224 0.003928 0.001519
v -0.009041 0.004045 0.002262
v -0.008498 0.003143 0.000773
v -0.008184 0.003396 0.001125
v -0.008720 0.003858 0.001331
v -0.008705 0.004347 0.002272
v -0.007340 0.003109 0.000128
v -0.007730 0.003787 0.001694
v -0.008906 0.007029 0.002201
v -0.008854 0.006812 0.002606
v -0.008616 0.006954 0.002428
v -0.009111 0.005756 0.003015
v -0.008900 0.006093 0.002989
v -0.007418 0.003048 0.000537
v -0.007364 0.003704 0.001930
v -0.007714 0.003851 0.001517
v -0.007347 0.003165 0.001064
v -0.007556 0.003658 0.001350
v -0.007189 0.003786 0.002201
v -0.007420 0.003804 0.001430
v -0.007202 0.004038 0.002354
v -0.007188 0.003046 0.000827
v -0.007475 0.003385 0.001245
v -0.007226 0.003647 0.001545
v -0.007126 0.004405 0.002344
v -0.005407 0.004899 0.002122
v -0.006732 0.004710 0.002210
v -0.007011 0.003451 0.001440
v -0.006925 0.004067 0.002430
v -0.006979 0.004220 0.002417
v -0.004963 0.005397 0.000533
v -0.004894 0.005415 0.001209
v -0.006658 0.003552 0.002060
v -0.006633 0.003578 0.002163
v -0.006683 0.003540 0.001649
v -0.006787 0.003599 0.001950
v -0.006800 0.003725 0.002237
v -0.006578 0.003860 0.002390
v -0.005338 0.005313 0.001559
v -0.005706 0.002935 0.000153
v -0.006024 0.003068 0.001151
v -0.004998 0.005440 0.000879
v -0.005009 0.002875 0.000885
v -0.005179 0.003479 0.001956
v -0.005292 0.003498 0.001862
v -0.004584 0.003821 0.002455
v -0.005454 0.005200 0.000023
v -0.004653 0.005237 0.001742
v -0.005313 0.005308 0.000232
v -0.005872 0.003156 0.001318
v -0.005269 0.003457 0.001755
v -0.005075 0.003662 0.002311
v -0.005108 0.006880 0.002734
v -0.006121 0.007076 0.002229
v -0.005588 0.007016 0.002495
v -0.006505 0.006058 0.003132
v -0.006596 0.006415 0.003009
v -0.006378 0.006719 0.002832
v -0.006179 0.006324 0.003105
v -0.005832 0.006537 0.003014
v -0.004558 0.002822 0.000298
v -0.004573 0.002800 0.000631
v -0.003679 0.002747 0.000554
v -0.003893 0.002799 0.000165
v -0.003017 0.002725 0.000897
v -0.004708 0.002945 0.001239
v -0.005098 0.003519 0.002127
v -0.003516 0.004584 0.002435
v -0.005006 0.003274 0.001672
v -0.004001 0.004346 0.002506
v -0.004303 0.005112 0.001934
v -0.004045 0.004052 0.002537
v -0.003705 0.005350 0.001496
v -0.003613 0.002816 0.001181
v -0.003971 0.002997 0.001540
v -0.004089 0.003390 0.002096
v -0.003695 0.003574 0.002346
v -0.003446 0.003082 0.001844
v -0.002787 0.003724 0.002541
v -0.002384 0.004040 0.002634
v -0.000670 0.004792 0.002406
v -0.000677 0.005106 0.000221
v -0.000634 0.005373 0.000936
v -0.002788 0.003403 0.002337
v -0.001902 0.002877 0.001872
v -0.002484 0.003127 0.002117
v -0.000581 0.005145 0.002014
v -0.000645 0.004977 0.002226
v -0.000624 0.005247 0.001831
v -0.001295 0.005688 0.003418
v -0.000589 0.007099 0.002338
v -0.002554 0.006932 0.002794
v -0.002354 0.007042 0.002561
v -0.001328 0.006085 0.003376
v -0.001134 0.006842 0.003001
v -0.001678 0.002625 0.000197
v -0.000581 0.002531 0.000554
v -0.001252 0.002772 0.001769
v -0.000559 0.002571 0.000966
v -0.000547 0.002587 0.000220
v -0.000574 0.002785 0.002081
v -0.000165 0.002524 0.000208
v -0.000043 0.002378 0.000475
v -0.000184 0.002466 0.000596
v -0.000227 0.002643 0.001816
v -0.000201 0.002738 0.002234
v -0.000150 0.002917 0.002554
v -0.001813 0.003381 0.002559
v -0.002194 0.004342 0.002590
v -0.000627 0.004585 0.002555
v -0.000638 0.005384 0.001251
v -0.001965 0.003695 0.002658
v -0.001628 0.003182 0.002446
v -0.000386 0.002848 0.002289
v -0.000624 0.005214 0.000394
v -0.000602 0.005305 0.000606
v -0.000623 0.005343 0.001546
v -0.000863 0.003352 0.002669
v -0.000873 0.003999 0.002754
v -0.000636 0.004371 0.002664
v -0.000581 0.003077 0.002523
v -0.000858 0.003688 0.002771
v -0.000461 0.003425 0.002810
v -0.000549 0.003671 0.002850
v -0.000553 0.003968 0.002830
v -0.000241 0.003205 0.002752
v -0.000285 0.004374 0.002764
v -0.000241 0.004702 0.002547
v -0.000209 0.005153 0.000238
v -0.000229 0.005040 0.002238
v -0.000209 0.005342 0.000591
v -0.000204 0.005440 0.001063
v -0.000226 0.005337 0.001799
v -0.000739 0.003497 0.003482
v -0.000900 0.003705 0.003453
v -0.000874 0.005986 0.003383
v -0.000593 0.003747 0.003361
v -0.000554 0.006032 0.003301
v -0.000239 0.003311 0.002941
v -0.000379 0.003611 0.003198
v -0.000346 0.003676 0.002989
v -0.000327 0.004035 0.002961
v -0.000368 0.004148 0.003187
v -0.000187 0.004401 0.002956
v -0.000255 0.004788 0.003145
v -0.000125 0.006041 0.003015
v -0.000312 0.006099 0.003170
v -0.000327 0.007071 0.002589
v -0.000249 0.007088 0.002182
v -0.001012 0.006424 0.003296
v -0.000937 0.006667 0.003162
v -0.000725 0.006990 0.002814
v -0.000362 0.006618 0.003123
v -0.000594 0.006734 0.003100
v -0.000033 0.006715 0.002829
v -0.000241 0.006963 0.002798
v -0.000038 -0.006977 -0.000618
v 0.000077 -0.006770 -0.000179
v 0.000096 -0.006422 -0.000316
v 0.000046 -0.004954 -0.000841
v 0.000095 -0.005201 -0.000453
v 0.000000 -0.003855 -0.001103
v 0.000097 -0.005378 -0.000102
v 0.000072 -0.005083 -0.000186
v -0.000007 -0.004688 -0.000225
v 0.000055 -0.003861 -0.000604
v -0.000023 -0.003878 -0.000387
v 0.000087 -0.002511 -0.000828
v -0.000006 -0.003042 -0.000272
v 0.000132 -0.002437 -0.000490
v 0.000119 -0.002334 -0.000122
v 0.000171 -0.001629 -0.000064
v 0.000083 0.002571 -0.001192
v 0.000152 0.002257 -0.000874
v 0.000196 0.001929 -0.000530
v 0.000216 0.001476 -0.000004
v -0.000024 -0.006984 0.000352
v -0.000072 -0.006942 0.002045
v 0.000104 -0.006323 0.000298
v 0.000088 -0.005800 0.000361
v -0.000003 -0.005783 0.002424
v -0.000013 -0.005500 0.000641
v -0.000044 -0.005607 0.001363
v -0.000054 -0.005518 0.002178
v -0.000061 -0.005293 0.002473
v -0.000021 -0.005122 0.000193
v 0.000004 -0.002450 0.000151
v -0.000074 -0.002751 0.002841
v -0.000069 -0.002639 0.002702
v -0.000009 -0.002187 0.000502
v -0.000068 -0.002059 0.001708
v -0.000040 -0.002218 0.002284
v 0.000025 -0.002097 0.002620
v 0.000111 -0.001945 0.000357
v -0.000000 -0.001873 0.001168
v -0.000013 -0.001906 0.001568
v 0.000068 -0.001616 0.001481
v 0.000132 -0.001413 0.000954
v 0.000059 -0.001599 0.002335
v -0.000019 -0.002263 0.002834
v 0.000014 0.002082 0.002811
v 0.000004 0.002177 -0.001422
v 0.000173 0.002307 -0.000373
v 0.000118 0.003001 -0.000884
v 0.000035 0.002557 -0.000137
v 0.000021 0.003034 -0.000544
v 0.000077 0.006389 -0.001422
v 0.000027 0.003864 -0.000657
v 0.000119 0.004840 -0.001195
v 0.000149 0.004584 -0.000882
v 0.000047 0.004393 -0.000559
v 0.000046 0.005017 -0.000153
v 0.000140 0.004733 -0.000554
v 0.000210 0.005351 -0.000818
v 0.000206 0.005188 -0.000486
v 0.000170 0.005400 -0.000005
v 0.000274 0.005919 -0.000303
v 0.000201 0.006414 -0.000881
v 0.000263 0.006429 -0.000269
v 0.000105 0.006763 -0.001043
v 0.000194 0.006747 -0.000275
v -0.000058 0.006926 -0.001383
v 0.000042 0.006948 -0.000485
v 0.000113 0.001771 0.002164
v 0.000071 0.002298 0.002586
v 0.000167 0.001906 0.000315
v 0.000142 0.001900 0.001283
v 0.000072 0.002229 0.000422
v 0.000100 0.002214 0.001303
v -0.000008 0.002538 0.002217
v -0.000006 0.002706 0.002591
v -0.000044 0.002972 0.002863
v -0.000071 0.003145 0.002822
v -0.000051 0.004595 0.002751
v 0.000007 0.005191 0.000148
v -0.000024 0.005085 0.002335
v 0.000072 0.005264 0.002604
v 0.000061 0.005464 0.000503
v 0.000040 0.005566 0.001024
v 0.000024 0.005483 0.001865
v 0.000127 0.005712 0.002154
v -0.000049 0.004544 0.002851
v 0.000004 0.005153 0.002845
v 0.000204 0.005826 0.000568
v 0.000161 0.006118 0.002189
v 0.000109 0.006426 0.002563
v 0.000160 0.006515 0.002139
v 0.000099 0.006808 0.002432
v 0.000000 0.006988 0.002197
v -0.000038 0.006954 0.002683
v 0.000011 0.006506 0.002811
vn -0.7341 -0.2458 -0.6330
vn -0.6481 -0.4012 -0.6473
vn -0.7009 -0.4004 -0.5903
vn -0.7112 -0.0605 -0.7003
vn -0.6726 -0.2536 -0.6952
vn -0.8059 -0.0509 -0.5898
vn -0.6327 -0.3795 -0.6750
vn -0.6613 -0.2412 -0.7102
vn -0.2075 -0.9632 -0.1710
vn -0.3045 -0.9105 -0.2797
vn -0.2098 -0.9603 -0.1839
vn -0.6377 -0.3425 -0.6899
vn -0.6768 -0.0516 -0.7344
vn -0.6623 -0.1946 -0.7235
vn -0.3137 -0.8972 -0.3108
vn -0.2233 -0.9540 -0.1999
vn -0.5324 -0.6324 -0.5627
vn -0.3305 -0.8815 -0.3373
vn -0.2289 -0.9450 -0.2335
vn -0.6491 -0.2840 -0.7057
vn -0.5152 -0.6281 -0.5831
vn -0.6723 -0.1657 -0.7215
vn -0.9318 -0.2649 -0.2482
vn -0.8593 -0.3935 -0.3268
vn -0.7266 -0.6844 -0.0593
vn -0.9983 -0.0227 -0.0544
vn -0.9634 -0.2641 -0.0461
vn -0.2945 -0.9547 -0.0434
vn -0.4482 -0.8867 -0.1137
vn -0.5484 -0.8107 -0.2051
vn -0.8766 -0.0259 -0.4805
vn -0.8557 -0.2711 -0.4407
vn -0.9311 -0.0468 -0.3617
vn -0.9854 0.0045 -0.1701
vn -0.1626 -0.9861 -0.0338
vn -0.2629 -0.9391 -0.2211
vn -0.6362 -0.6879 -0.3494
vn -0.1222 -0.9919 -0.0352
vn -0.2495 -0.9595 -0.1308
vn -0.3185 -0.9158 -0.2447
vn -0.6611 -0.0673 -0.7473
vn -0.9904 0.1319 -0.0411
vn -0.9897 0.1055 0.0971
vn -0.9725 0.2276 0.0491
vn -0.3195 0.9374 0.1384
vn -0.6053 0.7210 0.3373
vn -0.4790 0.8771 0.0346
vn -0.9815 0.1356 -0.1349
vn -0.9649 0.0562 -0.2565
vn -0.5942 0.6123 0.5216
vn -0.3966 0.8378 0.3752
vn -0.4168 0.6843 0.5984
vn -0.9454 0.0201 -0.3253
vn -0.9876 0.1341 -0.0814
vn -0.9285 0.3630 0.0779
vn -0.6191 0.6316 0.4667
vn -0.5145 0.5668 0.6434
vn -0.7947 0.3217 0.5147
vn -0.9977 -0.0684 0.0037
vn -0.9336 0.0329 0.3568
vn -0.9309 -0.0190 -0.3648
vn -0.8117 -0.2274 0.5380
vn -0.0743 0.9289 0.3629
vn -0.0975 0.7740 0.6256
vn -0.0577 0.8433 0.5343
vn -0.1536 0.5499 0.8210
vn -0.1156 0.6545 0.7472
vn -0.2903 0.3540 0.8890
vn -0.4876 0.0504 0.8716
vn -0.3444 0.0219 0.9386
vn -0.3453 -0.2738 0.8977
vn -0.0766 0.3334 0.9397
vn -0.1129 0.0241 0.9933
vn -0.1011 -0.2388 0.9658
vn -0.1081 -0.4762 0.8727
vn -0.0735 0.1063 0.9916
vn -0.0728 -0.1357 0.9881
vn -0.0418 0.4928 0.8691
vn -0.0489 0.3028 0.9518
vn -0.8300 0.0572 -0.5548
vn -0.7558 -0.0170 -0.6546
vn -0.6443 0.0612 -0.7623
vn -0.6799 0.0622 -0.7307
vn -0.9853 -0.1543 -0.0727
vn -0.9553 -0.2486 -0.1598
vn -0.8249 -0.4221 0.3760
vn -0.8836 -0.4083 0.2291
vn -0.9822 -0.0118 -0.1873
vn -0.9973 -0.0609 -0.0414
vn -0.8752 -0.4093 0.2577
vn -0.4293 -0.6549 0.6220
vn -0.4759 -0.6786 0.5594
vn -0.9629 -0.0650 -0.2620
vn -0.4132 -0.7892 0.4544
vn -0.7683 -0.6311 0.1067
vn -0.3405 -0.9159 0.2126
vn -0.9798 0.0104 -0.1998
vn -0.3912 -0.4919 0.7778
vn -0.1550 -0.6359 0.7560
vn -0.1191 -0.7396 0.6624
vn -0.1052 -0.8443 0.5254
vn -0.0810 -0.9241 0.3734
vn -0.0863 -0.9798 0.1803
vn -0.0547 -0.4981 0.8654
vn -0.0359 -0.9022 0.4298
vn -0.0252 -0.9662 0.2564
vn -0.6392 -0.1520 -0.7539
vn -0.5490 -0.3763 -0.7464
vn -0.6557 -0.1037 -0.7479
vn -0.0981 -0.9379 -0.3326
vn -0.3089 -0.7822 -0.5411
vn -0.2514 -0.8086 -0.5319
vn -0.0468 -0.9330 -0.3568
vn -0.5036 -0.5143 -0.6941
vn -0.4002 -0.6044 -0.6889
vn -0.1543 -0.8792 -0.4507
vn -0.2800 -0.7404 -0.6111
vn -0.5788 -0.2819 -0.7652
vn -0.2542 -0.9069 -0.3359
vn -0.0674 -0.9975 -0.0195
vn -0.0819 -0.9950 -0.0573
vn -0.5628 -0.4634 -0.6845
vn -0.2806 -0.8906 -0.3580
vn -0.4628 -0.6844 -0.5634
vn -0.1825 -0.9639 -0.1939
vn -0.6183 -0.3109 -0.7218
vn -0.4902 -0.6235 -0.6090
vn -0.6267 -0.3207 -0.7102
vn -0.3385 -0.8195 -0.4625
vn -0.4967 -0.6338 -0.5930
vn -0.1002 -0.9709 -0.2174
vn -0.0564 -0.9937 -0.0969
vn -0.0802 -0.9671 -0.2413
vn -0.0232 -0.9890 -0.1461
vn -0.0301 -0.9995 -0.0117
vn -0.0277 -0.9964 -0.0803
vn -0.0598 -0.3318 0.9414
vn -0.0544 0.3046 0.9509
vn -0.0669 0.1088 0.9918
vn -0.0638 -0.1092 0.9920
vn -0.0387 0.9788 0.2009
vn -0.0117 0.8782 0.4781
vn -0.0357 0.5502 0.8342
vn -0.0268 0.7136 0.7000
vn -0.0498 -0.2846 0.9574
vn -0.0415 -0.7794 0.6251
vn -0.0503 -0.4509 0.8911
vn -0.0482 -0.6741 0.7370
vn -0.0527 -0.5666 0.8223
vn -0.0337 -0.8666 0.4979
vn -0.0538 -0.8984 -0.4358
vn -0.5353 -0.4117 -0.7375
vn -0.3994 -0.5272 -0.7500
vn -0.1387 -0.8061 -0.5754
vn -0.2890 -0.6687 -0.6851
vn -0.4758 -0.2833 -0.8327
vn -0.1934 -0.5724 -0.7968
vn -0.4150 -0.4070 -0.8137
vn -0.6420 -0.0479 -0.7652
vn -0.5097 -0.1936 -0.8383
vn -0.6180 -0.1018 -0.7796
vn -0.5268 -0.1907 -0.8283
vn -0.2702 -0.4618 -0.8448
vn -0.0345 -0.7091 -0.7042
vn -0.0660 -0.6373 -0.7678
vn -0.1950 -0.4965 -0.8459
vn -0.3242 -0.3137 -0.8925
vn -0.3846 -0.4257 -0.8191
vn -0.5346 -0.1731 -0.8272
vn -0.5548 -0.1206 -0.8232
vn -0.5751 -0.2418 -0.7815
vn -0.5362 -0.3733 -0.7571
vn -0.3635 -0.5293 -0.7667
vn -0.6491 -0.0777 -0.7567
vn -0.6495 0.0492 -0.7587
vn -0.0914 -0.7973 -0.5966
vn -0.2136 -0.6524 -0.7271
vn -0.0441 -0.8567 -0.5139
vn -0.5434 -0.2550 -0.7998
vn -0.0201 -0.7833 -0.6213
vn 0.0278 -0.7647 -0.6437
vn -0.0421 0.0712 0.9966
vn -0.0485 -0.1127 0.9924
vn -0.0440 0.3930 0.9185
vn -0.0423 0.2352 0.9710
vn -0.0042 0.9364 0.3510
vn -0.0171 0.8414 0.5401
vn -0.0547 -0.2741 0.9601
vn -0.6761 0.0312 -0.7362
vn -0.6420 0.1409 -0.7536
vn -0.7153 0.2210 -0.6629
vn -0.6191 0.2746 -0.7357
vn -0.8076 0.5277 -0.2632
vn -0.4325 0.7265 -0.5339
vn -0.7578 0.5696 -0.3183
vn -0.2453 0.9615 -0.1237
vn -0.3414 0.9372 -0.0720
vn -0.1389 0.9403 -0.3109
vn -0.5297 0.7797 0.3339
vn -0.2586 0.3097 -0.9150
vn -0.3893 0.2717 -0.8801
vn -0.3876 0.1554 -0.9086
vn -0.3151 -0.0026 -0.9491
vn -0.2166 0.6093 -0.7627
vn -0.5171 0.3335 -0.7883
vn -0.0706 0.1467 -0.9867
vn -0.0312 0.4407 -0.8971
vn -0.0394 0.7045 -0.7086
vn -0.4898 0.5023 -0.7126
vn 0.0163 0.8816 -0.4716
vn 0.1175 0.1864 -0.9754
vn -0.0288 -0.9377 0.3462
vn 0.0014 -0.8574 -0.5146
vn -0.0246 -0.9972 -0.0712
vn -0.0193 -0.9806 -0.1953
vn -0.0141 -0.9695 -0.2447
vn -0.0118 -0.9483 -0.3172
vn -0.0522 -0.5371 -0.8419
vn -0.0185 -0.5994 -0.8003
vn -0.2008 -0.4146 -0.8876
vn -0.0116 -0.4781 -0.8782
vn -0.1635 -0.3102 -0.9365
vn -0.3631 -0.2259 -0.9039
vn 0.0054 -0.4229 -0.9062
vn 0.0642 -0.5625 -0.8243
vn 0.0845 -0.6537 -0.7520
vn 0.0534 -0.7733 -0.6318
vn -0.0973 -0.1232 0.9876
vn -0.0327 0.6462 0.7624
vn -0.0407 0.4278 0.9030
vn -0.0508 0.2660 0.9626
vn -0.0663 0.1390 0.9881
vn -0.1045 0.0258 0.9942
vn -0.0867 -0.1798 0.9799
vn -0.0640 -0.3851 0.9207
vn -0.6680 0.0235 -0.7438
vn -0.5302 -0.0949 -0.8426
vn -0.2066 0.9367 0.2828
vn -0.0564 0.9841 0.1682
vn -0.9995 -0.0090 0.0319
vn -0.9386 0.0535 -0.3408
vn -0.9800 0.1274 -0.1530
vn -0.6353 -0.0048 -0.7722
vn -0.3446 -0.1367 -0.9288
vn -0.8303 0.0376 -0.5561
vn -0.0861 0.8814 0.4644
vn -0.2791 0.4807 0.8313
vn -0.4708 0.8497 0.2374
vn -0.1091 0.7064 0.6994
vn -0.6533 -0.0290 -0.7566
vn -0.4444 -0.0315 -0.8953
vn -0.4327 -0.0108 0.9015
vn -0.2116 0.1467 0.9663
vn -0.1107 -0.2193 -0.9694
vn -0.1982 -0.0860 -0.9764
vn 0.0161 -0.2700 -0.9627
vn -0.0224 -0.3328 -0.9427
vn -0.0164 -0.1697 -0.9854
vn -0.2393 0.0129 -0.9709
vn -0.0384 -0.0591 -0.9975
vn 0.0313 -0.1225 -0.9920
vn 0.0319 -0.0160 -0.9994
vn -0.0427 0.0471 -0.9980
vn 0.0102 0.9973 -0.0723
vn 0.0021 0.9553 0.2955
vn -0.0212 0.6029 0.7976
vn -0.0547 0.4327 0.8999
vn -0.0223 0.1124 0.9934
vn 0.0350 -0.3971 -0.9171
vn 0.0448 -0.2259 -0.9731
vn -0.0071 0.8058 0.5922
vn 0.0465 0.4907 -0.8701
vn 0.0343 0.7723 -0.6343
vn 0.0196 0.9296 -0.3681
vn -0.0390 -0.8334 0.5512
vn -0.0444 -0.7289 0.6832
vn -0.0070 -0.9195 -0.3931
vn 0.0766 -0.8044 -0.5891
vn 0.0105 -0.6540 -0.7564
vn -0.0510 -0.1670 0.9846
vn -0.0492 -0.3389 0.9395
vn -0.0273 0.7179 0.6956
vn -0.0188 0.8262 0.5631
vn -0.0219 0.8066 0.5907
vn -0.0396 0.1860 0.9817
vn 0.0684 -0.3204 -0.9448
vn 0.0671 -0.1574 -0.9853
vn 0.0144 0.9999 0.0005
vn 0.0878 -0.0751 -0.9933
vn 0.1335 -0.0235 -0.9908
vn -0.0226 0.3869 0.9218
vn -0.0446 0.3543 0.9340
vn 0.0367 0.9205 0.3891
vn 0.0184 0.7375 0.6751
vn 0.1400 -0.2347 -0.9619
vn -0.0466 0.4446 0.8945
vn -0.1008 0.1507 0.9834
vn 0.0372 0.5691 -0.8214
vn 0.0552 0.3632 -0.9301
vn 0.1423 -0.0584 -0.9881
vn 0.0214 0.1130 -0.9934
vn 0.0869 0.3277 -0.9408
vn 0.0434 0.6273 -0.7776
vn -0.0494 -0.5252 0.8495
vn -0.0501 -0.6106 0.7903
vn -0.0511 -0.4398 0.8966
vn 0.0050 -0.9280 -0.3725
vn 0.0488 -0.8491 -0.5260
vn -0.0028 -0.8906 -0.4548
vn -0.0280 -0.9993 -0.0264
vn 0.1024 -0.3996 -0.9109
vn 0.2300 -0.3968 -0.8886
vn 0.0896 -0.4883 -0.8680
vn 0.5287 -0.1284 -0.8391
vn 0.3055 -0.2795 -0.9102
vn 0.4238 -0.1540 -0.8926
vn 0.0489 -0.6245 -0.7795
vn 0.2785 -0.4285 -0.8596
vn 0.1345 -0.5668 -0.8128
vn 0.4217 -0.2453 -0.8729
vn 0.5907 -0.0614 -0.8045
vn 0.3119 -0.4190 -0.8527
vn 0.5255 -0.1591 -0.8358
vn 0.4810 -0.2036 -0.8527
vn 0.0369 -0.7408 -0.6707
vn -0.0721 -0.1580 0.9848
vn -0.0355 0.5585 0.8288
vn -0.0334 0.5974 0.8012
vn -0.0488 0.4515 0.8909
vn -0.0672 -0.2484 0.9663
vn -0.0428 0.0281 0.9987
vn -0.0649 0.0495 0.9967
vn 0.1937 -0.0922 -0.9767
vn 0.1651 0.3866 0.9073
vn 0.3528 -0.1544 -0.9229
vn 0.6439 -0.0017 -0.7651
vn 0.5237 -0.0568 -0.8500
vn 0.3652 -0.0499 -0.9296
vn 0.2639 0.7165 0.6457
vn 0.5104 0.0111 -0.8599
vn 0.4279 -0.0239 -0.9035
vn 0.6594 -0.0287 -0.7512
vn 0.3909 0.3396 0.8555
vn 0.4606 0.4271 0.7781
vn 0.7896 -0.0232 -0.6132
vn 0.9831 0.0282 0.1811
vn 0.8628 0.1238 -0.4901
vn 0.9947 -0.0966 0.0356
vn 0.3126 0.0489 0.9486
vn 0.5763 -0.0418 -0.8162
vn 0.6337 0.0483 -0.7720
vn 0.6884 0.1506 -0.7095
vn 0.6345 0.3735 -0.6767
vn 0.8462 0.3081 -0.4348
vn 0.2619 0.9571 0.1239
vn 0.3930 0.9188 -0.0358
vn 0.4702 0.8746 0.1183
vn 0.1355 0.9890 -0.0599
vn 0.2728 0.9571 -0.0978
vn 0.5853 0.3475 -0.7326
vn 0.6571 0.2832 -0.6986
vn 0.0830 0.9230 -0.3756
vn 0.0260 0.0381 -0.9989
vn 0.1811 0.0300 -0.9830
vn -0.0410 -0.7936 0.6071
vn -0.0496 -0.5450 0.8370
vn 0.3079 -0.5854 -0.7500
vn 0.2196 -0.7042 -0.6752
vn 0.1500 -0.7855 -0.6005
vn 0.0421 -0.8843 -0.4650
vn 0.4491 -0.4108 -0.7934
vn 0.3457 -0.6020 -0.7197
vn 0.3207 -0.6379 -0.7002
vn 0.1113 -0.8622 -0.4941
vn 0.4184 -0.4020 -0.8145
vn 0.0501 -0.9360 -0.3484
vn -0.0253 -0.9948 -0.0988
vn 0.4727 -0.2067 -0.8566
vn 0.2502 -0.5198 -0.8168
vn 0.1709 -0.6431 -0.7465
vn 0.4284 -0.3374 -0.8382
vn 0.5871 -0.0930 -0.8042
vn 0.3552 -0.4753 -0.8049
vn 0.0483 -0.6796 -0.7320
vn 0.5444 -0.2284 -0.8071
vn 0.5685 -0.1603 -0.8069
vn 0.5117 -0.2823 -0.8114
vn 0.5872 -0.1108 -0.8018
vn 0.5321 -0.2504 -0.8088
vn -0.0302 0.6417 0.7664
vn -0.0473 0.3167 0.9473
vn -0.0562 0.2431 0.9684
vn -0.0515 -0.3803 0.9234
vn -0.0451 0.3529 0.9346
vn -0.0524 -0.0167 0.9985
vn -0.0570 -0.2079 0.9765
vn -0.0449 0.1781 0.9830
vn 0.3872 0.5952 -0.7041
vn 0.5675 0.2491 -0.7847
vn 0.3740 0.7598 -0.5318
vn 0.1097 0.8021 -0.5870
vn 0.1880 0.5449 -0.8171
vn 0.5392 0.1747 -0.8239
vn 0.6120 0.1180 -0.7820
vn 0.4959 0.4674 -0.7319
vn 0.5137 0.0903 -0.8532
vn 0.6177 0.0118 -0.7863
vn 0.7901 0.5076 0.3437
vn 0.3288 0.2444 -0.9122
vn 0.4783 0.0959 -0.8730
vn 0.5969 -0.0113 -0.8022
vn 0.5479 -0.2748 -0.7901
vn 0.5928 -0.1944 -0.7816
vn 0.4148 -0.5303 -0.7394
vn 0.5109 -0.3971 -0.7624
vn 0.2705 -0.7459 -0.6087
vn -0.0109 -0.9982 -0.0593
vn 0.0268 -0.9653 -0.2597
vn 0.0278 -0.9764 -0.2142
vn -0.0219 -0.9864 -0.1627
vn 0.0056 -0.9996 -0.0264
vn 0.1496 -0.9107 -0.3850
vn 0.3784 -0.6960 -0.6103
vn 0.6020 -0.1327 -0.7874
vn 0.5433 -0.3073 -0.7813
vn 0.4344 -0.5629 -0.7031
vn 0.1782 -0.8473 -0.5004
vn 0.5915 -0.2000 -0.7811
vn 0.1837 -0.9241 -0.3350
vn 0.1382 -0.9518 -0.2740
vn 0.0968 -0.9735 -0.2072
vn 0.4890 -0.4611 -0.7405
vn 0.6250 -0.0498 -0.7791
vn 0.6095 -0.1417 -0.7800
vn 0.1916 -0.9377 -0.2897
vn 0.0760 -0.9865 -0.1453
vn 0.5686 -0.3413 -0.7484
vn 0.4333 -0.5473 -0.7161
vn 0.6189 -0.0681 -0.7825
vn -0.0325 -0.9983 0.0491
vn -0.0301 -0.9995 0.0133
vn -0.0438 -0.0180 0.9989
vn -0.0519 -0.2179 0.9746
vn -0.0460 0.2977 0.9536
vn -0.0380 0.1351 0.9901
vn -0.0482 -0.3857 0.9213
vn 0.0099 -0.5876 0.8091
vn 0.3583 -0.7976 -0.4852
vn 0.5738 -0.3307 -0.7492
vn 0.2751 -0.8726 -0.4035
vn 0.1421 -0.9701 -0.1967
vn 0.6161 -0.1858 -0.7654
vn 0.5272 -0.4751 -0.7045
vn 0.4528 -0.6963 -0.5570
vn 0.3888 -0.7806 -0.4894
vn 0.6153 -0.2955 -0.7308
vn 0.6587 -0.0605 -0.7500
vn 0.4530 -0.7244 -0.5197
vn 0.6443 -0.2618 -0.7186
vn 0.1419 -0.9752 -0.1699
vn 0.0043 -1.0000 -0.0060
vn 0.1471 -0.9770 -0.1545
vn 0.2529 -0.9342 -0.2515
vn 0.1604 -0.9795 -0.1222
vn 0.0479 -0.9988 0.0134
vn 0.6338 -0.4308 -0.6425
vn 0.6885 -0.2747 -0.6712
vn 0.5384 -0.7207 -0.4367
vn 0.3091 -0.9410 -0.1377
vn 0.7193 -0.0692 -0.6912
vn 0.7629 -0.2412 -0.5999
vn 0.8541 -0.0650 -0.5161
vn 0.7826 -0.0656 -0.6191
vn 0.7620 -0.5085 -0.4009
vn 0.6247 -0.7531 -0.2064
vn 0.3221 -0.9465 -0.0182
vn 0.9097 -0.0887 -0.4057
vn 0.9427 -0.2301 -0.2414
vn -0.0383 0.5056 0.8619
vn 0.0260 0.5142 0.8573
vn -0.0108 0.3899 0.9208
vn -0.0663 0.0236 0.9975
vn -0.0194 -0.2692 0.9629
vn 0.0017 -0.4673 0.8841
vn -0.0488 0.2054 0.9775
vn 0.7815 -0.0192 -0.6236
vn 0.7212 -0.0194 -0.6924
vn 0.8286 -0.0183 -0.5595
vn 0.8696 -0.0184 -0.4935
vn 0.2115 0.2201 0.9523
vn 0.3318 0.5055 0.7965
vn 0.9442 -0.0806 -0.3193
vn 0.9037 -0.0187 -0.4278
vn 0.1603 -0.0780 0.9840
vn 0.2578 -0.3959 0.8813
vn -0.9360 -0.3296 0.1238
vn -0.9877 -0.0909 0.1273
vn -0.6944 -0.6175 0.3695
vn -0.8484 -0.1190 0.5158
vn -0.2158 -0.9680 0.1280
vn -0.2506 -0.8665 0.4316
vn -0.0576 -0.9976 0.0372
vn -0.6250 -0.4403 0.6446
vn -0.1193 -0.8002 0.5877
vn -0.2078 -0.6185 0.7579
vn -0.0683 -0.7193 0.6914
vn -0.0945 -0.5644 0.8200
vn -0.3625 -0.2925 0.8849
vn -0.1056 -0.3575 0.9279
vn -0.0404 -0.9599 0.2776
vn -0.9734 0.2224 -0.0554
vn -0.9966 0.0709 0.0425
vn -0.9336 0.0269 0.3573
vn -0.8876 0.4605 -0.0134
vn -0.9278 0.3517 -0.1244
vn -0.9584 0.2061 -0.1973
vn -0.9805 0.1932 -0.0370
vn -0.9578 0.1249 0.2588
vn -0.9032 0.3451 -0.2552
vn -0.9709 0.1839 -0.1532
vn -0.9248 0.2121 0.3158
vn -0.5811 -0.0304 0.8133
vn -0.2692 0.9563 -0.1138
vn -0.4505 0.8328 -0.3216
vn -0.8395 0.0956 0.5349
vn -0.3490 0.7017 -0.6211
vn -0.2541 0.8592 -0.4441
vn -0.7099 0.0886 0.6987
vn -0.2024 0.5874 -0.7835
vn -0.4768 0.6072 -0.6356
vn -0.6280 0.7153 -0.3064
vn -0.4761 0.5476 -0.6881
vn -0.8940 0.4328 0.1161
vn -0.8583 0.1680 0.4848
vn -0.8573 0.3079 -0.4125
vn -0.9995 0.0061 0.0320
vn -0.8746 -0.0647 0.4805
vn -0.3737 -0.8476 -0.3766
vn -0.3086 -0.6415 -0.7023
vn -0.4383 -0.7572 -0.4843
vn -0.0274 0.9380 -0.3454
vn -0.0096 0.7135 -0.7006
vn -0.2192 0.7345 -0.6423
vn -0.5346 0.0652 0.8426
vn -0.0394 0.4214 -0.9060
vn -0.2553 0.0320 0.9663
vn -0.2698 -0.0438 0.9619
vn -0.2234 0.2569 -0.9402
vn 0.0089 0.1935 -0.9811
vn -0.4650 -0.0479 -0.8840
vn -0.5461 0.0149 0.8376
vn -0.2313 -0.3529 -0.9066
vn -0.4242 -0.2124 -0.8803
vn -0.1110 -0.1009 0.9887
vn -0.2925 -0.0203 -0.9561
vn -0.0238 -0.1596 -0.9869
vn 0.0120 -0.4382 -0.8988
vn 0.0403 0.7831 -0.6206
vn 0.0015 0.8481 -0.5299
vn -0.0581 0.0005 0.9983
vn -0.1078 0.0311 0.9937
vn -0.0538 -0.3482 0.9359
vn -0.0356 0.9820 -0.1853
vn 0.0102 0.9967 0.0809
vn -0.0408 0.9990 0.0198
vn 0.0470 0.2844 -0.9576
vn 0.0425 -0.0834 -0.9956
vn 0.0404 -0.2498 -0.9675
vn -0.0546 -0.1574 0.9860
vn -0.9343 -0.0564 0.3521
vn -0.9849 -0.0984 -0.1424
vn -0.9802 -0.0962 -0.1728
vn -0.9243 -0.3801 -0.0349
vn -0.9901 -0.0559 0.1288
vn -0.8440 -0.4765 -0.2464
vn -0.9848 -0.1736 -0.0091
vn -0.9979 -0.0452 -0.0463
vn -0.8318 -0.1247 0.5410
vn -0.7438 -0.2646 0.6138
vn -0.8987 -0.2930 0.3262
vn -0.3324 -0.5841 -0.7405
vn -0.3577 -0.4709 -0.8064
vn -0.5294 -0.5168 -0.6728
vn -0.7918 -0.0240 0.6103
vn -0.6576 -0.0023 0.7534
vn -0.5386 -0.8361 -0.1042
vn -0.3852 -0.7588 -0.5252
vn -0.2987 -0.9193 -0.2563
vn -0.0426 -0.6309 -0.7747
vn -0.0457 -0.7480 -0.6621
vn -0.0822 -0.9965 0.0117
vn -0.0732 -0.9782 -0.1942
vn -0.0773 -0.9230 -0.3771
vn -0.0517 -0.8424 -0.5363
vn -0.3889 0.0366 0.9205
vn -0.0315 -0.5418 -0.8399
vn -0.2023 0.0353 0.9787
vn -0.0835 0.0274 0.9961
vn -0.0693 -0.5649 0.8222
vn -0.0481 -0.8411 0.5387
vn -0.0464 -0.9009 0.4316
vn -0.0612 -0.7644 0.6419
vn -0.0853 -0.3420 0.9358
vn 0.0553 0.4868 -0.8718
vn -0.0161 0.5555 -0.8314
vn 0.0510 -0.3106 -0.9492
vn 0.0271 0.9618 -0.2722
vn 0.0474 0.6198 -0.7834
vn 0.0443 0.6808 -0.7311
vn 0.0571 0.2985 -0.9527
vn 0.0463 0.0902 -0.9948
vn -0.0698 -0.0964 0.9929
vn -0.0514 0.0067 0.9987
vn 0.0353 0.9009 -0.4326
vn 0.0895 -0.1358 -0.9867
vn 0.0151 0.9993 -0.0329
vn -0.0089 -0.9962 -0.0869
vn 0.0024 -0.9627 -0.2705
vn 0.0117 -0.8924 -0.4511
vn 0.0209 -0.7895 -0.6134
vn 0.0327 -0.6090 -0.7925
vn -0.0190 -0.9896 0.1425
vn -0.0371 -0.9974 0.0611
vn -0.0377 -0.9755 0.2165
vn -0.0562 -0.6570 0.7518
vn -0.0643 -0.4531 0.8891
vn -0.0500 -0.9826 0.1788
vn -0.0667 -0.8132 0.5782
vn 0.0053 0.9843 0.1763
vn 0.0433 0.7271 -0.6852
vn 0.0378 0.8236 -0.5659
vn 0.1076 -0.1383 -0.9845
vn 0.0899 0.1124 -0.9896
vn 0.0540 0.2433 -0.9684
vn 0.1061 0.0945 -0.9899
vn 0.0516 -0.2714 -0.9611
vn 0.0221 0.9763 -0.2153
vn 0.0354 0.9164 -0.3987
vn 0.0498 0.3853 -0.9214
vn 0.0443 0.0407 -0.9982
vn 0.0079 -0.9240 -0.3824
vn 0.0434 -0.5048 -0.8622
vn 0.0421 -0.4207 -0.9062
vn -0.0128 -0.9998 0.0166
vn -0.0051 -0.9931 -0.1175
vn -0.0576 -0.9331 0.3550
vn -0.0518 -0.9911 0.1223
vn -0.0524 -0.9740 0.2203
vn -0.0697 -0.7943 0.6035
vn -0.0621 -0.6558 0.7524
vn -0.0562 -0.2182 0.9743
vn -0.0834 -0.4629 0.8825
vn 0.0465 -0.1437 -0.9885
vn 0.0054 0.9481 0.3178
vn 0.0379 0.8590 -0.5106
vn 0.0543 0.4178 -0.9069
vn -0.0357 0.8990 0.4366
vn 0.0494 0.9727 -0.2268
vn 0.0438 0.9957 0.0812
vn 0.0119 0.9781 0.2077
vn 0.1031 0.9939 -0.0380
vn 0.0046 0.9972 0.0752
vn 0.0488 0.5705 -0.8199
vn 0.0316 0.9346 -0.3542
vn 0.0573 0.2544 -0.9654
vn -0.0899 -0.2627 0.9607
vn -0.0606 -0.0184 0.9980
vn 0.0281 -0.6896 -0.7237
vn 0.0364 -0.5691 -0.8215
vn -0.0253 -0.9598 0.2794
vn 0.0077 -0.9518 -0.3066
vn 0.0243 -0.7481 -0.6632
vn 0.0156 -0.8574 -0.5145
vn 0.0189 -0.8390 -0.5438
vn 0.0360 -0.5324 -0.8457
vn 0.0291 -0.6588 -0.7518
vn -0.0412 -0.9095 0.4137
vn -0.0350 -0.9878 0.1516
vn -0.0394 -0.9480 0.3157
vn -0.0659 -0.6441 0.7621
vn -0.0931 -0.1360 0.9863
vn 0.0122 0.9979 -0.0634
vn 0.0509 -0.3741 -0.9260
vn 0.0402 -0.3282 -0.9437
vn -0.0118 0.8866 0.4623
vn 0.0907 0.0563 -0.9943
vn 0.0780 -0.1987 -0.9769
vn 0.0349 0.8940 -0.4466
vn 0.0418 0.7763 -0.6290
vn 0.0971 -0.0408 -0.9944
vn 0.0564 0.2134 -0.9753
vn 0.0470 -0.3123 -0.9488
vn -0.0128 -0.9956 0.0931
vn -0.0109 -0.9999 -0.0071
vn -0.0195 0.0306 0.9993
vn -0.0491 0.0008 0.9988
vn -0.0499 -0.8524 0.5206
vn -0.1071 -0.3348 0.9362
vn -0.0525 -0.3109 0.9490
vn -0.0555 -0.6991 0.7128
vn -0.0594 -0.5477 0.8346
vn 0.0191 0.9861 -0.1654
vn 0.0483 0.3646 -0.9299
vn -0.0065 0.9825 0.1863
vn 0.0445 -0.0014 -0.9990
vn 0.0382 -0.1562 -0.9870
vn 0.0119 0.9988 0.0465
vn 0.0492 0.5237 -0.8505
vn 0.0502 0.3616 -0.9310
vn 0.0233 0.9728 -0.2303
vn 0.0516 -0.0072 -0.9986
vn 0.0114 0.9978 -0.0658
vn 0.0484 0.6470 -0.7610
vn 0.0430 0.7507 -0.6593
vn -0.0513 -0.1246 0.9909
vn -0.0364 -0.8954 0.4437
vn 0.0371 -0.4943 -0.8685
vn -0.0190 -0.9816 0.1898
vn 0.0292 -0.6979 -0.7156
vn -0.0361 -0.8651 0.5002
vn 0.0244 -0.7599 -0.6496
vn 0.0237 -0.7938 -0.6077
vn -0.0322 -0.9280 0.3713
vn -0.0154 -0.9980 0.0610
vn 0.0023 -0.9170 -0.3988
vn -0.0071 -0.9961 -0.0881
vn 0.0046 -0.9670 -0.2548
vn -0.0723 -0.0719 0.9948
vn -0.0726 -0.5398 0.8386
vn -0.0912 -0.3108 0.9461
vn -0.0627 -0.7465 0.6624
vn -0.0390 -0.9651 0.2589
vn -0.0484 -0.8825 0.4678
vn 0.0507 0.1870 -0.9811
vn 0.0418 -0.3954 -0.9176
vn 0.0526 -0.2137 -0.9755
vn -0.0148 0.8298 0.5578
vn -0.0245 0.7541 0.6563
vn -0.0096 0.9350 0.3546
vn 0.0375 0.8446 -0.5340
vn 0.0421 0.8112 -0.5833
vn 0.0464 0.6706 -0.7403
vn 0.0696 0.2032 -0.9767
vn 0.0542 -0.2153 -0.9750
vn -0.0520 0.0051 0.9986
vn -0.0254 -0.9601 0.2786
vn 0.0353 -0.5803 -0.8136
vn 0.0293 -0.6604 -0.7503
vn -0.0438 -0.9924 0.1149
vn -0.0583 -0.9862 0.1550
vn -0.0617 -0.6414 0.7647
vn -0.0646 -0.4169 0.9066
vn -0.0583 -0.7877 0.6133
vn -0.0992 -0.2405 0.9656
vn 0.0155 -0.0298 0.9994
vn -0.0696 -0.9041 0.4216
vn -0.0049 -0.6267 0.7792
vn -0.0635 -0.9629 0.2622
vn 0.0032 -0.1905 0.9817
vn -0.0170 -0.4113 0.9113
vn 0.0003 0.9475 0.3199
vn 0.0052 0.9882 0.1528
vn -0.0101 0.8730 0.4875
vn 0.0601 0.4325 -0.8997
vn 0.0523 -0.4597 -0.8866
vn 0.0593 0.2882 -0.9557
vn 0.0452 -0.3466 -0.9369
vn 0.0516 0.5930 -0.8035
vn 0.1106 0.8898 -0.4428
vn 0.0817 0.7983 -0.5967
vn 0.0905 0.9944 0.0551
vn 0.0867 -0.0064 -0.9962
vn 0.0800 0.0314 -0.9963
vn -0.0409 0.0153 0.9990
vn 0.0452 0.1510 -0.9875
vn -0.0152 -0.9927 0.1198
vn 0.0398 -0.9986 0.0355
vn 0.0153 -0.8630 -0.5050
vn 0.0111 -0.9042 -0.4269
vn 0.0075 -0.9499 -0.3126
vn -0.0379 -0.8371 0.5458
vn -0.0432 -0.7560 0.6532
vn 0.0324 -0.8272 0.5609
vn -0.0449 -0.6651 0.7454
vn -0.0054 -0.9971 0.0757
vn 0.1017 -0.9711 0.2158
vn 0.0944 -0.9945 0.0462
vn 0.4201 -0.8959 0.1444
vn 0.2284 -0.9634 0.1404
vn 0.9309 -0.3322 0.1516
vn 0.7678 -0.5624 0.3069
vn 0.9842 -0.0945 0.1498
vn 0.8713 -0.3778 0.3131
vn -0.0206 -0.7373 0.6753
vn 0.0378 -0.8132 0.5808
vn 0.1150 -0.4429 0.8892
vn 0.1945 -0.0932 0.9765
vn 0.2612 -0.7759 0.5742
vn 0.4034 -0.2474 0.8809
vn 0.4355 -0.0100 0.9001
vn 0.7599 -0.4937 0.4229
vn 0.9202 -0.1092 0.3760
vn 0.8128 -0.3424 0.4713
vn -0.2628 -0.1591 0.9516
vn 0.9882 -0.0022 0.1533
vn 0.8449 0.0365 0.5338
vn 0.9577 0.1041 0.2683
vn 0.6631 -0.0176 0.7483
vn 0.7437 -0.1689 0.6469
vn 0.0698 0.9054 0.4188
vn 0.0302 0.9237 -0.3820
vn 0.1140 0.9845 -0.1334
vn 0.1550 0.9529 -0.2608
vn 0.1076 0.6835 -0.7220
vn 0.0723 0.9751 0.2095
vn 0.0050 0.6763 0.7366
vn 0.0309 0.8048 0.5928
vn 0.4400 0.8578 -0.2658
vn 0.2980 0.7191 -0.6278
vn 0.3783 0.3969 -0.8363
vn 0.1601 0.5269 -0.8347
vn 0.3704 0.8573 0.3576
vn 0.3874 0.9219 0.0067
vn 0.3016 0.7053 0.6416
vn 0.5791 0.7146 -0.3924
vn 0.7735 0.5721 -0.2727
vn 0.2798 -0.6538 0.7030
vn 0.0965 -0.0470 -0.9942
vn 0.0918 0.1465 -0.9849
vn 0.1168 0.3122 -0.9428
vn 0.1045 0.0184 0.9943
vn 0.6394 -0.0067 0.7689
vn 0.2919 0.0229 -0.9562
vn 0.0552 -0.1582 -0.9859
vn 0.9790 0.1914 0.0705
vn 0.9293 0.0915 0.3577
vn 0.8836 0.2933 -0.3649
vn 0.4497 0.0511 -0.8917
vn 0.9655 0.0217 -0.2597
vn 0.9495 -0.0529 0.3092
vn 0.2008 -0.3050 -0.9309
vn 0.9851 -0.1622 -0.0568
vn 0.4223 -0.6076 -0.6727
vn 0.2681 -0.5162 -0.8134
vn 0.3402 -0.7111 -0.6153
vn 0.4037 -0.2104 -0.8904
vn 0.9366 -0.1986 0.2888
vn 0.0168 -0.7924 -0.6098
vn 0.0526 -0.9218 -0.3840
vn 0.0776 -0.8345 -0.5455
vn 0.0136 -0.9828 0.1841
vn 0.0609 -0.5597 -0.8264
vn -0.0358 -0.9026 0.4291
vn -0.0390 -0.8897 0.4548
vn 0.0302 -0.9325 0.3598
vn 0.0861 -0.9746 -0.2065
vn -0.0007 -0.9883 -0.1526
vn 0.0917 -0.7259 -0.6817
vn 0.3346 -0.7935 0.5084
vn 0.2961 -0.8358 -0.4623
vn 0.2173 -0.9247 0.3125
vn 0.3609 -0.9157 -0.1771
vn 0.4072 -0.8976 0.1688
vn 0.3636 0.0061 0.9315
vn 0.5773 0.0426 0.8154
vn 0.8051 -0.0666 0.5894
vn 0.8203 0.0245 0.5714
vn 0.8606 -0.0263 0.5086
vn 0.7360 0.0832 0.6718
vn -0.7784 0.0585 -0.6251
vn -0.7254 0.0722 -0.6845
vn -0.9983 0.0001 -0.0591
vn -0.9972 0.0133 -0.0738
vn -0.9440 0.0321 -0.3283
vn -0.9665 0.0721 -0.2464
vn -0.9926 0.0119 -0.1205
vn -0.9003 0.0322 -0.4341
vn -0.8643 0.0016 -0.5030
vn -0.9994 0.0270 -0.0226
vn -0.9989 0.0295 -0.0357
vn -0.9853 0.0618 -0.1595
vn -0.9932 0.0799 -0.0842
vn -0.9991 0.0125 -0.0395
vn -0.7003 0.2977 -0.6488
vn -0.7706 0.2888 -0.5682
vn -0.5321 0.6961 -0.4820
vn -0.5316 0.7316 -0.4267
vn -0.6553 0.2801 -0.7015
vn -0.4726 0.7228 -0.5042
vn -0.2967 0.9301 -0.2166
vn -0.6502 0.2777 -0.7072
vn -0.4855 0.6997 -0.5242
vn -0.6513 0.2596 -0.7130
vn -0.4887 0.6891 -0.5351
vn -0.6543 0.2487 -0.7141
vn -0.6676 0.1037 -0.7372
vn -0.6217 0.3960 -0.6758
vn -0.1985 0.9527 -0.2299
vn -0.0730 0.9937 -0.0847
vn -0.9894 0.1110 -0.0938
vn -0.8946 0.2065 -0.3963
vn -0.9478 0.2893 -0.1340
vn -0.9322 0.3332 -0.1411
vn -0.7779 0.5434 -0.3157
vn -0.7444 0.6578 -0.1149
vn -0.6892 0.7049 -0.1677
vn -0.3901 0.9168 -0.0859
vn -0.2366 0.9660 -0.1040
vn -0.3859 0.8980 -0.2113
vn -0.1908 0.9746 -0.1177
vn -0.6189 0.6587 -0.4279
vn -0.4513 0.8669 -0.2116
vn -0.0405 0.9985 -0.0371
vn -0.6686 0.0376 -0.7427
vn -0.6435 0.1315 -0.7541
vn -0.6166 0.2529 -0.7455
vn -0.6039 0.2397 -0.7602
vn -0.2338 0.8416 -0.4869
vn -0.5003 0.4560 -0.7361
vn -0.4045 0.7171 -0.5676
vn -0.1547 0.8306 -0.5349
vn -0.4497 0.5568 -0.6984
vn -0.5230 0.3580 -0.7735
vn -0.0791 0.9164 -0.3925
vn -0.5694 0.2532 -0.7821
vn -0.6438 0.0633 -0.7626
vn -0.6068 0.1939 -0.7709
vn -0.2893 0.7246 -0.6255
vn -0.4287 0.5335 -0.7291
vn -0.6626 0.2237 -0.7148
vn -0.6364 0.3774 -0.6727
vn -0.1954 0.9521 -0.2353
vn -0.2974 0.8905 -0.3445
vn -0.0411 0.9965 -0.0730
vn -0.6346 0.2306 -0.7377
vn -0.6247 0.3353 -0.7052
vn -0.1832 0.9541 -0.2370
vn -0.2816 0.8915 -0.3550
vn -0.1800 0.9488 -0.2595
vn -0.3005 0.8850 -0.3555
vn -0.0978 0.9591 -0.2658
vn -0.0521 0.9570 -0.2855
vn 0.0147 0.9986 -0.0504
vn -0.6684 -0.0364 -0.7429
vn -0.6575 -0.2070 -0.7244
vn -0.6438 -0.1694 -0.7462
vn -0.1579 -0.7934 -0.5879
vn -0.4952 -0.5194 -0.6964
vn -0.4897 -0.6667 -0.5619
vn -0.5288 -0.6374 -0.5604
vn -0.6419 -0.2275 -0.7323
vn -0.5960 0.0468 -0.8016
vn -0.6641 -0.0350 -0.7469
vn -0.8052 -0.3459 -0.4817
vn -0.7634 -0.3987 -0.5081
vn -0.7697 -0.4350 -0.4674
vn -0.2389 -0.9651 -0.1071
vn -0.3956 -0.9151 0.0785
vn -0.0647 -0.9797 -0.1896
vn -0.1726 -0.9046 -0.3899
vn -0.6914 -0.2240 -0.6869
vn -0.6483 -0.0104 -0.7613
vn -0.6573 0.0231 -0.7533
vn -0.6446 -0.0775 -0.7606
vn -0.2441 0.3113 -0.9184
vn -0.4597 -0.1578 -0.8740
vn -0.2349 -0.3230 -0.9168
vn -0.3685 -0.1728 -0.9134
vn -0.3797 -0.2961 -0.8764
vn -0.0304 -0.4302 -0.9022
vn -0.1858 -0.6097 -0.7706
vn -0.0646 -0.1487 -0.9868
vn -0.4968 -0.3713 -0.7844
vn -0.0362 -0.6774 -0.7347
vn -0.0351 -0.8860 -0.4624
vn -0.5947 0.1179 -0.7953
vn -0.2860 0.4686 -0.8358
vn -0.5767 0.1544 -0.8022
vn -0.4371 0.2912 -0.8510
vn -0.2790 0.5113 -0.8128
vn -0.4353 0.2355 -0.8689
vn -0.1090 0.5750 -0.8108
vn -0.3576 0.3761 -0.8548
vn -0.6168 0.0318 -0.7865
vn -0.4373 0.1900 -0.8790
vn -0.1968 0.3839 -0.9022
vn -0.0450 0.5735 -0.8179
vn 0.0073 0.6813 -0.7320
vn -0.0730 0.6588 -0.7488
vn -0.4796 0.3128 -0.8198
vn -0.5949 0.1310 -0.7930
vn -0.4214 0.4107 -0.8086
vn -0.0295 0.7761 -0.6300
vn -0.1806 0.6318 -0.7538
vn -0.1772 0.6826 -0.7090
vn 0.0024 0.7375 -0.6753
vn 0.9566 -0.2773 -0.0893
vn 0.9807 0.1537 0.1207
vn 0.9825 0.1616 0.0922
vn 0.9708 0.0137 -0.2396
vn 0.9835 0.1594 -0.0851
vn 0.6095 -0.7352 0.2966
vn 0.7105 -0.6623 0.2378
vn 0.6703 -0.6364 0.3817
vn 0.6199 -0.7832 0.0479
vn 0.6576 -0.7099 -0.2520
vn -0.5280 0.3440 -0.7765
vn -0.0191 0.9235 -0.3832
vn -0.1454 0.8290 -0.5401
vn -0.3230 0.6467 -0.6910
vn -0.3531 0.5269 -0.7731
vn -0.1157 0.7854 -0.6081
vn -0.5654 0.2211 -0.7946
vn -0.0295 0.8913 -0.4524
vn -0.0124 0.8422 -0.5390
vn 0.0130 0.9489 -0.3154
vn -0.8993 -0.1094 -0.4235
vn -0.8975 -0.2581 -0.3576
vn -0.3047 -0.8157 0.4917
vn -0.4124 -0.8106 0.4158
vn -0.4224 -0.8389 0.3432
vn -0.7369 -0.1300 -0.6634
vn -0.2744 -0.9094 0.3127
vn -0.1009 -0.9898 0.1001
vn -0.3108 -0.1955 0.9301
vn -0.2713 -0.5070 0.8182
vn -0.4397 0.0368 -0.8974
vn -0.5360 0.0705 -0.8412
vn -0.1692 0.2654 -0.9492
vn -0.4414 0.1302 -0.8878
vn -0.0853 -0.4619 0.8828
vn -0.0787 -0.1632 0.9835
vn -0.0748 -0.7060 0.7042
vn -0.1730 0.1088 -0.9789
vn -0.2971 0.1698 -0.9396
vn -0.0699 0.2418 -0.9678
vn -0.0775 -0.8811 0.4666
vn -0.0212 -0.9577 0.2869
vn -0.0091 -0.9999 -0.0125
vn -0.0176 0.1138 -0.9933
vn 0.0015 0.1952 -0.9808
vn -0.0177 0.3954 -0.9183
vn 0.0199 0.3048 -0.9522
vn 0.0485 0.2497 -0.9671
vn -0.0278 -0.1833 0.9827
vn -0.0355 -0.4500 0.8923
vn -0.0362 -0.6558 0.7540
vn -0.0309 -0.8248 0.5647
vn 0.0504 0.1885 -0.9808
vn 0.1042 -0.2573 -0.9607
vn 0.0368 -0.5372 -0.8426
vn -0.2485 0.3049 -0.9194
vn -0.0623 0.4797 -0.8752
vn 0.0360 0.4861 -0.8732
vn 0.0369 0.6260 -0.7789
vn -0.0051 0.6352 -0.7723
vn 0.0490 0.5171 -0.8545
vn 0.0745 0.3660 -0.9276
vn 0.0675 0.6549 -0.7527
vn 0.2112 0.9013 0.3782
vn 0.0782 0.4989 0.8631
vn 0.1068 0.8309 0.5461
vn 0.3822 0.9143 -0.1342
vn 0.2109 0.9012 0.3786
vn 0.2065 0.8322 0.5145
vn 0.3267 0.9332 -0.1497
vn 0.2819 0.8072 -0.5187
vn 0.2934 0.9559 -0.0162
vn 0.2988 0.8666 -0.3997
vn 0.1388 -0.0120 0.9902
vn 0.0474 -0.1081 0.9930
vn 0.3820 -0.0988 -0.9189
vn 0.3091 0.1793 -0.9340
vn 0.3477 0.0296 -0.9372
vn 0.4052 -0.9108 -0.0791
vn 0.3600 -0.7253 -0.5868
vn 0.3773 -0.2808 -0.8825
vn 0.2603 -0.8757 0.4067
vn 0.2461 0.3972 -0.8841
vn 0.3526 0.5549 -0.7535
vn 0.1259 -0.3106 0.9422
vn -0.0006 -0.5215 0.8532
vn -0.0070 -0.6867 0.7269
vn 0.1903 -0.4251 -0.8849
vn 0.0669 -0.9912 0.1141
vn 0.1322 -0.8719 -0.4715
vn 0.0267 0.3489 0.9368
vn 0.1859 0.6717 -0.7171
vn 0.2801 -0.0160 -0.9598
vn 0.0774 0.8606 0.5033
vn 0.0449 0.7171 0.6955
vn 0.0932 -0.6897 -0.7180
vn 0.1629 0.9163 -0.3658
vn 0.1352 0.9795 0.1491
vn 0.0929 -0.9743 -0.2051
vn -0.0484 -0.6361 0.7701
vn -0.0415 -0.5218 0.8521
vn -0.0363 -0.7486 0.6620
vn -0.0065 -0.9634 0.2678
vn 0.2726 -0.7219 -0.6361
vn 0.3168 0.9407 -0.1216
vn 0.0491 0.1070 0.9930
vn -0.0929 -0.2305 0.9686
vn 0.1425 0.9311 0.3358
vn 0.1374 0.7196 0.6806
vn 0.0553 0.7982 -0.5998
vn 0.0231 0.8488 -0.5282
vn 0.0154 0.9308 -0.3652
vn -0.0011 0.9986 -0.0527
vn 0.0014 0.9952 -0.0982
vn 0.0040 0.9882 -0.1529
vn -0.0328 0.9936 -0.1077
vn 0.0070 0.9786 -0.2057
vn 0.0091 0.9646 -0.2634
vn 0.0769 0.1087 -0.9911
vn -0.1491 -0.0537 0.9874
vn -0.0893 -0.3573 0.9297
vn -0.0365 -0.6118 0.7902
vn 0.1195 0.2722 -0.9548
vn -0.0028 -0.9524 -0.3047
vn 0.0173 -0.7963 -0.6047
vn 0.0350 -0.4718 -0.8810
vn 0.0208 -0.1931 -0.9810
vn 0.0771 0.5610 -0.8242
vn 0.0927 0.4363 -0.8950
vn 0.0567 0.7036 -0.7084
vn 0.2637 0.9644 -0.0216
vn 0.1352 0.9253 0.3544
vn 0.0124 -0.8717 0.4899
vn 0.0999 -0.9720 0.2127
vn 0.0377 0.5518 0.8331
vn -0.0681 -0.4550 0.8879
vn 0.1505 0.9880 0.0356
vn 0.1166 0.8355 0.5370
vn 0.1670 0.3507 0.9215
vn 0.0617 0.6420 0.7642
vn -0.0092 -0.1135 0.9935
vn -0.1143 0.3216 0.9400
vn -0.0243 -0.9137 0.4057
vn 0.1410 0.9205 0.3645
vn 0.1334 0.9738 0.1842
vn -0.1507 -0.1365 0.9791
vn -0.0481 -0.6042 0.7954
vn -0.0582 -0.4448 0.8938
vn -0.1251 0.3230 0.9381
vn -0.1575 -0.1699 0.9728
vn 0.0132 0.8858 -0.4639
vn 0.0167 0.9171 -0.3983
vn 0.0430 0.8866 -0.4605
vn 0.0612 0.9964 -0.0586
vn -0.0030 0.9999 -0.0127
vn 0.0446 -0.9472 0.3175
vn 0.0370 -0.9993 0.0043
vn 0.1398 -0.2641 0.9543
vn 0.1069 -0.5871 0.8024
vn 0.1515 0.0533 -0.9870
vn 0.2934 0.0209 -0.9558
vn 0.0294 -0.7794 0.6258
vn 0.1249 0.1554 -0.9799
vn 0.3274 0.1431 -0.9340
vn 0.3084 -0.2566 0.9160
vn 0.7267 -0.1565 -0.6689
vn 0.9878 -0.1483 -0.0474
vn 0.3158 -0.3727 0.8726
vn 0.2456 -0.9420 0.2287
vn 0.3376 -0.8767 0.3425
vn 0.6425 -0.0684 -0.7632
vn 0.7624 -0.3792 -0.5243
vn 0.5737 0.0430 -0.8179
vn 0.5171 0.0556 -0.8541
vn 0.2516 0.2562 -0.9333
vn 0.3917 -0.9201 -0.0041
vn 0.7316 -0.5119 -0.4502
vn 0.8337 -0.3239 -0.4473
vn 0.2295 -0.9579 -0.1723
vn 0.4603 -0.6648 -0.5884
vn 0.1994 -0.8753 -0.4405
vn 0.6418 -0.2496 -0.7251
vn 0.6320 -0.0557 -0.7729
vn 0.0585 -0.9495 -0.3083
vn 0.0162 -0.6635 -0.7480
vn 0.0474 -0.8411 -0.5388
vn 0.0319 -0.6899 -0.7232
vn 0.0246 -0.2583 -0.9657
vn 0.0881 -0.5303 -0.8432
vn 0.1173 0.5909 -0.7982
vn 0.2161 0.3301 -0.9189
vn 0.1571 0.4370 -0.8856
vn 0.4036 0.1578 -0.9012
vn 0.3752 0.2406 -0.8952
vn 0.3132 0.3849 -0.8682
vn 0.0445 0.7599 -0.6485
vn 0.2366 0.9347 0.2653
vn 0.2648 0.8445 0.4655
vn 0.2463 0.6162 0.7481
vn 0.0777 0.7246 0.6847
vn 0.1081 0.9861 0.1264
vn 0.0337 0.1576 0.9869
vn -0.0397 -0.8067 0.5896
vn -0.0370 -0.8845 0.4652
vn -0.0243 0.4006 0.9159
vn -0.0180 0.8012 0.5981
vn -0.0304 0.0079 0.9995
vn 0.0742 0.4497 0.8901
vn -0.0439 -0.2545 0.9661
vn 0.0143 0.9681 0.2501
vn -0.0418 0.7602 0.6484
vn 0.0378 0.9484 0.3147
vn 0.0798 0.9772 0.1965
vn -0.0543 0.4730 0.8794
vn -0.0466 -0.6591 0.7506
vn -0.0410 -0.7622 0.6460
vn -0.0241 -0.0196 0.9995
vn -0.0495 -0.5298 0.8467
vn 0.0774 0.8447 -0.5296
vn 0.4872 -0.5926 -0.6415
vn 0.6216 -0.2054 -0.7559
vn 0.4809 -0.4947 -0.7239
vn 0.5929 -0.1835 -0.7841
vn 0.6246 -0.0511 -0.7793
vn 0.3393 -0.7015 -0.6267
vn 0.2046 -0.6901 -0.6942
vn 0.1942 -0.1666 -0.9667
vn 0.3932 -0.4507 -0.8014
vn 0.4005 -0.3259 -0.8564
vn 0.5178 -0.1329 -0.8451
vn 0.6106 -0.0412 -0.7909
vn 0.4289 -0.0350 -0.9027
vn 0.6259 0.0353 -0.7791
vn 0.5287 0.1346 -0.8381
vn 0.5212 0.1834 -0.8335
vn 0.3136 0.4410 -0.8409
vn 0.1453 0.6088 -0.7799
vn 0.6058 0.0243 -0.7952
vn 0.1539 0.7124 -0.6847
vn 0.5068 0.1955 -0.8396
vn 0.3066 0.4590 -0.8339
vn 0.1231 0.6661 -0.7356
vn 0.3629 0.4461 -0.8181
vn 0.5661 0.1290 -0.8142
vn 0.6188 0.0170 -0.7854
vn 0.5480 0.1725 -0.8185
vn 0.6104 0.1020 -0.7855
vn 0.0068 0.3427 0.9394
vn 0.0472 0.6735 0.7376
vn 0.0068 0.9089 0.4169
vn 0.0525 0.8310 0.5538
vn -0.0473 -0.2659 0.9628
vn 0.0472 0.4733 0.8796
vn -0.0520 -0.3743 0.9258
vn 0.1517 0.8941 0.4214
vn 0.1129 0.8982 0.4248
vn 0.0951 0.9651 0.2441
vn 0.0645 0.6665 0.7427
vn -0.0008 0.1723 0.9850
vn -0.0071 0.3532 0.9355
vn 0.0236 0.8288 0.5591
vn 0.3084 0.5748 -0.7580
vn 0.4492 0.3643 -0.8157
vn 0.3967 0.4549 -0.7974
vn 0.2156 0.7366 -0.6411
vn 0.0853 0.8007 -0.5929
vn 0.5125 0.2860 -0.8096
vn 0.3727 0.5155 -0.7716
vn 0.1312 0.8077 -0.5748
vn 0.0564 0.9013 -0.4296
vn 0.0624 0.9623 -0.2646
vn 0.0398 0.9523 -0.3025
vn 0.0409 0.9937 -0.1039
vn 0.0838 0.9106 -0.4046
vn 0.1020 0.9753 -0.1958
vn 0.0304 0.9842 -0.1746
vn 0.6213 0.0125 -0.7835
vn -0.0226 0.5781 0.8156
vn -0.1385 0.0038 0.9904
vn -0.0761 -0.1844 0.9799
vn 0.0478 0.9474 0.3163
vn 0.0011 0.6996 0.7146
vn -0.0445 0.4361 0.8988
vn -0.0846 0.1928 0.9776
vn 0.0345 0.7658 0.6421
vn 0.0473 0.8853 0.4626
vn -0.0509 0.1124 0.9924
vn 0.0002 -0.1294 0.9916
vn -0.0012 0.5132 0.8583
vn 0.0043 -0.6059 0.7955
vn -0.0054 -0.4660 0.8848
vn 0.0090 -0.7140 0.7001
vn 0.2499 0.7645 -0.5942
vn 0.5119 0.3944 -0.7632
vn 0.6107 0.0941 -0.7862
vn 0.5277 0.2932 -0.7972
vn 0.5625 0.1539 -0.8124
vn 0.3866 0.5331 -0.7525
vn 0.3492 0.6110 -0.7104
vn 0.1504 0.8443 -0.5144
vn 0.5192 0.3486 -0.7803
vn 0.1284 0.9269 -0.3527
vn 0.4246 0.4415 -0.7905
vn 0.6289 0.1591 -0.7610
vn 0.2025 0.9322 -0.3001
vn 0.6059 0.3385 -0.7199
vn 0.3019 0.8677 -0.3948
vn 0.6326 0.0533 -0.7726
vn 0.6246 0.2367 -0.7442
vn 0.5890 0.3841 -0.7110
vn 0.4628 0.6702 -0.5802
vn 0.2135 0.9193 -0.3307
vn 0.6369 0.0276 -0.7704
vn 0.0094 0.2665 0.9638
vn 0.0102 -0.3321 0.9432
vn 0.0252 0.6289 0.7771
vn 0.0417 0.4306 0.9016
vn 0.0003 0.6528 0.7575
vn 0.2428 0.7665 0.5945
vn 0.7530 0.0244 -0.6576
vn 0.3583 0.4540 0.8158
vn 0.8106 0.0952 -0.5778
vn 0.2804 0.1241 0.9518
vn 0.2832 -0.2598 0.9232
vn 0.0208 0.0290 0.9994
vn 0.2000 -0.4967 0.8446
vn 0.2838 -0.6839 0.6721
vn 0.6205 0.2491 -0.7436
vn 0.4795 0.6609 -0.5773
vn 0.1749 0.9438 -0.2806
vn 0.5864 0.2449 -0.7721
vn 0.4393 0.6648 -0.6041
vn 0.6100 0.2015 -0.7664
vn 0.4729 0.6199 -0.6262
vn 0.2945 0.8867 -0.3563
vn 0.1282 0.9690 -0.2110
vn 0.6410 0.1825 -0.7455
vn 0.5224 0.5870 -0.6185
vn 0.2630 0.8847 -0.3850
vn 0.6853 0.1750 -0.7070
vn 0.5221 0.5914 -0.6145
vn 0.1431 0.9691 -0.2008
vn 0.3765 0.8951 -0.2388
vn 0.1097 0.9870 -0.1171
vn 0.6768 0.0188 -0.7359
vn 0.2235 0.9019 -0.3695
vn 0.5990 0.4810 -0.6402
vn 0.4634 0.7933 -0.3950
vn 0.7553 0.3916 -0.5256
vn 0.7152 0.5879 -0.3779
vn 0.8711 0.3214 -0.3714
vn 0.1875 0.9761 -0.1103
vn -0.9984 0.0154 0.0550
vn -0.9996 -0.0175 0.0205
vn -0.9699 0.0197 0.2427
vn -0.8845 0.0237 0.4660
vn -0.5917 0.0274 0.8057
vn -0.7503 0.0279 0.6605
vn -0.3959 0.0275 0.9179
vn -0.2094 0.0263 0.9775
vn -0.0767 0.0583 0.9953
vn -0.0596 0.0773 0.9952
vn -0.9991 0.0142 0.0402
vn -0.9990 0.0141 -0.0435
vn -0.9388 0.0855 0.3336
vn -0.8540 0.0662 0.5160
vn -0.7395 0.0712 0.6693
vn -0.5892 0.1123 0.8001
vn -0.4005 0.1137 0.9092
vn -0.1692 0.1573 0.9729
vn -0.9803 0.1738 0.0934
vn -0.9994 -0.0055 -0.0343
vn -0.6725 0.6547 0.3451
vn -0.9756 0.2167 -0.0349
vn -0.7072 0.2238 0.6707
vn -0.8352 0.4789 -0.2703
vn -0.7302 0.6623 -0.1677
vn -0.4211 0.5371 0.7309
vn -0.1605 0.9856 -0.0537
vn -0.3560 0.3538 0.8649
vn -0.1591 0.9856 0.0568
vn -0.1298 0.4492 0.8840
vn -0.0782 0.8587 0.5065
vn -0.1457 0.9031 0.4041
vn -0.1299 0.7212 0.6805
vn -0.0330 0.9055 0.4231
vn -0.0049 0.9999 0.0137
vn -0.0222 0.9863 0.1636
vn -0.0509 0.6328 0.7726
vn -0.0397 0.7928 0.6081
vn -0.0791 0.2347 0.9689
vn -0.0796 0.4718 0.8781
vn -0.0222 0.9170 0.3983
vn -0.0740 0.3809 0.9217
vn -0.0778 0.1706 0.9823
vn -0.0489 0.5781 0.8145
vn -0.0259 0.8488 0.5280
vn -0.0576 0.0673 0.9961
vn -0.0425 0.4195 0.9067
vn -0.0491 0.6851 0.7268
vn -0.0357 0.7638 0.6445
vn -0.0169 0.9740 0.2261
vn -0.0091 0.9990 0.0433
vn 0.1614 -0.0133 -0.9868
vn 0.9837 -0.1590 0.0839
vn 0.7711 0.3660 0.5211
vn 0.8793 -0.1891 0.4372
vn 0.9916 0.0359 -0.1245
vn 0.9899 0.1350 -0.0426
vn 0.9559 -0.2522 -0.1507
vn 0.9117 -0.4057 0.0645
vn 0.3224 0.6468 -0.6912
vn 0.3434 0.7613 0.5501
vn 0.4255 0.8760 0.2273
vn 0.2212 0.9509 0.2166
vn 0.1691 0.6811 -0.7124
vn 0.2400 0.9002 -0.3635
vn 0.3208 0.5938 -0.7379
vn 0.2460 -0.3980 -0.8838
vn 0.4824 0.4715 0.7382
vn 0.6207 -0.0284 0.7836
vn 0.3232 -0.4604 -0.8268
vn 0.1196 -0.7226 -0.6809
vn 0.2049 -0.4267 -0.8809
vn 0.3187 -0.1527 -0.9355
vn 0.5748 -0.3316 0.7481
vn 0.1803 -0.8741 -0.4511
vn 0.2699 0.3026 -0.9141
vn 0.1887 0.3342 -0.9234
vn 0.1132 0.9408 -0.3194
vn 0.2965 0.0326 -0.9545
vn 0.1648 -0.9567 -0.2399
vn 0.4028 -0.9142 -0.0450
vn 0.3484 -0.9368 0.0333
vn 0.0771 -0.8551 -0.5127
vn 0.1965 -0.9647 -0.1751
vn 0.3200 0.8213 -0.4723
vn 0.3143 0.7156 0.6238
vn 0.1522 0.4226 -0.8934
vn 0.2192 0.5682 -0.7932
vn 0.4555 -0.1450 -0.8784
vn 0.4208 0.2651 0.8675
vn 0.3366 -0.9107 -0.2396
vn 0.9888 -0.1346 0.0651
vn 0.9888 -0.1339 0.0656
vn 0.9895 -0.1247 0.0726
vn 0.3806 -0.2191 0.8984
vn 0.1213 -0.9919 -0.0372
vn 0.1613 -0.9486 0.2724
vn 0.2814 -0.9452 0.1658
vn -0.0683 0.2134 0.9746
vn -0.0258 0.8983 0.4386
vn -0.0527 0.0486 0.9974
vn 0.2501 0.4969 -0.8310
vn 0.1004 0.9653 0.2412
vn 0.5347 0.2595 -0.8042
vn 0.3832 0.4244 -0.8204
vn 0.1794 0.6215 -0.7626
vn 0.7019 0.2594 -0.6634
vn 0.4830 0.5750 0.6604
vn 0.3665 0.8932 0.2604
vn 0.0559 -0.4410 -0.8958
vn 0.0473 -0.1795 -0.9826
vn 0.1981 0.6931 -0.6931
vn 0.1507 0.9496 0.2748
vn 0.1667 0.4753 -0.8639
vn 0.5785 0.4288 -0.6939
vn 0.0796 0.9833 -0.1638
vn 0.2882 0.5392 -0.7913
vn 0.0704 -0.9972 0.0269
vn 0.0187 -0.8542 -0.5195
vn 0.0252 -0.9359 -0.3513
vn 0.3284 0.9371 -0.1182
vn 0.0850 0.9909 0.1044
vn 0.0178 -0.9853 -0.1698
vn 0.2117 0.9052 0.3684
vn 0.2032 0.9020 0.3808
vn 0.2779 0.7826 -0.5571
vn 0.3121 0.9498 0.0199
vn 0.1102 0.9909 -0.0769
vn 0.1867 -0.2775 -0.9424
vn 0.0336 -0.7279 -0.6849
vn 0.0429 -0.5677 -0.8221
vn 0.0148 -0.9794 0.2014
vn -0.0044 -0.9996 0.0268
vn 0.2792 0.9548 -0.1019
vn 0.1496 0.9372 -0.3152
vn 0.3005 0.2879 -0.9093
vn 0.1595 0.4609 -0.8730
vn 0.1631 0.8731 0.4595
vn 0.2225 0.3143 -0.9229
vn 0.3321 0.4106 -0.8492
vn 0.3319 0.6772 -0.6567
vn 0.1564 -0.0597 -0.9859
vn 0.2480 0.7174 -0.6510
vn 0.3272 0.9126 -0.2452
vn 0.0420 0.9928 0.1126
vn 0.4561 0.2831 -0.8437
vn 0.3139 0.2765 -0.9083
vn 0.0781 0.5894 -0.8041
vn 0.7532 0.3296 -0.5692
vn 0.2733 0.8697 0.4110
vn 0.2922 0.9258 0.2399
vn 0.1422 0.9882 0.0571
vn 0.2218 0.3777 -0.8990
vn 0.1761 0.4910 -0.8532
vn 0.5459 0.4038 -0.7341
vn 0.1153 0.9610 0.2512
vn 0.0533 0.9723 -0.2275
vn -0.0411 0.6770 0.7349
vn -0.0736 0.4998 0.8630
vn -0.0137 0.9898 0.1417
vn -0.0209 0.9217 0.3872
vn -0.0276 0.8296 0.5577
vn -0.0102 0.9981 0.0610
vn -0.0549 0.3522 0.9343
vn -0.0725 0.1591 0.9846
vn -0.0426 0.3878 0.9207
vn 0.0577 0.9884 0.1403
vn 0.0303 -0.2830 -0.9586
vn -0.0260 -0.9560 0.2923
vn 0.1864 0.9819 -0.0322
vn 0.1571 0.9340 -0.3209
vn 0.4127 0.2120 -0.8858
vn 0.2603 0.4518 -0.8533
vn 0.6911 0.3561 -0.6290
vn 0.5414 0.4095 -0.7343
vn 0.0517 0.9248 -0.3770
vn 0.1283 0.0281 -0.9913
vn 0.1328 0.6228 -0.7710
vn 0.0244 -0.7233 -0.6901
vn 0.0169 -0.8195 -0.5728
vn -0.0163 -0.9942 0.1065
vn 0.1855 0.6245 -0.7587
vn 0.2209 0.9266 -0.3042
vn 0.3337 0.9106 -0.2439
vn 0.1397 0.9474 -0.2880
vn 0.0769 0.9951 0.0620
vn -0.0092 -0.9970 -0.0766
vn 0.2194 0.9733 0.0672
vn 0.1514 0.8906 -0.4288
vn 0.1230 0.0888 -0.9884
vn 0.2242 -0.0265 -0.9742
vn 0.2759 -0.1892 -0.9424
vn 0.3001 0.8824 0.3623
vn 0.0036 -0.9628 -0.2702
vn 0.0089 -0.9035 -0.4284
vn 0.1888 0.9810 0.0452
vn 0.0847 0.5497 -0.8310
vn 0.2359 0.9468 0.2191
vn 0.2626 0.9167 0.3011
vn 0.3619 0.9265 0.1031
vn 0.2574 0.9379 0.2327
vn 0.4111 0.7658 -0.4945
vn 0.1473 -0.0919 -0.9848
vn 0.0585 0.1369 -0.9889
vn 0.0341 -0.5920 -0.8052
vn 0.0641 -0.3931 -0.9173
vn 0.0665 0.7828 -0.6188
vn 0.1965 0.9352 -0.2947
vn 0.1041 0.9945 0.0058
vn 0.3199 0.9474 -0.0098
vn 0.2682 0.0827 -0.9598
vn 0.1661 0.9605 0.2234
vn 0.1377 0.2179 -0.9662
vn 0.3881 0.5097 -0.7679
vn 0.3202 0.4610 -0.8276
vn 0.3541 0.9206 0.1646
vn 0.0665 0.9513 -0.3011
vn 0.1249 0.4998 -0.8571
vn 0.1280 0.3896 -0.9120
vn 0.0721 0.9813 -0.1786
vn 0.0559 -0.1936 -0.9795
vn 0.1259 0.9516 0.2802
vn -0.0032 1.0000 -0.0078
vn -0.0402 0.5927 0.8044
vn -0.0356 0.7451 0.6660
vn -0.0279 0.8821 0.4702
vn -0.0183 0.9692 0.2458
vn -0.0491 0.1057 0.9932
vn -0.0474 0.1897 0.9807
vn 0.0779 0.9958 0.0491
vn 0.1402 0.9753 -0.1708
vn 0.0802 0.9562 -0.2814
vn 0.1194 0.8152 -0.5668
vn 0.1084 0.5454 -0.8311
vn 0.2604 0.3727 -0.8906
vn 0.1329 0.7602 -0.6359
vn 0.3904 0.1456 -0.9090
vn 0.1768 0.4301 -0.8853
vn 0.0853 0.9695 -0.2298
vn 0.1984 0.5918 -0.7813
vn 0.3437 0.5236 -0.7796
vn 0.0278 -0.6636 -0.7475
vn 0.0445 -0.5546 -0.8309
vn 0.3420 0.8223 0.4548
vn 0.2637 0.9625 0.0635
vn 0.1609 -0.1580 -0.9742
vn 0.1458 0.2606 -0.9544
vn 0.0942 -0.3075 -0.9469
vn -0.0019 -0.9857 -0.1686
vn 0.1212 0.9286 -0.3506
vn 0.1946 0.7055 -0.6815
vn 0.2182 0.9585 -0.1834
vn 0.2296 0.8244 -0.5173
vn 0.2723 0.9595 -0.0729
vn 0.0826 0.4576 -0.8853
vn 0.1471 0.1952 -0.9697
vn 0.0119 -0.9340 -0.3571
vn 0.1214 0.7866 -0.6054
vn 0.2375 0.7328 -0.6377
vn 0.0943 0.8899 -0.4463
vn 0.0948 0.9732 -0.2095
vn 0.1690 0.9763 -0.1350
vn 0.2605 0.9287 -0.2639
vn 0.0146 -0.8710 -0.4911
vn -0.0384 -0.8429 0.5367
vn -0.0326 -0.9165 0.3986
vn -0.0206 -0.9760 0.2166
vn 0.2633 0.8266 -0.4975
vn 0.0489 0.4178 -0.9072
vn 0.0489 0.6872 -0.7248
vn -0.0144 0.9873 0.1582
vn -0.0258 0.7773 0.6286
vn -0.0744 0.4284 0.9005
vn -0.0699 0.1672 0.9835
vn -0.0552 0.6513 0.7568
vn -0.0777 0.3370 0.9383
vn -0.0488 0.5496 0.8340
vn 0.0618 0.9978 0.0241
vn 0.0664 0.9836 0.1679
vn 0.0773 0.9961 -0.0428
vn 0.1122 0.9223 -0.3698
vn 0.0922 0.8631 -0.4965
vn 0.0375 -0.4791 -0.8769
vn 0.0880 0.9844 0.1520
vn 0.1886 0.8101 -0.5551
vn 0.0213 -0.7832 -0.6214
vn 0.0452 -0.2445 -0.9686
vn 0.0512 0.0537 -0.9972
vn 0.0715 0.9723 0.2227
vn 0.0886 0.9620 -0.2581
vn 0.1288 0.8783 -0.4604
vn 0.0909 0.6516 -0.7531
vn 0.1148 0.7881 -0.6048
vn 0.0571 0.9062 0.4189
vn 0.1109 0.3638 -0.9249
vn 0.0810 -0.0321 -0.9962
vn 0.0058 -0.8088 0.5881
vn 0.0680 -0.6441 -0.7619
vn -0.0134 -0.9996 0.0250
vn 0.0471 -0.9909 0.1264
vn 0.1386 0.8323 -0.5367
vn 0.1246 0.9001 -0.4174
vn 0.1520 0.7843 -0.6015
vn 0.1475 0.6277 -0.7644
vn 0.0648 -0.7461 -0.6627
vn 0.0603 -0.8209 -0.5678
vn 0.0032 -0.9562 -0.2928
vn 0.0865 -0.9042 -0.4183
vn -0.0195 0.9197 0.3921
vn 0.0120 0.9973 0.0723
vn 0.0332 0.9994 -0.0034
vn -0.0215 0.9581 0.2856
vn -0.0340 0.8594 0.5102
vn -0.0217 0.1776 0.9839
vn -0.0246 0.7389 0.6734
vn 0.0524 0.9750 0.2158
vn 0.1058 0.9939 0.0321
vn 0.1148 0.9835 -0.1395
vn 0.0679 0.9901 -0.1226
vn 0.0322 0.8542 0.5190
vn 0.0817 0.9400 0.3312
vn 0.4185 0.8482 0.3246
vn 0.3507 0.9365 -0.0050
vn 0.1647 0.9371 -0.3079
vn 0.4183 0.8945 -0.1577
vn 0.0454 -0.2899 -0.9560
vn 0.1164 -0.5210 -0.8456
vn 0.0458 -0.9969 -0.0645
vn 0.1154 0.1969 -0.9736
vn 0.1512 0.4883 -0.8595
vn 0.1469 0.7074 -0.6914
vn 0.2698 0.8110 -0.5191
vn 0.0026 -0.8920 0.4521
vn 0.0268 -0.9505 0.3094
vn 0.1551 0.4449 -0.8820
vn 0.1353 -0.1754 -0.9752
vn 0.1666 -0.3833 -0.9085
vn 0.0863 0.9683 -0.2343
vn 0.2047 0.6760 -0.7079
vn 0.1782 0.1167 -0.9770
vn 0.4206 0.4308 -0.7984
vn 0.4056 0.1255 -0.9054
vn 0.3696 -0.2142 -0.9042
vn 0.5637 0.6104 -0.5565
vn 0.4898 0.7805 -0.3884
vn 0.4302 0.6548 -0.6214
vn 0.5184 -0.5261 -0.6741
vn 0.2142 -0.8277 0.5187
vn 0.3417 -0.8732 -0.3475
vn 0.2868 -0.7340 -0.6156
vn 0.2880 -0.6056 -0.7418
vn 0.2888 -0.8963 0.3364
vn 0.2990 -0.9534 0.0395
vn 0.0564 -0.9753 -0.2136
vn -0.0019 0.0587 0.9983
vn 0.2638 0.1151 0.9577
vn 0.1254 0.0934 0.9877
vn 0.1409 0.1279 0.9817
vn 0.4760 0.0715 0.8765
vn 0.3321 0.1054 0.9373
vn 0.8380 0.0911 0.5381
vn 0.5616 0.1233 -0.8182
vn 0.9772 0.0936 0.1905
vn 0.8792 0.2036 0.4308
vn 0.6052 -0.3188 -0.7294
vn 0.8239 -0.1203 0.5537
vn 0.9563 -0.1535 0.2487
vn 0.8140 -0.1847 0.5507
vn 0.6679 -0.0393 0.7433
vn 0.5585 0.0771 0.8259
vn 0.7297 0.0424 0.6825
vn 0.1500 0.9614 0.2308
vn 0.2222 0.9744 0.0341
vn 0.0531 0.3478 0.9361
vn 0.0195 0.5636 0.8258
vn 0.0149 0.8676 0.4970
vn 0.3917 0.3552 0.8487
vn 0.1011 0.5864 0.8037
vn 0.7431 0.2843 0.6058
vn 0.2742 0.7489 0.6033
vn 0.7406 -0.6544 -0.1528
vn 0.9666 -0.2545 -0.0301
vn 0.9986 0.0363 -0.0373
vn 0.9834 -0.0093 -0.1812
vn 0.9625 -0.0160 -0.2707
vn 0.9621 0.1103 0.2492
vn 0.9856 -0.0072 0.1687
vn 0.3804 0.0375 0.9241
vn 0.4992 0.4263 0.7543
vn 0.9846 -0.0225 -0.1736
vn 0.4275 -0.3616 0.8286
vn 0.9970 -0.0760 -0.0125
vn 0.9418 -0.1138 0.3162
vn 0.9342 -0.0163 -0.3564
vn 0.9896 0.0191 -0.1425
vn 0.9718 -0.0004 -0.2359
vn 0.9998 0.0182 0.0082
vn 0.9975 0.0245 -0.0670
vn 0.7376 -0.6745 0.0322
vn 0.7348 -0.6597 0.1578
vn 0.9994 -0.0283 0.0207
vn 0.9960 -0.0368 -0.0809
vn 0.9937 0.0902 0.0668
vn 0.9917 0.0884 0.0931
vn 0.9668 0.2268 0.1181
vn 0.9203 0.3895 0.0372
vn 0.5550 0.8311 0.0370
vn 0.9951 0.0778 0.0614
vn 0.6733 0.6768 -0.2976
vn 0.9526 0.2524 0.1700
vn 0.9542 0.2096 0.2135
vn 0.9767 0.1712 0.1294
vn 0.4652 0.6551 0.5953
vn 0.5687 0.7417 0.3555
vn 0.6087 0.6987 -0.3760
vn 0.7629 -0.4588 0.4556
vn 0.4323 -0.7252 -0.5359
vn 0.4512 -0.6795 -0.5785
vn 0.9735 -0.1705 0.1521
vn 0.7661 -0.5507 0.3314
vn 0.4810 -0.8075 -0.3414
vn 0.4954 -0.7394 -0.4559
vn 0.9930 -0.1051 0.0536
vn 0.9894 -0.1367 -0.0497
vn 0.9599 -0.2614 -0.1014
vn 0.9695 -0.2023 0.1386
vn 0.8578 -0.5011 0.1143
vn 0.6153 -0.7484 -0.2475
vn 0.9659 -0.2589 0.0006
vn 0.9308 -0.3462 -0.1172
vn 0.9655 -0.2467 0.0835
vn 0.9927 -0.1025 0.0641
vn 0.9977 -0.0338 0.0591
vn 0.9595 -0.0874 0.2679
vn 0.9088 -0.2014 0.3654
vn 0.9294 0.0065 0.3690
vn 0.9831 0.1640 0.0815
vn 0.9972 0.0512 0.0539
vn 0.5104 0.3652 0.7786
vn 0.7699 0.5180 0.3728
vn 0.9459 0.0737 -0.3159
vn 0.5034 -0.0367 0.8633
vn 0.9759 -0.0276 -0.2163
vn 0.9963 -0.0835 0.0225
vn 0.9221 -0.0218 0.3864
vn 0.8075 -0.2733 0.5227
vn 0.7386 -0.4727 0.4807
vn 0.9563 -0.1937 0.2188
vn 0.8855 0.0691 -0.4595
vn 0.9909 -0.0476 -0.1260
vn 0.9803 -0.1715 0.0983
vn 0.9818 0.0995 -0.1615
vn 0.9990 -0.0433 -0.0114
vn 0.9137 0.4057 -0.0255
vn 0.9128 0.3759 -0.1600
vn 0.6395 0.7226 -0.2624
vn 0.2219 0.9726 -0.0693
vn 0.6008 0.7982 -0.0449
vn 0.9975 0.0109 0.0699
vn 0.9882 0.0965 0.1191
vn 0.9950 0.0980 0.0199
vn 0.9859 0.1570 0.0585
vn 0.8944 0.4396 0.0827
vn 0.7155 0.6985 0.0110
vn 0.9539 0.2988 -0.0289
vn 0.8628 0.4866 -0.1371
vn 0.9218 0.1761 0.3453
vn 0.9344 0.3124 -0.1714
vn 0.5242 0.6321 -0.5706
vn 0.5158 -0.6180 -0.5934
vn 0.4417 -0.6705 -0.5961
vn 0.6314 -0.6487 0.4249
vn 0.9350 -0.2980 0.1922
vn 0.7473 -0.6053 0.2742
vn 0.4623 -0.8845 0.0632
vn 0.5310 -0.7883 -0.3110
vn 0.9862 -0.1651 0.0155
vn 0.9536 -0.2487 -0.1699
vn 0.9368 -0.3442 -0.0619
vn 0.9896 -0.1285 0.0639
vn 0.9881 0.1537 -0.0112
vn 0.5797 0.6066 -0.5440
vn 0.7308 0.2757 0.6244
vn 0.6269 -0.7130 -0.3140
vn 0.8989 -0.0536 0.4349
vn 0.9917 -0.1177 -0.0524
vn 0.7521 -0.1400 0.6440
vn 0.9583 -0.2720 0.0880
vn 0.8719 -0.4890 0.0253
vn 0.9658 0.0389 0.2564
vn 0.9912 -0.0530 0.1216
vn 0.9927 0.1166 -0.0297
vn 0.9941 0.0843 0.0688
vn 0.9317 0.3244 0.1634
vn 0.6300 0.6612 0.4075
vn 0.6493 0.7596 0.0384
vn 0.8615 0.0882 0.5001
vn -0.6494 -0.0907 -0.7551
vn -0.0215 0.7619 0.6473
vn -0.0229 -0.9940 -0.1067
vn -0.0272 0.6944 0.7191
vn -0.6254 0.4265 -0.6534
vn -0.4193 0.2589 0.8701
vn 0.1545 0.0700 0.9855
vn 0.9941 0.1023 -0.0365
vn 0.6370 0.4875 -0.5971
vn 0.5535 -0.4973 -0.6680
vn -0.6294 -0.7718 0.0902
vn -0.0329 -0.9933 0.1106
vn -0.2982 -0.9244 -0.2379
vn -0.9875 -0.1539 -0.0330
vn -0.9759 -0.2159 -0.0317
vn 0.0448 0.6849 -0.7272
vn -0.0027 -0.9807 -0.1953
vn 0.0100 -0.7064 0.7077
vn -0.6165 0.1039 -0.7805
vn 0.9745 0.1229 0.1878
vn 0.8792 -0.3785 -0.2895
vn -0.4334 -0.2630 0.8620
vn 0.9470 0.2346 -0.2193
vn 0.9855 -0.0895 -0.1444
vn 0.1362 -0.1017 -0.9855
vn 0.9881 -0.1415 0.0598
vn 0.5633 0.8037 -0.1917
vn 0.7292 0.3015 -0.6143
vn 0.1206 0.9912 0.0541
vn 0.0623 0.9515 -0.3013
vn 0.7550 -0.5809 -0.3044
vn 0.9392 0.0160 0.3429
vn 0.9991 -0.0411 0.0050
vn 0.9870 0.1578 -0.0320
vn 0.9521 0.1617 0.2596
vn 0.9939 -0.0861 -0.0683
vt 0.155265 0.517587
vt 0.149203 0.513004
vt 0.157446 0.512789
vt 0.148806 0.524875
vt 0.146655 0.518092
vt 0.160105 0.524413
vt 0.141302 0.513309
vt 0.138540 0.518514
vt 0.701204 0.484555
vt 0.696211 0.489198
vt 0.693591 0.477648
vt 0.133700 0.513649
vt 0.140945 0.526011
vt 0.130387 0.519925
vt 0.688483 0.481991
vt 0.686092 0.470817
vt 0.126146 0.514070
vt 0.681045 0.475004
vt 0.678565 0.463982
vt 0.123574 0.519339
vt 0.118679 0.514619
vt 0.116210 0.519811
vt 0.186117 0.515840
vt 0.186991 0.512560
vt 0.195761 0.511384
vt 0.204197 0.520929
vt 0.203129 0.515209
vt 0.740285 0.504468
vt 0.733475 0.508805
vt 0.730301 0.505968
vt 0.166759 0.524322
vt 0.166682 0.516120
vt 0.174279 0.524611
vt 0.188188 0.526341
vt 0.734896 0.499245
vt 0.716218 0.498337
vt 0.166417 0.512753
vt 0.714912 0.489091
vt 0.713086 0.502333
vt 0.709177 0.491520
vt 0.704282 0.496105
vt 0.106713 0.528217
vt 0.196076 0.529993
vt 0.192254 0.543383
vt 0.202377 0.534812
vt 0.324196 0.927312
vt 0.334938 0.932376
vt 0.320838 0.931657
vt 0.188430 0.547326
vt 0.180747 0.540773
vt 0.345060 0.932632
vt 0.332723 0.928026
vt 0.342995 0.928935
vt 0.172276 0.555277
vt 0.178361 0.554495
vt 0.184945 0.550230
vt 0.873695 0.508053
vt 0.871456 0.503682
vt 0.877463 0.503137
vt 0.184764 0.557557
vt 0.178923 0.580311
vt 0.183302 0.568013
vt 0.173702 0.592457
vt 0.184705 0.579401
vt 0.331660 0.919223
vt 0.338537 0.920601
vt 0.335658 0.919003
vt 0.877382 0.495592
vt 0.874359 0.494790
vt 0.884917 0.497332
vt 0.883818 0.503761
vt 0.894232 0.503184
vt 0.895016 0.497879
vt 0.905653 0.503668
vt 0.905430 0.498269
vt 0.884805 0.489621
vt 0.895102 0.490724
vt 0.904040 0.489585
vt 0.910491 0.491026
vt 0.893153 0.444355
vt 0.898636 0.444205
vt 0.878842 0.456052
vt 0.886711 0.455706
vt 0.164656 0.764720
vt 0.154438 0.531418
vt 0.086891 0.761607
vt 0.146699 0.765249
vt 0.190125 0.594996
vt 0.190640 0.590155
vt 0.195108 0.594685
vt 0.201689 0.600912
vt 0.189480 0.603503
vt 0.195170 0.605726
vt 0.186962 0.586742
vt 0.922406 0.948417
vt 0.921056 0.951761
vt 0.916139 0.949650
vt 0.181805 0.597251
vt 0.927393 0.952112
vt 0.936146 0.947516
vt 0.945336 0.950380
vt 0.944833 0.946024
vt 0.189834 0.670529
vt 0.916781 0.943059
vt 0.909769 0.945841
vt 0.912073 0.940094
vt 0.925431 0.939404
vt 0.930317 0.939526
vt 0.935285 0.939259
vt 0.813671 0.504394
vt 0.805349 0.495611
vt 0.810664 0.495939
vt 0.816920 0.496314
vt 0.917876 0.934750
vt 0.920570 0.902888
vt 0.809374 0.452778
vt 0.815015 0.440190
vt 0.082672 0.529546
vt 0.089610 0.520930
vt 0.093944 0.526666
vt 0.638794 0.420893
vt 0.640230 0.432386
vt 0.632847 0.422264
vt 0.680597 0.813326
vt 0.682557 0.801376
vt 0.685016 0.811044
vt 0.630284 0.408921
vt 0.629918 0.425062
vt 0.624320 0.418933
vt 0.629018 0.414240
vt 0.617258 0.408743
vt 0.537568 0.416709
vt 0.542020 0.405836
vt 0.542721 0.415806
vt 0.673648 0.468068
vt 0.670979 0.459493
vt 0.695277 0.465892
vt 0.680502 0.453633
vt 0.113029 0.516657
vt 0.663702 0.451910
vt 0.660653 0.457331
vt 0.656263 0.448418
vt 0.670151 0.452308
vt 0.666329 0.461200
vt 0.105405 0.519679
vt 0.102630 0.515814
vt 0.108277 0.514610
vt 0.076242 0.790774
vt 0.078546 0.795347
vt 0.069511 0.795347
vt 0.098458 0.520524
vt 0.649298 0.440380
vt 0.095202 0.516648
vt 0.101099 0.514591
vt 0.654101 0.431007
vt 0.664582 0.434762
vt 0.645112 0.422860
vt 0.654831 0.365985
vt 0.673782 0.398564
vt 0.663933 0.397102
vt 0.906092 0.441260
vt 0.885769 0.436620
vt 0.892065 0.431021
vt 0.899066 0.429469
vt 0.325469 0.917856
vt 0.334341 0.810637
vt 0.877310 0.356308
vt 0.871671 0.440236
vt 0.905856 0.375430
vt 0.911990 0.454302
vt 0.934887 0.816779
vt 0.920025 0.831873
vt 0.909968 0.373381
vt 0.929471 0.812074
vt 0.924625 0.819806
vt 0.939938 0.901379
vt 0.939943 0.817001
vt 0.619542 0.399643
vt 0.536903 0.408113
vt 0.535951 0.402452
vt 0.611746 0.398941
vt 0.609331 0.405256
vt 0.602367 0.395840
vt 0.516531 0.379197
vt 0.520330 0.375057
vt 0.521441 0.381483
vt 0.497100 0.374867
vt 0.509058 0.374375
vt 0.513475 0.383546
vt 0.502452 0.370517
vt 0.513174 0.369415
vt 0.522404 0.363952
vt 0.515319 0.360408
vt 0.503509 0.358675
vt 0.492377 0.355646
vt 0.501342 0.362279
vt 0.493114 0.362561
vt 0.478065 0.356225
vt 0.530664 0.403045
vt 0.533971 0.393218
vt 0.529169 0.394641
vt 0.527807 0.388601
vt 0.029698 0.571373
vt 0.038506 0.554500
vt 0.053632 0.546072
vt 0.041835 0.619159
vt 0.600098 0.385725
vt 0.594192 0.391111
vt 0.590100 0.383680
vt 0.609339 0.389256
vt 0.522872 0.388682
vt 0.526980 0.381286
vt 0.591777 0.374493
vt 0.587387 0.371380
vt 0.892654 0.362271
vt 0.899320 0.373262
vt 0.882071 0.355105
vt 0.885811 0.364431
vt 0.330229 0.790556
vt 0.336936 0.771979
vt 0.903181 0.320883
vt 0.016513 0.613743
vt 0.034377 0.620243
vt 0.015763 0.622707
vt 0.024977 0.621001
vt 0.018665 0.629775
vt 0.027113 0.627030
vt 0.013392 0.634261
vt 0.250312 0.971919
vt 0.257504 0.971954
vt 0.249387 0.980221
vt 0.243937 0.974656
vt 0.016753 0.633564
vt 0.431555 0.382744
vt 0.438329 0.388356
vt 0.432203 0.387292
vt 0.420745 0.388225
vt 0.436859 0.375462
vt 0.441080 0.380084
vt 0.423910 0.378597
vt 0.429095 0.372848
vt 0.234283 0.984038
vt 0.243392 0.989829
vt 0.235957 0.992486
vt 0.238344 0.976817
vt 0.426147 0.290821
vt 0.809014 0.355990
vt 0.812702 0.349974
vt 0.604163 0.255103
vt 0.664738 0.246656
vt 0.647367 0.317152
vt 0.639145 0.272440
vt 0.630484 0.228932
vt 0.499649 0.347667
vt 0.507084 0.348455
vt 0.492487 0.351603
vt 0.491666 0.340861
vt 0.478046 0.345137
vt 0.477996 0.348499
vt 0.482952 0.334703
vt 0.508048 0.204985
vt 0.576001 0.186930
vt 0.582507 0.366211
vt 0.575147 0.362609
vt 0.592198 0.168045
vt 0.898258 0.308883
vt 0.874126 0.351541
vt 0.879829 0.298505
vt 0.886431 0.294695
vt 0.891367 0.309888
vt 0.893015 0.304573
vt 0.900042 0.304928
vt 0.907364 0.312356
vt 0.443558 0.348508
vt 0.458326 0.347341
vt 0.003914 0.626400
vt 0.011124 0.591470
vt 0.255657 0.964991
vt 0.250157 0.960680
vt 0.009426 0.648923
vt 0.005737 0.645322
vt 0.011406 0.637666
vt 0.437626 0.345810
vt 0.455796 0.341741
vt 0.001639 0.632474
vt 0.006152 0.630162
vt 0.255435 0.955868
vt 0.652287 0.801376
vt 0.652287 0.812179
vt 0.648389 0.806552
vt 0.259288 0.968901
vt 0.259225 0.954234
vt 0.406262 0.345158
vt 0.434347 0.341606
vt 0.154525 0.929822
vt 0.146046 0.925075
vt 0.151881 0.922202
vt 0.458250 0.337057
vt 0.441427 0.336586
vt 0.461961 0.327798
vt 0.472197 0.334744
vt 0.450937 0.329439
vt 0.410483 0.335581
vt 0.432318 0.327641
vt 0.442019 0.321500
vt 0.420498 0.321263
vt 0.407993 0.327885
vt 0.245248 0.920669
vt 0.252272 0.902760
vt 0.145105 0.851913
vt 0.147001 0.916733
vt 0.143072 0.920838
vt 0.261170 0.885382
vt 0.152235 0.871595
vt 0.479750 0.289355
vt 0.458426 0.277942
vt 0.257327 0.895997
vt 0.432203 0.293242
vt 0.433674 0.366709
vt 0.235808 0.893971
vt 0.239665 0.916531
vt 0.939832 0.744439
vt 0.933583 0.724401
vt 0.619954 0.280817
vt 0.599893 0.156227
vt 0.512987 0.350945
vt 0.900320 0.255905
vt 0.906639 0.251757
vt 0.341998 0.634052
vt 0.338262 0.717545
vt 0.338543 0.628400
vt 0.887308 0.206148
vt 0.472445 0.224070
vt 0.449482 0.236281
vt 0.247203 0.881763
vt 0.438313 0.231252
vt 0.422162 0.227394
vt 0.148334 0.872839
vt 0.150098 0.835597
vt 0.254706 0.831339
vt 0.259111 0.834423
vt 0.466625 0.220035
vt 0.142293 0.800998
vt 0.146844 0.825774
vt 0.152683 0.824737
vt 0.432988 0.267271
vt 0.436775 0.276824
vt 0.428492 0.278265
vt 0.422755 0.285240
vt 0.425938 0.259299
vt 0.434126 0.164480
vt 0.437350 0.180182
vt 0.912232 0.314483
vt 0.924020 0.780817
vt 0.928813 0.714627
vt 0.922983 0.672421
vt 0.622831 0.135132
vt 0.606212 0.151256
vt 0.612034 0.274333
vt 0.669324 0.160219
vt 0.489135 0.212221
vt 0.497599 0.201456
vt 0.500443 0.207320
vt 0.485302 0.197338
vt 0.486645 0.205665
vt 0.478518 0.205415
vt 0.518577 0.197120
vt 0.509493 0.190314
vt 0.516734 0.189721
vt 0.497818 0.195121
vt 0.496932 0.181446
vt 0.516995 0.181141
vt 0.507099 0.178263
vt 0.503707 0.187507
vt 0.526306 0.185030
vt 0.582642 0.182968
vt 0.899291 0.168938
vt 0.876215 0.282384
vt 0.874587 0.199448
vt 0.880007 0.180566
vt 0.902351 0.162997
vt 0.908825 0.191111
vt 0.893602 0.206324
vt 0.892967 0.166408
vt 0.443464 0.223302
vt 0.147192 0.792209
vt 0.464447 0.213470
vt 0.446262 0.207147
vt 0.448957 0.211149
vt 0.444086 0.216544
vt 0.260819 0.823012
vt 0.142081 0.789608
vt 0.401382 0.209499
vt 0.417532 0.216130
vt 0.409547 0.206007
vt 0.146566 0.785929
vt 0.139323 0.783237
vt 0.006842 0.808613
vt 0.008120 0.833922
vt 0.001639 0.797767
vt 0.010657 0.813916
vt 0.011106 0.827988
vt 0.153464 0.786563
vt 0.465237 0.203454
vt 0.459460 0.186995
vt 0.449699 0.199361
vt 0.444852 0.195699
vt 0.441425 0.200942
vt 0.256074 0.816906
vt 0.261455 0.811151
vt 0.263448 0.816523
vt 0.250115 0.813731
vt 0.256717 0.806688
vt 0.450875 0.182328
vt 0.450393 0.190920
vt 0.243846 0.804588
vt 0.427450 0.197687
vt 0.428501 0.157048
vt 0.938469 0.678184
vt 0.928032 0.630713
vt 0.591461 0.154479
vt 0.600042 0.148269
vt 0.610358 0.137411
vt 0.614240 0.139515
vt 0.541594 0.141455
vt 0.548190 0.134172
vt 0.546483 0.146109
vt 0.612034 0.125362
vt 0.624540 0.119682
vt 0.606520 0.130852
vt 0.604625 0.136437
vt 0.630787 0.115144
vt 0.659022 0.149747
vt 0.513395 0.175429
vt 0.525501 0.172784
vt 0.532125 0.169600
vt 0.582176 0.171548
vt 0.524166 0.168340
vt 0.517755 0.163840
vt 0.541386 0.166008
vt 0.532579 0.160168
vt 0.538962 0.161782
vt 0.527380 0.159380
vt 0.527555 0.150826
vt 0.535102 0.150979
vt 0.539477 0.152419
vt 0.539862 0.127346
vt 0.535960 0.138496
vt 0.547222 0.128499
vt 0.872802 0.103942
vt 0.870293 0.208600
vt 0.883993 0.187465
vt 0.887737 0.161831
vt 0.907682 0.133786
vt 0.881121 0.125613
vt 0.894693 0.128788
vt 0.901357 0.133563
vt 0.887900 0.119636
vt 0.446805 0.172197
vt 0.450558 0.172149
vt 0.446905 0.183564
vt 0.238570 0.794165
vt 0.245007 0.788337
vt 0.251131 0.799389
vt 0.234283 0.797471
vt 0.235715 0.783137
vt 0.449277 0.159924
vt 0.457602 0.178409
vt 0.444584 0.162714
vt 0.440154 0.166091
vt 0.448408 0.148943
vt 0.459149 0.154720
vt 0.081015 0.813550
vt 0.081015 0.822675
vt 0.079908 0.818242
vt 0.436320 0.154759
vt 0.439249 0.147225
vt 0.434817 0.139010
vt 0.549451 0.121352
vt 0.553901 0.123004
vt 0.549276 0.111821
vt 0.555745 0.112193
vt 0.557515 0.105230
vt 0.561176 0.107255
vt 0.666001 0.077593
vt 0.642543 0.105043
vt 0.652143 0.087441
vt 0.649401 0.157724
vt 0.683060 0.052163
vt 0.625517 0.109868
vt 0.639388 0.100448
vt 0.562491 0.097353
vt 0.552461 0.094984
vt 0.557780 0.093402
vt 0.639267 0.086748
vt 0.642617 0.090512
vt 0.563411 0.083739
vt 0.559072 0.082414
vt 0.650317 0.079681
vt 0.651111 0.072699
vt 0.658873 0.072438
vt 0.564561 0.074707
vt 0.550552 0.080595
vt 0.558867 0.071682
vt 0.655991 0.066112
vt 0.667519 0.064527
vt 0.566081 0.067044
vt 0.569335 0.069455
vt 0.557859 0.049947
vt 0.779316 0.164966
vt 0.682471 0.159620
vt 0.894805 0.057341
vt 0.900371 0.040335
vt 0.884906 0.040087
vt 0.888597 0.048418
vt 0.912354 0.142581
vt 0.907168 0.086935
vt 0.913390 0.011781
vt 0.661027 0.060190
vt 0.565888 0.055181
vt 0.667706 0.052881
vt 0.676793 0.046371
vt 0.564923 0.044380
vt 0.664018 0.050866
vt 0.670992 0.043380
vt 0.674992 0.039520
vt 0.566993 0.036567
vt 0.570688 0.039513
vt 0.558581 0.025912
vt 0.571453 0.029523
vt 0.571461 0.035540
vt 0.566658 0.026402
vt 0.682784 0.038996
vt 0.699418 0.033360
vt 0.678646 0.033624
vt 0.689505 0.031182
vt 0.684761 0.026230
vt 0.697487 0.023747
vt 0.730200 0.014350
vt 0.571771 0.021934
vt 0.567052 0.019294
vt 0.691612 0.018968
vt 0.703740 0.016196
vt 0.571869 0.014447
vt 0.559473 0.018001
vt 0.567271 0.012262
vt 0.686153 0.525727
vt 0.690474 0.518862
vt 0.692598 0.526161
vt 0.696979 0.012779
vt 0.708891 0.009764
vt 0.727379 0.007449
vt 0.684455 0.516010
vt 0.689888 0.514170
vt 0.679976 0.525740
vt 0.665354 0.519042
vt 0.877224 0.112933
vt 0.876415 0.014674
vt 0.880916 0.015086
vt 0.892819 0.024112
vt 0.902789 0.013674
vt 0.909308 0.013983
vt 0.888123 0.017508
vt 0.422561 0.008832
vt 0.431181 0.014213
vt 0.687689 0.664669
vt 0.691417 0.663604
vt 0.683252 0.678558
vt 0.884571 0.006603
vt 0.875575 0.006161
vt 0.673234 0.526749
vt 0.678102 0.676248
vt 0.895620 0.007414
vt 0.907750 0.006686
vt 0.245279 0.514352
vt 0.246390 0.520940
vt 0.251122 0.511242
vt 0.257298 0.520751
vt 0.792890 0.501265
vt 0.742304 0.508856
vt 0.872456 0.945744
vt 0.867006 0.941877
vt 0.871889 0.940641
vt 0.784541 0.495081
vt 0.880592 0.944626
vt 0.876147 0.933640
vt 0.883049 0.935567
vt 0.881584 0.923232
vt 0.886849 0.926590
vt 0.890848 0.938871
vt 0.891237 0.929045
vt 0.798295 0.501053
vt 0.796921 0.448227
vt 0.227189 0.526698
vt 0.247088 0.528684
vt 0.254668 0.530862
vt 0.216453 0.531636
vt 0.232576 0.532880
vt 0.242343 0.533800
vt 0.248430 0.536290
vt 0.254952 0.540630
vt 0.242654 0.539982
vt 0.252278 0.550894
vt 0.255441 0.552042
vt 0.894760 0.943544
vt 0.883217 0.948152
vt 0.313752 0.926998
vt 0.304698 0.931342
vt 0.259510 0.545177
vt 0.294579 0.930496
vt 0.303304 0.926137
vt 0.900441 0.956165
vt 0.906491 0.953440
vt 0.966810 0.498940
vt 0.975602 0.503751
vt 0.964438 0.502455
vt 0.252535 0.554644
vt 0.257207 0.554393
vt 0.262342 0.556713
vt 0.263448 0.549481
vt 0.256958 0.561340
vt 0.257816 0.568919
vt 0.262865 0.575022
vt 0.612228 0.811133
vt 0.609405 0.808255
vt 0.613259 0.807137
vt 0.305696 0.917701
vt 0.294208 0.919462
vt 0.295485 0.926210
vt 0.036171 0.501052
vt 0.060945 0.498944
vt 0.056360 0.502405
vt 0.971888 0.492570
vt 0.973959 0.499440
vt 0.961159 0.490846
vt 0.960679 0.498770
vt 0.098150 0.492796
vt 0.036413 0.496229
vt 0.953283 0.492159
vt 0.954579 0.484607
vt 0.953868 0.497349
vt 0.946267 0.496714
vt 0.109097 0.798710
vt 0.108915 0.814535
vt 0.104114 0.797064
vt 0.940621 0.492320
vt 0.938619 0.498513
vt 0.035176 0.489349
vt 0.029704 0.498775
vt 0.028492 0.488263
vt 0.946609 0.492023
vt 0.942925 0.484116
vt 0.935419 0.487360
vt 0.297961 0.883018
vt 0.301225 0.917080
vt 0.042310 0.479721
vt 0.110879 0.487193
vt 0.026856 0.452850
vt 0.312016 0.917894
vt 0.320875 0.854992
vt 0.317744 0.919378
vt 0.958595 0.450362
vt 0.945188 0.450526
vt 0.938710 0.447939
vt 0.033458 0.453108
vt 0.256381 0.599257
vt 0.254379 0.580189
vt 0.255870 0.579818
vt 0.211219 0.603385
vt 0.225803 0.606629
vt 0.251727 0.606007
vt 0.242296 0.599605
vt 0.250926 0.597949
vt 0.233875 0.616250
vt 0.271580 0.807977
vt 0.271795 0.813228
vt 0.266727 0.813228
vt 0.926535 0.499620
vt 0.935097 0.502284
vt 0.924754 0.503783
vt 0.260617 0.593793
vt 0.259394 0.583483
vt 0.106487 0.787342
vt 0.113075 0.791335
vt 0.812545 0.508144
vt 0.827811 0.506032
vt 0.843246 0.503289
vt 0.843846 0.507923
vt 0.833248 0.504300
vt 0.852568 0.507158
vt 0.226365 0.602822
vt 0.849384 0.494280
vt 0.850517 0.502883
vt 0.846019 0.495338
vt 0.927389 0.491090
vt 0.935900 0.499172
vt 0.823166 0.495900
vt 0.830436 0.495657
vt 0.836721 0.495795
vt 0.841482 0.494523
vt 0.096471 0.501713
vt 0.085176 0.497966
vt 0.127106 0.495955
vt 0.931265 0.491650
vt 0.133943 0.489341
vt 0.146978 0.480486
vt 0.889081 0.841320
vt 0.801572 0.447395
vt 0.799537 0.366244
vt 0.879669 0.821950
vt 0.884159 0.833482
vt 0.020457 0.389831
vt 0.026408 0.391269
vt 0.964914 0.362048
vt 0.966661 0.491474
vt 0.938443 0.381862
vt 0.309547 0.799887
vt 0.969148 0.357217
vt 0.970791 0.458874
vt 0.958357 0.380043
vt 0.952147 0.451143
vt 0.033876 0.389363
vt 0.041801 0.389525
vt 0.303379 0.797166
vt 0.944421 0.379734
vt 0.317931 0.780412
vt 0.827957 0.404668
vt 0.834153 0.401951
vt 0.840134 0.420186
vt 0.844332 0.427598
vt 0.928481 0.399860
vt 0.820062 0.371396
vt 0.782816 0.317563
vt 0.793070 0.363548
vt 0.889640 0.814646
vt 0.893822 0.822165
vt 0.790940 0.314407
vt 0.885339 0.765688
vt 0.324672 0.786958
vt 0.295765 0.790008
vt 0.299730 0.791460
vt 0.945827 0.374322
vt 0.951610 0.379117
vt 0.955917 0.356152
vt 0.949757 0.374144
vt 0.940952 0.364317
vt 0.311991 0.761178
vt 0.305605 0.745848
vt 0.960592 0.338998
vt 0.950576 0.310519
vt 0.838421 0.362620
vt 0.931798 0.367228
vt 0.935391 0.356440
vt 0.824781 0.319767
vt 0.831026 0.277258
vt 0.801831 0.302426
vt 0.796360 0.307031
vt 0.789040 0.298931
vt 0.794106 0.283425
vt 0.879046 0.770146
vt 0.884719 0.742715
vt 0.890607 0.760449
vt 0.025926 0.272153
vt 0.022725 0.367529
vt 0.018965 0.258263
vt 0.943549 0.292619
vt 0.328665 0.726872
vt 0.301735 0.701473
vt 0.963215 0.241345
vt 0.333805 0.726915
vt 0.313016 0.731674
vt 0.320564 0.735588
vt 0.324939 0.720527
vt 0.317644 0.731345
vt 0.322163 0.687397
vt 0.967742 0.239286
vt 0.308931 0.678982
vt 0.956636 0.243658
vt 0.027864 0.383922
vt 0.033367 0.254898
vt 0.925944 0.319509
vt 0.929522 0.317730
vt 0.816850 0.255578
vt 0.837526 0.282019
vt 0.847630 0.356635
vt 0.842132 0.333097
vt 0.843972 0.263918
vt 0.930978 0.231830
vt 0.926925 0.249697
vt 0.881782 0.736580
vt 0.789222 0.186107
vt 0.798088 0.269649
vt 0.796025 0.191408
vt 0.891469 0.721614
vt 0.896853 0.726128
vt 0.026367 0.252128
vt 0.317083 0.685553
vt 0.936328 0.234730
vt 0.936989 0.290690
vt 0.333769 0.614735
vt 0.949826 0.236695
vt 0.942982 0.235841
vt 0.305125 0.620549
vt 0.298031 0.689201
vt 0.947234 0.232094
vt 0.954611 0.221459
vt 0.939091 0.215704
vt 0.822340 0.263720
vt 0.827920 0.200754
vt 0.208642 0.024843
vt 0.035425 0.231360
vt 0.800826 0.276702
vt 0.799795 0.179996
vt 0.022121 0.249972
vt 0.019438 0.188097
vt 0.888338 0.657813
vt 0.893165 0.653827
vt 0.897124 0.709293
vt 0.313617 0.620434
vt 0.961004 0.180506
vt 0.327074 0.575358
vt 0.949170 0.197405
vt 0.942408 0.199539
vt 0.321318 0.596832
vt 0.966027 0.131071
vt 0.961555 0.134163
vt 0.311516 0.543377
vt 0.948500 0.130702
vt 0.317210 0.535248
vt 0.293638 0.575098
vt 0.297558 0.556976
vt 0.291732 0.666405
vt 0.025950 0.188481
vt 0.943989 0.716164
vt 0.932777 0.181158
vt 0.820547 0.172756
vt 0.924827 0.186614
vt 0.943884 0.658047
vt 0.847713 0.249441
vt 0.849127 0.136483
vt 0.815940 0.159834
vt 0.825672 0.151519
vt 0.839329 0.230997
vt 0.831438 0.132852
vt 0.836685 0.142049
vt 0.026209 0.117233
vt 0.900115 0.601943
vt 0.012873 0.117629
vt 0.018804 0.119105
vt 0.894873 0.594589
vt 0.791972 0.102656
vt 0.797906 0.102210
vt 0.955199 0.135199
vt 0.934813 0.119650
vt 0.941627 0.123372
vt 0.337609 0.543515
vt 0.341693 0.532234
vt 0.331065 0.595025
vt 0.303089 0.536453
vt 0.300359 0.602463
vt 0.295104 0.508702
vt 0.970883 0.081832
vt 0.969617 0.148124
vt 0.954690 0.094441
vt 0.943098 0.088954
vt 0.032733 0.115225
vt 0.820056 0.097891
vt 0.929194 0.074783
vt 0.926515 0.134319
vt 0.783065 0.072390
vt 0.788357 0.059707
vt 0.900440 0.582086
vt 0.904541 0.583998
vt 0.895512 0.551715
vt 0.020094 0.112609
vt 0.025548 0.026662
vt 0.795823 0.060410
vt 0.890094 0.589613
vt 0.889587 0.552891
vt 0.900805 0.522002
vt 0.792015 0.054352
vt 0.018764 0.028038
vt 0.014948 0.096767
vt 0.012780 0.028537
vt 0.330764 0.512417
vt 0.325854 0.499186
vt 0.335196 0.508665
vt 0.962276 0.077131
vt 0.933680 0.075206
vt 0.957840 0.073082
vt 0.937496 0.066687
vt 0.967978 0.047312
vt 0.304737 0.440572
vt 0.299931 0.444338
vt 0.321935 0.437902
vt 0.947959 0.094132
vt 0.949469 0.089180
vt 0.033622 0.034383
vt 0.953970 0.065377
vt 0.824011 0.090833
vt 0.828897 0.015745
vt 0.844985 0.123459
vt 0.840534 0.139604
vt 0.838252 0.062201
vt 0.942010 0.605705
vt 0.937373 0.609539
vt 0.942654 0.517713
vt 0.932988 0.621444
vt 0.932312 0.516611
vt 0.784445 0.019782
vt 0.792715 0.011202
vt 0.773639 0.011027
vt 0.777228 0.004882
vt 0.792138 0.005634
vt 0.604895 0.517136
vt 0.589359 0.513105
vt 0.604336 0.512134
vt 0.597888 0.524246
vt 0.590551 0.517195
vt 0.896021 0.519991
vt 0.796817 0.013694
vt 0.905315 0.516714
vt 0.892392 0.511422
vt 0.011600 0.020174
vt 0.022324 0.019121
vt 0.795646 0.006955
vt 0.002001 0.009175
vt 0.014837 0.013809
vt 0.028654 0.013925
vt 0.585827 0.513428
vt 0.588865 0.524463
vt 0.584839 0.516881
vt 0.012621 0.006544
vt 0.005421 0.007536
vt 0.596405 0.532755
vt 0.582879 0.542290
vt 0.589562 0.541466
vt 0.578633 0.540078
vt 0.583274 0.524091
vt 0.333304 0.439016
vt 0.307294 0.537584
vt 0.315547 0.437450
vt 0.309166 0.437261
vt 0.296670 0.443571
vt 0.328717 0.438371
vt 0.871560 0.014519
vt 0.869175 0.106742
vt 0.866438 0.013195
vt 0.307945 0.429868
vt 0.296365 0.434758
vt 0.964217 0.007685
vt 0.972209 0.016811
vt 0.965472 0.013688
vt 0.333320 0.430711
vt 0.319811 0.429763
vt 0.342672 0.431197
vt 0.302804 0.428417
vt 0.867541 0.005689
vt 0.975602 0.001639
vt 0.973375 0.008030
vt 0.925273 0.511422
vt 0.937060 0.512279
vt 0.946966 0.015872
vt 0.953712 0.015317
vt 0.960269 0.014956
vt 0.190213 0.018010
vt 0.083610 0.009728
vt 0.028710 0.009010
vt 0.949506 0.008032
vt 0.940408 0.018682
vt 0.588296 0.551180
vt 0.582347 0.556537
vt 0.586947 0.560325
vt 0.950263 0.003660
vt 0.584132 0.576176
vt 0.581188 0.586401
vt 0.577412 0.594936
vt 0.937160 0.010541
vt 0.584868 0.586878
vt 0.862774 0.005073
vt 0.860643 0.011194
vt 0.857313 0.004616
vt 0.933136 0.008092
vt 0.939570 0.003431
vt 0.586879 0.594880
vt 0.848527 0.076470
vt 0.842295 0.015287
vt 0.847633 0.014469
vt 0.853218 0.137167
vt 0.825195 0.015351
vt 0.931161 0.016224
vt 0.026899 0.855388
vt 0.026899 0.783137
vt 0.030676 0.793817
vt 0.814649 0.025797
vt 0.820507 0.014533
vt 0.833794 0.012649
vt 0.833708 0.049066
vt 0.924503 0.009712
vt 0.810654 0.013441
vt 0.945336 0.511880
vt 0.852984 0.012345
vt 0.846530 0.006119
vt 0.927313 0.001739
vt 0.812127 0.006354
vt 0.821642 0.007282
vt 0.832058 0.006303
vt 0.826419 0.006236
vt 0.198729 0.013841
vt 0.203186 0.009878
vt 0.581400 0.602540
vt 0.583631 0.704273
vt 0.585111 0.610625
vt 0.579748 0.712277
vt 0.160618 0.764493
vt 0.154980 0.765684
vt 0.205319 0.614209
vt 0.205367 0.693019
vt 0.179454 0.763192
vt 0.185253 0.764185
vt 0.196685 0.699814
vt 0.175005 0.763600
vt 0.168747 0.751045
vt 0.240916 0.729004
vt 0.226211 0.738230
vt 0.193846 0.763122
vt 0.202809 0.762460
vt 0.222291 0.752924
vt 0.156502 0.772522
vt 0.165278 0.772191
vt 0.159765 0.777724
vt 0.165405 0.778016
vt 0.148162 0.772824
vt 0.151677 0.778084
vt 0.441056 0.915320
vt 0.452122 0.914258
vt 0.446570 0.917339
vt 0.140347 0.773182
vt 0.143795 0.778281
vt 0.460006 0.907207
vt 0.132871 0.773513
vt 0.136250 0.778547
vt 0.467679 0.900044
vt 0.125424 0.773819
vt 0.128245 0.766701
vt 0.128728 0.778764
vt 0.468932 0.889373
vt 0.475021 0.893094
vt 0.436410 0.908526
vt 0.229051 0.767866
vt 0.176483 0.772119
vt 0.193918 0.771266
vt 0.222154 0.770493
vt 0.177771 0.775855
vt 0.192272 0.776837
vt 0.220012 0.776934
vt 0.421346 0.923017
vt 0.434471 0.926433
vt 0.420003 0.927796
vt 0.390538 0.920764
vt 0.392236 0.927304
vt 0.382514 0.926814
vt 0.429867 0.916770
vt 0.441839 0.921876
vt 0.431938 0.923047
vt 0.387976 0.913703
vt 0.112257 0.766564
vt 0.095200 0.768118
vt 0.105054 0.774056
vt 0.090834 0.770360
vt 0.507159 0.857292
vt 0.509449 0.861531
vt 0.500287 0.868625
vt 0.511923 0.850742
vt 0.517017 0.853349
vt 0.291617 0.421771
vt 0.296771 0.412252
vt 0.295041 0.421426
vt 0.513513 0.841951
vt 0.303972 0.402660
vt 0.310631 0.406344
vt 0.303878 0.409003
vt 0.292279 0.410537
vt 0.297866 0.404927
vt 0.117977 0.774091
vt 0.121201 0.778895
vt 0.475448 0.883381
vt 0.482341 0.886169
vt 0.467015 0.878816
vt 0.110737 0.774453
vt 0.114864 0.778392
vt 0.482201 0.876707
vt 0.489667 0.879235
vt 0.489181 0.870308
vt 0.495858 0.874176
vt 0.496179 0.861860
vt 0.504272 0.851586
vt 0.467542 0.483551
vt 0.033314 0.681088
vt 0.029144 0.674439
vt 0.036441 0.674010
vt 0.223977 0.981820
vt 0.219706 0.986863
vt 0.214254 0.979936
vt 0.026182 0.669864
vt 0.030171 0.669243
vt 0.024490 0.673435
vt 0.019175 0.712667
vt 0.016232 0.684346
vt 0.014847 0.667247
vt 0.015781 0.662782
vt 0.020416 0.666883
vt 0.212575 0.967295
vt 0.210410 0.977057
vt 0.205471 0.967254
vt 0.218797 0.965589
vt 0.218559 0.976835
vt 0.017527 0.674588
vt 0.083368 0.791060
vt 0.090716 0.787571
vt 0.090339 0.791078
vt 0.059721 0.646748
vt 0.040355 0.729792
vt 0.043908 0.674742
vt 0.429478 0.393279
vt 0.412184 0.393024
vt 0.410034 0.382003
vt 0.409258 0.386929
vt 0.403018 0.387912
vt 0.412313 0.372213
vt 0.406100 0.375499
vt 0.417692 0.378174
vt 0.227648 0.988928
vt 0.225720 0.993400
vt 0.401060 0.379966
vt 0.408633 0.367035
vt 0.223480 0.970905
vt 0.228593 0.980447
vt 0.027534 0.728064
vt 0.325610 0.366518
vt 0.331540 0.372700
vt 0.325286 0.372451
vt 0.319460 0.372746
vt 0.342694 0.358727
vt 0.356561 0.358788
vt 0.340742 0.365248
vt 0.326818 0.360868
vt 0.334214 0.363051
vt 0.013412 0.699421
vt 0.357249 0.351886
vt 0.342203 0.354933
vt 0.333884 0.350194
vt 0.321371 0.352026
vt 0.317937 0.364136
vt 0.072817 0.755711
vt 0.319817 0.378653
vt 0.338295 0.377615
vt 0.321519 0.382389
vt 0.311806 0.384991
vt 0.553946 0.802922
vt 0.560562 0.803604
vt 0.552188 0.811444
vt 0.312320 0.374978
vt 0.564432 0.788933
vt 0.571869 0.779654
vt 0.567887 0.792126
vt 0.582466 0.805072
vt 0.585068 0.810506
vt 0.582758 0.809702
vt 0.584136 0.801548
vt 0.585249 0.804045
vt 0.577988 0.813367
vt 0.583886 0.812558
vt 0.575147 0.806584
vt 0.576425 0.801376
vt 0.304236 0.397467
vt 0.521383 0.829183
vt 0.528745 0.831928
vt 0.299360 0.397140
vt 0.305215 0.391393
vt 0.542187 0.819056
vt 0.539861 0.827380
vt 0.310858 0.392852
vt 0.529923 0.823374
vt 0.543164 0.811385
vt 0.516093 0.673106
vt 0.006751 0.659740
vt 0.012287 0.659863
vt 0.130304 0.912696
vt 0.129958 0.919252
vt 0.125547 0.915489
vt 0.007515 0.668668
vt 0.135346 0.914339
vt 0.207282 0.960242
vt 0.212930 0.960576
vt 0.157515 0.924942
vt 0.002509 0.663832
vt 0.162880 0.925386
vt 0.398167 0.341420
vt 0.380793 0.346605
vt 0.370111 0.353902
vt 0.401160 0.349470
vt 0.363238 0.341831
vt 0.367504 0.348843
vt 0.162244 0.916062
vt 0.157363 0.916653
vt 0.130117 0.901023
vt 0.125391 0.907923
vt 0.125527 0.899310
vt 0.391735 0.335646
vt 0.379909 0.340324
vt 0.377968 0.335210
vt 0.207966 0.951414
vt 0.211996 0.897876
vt 0.217884 0.903030
vt 0.396580 0.327161
vt 0.385613 0.327983
vt 0.357226 0.337455
vt 0.373304 0.328107
vt 0.380121 0.274676
vt 0.157438 0.871967
vt 0.124677 0.861953
vt 0.129362 0.866798
vt 0.133872 0.857971
vt 0.207963 0.895899
vt 0.389013 0.271536
vt 0.419483 0.290380
vt 0.414226 0.289317
vt 0.357458 0.346318
vt 0.340979 0.348744
vt 0.348973 0.331443
vt 0.331605 0.271908
vt 0.327863 0.350650
vt 0.346205 0.209301
vt 0.364996 0.218372
vt 0.327070 0.185394
vt 0.065332 0.804551
vt 0.065332 0.817417
vt 0.063479 0.805125
vt 0.852275 0.854235
vt 0.855945 0.849735
vt 0.858312 0.853103
vt 0.858275 0.863480
vt 0.851852 0.863310
vt 0.849038 0.848868
vt 0.852778 0.849955
vt 0.849258 0.862885
vt 0.735395 0.861038
vt 0.734448 0.848741
vt 0.738496 0.847112
vt 0.188798 0.983459
vt 0.195742 0.998330
vt 0.194300 0.998361
vt 0.758715 0.850035
vt 0.756974 0.856946
vt 0.750126 0.856962
vt 0.762159 0.856482
vt 0.762676 0.848934
vt 0.187429 0.993916
vt 0.755020 0.849276
vt 0.192670 0.977347
vt 0.198970 0.983913
vt 0.196224 0.987941
vt 0.741226 0.855476
vt 0.741907 0.844638
vt 0.272938 0.795396
vt 0.268216 0.804698
vt 0.268368 0.795746
vt 0.183522 0.975958
vt 0.181328 0.987152
vt 0.758353 0.841365
vt 0.762722 0.839798
vt 0.677318 0.801376
vt 0.677318 0.820527
vt 0.674561 0.804193
vt 0.195175 0.958583
vt 0.734146 0.832253
vt 0.189135 0.978068
vt 0.857757 0.813130
vt 0.861039 0.830844
vt 0.178226 0.978376
vt 0.178686 0.967028
vt 0.847692 0.823378
vt 0.853032 0.817078
vt 0.763218 0.813945
vt 0.272593 0.746963
vt 0.267188 0.758853
vt 0.276749 0.798976
vt 0.277001 0.746185
vt 0.754255 0.788632
vt 0.758778 0.808708
vt 0.766458 0.812414
vt 0.766294 0.828783
vt 0.847948 0.803812
vt 0.730562 0.828658
vt 0.732671 0.788176
vt 0.736163 0.791692
vt 0.740189 0.802537
vt 0.854382 0.802759
vt 0.860479 0.790990
vt 0.553249 0.584473
vt 0.545634 0.695582
vt 0.524429 0.632599
vt 0.477936 0.682276
vt 0.486410 0.688016
vt 0.494519 0.699597
vt 0.484460 0.864348
vt 0.503273 0.673445
vt 0.510710 0.685419
vt 0.401645 0.231447
vt 0.155849 0.829405
vt 0.160283 0.826489
vt 0.165180 0.831247
vt 0.161809 0.873224
vt 0.376630 0.217694
vt 0.222970 0.888037
vt 0.227574 0.894720
vt 0.416814 0.274853
vt 0.421847 0.253705
vt 0.338899 0.194886
vt 0.355022 0.207893
vt 0.570389 0.608450
vt 0.847376 0.799876
vt 0.854706 0.788828
vt 0.281749 0.763194
vt 0.281799 0.749940
vt 0.758105 0.793103
vt 0.763295 0.794892
vt 0.729931 0.796323
vt 0.725604 0.788985
vt 0.739235 0.787379
vt 0.266727 0.745365
vt 0.848992 0.777246
vt 0.721876 0.775241
vt 0.729594 0.784243
vt 0.724370 0.770046
vt 0.731686 0.775100
vt 0.726678 0.749595
vt 0.762679 0.766407
vt 0.855960 0.749940
vt 0.860236 0.777093
vt 0.847490 0.751121
vt 0.730301 0.749356
vt 0.271729 0.708122
vt 0.266727 0.704897
vt 0.725643 0.746005
vt 0.732276 0.744114
vt 0.738068 0.741268
vt 0.535679 0.810921
vt 0.528535 0.709257
vt 0.535437 0.563316
vt 0.437049 0.439353
vt 0.374209 0.703973
vt 0.212487 0.819253
vt 0.217290 0.814369
vt 0.159683 0.792537
vt 0.165275 0.793011
vt 0.410434 0.225759
vt 0.413664 0.219851
vt 0.127863 0.792747
vt 0.132275 0.792446
vt 0.390380 0.224031
vt 0.382795 0.211538
vt 0.160523 0.786113
vt 0.004977 0.793615
vt 0.009884 0.806876
vt 0.168327 0.783137
vt 0.209966 0.808927
vt 0.204963 0.820812
vt 0.202249 0.810799
vt 0.406295 0.200649
vt 0.398393 0.198986
vt 0.404324 0.193057
vt 0.360881 0.185460
vt 0.376287 0.199424
vt 0.375999 0.212376
vt 0.209170 0.804019
vt 0.010859 0.790195
vt 0.016281 0.792036
vt 0.010581 0.798788
vt 0.216101 0.803112
vt 0.211430 0.797109
vt 0.219111 0.794675
vt 0.397807 0.187595
vt 0.403970 0.185254
vt 0.407151 0.192399
vt 0.391493 0.182700
vt 0.222684 0.804291
vt 0.231005 0.879944
vt 0.226768 0.798084
vt 0.231005 0.792314
vt 0.421597 0.196171
vt 0.417750 0.169499
vt 0.414701 0.179324
vt 0.332289 0.184237
vt 0.360325 0.202966
vt 0.345949 0.194521
vt 0.366480 0.200169
vt 0.351179 0.189474
vt 0.339205 0.180827
vt 0.560529 0.598876
vt 0.856948 0.739672
vt 0.861374 0.736110
vt 0.863116 0.739329
vt 0.862626 0.748616
vt 0.849370 0.729088
vt 0.725308 0.737083
vt 0.720558 0.746818
vt 0.718403 0.737625
vt 0.287427 0.726142
vt 0.281235 0.703811
vt 0.285839 0.690307
vt 0.718638 0.719756
vt 0.714541 0.734561
vt 0.714741 0.719403
vt 0.724787 0.719079
vt 0.718795 0.730866
vt 0.731633 0.714097
vt 0.858696 0.719211
vt 0.861991 0.698245
vt 0.863335 0.720957
vt 0.853304 0.697968
vt 0.846794 0.711935
vt 0.715446 0.696624
vt 0.719513 0.696060
vt 0.275697 0.613213
vt 0.281065 0.615054
vt 0.725730 0.659739
vt 0.270856 0.605481
vt 0.540626 0.566811
vt 0.403556 0.179858
vt 0.398240 0.176756
vt 0.404479 0.170574
vt 0.398554 0.166603
vt 0.390290 0.165357
vt 0.214511 0.791937
vt 0.222224 0.789285
vt 0.226740 0.784609
vt 0.422163 0.156788
vt 0.410362 0.171834
vt 0.407576 0.163601
vt 0.414510 0.155070
vt 0.409914 0.148642
vt 0.403280 0.143872
vt 0.427679 0.144679
vt 0.305889 0.042381
vt 0.345378 0.177236
vt 0.336835 0.167514
vt 0.330550 0.171015
vt 0.325502 0.172306
vt 0.321847 0.180527
vt 0.333005 0.149091
vt 0.558236 0.580540
vt 0.329516 0.157659
vt 0.323665 0.160515
vt 0.318046 0.163093
vt 0.318301 0.149817
vt 0.312487 0.151485
vt 0.323375 0.145397
vt 0.325226 0.129954
vt 0.315668 0.129618
vt 0.310558 0.115114
vt 0.719465 0.669829
vt 0.863185 0.671753
vt 0.858463 0.694945
vt 0.859017 0.676899
vt 0.731318 0.656243
vt 0.715424 0.670118
vt 0.714229 0.652004
vt 0.732896 0.601062
vt 0.738991 0.627075
vt 0.856078 0.659169
vt 0.858388 0.645684
vt 0.848471 0.663247
vt 0.710200 0.639952
vt 0.719192 0.644145
vt 0.713814 0.630930
vt 0.863728 0.641374
vt 0.861186 0.627475
vt 0.555299 0.570327
vt 0.311793 0.141099
vt 0.315576 0.141577
vt 0.309865 0.129505
vt 0.304398 0.131436
vt 0.544415 0.561585
vt 0.548532 0.574367
vt 0.307214 0.118753
vt 0.541652 0.548890
vt 0.535638 0.551795
vt 0.528294 0.550231
vt 0.504699 0.515928
vt 0.511192 0.529996
vt 0.481067 0.496887
vt 0.519087 0.537272
vt 0.490074 0.501013
vt 0.495750 0.511693
vt 0.311829 0.085173
vt 0.706449 0.626185
vt 0.710126 0.622609
vt 0.721394 0.598938
vt 0.726889 0.596654
vt 0.856131 0.625681
vt 0.862073 0.596231
vt 0.706808 0.594902
vt 0.711854 0.592160
vt 0.717038 0.595945
vt 0.860056 0.573765
vt 0.857226 0.601653
vt 0.718775 0.582240
vt 0.725306 0.527265
vt 0.706568 0.557629
vt 0.274645 0.517164
vt 0.270215 0.516249
vt 0.280184 0.518470
vt 0.304962 0.118655
vt 0.530113 0.540654
vt 0.303164 0.107844
vt 0.297506 0.109470
vt 0.309992 0.104289
vt 0.302258 0.100920
vt 0.302875 0.087783
vt 0.296519 0.090067
vt 0.298578 0.101813
vt 0.528256 0.533006
vt 0.515863 0.524301
vt 0.519684 0.521738
vt 0.294646 0.079593
vt 0.515251 0.511574
vt 0.514126 0.512289
vt 0.285845 0.821065
vt 0.285845 0.816170
vt 0.287514 0.819334
vt 0.499263 0.503755
vt 0.292396 0.070675
vt 0.297341 0.075424
vt 0.292469 0.080121
vt 0.506948 0.503132
vt 0.303432 0.054725
vt 0.297091 0.059543
vt 0.297087 0.067821
vt 0.292097 0.062662
vt 0.500792 0.495382
vt 0.491647 0.492743
vt 0.304255 0.027634
vt 0.710848 0.526367
vt 0.731897 0.526317
vt 0.735991 0.525421
vt 0.703000 0.523713
vt 0.707328 0.525043
vt 0.702739 0.547858
vt 0.699081 0.518704
vt 0.305073 0.007251
vt 0.705989 0.517276
vt 0.686424 0.786414
vt 0.714726 0.517619
vt 0.729621 0.517859
vt 0.718846 0.525282
vt 0.738858 0.517404
vt 0.692598 0.781068
vt 0.743911 0.526720
vt 0.744492 0.517013
vt 0.297148 0.051179
vt 0.291844 0.054455
vt 0.494437 0.487442
vt 0.484504 0.487395
vt 0.297296 0.042544
vt 0.291842 0.045727
vt 0.487833 0.478975
vt 0.296874 0.031800
vt 0.292127 0.033633
vt 0.478435 0.472720
vt 0.480836 0.467143
vt 0.471077 0.471234
vt 0.297890 0.021707
vt 0.292189 0.024596
vt 0.471762 0.463360
vt 0.474140 0.458367
vt 0.298443 0.011816
vt 0.292310 0.016669
vt 0.461508 0.457877
vt 0.465102 0.456786
vt 0.453087 0.444456
vt 0.306519 0.013999
vt 0.468226 0.450665
vt 0.456680 0.445382
vt 0.292195 0.008580
vt 0.299903 0.001639
vt 0.461666 0.442842
vt 0.454836 0.438907
vt 0.291003 0.002190
vt 0.288298 0.004120
vt 0.675637 0.798098
vt 0.672914 0.793965
vt 0.684652 0.795266
vt 0.446236 0.434702
vt 0.247803 0.691351
vt 0.245569 0.613314
vt 0.254670 0.714736
vt 0.258821 0.700315
vt 0.204999 0.500212
vt 0.100632 0.505556
vt 0.262489 0.700970
vt 0.216494 0.495690
vt 0.218870 0.488988
vt 0.259852 0.480525
vt 0.259673 0.419021
vt 0.250530 0.745707
vt 0.239478 0.746135
vt 0.255672 0.765452
vt 0.259685 0.760500
vt 0.263448 0.758528
vt 0.265320 0.498740
vt 0.207809 0.503930
vt 0.265973 0.494427
vt 0.267094 0.488392
vt 0.249887 0.773723
vt 0.241127 0.759473
vt 0.253965 0.778375
vt 0.242161 0.775128
vt 0.261707 0.767632
vt 0.228205 0.776339
vt 0.235300 0.779068
vt 0.285020 0.506837
vt 0.274429 0.503363
vt 0.279789 0.500565
vt 0.358331 0.929509
vt 0.371696 0.927077
vt 0.377037 0.930658
vt 0.272075 0.493524
vt 0.363553 0.924651
vt 0.273581 0.487171
vt 0.350434 0.922986
vt 0.353735 0.912695
vt 0.357107 0.922609
vt 0.281292 0.489055
vt 0.349208 0.911569
vt 0.354008 0.865152
vt 0.366735 0.840104
vt 0.359405 0.853740
vt 0.278129 0.479638
vt 0.283144 0.433678
vt 0.267976 0.418991
vt 0.274364 0.415425
vt 0.354859 0.835406
vt 0.350991 0.856356
vt 0.272124 0.406144
vt 0.268177 0.408819
vt 0.276200 0.400337
vt 0.352824 0.789414
vt 0.258927 0.280167
vt 0.274017 0.304936
vt 0.280550 0.409442
vt 0.282693 0.304356
vt 0.358521 0.741228
vt 0.365083 0.711587
vt 0.185750 0.954932
vt 0.045040 0.791751
vt 0.051145 0.793171
vt 0.047057 0.795466
vt 0.044169 0.783137
vt 0.051732 0.786616
vt 0.040849 0.790100
vt 0.041361 0.791899
vt 0.844127 0.823482
vt 0.842014 0.803227
vt 0.819824 0.815474
vt 0.821144 0.818817
vt 0.815732 0.819043
vt 0.818087 0.814829
vt 0.957714 0.811517
vt 0.959563 0.816356
vt 0.954212 0.816294
vt 0.174783 0.951062
vt 0.178870 0.949868
vt 0.051732 0.799574
vt 0.048781 0.802862
vt 0.650187 0.815457
vt 0.650187 0.820566
vt 0.648389 0.818353
vt 0.952397 0.812982
vt 0.952822 0.816301
vt 0.045256 0.804299
vt 0.282704 0.812891
vt 0.284456 0.807977
vt 0.287514 0.812891
vt 0.190094 0.939468
vt 0.195976 0.938064
vt 0.191603 0.955333
vt 0.813141 0.794968
vt 0.813560 0.818339
vt 0.826925 0.814031
vt 0.184135 0.943381
vt 0.791519 0.807536
vt 0.782073 0.811479
vt 0.785470 0.808432
vt 0.796075 0.808298
vt 0.794831 0.817621
vt 0.843897 0.799566
vt 0.830116 0.803753
vt 0.956460 0.789086
vt 0.954730 0.812453
vt 0.177224 0.940954
vt 0.060545 0.791609
vt 0.055011 0.800320
vt 0.056188 0.790123
vt 0.770768 0.802334
vt 0.616538 0.808436
vt 0.621759 0.802900
vt 0.622331 0.806753
vt 0.065910 0.792043
vt 0.059052 0.801273
vt 0.784411 0.798778
vt 0.777762 0.802310
vt 0.267724 0.280587
vt 0.350798 0.727179
vt 0.354256 0.727573
vt 0.259091 0.138612
vt 0.193385 0.928476
vt 0.198970 0.934168
vt 0.818372 0.783951
vt 0.183050 0.935766
vt 0.188002 0.929602
vt 0.809572 0.791730
vt 0.810073 0.813743
vt 0.959408 0.789559
vt 0.178564 0.936658
vt 0.058559 0.787179
vt 0.055011 0.783137
vt 0.949674 0.811443
vt 0.952709 0.781854
vt 0.196053 0.912483
vt 0.827080 0.795578
vt 0.183332 0.921882
vt 0.182384 0.932823
vt 0.831542 0.786303
vt 0.832651 0.797050
vt 0.807916 0.773756
vt 0.776763 0.784249
vt 0.793905 0.765493
vt 0.788442 0.769822
vt 0.799781 0.812612
vt 0.812840 0.775175
vt 0.827941 0.768583
vt 0.781773 0.765770
vt 0.815271 0.768387
vt 0.818486 0.773201
vt 0.809104 0.768072
vt 0.812813 0.768977
vt 0.830762 0.758072
vt 0.958632 0.756798
vt 0.962656 0.771655
vt 0.948614 0.769513
vt 0.954697 0.747129
vt 0.769089 0.769102
vt 0.775434 0.762163
vt 0.842774 0.759382
vt 0.842881 0.781953
vt 0.838926 0.777903
vt 0.190604 0.895253
vt 0.191166 0.920466
vt 0.825055 0.762302
vt 0.963586 0.756559
vt 0.967289 0.766234
vt 0.193118 0.890359
vt 0.196608 0.892898
vt 0.960894 0.752228
vt 0.834346 0.740308
vt 0.840173 0.756000
vt 0.836508 0.758567
vt 0.196560 0.874468
vt 0.813449 0.749412
vt 0.180336 0.893804
vt 0.188995 0.888275
vt 0.965860 0.744692
vt 0.042087 0.807587
vt 0.040849 0.816872
vt 0.040849 0.807577
vt 0.829508 0.757015
vt 0.827872 0.753659
vt 0.844522 0.735540
vt 0.187947 0.871839
vt 0.183744 0.873364
vt 0.183281 0.888937
vt 0.822148 0.751184
vt 0.826343 0.738268
vt 0.280064 0.269095
vt 0.275484 0.270897
vt 0.360667 0.687213
vt 0.355869 0.678681
vt 0.352923 0.652433
vt 0.365248 0.580599
vt 0.271903 0.263313
vt 0.267526 0.268613
vt 0.273784 0.176235
vt 0.814769 0.726908
vt 0.959190 0.723475
vt 0.766002 0.718689
vt 0.760660 0.725093
vt 0.836378 0.723517
vt 0.837558 0.741117
vt 0.192610 0.864702
vt 0.193159 0.873683
vt 0.194173 0.860731
vt 0.197548 0.863250
vt 0.808425 0.735987
vt 0.185336 0.858438
vt 0.805242 0.746771
vt 0.805699 0.718135
vt 0.799688 0.662740
vt 0.798523 0.770584
vt 0.795788 0.668910
vt 0.772735 0.700495
vt 0.827358 0.725856
vt 0.831479 0.723093
vt 0.831291 0.729378
vt 0.809622 0.718199
vt 0.823865 0.717575
vt 0.779198 0.687263
vt 0.838074 0.708790
vt 0.832173 0.708557
vt 0.189081 0.846143
vt 0.196810 0.859608
vt 0.179852 0.843626
vt 0.826276 0.708260
vt 0.785963 0.684038
vt 0.791617 0.680532
vt 0.836488 0.705700
vt 0.827810 0.705561
vt 0.194794 0.839455
vt 0.815335 0.710532
vt 0.821311 0.710141
vt 0.809585 0.709804
vt 0.812488 0.703932
vt 0.964752 0.700106
vt 0.967470 0.716151
vt 0.964072 0.719250
vt 0.954269 0.694771
vt 0.958742 0.697590
vt 0.950307 0.661734
vt 0.830567 0.690824
vt 0.833820 0.705748
vt 0.809226 0.698468
vt 0.806974 0.705040
vt 0.183021 0.839702
vt 0.817709 0.700994
vt 0.970567 0.694673
vt 0.974381 0.703425
vt 0.969925 0.706317
vt 0.823675 0.704795
vt 0.834225 0.686187
vt 0.183761 0.825570
vt 0.188985 0.831088
vt 0.822079 0.690871
vt 0.964395 0.687848
vt 0.815699 0.670307
vt 0.373912 0.577249
vt 0.278388 0.183333
vt 0.282130 0.181324
vt 0.350463 0.604279
vt 0.354224 0.599801
vt 0.358464 0.606029
vt 0.260497 0.186117
vt 0.267353 0.181827
vt 0.840128 0.664360
vt 0.811312 0.662557
vt 0.805109 0.697344
vt 0.829377 0.662518
vt 0.191407 0.813806
vt 0.193499 0.796437
vt 0.196110 0.824649
vt 0.184214 0.801575
vt 0.805893 0.658817
vt 0.180863 0.799132
vt 0.975677 0.657213
vt 0.974926 0.695669
vt 0.834445 0.659401
vt 0.189474 0.799318
vt 0.183439 0.794552
vt 0.952819 0.621277
vt 0.956799 0.647985
vt 0.821331 0.664281
vt 0.819321 0.660076
vt 0.966880 0.652570
vt 0.970575 0.657194
vt 0.963102 0.655702
vt 0.782497 0.612848
vt 0.183922 0.783137
vt 0.186725 0.789836
vt 0.817798 0.648828
vt 0.811533 0.650703
vt 0.807371 0.647343
vt 0.809466 0.647918
vt 0.974162 0.644463
vt 0.969987 0.651439
vt 0.790100 0.621528
vt 0.821816 0.655600
vt 0.825617 0.632274
vt 0.979843 0.645994
vt 0.976888 0.649235
vt 0.828953 0.635445
vt 0.835479 0.614881
vt 0.814830 0.620300
vt 0.813050 0.617887
vt 0.793195 0.607410
vt 0.759026 0.625390
vt 0.763076 0.622326
vt 0.768814 0.614915
vt 0.817055 0.619900
vt 0.974794 0.603884
vt 0.978048 0.614111
vt 0.360976 0.549470
vt 0.283429 0.104974
vt 0.273888 0.134944
vt 0.266570 0.132947
vt 0.280138 0.130705
vt 0.271985 0.126351
vt 0.276348 0.119396
vt 0.843574 0.588058
vt 0.847889 0.606246
vt 0.841113 0.606195
vt 0.828516 0.608482
vt 0.809607 0.616124
vt 0.959145 0.582310
vt 0.849655 0.629835
vt 0.819141 0.614454
vt 0.796816 0.600077
vt 0.801831 0.622330
vt 0.964067 0.591993
vt 0.970074 0.592806
vt 0.851237 0.592837
vt 0.830835 0.586157
vt 0.823054 0.593256
vt 0.806441 0.587436
vt 0.811311 0.595506
vt 0.805758 0.615613
vt 0.855252 0.581735
vt 0.976642 0.567265
vt 0.979727 0.586042
vt 0.970197 0.558936
vt 0.285430 0.603345
vt 0.286069 0.518232
vt 0.954662 0.524640
vt 0.775867 0.615301
vt 0.772771 0.526422
vt 0.817291 0.582385
vt 0.818353 0.550756
vt 0.812624 0.562601
vt 0.983121 0.567663
vt 0.799215 0.525337
vt 0.794758 0.524264
vt 0.787193 0.588360
vt 0.791025 0.525317
vt 0.356209 0.538268
vt 0.364955 0.436982
vt 0.373879 0.437916
vt 0.358482 0.472503
vt 0.352019 0.528092
vt 0.353623 0.476196
vt 0.266979 0.027376
vt 0.098967 0.860998
vt 0.098967 0.783137
vt 0.100836 0.835126
vt 0.282514 0.023840
vt 0.852837 0.547606
vt 0.846701 0.524872
vt 0.838298 0.524052
vt 0.837255 0.574235
vt 0.859083 0.519786
vt 0.857978 0.549989
vt 0.853484 0.524562
vt 0.854141 0.516751
vt 0.846268 0.516697
vt 0.815440 0.523461
vt 0.821279 0.516542
vt 0.964005 0.555186
vt 0.958915 0.523478
vt 0.779177 0.526193
vt 0.977187 0.550369
vt 0.983556 0.547459
vt 0.806684 0.544942
vt 0.807630 0.568849
vt 0.987549 0.543913
vt 0.811331 0.519506
vt 0.761809 0.526730
vt 0.766066 0.526085
vt 0.984085 0.527976
vt 0.970927 0.528043
vt 0.963305 0.523432
vt 0.821159 0.537550
vt 0.806208 0.523480
vt 0.977275 0.527690
vt 0.982608 0.519543
vt 0.989627 0.522524
vt 0.977620 0.521283
vt 0.971568 0.521405
vt 0.806119 0.514528
vt 0.812726 0.515680
vt 0.987061 0.515186
vt 0.963246 0.516130
vt 0.286853 0.510346
vt 0.279741 0.510669
vt 0.789945 0.517261
vt 0.799025 0.516858
vt 0.950830 0.524497
vt 0.956489 0.515665
vt 0.758261 0.518437
vt 0.765343 0.518101
vt 0.774896 0.517546
vt 0.785177 0.525599
vt 0.258865 0.026658
vt 0.214208 0.015356
vt 0.218470 0.018644
vt 0.264954 0.018119
vt 0.219337 0.012502
vt 0.265905 0.011711
vt 0.216626 0.008355
vt 0.200872 0.005973
vt 0.977541 0.516896
vt 0.583064 0.729379
vt 0.578813 0.727960
vt 0.584357 0.722024
vt 0.970209 0.516589
vt 0.578797 0.738905
vt 0.583498 0.736720
vt 0.227569 0.008122
vt 0.583592 0.744249
vt 0.575147 0.730538
vt 0.579482 0.752006
vt 0.267315 0.006950
vt 0.240611 0.005851
vt 0.266180 0.003324
vt 0.360175 0.431339
vt 0.368514 0.430234
vt 0.273905 0.021033
vt 0.278892 0.019644
vt 0.355214 0.439061
vt 0.351074 0.447017
vt 0.277903 0.007996
vt 0.280274 0.012750
vt 0.279973 0.001639
vt 0.356110 0.429232
vt 0.285020 0.005909
vt 0.661874 0.514218
vt 0.672652 0.513720
vt 0.652996 0.518309
vt 0.657841 0.550389
vt 0.665561 0.555555
vt 0.670286 0.578041
vt 0.652841 0.560670
vt 0.660216 0.577708
vt 0.891574 0.002582
vt 0.875022 0.001918
vt 0.664182 0.605333
vt 0.908565 0.002253
vt 0.657324 0.606700
vt 0.653004 0.594206
vt 0.673902 0.700999
vt 0.662923 0.702474
vt 0.669137 0.708961
vt 0.645694 0.686214
vt 0.656144 0.695653
vt 0.719658 0.004231
vt 0.739356 0.002744
vt 0.773827 0.001639
vt 0.642187 0.513661
vt 0.607679 0.513737
vt 0.643138 0.527207
vt 0.655653 0.525456
vt 0.641589 0.537818
vt 0.650805 0.546621
vt 0.635604 0.543744
vt 0.620955 0.541234
vt 0.320822 0.425703
vt 0.599513 0.537190
vt 0.304172 0.425050
vt 0.603018 0.547124
vt 0.604335 0.542671
vt 0.608117 0.545454
vt 0.598210 0.547133
vt 0.644531 0.551640
vt 0.652325 0.552650
vt 0.344219 0.427088
vt 0.335426 0.426028
vt 0.297968 0.425096
vt 0.294374 0.428362
vt 0.920511 0.001639
vt 0.860068 0.001842
vt 0.857170 0.001869
vt 0.649777 0.608632
vt 0.644128 0.606092
vt 0.812119 0.002397
vt 0.805110 0.002372
vt 0.836664 0.002673
vt 0.848432 0.001639
vt 0.593802 0.612181
vt 0.592280 0.601057
vt 0.600615 0.609842
vt 0.639848 0.616325
vt 0.636867 0.611280
vt 0.825523 0.001740
vt 0.833695 0.001692
vt 0.616796 0.622501
vt 0.612199 0.613314
vt 0.615045 0.616521
vt 0.627490 0.626904
vt 0.599409 0.622473
vt 0.589489 0.608690
vt 0.589492 0.598709
vt 0.587917 0.697185
vt 0.652739 0.703275
vt 0.662720 0.717607
vt 0.705724 0.512924
vt 0.695877 0.512134
vt 0.671985 0.786811
vt 0.722681 0.513003
vt 0.668159 0.755181
vt 0.661964 0.749850
vt 0.657578 0.735039
vt 0.733424 0.512525
vt 0.746010 0.512134
vt 0.655220 0.752726
vt 0.646795 0.758298
vt 0.655358 0.745772
vt 0.679595 0.785688
vt 0.660379 0.765467
vt 0.653705 0.762001
vt 0.661128 0.787133
vt 0.649711 0.776839
vt 0.648653 0.793645
vt 0.664138 0.794268
vt 0.670755 0.797664
vt 0.435373 0.433403
vt 0.441325 0.430335
vt 0.652615 0.797768
vt 0.601343 0.691184
vt 0.592456 0.701708
vt 0.619236 0.694231
vt 0.638935 0.694790
vt 0.636486 0.701272
vt 0.640389 0.707263
vt 0.635182 0.704221
vt 0.861310 0.513056
vt 0.850255 0.511422
vt 0.618627 0.700595
vt 0.813407 0.511589
vt 0.599733 0.706727
vt 0.586362 0.715268
vt 0.592073 0.709982
vt 0.988284 0.511611
vt 0.992853 0.513712
vt 0.958722 0.511422
vt 0.948614 0.511702
vt 0.756187 0.514141
vt 0.752585 0.518514
vt 0.750126 0.513616
vt 0.949524 0.516031
vt 0.643772 0.766092
vt 0.640558 0.761676
vt 0.763224 0.512723
vt 0.773800 0.512651
vt 0.790976 0.512134
vt 0.599679 0.771456
vt 0.596109 0.758528
vt 0.605523 0.766869
vt 0.590689 0.762096
vt 0.587080 0.718781
vt 0.050826 0.807577
vt 0.050826 0.811347
vt 0.047147 0.809991
vt 0.669217 0.817719
vt 0.671283 0.813069
vt 0.671283 0.817832
vt 0.585744 0.759697
vt 0.587853 0.748350
vt 0.585842 0.747266
vt 0.631972 0.774531
vt 0.622609 0.768939
vt 0.633281 0.767102
vt 0.591001 0.785800
vt 0.598824 0.779727
vt 0.648763 0.787205
vt 0.599647 0.787839
vt 0.423160 0.427284
vt 0.593476 0.793639
vt 0.588124 0.796418
vt 0.598026 0.797351
vt 0.358684 0.425231
vt 0.585802 0.787273
vt 0.581701 0.777648
vt 0.585272 0.791506
vt 0.284871 0.001912
vt 0.183678 0.511592
vt 0.204457 0.537510
vt 0.637239 0.813369
vt 0.637239 0.819226
vt 0.634152 0.817213
vt 0.869848 0.507450
vt 0.189575 0.551081
vt 0.869462 0.495418
vt 0.341325 0.865553
vt 0.936429 0.952733
vt 0.805110 0.504333
vt 0.910576 0.500062
vt 0.685016 0.816000
vt 0.637574 0.434112
vt 0.074191 0.528447
vt 0.081785 0.521997
vt 0.663004 0.809790
vt 0.663004 0.801376
vt 0.671283 0.804438
vt 0.543663 0.421771
vt 0.071436 0.783137
vt 0.650644 0.444547
vt 0.625609 0.818901
vt 0.625609 0.812413
vt 0.628795 0.815323
vt 0.643351 0.437422
vt 0.068047 0.538137
vt 0.059554 0.536158
vt 0.066237 0.529587
vt 0.528194 0.411687
vt 0.044345 0.544792
vt 0.051723 0.538118
vt 0.521058 0.398055
vt 0.526359 0.369063
vt 0.339853 0.792983
vt 0.869628 0.367688
vt 0.033494 0.625944
vt 0.630874 0.809135
vt 0.625609 0.805012
vt 0.630874 0.801376
vt 0.596476 0.810769
vt 0.596476 0.801376
vt 0.602245 0.804874
vt 0.420176 0.399139
vt 0.448709 0.383920
vt 0.040162 0.626949
vt 0.236998 0.996767
vt 0.658419 0.272220
vt 0.871695 0.286501
vt 0.342640 0.711945
vt 0.649071 0.802352
vt 0.139323 0.935634
vt 0.143310 0.931685
vt 0.139832 0.922534
vt 0.141159 0.862615
vt 0.913699 0.358788
vt 0.808741 0.272854
vt 0.812300 0.240923
vt 0.153360 0.791648
vt 0.441132 0.203233
vt 0.016281 0.827229
vt 0.014841 0.835834
vt 0.012724 0.820543
vt 0.279426 0.813488
vt 0.275074 0.811670
vt 0.279426 0.807977
vt 0.445710 0.191060
vt 0.914819 0.238207
vt 0.589509 0.163793
vt 0.553717 0.135101
vt 0.345060 0.529580
vt 0.867236 0.203064
vt 0.619440 0.114748
vt 0.631774 0.100138
vt 0.645298 0.077885
vt 0.569988 0.076479
vt 0.569880 0.062721
vt 0.570586 0.056649
vt 0.567682 0.047150
vt 0.559947 0.013180
vt 0.245170 0.510116
vt 0.869648 0.951468
vt 0.867098 0.947333
vt 0.257650 0.515958
vt 0.791769 0.506341
vt 0.801831 0.493414
vt 0.024296 0.486663
vt 0.789051 0.448409
vt 0.877873 0.893075
vt 0.057536 0.815352
vt 0.060201 0.814340
vt 0.060201 0.819240
vt 0.610716 0.811226
vt 0.257202 0.576588
vt 0.063561 0.502243
vt 0.113075 0.811796
vt 0.609405 0.801377
vt 0.293547 0.885828
vt 0.250409 0.590643
vt 0.243555 0.605325
vt 0.110732 0.783137
vt 0.588528 0.801376
vt 0.593198 0.801982
vt 0.588528 0.814596
vt 0.037570 0.849550
vt 0.033954 0.850700
vt 0.033954 0.783137
vt 0.972647 0.363209
vt 0.923789 0.353772
vt 0.974218 0.262551
vt 0.850294 0.322478
vt 0.883821 0.668254
vt 0.901243 0.719536
vt 0.292391 0.784267
vt 0.294666 0.682909
vt 0.971190 0.256023
vt 0.852041 0.252660
vt 0.834216 0.240803
vt 0.017574 0.239557
vt 0.973400 0.130286
vt 0.850899 0.189406
vt 0.811964 0.174250
vt 0.810310 0.114173
vt 0.815626 0.096583
vt 0.906491 0.524124
vt 0.007793 0.027372
vt 0.001639 0.015921
vt 0.339646 0.438655
vt 0.659725 0.813043
vt 0.655565 0.804680
vt 0.659725 0.801376
vt 0.594657 0.550959
vt 0.966150 0.002877
vt 0.931604 0.001870
vt 0.936923 0.518149
vt 0.170270 0.777018
vt 0.071287 0.806380
vt 0.076189 0.800331
vt 0.073710 0.810642
vt 0.069511 0.814216
vt 0.093106 0.773712
vt 0.069511 0.798625
vt 0.303968 0.419180
vt 0.524811 0.841797
vt 0.533305 0.835501
vt 0.110272 0.779158
vt 0.616538 0.816877
vt 0.618276 0.811714
vt 0.621018 0.816877
vt 0.036056 0.669008
vt 0.079908 0.803938
vt 0.085387 0.803938
vt 0.084696 0.810271
vt 0.055011 0.806466
vt 0.060201 0.804551
vt 0.060201 0.811062
vt 0.081824 0.783137
vt 0.081824 0.800659
vt 0.393085 0.383267
vt 0.042355 0.666910
vt 0.036234 0.736806
vt 0.054758 0.748579
vt 0.318753 0.389715
vt 0.044573 0.748124
vt 0.306043 0.382093
vt 0.582688 0.801376
vt 0.547838 0.820949
vt 0.136045 0.922026
vt 0.116353 0.910230
vt 0.135006 0.906103
vt 0.005629 0.689170
vt 0.409595 0.281607
vt 0.645110 0.813781
vt 0.642057 0.803603
vt 0.645110 0.801376
vt 0.847554 0.852667
vt 0.731331 0.850879
vt 0.862941 0.798493
vt 0.726617 0.811074
vt 0.128281 0.825923
vt 0.413014 0.266706
vt 0.863728 0.771983
vt 0.207912 0.820315
vt 0.421270 0.203603
vt 0.136045 0.783137
vt 0.011949 0.783137
vt 0.407054 0.182346
vt 0.407794 0.176761
vt 0.221736 0.783137
vt 0.565125 0.591497
vt 0.703254 0.572556
vt 0.090716 0.816756
vt 0.088665 0.804840
vt 0.090716 0.803938
vt 0.861822 0.549051
vt 0.739786 0.525707
vt 0.272909 0.510116
vt 0.684199 0.797883
vt 0.265363 0.502753
vt 0.229711 0.779859
vt 0.384117 0.929873
vt 0.348338 0.832023
vt 0.050981 0.784560
vt 0.043070 0.784029
vt 0.796678 0.817428
vt 0.171605 0.941146
vt 0.616538 0.801377
vt 0.063020 0.800754
vt 0.604172 0.818456
vt 0.602895 0.814048
vt 0.606089 0.814048
vt 0.596476 0.816779
vt 0.599617 0.814047
vt 0.599617 0.818923
vt 0.043869 0.811025
vt 0.348338 0.691832
vt 0.611295 0.814504
vt 0.613259 0.816516
vt 0.611295 0.819857
vt 0.805116 0.708218
vt 0.819250 0.670227
vt 0.805590 0.650798
vt 0.093994 0.783137
vt 0.095688 0.835606
vt 0.093994 0.861294
vt 0.688294 0.806044
vt 0.692599 0.801377
vt 0.692599 0.819756
vt 0.758404 0.527969
vt 0.348729 0.553625
vt 0.848940 0.513862
vt 0.023620 0.866460
vt 0.019559 0.784496
vt 0.023620 0.783137
vt 0.047879 0.815242
vt 0.984952 0.514793
vt 0.587377 0.743728
vt 0.349768 0.435829
vt 0.655729 0.577233
vt 0.648338 0.622983
vt 0.866052 0.001639
vt 0.917550 0.005886
vt 0.805812 0.006641
vt 0.638778 0.808567
vt 0.634152 0.810091
vt 0.634152 0.801376
vt 0.623180 0.617388
vt 0.655657 0.718072
vt 0.647638 0.708179
vt 0.592530 0.714222
vt 0.800767 0.512608
vt 0.667238 0.814748
vt 0.368566 0.425050
s 1
usemtl left_thomb_midle_mat
f 2/1/1 4/2/2 1/3/3
f 6/4/4 5/5/5 2/1/1
f 6/4/4 2/1/1 3/6/6
f 5/5/5 7/7/7 4/2/2
f 6/4/4 9/8/8 5/5/5
f 8/9/9 4/10/10 12/11/11
f 9/8/8 11/12/12 7/7/7
f 10/13/13 13/14/14 9/8/8
f 12/11/11 7/15/15 15/16/16
f 13/14/14 14/17/17 11/12/12
f 15/16/16 11/18/18 18/19/19
f 16/20/20 17/21/21 14/17/17
f 13/14/14 20/22/22 16/20/20
f 23/23/23 21/24/24 22/25/25
f 26/26/26 23/23/23 24/27/27
f 29/28/28 21/29/29 28/30/30
f 31/31/31 30/32/32 32/33/33
f 32/33/33 30/32/32 23/23/23
f 32/33/33 23/23/23 25/34/34
f 34/35/35 28/30/30 33/36/36
f 30/32/32 1/3/3 27/37/37
f 3/6/6 2/1/1 30/32/32
f 3/6/6 30/32/32 31/31/31
f 36/38/38 27/39/37 35/40/39
f 34/35/35 33/36/36 36/38/38
f 35/40/39 1/41/40 8/9/9
f 10/13/13 128/42/41 13/14/14
f 38/43/42 25/34/34 26/26/26
f 42/44/43 25/34/34 38/43/42
f 42/44/43 38/43/42 39/45/44
f 45/46/45 39/47/46 40/48/47
f 41/49/48 43/50/49 25/34/34
f 42/51/50 44/52/51 46/53/52
f 31/31/31 32/33/33 47/54/53
f 47/54/53 43/50/49 48/55/54
f 48/55/54 43/50/49 49/56/55
f 41/57/56 46/58/52 50/59/57
f 51/60/58 48/55/54 49/56/55
f 52/61/59 47/54/53 48/55/54
f 53/62/60 48/55/54 51/60/58
f 54/63/61 31/31/31 47/54/53
f 52/61/59 53/62/60 55/64/62
f 45/46/45 56/65/63 44/52/51
f 44/52/51 59/66/64 46/53/52
f 44/52/51 56/65/63 60/67/65
f 61/68/66 46/58/52 58/69/67
f 50/59/57 62/70/68 51/71/58
f 50/59/57 61/68/66 62/70/68
f 53/72/69 62/70/68 63/73/70
f 55/74/62 63/73/70 64/75/71
f 62/70/68 61/68/66 65/76/72
f 63/73/70 65/76/72 66/77/73
f 67/78/74 63/73/70 66/77/73
f 64/75/71 67/78/74 68/79/75
f 66/77/73 65/76/72 69/80/76
f 70/81/77 66/77/73 69/80/76
f 67/78/74 66/77/73 70/81/77
f 61/68/66 58/69/67 71/82/78
f 65/76/72 71/82/78 73/83/79
f 74/84/80 37/85/81 3/6/6
f 140/86/82 10/13/13 852/87/83
f 77/88/84 76/89/85 78/90/86
f 77/88/84 78/90/86 79/91/87
f 81/92/88 77/88/84 82/93/89
f 52/61/59 55/64/62 84/94/90
f 85/95/91 76/96/92 84/97/90
f 86/98/93 54/63/61 52/61/59
f 86/98/93 52/61/59 84/94/90
f 86/98/93 76/89/85 77/88/84
f 78/99/86 85/95/91 87/100/94
f 80/101/95 87/100/94 88/102/96
f 86/98/93 81/92/88 89/103/97
f 90/104/98 55/105/62 64/106/71
f 92/107/99 85/95/91 90/104/98
f 93/108/100 85/95/91 92/107/99
f 98/109/101 87/100/94 93/108/100
f 88/110/96 98/111/101 94/112/102
f 95/113/103 88/110/96 94/112/102
f 92/107/99 68/114/75 97/115/104
f 94/112/102 98/111/101 99/116/105
f 96/117/106 94/112/102 99/116/105
f 104/118/107 103/119/108 101/120/109
f 106/121/110 102/122/111 105/123/112
f 103/124/108 105/125/112 102/126/111
f 106/121/110 105/123/112 108/127/113
f 105/123/112 107/128/114 109/129/115
f 112/130/116 109/129/115 111/131/117
f 110/132/118 111/133/117 109/134/115
f 18/19/19 14/135/17 115/136/119
f 19/137/120 15/16/16 119/138/121
f 20/22/22 114/139/122 17/21/21
f 128/42/41 114/139/122 20/22/22
f 117/140/123 114/141/122 116/142/124
f 118/143/125 17/144/21 117/140/123
f 119/138/121 115/136/119 118/143/125
f 122/145/126 120/146/127 116/147/124
f 122/148/126 116/149/124 114/150/122
f 128/42/41 121/151/128 122/145/126
f 117/140/123 123/152/129 118/143/125
f 121/151/128 100/153/130 123/154/129
f 101/120/109 103/119/108 121/151/128
f 124/155/131 123/152/129 102/122/111
f 118/143/125 124/155/131 125/156/132
f 126/157/133 102/122/111 106/121/110
f 124/155/131 126/157/133 127/158/134
f 150/159/135 125/156/132 151/160/136
f 104/118/107 101/120/109 128/42/41
f 67/78/74 70/81/77 130/161/137
f 68/79/75 67/78/74 130/161/137
f 73/83/79 71/82/78 131/162/138
f 73/83/79 131/162/138 69/80/76
f 70/81/77 132/163/139 133/164/140
f 57/165/141 134/166/142 56/65/63
f 60/67/65 56/65/63 134/166/142
f 137/167/143 71/82/78 58/69/67
f 58/69/67 72/168/144 137/167/143
f 130/161/137 133/164/140 139/169/145
f 140/86/82 128/42/41 10/13/13
f 97/170/104 68/79/75 130/161/137
f 98/109/101 93/108/100 141/171/146
f 92/107/99 97/115/104 180/172/147
f 180/173/147 130/161/137 139/169/145
f 272/174/148 92/107/99 142/175/149
f 99/176/105 141/171/146 209/177/150
f 108/127/113 112/130/116 144/178/151
f 111/133/117 113/179/152 143/180/153
f 146/181/154 143/182/153 145/183/155
f 154/184/156 155/185/157 153/186/158
f 159/187/159 156/188/160 173/189/161
f 158/190/162 157/191/163 156/188/160
f 160/192/164 157/191/163 161/193/165
f 160/192/164 155/185/157 157/191/163
f 158/190/162 162/194/166 157/191/163
f 166/195/167 163/196/168 164/197/169
f 167/198/170 166/195/167 164/197/169
f 168/199/171 145/200/155 143/180/153
f 145/200/155 170/201/172 171/202/173
f 159/203/159 173/204/161 169/205/174
f 159/203/159 169/205/174 184/206/175
f 148/207/176 171/208/173 174/209/177
f 145/183/155 147/210/178 146/181/154
f 172/211/179 174/212/177 171/202/173
f 174/212/177 153/186/158 155/185/157
f 175/213/180 174/209/177 176/214/181
f 133/164/140 138/215/182 177/216/183
f 131/162/138 136/217/184 179/218/185
f 138/215/182 131/162/138 179/218/185
f 135/219/186 182/220/187 134/166/142
f 180/173/147 139/169/145 228/221/188
f 189/222/189 184/206/175 185/223/190
f 189/222/189 159/203/159 184/206/175
f 192/224/191 189/222/189 186/225/192
f 190/226/193 186/225/192 188/227/194
f 193/228/195 192/224/191 190/226/193
f 194/229/196 190/230/197 188/231/194
f 191/232/198 194/229/196 188/231/194
f 195/233/199 193/228/195 190/226/193
f 201/234/200 198/235/201 199/236/202
f 200/237/203 201/234/200 199/236/202
f 201/234/200 203/238/204 183/239/205
f 202/240/206 204/241/207 201/234/200
f 205/242/208 187/243/209 203/244/204
f 206/245/210 188/231/194 205/242/208
f 207/246/211 204/241/207 202/240/206
f 96/117/106 209/247/150 208/248/212
f 147/210/178 148/207/176 211/249/213
f 150/159/135 151/160/136 213/250/214
f 152/251/215 126/157/133 278/252/216
f 278/252/216 106/121/110 210/253/217
f 162/194/166 215/254/218 221/255/219
f 221/255/219 161/193/165 162/194/166
f 215/254/218 166/195/167 216/256/220
f 215/254/218 162/194/166 166/195/167
f 167/198/170 216/256/220 166/195/167
f 215/254/218 216/256/220 218/257/221
f 219/258/222 216/256/220 217/259/223
f 220/260/224 218/257/221 219/258/222
f 221/255/219 215/254/218 279/261/225
f 280/262/226 160/263/164 161/264/165
f 212/265/227 148/207/176 175/213/180
f 177/216/183 138/215/182 224/266/228
f 228/221/188 177/216/183 224/266/228
f 137/167/143 181/267/229 227/268/230
f 136/217/184 227/268/230 231/269/231
f 223/270/232 231/269/231 232/271/233
f 224/266/228 232/271/233 233/272/234
f 228/221/188 224/266/228 233/272/234
f 225/273/235 228/221/188 233/272/234
f 236/274/236 235/275/237 167/198/170
f 236/276/236 167/277/170 159/203/159
f 236/276/236 159/203/159 189/222/189
f 192/224/191 236/276/236 189/222/189
f 193/228/195 236/276/236 192/224/191
f 194/229/196 238/278/238 190/230/197
f 191/232/198 239/279/239 194/229/196
f 242/280/240 240/281/241 241/282/242
f 235/275/237 219/258/222 217/259/223
f 245/283/243 243/284/244 235/275/237
f 245/285/243 236/276/236 237/286/245
f 239/279/239 246/287/246 238/278/238
f 240/281/241 245/285/243 237/286/245
f 195/288/199 247/289/247 241/290/248
f 195/291/199 246/287/246 248/292/249
f 249/293/250 244/294/251 245/283/243
f 242/295/252 247/296/247 250/297/253
f 252/298/254 219/258/222 243/284/244
f 244/294/251 253/299/255 243/284/244
f 257/300/256 251/301/257 252/298/254
f 253/299/255 258/302/258 252/298/254
f 256/303/259 259/304/260 253/299/255
f 259/304/260 261/305/261 258/302/258
f 262/306/262 259/304/260 260/307/263
f 254/308/264 263/309/265 239/279/239
f 264/310/266 255/311/267 248/312/249
f 248/292/249 246/287/246 264/313/266
f 250/297/253 255/311/267 265/314/268
f 251/301/257 222/315/269 220/260/224
f 267/316/270 257/300/256 258/302/258
f 263/309/265 268/317/271 246/287/246
f 269/318/272 205/319/208 204/241/207
f 206/245/210 254/308/264 191/232/198
f 271/320/273 270/321/274 206/245/210
f 209/177/150 141/171/146 274/322/275
f 141/171/146 272/174/148 275/323/276
f 210/253/217 108/127/113 276/324/277
f 211/249/213 212/265/227 363/325/278
f 165/326/279 221/255/219 279/261/225
f 233/272/234 232/271/233 281/327/280
f 225/273/235 281/327/280 282/328/281
f 284/329/282 234/330/283 287/331/284
f 231/269/231 227/268/230 288/332/285
f 290/333/286 251/301/257 257/300/256
f 261/305/261 297/334/287 258/302/258
f 289/335/288 263/309/265 254/308/264
f 259/304/260 291/336/289 261/305/261
f 292/337/290 259/304/260 262/306/262
f 266/338/291 264/310/266 293/339/292
f 289/335/288 294/340/293 263/309/265
f 294/340/293 295/341/294 268/317/271
f 331/342/295 290/333/286 267/316/270
f 297/334/287 331/342/295 267/316/270
f 264/310/266 295/343/294 298/344/296
f 293/339/292 298/344/296 299/345/297
f 301/346/298 271/347/273 269/318/272
f 302/348/299 269/318/272 207/246/211
f 300/349/300 302/348/299 207/246/211
f 303/350/301 302/348/299 300/349/300
f 302/348/299 304/351/302 301/346/298
f 305/352/303 271/347/273 301/346/298
f 304/351/302 305/352/303 301/346/298
f 273/353/304 225/273/235 282/328/281
f 272/174/148 273/354/304 306/355/305
f 273/354/304 285/356/306 306/355/305
f 210/253/217 276/324/277 307/357/307
f 211/249/213 363/325/278 308/358/308
f 149/359/309 211/249/213 308/358/308
f 150/159/135 213/250/214 374/360/310
f 313/361/311 314/362/312 312/363/313
f 319/364/314 315/365/315 335/366/316
f 311/367/317 317/368/318 316/369/319
f 312/363/313 317/368/318 279/261/225
f 314/362/312 317/368/318 312/363/313
f 315/365/315 318/370/320 314/362/312
f 322/371/321 318/370/320 319/364/314
f 316/369/319 317/368/318 378/372/322
f 321/373/323 317/368/318 320/374/324
f 320/374/324 317/368/318 318/370/320
f 322/371/321 320/374/324 318/370/320
f 280/375/226 165/326/279 311/367/317
f 160/263/164 280/262/226 323/376/325
f 311/367/317 316/369/319 280/375/226
f 282/328/281 281/327/280 324/377/326
f 230/378/327 286/379/328 326/380/329
f 282/328/281 327/381/330 285/382/306
f 283/383/331 288/332/285 391/384/332
f 324/377/326 283/383/331 391/384/332
f 291/336/289 329/385/333 297/334/287
f 291/336/289 292/337/290 329/385/333
f 299/345/297 298/344/296 330/386/334
f 336/387/335 331/342/295 329/385/333
f 331/342/295 315/365/315 313/361/311
f 331/342/295 336/387/335 335/366/316
f 343/388/336 336/387/335 337/389/337
f 337/389/337 336/387/335 332/390/338
f 294/340/293 338/391/339 295/341/294
f 330/386/334 295/343/294 338/392/339
f 340/393/340 332/390/338 333/394/341
f 341/395/342 337/389/337 340/393/340
f 347/396/343 338/392/339 346/397/344
f 348/398/345 343/399/336 341/400/342
f 349/401/346 345/402/347 348/398/348
f 349/403/349 330/386/334 347/396/343
f 342/404/350 322/371/321 319/364/314
f 400/405/351 342/404/350 344/406/352
f 351/407/353 344/406/352 346/408/354
f 339/409/355 351/410/356 346/411/357
f 328/412/358 352/413/359 339/409/355
f 354/414/360 400/405/351 350/415/361
f 356/416/362 328/412/358 289/335/288
f 357/417/363 304/351/302 303/350/301
f 358/418/364 304/351/302 357/417/363
f 274/322/275 275/323/276 359/419/365
f 275/323/276 306/355/305 399/420/366
f 212/265/227 362/421/367 363/325/278
f 364/422/368 363/325/278 362/421/367
f 308/358/308 364/422/368 366/423/369
f 309/424/370 308/358/308 366/423/369
f 365/425/371 367/426/372 364/427/368
f 309/424/370 368/428/373 369/429/374
f 370/430/375 366/423/369 367/431/372
f 152/251/215 278/252/216 372/432/376
f 210/253/217 372/432/376 278/252/216
f 374/360/310 213/250/214 375/433/377
f 307/357/307 369/429/374 372/432/376
f 321/373/323 379/434/378 378/372/322
f 280/375/226 380/435/379 381/436/380
f 381/437/380 323/376/325 280/262/226
f 383/438/381 380/435/379 378/372/322
f 379/434/378 383/438/381 378/372/322
f 321/373/323 322/371/321 384/439/382
f 212/440/227 382/441/383 361/442/384
f 379/434/378 384/439/382 383/438/381
f 385/443/385 382/441/383 383/438/381
f 386/444/386 382/441/383 385/443/385
f 384/439/382 385/443/385 383/438/381
f 387/445/387 362/446/367 382/441/383
f 386/444/386 387/445/387 382/441/383
f 400/405/351 371/447/388 384/439/382
f 387/445/387 365/425/371 362/446/367
f 386/444/386 388/448/389 387/445/387
f 388/448/389 370/449/375 365/425/371
f 386/444/386 371/447/388 388/448/389
f 390/450/390 286/379/328 284/451/282
f 325/452/391 391/384/332 288/332/285
f 325/452/391 326/380/329 392/453/392
f 324/377/326 391/384/332 327/381/330
f 285/382/306 327/381/330 394/454/393
f 392/453/392 326/380/329 395/455/394
f 327/381/330 396/456/395 397/457/396
f 396/456/395 392/453/392 398/458/397
f 400/405/351 322/371/321 342/404/350
f 402/459/398 401/460/399 355/461/400
f 403/462/401 402/463/398 355/464/400
f 305/465/303 404/466/402 403/462/401
f 405/467/403 353/468/404 401/460/399
f 406/469/405 401/460/399 402/459/398
f 404/470/402 406/469/405 402/459/398
f 408/471/406 407/472/407 405/467/403
f 404/473/408 405/474/408 406/475/408
f 410/476/409 409/477/410 405/467/403
f 304/351/302 410/476/409 404/470/402
f 411/478/411 408/471/406 409/477/410
f 358/418/364 409/477/410 410/476/409
f 413/479/412 368/480/373 370/449/375
f 414/481/413 368/480/373 413/479/412
f 413/479/412 370/449/375 371/447/388
f 414/481/413 416/482/414 368/480/373
f 417/483/415 415/484/416 416/482/414
f 414/481/413 417/483/415 416/482/414
f 374/360/310 375/433/377 419/485/417
f 373/486/418 376/487/419 310/488/420
f 419/485/417 375/433/377 376/487/419
f 377/489/421 374/360/310 419/485/417
f 372/432/376 415/490/416 420/491/422
f 373/486/418 372/432/376 420/491/422
f 417/483/415 421/492/423 415/484/416
f 418/493/424 422/494/425 417/483/415
f 420/491/422 423/495/426 424/496/427
f 422/494/425 423/497/426 421/492/423
f 418/493/424 425/498/428 422/494/425
f 424/496/427 423/495/426 427/499/429
f 427/499/429 376/487/419 424/496/427
f 376/487/419 428/500/430 429/501/431
f 425/498/428 430/502/432 423/497/426
f 426/503/433 431/504/434 425/498/428
f 429/501/431 428/500/430 432/505/435
f 419/485/417 429/501/431 433/506/436
f 377/489/421 419/485/417 433/506/436
f 434/507/437 428/508/438 430/502/432
f 431/504/434 434/507/437 430/502/432
f 426/503/433 435/509/439 431/504/434
f 688/510/440 277/511/441 377/489/421
f 371/447/388 414/481/413 413/479/412
f 371/447/388 426/503/433 414/481/413
f 396/456/395 398/458/397 436/512/442
f 437/513/443 396/456/395 436/512/442
f 394/454/393 397/457/396 437/513/443
f 398/458/397 438/514/444 439/515/445
f 399/516/366 394/454/393 440/517/446
f 443/518/447 399/516/366 440/517/446
f 429/501/431 432/505/435 444/519/448
f 435/509/439 445/520/449 434/507/437
f 433/506/436 444/519/448 446/521/450
f 433/506/436 446/521/450 447/522/451
f 450/523/452 445/520/449 435/509/439
f 448/524/453 449/525/454 446/521/450
f 447/522/451 449/525/454 451/526/455
f 452/527/456 449/528/454 450/523/452
f 435/509/439 453/529/457 450/523/452
f 452/527/456 454/530/458 451/531/455
f 453/529/457 455/532/459 452/527/456
f 447/522/451 451/526/455 456/533/460
f 377/489/421 456/533/460 457/534/461
f 456/533/460 454/535/458 458/536/462
f 458/536/462 459/537/463 460/538/464
f 457/534/461 460/538/464 461/539/465
f 455/532/459 459/540/466 454/530/458
f 453/529/457 462/541/467 455/532/459
f 460/538/464 464/542/468 465/543/469
f 462/541/467 464/544/468 459/540/466
f 463/545/470 466/546/471 462/541/467
f 468/547/472 466/548/471 467/549/473
f 465/543/469 469/550/474 470/551/475
f 471/552/476 465/543/469 470/551/475
f 466/548/471 469/553/474 464/554/468
f 468/547/472 469/553/474 466/548/471
f 473/555/477 469/553/474 468/547/472
f 473/555/477 472/556/478 469/553/474
f 389/557/479 441/558/480 475/559/481
f 436/512/442 439/515/445 478/560/482
f 437/513/443 436/512/442 478/560/482
f 440/517/446 437/513/443 476/561/483
f 477/562/484 440/517/446 476/561/483
f 438/514/444 478/560/482 439/515/445
f 438/514/444 475/559/481 480/563/485
f 476/561/483 437/513/443 478/560/482
f 482/564/486 463/545/470 479/565/487
f 481/566/488 467/549/473 482/567/486
f 473/555/477 468/547/472 485/568/489
f 486/569/490 441/558/480 484/570/491
f 474/571/492 473/555/477 487/572/493
f 483/573/494 480/563/485 486/569/490
f 476/561/483 483/573/494 488/574/495
f 443/518/447 440/517/446 477/562/484
f 24/27/27 22/25/25 491/575/496
f 26/26/26 491/575/496 493/576/497
f 493/576/497 490/577/498 494/578/499
f 495/579/500 22/580/25 29/28/28
f 490/581/498 495/582/500 496/583/501
f 498/584/502 29/28/28 34/35/35
f 492/585/503 499/586/504 500/587/505
f 500/587/505 499/586/504 501/588/506
f 502/589/507 500/587/505 501/588/506
f 497/590/508 502/589/507 503/591/509
f 498/584/502 36/38/38 19/137/120
f 496/592/501 495/579/500 504/593/510
f 507/594/511 493/576/497 508/595/512
f 509/596/513 493/576/497 494/578/499
f 40/597/514 38/43/42 507/594/511
f 40/597/514 507/594/511 510/598/515
f 510/598/515 508/595/512 511/599/516
f 511/599/516 508/595/512 512/600/517
f 512/600/517 509/596/513 514/601/518
f 513/602/519 512/600/517 515/603/520
f 515/603/520 514/601/518 516/604/521
f 519/605/522 494/606/499 492/585/503
f 520/607/523 40/48/47 510/608/524
f 509/596/513 494/578/499 522/609/525
f 513/610/526 521/611/527 510/608/524
f 522/612/525 519/605/522 524/613/528
f 525/614/529 513/615/526 515/616/530
f 516/604/531 526/617/532 515/603/530
f 516/604/521 522/609/525 527/618/533
f 528/619/534 522/609/525 524/620/528
f 526/617/532 527/618/533 529/621/535
f 530/622/536 528/619/534 531/623/537
f 518/624/538 532/625/539 533/626/540
f 520/607/523 57/165/141 45/46/45
f 537/627/541 520/607/523 521/611/527
f 538/628/542 521/611/527 523/629/543
f 519/630/522 539/631/544 524/632/528
f 538/633/542 523/634/543 525/614/529
f 541/635/545 525/614/529 526/636/532
f 543/637/546 539/631/544 534/638/547
f 544/639/548 542/640/549 541/635/545
f 529/641/535 544/639/548 526/636/532
f 530/642/550 544/639/548 529/641/535
f 531/643/537 539/644/544 546/645/551
f 547/646/552 530/642/550 533/647/553
f 548/648/554 497/649/508 503/650/509
f 545/651/555 542/640/549 544/639/548
f 549/652/556 547/646/552 550/653/557
f 549/652/556 545/651/555 547/646/552
f 552/654/558 557/655/559 538/628/542
f 548/648/554 551/656/560 554/657/561
f 548/648/554 503/650/509 505/658/562
f 536/659/563 556/660/564 535/661/565
f 558/662/566 541/635/545 542/640/549
f 560/663/567 542/640/549 549/652/556
f 555/664/568 560/663/567 549/652/556
f 551/656/560 548/648/554 561/665/569
f 563/666/570 517/667/571 518/668/572
f 82/93/89 80/669/95 566/670/573
f 568/671/574 564/672/575 565/673/576
f 569/674/577 82/93/89 566/670/573
f 571/675/578 518/676/579 533/677/580
f 572/678/581 517/679/582 562/680/583
f 573/681/584 518/668/579 571/682/578
f 574/683/585 571/684/578 531/643/537
f 80/685/95 88/110/96 575/686/586
f 577/687/587 564/688/575 576/689/588
f 577/687/587 562/690/583 564/688/575
f 575/691/586 564/672/575 566/670/573
f 580/692/589 572/693/581 579/694/590
f 580/695/589 532/696/539 572/678/581
f 581/697/591 88/110/96 95/113/103
f 576/689/588 581/697/591 582/698/592
f 576/689/588 582/698/592 583/699/593
f 577/687/587 583/699/593 584/700/594
f 584/700/594 572/693/581 577/687/587
f 574/701/585 546/702/551 585/703/595
f 578/704/596 550/653/557 547/646/552
f 543/637/546 548/648/554 554/657/561
f 585/703/595 543/637/546 586/705/597
f 554/657/561 587/706/598 586/705/597
f 581/697/591 95/113/103 96/117/106
f 502/589/507 501/588/506 590/707/599
f 589/708/600 504/593/510 591/709/601
f 501/588/506 591/710/601 592/711/602
f 505/658/562 590/712/599 593/713/603
f 541/635/545 594/714/604 540/715/605
f 556/660/564 135/219/186 57/165/141
f 595/716/606 560/663/567 555/664/568
f 557/655/559 596/717/607 537/627/541
f 622/718/608 553/719/609 540/715/605
f 597/720/610 594/714/604 558/662/566
f 559/721/611 597/720/610 558/662/566
f 561/665/569 593/713/603 598/722/612
f 551/656/560 598/722/612 600/723/613
f 552/654/558 599/724/614 557/655/559
f 601/725/615 559/721/611 560/663/567
f 596/717/607 602/726/616 536/659/563
f 582/698/592 581/697/591 605/727/617
f 583/699/593 605/727/617 606/728/618
f 584/700/594 606/728/618 607/729/619
f 607/729/619 588/730/620 584/700/594
f 580/695/589 608/731/621 578/704/596
f 550/653/557 595/716/606 555/664/568
f 581/697/591 96/117/106 610/732/622
f 504/593/510 613/733/623 612/734/624
f 590/707/599 592/711/602 614/735/625
f 618/736/626 590/707/599 614/735/625
f 591/709/601 612/734/624 615/737/627
f 614/735/625 592/711/602 616/738/628
f 602/726/616 619/739/629 556/660/564
f 603/740/630 625/741/631 552/654/558
f 621/742/632 604/743/633 601/725/615
f 626/744/634 597/720/610 604/743/633
f 620/745/635 626/744/634 604/743/633
f 595/716/606 623/746/636 601/725/615
f 627/747/637 602/726/616 596/717/607
f 628/748/638 596/717/607 599/724/614
f 625/741/631 628/748/638 599/724/614
f 629/749/639 594/714/604 597/720/610
f 626/744/634 629/749/639 597/720/610
f 630/750/640 626/744/634 620/745/635
f 621/742/632 630/750/640 620/745/635
f 607/729/619 606/728/618 631/751/641
f 631/751/641 588/730/620 607/729/619
f 611/752/642 624/753/643 595/716/606
f 606/728/618 633/754/644 635/755/645
f 616/756/628 591/709/601 637/757/646
f 498/584/502 19/137/120 613/733/623
f 615/737/627 613/733/623 638/758/647
f 638/758/647 639/759/648 637/757/646
f 616/738/628 637/760/646 640/761/649
f 618/736/626 614/735/625 636/762/650
f 641/763/651 618/764/626 642/765/652
f 643/766/653 630/750/640 621/742/632
f 623/746/636 643/766/653 621/742/632
f 602/726/616 644/767/654 619/739/629
f 603/740/630 646/768/655 625/741/631
f 629/749/639 647/769/656 594/714/604
f 644/767/654 229/770/657 135/219/186
f 650/771/658 645/772/659 627/747/637
f 651/773/660 644/767/654 645/772/659
f 651/773/660 649/774/661 652/775/662
f 678/776/663 622/718/608 594/714/604
f 646/768/655 653/777/664 628/748/638
f 654/778/665 647/769/656 626/744/634
f 598/722/612 617/779/666 641/763/651
f 600/723/613 598/722/612 655/780/667
f 611/752/642 632/781/668 656/782/669
f 610/732/622 208/248/212 657/783/670
f 631/751/641 635/755/645 658/784/671
f 609/785/672 634/786/673 659/787/674
f 660/788/675 624/753/643 656/782/669
f 632/781/668 661/789/676 656/782/669
f 637/760/646 663/790/677 640/761/649
f 639/759/648 638/758/647 664/791/678
f 663/792/677 664/791/678 665/793/679
f 636/762/650 666/794/680 642/795/652
f 641/763/651 642/765/652 667/796/681
f 650/771/658 671/797/682 649/774/661
f 672/798/683 643/766/653 648/799/684
f 651/773/660 673/800/685 644/767/654
f 675/801/686 654/778/665 630/750/640
f 676/802/687 630/750/640 643/766/653
f 677/803/688 653/777/664 646/768/655
f 674/804/689 677/803/688 646/768/655
f 679/805/690 675/801/686 676/802/687
f 673/800/685 287/331/284 234/330/283
f 681/806/691 654/778/665 675/801/686
f 679/805/690 681/806/691 675/801/686
f 672/798/683 682/807/692 676/802/687
f 635/755/645 684/808/693 687/809/694
f 844/810/695 600/723/613 706/811/696
f 640/812/649 665/793/679 689/813/697
f 688/510/440 613/733/623 277/511/441
f 667/796/681 668/814/698 690/815/699
f 666/794/680 689/816/697 692/817/700
f 669/818/701 666/794/680 692/817/700
f 653/777/664 693/819/702 650/771/658
f 700/820/703 647/769/656 654/778/665
f 681/806/691 700/820/703 654/778/665
f 671/797/682 695/821/704 652/775/662
f 651/773/660 652/775/662 695/821/704
f 696/822/705 681/806/691 679/805/690
f 694/823/706 696/822/705 679/805/690
f 693/819/702 698/824/707 671/797/682
f 700/820/703 678/776/663 647/769/656
f 730/825/708 678/776/663 700/820/703
f 701/826/709 730/825/708 700/820/703
f 653/777/664 702/827/710 693/819/702
f 694/823/706 703/828/711 696/822/705
f 704/829/712 698/824/707 693/819/702
f 702/827/710 704/829/712 693/819/702
f 705/830/713 726/831/714 678/832/663
f 706/811/696 667/796/681 691/833/715
f 685/834/716 274/322/275 359/419/365
f 660/788/675 697/835/717 672/798/683
f 684/808/693 657/783/670 707/836/718
f 660/788/675 661/789/676 708/837/719
f 685/834/716 359/419/365 709/838/720
f 683/839/721 659/787/674 710/840/722
f 657/783/670 713/841/723 707/836/718
f 687/809/694 707/836/718 714/842/724
f 662/843/725 712/844/726 715/845/727
f 715/845/727 659/787/674 662/843/725
f 691/833/715 690/815/699 718/846/728
f 669/818/701 692/817/700 719/847/729
f 690/815/699 719/848/729 720/849/730
f 692/817/700 689/816/697 721/850/731
f 689/813/697 716/851/732 722/852/733
f 725/853/734 701/826/709 681/806/691
f 724/854/735 727/855/736 694/823/706
f 728/856/737 393/857/738 673/800/685
f 699/858/739 728/856/737 673/800/685
f 729/859/740 677/803/688 680/860/741
f 726/831/714 729/859/740 680/860/741
f 731/861/742 726/831/714 705/830/713
f 730/825/708 731/862/742 705/863/713
f 703/828/711 732/864/743 725/853/734
f 734/865/744 703/828/711 727/855/736
f 706/811/696 691/833/715 735/866/745
f 707/836/718 713/841/723 738/867/746
f 740/868/747 697/835/717 711/869/748
f 716/851/732 717/870/749 743/871/750
f 719/847/729 721/850/731 744/872/751
f 745/873/752 719/847/729 744/872/751
f 744/872/751 721/850/731 746/874/753
f 718/846/728 723/875/754 747/876/755
f 722/852/733 743/871/750 748/877/756
f 746/874/753 722/878/733 748/879/756
f 745/873/752 744/872/751 749/880/757
f 743/871/750 750/881/758 748/877/756
f 752/882/759 745/883/752 751/884/760
f 747/876/755 723/875/754 752/882/759
f 698/824/707 754/885/761 695/821/704
f 704/829/712 755/886/762 698/824/707
f 753/887/763 695/821/704 754/885/761
f 732/864/743 757/888/764 701/826/709
f 758/889/765 734/865/744 724/854/735
f 767/890/766 757/888/764 732/864/743
f 758/889/765 759/891/767 734/865/744
f 761/892/768 731/862/742 730/825/708
f 726/831/714 762/893/769 729/859/740
f 731/861/742 763/894/770 726/831/714
f 702/827/710 764/895/771 704/829/712
f 733/896/772 765/897/773 732/864/743
f 765/897/773 767/890/766 732/864/743
f 844/810/695 706/811/696 769/898/774
f 766/899/775 767/890/766 765/897/773
f 714/842/724 738/867/746 772/900/776
f 712/844/726 714/842/724 772/900/776
f 712/844/726 772/900/776 773/901/777
f 737/902/778 736/903/779 774/904/780
f 739/905/781 742/906/782 775/907/783
f 742/906/782 360/908/784 443/909/447
f 717/870/749 688/510/440 777/910/785
f 777/910/785 688/510/440 457/534/461
f 777/910/785 457/534/461 461/539/465
f 786/911/786 777/910/785 778/912/787
f 779/913/788 778/912/787 471/552/476
f 780/914/789 778/912/787 779/913/788
f 781/915/790 780/916/791 779/917/788
f 783/918/792 782/919/793 781/915/790
f 746/874/753 748/879/756 785/920/794
f 748/877/756 750/881/758 787/921/795
f 750/881/758 777/910/785 786/911/786
f 788/922/796 785/920/794 787/923/795
f 752/882/759 788/924/796 789/925/797
f 787/921/795 786/911/786 790/926/798
f 788/924/796 790/927/798 791/928/799
f 789/925/797 791/928/799 793/929/800
f 790/926/798 786/911/786 780/914/789
f 782/919/793 790/930/801 780/916/791
f 795/931/802 794/932/803 782/919/793
f 796/933/804 790/927/804 794/934/804
f 784/935/805 795/931/802 783/918/792
f 798/936/806 795/931/802 797/937/807
f 792/938/808 796/939/809 798/936/806
f 755/886/762 799/940/810 754/885/761
f 756/941/811 800/942/812 702/827/710
f 753/887/763 754/885/761 799/940/810
f 762/893/769 801/943/813 756/941/811
f 731/861/742 802/944/814 763/894/770
f 764/895/771 804/945/815 755/886/762
f 760/946/816 393/947/738 805/948/817
f 762/893/769 812/949/818 801/943/813
f 807/950/819 763/894/770 802/944/814
f 808/951/820 802/952/814 806/953/821
f 810/954/822 799/940/810 804/945/815
f 764/895/771 810/954/822 804/945/815
f 811/955/823 764/895/771 800/942/812
f 812/949/818 800/942/812 801/943/813
f 814/956/824 799/940/810 810/954/822
f 807/950/819 813/957/825 812/949/818
f 484/570/491 441/558/480 760/946/816
f 484/570/491 805/948/817 814/958/824
f 815/959/826 807/960/819 808/951/820
f 443/909/447 488/961/495 816/962/827
f 818/963/828 766/899/775 765/897/773
f 819/964/829 767/890/766 766/899/775
f 820/965/830 806/953/821 767/890/766
f 747/876/755 789/925/797 821/966/831
f 808/951/820 806/953/821 820/965/830
f 822/967/832 793/929/800 792/968/808
f 819/964/829 808/951/820 820/965/830
f 818/963/828 823/969/833 819/964/829
f 768/970/834 823/969/833 818/963/828
f 825/971/835 798/936/806 797/937/807
f 826/972/836 792/938/808 798/936/806
f 827/973/837 826/972/836 825/971/835
f 828/974/838 808/951/820 823/969/833
f 828/975/839 826/972/836 827/973/837
f 829/976/840 822/977/832 826/972/836
f 824/978/841 828/974/838 823/969/833
f 829/976/840 828/975/839 830/979/842
f 831/980/843 809/981/844 817/982/845
f 809/983/844 830/984/846 824/978/841
f 829/976/840 830/979/842 831/985/847
f 770/986/848 776/987/849 833/988/850
f 833/988/850 711/989/748 770/986/848
f 772/900/776 738/867/746 834/990/851
f 740/868/747 803/991/852 758/889/765
f 741/992/853 775/993/783 835/994/854
f 738/867/746 835/995/854 836/996/855
f 776/987/849 774/904/780 838/997/856
f 771/998/857 773/901/777 838/997/856
f 832/999/858 809/983/844 803/991/852
f 836/996/855 835/995/854 775/1000/783
f 775/907/783 816/962/827 839/1001/859
f 817/982/845 832/1002/858 842/1003/860
f 832/999/858 817/1004/845 809/983/844
f 836/996/855 839/1005/859 840/1006/861
f 776/987/849 841/1007/862 842/1003/860
f 833/988/850 842/1003/860 832/1002/858
f 773/901/777 840/1006/861 843/1008/863
f 841/1007/862 773/901/777 843/1008/863
f 844/810/695 769/898/774 747/876/755
f 845/1009/864 821/966/831 793/929/800
f 846/1010/865 845/1009/864 822/967/832
f 822/977/832 829/976/840 847/1011/866
f 849/1012/867 847/1011/866 848/1013/868
f 850/1014/869 822/977/832 847/1011/866
f 851/1015/870 75/1016/871 37/85/81
f 852/87/83 6/4/4 75/1016/871
f 82/93/89 83/1017/872 853/1018/873
f 854/1019/874 31/31/31 54/63/61
f 855/1020/875 54/63/61 86/98/93
f 89/103/97 81/92/88 856/1021/876
f 856/1021/876 82/93/89 853/1018/873
f 857/1022/877 91/1023/878 31/31/31
f 853/1018/873 1308/1024/879 858/1025/880
f 860/1026/881 855/1020/875 89/103/97
f 860/1026/881 856/1021/876 861/1027/882
f 861/1027/882 853/1018/873 858/1025/880
f 861/1027/882 858/1025/880 859/1028/883
f 864/1029/884 851/1015/870 862/1030/885
f 862/1030/885 851/1015/870 74/84/80
f 865/1031/886 862/1030/885 866/1032/887
f 867/1033/888 75/1016/871 864/1029/884
f 864/1029/884 75/1016/871 851/1015/870
f 868/1034/889 864/1029/884 865/1031/886
f 873/1035/890 865/1036/886 866/1037/887
f 869/1038/891 75/1016/871 867/1033/888
f 870/1039/892 867/1033/888 868/1034/889
f 873/1035/890 868/1040/889 865/1036/886
f 871/1041/893 852/87/83 869/1038/891
f 872/1042/894 869/1038/891 870/1039/892
f 873/1035/890 870/1043/892 868/1040/889
f 876/1044/895 875/1045/896 871/1041/893
f 877/1046/897 871/1041/893 872/1042/894
f 878/1047/898 872/1048/894 870/1043/892
f 878/1047/898 870/1043/892 873/1035/890
f 874/1049/899 878/1047/898 873/1035/890
f 879/1050/900 861/1027/882 859/1028/883
f 880/1051/901 855/1020/875 881/1052/902
f 881/1052/902 855/1020/875 860/1026/881
f 881/1052/902 860/1026/881 861/1027/882
f 882/1053/903 861/1027/882 879/1050/900
f 883/1054/904 881/1052/902 884/1055/905
f 885/1056/906 881/1052/902 882/1053/903
f 862/1030/885 74/84/80 880/1051/901
f 880/1051/901 74/84/80 857/1022/877
f 888/1057/907 883/1058/904 884/1059/905
f 889/1060/908 884/1059/905 885/1061/906
f 886/1062/909 889/1060/908 885/1061/906
f 890/1063/910 863/1064/911 887/1065/912
f 890/1063/910 887/1065/912 888/1057/907
f 891/1066/913 888/1057/907 889/1060/908
f 874/1049/899 873/1035/890 890/1063/910
f 874/1049/899 890/1063/910 891/1066/913
f 893/1067/914 140/86/82 852/87/83
f 896/1068/915 893/1067/914 894/1069/916
f 898/1070/917 140/86/82 896/1068/915
f 900/1071/918 897/1072/919 895/1073/920
f 901/1074/921 899/1075/922 900/1071/918
f 899/1076/922 904/1077/923 898/1078/917
f 908/1079/924 899/1075/922 901/1074/921
f 906/1080/925 892/1081/926 903/1082/927
f 905/1083/928 907/1084/929 904/1077/923
f 909/1085/930 875/1045/896 876/1044/895
f 910/1086/931 876/1044/895 877/1046/897
f 911/1087/932 877/1088/933 872/1048/894
f 911/1087/932 872/1048/894 878/1047/898
f 874/1049/899 915/1089/934 878/1047/898
f 912/1090/935 893/1067/914 909/1085/930
f 913/1091/936 909/1085/930 910/1086/931
f 914/1092/937 910/1093/938 877/1088/933
f 914/1092/937 877/1088/933 911/1087/932
f 912/1090/935 894/1069/916 893/1067/914
f 916/1094/939 913/1095/940 910/1093/938
f 916/1094/939 910/1093/938 914/1092/937
f 917/1096/941 895/1073/920 916/1094/939
f 902/1097/942 895/1073/920 917/1096/941
f 874/1049/899 919/1098/943 915/1089/934
f 924/1099/944 923/1100/945 921/1101/946
f 927/1102/947 922/1103/948 926/1104/949
f 923/1100/945 925/1105/950 926/1106/949
f 924/1099/944 928/1107/951 923/1100/945
f 956/1108/952 929/1109/953 924/1099/944
f 932/1110/954 931/1111/955 933/1112/956
f 934/1113/957 925/1114/950 933/1115/958
f 935/1116/959 930/1117/960 934/1113/957
f 936/1118/961 932/1110/954 933/1112/956
f 936/1119/961 925/1120/950 928/1121/951
f 196/1122/962 128/42/41 948/1123/963
f 940/1124/964 196/1122/962 948/1123/963
f 200/237/203 197/1125/965 937/1126/966
f 942/1127/967 200/237/203 938/1128/968
f 939/1129/969 942/1127/967 938/1128/968
f 956/1108/952 940/1124/964 948/1123/963
f 944/1130/970 942/1127/967 943/1131/971
f 944/1130/970 941/1132/972 942/1127/967
f 943/1133/971 920/1134/973 922/1103/948
f 943/1131/971 942/1127/967 920/1135/973
f 944/1130/970 943/1131/971 945/1136/974
f 946/1137/975 927/1102/947 930/1117/960
f 946/1137/975 945/1138/974 927/1102/947
f 946/1137/975 930/1117/960 935/1116/959
f 952/1139/976 956/1108/952 948/1123/963
f 954/1140/977 949/1141/978 950/1142/979
f 951/1143/980 954/1140/977 950/1142/979
f 957/1144/981 956/1145/952 952/1146/976
f 954/1140/977 958/1147/982 953/1148/983
f 1002/1149/984 929/1109/953 956/1108/952
f 1031/1150/985 956/1145/952 957/1144/981
f 953/1148/983 959/1151/986 957/1144/981
f 960/1152/987 953/1148/983 958/1147/982
f 961/1153/988 958/1147/982 955/1154/989
f 948/1123/963 140/86/82 892/1155/926
f 947/1156/990 948/1157/963 964/1158/991
f 965/1159/992 947/1156/990 964/1158/991
f 968/1160/993 967/1161/994 966/1162/995
f 955/1154/989 951/1143/980 967/1163/994
f 969/1164/996 961/1165/988 955/1166/989
f 975/1167/997 971/1168/998 974/1169/999
f 975/1167/997 973/1170/1000 972/1171/1001
f 977/1172/1002 974/1169/1003 970/1173/1004
f 978/1174/1005 975/1167/997 974/1169/1003
f 979/1175/1006 975/1167/997 978/1174/1005
f 980/1176/1007 892/1081/926 906/1080/925
f 983/1177/1008 982/1178/1009 908/1079/924
f 981/1179/1010 984/1180/1011 980/1176/1007
f 982/1178/1009 986/1181/1012 981/1182/1010
f 984/1180/1011 965/1159/992 963/1183/1013
f 985/1184/1014 988/1185/1015 986/1181/1012
f 968/1160/993 966/1162/995 986/1181/1012
f 902/1097/942 990/1186/1016 908/1079/924
f 996/1187/1017 242/280/240 997/1188/1018
f 998/1189/1019 931/1190/1020 997/1191/1021
f 999/1192/1022 996/1187/1017 997/1188/1018
f 999/1192/1022 931/1111/955 932/1110/954
f 1000/1193/1023 931/1190/1020 998/1189/1019
f 934/1113/957 1000/1194/1023 1001/1195/1024
f 999/1192/1022 932/1110/954 936/1118/961
f 1004/1196/1025 242/295/252 250/297/253
f 249/1197/250 240/281/241 996/1187/1017
f 1006/1198/1026 242/295/252 1004/1196/1025
f 249/1197/250 996/1187/1017 999/1192/1022
f 1005/1199/1027 249/293/250 1008/1200/1028
f 1002/1201/984 1008/1200/1028 999/1202/1022
f 1010/1203/1029 1008/1200/1028 1003/1204/1030
f 256/303/259 244/294/251 1005/1199/1027
f 1012/1205/1031 1004/1196/1025 1011/1206/1032
f 1013/1207/1033 1006/1208/1026 1012/1209/1031
f 1014/1210/1034 1005/1199/1027 1009/1211/1035
f 1010/1203/1029 1015/1212/1036 1009/1211/1035
f 1001/1195/1024 1007/1213/1037 1017/1214/1038
f 935/1116/959 1017/1214/1038 1018/1215/1039
f 1019/1216/1040 256/303/259 1014/1210/1034
f 1020/1217/1041 1014/1210/1034 1015/1212/1036
f 1016/1218/1042 1021/1219/1043 1015/1212/1036
f 1021/1219/1043 1022/1220/1044 1020/1217/1041
f 1011/1206/1032 265/314/268 1023/1221/1045
f 1012/1205/1031 1011/1206/1032 1023/1221/1045
f 1012/1209/1031 1024/1222/1046 1025/1223/1047
f 1013/1207/1033 1012/1209/1031 1025/1223/1047
f 1082/1224/1048 1013/1207/1033 1025/1223/1047
f 1017/1214/1038 1007/1213/1037 1082/1225/1048
f 1026/1226/1049 1019/1216/1040 1020/1217/1041
f 1022/1220/1044 1026/1226/1049 1020/1217/1041
f 1027/1227/1050 207/246/211 941/1132/972
f 944/1130/970 945/1136/974 1028/1228/1051
f 1028/1228/1051 941/1132/972 944/1130/970
f 1030/1229/1052 1003/1204/1030 1031/1150/985
f 1031/1150/985 1002/1201/984 956/1145/952
f 1032/1230/1053 1031/1150/985 959/1151/986
f 1010/1203/1029 1003/1204/1030 1030/1229/1052
f 1032/1230/1053 1016/1218/1042 1030/1229/1052
f 1034/1231/1054 1016/1218/1042 1032/1230/1053
f 1035/1232/1055 960/1152/987 1033/1233/1056
f 1036/1234/1057 1034/1231/1054 1032/1230/1053
f 1087/1235/1058 1021/1219/1043 1016/1218/1042
f 1037/1236/1059 1035/1232/1055 961/1153/988
f 971/1237/1060 1042/1238/1061 970/1239/1062
f 1044/1240/1063 1039/1241/1064 1043/1242/1065
f 1044/1240/1063 971/1243/1060 972/1244/1066
f 1044/1240/1063 1041/1245/1067 1040/1246/1068
f 973/1247/1069 1044/1240/1063 972/1244/1066
f 970/1248/1070 1042/1249/1061 1046/1250/1071
f 1047/1251/1072 973/1252/1073 976/1253/1074
f 1048/1254/1075 978/1255/1005 977/1256/1002
f 979/1257/1006 1048/1254/1075 1049/1258/1076
f 979/1259/1077 1047/1251/1072 976/1253/1074
f 1053/1260/1078 1048/1254/1075 977/1256/1002
f 1050/1261/1079 1041/1262/1067 1045/1263/1080
f 977/1264/1081 1046/1250/1071 1051/1265/1082
f 1047/1251/1072 1050/1261/1079 1045/1263/1080
f 1052/1266/1083 977/1267/1081 1051/1268/1082
f 1054/1269/1084 1047/1251/1072 1049/1270/1076
f 1048/1254/1075 1053/1260/1078 1055/1271/1085
f 1049/1258/1076 1055/1271/1085 1056/1272/1086
f 1043/1273/1065 1057/1274/1087 1042/1275/1061
f 1059/1276/1088 1041/1262/1067 1050/1261/1079
f 1046/1250/1071 1042/1249/1061 1057/1277/1087
f 1054/1269/1084 1060/1278/1089 1047/1251/1072
f 1040/1246/1068 1061/1279/1090 1039/1241/1064
f 1058/1280/1091 1039/1241/1064 1061/1279/1090
f 1056/1281/1086 1063/1282/1092 1054/1269/1084
f 1062/1283/1093 1064/1284/1094 1040/1246/1068
f 1056/1272/1086 1055/1271/1085 1065/1285/1095
f 1067/1286/1096 1051/1268/1082 1066/1287/1097
f 1053/1288/1078 1067/1286/1096 1068/1289/1098
f 1055/1271/1085 1068/1290/1098 1070/1291/1099
f 1065/1285/1095 1069/1292/1100 1063/1293/1092
f 1072/1294/1101 1064/1284/1094 1062/1283/1093
f 1058/1295/1091 1073/1296/1102 1057/1277/1087
f 1075/1297/1103 1057/1277/1087 1073/1296/1102
f 1066/1298/1097 1046/1250/1071 1075/1297/1103
f 1071/1299/1104 1077/1300/1105 1061/1279/1090
f 1078/1301/1106 968/1160/993 988/1185/1015
f 991/1302/1107 1078/1301/1106 988/1185/1015
f 990/1186/1016 1079/1303/1108 983/1177/1008
f 919/1098/943 993/1304/1109 915/1089/934
f 1081/1305/1110 994/1306/1111 918/1307/1112
f 993/1304/1109 1081/1305/1110 918/1307/1112
f 1080/1308/1113 992/1309/1114 902/1097/942
f 1019/1216/1040 1084/1310/1115 260/307/263
f 1023/1221/1045 265/314/268 296/1311/1116
f 1086/1312/1117 1023/1221/1045 296/1311/1116
f 1085/1313/1118 1024/1314/1046 1086/1312/1117
f 1089/1315/1119 1022/1220/1044 1021/1219/1043
f 1087/1235/1058 1089/1315/1119 1021/1219/1043
f 296/1311/1116 299/345/297 1086/1312/1117
f 300/349/300 207/246/211 1027/1227/1050
f 1090/1316/1120 1029/1317/1121 946/1137/975
f 1028/1228/1051 1091/1318/1122 1027/1227/1050
f 1093/1319/1123 303/350/301 300/349/300
f 960/1152/987 1094/1320/1124 1032/1230/1053
f 1095/1321/1125 1087/1235/1058 1016/1218/1042
f 1094/1320/1124 1036/1234/1057 1032/1230/1053
f 969/1164/996 1096/1322/1126 961/1165/988
f 1076/1323/1127 1097/1324/1128 1071/1299/1104
f 1076/1323/1127 1071/1299/1104 1072/1294/1101
f 1070/1325/1099 1068/1289/1098 1098/1326/1129
f 1065/1285/1095 1098/1327/1129 1099/1328/1130
f 1097/1324/1128 1077/1300/1105 1071/1299/1104
f 1074/1329/1131 1077/1330/1105 1073/1296/1102
f 1075/1297/1103 1073/1296/1102 1101/1331/1132
f 1066/1298/1097 1075/1297/1103 1101/1331/1132
f 1067/1286/1096 1066/1287/1097 1101/1332/1132
f 1103/1333/1133 1097/1324/1128 1076/1323/1127
f 1102/1334/1134 1100/1335/1135 1077/1330/1105
f 1105/1336/1136 1100/1335/1135 1102/1334/1134
f 1106/1337/1137 1100/1335/1135 1104/1338/1138
f 1099/1328/1130 1098/1327/1129 1107/1339/1139
f 1108/1340/1140 1102/1341/1134 1097/1324/1128
f 1109/1342/1141 1097/1324/1128 1103/1333/1133
f 1101/1331/1132 1106/1337/1137 1111/1343/1142
f 1067/1286/1096 1101/1332/1132 1110/1344/1143
f 1110/1344/1143 1101/1332/1132 1113/1345/1144
f 1111/1343/1142 1114/1346/1145 1115/1347/1146
f 1113/1348/1144 1111/1343/1142 1115/1347/1146
f 987/1349/1147 991/1302/1107 988/1185/1015
f 989/1350/1148 1116/1351/1149 985/1184/1014
f 1301/1352/1150 919/1098/943 995/1353/1151
f 1017/1214/1038 1082/1225/1048 1117/1354/1152
f 1018/1215/1039 1117/1354/1152 1118/1355/1153
f 1086/1312/1117 299/345/297 1119/1356/1154
f 1085/1313/1118 1119/1356/1154 1120/1357/1155
f 1083/1358/1156 1121/1359/1157 292/337/290
f 1082/1224/1048 1120/1360/1155 1122/1361/1158
f 1121/1359/1157 333/394/341 329/385/333
f 1088/1362/1159 1121/1359/1157 1083/1358/1156
f 1089/1315/1119 1123/1363/1160 1088/1362/1159
f 340/393/340 333/394/341 1121/1359/1157
f 1123/1363/1160 340/393/340 1121/1359/1157
f 1119/1356/1154 349/403/349 1126/1364/1161
f 1127/1365/1162 1126/1366/1163 348/398/348
f 1120/1357/1155 1126/1364/1161 1128/1367/1164
f 1129/1368/1165 1120/1369/1155 1128/1370/1166
f 1118/1355/1153 1117/1354/1152 1129/1368/1165
f 340/393/340 1127/1371/1162 341/395/342
f 1131/1372/1167 1130/1373/1168 1127/1371/1162
f 1132/1374/1169 1131/1372/1167 1125/1375/1170
f 1124/1376/1171 1125/1375/1170 1123/1363/1160
f 1129/1368/1165 1128/1370/1166 1134/1377/1172
f 1130/1378/1168 1134/1379/1173 1128/1380/1174
f 1135/1381/1175 1129/1368/1165 1134/1377/1172
f 1135/1381/1175 1137/1382/1176 1138/1383/1177
f 1136/1384/1178 1137/1385/1176 1134/1386/1173
f 1132/1374/1169 1139/1387/1179 1131/1372/1167
f 1090/1316/1120 1118/1355/1153 1140/1388/1180
f 1140/1388/1180 1029/1317/1121 1090/1316/1120
f 1092/1389/1181 1142/1390/1182 1143/1391/1183
f 1141/1392/1184 357/417/363 303/350/301
f 1144/1393/1185 1091/1318/1122 1143/1394/1183
f 1140/1388/1180 1118/1355/1153 1135/1381/1175
f 1145/1395/1186 1094/1320/1124 1035/1232/1055
f 1087/1235/1058 1124/1376/1171 1089/1315/1119
f 1146/1396/1187 1087/1235/1058 1095/1321/1125
f 1147/1397/1188 1095/1321/1125 1036/1234/1057
f 1146/1396/1187 1133/1398/1189 1124/1376/1171
f 1094/1320/1124 1147/1397/1188 1036/1234/1057
f 1132/1374/1169 1125/1375/1170 1133/1398/1189
f 1148/1399/1190 1133/1398/1189 1146/1396/1187
f 1095/1321/1125 1148/1399/1190 1146/1396/1187
f 1149/1400/1191 1148/1399/1190 1147/1397/1188
f 1094/1320/1124 1149/1400/1191 1147/1397/1188
f 1145/1395/1186 1149/1400/1191 1094/1320/1124
f 1038/1401/1192 1096/1322/1126 969/1164/996
f 1153/1402/1193 1150/1403/1194 1152/1404/1195
f 1108/1340/1140 1152/1404/1195 1112/1405/1196
f 1153/1402/1193 1108/1340/1140 1109/1342/1141
f 1153/1402/1193 1109/1342/1141 1151/1406/1197
f 1154/1407/1198 1112/1408/1196 1152/1409/1195
f 1115/1347/1146 1114/1346/1145 1154/1407/1198
f 1107/1410/1139 1155/1411/1199 1156/1412/1200
f 1160/1413/1201 1150/1414/1194 1158/1415/1202
f 1161/1416/1203 1157/1417/1204 1160/1413/1201
f 1162/1418/1205 1154/1407/1198 1161/1416/1203
f 1113/1348/1144 1115/1347/1146 1162/1418/1205
f 1159/1419/1206 1164/1420/1207 1158/1421/1202
f 1166/1422/1208 1159/1419/1206 1163/1423/1209
f 1160/1413/1201 1164/1424/1207 1167/1425/1210
f 1161/1416/1203 1160/1413/1201 1167/1425/1210
f 1155/1411/1199 1168/1426/1211 1169/1427/1212
f 1161/1416/1203 1167/1425/1210 1170/1428/1213
f 1168/1426/1211 1110/1344/1143 1171/1429/1214
f 1116/1351/1149 1172/1430/1215 987/1349/1147
f 1136/1384/1178 1174/1431/1216 1137/1385/1176
f 1139/1387/1179 1175/1432/1217 1136/1384/1178
f 1175/1432/1217 1176/1433/1218 1174/1431/1216
f 1139/1387/1179 1177/1434/1219 1175/1432/1217
f 1132/1374/1169 1178/1435/1220 1139/1387/1179
f 1138/1383/1177 1174/1436/1216 1180/1437/1221
f 1138/1383/1177 1179/1438/1222 1142/1390/1182
f 1181/1439/1223 358/418/364 1141/1392/1184
f 1144/1393/1185 1143/1394/1183 1179/1440/1222
f 1144/1393/1185 1181/1439/1223 1141/1392/1184
f 1182/1441/1224 1179/1440/1222 1176/1433/1218
f 1144/1393/1185 1182/1441/1224 1183/1442/1225
f 1177/1434/1219 1182/1441/1224 1176/1433/1218
f 1177/1434/1219 1184/1443/1226 1182/1441/1224
f 1178/1435/1220 1185/1444/1227 1177/1434/1219
f 1181/1439/1223 412/1445/1228 358/418/364
f 1184/1443/1226 1181/1439/1223 1183/1442/1225
f 1185/1444/1227 412/1445/1228 1184/1443/1226
f 411/478/411 412/1445/1228 1185/1444/1227
f 1185/1444/1227 442/1446/1229 411/478/411
f 1187/1447/1230 1132/1374/1169 1148/1399/1190
f 1149/1400/1191 1187/1447/1230 1148/1399/1190
f 1189/1448/1231 1187/1447/1230 1149/1400/1191
f 1037/1236/1059 1188/1449/1232 1145/1395/1186
f 1190/1450/1233 1037/1236/1059 1096/1451/1126
f 1186/1452/1234 1178/1435/1220 1132/1374/1169
f 1192/1453/1235 1096/1322/1126 1038/1401/1192
f 1193/1454/1236 1189/1448/1231 1188/1449/1232
f 1193/1454/1236 1186/1452/1234 1189/1448/1231
f 1194/1455/1237 1188/1449/1232 1190/1450/1233
f 1191/1456/1238 1194/1455/1237 1190/1450/1233
f 1185/1444/1227 1178/1435/1220 1186/1452/1234
f 1195/1457/1239 1193/1454/1236 1194/1455/1237
f 1191/1456/1238 1195/1457/1239 1194/1455/1237
f 1192/1458/1235 1195/1457/1239 1191/1456/1238
f 1196/1459/1240 1193/1454/1236 1195/1457/1239
f 1196/1459/1240 1199/1460/1241 1186/1452/1234
f 1198/1461/1242 1199/1460/1241 1196/1459/1240
f 1199/1460/1241 442/1446/1229 1185/1444/1227
f 1200/1462/1243 1199/1460/1241 1198/1461/1242
f 1164/1424/1207 1202/1463/1244 1167/1425/1210
f 1206/1464/1245 1165/1465/1246 1201/1466/1247
f 1170/1428/1213 1167/1425/1210 1202/1463/1244
f 1113/1348/1144 1162/1418/1205 1203/1467/1248
f 1206/1468/1245 1205/1469/1249 1202/1463/1244
f 1113/1348/1144 1207/1470/1250 1171/1471/1214
f 1204/1472/1251 1208/1473/1252 1206/1464/1245
f 1204/1472/1251 1504/1474/1253 1208/1473/1252
f 1211/1475/1254 1205/1469/1249 1206/1468/1245
f 1209/1476/1255 1205/1469/1249 1210/1477/1256
f 1211/1478/1254 1208/1473/1252 1212/1479/1257
f 1078/1301/1106 1215/1480/1258 1192/1453/1235
f 1215/1481/1258 1198/1461/1242 1197/1482/1259
f 1218/1483/1260 1198/1461/1242 1215/1481/1258
f 1217/1484/1261 1218/1483/1260 1215/1481/1258
f 1172/1430/1215 1217/1485/1261 1216/1486/1262
f 1219/1487/1263 1198/1461/1242 1218/1483/1260
f 1217/1484/1261 1219/1487/1263 1218/1483/1260
f 1172/1430/1215 1220/1488/1264 1217/1485/1261
f 1116/1351/1149 1221/1489/1265 1172/1430/1215
f 1214/1490/1266 1221/1489/1265 1116/1351/1149
f 1252/1491/1267 1224/1492/1268 1080/1308/1113
f 1222/1493/1269 1081/1305/1110 993/1304/1109
f 919/1098/943 1222/1493/1269 993/1304/1109
f 992/1309/1114 1223/1494/1270 990/1186/1016
f 1223/1494/1270 1214/1490/1266 1079/1303/1108
f 1225/1495/1271 1173/1496/1272 1081/1305/1110
f 1200/1462/1243 1228/1497/1273 1199/1460/1241
f 1228/1497/1273 442/1446/1229 1199/1460/1241
f 1211/1475/1254 1212/1498/1257 1229/1499/1274
f 1209/1476/1255 1210/1477/1256 1230/1500/1275
f 1203/1467/1248 1170/1428/1213 1230/1500/1275
f 1203/1467/1248 1231/1501/1276 1207/1470/1250
f 1213/1502/1277 1232/1503/1278 1212/1479/1257
f 1229/1499/1274 1232/1504/1278 1234/1505/1279
f 1235/1506/1280 1210/1477/1256 1234/1505/1279
f 1230/1500/1275 1235/1506/1280 1231/1501/1276
f 1237/1507/1281 1232/1503/1278 1233/1508/1282
f 1231/1501/1276 1236/1509/1283 1238/1510/1284
f 1234/1505/1279 1232/1504/1278 1239/1511/1285
f 1240/1512/1286 1171/1429/1214 1272/1513/1287
f 1241/1514/1288 1168/1426/1211 1240/1512/1286
f 1220/1515/1264 1200/1462/1243 1219/1487/1263
f 1214/1490/1266 1242/1516/1289 1221/1489/1265
f 1244/1517/1290 1200/1462/1243 1220/1515/1264
f 1242/1518/1289 1244/1517/1290 1220/1515/1264
f 1243/1519/1291 1228/1497/1273 1200/1462/1243
f 1245/1520/1292 1243/1519/1291 1244/1517/1290
f 1242/1518/1289 1245/1520/1292 1244/1517/1290
f 1247/1521/1293 1243/1519/1291 1245/1520/1292
f 1248/1522/1294 1245/1520/1292 1246/1523/1295
f 1223/1494/1270 1242/1516/1289 1214/1490/1266
f 1223/1494/1270 1246/1524/1295 1242/1516/1289
f 1247/1521/1293 1228/1497/1273 1243/1519/1291
f 1249/1525/1296 1248/1526/1294 1246/1524/1295
f 1224/1492/1268 1249/1525/1296 1223/1494/1270
f 1248/1522/1294 1250/1527/1297 1247/1521/1293
f 1249/1525/1296 1250/1528/1297 1248/1526/1294
f 1224/1492/1268 1251/1529/1298 1249/1525/1296
f 1251/1530/1299 1253/1531/1300 1250/1532/1297
f 1173/1496/1272 1254/1533/1301 1252/1491/1267
f 1225/1495/1271 1254/1533/1301 1173/1496/1272
f 1256/1534/1302 1253/1535/1300 1251/1536/1299
f 1254/1533/1301 1256/1537/1303 1251/1529/1298
f 1257/1538/1304 1228/1497/1273 1253/1535/1300
f 1258/1539/1305 1253/1535/1300 1255/1540/1306
f 1259/1541/1307 1255/1540/1306 1256/1534/1302
f 1254/1533/1301 1259/1542/1307 1256/1537/1303
f 1225/1495/1271 1259/1542/1307 1254/1533/1301
f 1222/1493/1269 1260/1543/1308 1225/1495/1271
f 442/1446/1229 435/509/439 411/478/411
f 1266/1544/1309 453/529/457 435/509/439
f 1236/1509/1283 1234/1505/1279 1267/1545/1310
f 1207/1470/1250 1238/1510/1284 1268/1546/1311
f 1272/1547/1287 1207/1470/1250 1268/1546/1311
f 1273/1548/1312 1270/1549/1313 1269/1550/1314
f 1269/1550/1314 1265/1551/1315 1273/1548/1312
f 482/564/486 479/565/487 1274/1552/1316
f 1275/1553/1317 1270/1549/1313 1273/1548/1312
f 485/568/489 481/566/488 1276/1554/1318
f 1277/1555/1319 1270/1549/1313 1275/1553/1317
f 1278/1556/1320 1271/1557/1321 1277/1555/1319
f 1279/1558/1322 1268/1546/1311 1278/1556/1320
f 1276/1554/1318 482/567/486 1274/1559/1316
f 1241/1560/1288 1279/1558/1322 1281/1561/1323
f 1282/1562/1324 1257/1538/1304 1258/1539/1305
f 1283/1563/1325 1258/1539/1305 1259/1541/1307
f 1260/1543/1308 1283/1564/1325 1259/1542/1307
f 1261/1565/1326 1283/1564/1325 1260/1543/1308
f 1284/1566/1327 1257/1538/1304 1282/1562/1324
f 1285/1567/1328 1282/1562/1324 1283/1563/1325
f 1261/1565/1326 1285/1568/1328 1283/1564/1325
f 1287/1569/1329 442/1446/1229 1284/1566/1327
f 1288/1570/1330 1284/1566/1327 1285/1567/1328
f 1286/1571/1331 1288/1572/1330 1285/1568/1328
f 1262/1573/1332 1288/1572/1330 1286/1571/1331
f 1290/1574/1333 1266/1544/1309 1287/1569/1329
f 1291/1575/1334 1287/1569/1329 1288/1570/1330
f 1289/1576/1335 1291/1577/1334 1288/1572/1330
f 1292/1578/1336 1266/1544/1309 1290/1574/1333
f 1293/1579/1337 1290/1574/1333 1291/1575/1334
f 1294/1580/1338 1289/1576/1335 1262/1573/1332
f 1295/1581/1339 1291/1577/1334 1289/1576/1335
f 1296/1582/1340 1294/1580/1338 919/1098/943
f 1296/1582/1340 919/1098/943 1301/1352/1150
f 1292/1578/1336 1274/1552/1316 1264/1583/1341
f 1295/1581/1339 1293/1584/1337 1291/1577/1334
f 1294/1580/1338 1293/1584/1337 1295/1581/1339
f 1296/1582/1340 1297/1585/1342 1294/1580/1338
f 1299/1586/1343 1292/1578/1336 1293/1579/1337
f 1299/1586/1343 1276/1587/1318 1292/1578/1336
f 1297/1585/1342 1299/1588/1343 1293/1584/1337
f 1296/1582/1340 1300/1589/1344 1297/1585/1342
f 1302/1590/1345 1276/1587/1318 1299/1586/1343
f 1300/1591/1344 1302/1590/1345 1299/1586/1343
f 1304/1592/1346 1303/1593/1347 1302/1594/1345
f 1301/1352/1150 1304/1595/1348 1296/1582/1340
f 1306/1596/1349 569/674/577 570/1597/1350
f 1307/1598/1351 1306/1596/1349 568/671/574
f 1317/1599/1352 568/671/574 563/666/570
f 1309/1600/1353 573/1601/584 574/701/585
f 1310/1602/1354 563/666/570 573/681/584
f 1311/1603/1355 1309/1600/1353 585/703/595
f 1312/1604/1356 585/703/595 586/705/597
f 1313/1605/1357 1312/1604/1356 587/706/598
f 587/706/598 1341/1606/1358 1313/1605/1357
f 1314/1607/1359 1308/1024/879 1306/1596/1349
f 858/1025/880 1308/1024/879 1315/1608/1360
f 1316/1609/1361 1314/1607/1359 1307/1598/1351
f 1318/1610/1362 1307/1598/1351 1317/1599/1352
f 1319/1611/1363 1317/1599/1352 1310/1602/1354
f 858/1025/880 1315/1608/1360 859/1028/883
f 1309/1600/1353 1320/1612/1364 1310/1613/1354
f 1320/1612/1364 1311/1603/1355 1321/1614/1365
f 1311/1603/1355 1312/1604/1356 1322/1615/1366
f 1324/1616/1367 1323/1617/1368 1314/1607/1359
f 1327/1618/1369 1324/1616/1367 1316/1609/1361
f 1327/1618/1369 1325/1619/1370 1324/1616/1367
f 1315/1608/1360 1323/1617/1368 859/1028/883
f 1328/1620/1371 1316/1609/1361 1318/1610/1362
f 1328/1620/1371 1318/1610/1362 1319/1611/1363
f 1329/1621/1372 879/1050/900 1326/1622/1373
f 1327/1623/1369 1328/1624/1371 1330/1625/1374
f 1327/1626/1369 1331/1627/1375 1326/1628/1373
f 1328/1624/1371 1320/1612/1364 1332/1629/1376
f 1332/1629/1376 1320/1612/1364 1321/1614/1365
f 1334/1630/1377 886/1062/909 1331/1627/1375
f 1332/1629/1376 1322/1615/1366 1335/1631/1378
f 1330/1632/1374 1336/1633/1379 1333/1634/1380
f 1330/1625/1374 1335/1631/1378 1337/1635/1381
f 891/1066/913 889/1060/908 1334/1630/1377
f 1337/1636/1381 1339/1637/1382 1336/1633/1379
f 1333/1634/1380 1345/1638/1383 1334/1630/1377
f 1340/1639/1384 1336/1633/1379 1339/1637/1382
f 1337/1635/1381 1338/1640/1385 1343/1641/1386
f 1335/1631/1378 1342/1642/1387 1344/1643/1388
f 1346/1644/1389 1339/1637/1382 1343/1645/1386
f 1348/1646/1390 1342/1642/1387 1347/1647/1391
f 1348/1646/1390 1350/1648/1392 1344/1643/1388
f 1346/1644/1389 1343/1645/1386 1351/1649/1393
f 1379/1650/1394 1341/1606/1358 600/723/613
f 1353/1651/1395 1350/1648/1392 1348/1646/1390
f 1348/1646/1390 1347/1647/1391 1353/1651/1395
f 1349/1652/1396 1350/1648/1392 1354/1653/1397
f 1352/1654/1398 1356/1655/1399 1340/1639/1384
f 1358/1656/1400 1050/1261/1079 1060/1278/1089
f 1054/1269/1084 1358/1656/1400 1060/1278/1089
f 1365/1657/1401 1362/1658/1402 1364/1659/1403
f 1365/1657/1401 1363/1660/1404 1360/1661/1405
f 1367/1662/1406 1365/1657/1401 1375/1663/1407
f 1059/1664/1088 1368/1665/1408 1062/1283/1093
f 1370/1666/1409 1362/1667/1402 1360/1668/1410
f 1370/1666/1409 1360/1668/1410 1381/1669/1411
f 1371/1670/1412 1361/1671/1413 1363/1672/1414
f 1054/1269/1084 1069/1673/1100 1373/1674/1415
f 1364/1659/1403 1369/1675/1416 1374/1676/1417
f 1366/1677/1418 1376/1678/1419 1377/1679/1420
f 1377/1680/1420 1363/1672/1421 1366/1681/1418
f 1378/1682/1422 1375/1663/1407 1364/1659/1403
f 1367/1683/1423 1376/1684/1419 1366/1685/1418
f 1368/1665/1408 1072/1294/1101 1062/1283/1093
f 1380/1686/1424 1368/1687/1408 1359/1688/1425
f 1382/1689/1426 1381/1669/1411 1361/1690/1413
f 1358/1656/1400 1380/1686/1424 1359/1688/1425
f 1370/1666/1409 1369/1691/1416 1362/1667/1402
f 1373/1674/1415 1383/1692/1427 1358/1656/1400
f 1385/1693/1428 1378/1694/1429 1384/1695/1430
f 1386/1696/1431 1375/1697/1432 1385/1693/1428
f 1072/1294/1101 1387/1698/1433 1076/1323/1127
f 1388/1699/1434 1369/1691/1416 1370/1666/1409
f 1389/1700/1435 1371/1670/1412 1372/1701/1436
f 1390/1702/1437 1383/1692/1427 1373/1674/1415
f 1391/1703/1438 1369/1704/1416 1388/1705/1434
f 1069/1292/1100 1065/1285/1095 1392/1706/1439
f 1069/1673/1100 1390/1702/1437 1373/1674/1415
f 1392/1707/1440 1391/1708/1441 1390/1709/1442
f 1393/1710/1443 1374/1711/1417 1391/1703/1438
f 1404/1712/1444 1378/1694/1445 1393/1713/1446
f 1385/1693/1428 1384/1695/1430 1404/1712/1444
f 1356/1655/1399 995/1353/1151 1345/1638/1383
f 1347/1647/1391 1379/1650/1394 1394/1714/1447
f 1354/1715/1397 1395/1716/1448 1351/1649/1393
f 1352/1654/1398 1351/1649/1393 1395/1716/1448
f 1357/1717/1449 600/723/613 844/810/695
f 1396/1718/1450 1387/1719/1433 1368/1687/1408
f 1396/1718/1450 1368/1687/1408 1380/1686/1424
f 1382/1689/1426 1414/1720/1451 1381/1669/1411
f 1398/1721/1452 1380/1686/1424 1383/1692/1427
f 1398/1721/1452 1397/1722/1453 1396/1718/1450
f 1401/1723/1454 1382/1689/1426 1371/1724/1412
f 1389/1700/1435 1401/1725/1454 1371/1670/1412
f 1402/1726/1455 1398/1721/1452 1390/1702/1437
f 1402/1727/1456 1388/1705/1434 1399/1728/1457
f 1377/1680/1420 1376/1729/1419 1403/1730/1458
f 1403/1730/1458 1389/1700/1459 1377/1680/1420
f 1393/1713/1446 1099/1328/1130 1404/1712/1444
f 1406/1731/1460 1387/1719/1433 1396/1718/1450
f 1414/1720/1451 1400/1732/1461 1381/1669/1411
f 1409/1733/1462 1397/1722/1453 1399/1734/1463
f 1400/1732/1461 1409/1735/1464 1399/1736/1457
f 1401/1723/1454 1408/1737/1465 1382/1689/1426
f 1404/1712/1444 1099/1328/1130 1411/1738/1466
f 1413/1739/1467 1385/1693/1428 1412/1740/1468
f 1413/1739/1467 1376/1741/1419 1386/1696/1431
f 1415/1742/1469 1414/1720/1451 1382/1689/1426
f 1408/1737/1465 1415/1742/1469 1382/1689/1426
f 1421/1743/1470 1400/1732/1461 1414/1720/1451
f 1412/1740/1468 1404/1712/1444 1417/1744/1471
f 1415/1742/1469 1418/1745/1472 1422/1746/1473
f 1415/1742/1469 1420/1747/1474 1419/1748/1475
f 1421/1743/1470 1427/1749/1476 1409/1735/1464
f 1423/1750/1477 1408/1751/1465 1389/1700/1435
f 1403/1730/1458 1410/1752/1478 1442/1753/1479
f 1442/1753/1479 1389/1700/1459 1403/1730/1458
f 1411/1738/1466 1416/1754/1480 1424/1755/1481
f 1417/1744/1471 1411/1738/1466 1424/1755/1481
f 1425/1756/1482 1103/1333/1133 1405/1757/1483
f 1406/1758/1460 1425/1756/1482 1405/1757/1483
f 1426/1759/1484 1406/1731/1460 1407/1760/1485
f 1428/1761/1486 1421/1743/1470 1422/1746/1473
f 1429/1762/1487 1420/1763/1474 1408/1751/1465
f 1426/1759/1484 1432/1764/1488 1431/1765/1489
f 1433/1766/1490 1429/1762/1487 1423/1750/1477
f 1436/1767/1491 1430/1768/1492 1431/1769/1489
f 1432/1764/1488 1436/1770/1491 1431/1765/1489
f 1420/1747/1474 1438/1771/1493 1419/1748/1475
f 1427/1772/1494 1437/1773/1495 1426/1759/1484
f 1441/1774/1496 1420/1763/1474 1429/1762/1487
f 1433/1766/1490 1441/1774/1496 1429/1762/1487
f 1434/1775/1497 1437/1776/1495 1427/1777/1494
f 1434/1778/1498 1428/1761/1486 1439/1779/1499
f 1109/1342/1141 1430/1768/1492 1443/1780/1500
f 1445/1781/1501 1432/1764/1488 1437/1773/1495
f 1447/1782/1502 1437/1773/1495 1439/1783/1503
f 1440/1784/1504 1447/1785/1505 1439/1779/1499
f 1355/1786/1506 1353/1651/1395 1448/1787/1507
f 1395/1716/1448 1449/1788/1508 1352/1654/1398
f 1450/1789/1509 1354/1715/1397 1451/1790/1510
f 1450/1789/1509 1453/1791/1511 1449/1788/1508
f 1455/1792/1512 1394/1714/1447 1454/1793/1513
f 1456/1794/1514 1448/1787/1507 1455/1792/1512
f 1455/1792/1512 1454/1793/1513 1456/1794/1514
f 1438/1771/1493 1457/1795/1515 1418/1745/1472
f 1440/1784/1504 1418/1745/1472 1457/1795/1515
f 1433/1766/1490 1442/1753/1479 1459/1796/1516
f 1461/1797/1517 1107/1339/1139 1156/1798/1200
f 1424/1755/1481 1416/1754/1480 1461/1797/1517
f 1436/1767/1491 1462/1799/1518 1435/1800/1519
f 1465/1801/1520 1436/1770/1491 1444/1802/1521
f 1466/1803/1522 1463/1804/1523 1465/1801/1520
f 1445/1781/1501 1465/1801/1520 1444/1802/1521
f 1446/1805/1524 1457/1795/1515 1438/1771/1493
f 1447/1782/1502 1471/1806/1525 1445/1781/1501
f 1441/1807/1496 1467/1808/1526 1446/1805/1524
f 1460/1809/1527 1410/1810/1478 1468/1811/1528
f 1424/1755/1481 1461/1797/1517 1469/1812/1529
f 1462/1799/1518 1151/1406/1197 1443/1780/1500
f 1464/1813/1530 1470/1814/1531 1463/1815/1532
f 1472/1816/1533 1457/1795/1515 1446/1805/1524
f 1467/1808/1526 1472/1816/1533 1446/1805/1524
f 1440/1784/1504 1457/1795/1515 1478/1817/1534
f 1417/1744/1471 1469/1812/1529 1473/1818/1535
f 1462/1799/1518 1163/1423/1209 1151/1406/1197
f 1470/1814/1531 1474/1819/1536 1462/1799/1518
f 1464/1813/1530 1475/1820/1537 1470/1814/1531
f 1476/1821/1538 1464/1822/1530 1466/1803/1539
f 1471/1806/1525 1476/1821/1538 1466/1803/1539
f 1447/1782/1502 1477/1823/1540 1471/1806/1525
f 1478/1817/1534 1477/1824/1541 1447/1785/1505
f 1412/1740/1468 1473/1818/1535 1480/1825/1542
f 1413/1739/1467 1480/1825/1542 1481/1826/1543
f 1481/1826/1543 1468/1811/1528 1413/1739/1467
f 1475/1820/1537 1482/1827/1544 1474/1819/1536
f 1484/1828/1545 1475/1820/1537 1464/1813/1530
f 1476/1821/1538 1484/1829/1545 1464/1822/1530
f 1471/1806/1525 1477/1823/1540 1476/1821/1538
f 1479/1830/1546 1487/1831/1547 1478/1817/1534
f 1488/1832/1548 1485/1833/1549 1479/1830/1546
f 1488/1832/1548 1479/1830/1546 1472/1816/1533
f 1467/1808/1526 1488/1832/1550 1472/1816/1533
f 1477/1824/1541 1478/1817/1534 1487/1831/1547
f 1490/1834/1551 1467/1835/1526 1458/1836/1552
f 1459/1796/1516 1491/1837/1553 1492/1838/1554
f 1492/1838/1554 1458/1836/1552 1459/1796/1516
f 1460/1839/1527 1491/1837/1553 1442/1753/1479
f 1482/1827/1544 1163/1423/1209 1474/1819/1536
f 1493/1840/1555 1483/1841/1556 1475/1820/1537
f 1484/1828/1545 1493/1840/1555 1475/1820/1537
f 1495/1842/1557 1485/1833/1549 1486/1843/1558
f 1476/1821/1538 1477/1823/1540 1497/1844/1559
f 1498/1845/1560 1487/1831/1547 1479/1830/1546
f 1499/1846/1561 1486/1847/1562 1489/1848/1563
f 1477/1824/1541 1487/1831/1547 1497/1849/1564
f 1500/1850/1565 1482/1827/1544 1483/1841/1556
f 1502/1851/1566 1494/1852/1567 1497/1844/1559
f 1498/1845/1560 1502/1853/1568 1497/1849/1564
f 1503/1854/1569 1499/1846/1561 1490/1834/1551
f 1495/1842/1557 1505/1855/1570 1485/1833/1549
f 1498/1845/1560 1485/1833/1549 1505/1855/1570
f 1453/1791/1511 1226/1856/1571 1356/1655/1399
f 1355/1786/1506 1452/1857/1572 1507/1858/1573
f 1507/1859/1573 1508/1860/1574 1451/1790/1510
f 1506/1861/1575 1451/1790/1510 1508/1860/1574
f 1454/1793/1513 1509/1862/1576 1510/1863/1577
f 1511/1864/1578 1504/1474/1253 1482/1827/1544
f 1500/1850/1565 1511/1864/1578 1482/1827/1544
f 1512/1865/1579 1505/1855/1570 1495/1842/1557
f 1496/1866/1580 1512/1865/1579 1495/1842/1557
f 1514/1867/1581 1500/1850/1565 1493/1840/1555
f 1501/1868/1582 1514/1869/1581 1493/1870/1555
f 1515/1871/1583 1501/1868/1582 1494/1852/1567
f 1516/1872/1584 1512/1865/1579 1496/1866/1580
f 1517/1873/1585 1494/1852/1567 1502/1851/1566
f 1499/1846/1561 1516/1874/1584 1496/1875/1586
f 1519/1876/1587 1511/1864/1578 1500/1850/1565
f 1514/1867/1581 1519/1876/1587 1500/1850/1565
f 1520/1877/1588 1514/1869/1581 1501/1868/1582
f 1515/1871/1583 1520/1877/1588 1501/1868/1582
f 1515/1871/1583 1521/1878/1589 1520/1877/1588
f 1492/1838/1554 1523/1879/1590 1524/1880/1591
f 1524/1880/1591 1503/1854/1569 1492/1838/1554
f 1460/1839/1527 1523/1879/1590 1491/1837/1553
f 1521/1878/1589 1514/1869/1581 1520/1877/1588
f 1517/1881/1592 1505/1855/1570 1521/1882/1593
f 1527/1883/1594 1518/1884/1595 1522/1885/1596
f 1480/1825/1542 1473/1818/1535 1529/1886/1597
f 1532/1887/1598 1525/1888/1599 1521/1878/1589
f 1512/1865/1579 1532/1889/1598 1521/1882/1593
f 1533/1890/1600 1531/1891/1601 1530/1892/1602
f 1516/1872/1584 1533/1890/1600 1512/1865/1579
f 1535/1893/1603 1516/1874/1584 1518/1884/1595
f 1526/1894/1604 1535/1893/1603 1518/1884/1595
f 1481/1826/1543 1529/1886/1597 1536/1895/1605
f 1536/1895/1605 1468/1811/1528 1481/1826/1543
f 1525/1896/1599 1547/1897/1606 1514/1867/1581
f 1535/1893/1603 1531/1898/1601 1534/1899/1607
f 1538/1900/1608 1540/1901/1609 1519/1876/1587
f 1542/1902/1610 1530/1892/1602 1541/1903/1611
f 1460/1809/1527 1468/1811/1528 1545/1904/1612
f 1156/1798/1200 1544/1905/1613 1546/1906/1614
f 1461/1797/1517 1156/1798/1200 1546/1906/1614
f 1528/1907/1615 1461/1797/1517 1546/1906/1614
f 1548/1908/1616 1525/1896/1599 1532/1889/1598
f 1543/1909/1617 1549/1910/1618 1531/1898/1601
f 1508/1860/1574 1551/1911/1619 1506/1861/1575
f 1510/1863/1577 1509/1862/1576 1357/1717/1449
f 1452/1857/1572 1550/1912/1620 1507/1858/1573
f 1554/1913/1621 1510/1863/1577 1553/1914/1622
f 1555/1915/1623 1456/1794/1514 1554/1913/1621
f 1556/1916/1624 1557/1917/1625 1554/1913/1621
f 1560/1918/1626 1558/1919/1627 1559/1920/1628
f 1563/1921/1629 1540/1901/1609 1538/1900/1608
f 1547/1897/1606 1563/1921/1629 1538/1900/1608
f 1564/1922/1630 1541/1903/1611 1531/1891/1601
f 1527/1883/1594 1522/1885/1596 1565/1923/1631
f 1524/1880/1591 1565/1923/1631 1522/1885/1596
f 1559/1920/1628 1537/1924/1632 1511/1864/1578
f 1540/1901/1609 1559/1920/1628 1511/1864/1578
f 1548/1908/1616 1541/1903/1611 1566/1925/1633
f 1460/1809/1527 1545/1904/1612 1568/1926/1634
f 1523/1927/1590 1460/1809/1527 1568/1926/1634
f 1558/1919/1627 1233/1508/1282 1213/1502/1277
f 1564/1922/1630 1566/1925/1633 1541/1903/1611
f 1567/1928/1635 1569/1929/1636 1526/1894/1604
f 1561/1930/1637 1233/1508/1282 1558/1919/1627
f 1571/1931/1638 1559/1920/1628 1540/1901/1609
f 1563/1921/1629 1571/1931/1638 1540/1901/1609
f 1572/1932/1639 1547/1897/1606 1566/1925/1633
f 1574/1933/1640 1573/1934/1641 1549/1935/1618
f 1561/1930/1637 1227/1936/1642 1233/1508/1282
f 1576/1937/1643 1574/1938/1640 1543/1909/1617
f 1577/1939/1644 1543/1909/1617 1569/1929/1636
f 1544/1940/1613 1169/1427/1212 1579/1941/1645
f 1523/1879/1590 1578/1942/1646 1565/1923/1631
f 1539/1943/1647 1528/1907/1615 1580/1944/1648
f 1575/1945/1649 1582/1946/1650 1572/1932/1639
f 1573/1934/1641 1583/1947/1651 1575/1945/1649
f 1576/1937/1643 1581/1948/1652 1574/1938/1640
f 1585/1949/1653 1568/1926/1634 1584/1950/1654
f 1545/1904/1612 1570/1951/1655 1586/1952/1656
f 1586/1952/1656 1568/1926/1634 1545/1904/1612
f 1552/1953/1657 1588/1954/1658 1551/1911/1619
f 1588/1954/1658 1298/1955/1659 1453/1791/1511
f 1590/1956/1660 1550/1957/1620 1589/1958/1661
f 1553/1914/1622 1357/1717/1449 1591/1959/1662
f 1555/1960/1623 1589/1961/1661 1550/1962/1620
f 1555/1915/1623 1557/1917/1625 1592/1963/1663
f 1593/1964/1664 1227/1936/1642 1561/1930/1637
f 1594/1965/1665 1561/1930/1637 1560/1918/1626
f 1596/1966/1666 1562/1967/1667 1571/1931/1638
f 1596/1966/1666 1594/1965/1665 1562/1967/1667
f 1593/1964/1664 1265/1968/1315 1263/1969/1668
f 1594/1965/1665 1597/1970/1669 1593/1964/1664
f 1594/1965/1665 1599/1971/1670 1597/1970/1669
f 1601/1972/1671 1594/1965/1665 1596/1966/1666
f 1598/1973/1672 1602/1974/1673 1596/1966/1666
f 1583/1947/1651 1582/1946/1650 1575/1945/1649
f 1606/1975/1674 1577/1939/1644 1567/1928/1635
f 1607/1976/1675 1567/1928/1635 1565/1923/1631
f 1529/1886/1597 1580/1944/1648 1608/1977/1676
f 1609/1978/1677 1605/1979/1678 1576/1937/1643
f 1577/1939/1644 1609/1978/1677 1576/1937/1643
f 1610/1980/1679 1583/1947/1651 1581/1981/1652
f 1605/1979/1678 1610/1982/1679 1581/1948/1652
f 1610/1980/1679 1611/1983/1680 1583/1947/1651
f 1546/1906/1614 1612/1984/1681 1613/1985/1682
f 1528/1907/1615 1546/1906/1614 1613/1985/1682
f 1580/1944/1648 1528/1907/1615 1613/1985/1682
f 1615/1986/1683 1610/1982/1679 1605/1979/1678
f 1616/1987/1684 1609/1978/1677 1577/1939/1644
f 1617/1988/1685 1577/1939/1644 1606/1975/1674
f 1598/1973/1672 1595/1989/1686 1582/1946/1650
f 1611/1983/1680 1598/1973/1672 1582/1946/1650
f 1618/1990/1687 1611/1983/1680 1610/1980/1679
f 1619/1991/1688 1615/1986/1683 1609/1978/1677
f 1616/1987/1684 1619/1991/1688 1609/1978/1677
f 1620/1992/1689 1618/1993/1687 1615/1986/1683
f 1621/1994/1690 1615/1986/1683 1619/1991/1688
f 1617/1988/1685 1622/1995/1691 1616/1987/1684
f 1611/1983/1680 1604/1996/1692 1603/1997/1693
f 1623/1998/1694 1618/1993/1687 1620/1992/1689
f 1617/1988/1685 1624/1999/1695 1622/1995/1691
f 1607/1976/1675 1624/1999/1695 1617/1988/1685
f 1626/2000/1696 1241/1514/1288 1281/2001/1323
f 1585/1949/1653 1630/2002/1697 1627/2003/1698
f 1585/2004/1653 1625/2005/1699 1578/1942/1646
f 1613/1985/1682 1626/2006/1696 1628/2007/1700
f 1629/2008/1701 1613/1985/1682 1628/2007/1700
f 1614/2009/1702 1629/2008/1701 1630/2002/1697
f 1586/1952/1656 1630/2002/1697 1584/1950/1654
f 1587/2010/1703 1357/1717/1449 844/810/695
f 1631/2011/1704 844/810/695 821/966/831
f 1587/2010/1703 1632/2012/1705 1633/2013/1706
f 1631/2011/1704 846/1010/865 1634/2014/1707
f 1622/1995/1691 1619/1991/1688 1616/1987/1684
f 1633/2013/1706 1634/2014/1707 1635/2015/1708
f 1637/2016/1709 846/1010/865 850/2017/869
f 1638/2018/1710 1620/1992/1689 1621/1994/1690
f 1638/2019/1711 1637/2020/1709 1636/2021/1712
f 1639/2022/1713 1622/1995/1691 1624/1999/1695
f 1622/1995/1691 1638/2018/1710 1621/1994/1690
f 1640/2023/1714 1638/2019/1711 1639/2024/1715
f 1634/2014/1707 1637/2016/1709 1640/2025/1714
f 1640/2023/1714 1639/2024/1715 1641/2026/1716
f 1634/2027/1707 1640/2023/1714 1642/2028/1717
f 1644/2029/1718 1642/2030/1717 1643/2031/1719
f 1635/2015/1708 1642/2030/1717 1644/2029/1718
f 1645/2032/1720 1588/1954/1658 1590/1956/1660
f 1646/2033/1721 1301/1352/1150 1298/1955/1659
f 1646/2033/1721 1298/1955/1659 1588/1954/1658
f 1556/1916/1624 1591/1959/1662 1647/2034/1722
f 1648/2035/1723 1557/1917/1625 1647/2034/1722
f 1649/2036/1724 1589/1958/1661 1592/2037/1663
f 1649/2036/1724 1645/2032/1720 1590/1956/1660
f 1647/2034/1722 1635/2015/1708 1650/2038/1725
f 1651/2039/1726 1592/1963/1663 1648/2035/1723
f 1648/2035/1723 1650/2038/1725 1651/2039/1726
f 1650/2038/1725 1643/2031/1719 1652/2040/1727
f 1653/2041/1728 1645/2032/1720 1649/2036/1724
f 1653/2042/1728 1651/2039/1726 1650/2038/1725
f 472/556/478 1654/2043/1729 470/2044/475
f 1655/2045/1730 1654/2043/1729 472/556/478
f 1658/2046/1731 472/556/478 1657/2047/1732
f 474/571/492 1659/2048/1733 1657/2047/1732
f 1662/2049/1734 1658/2046/1731 1663/2050/1735
f 1664/2051/1736 486/569/490 1662/2052/1737
f 1665/2053/1738 1663/2050/1735 1657/2047/1732
f 1666/2054/1739 483/573/494 1664/2051/1736
f 1667/2055/1740 1666/2056/1741 1663/2050/1735
f 1659/2048/1733 474/571/492 1699/2057/1742
f 1671/2058/1743 1659/2048/1733 1670/2059/1744
f 1667/2055/1740 1665/2053/1738 1671/2058/1743
f 1673/2060/1745 1667/2055/1740 1672/2061/1746
f 471/552/476 1654/2062/1729 1674/2063/1747
f 1675/2064/1748 471/552/476 1674/2063/1747
f 1655/2045/1730 1674/2065/1747 1654/2043/1729
f 781/915/790 1675/2066/1748 1674/2065/1747
f 1676/2067/1749 1655/2045/1730 1656/2068/1750
f 1676/2067/1749 781/915/790 1655/2045/1730
f 784/935/805 783/918/792 1676/2067/1749
f 1677/2069/1751 1656/2068/1750 1660/2070/1752
f 1679/2071/1753 1677/2069/1751 1660/2070/1752
f 1680/2072/1754 1677/2069/1751 1679/2071/1753
f 1680/2073/1755 810/954/822 811/955/823
f 1680/2072/1754 1678/2074/1756 1677/2069/1751
f 1681/2075/1757 811/955/823 812/949/818
f 813/2076/825 1681/2077/1757 812/2078/818
f 797/937/807 1678/2074/1756 1682/2079/1758
f 1683/2080/1759 1660/2070/1752 1661/2081/1760
f 1683/2082/1761 810/954/822 1679/2083/1762
f 1682/2084/1763 813/957/825 815/2085/826
f 1683/2080/1759 1661/2081/1760 1662/2049/1734
f 1684/2086/1764 488/574/495 1666/2054/1739
f 1685/2087/1765 817/982/845 1686/2088/1766
f 1668/2089/1767 1684/2090/1764 1666/2056/1741
f 1687/2091/1768 839/1005/859 1684/2092/1764
f 842/1003/860 1688/2093/1769 1689/2094/1770
f 1690/2095/1771 1686/2096/1772 1689/2097/1773
f 1691/2098/1774 1687/2099/1768 1684/2090/1764
f 843/1008/863 1687/2091/1768 1692/2100/1775
f 841/1007/862 1692/2100/1775 1693/2101/1776
f 1694/2102/1777 1688/2103/1778 1693/2104/1779
f 1690/2095/1771 1689/2097/1773 1694/2102/1777
f 1695/2105/1780 1696/2106/1781 1694/2102/1777
f 1697/2107/1782 1686/2096/1772 1690/2095/1771
f 848/1013/868 1685/2108/1783 1697/2107/1782
f 1698/2109/1784 848/1013/868 1697/2107/1782
f 1700/2110/1785 1671/2058/1743 1701/2111/1786
f 1703/2112/1787 1265/1551/1315 1702/2113/1788
f 1670/2059/1744 1699/2057/1742 1704/2114/1789
f 1705/2115/1790 1277/1555/1319 1703/2112/1787
f 1706/2116/1791 1701/2111/1786 1670/2059/1744
f 1707/2117/1792 1705/2118/1793 1701/2111/1786
f 1278/1556/1320 1705/2115/1790 1708/2119/1794
f 1709/2120/1795 1278/1556/1320 1708/2119/1794
f 1710/2121/1796 1709/2122/1795 1708/2123/1794
f 1704/2114/1789 487/572/493 1280/2124/1797
f 1711/2125/1798 1710/2121/1796 1707/2117/1792
f 1712/2126/1799 1709/2122/1795 1710/2121/1796
f 1715/2127/1800 1706/2116/1791 1704/2114/1789
f 1714/2128/1801 1711/2125/1798 1715/2127/1800
f 1718/2129/1802 1715/2127/1800 1717/2130/1803
f 1719/2131/1804 1303/1593/1347 1304/1592/1346
f 1719/2131/1804 1717/2130/1803 1303/1593/1347
f 1305/2132/1805 1719/2133/1804 1304/1595/1348
f 1720/2134/1806 1717/2130/1803 1719/2131/1804
f 1721/2135/1807 1695/2105/1780 1673/2060/1745
f 1722/2136/1808 1696/2106/1781 1721/2135/1807
f 1724/2137/1809 1673/2060/1745 1723/2138/1810
f 1725/2139/1811 1599/2140/1670 1600/2141/1812
f 1722/2136/1808 1721/2135/1807 1724/2137/1809
f 1702/2142/1788 1265/1968/1315 1599/1971/1670
f 1702/2142/1788 1599/1971/1670 1725/2143/1811
f 1600/2141/1812 1726/2144/1813 1725/2139/1811
f 1727/2145/1814 1601/1972/1671 1602/1974/1673
f 1727/2146/1814 1722/2136/1808 1726/2144/1813
f 1727/2145/1814 1602/1974/1673 1603/1997/1693
f 1604/1996/1692 1727/2145/1814 1603/1997/1693
f 1722/2136/1808 1698/2109/1784 1690/2095/1771
f 1729/2147/1815 1722/2136/1808 1728/2148/1816
f 1729/2147/1815 849/1012/867 1698/2109/1784
f 1730/2149/1817 1604/2150/1692 1623/1998/1694
f 1731/2151/1818 1625/2005/1699 1733/2152/1819
f 1625/2005/1699 1731/2151/1818 1624/1999/1695
f 1732/2153/1820 1281/2154/1323 1709/2155/1795
f 1627/2156/1698 1733/2152/1819 1625/2005/1699
f 1713/2157/1821 1732/2158/1820 1709/2122/1795
f 1628/2007/1700 1732/2153/1820 1735/2159/1822
f 1736/2160/1823 1628/2007/1700 1735/2159/1822
f 1737/2161/1824 1629/2008/1701 1736/2160/1823
f 1738/2162/1825 1733/2163/1826 1737/2164/1827
f 1734/2165/1828 1733/2163/1826 1738/2162/1825
f 1730/2166/1829 1729/2147/1815 1728/2148/1816
f 1730/2167/1817 1623/2168/1694 1636/2169/1830
f 1730/2166/1831 850/1014/869 1729/2147/1815
f 1739/2170/1832 1624/2171/1695 1731/2172/1818
f 1740/2173/1833 1731/2174/1834 1734/2165/1828
f 1642/2028/1717 1739/2175/1835 1740/2173/1833
f 1741/2176/1836 1736/2177/1837 1735/2178/1822
f 1738/2162/1825 1736/2177/1837 1741/2176/1836
f 1743/2179/1838 1738/2162/1825 1742/2180/1839
f 1716/2181/1840 1742/2180/1839 1714/2128/1801
f 1743/2179/1838 1742/2180/1839 1744/2182/1841
f 1718/2129/1802 1744/2182/1841 1716/2181/1840
f 1720/2183/1806 1305/2132/1805 1646/2033/1721
f 1720/2134/1806 1745/2184/1842 1718/2129/1802
f 1747/2185/1843 1745/2184/1842 1746/2186/1844
f 1747/2187/1843 1646/2033/1721 1645/2032/1720
f 1748/2188/1845 1734/2165/1828 1743/2179/1838
f 1643/2189/1719 1740/2173/1833 1748/2188/1845
f 1652/2190/1727 1743/2179/1838 1745/2184/1842
f 1747/2187/1843 1645/2032/1720 1653/2041/1728
f 1653/2042/1728 1652/2040/1727 1747/2191/1843
f 2/1/1 5/5/5 4/2/2
f 8/9/9 1/41/40 4/10/10
f 5/5/5 9/8/8 7/7/7
f 6/4/4 10/13/13 9/8/8
f 12/11/11 4/10/10 7/15/15
f 9/8/8 13/14/14 11/12/12
f 15/16/16 7/15/15 11/18/18
f 19/137/120 8/9/9 12/11/11
f 13/14/14 16/20/20 14/17/17
f 18/19/19 11/18/18 14/135/17
f 19/137/120 12/11/11 15/16/16
f 16/20/20 20/22/22 17/21/21
f 13/14/14 128/42/41 20/22/22
f 24/27/27 23/23/23 22/25/25
f 26/26/26 25/34/34 23/23/23
f 29/28/28 22/580/25 21/29/29
f 30/32/32 27/37/37 28/2192/30
f 23/23/23 30/32/32 28/2192/30
f 23/23/23 28/2192/30 21/24/24
f 33/36/36 28/30/30 27/39/37
f 29/28/28 28/30/30 34/35/35
f 30/32/32 2/1/1 1/3/3
f 35/40/39 27/39/37 1/41/40
f 36/38/38 33/36/36 27/39/37
f 36/38/38 35/40/39 8/9/9
f 19/137/120 36/38/38 8/9/9
f 37/85/81 6/4/4 3/6/6
f 40/597/514 39/45/44 38/43/42
f 42/44/43 41/49/48 25/34/34
f 43/50/49 32/33/33 25/34/34
f 45/46/45 44/52/51 39/47/46
f 42/44/50 39/45/46 44/2193/51
f 47/54/53 32/33/33 43/50/49
f 41/49/48 49/56/55 43/50/49
f 50/2194/57 49/2195/55 41/2196/56
f 41/57/56 42/2197/50 46/58/52
f 50/2198/57 51/60/58 49/56/55
f 53/62/60 52/61/59 48/55/54
f 52/61/59 54/63/61 47/54/53
f 45/46/45 57/165/141 56/65/63
f 59/2199/64 58/69/67 46/58/52
f 44/52/51 60/67/65 59/66/64
f 61/68/66 50/59/57 46/58/52
f 53/72/69 51/71/58 62/70/68
f 55/74/62 53/72/69 63/73/70
f 63/73/70 62/70/68 65/76/72
f 67/78/74 64/75/71 63/73/70
f 65/76/72 61/68/66 71/82/78
f 59/2199/64 72/168/144 58/69/67
f 60/67/65 72/2200/144 59/66/64
f 73/83/79 69/80/76 65/76/72
f 37/85/81 75/1016/871 6/4/4
f 82/93/89 77/88/84 79/91/87
f 82/93/89 79/91/87 80/669/95
f 86/98/93 84/94/90 76/89/85
f 85/95/91 78/99/86 76/96/92
f 81/92/88 86/98/93 77/88/84
f 87/100/94 79/2201/87 78/99/86
f 80/101/95 79/2201/87 87/100/94
f 90/104/98 84/97/90 55/105/62
f 85/95/91 84/97/90 90/104/98
f 31/31/31 91/1023/878 3/6/6
f 93/108/100 87/100/94 85/95/91
f 88/110/96 87/2202/94 98/111/101
f 91/1023/878 74/84/80 3/6/6
f 68/79/75 90/2203/98 64/75/71
f 92/107/99 90/104/98 68/114/75
f 96/117/106 95/113/103 94/112/102
f 103/124/108 102/126/111 100/2204/130
f 103/2205/108 107/128/114 105/123/112
f 104/118/107 110/2206/118 107/2207/114
f 104/2208/107 107/2209/114 103/2210/108
f 110/132/118 109/134/115 107/2211/114
f 112/130/116 105/123/112 109/129/115
f 105/123/112 112/130/116 108/127/113
f 110/132/118 113/179/152 111/133/117
f 115/136/119 14/135/17 17/144/21
f 119/138/121 15/16/16 18/19/19
f 117/140/123 17/144/21 114/141/122
f 118/143/125 115/136/119 17/144/21
f 119/138/121 18/19/19 115/136/119
f 122/145/126 121/151/128 120/146/127
f 128/42/41 101/120/109 121/151/128
f 128/2212/41 122/148/126 114/150/122
f 123/152/129 116/142/124 120/2213/127
f 117/140/123 116/142/124 123/152/129
f 119/138/121 118/143/125 125/156/132
f 121/151/128 103/119/108 100/153/130
f 121/2214/128 123/2215/129 120/2216/127
f 102/122/111 123/152/129 100/2217/130
f 118/143/125 123/152/129 124/155/131
f 124/155/131 102/122/111 126/157/133
f 150/159/135 119/138/121 125/156/132
f 125/156/132 124/155/131 127/158/134
f 128/42/41 129/2218/1846 104/118/107
f 104/118/107 129/2218/1846 110/2206/118
f 129/2218/1846 168/2219/171 113/2220/152
f 129/2221/1846 113/179/152 110/132/118
f 132/163/139 69/80/76 131/162/138
f 70/81/77 69/80/76 132/163/139
f 130/161/137 70/81/77 133/164/140
f 57/165/141 135/219/186 134/166/142
f 137/167/143 136/217/184 71/82/78
f 131/162/138 71/82/78 136/217/184
f 138/215/182 132/163/139 131/162/138
f 133/164/140 132/163/139 138/215/182
f 99/176/105 98/109/101 141/171/146
f 180/173/147 97/170/104 130/161/137
f 142/175/149 92/107/99 180/172/147
f 272/174/148 93/108/100 92/107/99
f 141/171/146 93/108/100 272/174/148
f 96/117/106 99/116/105 209/247/150
f 144/178/151 112/130/116 111/131/117
f 146/181/154 111/131/117 143/182/153
f 111/131/117 146/181/154 144/178/151
f 146/181/154 147/210/178 144/178/151
f 276/324/277 108/127/113 144/178/151
f 147/210/178 149/359/309 144/178/151
f 151/160/136 125/156/132 127/158/134
f 19/137/120 119/138/121 150/159/135
f 152/251/215 127/158/134 126/157/133
f 173/189/161 156/188/160 154/184/156
f 154/184/156 157/191/163 155/185/157
f 156/188/160 157/191/163 154/184/156
f 159/187/159 158/190/162 156/188/160
f 162/194/166 161/193/165 157/191/163
f 158/190/162 163/196/168 162/194/166
f 164/197/169 163/196/168 158/190/162
f 159/187/159 164/197/169 158/190/162
f 167/198/170 164/197/169 159/187/159
f 166/195/167 162/194/166 163/196/168
f 168/199/171 143/180/153 113/179/152
f 129/2218/1846 169/205/174 168/2219/171
f 128/42/41 169/205/174 129/2218/1846
f 184/206/175 169/205/174 128/42/41
f 168/199/171 170/201/172 145/200/155
f 169/205/174 172/2222/179 170/2223/172
f 169/2224/174 170/201/172 168/199/171
f 172/211/179 171/202/173 170/201/172
f 169/205/174 173/204/161 172/2222/179
f 148/207/176 145/183/155 171/208/173
f 145/183/155 148/207/176 147/210/178
f 172/211/179 153/186/158 174/212/177
f 173/189/161 154/184/156 153/186/158
f 173/189/161 153/186/158 172/211/179
f 175/213/180 148/207/176 174/209/177
f 176/2225/181 174/212/177 155/185/157
f 176/2225/181 155/185/157 160/192/164
f 139/169/145 133/164/140 177/216/183
f 60/67/65 178/2226/1847 72/2200/144
f 178/2226/1847 60/67/65 134/166/142
f 178/2227/1847 181/267/229 72/168/144
f 137/167/143 72/168/144 181/267/229
f 178/2226/1847 134/166/142 182/220/187
f 228/221/188 139/169/145 177/216/183
f 187/2228/209 186/225/192 185/223/190
f 183/2229/205 187/2230/209 185/2231/190
f 186/225/192 189/222/189 185/223/190
f 187/2232/209 188/2233/194 186/2234/192
f 190/226/193 192/224/191 186/225/192
f 196/1122/962 184/206/175 128/42/41
f 196/2235/962 197/1125/965 198/235/201
f 196/2235/962 198/235/201 184/2236/175
f 197/1125/965 199/236/202 198/235/201
f 200/237/203 199/236/202 197/1125/965
f 183/2237/205 185/223/190 184/206/175
f 198/235/201 183/239/205 184/2236/175
f 201/234/200 183/239/205 198/235/201
f 200/237/203 202/240/206 201/234/200
f 203/244/204 187/243/209 183/2238/205
f 204/241/207 203/238/204 201/234/200
f 205/242/208 188/231/194 187/243/209
f 204/241/207 205/319/208 203/238/204
f 206/245/210 191/232/198 188/231/194
f 276/324/277 144/178/151 149/359/309
f 210/253/217 106/121/110 108/127/113
f 149/359/309 147/210/178 211/249/213
f 211/249/213 148/207/176 212/265/227
f 214/2239/1848 151/160/136 127/158/134
f 213/250/214 151/160/136 214/2239/1848
f 278/252/216 126/157/133 106/121/110
f 221/255/219 165/326/279 161/193/165
f 167/198/170 217/259/223 216/256/220
f 219/258/222 218/257/221 216/256/220
f 215/254/218 218/257/221 279/261/225
f 220/260/224 222/315/269 218/257/221
f 176/214/181 160/263/164 175/213/180
f 280/375/226 161/193/165 165/326/279
f 136/217/184 223/270/232 179/218/185
f 138/215/182 179/218/185 223/270/232
f 225/273/235 180/173/147 228/221/188
f 224/266/228 138/215/182 223/270/232
f 178/2227/1847 226/2240/1849 181/267/229
f 226/2241/1849 178/2226/1847 182/220/187
f 136/217/184 137/167/143 227/268/230
f 135/219/186 229/770/657 182/220/187
f 226/2240/1849 230/378/327 181/267/229
f 227/268/230 181/267/229 230/378/327
f 136/217/184 231/269/231 223/270/232
f 224/266/228 223/270/232 232/271/233
f 229/770/657 234/330/283 182/220/187
f 226/2241/1849 182/220/187 234/330/283
f 167/198/170 235/275/237 217/259/223
f 193/228/195 237/286/245 236/276/236
f 194/229/196 239/279/239 238/278/238
f 241/282/242 240/281/241 237/286/245
f 193/228/195 241/282/1850 237/286/245
f 195/288/199 241/290/248 193/2242/195
f 195/291/199 190/230/193 238/278/238
f 235/275/237 243/284/244 219/258/222
f 245/283/243 244/294/251 243/284/244
f 245/283/243 235/275/237 236/274/236
f 195/2243/199 248/312/249 247/296/247
f 195/291/199 238/278/238 246/287/246
f 240/281/241 249/1197/250 245/285/243
f 242/295/252 241/2244/1851 247/296/247
f 251/301/257 220/260/224 219/258/222
f 252/298/254 251/301/257 219/258/222
f 253/299/255 252/298/254 243/284/244
f 191/232/198 254/308/264 239/279/239
f 248/312/249 255/311/267 247/296/247
f 244/294/251 256/303/259 253/299/255
f 250/297/253 247/296/247 255/311/267
f 258/302/258 257/300/256 252/298/254
f 253/299/255 259/304/260 258/302/258
f 256/303/259 260/307/263 259/304/260
f 239/279/239 263/309/265 246/287/246
f 264/310/266 266/338/291 255/311/267
f 265/314/268 255/311/267 266/338/291
f 264/310/266 246/2245/246 268/2246/271
f 205/242/208 271/320/273 206/245/210
f 269/318/272 271/347/273 205/319/208
f 207/246/211 269/318/272 204/241/207
f 206/245/210 270/321/274 254/308/264
f 142/2247/149 180/173/147 225/273/235
f 273/353/304 142/2247/149 225/273/235
f 272/174/148 142/175/149 273/354/304
f 208/248/212 209/247/150 274/2248/275
f 274/322/275 141/171/146 275/323/276
f 277/511/441 19/137/120 150/159/135
f 277/511/441 613/733/623 19/137/120
f 222/315/269 313/361/311 218/257/221
f 311/367/317 165/326/279 279/261/225
f 218/257/221 312/363/313 279/261/225
f 218/257/221 313/361/311 312/363/313
f 225/273/235 233/272/234 281/327/280
f 283/383/331 232/271/233 231/269/231
f 281/327/280 232/271/233 283/383/331
f 234/330/283 284/329/282 226/2241/1849
f 284/451/282 286/379/328 226/2240/1849
f 230/378/327 226/2240/1849 286/379/328
f 283/383/331 231/269/231 288/332/285
f 267/316/270 290/333/286 257/300/256
f 267/316/270 258/302/258 297/334/287
f 222/315/269 251/301/257 290/333/286
f 261/305/261 291/336/289 297/334/287
f 292/337/290 291/336/289 259/304/260
f 266/338/291 293/339/292 265/314/268
f 263/309/265 294/340/293 268/317/271
f 264/310/266 268/2246/271 295/343/294
f 293/339/292 296/1311/1116 265/314/268
f 293/339/292 299/345/297 296/1311/1116
f 293/339/292 264/310/266 298/344/296
f 270/321/274 289/335/288 254/308/264
f 302/348/299 301/346/298 269/318/272
f 302/348/299 303/350/301 304/351/302
f 275/323/276 272/174/148 306/355/305
f 685/2249/716 208/248/212 274/2248/275
f 273/353/304 282/328/281 285/382/306
f 307/357/307 276/324/277 309/424/370
f 149/359/309 309/424/370 276/324/277
f 277/511/441 150/159/135 374/360/310
f 310/488/420 127/158/134 152/251/215
f 214/2239/1848 127/158/134 310/488/420
f 213/250/214 214/2239/1848 310/488/420
f 313/361/311 315/365/315 314/362/312
f 311/367/317 279/261/225 317/368/318
f 314/362/312 318/370/320 317/368/318
f 315/365/315 319/364/314 318/370/320
f 321/373/323 378/372/322 317/368/318
f 322/371/321 321/373/323 320/374/324
f 212/265/227 175/213/180 323/376/325
f 160/263/164 323/376/325 175/213/180
f 324/377/326 281/327/280 283/383/331
f 230/378/327 325/452/391 227/268/230
f 288/332/285 227/268/230 325/452/391
f 230/378/327 326/380/329 325/452/391
f 282/328/281 324/377/326 327/381/330
f 222/315/269 290/333/286 313/361/311
f 289/335/288 328/412/358 294/340/293
f 297/334/287 329/385/333 331/342/295
f 330/386/334 298/344/296 295/343/294
f 290/333/286 331/342/295 313/361/311
f 332/390/338 336/387/335 329/385/333
f 333/394/341 332/390/338 329/385/333
f 334/2250/1852 299/345/297 330/386/334
f 331/342/295 335/366/316 315/365/315
f 342/404/350 335/366/316 336/387/335
f 343/388/336 342/404/350 336/387/335
f 294/340/293 339/409/355 338/391/339
f 328/412/358 339/409/355 294/340/293
f 340/393/340 337/389/337 332/390/338
f 341/395/342 343/388/336 337/389/337
f 342/404/350 319/364/314 335/366/316
f 343/388/336 344/406/352 342/404/350
f 343/388/336 345/2251/347 344/406/352
f 345/402/347 346/2252/354 344/2253/352
f 339/409/355 346/411/357 338/391/339
f 347/2254/1853 346/2252/354 345/402/347
f 347/396/343 330/386/334 338/392/339
f 348/398/345 345/402/347 343/399/336
f 349/401/346 347/2254/1853 345/402/347
f 349/403/349 334/2250/1852 330/386/334
f 350/415/361 400/405/351 344/406/352
f 351/407/353 350/415/361 344/406/352
f 351/2255/353 352/2256/1854 350/2257/361
f 339/409/355 352/413/359 351/410/356
f 354/414/360 353/468/404 400/405/351
f 352/2258/1854 354/414/360 350/415/361
f 352/2258/1854 355/461/400 354/414/360
f 328/412/358 355/464/400 352/413/359
f 270/321/274 356/416/362 289/335/288
f 271/320/273 356/416/362 270/321/274
f 271/320/273 403/462/401 356/416/362
f 305/465/303 403/462/401 271/320/273
f 356/416/362 355/464/400 328/412/358
f 399/516/366 306/2259/305 285/382/306
f 360/908/784 275/323/276 399/420/366
f 359/419/365 275/323/276 360/908/784
f 149/359/309 308/358/308 309/424/370
f 212/265/227 361/2260/384 362/421/367
f 308/358/308 363/325/278 364/422/368
f 364/427/368 362/446/367 365/425/371
f 366/423/369 364/422/368 367/431/372
f 365/425/371 370/449/375 367/426/372
f 309/424/370 366/423/369 368/428/373
f 307/357/307 309/424/370 369/429/374
f 370/449/375 368/480/373 366/2261/369
f 373/486/418 152/251/215 372/432/376
f 310/488/420 152/251/215 373/486/418
f 375/433/377 213/250/214 310/488/420
f 210/253/217 307/357/307 372/432/376
f 377/489/421 277/511/441 374/360/310
f 375/433/377 310/488/420 376/487/419
f 280/375/226 316/369/319 378/372/322
f 280/375/226 378/372/322 380/435/379
f 212/265/227 323/376/325 381/437/380
f 321/373/323 384/439/382 379/434/378
f 212/440/227 381/436/380 382/441/383
f 381/436/380 380/435/379 383/438/381
f 381/436/380 383/438/381 382/441/383
f 361/442/384 382/441/383 362/446/367
f 384/439/382 386/444/386 385/443/385
f 322/371/321 400/405/351 384/439/382
f 387/445/387 388/448/389 365/425/371
f 384/439/382 371/447/388 386/444/386
f 388/448/389 371/447/388 370/449/375
f 390/450/390 389/557/479 286/379/328
f 390/2262/390 284/329/282 287/331/284
f 326/380/329 286/379/328 389/557/479
f 325/452/391 392/453/392 391/384/332
f 390/450/390 287/2263/284 393/947/738
f 395/455/394 326/380/329 389/557/479
f 396/456/395 391/384/332 392/453/392
f 327/381/330 391/384/332 396/456/395
f 394/454/393 327/381/330 397/457/396
f 398/458/397 392/453/392 395/455/394
f 354/414/360 401/460/399 353/468/404
f 355/461/400 401/460/399 354/414/360
f 356/416/362 403/462/401 355/464/400
f 403/462/401 404/466/402 402/463/398
f 304/351/302 404/470/402 305/352/303
f 353/468/404 407/472/407 400/405/351
f 405/467/403 407/472/407 353/468/404
f 406/469/405 405/467/403 401/460/399
f 405/467/403 409/477/410 408/471/406
f 404/470/402 410/476/409 405/467/403
f 358/418/364 410/476/409 304/351/302
f 411/478/411 407/472/407 408/471/406
f 358/418/364 412/1445/1228 409/477/410
f 411/478/411 409/477/410 412/1445/1228
f 400/405/351 407/472/407 371/447/388
f 742/906/782 359/419/365 360/908/784
f 399/516/366 285/382/306 394/454/393
f 369/429/374 368/428/373 416/2264/414
f 416/2264/414 415/490/416 369/429/374
f 414/481/413 418/493/424 417/483/415
f 414/481/413 426/503/433 418/493/424
f 372/432/376 369/429/374 415/490/416
f 420/491/422 415/490/416 421/2265/423
f 417/483/415 422/494/425 421/492/423
f 420/491/422 421/2265/423 423/495/426
f 373/486/418 420/491/422 424/496/427
f 373/486/418 424/496/427 376/487/419
f 422/494/425 425/498/428 423/497/426
f 418/493/424 426/503/433 425/498/428
f 376/487/419 427/499/429 428/500/430
f 419/485/417 376/487/419 429/501/431
f 427/499/429 423/495/426 430/2266/432
f 430/502/432 428/508/438 427/2267/429
f 425/498/428 431/504/434 430/502/432
f 434/507/437 432/2268/1855 428/508/438
f 431/504/434 435/509/439 434/507/437
f 411/478/411 426/503/433 371/447/388
f 411/478/411 435/509/439 426/503/433
f 437/513/443 397/457/396 396/456/395
f 389/557/479 438/514/444 395/455/394
f 398/458/397 395/455/394 438/514/444
f 436/512/442 398/458/397 439/515/445
f 394/454/393 437/513/443 440/517/446
f 389/557/479 390/450/390 441/558/480
f 407/472/407 411/478/411 371/447/388
f 443/909/447 360/908/784 399/420/366
f 433/506/436 429/501/431 444/519/448
f 434/507/437 445/520/449 432/2268/1855
f 445/520/449 444/2269/448 432/2268/1855
f 445/520/449 448/2270/453 444/2269/448
f 448/524/453 446/521/450 444/519/448
f 450/523/452 448/2270/453 445/520/449
f 447/522/451 446/521/450 449/525/454
f 448/2270/453 450/523/452 449/528/454
f 452/527/456 451/531/455 449/528/454
f 450/523/452 453/529/457 452/527/456
f 452/527/456 455/532/459 454/530/458
f 377/489/421 433/506/436 447/522/451
f 377/489/421 447/522/451 456/533/460
f 456/533/460 451/526/455 454/535/458
f 457/534/461 456/533/460 458/536/462
f 458/536/462 454/535/458 459/537/463
f 457/534/461 458/536/462 460/538/464
f 455/532/459 462/541/467 459/540/466
f 453/529/457 463/545/470 462/541/467
f 460/538/464 459/537/463 464/542/468
f 461/539/465 460/538/464 465/543/469
f 462/541/467 466/546/471 464/544/468
f 463/545/470 467/2271/473 466/546/471
f 465/543/469 464/542/468 469/550/474
f 471/552/476 461/539/465 465/543/469
f 469/553/474 472/556/478 470/2044/475
f 473/555/477 474/571/492 472/556/478
f 389/557/479 475/559/481 438/514/444
f 453/529/457 479/565/487 463/545/470
f 438/514/444 480/563/485 478/560/482
f 481/566/488 468/547/472 467/549/473
f 482/564/486 467/2271/473 463/545/470
f 483/573/494 478/560/482 480/563/485
f 476/561/483 478/560/482 483/573/494
f 485/568/489 468/547/472 481/566/488
f 486/569/490 475/559/481 441/558/480
f 487/572/493 473/555/477 485/568/489
f 486/569/490 480/563/485 475/559/481
f 488/574/495 477/562/484 476/561/483
f 1699/2057/1742 474/571/492 487/572/493
f 491/575/496 22/25/25 489/2272/1856
f 491/2273/496 489/2274/1856 490/581/498
f 26/26/26 24/27/27 491/575/496
f 493/576/497 491/575/496 490/577/498
f 494/578/499 490/577/498 492/2275/503
f 495/579/500 489/2276/1856 22/580/25
f 490/581/498 489/2274/1856 495/582/500
f 492/585/503 490/581/498 496/583/501
f 498/584/502 495/579/500 29/28/28
f 492/585/503 496/583/501 499/586/504
f 497/590/508 492/585/503 500/587/505
f 36/38/38 498/584/502 34/35/35
f 497/590/508 500/587/505 502/589/507
f 499/2277/504 496/592/501 504/593/510
f 505/658/562 503/650/509 502/2278/507
f 495/579/500 498/584/502 506/2279/1857
f 589/708/600 499/2277/504 504/593/510
f 501/588/506 499/586/504 589/2280/600
f 507/594/511 38/43/42 26/26/26
f 507/594/511 26/26/26 493/576/497
f 509/596/513 508/595/512 493/576/497
f 510/598/515 507/594/511 508/595/512
f 512/600/517 508/595/512 509/596/513
f 513/602/519 510/598/515 511/599/516
f 513/602/519 511/599/516 512/600/517
f 515/603/520 512/600/517 514/601/518
f 519/605/522 492/585/503 497/590/508
f 520/607/523 45/46/45 40/48/47
f 521/611/527 520/607/523 510/608/524
f 519/605/522 522/612/525 494/606/499
f 523/629/543 521/611/527 513/610/526
f 514/601/518 509/596/513 522/609/525
f 513/615/526 525/614/529 523/634/543
f 516/604/521 514/601/518 522/609/525
f 515/616/530 526/636/532 525/614/529
f 516/2281/531 527/2282/533 526/2283/532
f 528/619/534 527/618/533 522/609/525
f 529/621/535 527/618/533 528/619/534
f 530/622/536 529/621/535 528/619/534
f 518/624/538 517/2284/1858 532/625/539
f 531/623/537 533/2285/580 530/622/536
f 534/638/547 519/630/522 497/649/508
f 520/607/523 535/661/565 57/165/141
f 536/659/563 535/661/565 520/607/523
f 537/627/541 536/659/563 520/607/523
f 521/611/527 557/655/559 537/627/541
f 538/628/542 557/655/559 521/611/527
f 519/630/522 534/638/547 539/631/544
f 525/614/529 540/715/605 538/633/542
f 541/635/545 540/715/605 525/614/529
f 528/2286/534 524/632/528 539/631/544
f 544/639/548 541/635/545 526/636/532
f 530/642/550 545/651/555 544/639/548
f 531/643/537 528/2287/534 539/644/544
f 546/702/551 539/631/544 543/637/546
f 547/2288/552 533/626/540 532/625/539
f 547/646/552 545/651/555 530/642/550
f 548/648/554 534/638/547 497/649/508
f 543/637/546 534/638/547 548/648/554
f 545/651/555 549/652/556 542/640/549
f 538/628/542 553/2289/609 552/654/558
f 540/715/605 553/719/609 538/633/542
f 555/664/568 549/652/556 550/653/557
f 535/661/565 556/660/564 57/165/141
f 559/721/611 558/662/566 542/640/549
f 560/663/567 559/721/611 542/640/549
f 561/665/569 548/648/554 505/658/562
f 563/666/570 562/2290/1859 517/667/571
f 565/673/576 564/672/575 562/2290/1859
f 563/666/570 565/673/576 562/2290/1859
f 567/2291/1860 566/670/573 564/672/575
f 568/671/574 567/2291/1860 564/672/575
f 563/666/570 568/671/574 565/673/576
f 569/674/577 83/1017/872 82/93/89
f 569/674/577 566/670/573 567/2291/1860
f 570/1597/1350 569/674/577 567/2291/1860
f 568/671/574 570/1597/1350 567/2291/1860
f 571/682/578 533/2285/580 531/623/537
f 572/678/581 532/696/539 517/679/582
f 573/681/584 563/666/570 518/668/579
f 574/683/585 573/2292/584 571/684/578
f 577/687/587 572/693/581 562/690/583
f 575/2293/586 566/2294/573 80/2295/95
f 575/686/586 576/689/588 564/688/575
f 578/704/596 547/646/552 532/696/539
f 580/695/589 578/704/596 532/696/539
f 574/683/585 531/643/537 546/645/551
f 581/697/591 575/686/586 88/110/96
f 576/689/588 575/686/586 581/697/591
f 577/687/587 576/689/588 583/699/593
f 584/700/594 579/694/590 572/693/581
f 543/637/546 585/703/595 546/702/551
f 554/657/561 586/705/597 543/637/546
f 580/2296/589 579/2297/590 588/2298/620
f 584/700/594 588/730/620 579/694/590
f 587/706/598 554/657/561 551/656/560
f 504/593/510 495/579/500 506/2279/1857
f 505/658/562 502/2278/507 590/712/599
f 501/588/506 589/2280/600 591/710/601
f 590/707/599 501/588/506 592/711/602
f 541/635/545 558/662/566 594/714/604
f 600/723/613 587/706/598 551/656/560
f 537/627/541 596/717/607 536/659/563
f 594/714/604 622/718/608 540/715/605
f 561/665/569 505/658/562 593/713/603
f 557/655/559 599/724/614 596/717/607
f 551/656/560 561/665/569 598/722/612
f 595/716/606 601/725/615 560/663/567
f 536/659/563 602/726/616 556/660/564
f 553/2289/609 603/740/630 552/654/558
f 622/718/608 603/2299/630 553/719/609
f 559/721/611 604/743/633 597/720/610
f 601/725/615 604/743/633 559/721/611
f 583/699/593 582/698/592 605/727/617
f 584/700/594 583/699/593 606/728/618
f 550/653/557 578/704/596 608/731/621
f 609/785/672 580/692/589 588/730/620
f 580/695/589 609/2300/672 608/731/621
f 605/727/617 581/697/591 610/732/622
f 611/752/642 550/653/557 608/731/621
f 550/653/557 611/752/642 595/716/606
f 504/593/510 506/2279/1857 613/733/623
f 591/709/601 504/593/510 612/734/624
f 618/764/626 593/713/603 590/712/599
f 613/733/623 506/2279/1857 498/584/502
f 615/737/627 612/734/624 613/733/623
f 616/738/628 592/711/602 591/710/601
f 617/779/666 593/713/603 618/764/626
f 556/660/564 619/739/629 135/219/186
f 552/654/558 625/741/631 599/724/614
f 621/742/632 620/745/635 604/743/633
f 621/742/632 601/725/615 623/746/636
f 595/716/606 624/753/643 623/746/636
f 628/748/638 627/747/637 596/717/607
f 598/722/612 593/713/603 617/779/666
f 610/732/622 96/117/106 208/248/212
f 611/752/642 608/731/621 632/781/668
f 609/2300/672 632/781/668 608/731/621
f 633/754/644 605/727/617 610/732/622
f 606/728/618 605/727/617 633/754/644
f 609/785/672 588/730/620 634/786/673
f 631/751/641 606/728/618 635/755/645
f 631/751/641 634/786/673 588/730/620
f 636/762/650 614/735/625 616/738/628
f 637/757/646 591/709/601 615/737/627
f 637/757/646 615/737/627 638/758/647
f 636/762/650 616/738/628 640/761/649
f 641/763/651 617/779/666 618/764/626
f 642/795/652 618/736/626 636/762/650
f 619/739/629 644/767/654 135/219/186
f 602/726/616 645/772/659 644/767/654
f 627/747/637 645/772/659 602/726/616
f 625/741/631 646/768/655 628/748/638
f 629/749/639 626/744/634 647/769/656
f 648/799/684 623/746/636 624/753/643
f 623/746/636 648/799/684 643/766/653
f 645/772/659 650/771/658 649/774/661
f 628/748/638 650/771/658 627/747/637
f 603/740/630 674/804/689 646/768/655
f 622/718/608 674/2301/689 603/2299/630
f 651/773/660 645/772/659 649/774/661
f 647/769/656 678/776/663 594/714/604
f 628/748/638 653/777/664 650/771/658
f 630/750/640 654/778/665 626/744/634
f 655/780/667 598/722/612 641/763/651
f 611/752/642 656/782/669 624/753/643
f 633/754/644 610/732/622 657/783/670
f 631/751/641 658/784/671 634/786/673
f 632/2302/668 609/785/672 659/787/674
f 660/788/675 648/799/684 624/753/643
f 660/788/675 656/782/669 661/789/676
f 659/787/674 634/786/673 662/843/725
f 658/784/671 662/843/725 634/786/673
f 637/757/646 639/759/648 663/792/677
f 663/792/677 639/759/648 664/791/678
f 640/761/649 663/790/677 665/2303/679
f 636/762/650 640/761/649 666/794/680
f 667/796/681 642/765/652 668/814/698
f 669/818/701 642/795/652 666/794/680
f 668/2304/698 642/795/652 669/818/701
f 644/767/654 234/330/283 229/770/657
f 622/2305/608 670/2306/1861 674/804/689
f 678/776/663 670/2307/1861 622/718/608
f 649/774/661 671/797/682 652/775/662
f 644/767/654 673/800/685 234/330/283
f 676/802/687 675/801/686 630/750/640
f 672/798/683 676/802/687 643/766/653
f 674/804/689 680/860/741 677/803/688
f 670/2306/1861 680/860/741 674/804/689
f 679/805/690 676/802/687 682/807/692
f 706/811/696 600/723/613 655/780/667
f 655/780/667 641/763/651 667/796/681
f 683/839/721 632/2302/668 659/787/674
f 632/2302/668 683/839/721 661/2308/676
f 684/808/693 633/754/644 657/783/670
f 635/755/645 633/754/644 684/808/693
f 660/788/675 672/798/683 648/799/684
f 657/783/670 208/248/212 685/2249/716
f 686/2309/1862 658/784/671 635/755/645
f 662/843/725 658/784/671 686/2309/1862
f 686/2309/1862 635/755/645 687/809/694
f 638/758/647 613/733/623 688/510/440
f 664/791/678 638/758/647 688/510/440
f 690/815/699 668/814/698 669/2310/701
f 666/794/680 640/761/649 689/816/697
f 691/833/715 667/796/681 690/815/699
f 650/771/658 693/819/702 671/797/682
f 694/823/706 679/805/690 682/807/692
f 672/798/683 697/835/717 682/807/692
f 671/797/682 698/824/707 695/821/704
f 651/773/660 699/858/739 673/800/685
f 699/858/739 651/773/660 695/821/704
f 670/2306/1861 726/831/714 680/860/741
f 678/776/663 726/2311/714 670/2307/1861
f 700/820/703 681/806/691 701/826/709
f 653/777/664 677/803/688 702/827/710
f 696/822/705 703/828/711 681/806/691
f 730/825/708 705/863/713 678/776/663
f 706/811/696 655/780/667 667/796/681
f 687/809/694 684/808/693 707/836/718
f 683/839/721 708/2312/719 661/2308/676
f 657/783/670 685/2249/716 709/2313/720
f 683/839/721 710/840/722 708/2312/719
f 711/869/748 660/788/675 708/837/719
f 660/788/675 711/869/748 697/835/717
f 712/844/726 686/2309/1862 687/809/694
f 662/843/725 686/2309/1862 712/844/726
f 657/783/670 709/2313/720 713/841/723
f 712/844/726 687/809/694 714/842/724
f 716/851/732 665/793/679 664/791/678
f 717/870/749 664/791/678 688/510/440
f 716/851/732 664/791/678 717/870/749
f 689/813/697 665/793/679 716/851/732
f 690/815/699 669/2310/701 719/848/729
f 718/846/728 690/815/699 720/849/730
f 719/847/729 692/817/700 721/850/731
f 721/850/731 689/816/697 722/878/733
f 718/846/728 720/849/730 723/875/754
f 724/854/735 682/807/692 697/835/717
f 682/807/692 724/854/735 694/823/706
f 703/828/711 725/853/734 681/806/691
f 673/800/685 393/857/738 287/331/284
f 694/823/706 727/855/736 703/828/711
f 677/803/688 756/941/811 702/827/710
f 729/859/740 756/941/811 677/803/688
f 725/853/734 732/864/743 701/826/709
f 703/828/711 733/896/772 732/864/743
f 734/865/744 733/896/772 703/828/711
f 724/854/735 734/865/744 727/855/736
f 735/866/745 691/833/715 718/846/728
f 710/840/722 659/787/674 736/903/779
f 715/845/727 736/903/779 659/787/674
f 709/838/720 359/419/365 742/906/782
f 710/840/722 711/989/748 708/2312/719
f 737/902/778 710/840/722 736/903/779
f 714/842/724 707/836/718 738/867/746
f 739/905/781 709/838/720 742/906/782
f 713/841/723 709/2313/720 739/2314/781
f 740/868/747 724/854/735 697/835/717
f 741/2315/853 713/841/723 739/2314/781
f 738/867/746 713/841/723 741/2315/853
f 457/534/461 688/510/440 377/489/421
f 745/883/752 720/849/730 719/848/729
f 723/875/754 720/849/730 745/883/752
f 746/874/753 721/850/731 722/878/733
f 722/852/733 716/851/732 743/871/750
f 749/880/757 744/872/751 746/874/753
f 751/2316/760 745/873/752 749/880/757
f 752/882/759 723/875/754 745/883/752
f 699/858/739 753/887/763 728/856/737
f 753/887/763 699/858/739 695/821/704
f 698/824/707 755/886/762 754/885/761
f 701/826/709 757/888/764 730/825/708
f 753/887/763 393/857/738 728/856/737
f 760/946/816 390/450/390 393/947/738
f 757/888/764 761/892/768 730/825/708
f 729/859/740 762/893/769 756/941/811
f 726/831/714 763/894/770 762/893/769
f 704/829/712 764/895/771 755/886/762
f 760/946/816 441/558/480 390/450/390
f 734/865/744 765/897/773 733/896/772
f 735/866/745 718/846/728 747/876/755
f 769/898/774 706/811/696 735/866/745
f 768/970/834 734/865/744 759/891/767
f 734/865/744 768/970/834 765/897/773
f 769/898/774 735/866/745 747/876/755
f 770/986/848 710/840/722 737/902/778
f 710/840/722 770/986/848 711/989/748
f 771/998/857 715/845/727 712/844/726
f 715/845/727 771/998/857 736/903/779
f 740/868/747 758/889/765 724/854/735
f 771/998/857 712/844/726 773/901/777
f 771/998/857 774/904/780 736/903/779
f 741/2315/853 739/2314/781 775/1000/783
f 776/987/849 737/902/778 774/904/780
f 770/986/848 737/902/778 776/987/849
f 743/871/750 717/870/749 777/910/785
f 778/912/787 777/910/785 461/539/465
f 471/552/476 778/912/787 461/539/465
f 780/914/789 786/911/786 778/912/787
f 781/915/790 782/919/793 780/916/791
f 749/880/757 746/874/753 785/920/794
f 750/881/758 743/871/750 777/910/785
f 785/920/794 748/879/756 787/923/795
f 787/921/795 750/881/758 786/911/786
f 788/922/796 749/880/757 785/920/794
f 788/924/796 751/884/760 749/2317/757
f 752/882/759 751/884/760 788/924/796
f 789/925/797 747/876/755 752/882/759
f 788/924/796 787/2318/795 790/927/798
f 789/925/797 788/924/796 791/928/799
f 792/968/808 793/929/800 791/928/799
f 782/919/793 794/932/803 790/930/801
f 783/918/792 795/931/802 782/919/793
f 795/931/802 796/939/809 794/932/803
f 796/933/809 791/928/799 790/927/798
f 797/937/807 795/931/802 784/935/805
f 798/936/806 796/939/809 795/931/802
f 792/968/808 791/928/799 796/933/809
f 702/827/710 800/942/812 764/895/771
f 756/941/811 801/943/813 800/942/812
f 731/862/742 761/892/768 802/952/814
f 753/887/763 805/2319/817 393/857/738
f 805/2319/817 753/887/763 799/940/810
f 757/888/764 806/953/821 761/892/768
f 755/886/762 804/945/815 799/940/810
f 761/892/768 806/953/821 802/952/814
f 763/894/770 812/949/818 762/893/769
f 807/950/819 812/949/818 763/894/770
f 808/951/820 807/960/819 802/952/814
f 764/895/771 811/955/823 810/954/822
f 812/949/818 811/955/823 800/942/812
f 814/956/824 805/2319/817 799/940/810
f 807/950/819 815/2085/826 813/957/825
f 484/2320/491 760/2321/816 805/2322/817
f 443/518/447 477/562/484 488/574/495
f 768/970/834 818/963/828 765/897/773
f 759/891/767 758/889/765 803/991/852
f 767/890/766 806/953/821 757/888/764
f 818/963/828 819/964/829 766/899/775
f 819/964/829 820/965/830 767/890/766
f 824/978/841 759/891/767 803/991/852
f 759/891/767 824/978/841 768/970/834
f 819/964/829 823/969/833 808/951/820
f 821/966/831 789/925/797 793/929/800
f 768/970/834 824/978/841 823/969/833
f 809/983/844 824/978/841 803/991/852
f 815/2323/826 825/971/835 797/937/807
f 825/971/835 826/972/836 798/936/806
f 815/2323/826 827/973/837 825/971/835
f 808/951/820 827/2324/837 815/959/826
f 826/972/836 822/977/832 792/938/808
f 828/974/838 827/2324/837 808/951/820
f 828/975/839 829/976/840 826/972/836
f 824/978/841 830/984/846 828/974/838
f 809/983/844 831/2325/843 830/984/846
f 740/868/747 711/869/748 832/999/858
f 833/988/850 832/1002/858 711/989/748
f 773/901/777 772/900/776 834/990/851
f 738/867/746 741/2315/853 835/995/854
f 834/990/851 738/867/746 836/996/855
f 837/2326/1863 742/906/782 443/909/447
f 740/868/747 832/999/858 803/991/852
f 775/907/783 742/906/782 837/2326/1863
f 771/998/857 838/997/856 774/904/780
f 816/962/827 837/2326/1863 443/909/447
f 775/907/783 837/2326/1863 816/962/827
f 836/996/855 775/1000/783 839/1005/859
f 840/1006/861 834/990/851 836/996/855
f 776/987/849 838/997/856 841/1007/862
f 833/988/850 776/987/849 842/1003/860
f 773/901/777 834/990/851 840/1006/861
f 841/1007/862 838/997/856 773/901/777
f 821/966/831 844/810/695 747/876/755
f 822/967/832 845/1009/864 793/929/800
f 847/1011/866 829/976/840 831/985/847
f 849/1012/867 850/1014/869 847/1011/866
f 850/2017/869 846/1010/865 822/967/832
f 74/84/80 851/1015/870 37/85/81
f 852/87/83 10/13/13 6/4/4
f 853/1018/873 83/1017/872 569/674/577
f 855/1020/875 854/1019/874 54/63/61
f 855/1020/875 86/98/93 89/103/97
f 856/1021/876 81/92/88 82/93/89
f 854/1019/874 857/1022/877 31/31/31
f 856/1021/876 860/1026/881 89/103/97
f 861/1027/882 856/1021/876 853/1018/873
f 865/1031/886 864/1029/884 862/1030/885
f 863/2327/911 866/1032/887 862/1030/885
f 868/1034/889 867/1033/888 864/1029/884
f 869/1038/891 852/87/83 75/1016/871
f 870/1039/892 869/1038/891 867/1033/888
f 871/1041/893 875/1045/896 852/87/83
f 872/1042/894 871/1041/893 869/1038/891
f 877/1046/897 876/1044/895 871/1041/893
f 880/1051/901 857/1022/877 854/1019/874
f 880/1051/901 854/1019/874 855/1020/875
f 882/1053/903 881/1052/902 861/1027/882
f 883/1054/904 880/1051/901 881/1052/902
f 885/1056/906 884/1055/905 881/1052/902
f 857/1022/877 74/84/80 91/1023/878
f 863/2327/911 862/1030/885 880/1051/901
f 883/1054/904 863/2327/911 880/1051/901
f 887/1065/912 863/1064/911 883/1058/904
f 888/1057/907 887/1065/912 883/1058/904
f 889/1060/908 888/1057/907 884/1059/905
f 873/1035/890 866/1037/887 863/1064/911
f 890/1063/910 873/1035/890 863/1064/911
f 891/1066/913 890/1063/910 888/1057/907
f 948/1123/963 128/42/41 140/86/82
f 896/1068/915 140/86/82 893/1067/914
f 897/2328/919 896/2329/915 894/2330/916
f 895/2331/920 897/2328/919 894/2330/916
f 899/2332/922 898/1070/917 896/1068/915
f 897/2328/919 899/2333/922 896/2329/915
f 900/1071/918 899/1075/922 897/1072/919
f 902/1097/942 901/1074/921 900/1071/918
f 903/1082/927 892/1081/926 140/2334/82
f 904/1077/923 903/1082/927 140/2334/82
f 898/1078/917 904/1077/923 140/2334/82
f 899/1076/922 905/1083/928 904/1077/923
f 908/1079/924 905/2335/928 899/1075/922
f 902/1097/942 908/1079/924 901/1074/921
f 907/1084/929 906/1080/925 903/1082/927
f 904/1077/923 907/1084/929 903/1082/927
f 905/2335/928 982/1178/1009 907/2336/929
f 908/1079/924 982/1178/1009 905/2335/928
f 875/1045/896 893/1067/914 852/87/83
f 909/1085/930 893/1067/914 875/1045/896
f 910/1086/931 909/1085/930 876/1044/895
f 915/1089/934 911/1087/932 878/1047/898
f 913/1091/936 912/1090/935 909/1085/930
f 915/1089/934 914/1092/937 911/1087/932
f 895/2337/920 894/1069/916 912/1090/935
f 913/2338/936 895/2339/920 912/2340/935
f 916/1094/939 895/1073/920 913/1095/940
f 918/1307/1112 916/1094/939 914/1092/937
f 915/1089/934 918/1307/1112 914/1092/937
f 918/1307/1112 917/1096/941 916/1094/939
f 902/1097/942 900/1071/918 895/1073/920
f 874/1049/899 891/1066/913 919/1098/943
f 921/1101/946 923/1100/945 922/2341/948
f 921/2342/946 922/2343/948 920/2344/973
f 923/1100/945 928/1107/951 925/1105/950
f 923/2345/945 926/2346/949 922/2347/948
f 924/1099/944 929/1109/953 928/1107/951
f 930/1117/960 926/1104/949 925/1114/950
f 930/1117/960 927/1102/947 926/1104/949
f 934/1113/957 930/1117/960 925/1114/950
f 936/1119/961 933/2348/956 925/1120/950
f 929/2349/953 936/1119/961 928/1121/951
f 937/1126/966 197/1125/965 196/2235/962
f 939/1129/969 937/1126/966 196/2235/962
f 937/1126/966 938/1128/968 200/237/203
f 939/1129/969 938/1128/968 937/1126/966
f 940/2350/964 939/1129/969 196/2235/962
f 941/1132/972 202/240/206 200/237/203
f 942/1127/967 941/1132/972 200/237/203
f 939/1129/969 920/1135/973 942/1127/967
f 940/1124/964 921/1101/946 920/2351/973
f 940/2350/964 920/1135/973 939/1129/969
f 940/1124/964 924/1099/944 921/1101/946
f 956/1108/952 924/1099/944 940/1124/964
f 927/1102/947 943/1133/971 922/1103/948
f 943/1133/971 927/1102/947 945/1138/974
f 941/1132/972 207/246/211 202/240/206
f 949/2352/978 952/1139/976 948/1123/963
f 947/1156/990 950/1142/979 949/1141/978
f 947/1156/990 951/1143/980 950/1142/979
f 949/1141/978 953/1148/983 952/1146/976
f 954/1140/977 953/1148/983 949/1141/978
f 951/1143/980 955/1154/989 954/1140/977
f 953/1148/983 957/1144/981 952/1146/976
f 955/1154/989 958/1147/982 954/1140/977
f 959/1151/986 1031/1150/985 957/1144/981
f 953/1148/983 960/1152/987 959/1151/986
f 1033/1233/1056 960/1152/987 958/1147/982
f 961/1153/988 1033/1233/1056 958/1147/982
f 962/2353/1864 948/1123/963 892/1155/926
f 963/1183/1013 962/2354/1864 892/1081/926
f 962/2354/1864 964/1158/991 948/1157/963
f 965/1159/992 964/1158/991 962/2354/1864
f 963/1183/1013 965/1159/992 962/2354/1864
f 947/2355/990 949/2352/978 948/1123/963
f 965/1159/992 967/1163/994 947/1156/990
f 966/2356/995 967/1163/994 965/1159/992
f 967/1163/994 951/1143/980 947/1156/990
f 967/1161/994 969/1164/996 955/1166/989
f 968/1160/993 969/1164/996 967/1161/994
f 974/1169/999 971/1168/998 970/1173/1865
f 975/1167/997 972/1171/1001 971/1168/998
f 975/1167/997 976/2357/1866 973/1170/1000
f 977/1172/1002 978/1174/1005 974/1169/1003
f 979/1175/1006 976/2357/1866 975/1167/997
f 980/1176/1007 963/1183/1013 892/1081/926
f 981/1179/1010 980/1176/1007 906/1080/925
f 907/1084/929 981/1179/1010 906/1080/925
f 982/1178/1009 981/1182/1010 907/2336/929
f 983/1177/1008 985/1184/1014 982/1178/1009
f 980/1176/1007 984/1180/1011 963/1183/1013
f 981/1182/1010 986/1181/1012 984/2358/1011
f 982/1178/1009 985/1184/1014 986/1181/1012
f 984/1180/1011 966/2356/995 965/1159/992
f 986/1181/1012 966/1162/995 984/2358/1011
f 985/1184/1014 987/1349/1147 988/1185/1015
f 986/1181/1012 988/1185/1015 968/1160/993
f 983/1177/1008 989/1350/1148 985/1184/1014
f 908/1079/924 990/1186/1016 983/1177/1008
f 902/1097/942 992/1309/1114 990/1186/1016
f 915/1089/934 993/1304/1109 918/1307/1112
f 918/1307/1112 994/1306/1111 917/1096/941
f 995/1353/1151 919/1098/943 891/1066/913
f 1345/1638/1383 995/1353/1151 891/1066/913
f 996/1187/1017 240/281/241 242/280/240
f 999/1192/1022 997/1188/1018 931/1111/955
f 1000/1193/1023 933/2359/958 931/1190/1020
f 934/1113/957 933/1115/958 1000/1194/1023
f 935/1116/959 934/1113/957 1001/1195/1024
f 929/1109/953 1002/1149/984 999/1192/1022
f 929/1109/953 999/1192/1022 936/1118/961
f 1003/1204/1030 1008/1200/1028 1002/1201/984
f 1005/1199/1027 244/294/251 249/293/250
f 1006/1208/1026 997/1191/1867 242/2360/252
f 998/1189/1019 997/1191/1021 1006/1208/1026
f 1007/2361/1037 1000/1193/1023 998/1189/1019
f 1001/1195/1024 1000/1194/1023 1007/1213/1037
f 1008/2362/1028 249/1197/250 999/1192/1022
f 1009/1211/1035 1005/1199/1027 1008/1200/1028
f 1010/1203/1029 1009/1211/1035 1008/1200/1028
f 1011/1206/1032 1004/1196/1025 250/297/253
f 1012/1205/1031 1006/1198/1026 1004/1196/1025
f 1013/1207/1033 998/1189/1019 1006/1208/1026
f 1007/2361/1037 998/1189/1019 1013/1207/1033
f 1014/1210/1034 256/303/259 1005/1199/1027
f 1009/1211/1035 1015/1212/1036 1014/1210/1034
f 1010/1203/1029 1016/1218/1042 1015/1212/1036
f 935/1116/959 1001/1195/1024 1017/1214/1038
f 1019/1216/1040 260/307/263 256/303/259
f 1020/1217/1041 1019/1216/1040 1014/1210/1034
f 1021/1219/1043 1020/1217/1041 1015/1212/1036
f 1011/1206/1032 250/297/253 265/314/268
f 1012/1205/1031 1023/1221/1045 1024/1314/1046
f 1082/1224/1048 1007/2361/1037 1013/1207/1033
f 1028/1228/1051 1027/1227/1050 941/1132/972
f 946/1137/975 935/1116/959 1018/1215/1039
f 1028/1228/1051 945/1136/974 1029/2363/1121
f 946/1137/975 1029/1317/1121 945/1138/974
f 1031/1150/985 1003/1204/1030 1002/1201/984
f 1032/1230/1053 1030/1229/1052 1031/1150/985
f 960/1152/987 1032/1230/1053 959/1151/986
f 1030/1229/1052 1016/1218/1042 1010/1203/1029
f 961/1153/988 1035/1232/1055 1033/1233/1056
f 968/1160/993 1038/1401/1192 969/1164/996
f 971/2364/1060 1043/2365/1065 1042/2366/1061
f 1044/1240/1063 1040/1246/1068 1039/1241/1064
f 1044/1240/1063 1043/1242/1065 971/1243/1060
f 1044/1240/1063 1045/2367/1080 1041/1245/1067
f 973/1247/1069 1045/2367/1080 1044/1240/1063
f 1047/1251/1072 1045/1263/1080 973/1252/1073
f 977/1264/1081 970/1248/1070 1046/1250/1071
f 979/1257/1006 978/1255/1005 1048/1254/1075
f 979/1259/1077 1049/1270/1076 1047/1251/1072
f 1053/1288/1078 977/1267/1081 1052/1266/1083
f 1049/1258/1076 1048/1254/1075 1055/1271/1085
f 1049/1270/1076 1056/1281/1086 1054/1269/1084
f 1043/2368/1065 1058/1295/1091 1057/1277/1087
f 1058/1280/1091 1043/1242/1065 1039/1241/1064
f 1041/1245/1067 1062/1283/1093 1040/1246/1068
f 1059/1664/1088 1062/1283/1093 1041/1245/1067
f 1040/1246/1068 1064/1284/1094 1061/1279/1090
f 1056/1272/1086 1065/1285/1095 1063/1293/1092
f 1066/1298/1097 1051/1265/1082 1046/1250/1071
f 1067/1286/1096 1052/1266/1083 1051/1268/1082
f 1053/1288/1078 1052/1266/1083 1067/1286/1096
f 1055/1271/1085 1053/1260/1078 1068/1290/1098
f 1065/1285/1095 1055/1271/1085 1070/1291/1099
f 1064/1284/1094 1071/1299/1104 1061/1279/1090
f 1072/1294/1101 1071/1299/1104 1064/1284/1094
f 1058/1295/1091 1074/1329/1131 1073/1296/1102
f 1074/2369/1131 1058/1280/1091 1061/1279/1090
f 1075/1297/1103 1046/1250/1071 1057/1277/1087
f 1074/1329/1131 1061/2370/1090 1077/1330/1105
f 983/1177/1008 1079/1303/1108 989/1350/1148
f 917/1096/941 1080/1308/1113 902/1097/942
f 994/1306/1111 1080/1308/1113 917/1096/941
f 260/307/263 1083/1358/1156 262/306/262
f 260/307/263 1084/1310/1115 1083/1358/1156
f 1085/2371/1118 1025/1223/1047 1024/1222/1046
f 1082/1224/1048 1025/1223/1047 1085/2371/1118
f 1083/1358/1156 292/337/290 262/306/262
f 1086/1312/1117 1024/1314/1046 1023/1221/1045
f 1026/1226/1049 1084/1310/1115 1019/1216/1040
f 1026/1226/1049 1088/1362/1159 1084/1310/1115
f 1022/1220/1044 1088/1362/1159 1026/1226/1049
f 1022/1220/1044 1089/1315/1119 1088/1362/1159
f 1090/1316/1120 946/1137/975 1018/1215/1039
f 300/349/300 1027/1227/1050 1091/1318/1122
f 1092/2372/1181 1028/1228/1051 1029/2363/1121
f 1028/1228/1051 1092/2372/1181 1091/1318/1122
f 1093/1319/1123 300/349/300 1091/1318/1122
f 960/1152/987 1035/1232/1055 1094/1320/1124
f 1034/1231/1054 1095/1321/1125 1016/1218/1042
f 961/1153/988 1096/1451/1126 1037/1236/1059
f 1034/1231/1054 1036/1234/1057 1095/1321/1125
f 1065/1285/1095 1070/1291/1099 1098/1327/1129
f 1073/1296/1102 1077/1330/1105 1100/1335/1135
f 1097/1324/1128 1102/1341/1134 1077/1300/1105
f 1106/1337/1137 1073/1296/1102 1100/1335/1135
f 1101/1331/1132 1073/1296/1102 1106/1337/1137
f 1105/1336/1136 1104/1338/1138 1100/1335/1135
f 1109/1342/1141 1108/1340/1140 1097/1324/1128
f 1068/1289/1098 1067/1286/1096 1110/1344/1143
f 1111/1343/1142 1106/1337/1137 1104/1338/1138
f 1108/1340/1140 1112/1405/1196 1102/1341/1134
f 1105/1336/1136 1112/1408/1196 1104/1338/1138
f 1105/2373/1136 1102/1341/1134 1112/1405/1196
f 1113/1348/1144 1101/1331/1132 1111/1343/1142
f 1112/1408/1196 1114/1346/1145 1104/1338/1138
f 1111/1343/1142 1104/1338/1138 1114/1346/1145
f 1155/1411/1199 1098/1326/1129 1068/1289/1098
f 1107/1410/1139 1098/1326/1129 1155/1411/1199
f 968/1160/993 1078/1301/1106 1038/1401/1192
f 985/1184/1014 1116/1351/1149 987/1349/1147
f 991/1302/1107 1216/1486/1262 1078/1301/1106
f 1018/1215/1039 1017/1214/1038 1117/1354/1152
f 1085/1313/1118 1086/1312/1117 1119/1356/1154
f 1082/1224/1048 1085/2371/1118 1120/1360/1155
f 1121/1359/1157 329/385/333 292/337/290
f 1117/1354/1152 1082/1225/1048 1122/2374/1158
f 1088/1362/1159 1083/1358/1156 1084/1310/1115
f 1119/1356/1154 299/345/297 334/2250/1852
f 1088/1362/1159 1123/1363/1160 1121/1359/1157
f 1089/1315/1119 1124/1376/1171 1123/1363/1160
f 1123/1363/1160 1125/1375/1170 340/393/340
f 348/398/348 1126/1366/1163 349/401/346
f 1119/1356/1154 334/2250/1852 349/403/349
f 341/395/342 1127/1371/1162 348/2375/345
f 1127/1365/1162 1128/1380/1174 1126/1366/1163
f 1120/1357/1155 1119/1356/1154 1126/1364/1161
f 1129/2376/1165 1122/1361/1158 1120/1360/1155
f 1127/1365/1162 1130/1378/1168 1128/1380/1174
f 1117/1354/1152 1122/2374/1158 1129/1368/1165
f 340/393/340 1131/1372/1167 1127/1371/1162
f 1125/1375/1170 1131/1372/1167 340/393/340
f 1124/1376/1171 1133/1398/1189 1125/1375/1170
f 1135/1381/1175 1118/1355/1153 1129/1368/1165
f 1131/1372/1167 1136/1384/1178 1130/1373/1168
f 1136/2377/1178 1134/1379/1173 1130/1378/1168
f 1135/1381/1175 1134/1377/1172 1137/1382/1176
f 1131/1372/1167 1139/1387/1179 1136/1384/1178
f 1090/1316/1120 1018/1215/1039 1118/1355/1153
f 1141/1392/1184 1093/1319/1123 1091/1318/1122
f 1093/1319/1123 1141/1392/1184 303/350/301
f 1092/1389/1181 1029/1317/1121 1142/1390/1182
f 1092/2372/1181 1143/1394/1183 1091/1318/1122
f 1140/1388/1180 1142/1390/1182 1029/1317/1121
f 1144/1393/1185 1141/1392/1184 1091/1318/1122
f 1141/1392/1184 358/418/364 357/417/363
f 1140/1388/1180 1135/1381/1175 1138/1383/1177
f 1140/1388/1180 1138/1383/1177 1142/1390/1182
f 1037/1236/1059 1145/1395/1186 1035/1232/1055
f 1087/1235/1058 1146/1396/1187 1124/1376/1171
f 1148/1399/1190 1132/1374/1169 1133/1398/1189
f 1147/1397/1188 1148/1399/1190 1095/1321/1125
f 1108/1340/1140 1153/1402/1193 1152/1404/1195
f 1154/1407/1198 1114/1346/1145 1112/1408/1196
f 1157/1417/1204 1152/1409/1195 1150/1414/1194
f 1153/1402/1193 1151/1406/1197 1150/1403/1194
f 1154/1407/1198 1152/1409/1195 1157/1417/1204
f 1159/1419/1206 1158/1421/1202 1150/1403/1194
f 1151/1406/1197 1159/1419/1206 1150/1403/1194
f 1160/1413/1201 1157/1417/1204 1150/1414/1194
f 1161/1416/1203 1154/1407/1198 1157/1417/1204
f 1162/1418/1205 1115/1347/1146 1154/1407/1198
f 1151/1406/1197 1163/1423/1209 1159/1419/1206
f 1159/1419/1206 1165/1465/1246 1164/1420/1207
f 1166/1422/1208 1165/1465/1246 1159/1419/1206
f 1160/1413/1201 1158/1415/1202 1164/1424/1207
f 1168/1426/1211 1068/1289/1098 1110/1344/1143
f 1155/1411/1199 1068/1289/1098 1168/1426/1211
f 1156/1412/1200 1155/1411/1199 1169/1427/1212
f 1162/1418/1205 1161/1416/1203 1170/1428/1213
f 1171/1429/1214 1110/1344/1143 1113/1345/1144
f 987/1349/1147 1172/1430/1215 991/1302/1107
f 991/1302/1107 1172/1430/1215 1216/1486/1262
f 1081/1305/1110 1173/1496/1272 994/1306/1111
f 994/1306/1111 1252/1491/1267 1080/1308/1113
f 1173/1496/1272 1252/1491/1267 994/1306/1111
f 1138/1383/1177 1137/1382/1176 1174/1436/1216
f 1136/1384/1178 1175/1432/1217 1174/1431/1216
f 1175/1432/1217 1177/1434/1219 1176/1433/1218
f 1139/1387/1179 1178/1435/1220 1177/1434/1219
f 1143/1391/1183 1142/1390/1182 1179/1438/1222
f 1138/2378/1177 1180/2379/1221 1179/1440/1222
f 1180/1437/1221 1174/1436/1216 1176/2380/1218
f 1180/2379/1221 1176/1433/1218 1179/1440/1222
f 1144/1393/1185 1179/1440/1222 1182/1441/1224
f 1144/1393/1185 1183/1442/1225 1181/1439/1223
f 1182/1441/1224 1184/1443/1226 1183/1442/1225
f 1177/1434/1219 1185/1444/1227 1184/1443/1226
f 1184/1443/1226 412/1445/1228 1181/1439/1223
f 1187/1447/1230 1186/1452/1234 1132/1374/1169
f 1188/1449/1232 1149/1400/1191 1145/1395/1186
f 1188/1449/1232 1189/1448/1231 1149/1400/1191
f 1037/1236/1059 1190/1450/1233 1188/1449/1232
f 1096/1451/1126 1191/1456/1238 1190/1450/1233
f 1192/1453/1235 1191/2381/1238 1096/1322/1126
f 1189/1448/1231 1186/1452/1234 1187/1447/1230
f 1194/1455/1237 1193/1454/1236 1188/1449/1232
f 1196/1459/1240 1186/1452/1234 1193/1454/1236
f 1195/1457/1239 1197/1482/1259 1196/1459/1240
f 1192/1458/1235 1197/1482/1259 1195/1457/1239
f 1186/1452/1234 1199/1460/1241 1185/1444/1227
f 1197/1482/1259 1198/1461/1242 1196/1459/1240
f 1166/1422/1208 1201/1466/1247 1165/1465/1246
f 1164/1424/1207 1206/1468/1245 1202/1463/1244
f 1206/1464/1245 1164/1420/1207 1165/1465/1246
f 1203/1467/1248 1162/1418/1205 1170/1428/1213
f 1166/1422/1208 1204/1472/1251 1201/1466/1247
f 1204/1472/1251 1206/1464/1245 1201/1466/1247
f 1113/1348/1144 1203/1467/1248 1207/1470/1250
f 1209/1476/1255 1202/1463/1244 1205/1469/1249
f 1170/1428/1213 1202/1463/1244 1209/1476/1255
f 1211/1475/1254 1210/1477/1256 1205/1469/1249
f 1211/1478/1254 1206/1464/1245 1208/1473/1252
f 1213/1502/1277 1212/1479/1257 1208/1473/1252
f 1078/1301/1106 1192/1453/1235 1038/1401/1192
f 989/1350/1148 1214/1490/1266 1116/1351/1149
f 1079/1303/1108 1214/1490/1266 989/1350/1148
f 1215/1481/1258 1197/1482/1259 1192/1458/1235
f 1078/1301/1106 1216/1486/1262 1215/1480/1258
f 1216/1486/1262 1217/1485/1261 1215/1480/1258
f 1219/1487/1263 1200/1462/1243 1198/1461/1242
f 1217/1484/1261 1220/1515/1264 1219/1487/1263
f 1172/1430/1215 1221/1489/1265 1220/1488/1264
f 1080/1308/1113 1224/1492/1268 992/1309/1114
f 990/1186/1016 1223/1494/1270 1079/1303/1108
f 992/1309/1114 1224/1492/1268 1223/1494/1270
f 1222/1493/1269 1225/1495/1271 1081/1305/1110
f 1211/1475/1254 1229/1499/1274 1210/1477/1256
f 1170/1428/1213 1209/1476/1255 1230/1500/1275
f 1203/1467/1248 1230/1500/1275 1231/1501/1276
f 1213/1502/1277 1233/1508/1282 1232/1503/1278
f 1229/1499/1274 1234/1505/1279 1210/1477/1256
f 1229/1499/1274 1212/1498/1257 1232/1504/1278
f 1235/1506/1280 1230/1500/1275 1210/1477/1256
f 1236/1509/1283 1235/1506/1280 1234/1505/1279
f 1231/1501/1276 1235/1506/1280 1236/1509/1283
f 1237/1507/1281 1233/1508/1282 1227/1936/1642
f 1207/1470/1250 1231/1501/1276 1238/1510/1284
f 1237/2382/1281 1239/1511/1285 1232/1504/1278
f 1272/1547/1287 1171/1471/1214 1207/1470/1250
f 1240/1512/1286 1168/1426/1211 1171/1429/1214
f 1241/1514/1288 1169/1427/1212 1168/1426/1211
f 1221/1489/1265 1242/1516/1289 1220/1488/1264
f 1244/1517/1290 1243/1519/1291 1200/1462/1243
f 1242/1518/1289 1246/1523/1295 1245/1520/1292
f 1248/1522/1294 1247/1521/1293 1245/1520/1292
f 1223/1494/1270 1249/1525/1296 1246/1524/1295
f 1247/1521/1293 1250/1527/1297 1228/1497/1273
f 1249/2383/1296 1251/2384/1299 1250/2385/1297
f 1224/1492/1268 1252/1491/1267 1251/1529/1298
f 1250/1527/1297 1253/1535/1300 1228/1497/1273
f 1252/1491/1267 1254/1533/1301 1251/1529/1298
f 1256/1534/1302 1255/1540/1306 1253/1535/1300
f 1257/1538/1304 442/1446/1229 1228/1497/1273
f 1258/1539/1305 1257/1538/1304 1253/1535/1300
f 1259/1541/1307 1258/1539/1305 1255/1540/1306
f 1225/1495/1271 1260/1543/1308 1259/1542/1307
f 1222/1493/1269 1261/1565/1326 1260/1543/1308
f 1262/1573/1332 1261/1565/1326 1222/1493/1269
f 919/1098/943 1262/1573/1332 1222/1493/1269
f 453/529/457 1264/1583/1341 479/565/487
f 442/1446/1229 1266/1544/1309 435/509/439
f 1266/1544/1309 1264/1583/1341 453/529/457
f 1267/1545/1310 1234/1505/1279 1239/1511/1285
f 1237/1507/1281 1227/1936/1642 1263/1969/1668
f 1237/2382/1281 1269/1550/1314 1239/1511/1285
f 1269/2386/1314 1237/1507/1281 1263/1969/1668
f 1269/1550/1314 1270/1549/1313 1239/1511/1285
f 1267/1545/1310 1239/1511/1285 1270/1549/1313
f 1271/1557/1321 1236/1509/1283 1267/1545/1310
f 1238/1510/1284 1236/1509/1283 1271/1557/1321
f 1269/2386/1314 1263/1969/1668 1265/1968/1315
f 1274/1552/1316 479/565/487 1264/1583/1341
f 1275/1553/1317 1273/1548/1312 1265/1551/1315
f 1276/1554/1318 481/566/488 482/567/486
f 1277/1555/1319 1267/1545/1310 1270/1549/1313
f 1277/1555/1319 1271/1557/1321 1267/1545/1310
f 1278/1556/1320 1238/1510/1284 1271/1557/1321
f 1268/1546/1311 1238/1510/1284 1278/1556/1320
f 1279/1558/1322 1272/1547/1287 1268/1546/1311
f 1240/2387/1286 1272/1547/1287 1279/1558/1322
f 1280/2124/1797 485/568/489 1276/1554/1318
f 1280/2124/1797 487/572/493 485/568/489
f 1241/1514/1288 1240/1512/1286 1279/2388/1322
f 1283/1563/1325 1282/1562/1324 1258/1539/1305
f 1284/1566/1327 442/1446/1229 1257/1538/1304
f 1285/1567/1328 1284/1566/1327 1282/1562/1324
f 1286/1571/1331 1285/1568/1328 1261/1565/1326
f 1262/1573/1332 1286/1571/1331 1261/1565/1326
f 1287/1569/1329 1266/1544/1309 442/1446/1229
f 1288/1570/1330 1287/1569/1329 1284/1566/1327
f 1262/1573/1332 1289/1576/1335 1288/1572/1330
f 1291/1575/1334 1290/1574/1333 1287/1569/1329
f 1292/1578/1336 1264/1583/1341 1266/1544/1309
f 1293/1579/1337 1292/1578/1336 1290/1574/1333
f 919/1098/943 1294/1580/1338 1262/1573/1332
f 1294/1580/1338 1295/1581/1339 1289/1576/1335
f 1294/1580/1338 1297/1585/1342 1293/1584/1337
f 1292/1578/1336 1276/1587/1318 1274/1552/1316
f 1297/1585/1342 1300/1589/1344 1299/1588/1343
f 1302/1594/1345 1280/2124/1797 1276/1554/1318
f 1302/1594/1345 1303/1593/1347 1280/2124/1797
f 1300/2389/1344 1304/1592/1346 1302/1594/1345
f 1296/1582/1340 1304/1595/1348 1300/1589/1344
f 1301/1352/1150 1305/2132/1805 1304/1595/1348
f 1306/1596/1349 1308/1024/879 569/674/577
f 568/671/574 1306/1596/1349 570/1597/1350
f 1317/1599/1352 1307/1598/1351 568/671/574
f 1308/1024/879 853/1018/873 569/674/577
f 1309/1600/1353 1310/1613/1354 573/1601/584
f 1310/1602/1354 1317/1599/1352 563/666/570
f 585/703/595 1309/1600/1353 574/701/585
f 1312/1604/1356 1311/1603/1355 585/703/595
f 587/706/598 1312/1604/1356 586/705/597
f 1307/1598/1351 1314/1607/1359 1306/1596/1349
f 1314/1607/1359 1315/1608/1360 1308/1024/879
f 1319/1611/1363 1318/1610/1362 1317/1599/1352
f 1318/1610/1362 1316/1609/1361 1307/1598/1351
f 1309/1600/1353 1311/1603/1355 1320/1612/1364
f 1319/2390/1363 1310/1613/1354 1320/1612/1364
f 1321/1614/1365 1311/1603/1355 1322/1615/1366
f 1322/1615/1366 1312/1604/1356 1313/1605/1357
f 1314/1607/1359 1323/1617/1368 1315/1608/1360
f 879/1050/900 859/1028/883 1323/1617/1368
f 1316/1609/1361 1324/1616/1367 1314/1607/1359
f 1325/1619/1370 879/1050/900 1323/1617/1368
f 1324/1616/1367 1325/1619/1370 1323/1617/1368
f 1326/1622/1373 879/1050/900 1325/1619/1370
f 1327/1618/1369 1326/1622/1373 1325/1619/1370
f 1329/1621/1372 885/1056/906 882/1053/903
f 1329/1621/1372 882/1053/903 879/1050/900
f 1327/1618/1369 1316/1609/1361 1328/1620/1371
f 886/2391/909 885/1056/906 1329/1621/1372
f 1326/1628/1373 886/1062/909 1329/2392/1372
f 1331/1627/1375 886/1062/909 1326/1628/1373
f 1327/1626/1369 1334/1630/1377 1331/1627/1375
f 1328/1624/1371 1319/2390/1363 1320/1612/1364
f 1330/1625/1374 1328/1624/1371 1332/1629/1376
f 1334/1630/1377 889/1060/908 886/1062/909
f 1327/1626/1369 1333/1634/1380 1334/1630/1377
f 1327/1626/1369 1330/1632/1374 1333/1634/1380
f 1332/1629/1376 1321/1614/1365 1322/1615/1366
f 1330/1632/1374 1337/1636/1381 1336/1633/1379
f 1330/1625/1374 1332/1629/1376 1335/1631/1378
f 1337/1635/1381 1335/1631/1378 1338/1640/1385
f 1333/1634/1380 1340/1639/1384 1345/1638/1383
f 1340/1639/1384 1333/1634/1380 1336/1633/1379
f 600/723/613 1341/1606/1358 587/706/598
f 1342/1642/1387 1322/1615/1366 1313/1605/1357
f 1335/1631/1378 1322/1615/1366 1342/1642/1387
f 1342/1642/1387 1313/1605/1357 1341/1606/1358
f 1337/1636/1381 1343/1645/1386 1339/1637/1382
f 1335/1631/1378 1344/1643/1388 1338/1640/1385
f 1334/1630/1377 1345/1638/1383 891/1066/913
f 1346/1644/1389 1340/1639/1384 1339/1637/1382
f 1347/1647/1391 1342/1642/1387 1341/1606/1358
f 1348/1646/1390 1344/1643/1388 1342/1642/1387
f 1338/1640/1385 1349/1652/1396 1343/1641/1386
f 1349/1652/1396 1338/1640/1385 1344/1643/1388
f 1349/2393/1396 1351/1649/1393 1343/1645/1386
f 1349/1652/1396 1344/1643/1388 1350/1648/1392
f 1346/1644/1389 1352/1654/1398 1340/1639/1384
f 1352/1654/1398 1346/1644/1389 1351/1649/1393
f 1347/1647/1391 1341/1606/1358 1379/1650/1394
f 1349/2393/1396 1354/1715/1397 1351/1649/1393
f 1353/1651/1395 1355/1786/1506 1350/1648/1392
f 1354/1653/1397 1350/1648/1392 1355/1786/1506
f 1340/1639/1384 1356/1655/1399 1345/1638/1383
f 1047/1251/1072 1060/1278/1089 1050/1261/1079
f 1050/1261/1079 1359/1688/1425 1059/1276/1088
f 1358/1656/1400 1359/1688/1425 1050/1261/1079
f 1360/1661/1405 1363/1660/1404 1361/2394/1868
f 1365/1657/1401 1360/1661/1405 1362/1658/1402
f 1365/1657/1401 1366/2395/1869 1363/1660/1404
f 1367/1662/1406 1366/2395/1869 1365/1657/1401
f 1059/1276/1088 1359/1688/1425 1368/1687/1408
f 1361/1690/1413 1381/1669/1411 1360/1668/1410
f 1363/1672/1414 1372/1701/1436 1371/1670/1412
f 1054/1269/1084 1063/1282/1092 1069/1673/1100
f 1054/1269/1084 1373/1674/1415 1358/1656/1400
f 1364/1659/1403 1362/1658/1402 1369/1675/1416
f 1375/1663/1407 1365/1657/1401 1364/1659/1403
f 1377/1680/1420 1372/1701/1870 1363/1672/1421
f 1378/1682/1422 1364/1659/1403 1374/1676/1417
f 1358/1656/1400 1383/1692/1427 1380/1686/1424
f 1371/1724/1412 1382/1689/1426 1361/1690/1413
f 1385/1693/1428 1375/1697/1432 1378/1694/1429
f 1386/1696/1431 1367/2396/1423 1375/1697/1432
f 1367/2396/1423 1386/1696/1431 1376/1741/1419
f 1072/1294/1101 1368/1665/1408 1387/1698/1433
f 1388/1699/1434 1370/1666/1409 1381/1669/1411
f 1391/1703/1438 1374/1711/1417 1369/1704/1416
f 1377/1680/1420 1389/1700/1459 1372/1701/1870
f 1069/1673/1100 1392/2397/1439 1390/1702/1437
f 1392/1707/1440 1393/2398/1871 1391/1708/1441
f 1393/1710/1443 1378/2399/1422 1374/1711/1417
f 1404/1712/1444 1384/1695/1430 1378/1694/1445
f 1379/1650/1394 600/723/613 1357/1717/1449
f 1353/1651/1395 1347/1647/1391 1394/1714/1447
f 1398/1721/1452 1396/1718/1450 1380/1686/1424
f 1398/1721/1452 1399/1734/1463 1397/1722/1453
f 1400/1732/1461 1399/1736/1457 1388/1699/1434
f 1400/1732/1461 1388/1699/1434 1381/1669/1411
f 1390/1702/1437 1398/1721/1452 1383/1692/1427
f 1402/2400/1455 1399/2401/1463 1398/2402/1452
f 1391/2403/1872 1402/2404/1872 1390/2405/1872
f 1402/1727/1456 1391/1703/1438 1388/1705/1434
f 1392/1706/1439 1065/1285/1095 1099/1328/1130
f 1393/1713/1446 1392/1706/1439 1099/1328/1130
f 1387/1698/1433 1405/1757/1483 1076/1323/1127
f 1406/1758/1460 1405/1757/1483 1387/1698/1433
f 1396/1718/1450 1407/1760/1485 1406/1731/1460
f 1397/1722/1453 1407/1760/1485 1396/1718/1450
f 1401/1725/1454 1389/1700/1435 1408/1751/1465
f 1403/1730/1458 1376/1729/1419 1410/1752/1478
f 1412/1740/1468 1385/1693/1428 1404/1712/1444
f 1413/1739/1467 1386/1696/1431 1385/1693/1428
f 1413/1739/1467 1410/1810/1478 1376/1741/1419
f 1405/1757/1483 1103/1333/1133 1076/1323/1127
f 1409/1733/1462 1407/1760/1485 1397/1722/1453
f 1400/1732/1461 1421/1743/1470 1409/1735/1464
f 1411/1738/1466 1099/1328/1130 1416/1754/1480
f 1417/1744/1471 1404/1712/1444 1411/1738/1466
f 1414/1720/1451 1422/1746/1473 1421/1743/1470
f 1415/1742/1469 1419/1748/1475 1418/1745/1472
f 1415/1742/1469 1422/1746/1473 1414/1720/1451
f 1415/1742/1469 1408/1737/1465 1420/1747/1474
f 1409/1733/1462 1427/1772/1494 1407/1760/1485
f 1442/1753/1479 1423/1750/1477 1389/1700/1459
f 1416/1754/1480 1099/1328/1130 1107/1339/1139
f 1425/1756/1482 1109/1342/1141 1103/1333/1133
f 1407/1760/1485 1427/1772/1494 1426/1759/1484
f 1428/1761/1486 1422/1746/1473 1418/1745/1472
f 1423/1750/1477 1429/1762/1487 1408/1751/1465
f 1425/1756/1482 1431/1769/1489 1430/1768/1492
f 1406/1758/1460 1431/1769/1489 1425/1756/1482
f 1426/1759/1484 1431/1765/1489 1406/1731/1460
f 1421/1743/1470 1434/1778/1498 1427/1749/1476
f 1434/1778/1498 1421/1743/1470 1428/1761/1486
f 1109/1342/1141 1425/1756/1482 1430/1768/1492
f 1436/1767/1491 1435/1800/1519 1430/1768/1492
f 1432/1764/1488 1426/1759/1484 1437/1773/1495
f 1419/1748/1475 1438/1771/1493 1418/1745/1472
f 1440/1784/1504 1439/1779/1499 1428/1761/1486
f 1440/1784/1504 1428/1761/1486 1418/1745/1472
f 1434/1775/1497 1439/2406/1503 1437/1776/1495
f 1433/1766/1490 1423/1750/1477 1442/1753/1479
f 1435/1800/1519 1443/1780/1500 1430/1768/1492
f 1432/1764/1488 1444/1802/1521 1436/1770/1491
f 1445/1781/1501 1444/1802/1521 1432/1764/1488
f 1420/1747/1474 1446/1805/1524 1438/1771/1493
f 1447/1782/1502 1445/1781/1501 1437/1773/1495
f 1441/1807/1496 1446/1805/1524 1420/1747/1474
f 1448/1787/1507 1353/1651/1395 1394/1714/1447
f 1352/1654/1398 1449/1788/1508 1356/1655/1399
f 1395/1716/1448 1450/1789/1509 1449/1788/1508
f 1450/1789/1509 1395/1716/1448 1354/1715/1397
f 1355/2407/1506 1451/1790/1510 1354/1715/1397
f 1355/1786/1506 1448/1787/1507 1452/1857/1572
f 1449/1788/1508 1453/1791/1511 1356/1655/1399
f 1454/1793/1513 1394/1714/1447 1379/1650/1394
f 1455/1792/1512 1448/1787/1507 1394/1714/1447
f 1456/1794/1514 1452/1857/1572 1448/1787/1507
f 1443/1780/1500 1151/1406/1197 1109/1342/1141
f 1433/1766/1490 1458/1836/1552 1441/1774/1496
f 1459/1796/1516 1458/1836/1552 1433/1766/1490
f 1460/1839/1527 1442/1753/1479 1410/1752/1478
f 1461/1797/1517 1416/1754/1480 1107/1339/1139
f 1435/1800/1519 1462/1799/1518 1443/1780/1500
f 1436/1767/1491 1463/1815/1532 1462/1799/1518
f 1465/1801/1520 1463/1804/1523 1436/1770/1491
f 1466/2408/1522 1464/2409/1873 1463/2410/1523
f 1445/1781/1501 1471/1806/1525 1465/1801/1520
f 1441/1774/1496 1458/1836/1552 1467/1835/1526
f 1417/1744/1471 1424/1755/1481 1469/1812/1529
f 1413/1739/1467 1468/1811/1528 1410/1810/1478
f 1463/1815/1532 1470/1814/1531 1462/1799/1518
f 1466/1803/1539 1465/1801/1520 1471/1806/1525
f 1440/1784/1504 1478/1817/1534 1447/1785/1505
f 1412/1740/1468 1417/1744/1471 1473/1818/1535
f 1462/1799/1518 1474/1819/1536 1163/1423/1209
f 1470/1814/1531 1475/1820/1537 1474/1819/1536
f 1479/1830/1546 1478/1817/1534 1457/1795/1515
f 1472/1816/1533 1479/1830/1546 1457/1795/1515
f 1413/1739/1467 1412/1740/1468 1480/1825/1542
f 1475/1820/1537 1483/1841/1556 1482/1827/1544
f 1488/1832/1548 1486/1843/1558 1485/1833/1549
f 1488/1832/1550 1489/2411/1563 1486/1843/1562
f 1467/1808/1526 1489/2411/1563 1488/1832/1550
f 1490/1834/1551 1489/1848/1563 1467/1835/1526
f 1459/1796/1516 1442/1753/1479 1491/1837/1553
f 1492/1838/1554 1490/1834/1551 1458/1836/1552
f 1476/1821/1538 1494/1852/1567 1484/1829/1545
f 1486/1843/1558 1496/1866/1580 1495/1842/1557
f 1497/1844/1559 1494/1852/1567 1476/1821/1538
f 1498/1845/1560 1497/1849/1564 1487/1831/1547
f 1498/1845/1560 1479/1830/1546 1485/1833/1549
f 1499/1846/1561 1496/1875/1586 1486/1847/1562
f 1490/1834/1551 1499/1846/1561 1489/1848/1563
f 1493/1840/1555 1500/1850/1565 1483/1841/1556
f 1484/1829/1545 1501/1868/1582 1493/1870/1555
f 1494/1852/1567 1501/1868/1582 1484/1829/1545
f 1492/1838/1554 1503/1854/1569 1490/1834/1551
f 1163/1423/1209 1504/1474/1253 1166/1422/1208
f 1482/1827/1544 1504/1474/1253 1163/1423/1209
f 1356/1655/1399 1226/1856/1571 995/1353/1151
f 1450/1789/1509 1506/1861/1575 1453/1791/1511
f 1506/1861/1575 1450/1789/1509 1451/1790/1510
f 1355/2407/1506 1507/1859/1573 1451/1790/1510
f 995/1353/1151 1226/1856/1571 1301/1352/1150
f 1509/1862/1576 1379/1650/1394 1357/1717/1449
f 1454/1793/1513 1379/1650/1394 1509/1862/1576
f 1456/1794/1514 1454/1793/1513 1510/1863/1577
f 1498/1845/1560 1513/2412/1874 1502/1853/1568
f 1513/2412/1874 1498/1845/1560 1505/1855/1570
f 1517/1873/1585 1515/1871/1583 1494/1852/1567
f 1513/2412/1874 1517/1881/1875 1502/1853/1568
f 1499/1846/1561 1518/1884/1595 1516/1874/1584
f 1503/1854/1569 1518/1884/1595 1499/1846/1561
f 1504/1474/1253 1204/1472/1251 1166/1422/1208
f 1503/1854/1569 1522/1885/1596 1518/1884/1595
f 1492/1838/1554 1491/1837/1553 1523/1879/1590
f 1524/1880/1591 1522/1885/1596 1503/1854/1569
f 1521/1878/1589 1525/1888/1599 1514/1869/1581
f 1521/1878/1589 1515/1871/1583 1517/1873/1585
f 1512/1865/1579 1521/1882/1593 1505/1855/1570
f 1517/1881/1592 1513/2412/1874 1505/1855/1570
f 1527/1883/1594 1526/1894/1604 1518/1884/1595
f 1528/1907/1615 1469/1812/1529 1461/1797/1517
f 1473/1818/1535 1469/1812/1529 1528/1907/1615
f 1481/1826/1543 1480/1825/1542 1529/1886/1597
f 1512/1865/1579 1533/1890/1600 1532/1889/1598
f 1533/1890/1600 1534/2413/1607 1531/1891/1601
f 1516/1872/1584 1534/2413/1607 1533/1890/1600
f 1535/1893/1603 1534/1899/1607 1516/1874/1584
f 1504/1474/1253 1537/1924/1632 1208/1473/1252
f 1511/1864/1578 1537/1924/1632 1504/1474/1253
f 1514/1867/1581 1538/1900/1608 1519/1876/1587
f 1547/1897/1606 1538/1900/1608 1514/1867/1581
f 1539/1943/1647 1473/1818/1535 1528/1907/1615
f 1529/1886/1597 1473/1818/1535 1539/1943/1647
f 1537/1924/1632 1213/1502/1277 1208/1473/1252
f 1519/1876/1587 1540/1901/1609 1511/1864/1578
f 1531/1891/1601 1541/1903/1611 1530/1892/1602
f 1533/1890/1600 1542/1902/1610 1532/1889/1598
f 1542/1902/1610 1533/1890/1600 1530/1892/1602
f 1535/1893/1603 1543/1909/1617 1531/1898/1601
f 1526/1894/1604 1543/1909/1617 1535/1893/1603
f 1156/1412/1200 1169/1427/1212 1544/1940/1613
f 1536/1895/1605 1545/1904/1612 1468/1811/1528
f 1548/1908/1616 1547/1897/1606 1525/1896/1599
f 1542/1902/1610 1548/1908/1616 1532/1889/1598
f 1508/1860/1574 1507/1859/1573 1550/1957/1620
f 1506/1861/1575 1551/1911/1619 1453/1791/1511
f 1508/1860/1574 1552/1953/1657 1551/1911/1619
f 1552/1953/1657 1508/1860/1574 1550/1957/1620
f 1553/1914/1622 1510/1863/1577 1357/1717/1449
f 1554/1913/1621 1456/1794/1514 1510/1863/1577
f 1452/2414/1572 1555/2415/1623 1550/2416/1620
f 1555/1915/1623 1452/1857/1572 1456/1794/1514
f 1556/1916/1624 1554/1913/1621 1553/1914/1622
f 1555/1915/1623 1554/1913/1621 1557/1917/1625
f 1560/1918/1626 1561/1930/1637 1558/1919/1627
f 1559/1920/1628 1562/1967/1667 1560/1918/1626
f 1549/1935/1618 1564/1922/1630 1531/1891/1601
f 1537/1924/1632 1558/1919/1627 1213/1502/1277
f 1559/1920/1628 1558/1919/1627 1537/1924/1632
f 1548/2417/1616 1566/2418/1633 1547/2419/1606
f 1548/1908/1616 1542/1902/1610 1541/1903/1611
f 1567/1928/1635 1527/1883/1594 1565/1923/1631
f 1527/1883/1594 1567/1928/1635 1526/1894/1604
f 1564/1922/1630 1573/1934/1641 1566/1925/1633
f 1549/1935/1618 1573/1934/1641 1564/1922/1630
f 1526/1894/1604 1569/1929/1636 1543/1909/1617
f 1523/1879/1590 1565/1923/1631 1524/1880/1591
f 1570/1951/1655 1536/1895/1605 1529/1886/1597
f 1545/1904/1612 1536/1895/1605 1570/1951/1655
f 1547/1897/1606 1572/1932/1639 1563/1921/1629
f 1566/1925/1633 1573/1934/1641 1572/1932/1639
f 1543/1909/1617 1574/1938/1640 1549/1910/1618
f 1572/1932/1639 1573/1934/1641 1575/1945/1649
f 1571/1931/1638 1562/1967/1667 1559/1920/1628
f 1572/1932/1639 1571/1931/1638 1563/1921/1629
f 1577/1939/1644 1576/1937/1643 1543/1909/1617
f 1567/1928/1635 1577/1939/1644 1569/1929/1636
f 1546/1906/1614 1544/1905/1613 1579/2420/1645
f 1529/1886/1597 1539/1943/1647 1580/1944/1648
f 1574/1933/1640 1581/1981/1652 1573/1934/1641
f 1572/1932/1639 1582/1946/1650 1571/1931/1638
f 1573/1934/1641 1581/1981/1652 1583/1947/1651
f 1579/1941/1645 1169/1427/1212 1241/1514/1288
f 1585/1949/1653 1523/1927/1590 1568/1926/1634
f 1523/1879/1590 1585/2004/1653 1578/1942/1646
f 1586/1952/1656 1584/1950/1654 1568/1926/1634
f 1551/1911/1619 1588/1954/1658 1453/1791/1511
f 1453/1791/1511 1298/1955/1659 1226/1856/1571
f 1552/1953/1657 1590/1956/1660 1588/1954/1658
f 1590/1956/1660 1552/1953/1657 1550/1957/1620
f 1556/1916/1624 1553/1914/1622 1591/1959/1662
f 1591/1959/1662 1357/1717/1449 1587/2010/1703
f 1555/2421/1623 1592/2037/1663 1589/1958/1661
f 1593/1964/1664 1263/1969/1668 1227/1936/1642
f 1594/1965/1665 1593/1964/1664 1561/1930/1637
f 1562/1967/1667 1594/1965/1665 1560/1918/1626
f 1595/1989/1686 1596/1966/1666 1571/1931/1638
f 1593/1964/1664 1597/1970/1669 1265/1968/1315
f 1598/1973/1672 1596/1966/1666 1595/1989/1686
f 1597/1970/1669 1599/1971/1670 1265/1968/1315
f 1599/1971/1670 1601/1972/1671 1600/2422/1812
f 1594/1965/1665 1601/1972/1671 1599/1971/1670
f 1602/1974/1673 1601/1972/1671 1596/1966/1666
f 1598/1973/1672 1603/1997/1693 1602/1974/1673
f 1581/1948/1652 1576/1937/1643 1605/1979/1678
f 1607/1976/1675 1565/1923/1631 1578/1942/1646
f 1607/1976/1675 1606/1975/1674 1567/1928/1635
f 1570/1951/1655 1529/1886/1597 1608/1977/1676
f 1582/1946/1650 1595/1989/1686 1571/1931/1638
f 1583/1947/1651 1611/1983/1680 1582/1946/1650
f 1546/2423/1614 1579/2424/1645 1612/2425/1681
f 1614/2009/1702 1570/1951/1655 1608/1977/1676
f 1586/1952/1656 1570/1951/1655 1614/2009/1702
f 1609/1978/1677 1615/1986/1683 1605/1979/1678
f 1617/1988/1685 1616/1987/1684 1577/1939/1644
f 1607/1976/1675 1617/1988/1685 1606/1975/1674
f 1615/1986/1683 1618/1993/1687 1610/1982/1679
f 1621/1994/1690 1620/1992/1689 1615/1986/1683
f 1611/1983/1680 1603/1997/1693 1598/1973/1672
f 1618/1990/1687 1604/1996/1692 1611/1983/1680
f 1623/1998/1694 1604/2150/1692 1618/1993/1687
f 1607/1976/1675 1578/1942/1646 1625/2005/1699
f 1607/1976/1675 1625/2005/1699 1624/1999/1695
f 1626/2000/1696 1579/1941/1645 1241/1514/1288
f 1626/2006/1696 1612/1984/1681 1579/2420/1645
f 1585/1949/1653 1584/1950/1654 1630/2002/1697
f 1585/2004/1653 1627/2156/1698 1625/2005/1699
f 1613/1985/1682 1612/1984/1681 1626/2006/1696
f 1629/2008/1701 1580/1944/1648 1613/1985/1682
f 1629/2008/1701 1608/1977/1676 1580/1944/1648
f 1614/2009/1702 1608/1977/1676 1629/2008/1701
f 1586/1952/1656 1614/2009/1702 1630/2002/1697
f 1631/2011/1704 1632/2012/1705 844/810/695
f 1587/2010/1703 844/810/695 1632/2012/1705
f 1631/2011/1704 821/966/831 845/1009/864
f 1631/2011/1704 845/1009/864 846/1010/865
f 1631/2011/1704 1634/2014/1707 1632/2012/1705
f 1622/1995/1691 1621/1994/1690 1619/1991/1688
f 1633/2013/1706 1632/2012/1705 1634/2014/1707
f 1620/2426/1689 1636/2169/1830 1623/2168/1694
f 1636/2021/1712 1637/2020/1709 850/1014/869
f 1638/2018/1710 1636/2427/1830 1620/1992/1689
f 1637/2016/1709 1634/2014/1707 846/1010/865
f 1622/1995/1691 1639/2022/1713 1638/2018/1710
f 1640/2023/1714 1637/2020/1709 1638/2019/1711
f 1641/2026/1876 1639/2024/1713 1624/2428/1695
f 1642/2028/1717 1640/2023/1714 1641/2026/1716
f 1635/2015/1708 1634/2014/1707 1642/2030/1717
f 1226/1856/1571 1298/1955/1659 1301/1352/1150
f 1646/2033/1721 1305/2132/1805 1301/1352/1150
f 1645/2032/1720 1646/2033/1721 1588/1954/1658
f 1556/1916/1624 1647/2034/1722 1557/1917/1625
f 1648/2035/1723 1592/1963/1663 1557/1917/1625
f 1649/2036/1724 1590/1956/1660 1589/1958/1661
f 1591/1959/1662 1587/2010/1703 1633/2013/1706
f 1647/2034/1722 1591/1959/1662 1633/2013/1706
f 1647/2034/1722 1633/2013/1706 1635/2015/1708
f 1648/2035/1723 1647/2034/1722 1650/2038/1725
f 1649/2036/1724 1592/2037/1663 1651/2429/1726
f 1650/2038/1725 1644/2029/1718 1643/2031/1719
f 1650/2038/1725 1635/2015/1708 1644/2029/1718
f 1653/2041/1728 1649/2036/1724 1651/2429/1726
f 471/552/476 470/551/475 1654/2062/1729
f 1656/2068/1750 1655/2045/1730 472/556/478
f 474/571/492 1657/2047/1732 472/556/478
f 1658/2046/1731 1656/2068/1750 472/556/478
f 1660/2070/1752 1656/2068/1750 1658/2046/1731
f 1661/2081/1760 1660/2070/1752 1658/2046/1731
f 1662/2049/1734 1661/2081/1760 1658/2046/1731
f 1663/2050/1735 1658/2046/1731 1657/2047/1732
f 1662/2052/1737 486/569/490 484/570/491
f 1664/2430/1877 1662/2049/1734 1663/2050/1735
f 483/573/494 486/569/490 1664/2051/1736
f 1665/2053/1738 1657/2047/1732 1659/2048/1733
f 1663/2050/1735 1666/2056/1741 1664/2430/1877
f 1666/2054/1739 488/574/495 483/573/494
f 1665/2053/1738 1667/2055/1740 1663/2050/1735
f 1667/2055/1740 1668/2089/1767 1666/2056/1741
f 1669/2431/1878 1668/2089/1767 1667/2055/1740
f 1670/2059/1744 1659/2048/1733 1699/2057/1742
f 1671/2058/1743 1665/2053/1738 1659/2048/1733
f 1672/2061/1746 1667/2055/1740 1671/2058/1743
f 1673/2060/1745 1669/2431/1878 1667/2055/1740
f 1675/2064/1748 779/913/788 471/552/476
f 1655/2045/1730 781/915/790 1674/2065/1747
f 781/915/790 779/917/788 1675/2066/1748
f 1676/2067/1749 783/918/792 781/915/790
f 1677/2069/1751 1676/2067/1749 1656/2068/1750
f 1677/2069/1751 784/935/805 1676/2067/1749
f 1677/2069/1751 1678/2074/1756 784/935/805
f 1680/2073/1755 1679/2083/1762 810/954/822
f 1680/2072/1754 1681/2077/1879 1678/2074/1756
f 1681/2075/1757 1680/2073/1755 811/955/823
f 1681/2077/1879 1682/2079/1758 1678/2074/1756
f 797/937/807 784/935/805 1678/2074/1756
f 1683/2080/1759 1679/2071/1753 1660/2070/1752
f 1683/2082/1761 814/956/824 810/954/822
f 1682/2079/1763 1681/2077/1757 813/2076/825
f 1682/2079/1758 815/2323/826 797/937/807
f 1683/2432/1761 1662/2052/1737 484/570/491
f 1683/2432/1761 484/570/491 814/958/824
f 1684/2086/1764 816/2433/827 488/574/495
f 1685/2087/1765 831/980/843 817/982/845
f 817/982/845 842/1003/860 1686/2088/1766
f 839/1005/859 816/2434/827 1684/2092/1764
f 1687/2091/1768 840/1006/861 839/1005/859
f 842/1003/860 841/1007/862 1688/2093/1769
f 842/2435/860 1689/2436/1770 1686/2437/1766
f 1691/2098/1774 1684/2090/1764 1668/2089/1767
f 1691/2098/1774 1692/2438/1775 1687/2099/1768
f 843/1008/863 840/1006/861 1687/2091/1768
f 841/1007/862 843/1008/863 1692/2100/1775
f 841/1007/862 1693/2101/1776 1688/2093/1769
f 1694/2102/1777 1689/2097/1773 1688/2103/1778
f 1669/2431/1878 1691/2098/1774 1668/2089/1767
f 1669/2431/1878 1695/2105/1780 1691/2098/1774
f 1695/2105/1780 1692/2438/1775 1691/2098/1774
f 1695/2105/1780 1694/2102/1777 1692/2438/1775
f 1694/2102/1777 1693/2104/1779 1692/2438/1775
f 1696/2106/1781 1690/2095/1771 1694/2102/1777
f 1673/2060/1745 1695/2105/1780 1669/2431/1878
f 1721/2135/1807 1696/2106/1781 1695/2105/1780
f 847/1011/866 831/985/847 1685/2108/1783
f 1697/2107/1782 1685/2108/1783 1686/2096/1772
f 848/1013/868 847/1011/866 1685/2108/1783
f 1690/2095/1771 1698/2109/1784 1697/2107/1782
f 1698/2109/1784 849/1012/867 848/1013/868
f 1672/2061/1746 1700/2110/1785 1673/2060/1745
f 1671/2058/1743 1700/2110/1785 1672/2061/1746
f 1701/2111/1786 1671/2058/1743 1670/2059/1744
f 1701/2111/1786 1703/2439/1880 1700/2110/1785
f 1703/2439/1880 1702/2440/1788 1700/2110/1785
f 1703/2112/1787 1275/1553/1317 1265/1551/1315
f 1703/2112/1787 1277/1555/1319 1275/1553/1317
f 1704/2114/1789 1699/2057/1742 487/572/493
f 1705/2118/1793 1703/2439/1880 1701/2111/1786
f 1706/2116/1791 1670/2059/1744 1704/2114/1789
f 1706/2116/1791 1707/2117/1792 1701/2111/1786
f 1278/1556/1320 1277/1555/1319 1705/2115/1790
f 1707/2117/1792 1708/2123/1794 1705/2118/1793
f 1709/2120/1795 1279/1558/1322 1278/1556/1320
f 1707/2117/1792 1710/2121/1796 1708/2123/1794
f 1706/2116/1791 1711/2125/1798 1707/2117/1792
f 1711/2125/1798 1712/2126/1799 1710/2121/1796
f 1281/1561/1323 1279/1558/1322 1709/2120/1795
f 1713/2157/1821 1709/2122/1795 1712/2126/1799
f 1714/2128/1801 1712/2126/1799 1711/2125/1798
f 1714/2128/1801 1713/2157/1821 1712/2126/1799
f 1715/2127/1800 1711/2125/1798 1706/2116/1791
f 1716/2181/1840 1714/2128/1801 1715/2127/1800
f 1303/1593/1347 1704/2114/1789 1280/2124/1797
f 1303/1593/1347 1717/2130/1803 1704/2114/1789
f 1717/2130/1803 1715/2127/1800 1704/2114/1789
f 1718/2129/1802 1716/2181/1840 1715/2127/1800
f 1305/2132/1805 1720/2183/1806 1719/2133/1804
f 1720/2134/1806 1718/2129/1802 1717/2130/1803
f 1722/2136/1808 1690/2095/1771 1696/2106/1781
f 1700/2110/1785 1723/2138/1810 1673/2060/1745
f 1724/2137/1809 1721/2135/1807 1673/2060/1745
f 1700/2110/1785 1725/2139/1811 1723/2138/1810
f 1725/2139/1811 1724/2137/1809 1723/2138/1810
f 1725/2139/1811 1726/2144/1813 1724/2137/1809
f 1726/2144/1813 1722/2136/1808 1724/2137/1809
f 1702/2440/1788 1725/2139/1811 1700/2110/1785
f 1600/2141/1812 1727/2146/1814 1726/2144/1813
f 1601/1972/1671 1727/2145/1814 1600/2422/1812
f 1727/2146/1814 1728/2148/1816 1722/2136/1808
f 1604/2441/1692 1728/2148/1816 1727/2146/1814
f 1729/2147/1815 1698/2109/1784 1722/2136/1808
f 1730/2166/1817 1728/2148/1816 1604/2441/1692
f 1732/2153/1820 1626/2006/1696 1281/2154/1323
f 1627/2003/1698 1630/2002/1697 1733/2442/1819
f 1734/2165/1828 1731/2174/1834 1733/2163/1826
f 1713/2157/1821 1735/2178/1822 1732/2158/1820
f 1628/2007/1700 1626/2006/1696 1732/2153/1820
f 1736/2160/1823 1629/2008/1701 1628/2007/1700
f 1737/2161/1824 1630/2002/1697 1629/2008/1701
f 1630/2002/1697 1737/2161/1824 1733/2442/1819
f 1729/2147/1815 850/1014/869 849/1012/867
f 1730/2166/1831 1636/2021/1712 850/1014/869
f 1739/2170/1832 1641/2443/1876 1624/2171/1695
f 1642/2028/1717 1641/2026/1716 1739/2175/1835
f 1740/2173/1833 1739/2175/1881 1731/2174/1834
f 1643/2189/1719 1642/2028/1717 1740/2173/1833
f 1714/2128/1801 1741/2176/1836 1713/2157/1821
f 1741/2176/1836 1735/2178/1822 1713/2157/1821
f 1738/2162/1825 1737/2164/1827 1736/2177/1837
f 1714/2128/1801 1742/2180/1839 1741/2176/1836
f 1742/2180/1839 1738/2162/1825 1741/2176/1836
f 1743/2179/1838 1734/2165/1828 1738/2162/1825
f 1716/2181/1840 1744/2182/1841 1742/2180/1839
f 1718/2129/1802 1745/2184/1842 1744/2182/1841
f 1745/2184/1842 1743/2179/1838 1744/2182/1841
f 1720/2134/1806 1746/2186/1844 1745/2184/1842
f 1746/2444/1844 1720/2183/1806 1646/2033/1721
f 1747/2187/1843 1746/2444/1844 1646/2033/1721
f 1748/2188/1845 1740/2173/1833 1734/2165/1828
f 1652/2190/1727 1643/2189/1719 1748/2188/1845
f 1652/2190/1727 1748/2188/1845 1743/2179/1838
f 1747/2185/1843 1652/2190/1727 1745/2184/1842
f 1653/2042/1728 1650/2038/1725 1652/2040/1727
