# Blender 5.2.2 LTS
# www.blender.org
mtllib left_finger4_upper.mtl
o left_finger4_upper
v -0.004846 -0.004185 -0.011189
v -0.004846 -0.003814 -0.011470
v -0.004881 -0.003952 -0.011299
v -0.004958 -0.003678 -0.011267
v -0.004859 -0.003220 -0.011740
v -0.004843 -0.002920 -0.011878
v -0.004925 -0.002959 -0.011663
v -0.004987 -0.002956 -0.011356
v -0.004668 -0.004315 -0.011164
v -0.004670 -0.003846 -0.011533
v -0.004666 -0.004026 -0.011383
v -0.004663 -0.003169 -0.011915
v -0.004670 -0.003382 -0.011777
v -0.004596 -0.002769 -0.012224
v -0.004666 -0.002902 -0.012040
v -0.004342 -0.004258 -0.011244
v -0.004257 -0.003865 -0.011533
v -0.004424 -0.003186 -0.011907
v -0.004411 -0.003394 -0.011779
v -0.004480 -0.002777 -0.012211
v -0.004398 -0.002933 -0.011984
v -0.004282 -0.002855 -0.011703
v -0.004228 -0.002891 -0.011286
v -0.004097 -0.004194 -0.011281
v -0.003897 -0.003882 -0.011463
v -0.004087 -0.003655 -0.011552
v -0.004000 -0.003557 -0.011329
v -0.004265 -0.003170 -0.011847
v -0.004197 -0.003342 -0.011667
v -0.004214 -0.003119 -0.011669
v -0.004177 -0.003122 -0.011365
v -0.003496 -0.004252 -0.011168
v -0.003744 -0.004010 -0.011280
v -0.003911 -0.003789 -0.011470
v -0.003832 -0.003799 -0.011299
v -0.003503 -0.004136 -0.011168
v -0.004849 -0.004513 -0.010853
v -0.004880 -0.004551 -0.010632
v -0.004892 -0.004570 -0.010273
v -0.004894 -0.004311 -0.010973
v -0.004972 -0.004326 -0.010661
v -0.004996 -0.004336 -0.010226
v -0.004970 -0.004000 -0.011004
v -0.005025 -0.004026 -0.010558
v -0.005003 -0.003668 -0.011015
v -0.005032 -0.003696 -0.010533
v -0.005016 -0.003234 -0.011021
v -0.004666 -0.004573 -0.010885
v -0.004671 -0.004660 -0.010635
v -0.004679 -0.004701 -0.010213
v -0.004278 -0.004598 -0.010905
v -0.004316 -0.004702 -0.010645
v -0.004376 -0.004752 -0.010196
v -0.004249 -0.004408 -0.011125
v -0.004237 -0.002932 -0.008727
v -0.003888 -0.004753 -0.010306
v -0.003975 -0.004767 -0.009913
v -0.003918 -0.003573 -0.010928
v -0.003936 -0.003575 -0.008605
v -0.004060 -0.003349 -0.010969
v -0.004086 -0.003342 -0.008713
v -0.004166 -0.003123 -0.010951
v -0.003675 -0.004594 -0.010897
v -0.003342 -0.004706 -0.010622
v -0.003683 -0.004416 -0.011079
v -0.003654 -0.003920 -0.011002
v -0.003561 -0.003931 -0.010624
v -0.003571 -0.003935 -0.008970
v -0.003754 -0.003758 -0.010600
v -0.003139 -0.004581 -0.010855
v -0.003357 -0.004360 -0.011026
v -0.003123 -0.004178 -0.010220
v -0.003321 -0.004170 -0.010913
v -0.003239 -0.004152 -0.010670
v -0.003333 -0.004076 -0.010198
v -0.003004 -0.004379 -0.010877
v -0.002920 -0.004284 -0.010637
v -0.002896 -0.004245 -0.010238
v -0.002912 -0.004247 -0.008820
v -0.004911 -0.004604 -0.000977
v -0.004301 -0.002940 -0.000961
v -0.003987 -0.003639 -0.000965
v -0.003616 -0.004822 -0.001256
v -0.003827 -0.003825 -0.000913
v -0.003146 -0.004789 -0.006196
v -0.003428 -0.004123 -0.000920
v -0.005027 -0.004343 -0.000976
v -0.005063 -0.004011 -0.000903
v -0.005069 -0.003629 -0.001280
v -0.004676 -0.004756 -0.000954
v -0.004362 -0.004811 -0.000962
v -0.004229 -0.003209 -0.000970
v -0.004026 -0.004822 -0.000927
v -0.004126 -0.003427 -0.000963
v -0.003642 -0.003982 -0.000959
v -0.003211 -0.004224 -0.000958
v -0.002942 -0.004295 -0.000964
v -0.004896 -0.004584 -0.000565
v -0.004859 -0.004538 -0.000352
v -0.004993 -0.004340 -0.000555
v -0.004896 -0.004331 -0.000302
v -0.005027 -0.003961 -0.000551
v -0.004910 -0.003953 -0.000279
v -0.005075 -0.000606 -0.001281
v -0.004918 -0.001826 -0.000280
v -0.004677 -0.004709 -0.000554
v -0.004670 -0.004588 -0.000301
v -0.004678 -0.004343 -0.000173
v -0.004681 -0.004021 -0.000135
v -0.004683 -0.003677 -0.000144
v -0.004700 -0.003177 -0.000176
v -0.004316 -0.004759 -0.000542
v -0.004366 -0.004610 -0.000280
v -0.004368 -0.004349 -0.000136
v -0.004373 -0.004027 -0.000113
v -0.004384 -0.003692 -0.000164
v -0.004261 -0.003263 -0.000563
v -0.004398 -0.003341 -0.000264
v -0.004353 -0.002950 -0.000546
v -0.004481 -0.002974 -0.000280
v -0.004025 -0.004615 -0.000283
v -0.004030 -0.004355 -0.000158
v -0.004051 -0.004048 -0.000181
v -0.004012 -0.003667 -0.000562
v -0.004094 -0.003746 -0.000295
v -0.004203 -0.003500 -0.000346
v -0.002988 -0.004756 -0.000559
v -0.003579 -0.004618 -0.000316
v -0.003691 -0.004366 -0.000218
v -0.003698 -0.003993 -0.000554
v -0.003745 -0.004091 -0.000303
v -0.003881 -0.003881 -0.000366
v -0.003260 -0.004265 -0.000555
v -0.003340 -0.004381 -0.000311
v -0.003498 -0.004199 -0.000358
v -0.002603 -0.004798 -0.000872
v -0.002946 -0.004637 -0.000343
v -0.002949 -0.004345 -0.000558
v -0.002973 -0.004457 -0.000337
v -0.003179 -0.000376 -0.014023
v -0.003174 -0.000224 -0.014074
v -0.002822 -0.000427 -0.014067
v -0.004872 -0.002613 -0.011897
v -0.004943 -0.002557 -0.011662
v -0.004891 -0.002241 -0.011895
v -0.004992 -0.000001 -0.011358
v -0.004884 0.000310 -0.011915
v -0.004944 0.000054 -0.011664
v -0.004577 -0.002419 -0.012495
v -0.004619 -0.002537 -0.012335
v -0.004757 -0.002597 -0.012106
v -0.004745 -0.002208 -0.012265
v -0.004544 -0.001562 -0.012688
v -0.004704 -0.001589 -0.012407
v -0.004823 -0.001896 -0.012106
v -0.004592 -0.001189 -0.012647
v -0.004774 0.000032 -0.012246
v -0.004590 0.000306 -0.012638
v -0.004498 -0.002412 -0.012507
v -0.004447 -0.002559 -0.012310
v -0.004341 -0.002562 -0.012052
v -0.004255 -0.002620 -0.011353
v -0.004247 -0.002332 -0.011675
v -0.004264 -0.001744 -0.012899
v -0.004356 -0.001900 -0.012697
v -0.004260 -0.002037 -0.012404
v -0.004214 -0.002073 -0.012072
v -0.004194 -0.002071 -0.011676
v -0.004267 -0.001527 -0.012971
v -0.004482 -0.001529 -0.012761
v -0.004279 -0.001216 -0.013044
v -0.004267 -0.000882 -0.013117
v -0.004463 -0.000869 -0.012873
v -0.004253 -0.000526 -0.013177
v -0.004236 0.000004 -0.013206
v -0.004423 0.000384 -0.012924
v -0.004160 -0.001712 -0.012904
v -0.004211 -0.001970 -0.012389
v -0.004114 -0.001864 -0.012042
v -0.004066 -0.001503 -0.012982
v -0.003998 -0.001570 -0.012738
v -0.003978 -0.001621 -0.012342
v -0.003921 -0.001058 -0.013376
v -0.004037 -0.001193 -0.013178
v -0.003980 -0.000837 -0.013436
v -0.003886 -0.000497 -0.013583
v -0.003907 0.000161 -0.013575
v -0.003757 -0.001227 -0.013083
v -0.003824 -0.001412 -0.012397
v -0.003612 -0.000979 -0.013602
v -0.003718 -0.001051 -0.013440
v -0.003662 -0.001246 -0.012675
v -0.003652 -0.001242 -0.009586
v -0.003610 -0.000810 -0.013682
v -0.003799 -0.000827 -0.013570
v -0.003619 -0.000516 -0.013763
v -0.003506 -0.000171 -0.013887
v -0.003485 -0.000973 -0.013599
v -0.003490 -0.001031 -0.013420
v -0.003488 -0.001083 -0.013114
v -0.003460 -0.001093 -0.012820
v -0.003342 -0.000820 -0.013691
v -0.003269 -0.000929 -0.013438
v -0.003237 -0.000972 -0.013041
v -0.003321 -0.000513 -0.013887
v -0.002980 -0.000761 -0.013714
v -0.002962 -0.000843 -0.013445
v -0.002946 -0.000874 -0.013061
v -0.002971 -0.000605 -0.013906
v -0.005039 -0.000026 -0.010542
v -0.005022 0.000020 -0.011017
v -0.004272 -0.002609 -0.008680
v -0.004259 -0.002310 -0.008607
v -0.004106 -0.001830 -0.009671
v -0.003963 -0.001584 -0.009526
v -0.003830 -0.001412 -0.009711
v -0.003455 -0.001096 -0.009653
v -0.003237 -0.000982 -0.009669
v -0.002949 -0.000898 -0.007846
v -0.004239 -0.002038 -0.000961
v -0.004150 -0.001834 -0.000916
v -0.003848 -0.001415 -0.000968
v -0.003481 -0.001125 -0.000904
v -0.003233 -0.001005 -0.000959
v -0.004329 -0.002638 -0.000967
v -0.004307 -0.002318 -0.000964
v -0.004003 -0.001600 -0.000934
v -0.003662 -0.001249 -0.000933
v -0.002956 -0.000928 -0.000948
v -0.005068 -0.000690 -0.000883
v -0.005032 -0.000967 -0.000544
v -0.004912 -0.000928 -0.000265
v -0.005012 -0.000519 -0.000564
v -0.004902 -0.000556 -0.000288
v -0.005059 -0.000173 -0.001223
v -0.004924 -0.000194 -0.000545
v -0.004869 -0.000319 -0.000329
v -0.004710 -0.002191 -0.000176
v -0.004686 -0.001574 -0.000130
v -0.004667 -0.000983 -0.000101
v -0.004679 -0.000549 -0.000148
v -0.004674 0.000007 -0.000486
v -0.004673 -0.000276 -0.000250
v -0.004380 -0.002624 -0.000547
v -0.004510 -0.002436 -0.000278
v -0.004356 -0.002297 -0.000545
v -0.004278 -0.001990 -0.000542
v -0.004405 -0.001908 -0.000257
v -0.004398 -0.001568 -0.000153
v -0.004368 -0.001229 -0.000103
v -0.004366 -0.000879 -0.000069
v -0.004367 -0.000545 -0.000102
v -0.004302 -0.000038 -0.000377
v -0.004307 -0.000270 -0.000205
v -0.004226 -0.001757 -0.000338
v -0.004042 -0.001578 -0.000550
v -0.004155 -0.001543 -0.000286
v -0.003888 -0.001362 -0.000537
v -0.004019 -0.001231 -0.000231
v -0.004021 -0.000878 -0.000102
v -0.004024 -0.000544 -0.000102
v -0.003674 -0.001206 -0.000550
v -0.003558 -0.001032 -0.000309
v -0.003683 -0.000847 -0.000150
v -0.003644 -0.000553 -0.000121
v -0.003583 -0.000254 -0.000219
v -0.003266 -0.000965 -0.000541
v -0.003344 -0.000838 -0.000255
v -0.002955 -0.000882 -0.000544
v -0.002976 -0.000757 -0.000273
v -0.002969 -0.000508 -0.000162
v -0.000767 -0.000044 -0.000371
v -0.001749 -0.004265 -0.011126
v -0.001718 -0.004182 -0.011126
v -0.000860 -0.004149 -0.011313
v -0.001040 -0.003832 -0.011468
v -0.001208 -0.003963 -0.011285
v -0.001021 -0.003670 -0.011509
v -0.001139 -0.003697 -0.011307
v -0.000986 -0.003501 -0.011528
v -0.001049 -0.003485 -0.011322
v -0.000874 -0.003882 -0.011489
v -0.000816 -0.003637 -0.011617
v -0.000692 -0.003186 -0.011914
v -0.000814 -0.003342 -0.011676
v -0.000934 -0.003268 -0.011360
v -0.000645 -0.002792 -0.012243
v -0.000702 -0.002931 -0.012028
v -0.000809 -0.002972 -0.011711
v -0.000861 -0.002962 -0.011372
v -0.000526 -0.004250 -0.011258
v -0.000535 -0.003805 -0.011580
v -0.000488 -0.003455 -0.011802
v -0.000453 -0.003017 -0.012146
v 0.000070 -0.003629 -0.011728
v -0.000167 -0.003472 -0.011838
v -0.000166 -0.003009 -0.012190
v -0.002243 -0.004598 -0.010829
v -0.002631 -0.004436 -0.010839
v -0.002620 -0.004329 -0.010630
v -0.002618 -0.004279 -0.010237
v -0.002609 -0.004280 -0.008732
v -0.001693 -0.004705 -0.010631
v -0.002281 -0.004429 -0.010854
v -0.002308 -0.004320 -0.010636
v -0.002303 -0.004263 -0.010186
v -0.001584 -0.004565 -0.010921
v -0.001904 -0.004354 -0.010954
v -0.002030 -0.004255 -0.010660
v -0.002057 -0.004211 -0.010213
v -0.001752 -0.004158 -0.011029
v -0.001826 -0.004135 -0.010664
v -0.001817 -0.004108 -0.010316
v -0.001568 -0.004418 -0.011057
v -0.001411 -0.003856 -0.010664
v -0.001592 -0.003975 -0.010319
v -0.001216 -0.004602 -0.010896
v -0.001061 -0.004443 -0.011092
v -0.001360 -0.003875 -0.011001
v -0.001390 -0.003819 -0.010243
v -0.001212 -0.003676 -0.011012
v -0.001231 -0.003653 -0.010625
v -0.001075 -0.003443 -0.010960
v -0.000970 -0.003237 -0.010919
v -0.000872 -0.002928 -0.010999
v 0.001606 -0.004700 -0.010634
v 0.001698 -0.004741 -0.010318
v -0.002033 -0.004784 -0.006742
v -0.002047 -0.004231 -0.000964
v -0.001606 -0.003992 -0.000995
v -0.001013 -0.003224 -0.000964
v -0.000940 -0.002966 -0.000966
v -0.002615 -0.004806 -0.001302
v -0.002642 -0.004321 -0.000983
v -0.002322 -0.004298 -0.000971
v -0.001837 -0.004138 -0.000935
v -0.001555 -0.004818 -0.001247
v -0.001422 -0.003841 -0.000697
v -0.001271 -0.003670 -0.000955
v -0.001128 -0.003462 -0.000926
v -0.002625 -0.004370 -0.000560
v -0.002430 -0.004481 -0.000343
v -0.001797 -0.004626 -0.000326
v -0.002299 -0.004346 -0.000559
v -0.001990 -0.004268 -0.000550
v -0.001911 -0.004385 -0.000313
v -0.001758 -0.004214 -0.000356
v -0.001445 -0.004810 -0.000879
v -0.001456 -0.004762 -0.000550
v -0.001568 -0.004376 -0.000222
v -0.001542 -0.003994 -0.000539
v -0.001536 -0.004139 -0.000300
v -0.001229 -0.004348 -0.000173
v -0.001354 -0.003895 -0.000412
v -0.001232 -0.004015 -0.000226
v -0.001254 -0.003710 -0.000539
v -0.001106 -0.003715 -0.000289
v -0.000975 -0.003272 -0.000546
v -0.001030 -0.003496 -0.000344
v -0.000851 -0.004612 -0.000277
v -0.000934 -0.004351 -0.000136
v -0.000876 -0.004017 -0.000119
v -0.000848 -0.003683 -0.000158
v -0.000840 -0.003342 -0.000259
v -0.000889 -0.002953 -0.000547
v -0.000758 -0.002974 -0.000273
v -0.000526 -0.004020 -0.000076
v -0.000521 -0.003676 -0.000080
v -0.000517 -0.003325 -0.000109
v 0.000442 -0.004343 -0.000119
v 0.000213 -0.003955 -0.000058
v -0.000178 -0.003543 -0.000061
v -0.002467 0.000042 -0.014374
v -0.002631 -0.000139 -0.014248
v -0.001805 -0.000452 -0.014118
v -0.002194 -0.000074 -0.014361
v -0.001719 -0.000043 -0.014398
v -0.001708 -0.000250 -0.014267
v -0.001245 -0.000643 -0.013923
v -0.001250 -0.000076 -0.014374
v -0.000971 -0.000331 -0.014093
v -0.000909 -0.000031 -0.014363
v -0.000526 0.000216 -0.014415
v -0.000654 -0.000069 -0.014125
v -0.002626 -0.000735 -0.013717
v -0.002624 -0.000798 -0.013445
v -0.002611 -0.000824 -0.013036
v -0.002275 -0.000743 -0.013720
v -0.002279 -0.000809 -0.013446
v -0.002271 -0.000840 -0.013005
v -0.001946 -0.000629 -0.013941
v -0.001923 -0.000787 -0.013723
v -0.001949 -0.000870 -0.013447
v -0.001959 -0.000914 -0.012979
v -0.001398 -0.001011 -0.013608
v -0.001437 -0.001090 -0.013412
v -0.001389 -0.001200 -0.013084
v -0.001505 -0.001153 -0.012663
v -0.001553 -0.000866 -0.013716
v -0.001657 -0.000966 -0.013441
v -0.001707 -0.001018 -0.012992
v -0.001568 -0.000658 -0.013933
v -0.001048 -0.001385 -0.013288
v -0.001087 -0.001456 -0.013077
v -0.001153 -0.001502 -0.012556
v -0.001174 -0.001045 -0.013627
v -0.001174 -0.001218 -0.013405
v -0.001317 -0.001317 -0.012664
v -0.001207 -0.000855 -0.013773
v -0.000636 -0.002426 -0.012541
v -0.000681 -0.002556 -0.012352
v -0.000811 -0.002283 -0.012167
v -0.000807 -0.002623 -0.011722
v -0.000827 -0.002617 -0.011341
v -0.000752 -0.001944 -0.012766
v -0.000875 -0.001944 -0.012446
v -0.000843 -0.002277 -0.011673
v -0.000720 -0.001812 -0.012969
v -0.000915 -0.001965 -0.011993
v -0.000831 -0.001436 -0.013319
v -0.000839 -0.001617 -0.013080
v -0.000949 -0.001693 -0.012764
v -0.001021 -0.001708 -0.012349
v -0.000862 -0.001054 -0.013639
v -0.000855 -0.001196 -0.013529
v -0.000860 -0.000836 -0.013745
v -0.000848 -0.000544 -0.013828
v -0.000688 -0.000447 -0.013654
v -0.000757 -0.000304 -0.013864
v -0.000694 -0.000306 -0.013659
v -0.000672 -0.000021 -0.013276
v -0.000663 -0.000020 -0.012987
v -0.000486 -0.002477 -0.012563
v -0.000465 -0.002631 -0.012438
v -0.000460 -0.002023 -0.012886
v -0.000481 -0.001613 -0.013225
v -0.000350 -0.001085 -0.013611
v -0.000517 -0.000857 -0.013657
v -0.000320 -0.000690 -0.013423
v -0.000626 -0.000638 -0.013670
v -0.000520 -0.000517 -0.013471
v -0.000427 -0.000428 -0.013130
v -0.000352 -0.000332 -0.012710
v -0.000627 -0.000108 -0.013820
v -0.000626 -0.000175 -0.013470
v -0.000588 -0.000194 -0.013133
v -0.000486 -0.000153 -0.012691
v -0.000395 -0.000091 -0.012251
v -0.000346 0.000022 -0.011863
v -0.000180 -0.002525 -0.012557
v -0.000153 -0.002055 -0.012903
v -0.000169 -0.001599 -0.013256
v -0.000171 -0.000944 -0.013596
v -0.000162 -0.000796 -0.013436
v -0.000084 -0.000729 -0.013257
v -0.000164 -0.000599 -0.013116
v -0.000146 -0.000390 -0.012566
v -0.000070 -0.000314 -0.012270
v -0.000154 -0.000196 -0.012116
v -0.000101 0.000013 -0.011562
v -0.002630 -0.000869 -0.005717
v -0.002291 -0.000895 -0.005389
v -0.001195 -0.001574 -0.005280
v -0.000898 -0.002290 -0.005292
v -0.000975 -0.001984 -0.005235
v -0.001973 -0.000976 -0.005370
v -0.001573 -0.001194 -0.005419
v -0.001372 -0.001371 -0.005414
v -0.000873 -0.002625 -0.005408
v -0.002630 -0.000896 -0.000946
v -0.001765 -0.001068 -0.005351
v -0.002026 -0.000996 -0.000968
v -0.001586 -0.001239 -0.000970
v -0.001073 -0.001763 -0.005029
v -0.001402 -0.001399 -0.000992
v -0.000905 -0.002629 -0.000962
v -0.001001 -0.002025 -0.000969
v -0.002625 -0.000854 -0.000546
v -0.002625 -0.000733 -0.000278
v -0.001683 -0.000250 -0.000222
v -0.002301 -0.000924 -0.000945
v -0.002293 -0.000881 -0.000545
v -0.002274 -0.000756 -0.000275
v -0.002093 -0.000521 -0.000159
v -0.001794 -0.001101 -0.000957
v -0.001633 -0.001159 -0.000550
v -0.001751 -0.001019 -0.000341
v -0.001995 -0.000958 -0.000545
v -0.001904 -0.000837 -0.000258
v -0.001540 -0.001091 -0.000290
v -0.001566 -0.000846 -0.000156
v -0.001573 -0.000539 -0.000122
v -0.001104 -0.001795 -0.000951
v -0.001160 -0.001634 -0.000551
v -0.001020 -0.001753 -0.000343
v -0.001239 -0.001588 -0.000966
v -0.001091 -0.001541 -0.000292
v -0.001358 -0.001358 -0.000540
v -0.001229 -0.001229 -0.000236
v -0.001228 -0.000877 -0.000107
v -0.001114 -0.000542 -0.000102
v -0.000861 -0.002624 -0.000548
v -0.000735 -0.002625 -0.000276
v -0.000929 -0.002299 -0.000931
v -0.000886 -0.002294 -0.000547
v -0.000757 -0.002274 -0.000271
v -0.000961 -0.001998 -0.000546
v -0.000837 -0.001905 -0.000254
v -0.000844 -0.001567 -0.000149
v -0.000875 -0.001228 -0.000099
v -0.000877 -0.000879 -0.000064
v -0.000488 -0.002625 -0.000116
v -0.000512 -0.001930 -0.000101
v -0.000520 -0.001573 -0.000067
v -0.000716 -0.000957 -0.000049
v -0.000187 -0.001657 -0.000047
v 0.000058 -0.001349 -0.000036
v 0.000429 -0.000898 -0.000045
v 0.001158 -0.000537 -0.000103
v 0.001580 -0.000248 -0.000227
v -0.003234 0.000180 -0.014082
v -0.003200 0.000640 -0.014091
v -0.003104 0.001376 -0.014042
v -0.002885 0.000186 -0.014253
v -0.002900 0.000494 -0.014259
v -0.002822 0.001030 -0.014253
v -0.004911 0.000695 -0.011696
v -0.004963 0.000701 -0.011363
v -0.004863 0.001210 -0.011565
v -0.004913 0.001200 -0.011237
v -0.004684 0.000730 -0.012369
v -0.004829 0.000897 -0.011917
v -0.004545 0.000957 -0.012614
v -0.004549 0.001376 -0.012434
v -0.004857 0.001431 -0.011271
v -0.004568 0.001761 -0.012114
v -0.004568 0.002069 -0.011738
v -0.004649 0.002067 -0.011284
v -0.004353 0.000872 -0.012953
v -0.004271 0.001298 -0.012955
v -0.004201 0.001742 -0.012859
v -0.004228 0.002122 -0.012551
v -0.004224 0.002496 -0.012152
v -0.004434 0.002494 -0.011365
v -0.004204 0.002773 -0.011733
v -0.004106 0.000702 -0.013319
v -0.003858 0.001009 -0.013534
v -0.004018 0.001226 -0.013305
v -0.003906 0.001644 -0.013292
v -0.003851 0.002065 -0.013143
v -0.003884 0.002431 -0.012836
v -0.003885 0.002788 -0.012469
v -0.003573 0.000123 -0.013859
v -0.003542 0.000518 -0.013868
v -0.003492 0.001041 -0.013845
v -0.003547 0.001628 -0.013650
v -0.003531 0.001931 -0.013540
v -0.003515 0.002488 -0.013237
v -0.003274 0.001716 -0.013830
v -0.003218 0.002282 -0.013621
v -0.003234 0.002833 -0.013239
v -0.002919 0.001942 -0.013976
v -0.002856 0.002262 -0.013870
v -0.002925 0.002615 -0.013629
v -0.004997 0.000790 -0.010828
v -0.005023 0.000504 -0.010531
v -0.004955 0.001140 -0.010497
v -0.004907 0.001372 -0.010752
v -0.004843 0.001623 -0.010557
v -0.004752 0.001896 -0.010569
v -0.004640 0.002193 -0.010503
v -0.004453 0.002566 -0.010859
v -0.004544 0.002408 -0.010528
v -0.005071 0.000300 -0.002025
v -0.005064 0.000578 -0.002353
v -0.005041 0.000944 -0.002691
v -0.004991 0.001238 -0.004811
v -0.004923 0.001701 -0.003205
v -0.004818 0.002028 -0.003789
v -0.004727 0.002280 -0.003716
v -0.004594 0.002581 -0.004086
v -0.004487 0.002779 -0.004516
v -0.005010 0.001218 -0.002666
v -0.004959 0.001527 -0.003039
v -0.004888 0.001771 -0.002982
v -0.004773 0.001996 -0.002983
v -0.004701 0.002262 -0.003335
v -0.004574 0.002356 -0.003084
v -0.004603 0.002526 -0.003681
v -0.004565 0.002501 -0.003363
v -0.004342 0.002352 -0.002905
v -0.004454 0.002812 -0.003978
v -0.004448 0.002744 -0.003686
v -0.004267 0.002782 -0.003420
v -0.004328 0.002526 -0.003093
v -0.003977 0.002683 -0.003192
v -0.003627 0.002551 -0.003028
v -0.005057 0.000176 -0.001574
v -0.005017 0.000174 -0.001226
v -0.004926 0.000157 -0.000892
v -0.004876 0.000044 -0.000655
v -0.005053 0.000526 -0.001924
v -0.005014 0.000522 -0.001577
v -0.004925 0.000505 -0.001245
v -0.004876 0.000392 -0.001007
v -0.005039 0.000875 -0.002276
v -0.005005 0.000871 -0.001930
v -0.004920 0.000852 -0.001598
v -0.004874 0.000739 -0.001361
v -0.004981 0.001215 -0.002286
v -0.004907 0.001197 -0.001955
v -0.004867 0.001084 -0.001716
v -0.004943 0.001524 -0.002639
v -0.004868 0.001610 -0.002383
v -0.004851 0.001424 -0.002079
v -0.004857 0.001758 -0.002667
v -0.004665 0.000307 -0.000790
v -0.004665 0.000653 -0.001145
v -0.004665 0.001001 -0.001503
v -0.004664 0.001354 -0.001874
v -0.004668 0.001644 -0.002211
v -0.004603 0.002062 -0.002714
v -0.004660 0.001807 -0.002400
v -0.004357 0.000502 -0.000929
v -0.004319 0.001010 -0.001448
v -0.004394 0.001488 -0.001953
v -0.004339 0.002031 -0.002544
v -0.004055 0.002103 -0.002577
v -0.003930 0.000175 -0.000580
v -0.004228 0.002891 -0.011208
v -0.003889 0.003015 -0.012128
v -0.003927 0.003261 -0.011394
v -0.003877 0.003192 -0.011805
v -0.003505 0.002939 -0.012849
v -0.003522 0.003193 -0.012519
v -0.003546 0.003408 -0.012128
v -0.003555 0.003559 -0.011768
v -0.003538 0.003715 -0.011235
v -0.003217 0.003262 -0.012821
v -0.003213 0.003504 -0.012500
v -0.003118 0.003820 -0.012068
v -0.003218 0.003873 -0.011719
v -0.003155 0.004041 -0.011236
v -0.002915 0.003125 -0.013247
v -0.002794 0.003532 -0.012915
v -0.002784 0.003848 -0.012469
v -0.002764 0.004200 -0.011712
v -0.002841 0.004262 -0.011231
v -0.004293 0.002851 -0.010607
v -0.004336 0.003041 -0.004504
v -0.004139 0.003083 -0.010589
v -0.004211 0.003228 -0.004644
v -0.003884 0.003376 -0.011021
v -0.003981 0.003298 -0.010518
v -0.003854 0.003450 -0.010541
v -0.003679 0.003642 -0.010507
v -0.003458 0.003854 -0.010603
v -0.003317 0.004044 -0.008901
v -0.003173 0.004277 -0.005824
v -0.003115 0.004138 -0.010560
v -0.002795 0.004362 -0.010538
v -0.002945 0.004442 -0.005851
v -0.004071 0.003398 -0.005218
v -0.003826 0.003699 -0.005116
v -0.003508 0.004011 -0.005417
v -0.002799 0.004536 -0.005481
v -0.004222 0.003051 -0.003789
v -0.004189 0.003236 -0.004312
v -0.004203 0.003174 -0.004067
v -0.003974 0.002945 -0.003483
v -0.003885 0.003458 -0.004145
v -0.003971 0.003205 -0.003804
v -0.003850 0.003647 -0.004691
v -0.003889 0.003560 -0.004415
v -0.003589 0.003083 -0.003582
v -0.003634 0.003331 -0.003865
v -0.003571 0.003781 -0.004464
v -0.003633 0.003568 -0.004152
v -0.003503 0.004000 -0.005059
v -0.003547 0.003917 -0.004767
v -0.003301 0.003664 -0.004199
v -0.003256 0.004090 -0.004793
v -0.003285 0.003916 -0.004506
v -0.003095 0.004335 -0.005421
v -0.003178 0.004249 -0.005123
v -0.002933 0.004017 -0.004560
v -0.002816 0.004465 -0.005205
v -0.002926 0.004253 -0.004866
v -0.002530 0.000219 -0.014391
v -0.002441 0.000494 -0.014436
v -0.002416 0.000852 -0.014433
v -0.002474 0.001438 -0.014334
v -0.002361 0.001897 -0.014245
v -0.002542 0.002425 -0.013955
v -0.002077 0.001218 -0.014484
v -0.002083 0.001641 -0.014406
v -0.002243 0.002579 -0.013997
v -0.001827 0.000202 -0.014499
v -0.001922 0.000532 -0.014547
v -0.001746 0.000882 -0.014581
v -0.001855 0.002065 -0.014338
v -0.001890 0.002793 -0.013990
v -0.001437 0.000516 -0.014600
v -0.001505 0.001412 -0.014553
v -0.001388 0.001991 -0.014428
v -0.001578 0.002181 -0.014342
v -0.001557 0.002756 -0.014076
v -0.001226 0.000215 -0.014526
v -0.001067 0.000850 -0.014633
v -0.001074 0.001207 -0.014609
v -0.001214 0.002480 -0.014254
v -0.000881 0.000217 -0.014505
v -0.000641 0.000531 -0.014599
v -0.000815 0.001716 -0.014527
v -0.000789 0.002283 -0.014356
v -0.000835 0.002764 -0.014132
v -0.000450 0.000130 -0.014141
v -0.000173 0.000326 -0.014419
v -0.000159 0.000265 -0.014139
v 0.000159 0.000575 -0.014583
v -0.000074 0.000341 -0.013987
v 0.000698 0.000884 -0.014635
v 0.001036 0.001213 -0.014617
v 0.000717 0.002778 -0.014134
v -0.002581 0.002937 -0.013618
v -0.000671 0.000064 -0.012957
v -0.000665 0.000291 -0.012605
v -0.000667 0.000319 -0.012299
v -0.000635 0.000394 -0.012601
v -0.000665 0.000402 -0.012274
v -0.000662 0.000652 -0.011538
v -0.000653 0.000644 -0.011324
v -0.000656 0.000747 -0.011536
v -0.000668 0.000765 -0.011207
v -0.000457 0.000152 -0.013804
v -0.000562 0.000122 -0.013428
v -0.000475 0.000455 -0.012991
v -0.000622 0.000177 -0.012781
v -0.000563 0.000220 -0.012127
v -0.000456 0.000214 -0.011733
v -0.000391 0.000261 -0.011428
v -0.000367 0.000354 -0.013507
v -0.000515 0.000492 -0.012757
v -0.000423 0.000790 -0.012328
v -0.000599 0.000509 -0.012114
v -0.000598 0.000543 -0.011689
v -0.000463 0.000842 -0.012074
v -0.000567 0.000834 -0.011676
v -0.000599 0.000915 -0.011360
v -0.000379 0.001059 -0.011816
v -0.000446 0.001186 -0.011350
v -0.000359 0.001384 -0.011112
v -0.000258 0.000277 -0.013915
v -0.000168 0.000128 -0.011392
v -0.000138 0.000388 -0.013769
v -0.000142 0.000532 -0.013420
v -0.000299 0.000638 -0.012974
v -0.000051 0.000655 -0.013268
v -0.000171 0.000780 -0.012780
v -0.000163 0.000928 -0.012427
v -0.000274 0.000982 -0.012193
v -0.000081 0.001051 -0.012268
v -0.000149 0.001108 -0.012048
v -0.000188 0.001227 -0.011734
v -0.000072 0.001376 -0.011538
v -0.000136 0.001434 -0.011318
v -0.000632 0.000658 -0.011202
v -0.000668 0.000992 -0.010851
v -0.000664 0.001026 -0.010540
v -0.000652 0.001089 -0.010841
v -0.000671 0.001115 -0.010506
v -0.000664 0.001341 -0.010154
v -0.000667 0.001369 -0.009845
v -0.000634 0.001444 -0.010149
v -0.000665 0.001453 -0.009820
v -0.000662 0.001701 -0.009092
v -0.000654 0.001693 -0.008877
v -0.000632 0.001707 -0.008753
v -0.000655 0.001796 -0.009090
v -0.000668 0.001815 -0.008758
v -0.000668 0.002041 -0.008402
v -0.000651 0.002139 -0.008392
v -0.000505 0.000562 -0.011048
v -0.000426 0.000625 -0.010683
v -0.000351 0.000726 -0.010231
v -0.000621 0.000875 -0.011021
v -0.000589 0.000855 -0.010684
v -0.000486 0.000897 -0.010239
v -0.000396 0.000958 -0.009799
v -0.000346 0.001071 -0.009411
v -0.000559 0.001170 -0.010978
v -0.000472 0.001504 -0.010542
v -0.000622 0.001228 -0.010329
v -0.000563 0.001269 -0.009675
v -0.000457 0.001263 -0.009282
v -0.000394 0.001311 -0.008977
v -0.000513 0.001542 -0.010305
v -0.000421 0.001838 -0.009879
v -0.000598 0.001559 -0.009662
v -0.000597 0.001593 -0.009241
v -0.000506 0.001611 -0.008597
v -0.000461 0.001890 -0.009623
v -0.000566 0.001883 -0.009228
v -0.000598 0.001964 -0.008911
v -0.000621 0.001924 -0.008572
v -0.000377 0.002107 -0.009366
v -0.000444 0.002235 -0.008899
v -0.000558 0.002219 -0.008529
v -0.000357 0.002432 -0.008662
v -0.000157 0.000280 -0.011038
v -0.000083 0.000333 -0.010817
v -0.000179 0.000454 -0.010672
v -0.000142 0.000669 -0.010081
v -0.000070 0.000734 -0.009819
v -0.000154 0.000853 -0.009664
v -0.000144 0.000999 -0.009312
v -0.000077 0.001056 -0.009092
v -0.000172 0.001176 -0.008944
v -0.000100 0.001390 -0.008372
v -0.000140 0.001580 -0.010968
v -0.000296 0.001687 -0.010521
v -0.000180 0.001511 -0.008194
v -0.000050 0.001704 -0.010817
v -0.000169 0.001828 -0.010329
v -0.000162 0.001976 -0.009975
v -0.000272 0.002030 -0.009741
v -0.000079 0.002100 -0.009816
v -0.000148 0.002156 -0.009595
v -0.000186 0.002276 -0.009281
v -0.000071 0.002424 -0.009086
v -0.000135 0.002483 -0.008866
v -0.000138 0.002628 -0.008517
v -0.000664 0.002075 -0.008091
v -0.000671 0.002164 -0.008056
v -0.000664 0.002391 -0.007702
v -0.000667 0.002419 -0.007391
v -0.000634 0.002495 -0.007698
v -0.000665 0.002503 -0.007367
v -0.000662 0.002750 -0.006644
v -0.000654 0.002742 -0.006428
v -0.000632 0.002756 -0.006303
v -0.000428 0.001674 -0.008231
v -0.000352 0.001774 -0.007784
v -0.000589 0.001904 -0.008234
v -0.000487 0.001946 -0.007788
v -0.000397 0.002007 -0.007348
v -0.000347 0.002120 -0.006960
v -0.000470 0.002552 -0.008092
v -0.000621 0.002277 -0.007879
v -0.000564 0.002319 -0.007223
v -0.000458 0.002312 -0.006831
v -0.000394 0.002360 -0.006526
v -0.000512 0.002591 -0.007853
v -0.000419 0.002886 -0.007430
v -0.000598 0.002609 -0.007210
v -0.000597 0.002642 -0.006791
v -0.000506 0.002660 -0.006147
v -0.000428 0.002724 -0.005780
v -0.000146 0.001713 -0.007642
v -0.000071 0.001782 -0.007367
v -0.000154 0.001901 -0.007213
v -0.000145 0.002048 -0.006860
v -0.000077 0.002105 -0.006640
v -0.000172 0.002224 -0.006493
v -0.000100 0.002438 -0.005920
v -0.000294 0.002735 -0.008068
v -0.000180 0.002560 -0.005742
v -0.001264 0.003242 -0.003741
v -0.000352 0.002822 -0.005334
v -0.000146 0.002762 -0.005190
v -0.000071 0.002831 -0.004915
v 0.000358 0.002857 -0.003350
v 0.004052 0.000171 -0.000582
v -0.001219 0.002964 -0.013996
v -0.002555 0.003371 -0.013260
v -0.002556 0.003804 -0.012748
v -0.002452 0.004215 -0.012130
v -0.002477 0.004451 -0.011345
v -0.002237 0.003148 -0.013626
v -0.002233 0.003568 -0.013244
v -0.002227 0.003870 -0.012893
v -0.002208 0.004182 -0.012424
v -0.002071 0.004543 -0.011718
v -0.002083 0.004616 -0.011424
v -0.001733 0.003494 -0.013514
v -0.001889 0.003841 -0.013099
v -0.001880 0.004213 -0.012595
v -0.001776 0.004563 -0.011961
v -0.001666 0.003153 -0.013804
v -0.001423 0.003847 -0.013246
v -0.001565 0.004043 -0.012966
v -0.001317 0.004326 -0.012639
v -0.001405 0.004550 -0.012220
v -0.001328 0.004901 -0.011196
v -0.001209 0.003499 -0.013616
v -0.000926 0.003905 -0.013255
v -0.001062 0.004156 -0.012936
v -0.001135 0.004847 -0.011548
v -0.000791 0.003189 -0.013876
v -0.000802 0.003562 -0.013591
v -0.000770 0.004407 -0.012610
v -0.000736 0.004590 -0.012290
v -0.000756 0.004766 -0.011904
v -0.000713 0.004915 -0.011494
v -0.000202 0.003946 -0.013231
v -0.000347 0.004189 -0.012940
v 0.000718 0.003200 -0.013878
v 0.000789 0.003573 -0.013592
v 0.000331 0.004332 -0.012747
v 0.000028 0.004540 -0.012416
v 0.000015 0.004782 -0.011918
v 0.000004 0.004947 -0.011447
v -0.002429 0.004531 -0.011043
v -0.002700 0.004590 -0.006110
v -0.002478 0.004542 -0.010605
v -0.002253 0.004653 -0.010573
v -0.001797 0.004813 -0.010837
v -0.001824 0.004851 -0.010124
v -0.001454 0.004906 -0.010955
v -0.001532 0.004937 -0.010213
v -0.000913 0.005052 -0.010482
v -0.001212 0.005009 -0.010268
v -0.001212 0.005143 -0.006550
v -0.000685 0.005010 -0.011037
v -0.000526 0.005092 -0.010462
v -0.000531 0.005246 -0.006359
v -0.000048 0.002752 -0.008365
v -0.000011 0.005071 -0.010823
v 0.000030 0.005127 -0.010161
v -0.000167 0.005265 -0.006245
v -0.002269 0.004812 -0.006201
v -0.002311 0.004782 -0.005791
v -0.002060 0.004897 -0.005755
v -0.002085 0.004900 -0.006022
v -0.001847 0.004972 -0.006530
v -0.001546 0.005063 -0.006534
v -0.001424 0.005089 -0.006134
v -0.001390 0.005042 -0.005802
v -0.000655 0.002846 -0.006642
v -0.000668 0.002864 -0.006308
v -0.000668 0.003091 -0.005951
v -0.000664 0.003125 -0.005640
v -0.000651 0.003188 -0.005942
v -0.000670 0.003214 -0.005605
v -0.000867 0.005204 -0.006506
v -0.000689 0.005234 -0.006099
v -0.000835 0.005129 -0.005836
v -0.000634 0.005220 -0.005949
v -0.000459 0.002939 -0.007171
v -0.000565 0.002932 -0.006778
v -0.000597 0.003013 -0.006461
v -0.000621 0.002974 -0.006122
v -0.000589 0.002953 -0.005784
v -0.000375 0.003155 -0.006914
v -0.000442 0.003283 -0.006448
v -0.000557 0.003267 -0.006079
v -0.000459 0.003612 -0.005603
v -0.000556 0.005039 -0.005630
v -0.000167 0.002877 -0.007877
v -0.000160 0.003024 -0.007523
v -0.000270 0.003079 -0.007288
v -0.000078 0.003148 -0.007363
v -0.000146 0.003205 -0.007143
v -0.000147 0.003348 -0.006797
v -0.000339 0.003454 -0.006311
v -0.000071 0.003470 -0.006636
v -0.000162 0.003527 -0.006392
v -0.000170 0.003748 -0.005795
v -0.000071 0.003869 -0.005635
v 0.000312 0.005131 -0.005752
v -0.002603 0.004430 -0.005039
v -0.002569 0.004631 -0.005474
v -0.002568 0.004559 -0.005231
v -0.002794 0.003845 -0.004361
v -0.002220 0.004434 -0.004981
v -0.002236 0.004747 -0.005482
v -0.002258 0.004607 -0.005213
v -0.002055 0.004861 -0.005579
v -0.001857 0.004742 -0.005324
v -0.001653 0.004004 -0.004530
v -0.001513 0.004921 -0.005542
v -0.001268 0.003763 -0.004305
v -0.001252 0.004111 -0.004660
v -0.000903 0.004579 -0.005124
v -0.001097 0.004799 -0.005349
v -0.000783 0.002967 -0.003458
v -0.000664 0.003441 -0.005252
v -0.000669 0.003471 -0.004946
v -0.000905 0.003374 -0.003927
v -0.000633 0.003545 -0.005247
v -0.000673 0.003561 -0.004905
v -0.000794 0.003815 -0.004586
v -0.000904 0.003730 -0.004381
v -0.000919 0.003565 -0.004154
v -0.000962 0.003958 -0.004570
v -0.000611 0.004457 -0.005037
v -0.000880 0.004253 -0.004833
v -0.000424 0.004822 -0.005372
v -0.000556 0.003033 -0.005471
v -0.000401 0.003112 -0.004779
v -0.000435 0.003266 -0.004368
v -0.000403 0.003059 -0.003586
v -0.000620 0.003327 -0.005428
v -0.000597 0.003288 -0.005089
v -0.000574 0.003368 -0.004770
v -0.000559 0.003337 -0.004080
v -0.000532 0.003214 -0.003791
v -0.000508 0.003641 -0.005403
v -0.000576 0.003700 -0.005075
v -0.000649 0.003671 -0.004752
v -0.000683 0.003565 -0.004416
v -0.000434 0.003929 -0.005081
v -0.000572 0.004010 -0.004849
v -0.000577 0.004240 -0.004892
v -0.000156 0.002952 -0.004757
v -0.000147 0.003092 -0.004410
v -0.000104 0.003147 -0.004174
v -0.000182 0.003211 -0.004059
v -0.000177 0.003172 -0.003798
v -0.000328 0.003786 -0.005506
v -0.000167 0.003934 -0.005413
v -0.000194 0.004106 -0.005111
v -0.000367 0.004133 -0.004946
v -0.000208 0.004348 -0.005047
v -0.000369 0.004247 -0.004941
v -0.000180 0.004597 -0.005182
v 0.000851 -0.004242 -0.011263
v 0.000155 -0.002917 -0.012260
v 0.000795 -0.003852 -0.011542
v 0.000456 -0.003041 -0.012127
v 0.000512 -0.003431 -0.011813
v 0.000452 -0.002655 -0.012430
v 0.000829 -0.003637 -0.011625
v 0.000698 -0.003184 -0.011916
v 0.000825 -0.003338 -0.011681
v 0.000951 -0.003258 -0.011363
v 0.000650 -0.002792 -0.012244
v 0.000709 -0.002930 -0.012029
v 0.000806 -0.002903 -0.011755
v 0.000893 -0.002937 -0.011225
v 0.001373 -0.004238 -0.011226
v 0.001053 -0.003839 -0.011499
v 0.001190 -0.003980 -0.011361
v 0.001053 -0.003676 -0.011523
v 0.001266 -0.003764 -0.011255
v 0.001009 -0.003496 -0.011537
v 0.001080 -0.003481 -0.011328
v 0.001506 -0.004047 -0.011211
v 0.001752 -0.004251 -0.011135
v 0.001720 -0.004151 -0.011142
v 0.001539 -0.004597 -0.010899
v 0.003979 -0.004748 -0.009928
v 0.001107 -0.004433 -0.011102
v 0.000973 -0.003186 -0.010914
v 0.001231 -0.003617 -0.010888
v 0.001103 -0.003441 -0.010924
v 0.001570 -0.004415 -0.011061
v 0.001546 -0.003964 -0.010986
v 0.001622 -0.003978 -0.010668
v 0.001598 -0.003948 -0.010220
v 0.001421 -0.003814 -0.010630
v 0.002020 -0.004577 -0.010854
v 0.001912 -0.004348 -0.010956
v 0.002006 -0.004223 -0.010645
v 0.002071 -0.004199 -0.010242
v 0.001794 -0.004154 -0.010964
v 0.001857 -0.004105 -0.010302
v 0.002284 -0.004422 -0.010856
v 0.002313 -0.004310 -0.010637
v 0.002312 -0.004255 -0.010202
v 0.002627 -0.004591 -0.010831
v 0.004368 -0.004735 -0.010299
v 0.002632 -0.004431 -0.010840
v 0.002621 -0.004323 -0.010631
v 0.002621 -0.004278 -0.010269
v 0.002607 -0.004273 -0.009237
v 0.002584 -0.004776 -0.006117
v 0.001332 -0.003636 -0.000983
v 0.001443 -0.003806 -0.005988
v 0.002099 -0.004216 -0.000976
v 0.001875 -0.004109 -0.000930
v 0.002348 -0.004282 -0.000968
v 0.002651 -0.004312 -0.000984
v 0.001067 -0.003169 -0.000970
v 0.001007 -0.002933 -0.000972
v 0.001164 -0.003377 -0.000958
v 0.001680 -0.004810 -0.001252
v 0.001660 -0.003966 -0.000961
v 0.001468 -0.003797 -0.000927
v 0.001817 -0.004755 -0.000561
v 0.000170 -0.002079 -0.000056
v 0.001232 -0.004614 -0.000293
v 0.000559 -0.004003 -0.000074
v 0.000525 -0.003320 -0.000104
v 0.000493 -0.002619 -0.000112
v 0.002650 -0.004793 -0.000872
v 0.000875 -0.004348 -0.000131
v 0.000873 -0.004023 -0.000101
v 0.000869 -0.003678 -0.000149
v 0.001024 -0.003204 -0.000563
v 0.000867 -0.003315 -0.000252
v 0.000946 -0.002931 -0.000545
v 0.000793 -0.002963 -0.000268
v 0.001222 -0.004351 -0.000157
v 0.001208 -0.004038 -0.000170
v 0.001269 -0.003624 -0.000554
v 0.001175 -0.003720 -0.000280
v 0.001071 -0.003459 -0.000336
v 0.001668 -0.004610 -0.000317
v 0.001567 -0.004358 -0.000216
v 0.001587 -0.003967 -0.000550
v 0.001525 -0.004075 -0.000291
v 0.001393 -0.003856 -0.000349
v 0.002022 -0.004248 -0.000559
v 0.001925 -0.004370 -0.000311
v 0.001777 -0.004182 -0.000352
v 0.002671 -0.004797 -0.001276
v 0.002467 -0.004634 -0.000351
v 0.002311 -0.004329 -0.000559
v 0.002283 -0.004447 -0.000340
v 0.002629 -0.004361 -0.000562
v 0.002815 -0.004478 -0.000348
v 0.000689 0.000018 -0.014333
v 0.000659 -0.000060 -0.014128
v 0.000984 -0.000413 -0.014032
v 0.000911 -0.000030 -0.014367
v 0.000895 -0.000224 -0.014139
v 0.001274 -0.000664 -0.013913
v 0.001259 -0.000051 -0.014402
v 0.001229 -0.000254 -0.014233
v 0.001645 -0.000398 -0.014161
v 0.002351 -0.000380 -0.014164
v 0.002168 -0.000045 -0.014385
v 0.002768 -0.000423 -0.014096
v 0.002569 -0.000021 -0.014345
v 0.000138 -0.002125 -0.012852
v 0.000188 -0.001300 -0.013485
v 0.000175 -0.001094 -0.013605
v 0.000174 -0.000944 -0.013595
v 0.000168 -0.000798 -0.013433
v 0.000091 -0.000730 -0.013255
v 0.000301 -0.000658 -0.013334
v 0.000171 -0.000602 -0.013113
v 0.000164 -0.000379 -0.012516
v 0.000075 -0.000317 -0.012268
v 0.000152 -0.000197 -0.012104
v 0.000118 0.000012 -0.011542
v 0.000494 -0.002399 -0.012622
v 0.000520 -0.001625 -0.013203
v 0.000492 -0.002035 -0.012862
v 0.000805 -0.001224 -0.013516
v 0.000821 -0.001000 -0.013663
v 0.000520 -0.000858 -0.013654
v 0.000409 -0.000742 -0.013528
v 0.000632 -0.000639 -0.013667
v 0.000526 -0.000520 -0.013467
v 0.000435 -0.000436 -0.013126
v 0.000344 -0.000307 -0.012585
v 0.000634 -0.000096 -0.013826
v 0.000633 -0.000174 -0.013478
v 0.000597 -0.000204 -0.013133
v 0.000564 -0.000123 -0.012812
v 0.000448 -0.000140 -0.012444
v 0.000380 -0.000011 -0.011974
v 0.000649 -0.002419 -0.012534
v 0.000686 -0.002634 -0.012299
v 0.000776 -0.002514 -0.012098
v 0.000847 -0.002613 -0.011357
v 0.000857 -0.002289 -0.011678
v 0.000780 -0.001676 -0.013063
v 0.000769 -0.001951 -0.012743
v 0.000881 -0.001967 -0.012415
v 0.000924 -0.001972 -0.012000
v 0.000832 -0.001438 -0.013320
v 0.000961 -0.001685 -0.012761
v 0.001023 -0.001721 -0.012286
v 0.000863 -0.000836 -0.013745
v 0.000853 -0.000541 -0.013826
v 0.000694 -0.000443 -0.013650
v 0.000763 -0.000292 -0.013864
v 0.000700 -0.000297 -0.013659
v 0.000678 -0.000067 -0.013311
v 0.000657 -0.000040 -0.012948
v 0.001154 -0.001238 -0.013400
v 0.001088 -0.001458 -0.013077
v 0.001151 -0.001515 -0.012444
v 0.001174 -0.001046 -0.013628
v 0.001300 -0.001256 -0.013122
v 0.001312 -0.001321 -0.012695
v 0.001208 -0.000855 -0.013774
v 0.001588 -0.000855 -0.013718
v 0.001627 -0.000964 -0.013474
v 0.001492 -0.001163 -0.012708
v 0.001709 -0.001013 -0.013011
v 0.001629 -0.000654 -0.013937
v 0.001924 -0.000785 -0.013724
v 0.001948 -0.000865 -0.013447
v 0.001963 -0.000905 -0.013049
v 0.002392 -0.000728 -0.013726
v 0.002279 -0.000802 -0.013446
v 0.002275 -0.000830 -0.013079
v 0.002626 -0.000790 -0.013446
v 0.002598 -0.000811 -0.013090
v 0.003021 -0.000626 -0.013878
v 0.000890 -0.002613 -0.008151
v 0.000907 -0.002285 -0.008327
v 0.000980 -0.001973 -0.008329
v 0.001191 -0.001573 -0.008056
v 0.001367 -0.001369 -0.007907
v 0.001575 -0.001192 -0.007189
v 0.001989 -0.000966 -0.006801
v 0.002299 -0.000882 -0.006872
v 0.001071 -0.001758 -0.008166
v 0.001127 -0.001828 -0.003014
v 0.001760 -0.001071 -0.006793
v 0.002614 -0.000852 -0.006840
v 0.000978 -0.002625 -0.000957
v 0.000996 -0.002324 -0.000959
v 0.001053 -0.002076 -0.000971
v 0.001278 -0.001581 -0.003105
v 0.001445 -0.001425 -0.000922
v 0.001575 -0.001267 -0.002957
v 0.001799 -0.001105 -0.003030
v 0.002048 -0.001008 -0.000983
v 0.002324 -0.000926 -0.000963
v 0.000524 -0.001928 -0.000096
v 0.000544 -0.001269 -0.000049
v 0.000923 -0.002624 -0.000546
v 0.000766 -0.002431 -0.000265
v 0.000941 -0.002314 -0.000544
v 0.001008 -0.002032 -0.000548
v 0.000863 -0.001928 -0.000248
v 0.000866 -0.001568 -0.000139
v 0.000872 -0.001222 -0.000077
v 0.000874 -0.000877 -0.000059
v 0.001147 -0.001854 -0.000901
v 0.001063 -0.001779 -0.000334
v 0.001277 -0.001637 -0.000960
v 0.001263 -0.001591 -0.000544
v 0.001167 -0.001520 -0.000276
v 0.001203 -0.001203 -0.000151
v 0.001220 -0.000873 -0.000088
v 0.001380 -0.001380 -0.000347
v 0.001612 -0.001268 -0.000934
v 0.001592 -0.001244 -0.000555
v 0.001511 -0.001161 -0.000279
v 0.001560 -0.000863 -0.000153
v 0.001597 -0.000560 -0.000128
v 0.001820 -0.001121 -0.000898
v 0.001995 -0.000974 -0.000544
v 0.001754 -0.001049 -0.000338
v 0.001910 -0.000847 -0.000260
v 0.002300 -0.000884 -0.000547
v 0.002404 -0.000735 -0.000285
v 0.002275 -0.000510 -0.000172
v 0.004285 -0.000041 -0.000381
v 0.002634 -0.000888 -0.000940
v 0.002629 -0.000847 -0.000550
v 0.003494 -0.004250 -0.011168
v 0.003503 -0.004138 -0.011170
v 0.003719 -0.004240 -0.011218
v 0.003887 -0.003890 -0.011457
v 0.003744 -0.004013 -0.011283
v 0.003911 -0.003789 -0.011473
v 0.003834 -0.003800 -0.011301
v 0.004033 -0.004250 -0.011251
v 0.004014 -0.003908 -0.011475
v 0.004088 -0.003656 -0.011556
v 0.003976 -0.003601 -0.011329
v 0.004275 -0.003211 -0.011840
v 0.004201 -0.003345 -0.011669
v 0.004178 -0.003178 -0.011434
v 0.004275 -0.003101 -0.011858
v 0.004220 -0.003129 -0.011670
v 0.004355 -0.004212 -0.011288
v 0.004374 -0.003857 -0.011545
v 0.004429 -0.003427 -0.011775
v 0.004428 -0.003193 -0.011912
v 0.004486 -0.002781 -0.012216
v 0.004404 -0.002939 -0.011989
v 0.004280 -0.002914 -0.011701
v 0.004236 -0.002920 -0.011249
v 0.004654 -0.004269 -0.011218
v 0.004692 -0.003784 -0.011580
v 0.004670 -0.004032 -0.011389
v 0.004668 -0.003183 -0.011929
v 0.004676 -0.003394 -0.011788
v 0.004604 -0.002774 -0.012235
v 0.004675 -0.002909 -0.012057
v 0.004855 -0.004190 -0.011194
v 0.004837 -0.003824 -0.011491
v 0.004893 -0.003956 -0.011302
v 0.004881 -0.003377 -0.011651
v 0.004980 -0.003570 -0.011332
v 0.004847 -0.003114 -0.011863
v 0.004944 -0.002964 -0.011673
v 0.005012 -0.002964 -0.011359
v 0.003248 -0.004573 -0.010866
v 0.003642 -0.004697 -0.010635
v 0.003003 -0.004377 -0.010877
v 0.002949 -0.004277 -0.010647
v 0.002904 -0.004244 -0.010277
v 0.002903 -0.004246 -0.009221
v 0.003356 -0.004158 -0.010954
v 0.003357 -0.004361 -0.011028
v 0.003125 -0.004179 -0.010311
v 0.003486 -0.004007 -0.010639
v 0.003314 -0.004092 -0.010234
v 0.003675 -0.004591 -0.010900
v 0.003683 -0.004418 -0.011083
v 0.003606 -0.003966 -0.011001
v 0.003568 -0.003933 -0.010157
v 0.003780 -0.003779 -0.011011
v 0.003759 -0.003767 -0.010602
v 0.004247 -0.004590 -0.010921
v 0.004225 -0.004432 -0.011112
v 0.003934 -0.003562 -0.010889
v 0.003998 -0.003657 -0.003472
v 0.004085 -0.003331 -0.010959
v 0.004140 -0.003449 -0.003660
v 0.004647 -0.004663 -0.010651
v 0.004176 -0.003141 -0.011031
v 0.004669 -0.004572 -0.010890
v 0.004683 -0.004693 -0.010236
v 0.004860 -0.004513 -0.010857
v 0.004894 -0.004550 -0.010634
v 0.004906 -0.004570 -0.010274
v 0.004908 -0.004313 -0.010977
v 0.004994 -0.004327 -0.010662
v 0.005021 -0.004342 -0.010241
v 0.004991 -0.004002 -0.011006
v 0.005040 -0.004015 -0.010672
v 0.005058 -0.004026 -0.010279
v 0.005027 -0.003669 -0.011016
v 0.005061 -0.003655 -0.010578
v 0.005042 -0.003240 -0.011021
v 0.003652 -0.003978 -0.003669
v 0.004281 -0.003250 -0.000965
v 0.004366 -0.002960 -0.000965
v 0.005145 -0.004008 -0.000905
v 0.005149 -0.003644 -0.001254
v 0.002959 -0.004296 -0.000956
v 0.003226 -0.004235 -0.000976
v 0.003426 -0.004118 -0.003665
v 0.003459 -0.004139 -0.000952
v 0.003999 -0.004806 -0.000946
v 0.003838 -0.003827 -0.003700
v 0.004169 -0.003484 -0.000907
v 0.004368 -0.004796 -0.000955
v 0.004694 -0.004748 -0.000951
v 0.004957 -0.004602 -0.000941
v 0.005098 -0.004342 -0.000961
v 0.004267 -0.004753 -0.000559
v 0.002956 -0.004345 -0.000562
v 0.003503 -0.004615 -0.000329
v 0.003252 -0.004281 -0.000561
v 0.003346 -0.004389 -0.000325
v 0.003606 -0.004111 -0.000530
v 0.003647 -0.004180 -0.000341
v 0.003844 -0.004358 -0.000216
v 0.003660 -0.004017 -0.000936
v 0.004291 -0.004598 -0.000286
v 0.003862 -0.003856 -0.000966
v 0.003905 -0.003902 -0.000552
v 0.004029 -0.004024 -0.000275
v 0.004033 -0.003675 -0.000944
v 0.004070 -0.003692 -0.000568
v 0.004175 -0.003721 -0.000328
v 0.004311 -0.003313 -0.000553
v 0.004249 -0.003519 -0.000377
v 0.004370 -0.004345 -0.000161
v 0.004375 -0.004021 -0.000157
v 0.004411 -0.003690 -0.000202
v 0.004428 -0.003360 -0.000297
v 0.004408 -0.002967 -0.000558
v 0.004517 -0.002983 -0.000307
v 0.004691 -0.004703 -0.000556
v 0.004682 -0.004584 -0.000308
v 0.004691 -0.004341 -0.000186
v 0.004696 -0.004020 -0.000156
v 0.004696 -0.003635 -0.000171
v 0.004744 -0.002900 -0.000207
v 0.004934 -0.004583 -0.000566
v 0.004888 -0.004538 -0.000356
v 0.005052 -0.004341 -0.000556
v 0.004934 -0.004331 -0.000308
v 0.005099 -0.003949 -0.000556
v 0.004954 -0.003865 -0.000290
v 0.003166 -0.000415 -0.014020
v 0.002779 0.000005 -0.014301
v 0.003298 -0.000144 -0.014032
v 0.003322 -0.000777 -0.013712
v 0.002976 -0.000836 -0.013451
v 0.002923 -0.000855 -0.013062
v 0.003302 -0.000925 -0.013440
v 0.003618 -0.001142 -0.013198
v 0.003459 -0.001073 -0.012679
v 0.003238 -0.000958 -0.013026
v 0.003319 -0.000506 -0.013898
v 0.003738 -0.000990 -0.013597
v 0.003688 -0.001098 -0.013417
v 0.003753 -0.001283 -0.012783
v 0.003651 -0.001216 -0.012423
v 0.003548 -0.000982 -0.013545
v 0.003625 -0.000523 -0.013770
v 0.004181 -0.001708 -0.012928
v 0.004173 -0.001777 -0.012724
v 0.004140 -0.001823 -0.012416
v 0.004118 -0.001830 -0.012037
v 0.004108 -0.001371 -0.013236
v 0.004105 -0.001518 -0.013040
v 0.004030 -0.001582 -0.012754
v 0.003974 -0.001584 -0.012309
v 0.003862 -0.001018 -0.013553
v 0.003978 -0.001168 -0.013356
v 0.003913 -0.001333 -0.013088
v 0.003809 -0.001369 -0.012336
v 0.004141 -0.000850 -0.013341
v 0.004111 -0.000180 -0.013386
v 0.003833 -0.000437 -0.013654
v 0.004506 -0.002410 -0.012522
v 0.004457 -0.002546 -0.012328
v 0.004306 -0.002315 -0.012121
v 0.004285 -0.002402 -0.011822
v 0.004272 -0.002610 -0.011277
v 0.004258 -0.002290 -0.011226
v 0.004272 -0.001730 -0.012929
v 0.004363 -0.001892 -0.012710
v 0.004269 -0.002024 -0.012408
v 0.004225 -0.002056 -0.012073
v 0.004203 -0.002036 -0.011642
v 0.004196 -0.001369 -0.013218
v 0.004272 -0.001497 -0.013053
v 0.004577 -0.001575 -0.012668
v 0.004398 -0.001113 -0.012997
v 0.004409 -0.000028 -0.012991
v 0.004574 -0.002416 -0.012513
v 0.004629 -0.002540 -0.012346
v 0.004884 -0.002700 -0.011916
v 0.004584 -0.002217 -0.012555
v 0.004778 -0.002241 -0.012231
v 0.004722 -0.001692 -0.012410
v 0.004831 -0.001831 -0.012153
v 0.004607 -0.001253 -0.012656
v 0.004661 0.000047 -0.012544
v 0.004882 0.000187 -0.011981
v 0.004964 -0.002550 -0.011676
v 0.004906 -0.002241 -0.011923
v 0.005005 0.000012 -0.011360
v 0.004951 0.000286 -0.011680
v 0.003254 -0.000968 -0.007629
v 0.004176 -0.001771 -0.003742
v 0.005053 0.000013 -0.010569
v 0.005036 0.000017 -0.011018
v 0.002954 -0.000890 -0.005468
v 0.003517 -0.001089 -0.001015
v 0.003716 -0.001223 -0.001026
v 0.004078 -0.001609 -0.003129
v 0.003892 -0.001388 -0.002734
v 0.004283 -0.002006 -0.003045
v 0.003281 -0.000986 -0.000993
v 0.004404 -0.002625 -0.000947
v 0.004358 -0.002297 -0.002559
v 0.005144 -0.000741 -0.001284
v 0.002969 -0.000909 -0.000947
v 0.002968 -0.000867 -0.000552
v 0.002983 -0.000748 -0.000291
v 0.003387 -0.000520 -0.000167
v 0.003628 -0.001116 -0.000562
v 0.003521 -0.000998 -0.000372
v 0.003281 -0.000940 -0.000556
v 0.003360 -0.000826 -0.000285
v 0.003767 -0.000254 -0.000227
v 0.003724 -0.001066 -0.000321
v 0.003691 -0.000836 -0.000187
v 0.004057 -0.001553 -0.000944
v 0.004224 -0.001687 -0.000565
v 0.003998 -0.001223 -0.000294
v 0.003889 -0.001369 -0.000963
v 0.003921 -0.001320 -0.000549
v 0.004026 -0.000869 -0.000133
v 0.004295 -0.000569 -0.000111
v 0.004444 -0.002625 -0.000557
v 0.004554 -0.002423 -0.000304
v 0.004378 -0.002284 -0.000934
v 0.004420 -0.002283 -0.000555
v 0.004304 -0.002002 -0.000956
v 0.004349 -0.001969 -0.000550
v 0.004482 -0.001937 -0.000289
v 0.004193 -0.001754 -0.000972
v 0.004381 -0.001586 -0.000260
v 0.004369 -0.001227 -0.000151
v 0.004369 -0.000878 -0.000097
v 0.004368 -0.000260 -0.000228
v 0.004727 -0.001925 -0.000191
v 0.004706 -0.001539 -0.000168
v 0.004694 -0.000879 -0.000130
v 0.004690 -0.000550 -0.000163
v 0.004694 -0.000081 -0.000426
v 0.004682 -0.000277 -0.000259
v 0.004950 -0.001051 -0.000278
v 0.005137 -0.000756 -0.000882
v 0.005092 -0.000954 -0.000546
v 0.005108 -0.000301 -0.000966
v 0.005058 -0.000530 -0.000548
v 0.004933 -0.000556 -0.000296
v 0.005068 -0.000176 -0.000876
v 0.004957 -0.000194 -0.000547
v 0.004892 -0.000319 -0.000335
v 0.000175 0.000327 -0.014421
v 0.000164 0.000269 -0.014142
v 0.001048 0.001566 -0.014560
v 0.001078 0.001984 -0.014457
v 0.000782 0.002298 -0.014356
v 0.000539 0.000226 -0.014428
v 0.000455 0.000137 -0.014146
v 0.000527 0.000538 -0.014591
v 0.000882 0.000217 -0.014510
v 0.001086 0.000544 -0.014619
v 0.001293 0.000239 -0.014543
v 0.001388 0.000878 -0.014626
v 0.001421 0.002461 -0.014253
v 0.001732 0.000544 -0.014584
v 0.001584 0.001715 -0.014487
v 0.001662 0.002134 -0.014357
v 0.002126 0.000208 -0.014477
v 0.001705 0.001047 -0.014585
v 0.001917 0.001377 -0.014502
v 0.001893 0.002039 -0.014350
v 0.001927 0.002773 -0.014001
v 0.002214 0.001019 -0.014484
v 0.002267 0.001720 -0.014347
v 0.002467 0.002311 -0.014052
v 0.002345 0.002537 -0.013990
v 0.002407 0.000351 -0.014450
v 0.002608 0.000650 -0.014393
v 0.002798 0.001014 -0.014282
v 0.002485 0.001316 -0.014361
v 0.002614 0.001732 -0.014204
v 0.000103 0.000337 -0.014000
v 0.000275 0.000066 -0.011610
v 0.000165 0.000127 -0.011379
v 0.000143 0.000392 -0.013774
v 0.000153 0.000535 -0.013427
v 0.000080 0.000656 -0.013265
v 0.000133 0.000803 -0.012763
v 0.000173 0.000937 -0.012418
v 0.000102 0.001052 -0.012255
v 0.000168 0.001265 -0.011690
v 0.000089 0.001373 -0.011540
v 0.000402 0.000219 -0.013865
v 0.000568 0.000133 -0.013440
v 0.000490 0.000496 -0.012865
v 0.000635 0.000173 -0.012771
v 0.000606 0.000126 -0.012428
v 0.000575 0.000210 -0.012100
v 0.000466 0.000188 -0.011725
v 0.000415 0.000297 -0.011333
v 0.000394 0.000413 -0.013355
v 0.000590 0.000548 -0.012410
v 0.000628 0.000516 -0.012060
v 0.000610 0.000450 -0.011712
v 0.000640 0.000645 -0.011221
v 0.000352 0.000671 -0.012851
v 0.000432 0.000883 -0.012151
v 0.000565 0.000917 -0.011708
v 0.000605 0.000944 -0.011380
v 0.000394 0.001140 -0.011662
v 0.000374 0.001332 -0.011278
v 0.000672 0.000035 -0.013272
v 0.000676 0.000065 -0.012939
v 0.000678 0.000275 -0.012597
v 0.000663 0.000300 -0.012232
v 0.000667 0.000376 -0.012557
v 0.000675 0.000407 -0.012224
v 0.000669 0.000627 -0.011884
v 0.000675 0.000627 -0.011578
v 0.000657 0.000703 -0.011867
v 0.000673 0.000775 -0.011414
v 0.003001 0.002313 -0.013775
v 0.002672 0.002791 -0.013684
v 0.000166 0.000276 -0.011034
v 0.000092 0.000331 -0.010815
v 0.000300 0.000405 -0.010897
v 0.000173 0.000450 -0.010664
v 0.000165 0.000674 -0.010048
v 0.000076 0.000731 -0.009816
v 0.000153 0.000851 -0.009652
v 0.000122 0.001054 -0.009105
v 0.000275 0.001113 -0.009158
v 0.000159 0.001171 -0.008931
v 0.000155 0.001390 -0.008374
v 0.000152 0.001584 -0.010975
v 0.000080 0.001704 -0.010814
v 0.000133 0.001851 -0.010312
v 0.000173 0.001986 -0.009967
v 0.000102 0.002100 -0.009803
v 0.000167 0.002313 -0.009239
v 0.000089 0.002422 -0.009088
v 0.000152 0.002633 -0.008524
v 0.000498 0.000544 -0.011012
v 0.000346 0.000740 -0.010132
v 0.000629 0.000878 -0.011029
v 0.000660 0.001008 -0.010513
v 0.000566 0.000925 -0.010361
v 0.000450 0.000907 -0.009992
v 0.000381 0.001037 -0.009518
v 0.000567 0.001183 -0.010989
v 0.000488 0.001546 -0.010415
v 0.000635 0.001222 -0.010320
v 0.000607 0.001174 -0.009976
v 0.000577 0.001258 -0.009647
v 0.000468 0.001235 -0.009271
v 0.000413 0.001320 -0.008932
v 0.000329 0.001457 -0.008408
v 0.000392 0.001482 -0.010863
v 0.000590 0.001597 -0.009959
v 0.000629 0.001563 -0.009608
v 0.000613 0.001496 -0.009262
v 0.000651 0.001706 -0.008769
v 0.000550 0.001633 -0.008623
v 0.000351 0.001719 -0.010402
v 0.000432 0.001932 -0.009699
v 0.000565 0.001967 -0.009258
v 0.000606 0.001996 -0.008930
v 0.000635 0.001933 -0.008584
v 0.000408 0.002198 -0.009167
v 0.000568 0.002234 -0.008540
v 0.000341 0.002426 -0.008781
v 0.000391 0.002531 -0.008414
v 0.000670 0.000769 -0.011206
v 0.000678 0.000983 -0.010860
v 0.000672 0.001085 -0.010822
v 0.000677 0.001114 -0.010487
v 0.000678 0.001324 -0.010146
v 0.000664 0.001347 -0.009778
v 0.000667 0.001425 -0.010106
v 0.000676 0.001455 -0.009770
v 0.000669 0.001672 -0.009433
v 0.000677 0.001671 -0.009148
v 0.000656 0.001751 -0.009418
v 0.000675 0.001826 -0.008964
v 0.000675 0.001823 -0.008758
v 0.000679 0.002032 -0.008414
v 0.000672 0.002135 -0.008373
v 0.000140 0.001508 -0.008166
v 0.000160 0.001724 -0.007587
v 0.000077 0.001779 -0.007364
v 0.000155 0.001899 -0.007200
v 0.000122 0.002103 -0.006651
v 0.000277 0.002165 -0.006707
v 0.000161 0.002220 -0.006480
v 0.000158 0.002438 -0.005922
v 0.000141 0.002556 -0.005714
v 0.000416 0.001622 -0.008261
v 0.000347 0.001786 -0.007684
v 0.000595 0.001884 -0.008240
v 0.000566 0.001970 -0.007911
v 0.000452 0.001955 -0.007540
v 0.000384 0.002090 -0.007064
v 0.000488 0.002595 -0.007966
v 0.000636 0.002271 -0.007869
v 0.000608 0.002222 -0.007525
v 0.000576 0.002309 -0.007201
v 0.000469 0.002302 -0.006821
v 0.000431 0.002333 -0.006624
v 0.000334 0.002505 -0.005959
v 0.000666 0.002520 -0.007557
v 0.000610 0.002613 -0.007198
v 0.000610 0.002638 -0.006804
v 0.000552 0.002685 -0.006171
v 0.000418 0.002670 -0.005809
v 0.000659 0.002057 -0.008044
v 0.000677 0.002164 -0.008036
v 0.000679 0.002372 -0.007694
v 0.000664 0.002396 -0.007328
v 0.000654 0.002484 -0.007694
v 0.000672 0.002505 -0.007328
v 0.000675 0.002742 -0.006667
v 0.000653 0.002767 -0.006307
v 0.000162 0.002772 -0.005134
v 0.000078 0.002827 -0.004912
v 0.000349 0.002834 -0.005229
v 0.003910 0.002016 -0.002481
v 0.001223 0.002965 -0.014004
v 0.001594 0.002884 -0.014007
v 0.000908 0.003862 -0.013310
v 0.000781 0.004131 -0.013007
v 0.000762 0.004597 -0.012283
v 0.000703 0.004752 -0.011950
v 0.000545 0.005002 -0.011149
v 0.000795 0.004424 -0.012587
v 0.000817 0.004899 -0.011536
v 0.001455 0.003415 -0.013659
v 0.001257 0.003835 -0.013302
v 0.001350 0.004254 -0.012756
v 0.001217 0.004543 -0.012303
v 0.001265 0.004716 -0.011876
v 0.001329 0.004894 -0.011246
v 0.001786 0.003623 -0.013390
v 0.001581 0.004033 -0.012986
v 0.001534 0.004539 -0.012191
v 0.001895 0.004594 -0.011786
v 0.002008 0.003200 -0.013683
v 0.001930 0.003876 -0.013053
v 0.001950 0.004202 -0.012590
v 0.001891 0.004522 -0.011984
v 0.002332 0.003022 -0.013690
v 0.002308 0.003444 -0.013345
v 0.002277 0.003833 -0.012929
v 0.002403 0.004209 -0.012232
v 0.002137 0.004578 -0.011540
v 0.002416 0.004504 -0.011291
v 0.002698 0.003246 -0.013304
v 0.002722 0.003532 -0.012985
v 0.002676 0.003864 -0.012575
v 0.002750 0.004126 -0.011968
v 0.002797 0.004197 -0.011690
v 0.002807 0.004264 -0.011384
v 0.000079 0.002753 -0.008362
v 0.000513 0.005099 -0.010410
v 0.000880 0.005017 -0.010883
v 0.000870 0.005073 -0.010198
v 0.001349 0.004946 -0.010866
v 0.001218 0.005013 -0.010232
v 0.001209 0.005151 -0.006557
v 0.001793 0.004803 -0.010976
v 0.001759 0.004867 -0.010445
v 0.001542 0.004942 -0.010156
v 0.002146 0.004888 -0.006165
v 0.002414 0.004557 -0.010972
v 0.002705 0.004428 -0.010501
v 0.002396 0.004598 -0.010525
v 0.000133 0.002900 -0.007861
v 0.000161 0.003032 -0.007525
v 0.000167 0.003186 -0.007214
v 0.000086 0.003151 -0.007365
v 0.000166 0.003358 -0.006793
v 0.000078 0.003473 -0.006639
v 0.000145 0.003531 -0.006414
v 0.000141 0.003745 -0.005837
v 0.000142 0.003865 -0.005635
v 0.000350 0.002770 -0.007948
v 0.000416 0.002876 -0.007521
v 0.000471 0.002949 -0.007181
v 0.000577 0.002943 -0.006802
v 0.000503 0.003316 -0.006226
v 0.000636 0.002980 -0.006133
v 0.000596 0.002932 -0.005789
v 0.000361 0.003142 -0.007054
v 0.000411 0.003266 -0.006647
v 0.000484 0.003636 -0.005527
v 0.000342 0.003471 -0.006335
v 0.000400 0.003621 -0.005797
v 0.000326 0.003802 -0.005598
v 0.000395 0.005246 -0.006701
v 0.000683 0.005244 -0.006170
v 0.000676 0.002843 -0.006646
v 0.000676 0.002873 -0.006300
v 0.000680 0.003081 -0.005963
v 0.000672 0.003185 -0.005923
v 0.000860 0.005211 -0.006484
v 0.000914 0.005193 -0.006134
v 0.000664 0.005209 -0.005952
v 0.001528 0.005074 -0.006122
v 0.001487 0.005031 -0.005787
v 0.001553 0.005070 -0.006576
v 0.001927 0.004967 -0.006238
v 0.002060 0.004907 -0.005738
v 0.002453 0.004737 -0.005833
v 0.002600 0.004665 -0.006154
v 0.000156 0.002947 -0.004748
v 0.000135 0.003129 -0.004234
v 0.000261 0.003051 -0.003579
v 0.000292 0.003191 -0.004262
v 0.000190 0.003206 -0.004057
v 0.000180 0.003170 -0.003798
v 0.000143 0.003959 -0.005396
v 0.000198 0.004112 -0.005112
v 0.000377 0.004134 -0.004951
v 0.000216 0.004347 -0.005048
v 0.000377 0.004246 -0.004947
v 0.000623 0.004745 -0.005297
v 0.000567 0.003018 -0.005459
v 0.000454 0.003003 -0.005088
v 0.000390 0.003109 -0.004674
v 0.000636 0.003319 -0.005418
v 0.000610 0.003269 -0.005073
v 0.000586 0.003349 -0.004745
v 0.000507 0.003307 -0.004380
v 0.000640 0.003371 -0.004092
v 0.000534 0.003210 -0.003794
v 0.000595 0.003696 -0.005066
v 0.000659 0.003655 -0.004735
v 0.000692 0.003537 -0.004409
v 0.000377 0.003847 -0.005378
v 0.000443 0.003933 -0.005097
v 0.000580 0.004006 -0.004852
v 0.000382 0.004613 -0.005188
v 0.000661 0.003105 -0.005592
v 0.000821 0.003061 -0.003559
v 0.000678 0.003213 -0.005584
v 0.000679 0.003420 -0.005246
v 0.000667 0.003442 -0.004871
v 0.000872 0.003371 -0.003956
v 0.000667 0.003510 -0.005222
v 0.000681 0.003550 -0.004869
v 0.000800 0.003789 -0.004582
v 0.000909 0.003703 -0.004382
v 0.000881 0.004011 -0.004671
v 0.000993 0.003885 -0.004500
v 0.000856 0.004456 -0.005016
v 0.000882 0.004248 -0.004836
v 0.000763 0.004956 -0.005528
v 0.001207 0.003361 -0.003881
v 0.001273 0.003748 -0.004300
v 0.001284 0.004099 -0.004647
v 0.001500 0.004938 -0.005558
v 0.001679 0.003657 -0.004174
v 0.001802 0.004683 -0.005241
v 0.002165 0.004295 -0.004828
v 0.001825 0.004911 -0.005578
v 0.003284 0.003366 -0.003873
v 0.002208 0.004622 -0.005215
v 0.002123 0.004845 -0.005596
v 0.002671 0.004330 -0.004901
v 0.002568 0.004648 -0.005475
v 0.002735 0.004535 -0.005239
v 0.002810 0.000222 -0.014326
v 0.003190 0.000189 -0.014122
v 0.003139 0.000681 -0.014138
v 0.003119 0.001399 -0.014042
v 0.002839 0.002015 -0.014003
v 0.003195 0.001878 -0.013842
v 0.003066 0.002531 -0.013600
v 0.003510 0.000264 -0.013921
v 0.003516 0.001046 -0.013842
v 0.003494 0.001643 -0.013706
v 0.003387 0.002185 -0.013553
v 0.003441 0.002501 -0.013319
v 0.003800 0.000413 -0.013683
v 0.003832 0.000818 -0.013611
v 0.003756 0.001417 -0.013545
v 0.003827 0.001798 -0.013336
v 0.003832 0.002307 -0.013025
v 0.003548 0.002716 -0.013031
v 0.003842 0.002670 -0.012695
v 0.004113 0.000445 -0.013357
v 0.004067 0.001043 -0.013322
v 0.004115 0.001764 -0.012998
v 0.004170 0.002112 -0.012686
v 0.004166 0.002460 -0.012359
v 0.004207 0.002628 -0.012041
v 0.004385 0.000723 -0.012965
v 0.004267 0.001318 -0.012976
v 0.004532 0.001055 -0.012641
v 0.004461 0.001489 -0.012576
v 0.004517 0.002048 -0.011986
v 0.004538 0.002188 -0.011696
v 0.004201 0.002810 -0.011709
v 0.004309 0.002780 -0.011226
v 0.004643 0.000552 -0.012532
v 0.004865 0.000726 -0.011928
v 0.004740 0.000893 -0.012215
v 0.004636 0.001370 -0.012257
v 0.004895 0.001061 -0.011626
v 0.004898 0.001355 -0.011238
v 0.004556 0.001775 -0.012181
v 0.004670 0.001798 -0.011752
v 0.004601 0.002165 -0.011434
v 0.004989 0.000718 -0.011239
v 0.004548 0.002412 -0.010855
v 0.004453 0.002609 -0.010565
v 0.004773 0.001850 -0.010891
v 0.004881 0.001541 -0.010629
v 0.004923 0.001874 -0.003635
v 0.004822 0.001962 -0.007123
v 0.004656 0.002194 -0.010434
v 0.005039 0.000463 -0.010565
v 0.005012 0.000815 -0.010503
v 0.004963 0.001166 -0.010554
v 0.005013 0.001193 -0.006862
v 0.004945 0.001508 -0.007451
v 0.004523 0.002809 -0.004371
v 0.004765 0.002315 -0.003756
v 0.004625 0.002627 -0.003961
v 0.005101 0.000908 -0.002686
v 0.003959 0.002398 -0.002881
v 0.004028 0.002660 -0.003164
v 0.004323 0.002337 -0.002867
v 0.004324 0.002616 -0.003180
v 0.004856 0.002078 -0.003679
v 0.004876 0.001986 -0.003215
v 0.004800 0.002047 -0.002983
v 0.004567 0.002586 -0.003393
v 0.004630 0.002277 -0.003010
v 0.004538 0.002476 -0.003136
v 0.005126 0.000525 -0.002307
v 0.005064 0.001233 -0.002712
v 0.005005 0.001559 -0.003068
v 0.004363 0.000222 -0.000646
v 0.004357 0.000643 -0.001080
v 0.004359 0.001156 -0.001608
v 0.004376 0.001626 -0.002097
v 0.004343 0.002010 -0.002513
v 0.004674 0.000240 -0.000722
v 0.004673 0.000605 -0.001099
v 0.004672 0.000950 -0.001452
v 0.004669 0.001291 -0.001803
v 0.004670 0.001608 -0.002140
v 0.004688 0.001988 -0.002654
v 0.004670 0.001828 -0.002392
v 0.004582 0.002163 -0.002773
v 0.005115 0.000176 -0.001574
v 0.005065 0.000174 -0.001226
v 0.004958 0.000157 -0.000893
v 0.004900 0.000044 -0.000656
v 0.005108 0.000526 -0.001924
v 0.005060 0.000522 -0.001577
v 0.004955 0.000504 -0.001245
v 0.004898 0.000391 -0.001008
v 0.005093 0.000875 -0.002275
v 0.005050 0.000871 -0.001929
v 0.004949 0.000852 -0.001598
v 0.004895 0.000738 -0.001361
v 0.005026 0.001218 -0.002282
v 0.004937 0.001199 -0.001952
v 0.004888 0.001085 -0.001715
v 0.004985 0.001543 -0.002635
v 0.004912 0.001537 -0.002310
v 0.004873 0.001429 -0.002071
v 0.004887 0.001798 -0.002663
v 0.004853 0.001745 -0.002436
v 0.003052 0.002920 -0.013332
v 0.003008 0.003210 -0.013102
v 0.003138 0.003450 -0.012697
v 0.003035 0.003757 -0.012344
v 0.003103 0.003861 -0.012027
v 0.003328 0.003014 -0.012994
v 0.003459 0.003387 -0.012353
v 0.003453 0.003563 -0.012032
v 0.003408 0.003746 -0.011663
v 0.003261 0.003942 -0.011382
v 0.003538 0.003068 -0.012680
v 0.003824 0.002956 -0.012382
v 0.003831 0.003157 -0.012043
v 0.003862 0.003259 -0.011712
v 0.003711 0.003527 -0.011363
v 0.004040 0.003171 -0.011230
v 0.003090 0.004155 -0.010826
v 0.002954 0.004269 -0.010474
v 0.003482 0.003833 -0.010849
v 0.003330 0.003982 -0.010508
v 0.003221 0.004283 -0.005499
v 0.003706 0.003615 -0.010831
v 0.003847 0.003475 -0.010555
v 0.004163 0.003081 -0.010431
v 0.003982 0.003315 -0.010510
v 0.004301 0.002870 -0.010467
v 0.002862 0.004527 -0.005815
v 0.003409 0.004131 -0.005520
v 0.003778 0.003795 -0.005184
v 0.003598 0.003961 -0.005543
v 0.004087 0.003435 -0.005209
v 0.003943 0.003611 -0.005213
v 0.004356 0.003081 -0.004580
v 0.002832 0.003891 -0.004417
v 0.002965 0.004050 -0.004607
v 0.002919 0.004393 -0.005128
v 0.002931 0.004257 -0.004865
v 0.002804 0.004548 -0.005474
v 0.003305 0.003718 -0.004265
v 0.003545 0.003999 -0.005085
v 0.003293 0.004067 -0.004769
v 0.003290 0.003918 -0.004508
v 0.003193 0.004260 -0.005121
v 0.003161 0.004209 -0.004897
v 0.003674 0.003043 -0.003551
v 0.003644 0.003368 -0.003906
v 0.003899 0.003643 -0.004710
v 0.003645 0.003724 -0.004416
v 0.003638 0.003572 -0.004154
v 0.003562 0.003930 -0.004767
v 0.003521 0.003872 -0.004543
v 0.003989 0.003026 -0.003581
v 0.004193 0.003293 -0.004394
v 0.003984 0.003361 -0.004063
v 0.003981 0.003213 -0.003802
v 0.003904 0.003577 -0.004416
v 0.003864 0.003520 -0.004191
v 0.004539 0.002778 -0.003873
v 0.004311 0.002965 -0.003712
v 0.004308 0.002836 -0.003465
v 0.004233 0.003182 -0.004063
v 0.004197 0.003140 -0.003839
v 0.004498 0.002758 -0.003530
vn -0.9564 -0.1584 -0.2456
vn -0.6681 -0.4159 -0.6170
vn -0.9290 -0.2149 -0.3013
vn -0.9866 -0.0444 -0.1567
vn -0.7896 -0.2646 -0.5537
vn -0.2384 -0.5937 -0.7685
vn -0.1989 -0.5446 -0.8148
vn -0.4030 -0.6035 -0.6880
vn -0.4629 -0.5448 -0.6993
vn -0.2660 -0.4661 -0.8438
vn -0.2790 -0.4309 -0.8582
vn -0.7934 -0.1741 -0.5832
vn 0.1008 -0.4759 -0.8737
vn -0.0256 -0.6062 -0.7949
vn -0.2546 -0.6605 -0.7063
vn 0.1691 -0.4142 -0.8943
vn 0.2108 -0.4693 -0.8575
vn 0.0802 -0.6495 -0.7561
vn 0.0454 -0.6632 -0.7470
vn 0.1208 -0.5228 -0.8439
vn 0.2444 -0.4485 -0.8597
vn 0.0790 -0.5512 -0.8306
vn 0.4024 -0.4387 -0.8035
vn 0.4602 -0.3758 -0.8043
vn 0.8560 0.4440 -0.2647
vn 0.8155 0.3424 -0.4666
vn 0.9445 0.1784 -0.2759
vn 0.9737 0.0645 -0.2187
vn 0.9214 0.1686 -0.3502
vn 0.9125 -0.0570 -0.4051
vn 0.9557 0.2731 -0.1100
vn 0.9660 0.1523 -0.2087
vn 0.9844 0.1684 -0.0507
vn 0.2481 -0.3972 -0.8836
vn 0.4196 -0.0036 -0.9077
vn 0.2191 -0.2371 -0.9465
vn 0.8349 0.4405 -0.3299
vn 0.8751 0.1919 -0.4442
vn 0.8218 0.3825 -0.4222
vn 0.6071 0.0336 -0.7939
vn 0.4786 -0.2765 -0.8334
vn -0.9557 -0.2480 -0.1586
vn -0.6422 -0.6514 -0.4040
vn -0.7271 -0.6732 -0.1349
vn -0.9658 -0.2583 -0.0213
vn -0.7462 -0.6643 -0.0422
vn -0.9599 -0.1758 -0.2185
vn -0.9017 -0.2711 -0.3369
vn -0.8127 -0.4080 -0.4159
vn -0.9932 -0.0827 -0.0819
vn -0.9873 -0.0825 -0.1358
vn -0.9991 -0.0207 -0.0381
vn -0.9962 -0.0231 -0.0843
vn -0.2840 -0.9392 -0.1928
vn -0.2212 -0.8340 -0.5055
vn -0.3385 -0.9395 -0.0530
vn -0.0592 -0.9674 -0.2461
vn -0.0297 -0.8497 -0.5264
vn -0.0958 -0.9934 -0.0634
vn -0.0048 -0.6910 -0.7229
vn -0.0057 -0.9958 -0.0919
vn -0.0134 -0.9997 -0.0186
vn 0.8737 0.4864 0.0091
vn 0.8030 0.5959 0.0098
vn 0.8816 0.4682 -0.0595
vn 0.9420 0.3355 -0.0100
vn 0.9825 0.1859 0.0075
vn 0.0571 -0.8165 -0.5745
vn 0.0137 -0.9558 -0.2937
vn 0.1137 -0.6436 -0.7569
vn 0.7054 0.6684 -0.2360
vn 0.7785 0.4588 -0.4283
vn 0.8146 0.5742 -0.0816
vn 0.7183 0.6951 -0.0276
vn 0.1930 -0.5733 -0.7963
vn 0.5983 0.6523 -0.4653
vn 0.5980 0.7081 -0.3756
vn 0.6143 0.7851 -0.0791
vn 0.4921 0.8705 -0.0097
vn 0.5983 0.8012 0.0097
vn 0.1780 -0.2210 -0.9589
vn 0.1122 -0.6575 -0.7450
vn 0.2945 0.9184 -0.2644
vn 0.3927 0.7525 -0.5287
vn 0.4543 0.8798 -0.1401
vn 0.2158 0.9755 -0.0436
vn -0.7589 -0.6506 0.0267
vn 0.9824 0.1744 0.0674
vn 0.7955 0.6047 0.0395
vn -0.9653 -0.2591 0.0316
vn -0.9969 -0.0592 0.0526
vn -0.3544 -0.9337 0.0506
vn -0.1068 -0.9924 0.0611
vn -0.0119 -0.9970 0.0770
vn 0.8653 0.4993 0.0453
vn 0.9373 0.3423 0.0653
vn 0.7157 0.6973 0.0384
vn 0.5969 0.8008 0.0497
vn 0.4973 0.8655 0.0605
vn 0.3418 0.9373 0.0685
vn 0.3514 0.9361 -0.0146
vn 0.1873 0.9823 0.0057
vn -0.7442 -0.6468 0.1670
vn -0.9523 -0.2216 0.2099
vn -0.6354 -0.5557 0.5362
vn -0.7507 -0.1792 0.6359
vn -0.9675 -0.0403 0.2496
vn -0.7567 -0.0255 0.6533
vn -0.7524 -0.0161 0.6585
vn -0.3034 -0.9197 0.2492
vn -0.2298 -0.6965 0.6798
vn -0.2924 -0.2609 0.9200
vn -0.2924 -0.0267 0.9559
vn -0.2145 0.0757 0.9738
vn -0.4501 0.0028 0.8930
vn -0.0659 -0.9480 0.3112
vn -0.0466 -0.6997 0.7129
vn -0.0087 -0.2608 0.9653
vn 0.0940 0.0672 0.9933
vn 0.2560 0.2118 0.9432
vn 0.5480 0.2691 0.7920
vn 0.9445 0.1618 0.2858
vn 0.8857 0.1373 0.4435
vn 0.8774 0.3957 0.2714
vn 0.3905 0.0497 0.9193
vn 0.3562 0.0724 0.9316
vn 0.1400 -0.1541 0.9781
vn 0.0405 -0.6806 0.7316
vn 0.2995 0.2314 0.9256
vn 0.5510 0.4432 0.7071
vn 0.6843 0.4465 0.5764
vn 0.7652 0.6031 0.2252
vn 0.0093 -0.8667 0.4987
vn 0.0029 -0.9473 0.3203
vn 0.1439 -0.3310 0.9326
vn 0.1292 -0.2352 0.9633
vn 0.4499 0.5075 0.7348
vn 0.2458 0.3568 0.9013
vn 0.6183 0.7527 0.2263
vn 0.6052 0.5905 0.5339
vn 0.3866 0.8728 0.2980
vn 0.4427 0.6440 0.6239
vn 0.3743 0.6963 0.6125
vn 0.0027 -1.0000 0.0068
vn 0.0086 -1.0000 0.0046
vn 0.0031 -1.0000 -0.0055
vn -0.0015 -0.9973 0.0736
vn 0.1530 0.9427 0.2965
vn 0.1359 0.8746 0.4654
vn 0.0304 -0.0344 0.9989
vn 0.0220 -0.0208 0.9995
vn -0.9757 -0.0307 -0.2172
vn -0.9559 -0.1059 -0.2738
vn -0.9926 0.0180 -0.1197
vn -0.9596 0.0436 -0.2781
vn -0.9823 0.0163 -0.1864
vn -0.8344 -0.2390 -0.4967
vn -0.7645 -0.3430 -0.5457
vn -0.7102 -0.2884 -0.6422
vn -0.9027 -0.1189 -0.4136
vn -0.8843 -0.1010 -0.4558
vn -0.8661 -0.1671 -0.4711
vn -0.8254 -0.2547 -0.5038
vn -0.9510 -0.0357 -0.3070
vn -0.8974 -0.0350 -0.4398
vn -0.9288 0.0171 -0.3702
vn -0.9370 -0.0154 -0.3490
vn -0.8669 -0.0297 -0.4977
vn 0.0373 -0.6037 -0.7964
vn -0.0183 -0.8039 -0.5945
vn -0.0197 -0.8043 -0.5939
vn 0.0454 -0.6371 -0.7694
vn 0.0267 -0.6498 -0.7597
vn 0.9305 -0.2079 -0.3014
vn 0.8706 -0.2530 -0.4220
vn 0.8755 -0.3151 -0.3663
vn -0.7610 -0.1414 -0.6331
vn -0.1826 -0.2135 -0.9597
vn -0.1309 -0.2126 -0.9683
vn 0.8423 -0.4331 -0.3208
vn 0.7984 -0.3759 -0.4703
vn 0.5986 -0.6766 -0.4290
vn 0.9264 -0.3542 -0.1278
vn 0.9555 -0.2941 -0.0214
vn -0.7253 -0.1874 -0.6625
vn -0.7041 -0.3018 -0.6428
vn -0.5339 -0.2625 -0.8037
vn -0.8270 -0.0385 -0.5609
vn -0.5776 -0.2138 -0.7879
vn -0.7871 0.0103 -0.6167
vn -0.8397 0.0499 -0.5408
vn -0.8895 0.0373 -0.4554
vn 0.7872 -0.5847 -0.1961
vn 0.3011 -0.8595 -0.4130
vn 0.6197 -0.7027 -0.3494
vn 0.8836 -0.4662 -0.0440
vn -0.0095 -0.2871 -0.9579
vn 0.0239 -0.3251 -0.9454
vn 0.0469 -0.3129 -0.9486
vn 0.7434 -0.6350 -0.2104
vn 0.2989 -0.5762 -0.7607
vn 0.8223 -0.5659 -0.0596
vn -0.7222 -0.1492 -0.6754
vn -0.3810 -0.6290 -0.6777
vn -0.2628 -0.5498 -0.7929
vn -0.7758 -0.0366 -0.6300
vn -0.6523 -0.2354 -0.7205
vn -0.6485 -0.0971 -0.7550
vn 0.3835 -0.8270 -0.4110
vn -0.0883 -0.8408 -0.5341
vn 0.6446 -0.7645 -0.0000
vn 0.7461 -0.6653 -0.0268
vn 0.6369 -0.7680 -0.0669
vn -0.5018 -0.3221 -0.8028
vn -0.3059 -0.4828 -0.8205
vn -0.2619 -0.3321 -0.9062
vn 0.2504 -0.9414 -0.2261
vn 0.0837 -0.9417 -0.3259
vn 0.2905 -0.8885 -0.3553
vn 0.4151 -0.8931 -0.1732
vn 0.5187 -0.8541 -0.0380
vn -0.0081 -0.4609 -0.8874
vn 0.3300 -0.9094 -0.2532
vn 0.0685 -0.6524 -0.7547
vn 0.3766 -0.9235 -0.0728
vn -0.4420 -0.2407 -0.8641
vn -0.5200 -0.1073 -0.8474
vn -0.3124 -0.3968 -0.8631
vn -0.3025 -0.4548 -0.8376
vn 0.0476 -0.8466 -0.5300
vn 0.1879 -0.9643 -0.1867
vn 0.2246 -0.9731 -0.0508
vn -0.1246 -0.7036 -0.6996
vn -0.1337 -0.5352 -0.8341
vn -0.9997 0.0154 -0.0207
vn -0.9979 0.0213 -0.0618
vn 0.9995 0.0307 0.0068
vn 0.9995 0.0123 -0.0276
vn 0.9920 -0.1261 0.0058
vn 0.9874 -0.1380 -0.0771
vn 0.8969 -0.4422 0.0039
vn 0.7442 -0.6679 0.0022
vn 0.5300 -0.8480 -0.0017
vn 0.3823 -0.9240 -0.0025
vn 0.2132 -0.9770 -0.0042
vn 0.9445 -0.3225 0.0630
vn 0.8759 -0.4795 0.0532
vn 0.8289 -0.5594 0.0027
vn 0.5172 -0.8552 0.0339
vn 0.3552 -0.9333 0.0525
vn 0.9979 0.0133 0.0632
vn 0.9861 -0.1530 0.0653
vn 0.6047 -0.7950 0.0482
vn 0.7162 -0.6954 0.0582
vn 0.1815 -0.9820 0.0526
vn -0.9998 0.0126 0.0127
vn -0.9959 0.0390 0.0817
vn -0.9664 0.0188 0.2565
vn -0.7625 0.0308 0.6463
vn -0.9549 0.1347 0.2647
vn -0.7560 0.1340 0.6407
vn -0.9896 0.0956 0.1074
vn -0.6761 0.3801 0.6312
vn -0.4679 -0.0131 0.8837
vn -0.5332 -0.0208 0.8457
vn -0.3209 0.0009 0.9471
vn -0.3289 0.2040 0.9221
vn -0.3172 0.6380 0.7017
vn -0.8470 0.3822 0.3694
vn -0.2693 0.4812 0.8342
vn 0.9616 0.0190 0.2737
vn 0.8962 -0.0770 0.4369
vn 0.4249 -0.0240 0.9049
vn 0.9461 -0.1693 0.2762
vn 0.8882 -0.3682 0.2748
vn 0.3687 -0.0736 0.9266
vn 0.5616 -0.2616 0.7850
vn 0.1407 -0.1285 0.9817
vn 0.2798 -0.2161 0.9354
vn 0.1143 -0.1834 0.9764
vn -0.0098 0.0100 0.9999
vn -0.0650 0.2233 0.9726
vn -0.0638 0.6521 0.7554
vn -0.0513 0.4781 0.8768
vn 0.8141 -0.5781 0.0556
vn 0.8140 -0.5230 0.2526
vn 0.7121 -0.4204 0.5623
vn 0.6337 -0.3704 0.6792
vn 0.6686 -0.6741 0.3141
vn 0.4401 -0.4437 0.7807
vn 0.1707 -0.1493 0.9739
vn 0.0459 0.1887 0.9810
vn 0.5547 -0.8045 0.2121
vn 0.4044 -0.6757 0.6164
vn 0.1964 -0.3278 0.9241
vn 0.0859 0.0653 0.9942
vn 0.0109 0.4506 0.8927
vn 0.3762 -0.8838 0.2780
vn 0.2837 -0.5632 0.7761
vn 0.1653 -0.9478 0.2727
vn 0.1492 -0.8907 0.4295
vn 0.0695 -0.3943 0.9164
vn 0.0510 -0.4219 0.9052
vn -0.2137 0.0304 -0.9764
vn -0.1188 -0.5273 -0.8413
vn -0.2149 0.0783 -0.9735
vn -0.8904 0.2653 -0.3699
vn -0.8273 0.0599 -0.5585
vn -0.7559 0.4351 -0.4892
vn -0.8981 0.3770 -0.2264
vn -0.8910 0.1401 -0.4319
vn -0.3799 -0.1932 -0.9046
vn -0.2144 -0.4871 -0.8466
vn -0.2443 -0.4640 -0.8515
vn -0.5150 -0.0845 -0.8530
vn -0.3544 -0.3017 -0.8851
vn -0.9266 0.3134 -0.2077
vn -0.8779 0.3362 -0.3409
vn -0.9603 0.0047 -0.2789
vn -0.6526 -0.3948 -0.6468
vn -0.9029 0.1189 -0.4130
vn -0.9805 0.1679 -0.1020
vn -0.0191 -0.6148 -0.7885
vn -0.0938 -0.5478 -0.8313
vn -0.2414 -0.5261 -0.8155
vn -0.4775 -0.3283 -0.8150
vn -0.2646 -0.5872 -0.7649
vn -0.8127 -0.3210 -0.4863
vn 0.0197 -0.5880 -0.8086
vn -0.0579 -0.5902 -0.8052
vn 0.0273 -0.0326 -0.9991
vn 0.0640 0.8909 -0.4497
vn 0.0542 0.9539 -0.2952
vn 0.0372 0.9993 0.0046
vn -0.0101 -0.9576 -0.2879
vn -0.0870 -0.1940 -0.9771
vn -0.0816 -0.1486 -0.9855
vn -0.1342 0.9465 -0.2935
vn -0.1282 0.9902 -0.0556
vn 0.0420 0.9969 -0.0663
vn -0.0047 -0.8842 -0.4671
vn -0.1060 -0.7554 -0.6466
vn -0.3622 0.8889 -0.2806
vn -0.1634 0.8803 -0.4454
vn -0.3124 0.9485 -0.0523
vn -0.6991 0.6428 -0.3132
vn -0.8114 0.3785 -0.4453
vn -0.6126 0.6953 -0.3757
vn -0.5624 0.8114 -0.1590
vn -0.4727 0.8802 -0.0414
vn -0.6524 0.7528 -0.0872
vn -0.5591 0.8290 -0.0161
vn -0.0272 -0.8503 -0.5256
vn -0.0505 -0.6729 -0.7380
vn -0.2448 -0.6349 -0.7328
vn -0.1633 -0.6105 -0.7750
vn -0.6474 0.6932 -0.3168
vn -0.6994 0.5852 -0.4104
vn -0.6714 0.7410 -0.0095
vn -0.8335 0.5096 -0.2135
vn -0.7844 0.6190 -0.0399
vn -0.8679 0.4891 -0.0868
vn -0.9253 0.3761 -0.0483
vn -0.9794 0.1994 -0.0308
vn 0.0024 -0.9966 -0.0818
vn 0.0162 -0.9651 -0.2615
vn 0.0020 -1.0000 -0.0059
vn -0.5901 0.8068 0.0286
vn -0.9329 0.3559 0.0557
vn -0.9808 0.1882 0.0511
vn 0.0110 0.9982 0.0583
vn 0.1716 0.9831 0.0640
vn -0.0043 -1.0000 0.0084
vn -0.1547 0.9860 0.0627
vn -0.3241 0.9439 0.0641
vn -0.4788 0.8761 0.0563
vn -0.6939 0.7075 0.1342
vn -0.8559 0.5155 0.0415
vn 0.0185 0.9595 0.2812
vn -0.0801 0.8808 0.4667
vn -0.0014 -0.8760 0.4824
vn -0.0735 -0.5758 0.8143
vn -0.1727 0.9421 0.2876
vn -0.3768 0.8775 0.2968
vn -0.0162 0.0277 0.9995
vn -0.2796 0.3554 0.8919
vn -0.4262 0.6382 0.6411
vn -0.0016 -0.9966 0.0821
vn -0.0052 -0.9440 0.3298
vn -0.1993 0.0432 0.9790
vn -0.5818 0.7660 0.2734
vn -0.3836 0.5216 0.7621
vn -0.1551 -0.1361 0.9785
vn -0.6193 0.6197 0.4822
vn -0.3818 0.3213 0.8666
vn -0.7603 0.5918 0.2678
vn -0.5791 0.3849 0.7186
vn -0.8751 0.3960 0.2780
vn -0.7848 0.6192 0.0270
vn -0.6853 0.4411 0.5794
vn -0.0184 -0.7021 0.7119
vn -0.0875 -0.2826 0.9552
vn -0.2062 0.0982 0.9736
vn -0.3691 0.1764 0.9125
vn -0.6128 0.2881 0.7358
vn -0.9458 0.1653 0.2797
vn -0.7165 0.1092 0.6890
vn -0.0685 -0.0488 0.9965
vn -0.1437 0.0386 0.9889
vn -0.2670 0.0866 0.9598
vn 0.0155 -0.3362 0.9417
vn 0.0161 -0.0636 0.9978
vn -0.0540 0.0020 0.9985
vn -0.0835 -0.4629 -0.8825
vn -0.2320 -0.3742 -0.8978
vn 0.0052 -0.5770 -0.8167
vn -0.0082 -0.4562 -0.8898
vn -0.0100 -0.6321 -0.7748
vn 0.1417 -0.5736 -0.8068
vn 0.0676 -0.5472 -0.8342
vn 0.2368 -0.6180 -0.7497
vn 0.3812 -0.6355 -0.6714
vn 0.6314 -0.6878 -0.3580
vn 0.2958 -0.6528 -0.6974
vn 0.0085 -0.9176 -0.3975
vn 0.0513 -0.9873 -0.1501
vn 0.0514 -0.9980 -0.0358
vn -0.1088 -0.9818 -0.1556
vn -0.0654 -0.9222 -0.3811
vn -0.1358 -0.9901 -0.0368
vn -0.0513 -0.7597 -0.6482
vn -0.2391 -0.9499 -0.2012
vn -0.1392 -0.8704 -0.4722
vn -0.3028 -0.9519 -0.0464
vn -0.3553 -0.8922 -0.2788
vn -0.2430 -0.7941 -0.5571
vn -0.4081 -0.8520 -0.3280
vn -0.1888 -0.7764 -0.6013
vn -0.4427 -0.8932 -0.0788
vn -0.5634 -0.8065 -0.1794
vn -0.0215 -0.6856 -0.7277
vn -0.1319 -0.6894 -0.7123
vn -0.3736 -0.7694 -0.5181
vn -0.3889 -0.7743 -0.4992
vn -0.5751 -0.7572 -0.3096
vn -0.6811 -0.7286 -0.0723
vn -0.7554 -0.6493 -0.0887
vn 0.0119 -0.6140 -0.7892
vn -0.9553 -0.2575 -0.1455
vn -0.6416 -0.4695 -0.6066
vn -0.9905 -0.0820 -0.1105
vn -0.9991 0.0103 -0.0407
vn -0.8795 -0.4259 -0.2123
vn -0.5756 -0.4952 -0.6507
vn -0.7716 -0.4223 -0.4756
vn -0.9854 -0.1669 -0.0336
vn -0.9398 -0.3388 -0.0441
vn -0.2447 -0.7215 -0.6478
vn -0.4416 -0.7167 -0.5398
vn -0.7310 -0.6261 -0.2714
vn -0.4724 -0.6441 -0.6016
vn -0.6556 -0.5677 -0.4979
vn -0.8495 -0.5217 -0.0789
vn -0.0996 -0.6480 -0.7551
vn 0.0152 -0.5024 -0.8645
vn 0.2150 -0.3605 -0.9077
vn 0.5458 -0.3292 -0.7705
vn 0.7829 -0.4689 -0.4090
vn 0.7899 0.0559 -0.6107
vn -0.2513 -0.6029 -0.7572
vn -0.2142 -0.5872 -0.7806
vn -0.1229 -0.6422 -0.7566
vn 0.2964 0.0830 -0.9515
vn 0.5746 0.1807 -0.7983
vn 0.5065 0.6509 -0.5655
vn 0.8727 -0.4801 -0.0891
vn 0.9320 -0.1167 -0.3431
vn 0.9611 -0.2672 0.0702
vn 0.7564 0.4500 -0.4747
vn 0.8648 0.4700 -0.1768
vn 0.9248 0.3098 -0.2209
vn 0.9903 -0.0527 0.1287
vn 0.9291 0.3119 -0.1988
vn 0.6244 0.7233 -0.2949
vn 0.6770 0.6539 -0.3378
vn -0.0417 -0.6012 -0.7980
vn -0.0510 -0.5987 -0.7993
vn -0.2446 -0.6038 -0.7587
vn -0.0370 -0.5975 -0.8010
vn 0.0392 -0.3218 -0.9460
vn 0.0134 -0.5648 -0.8251
vn 0.0494 0.0364 -0.9981
vn 0.1690 0.7048 -0.6890
vn 0.1779 0.8395 -0.5134
vn 0.2519 0.7791 -0.5741
vn 0.2998 0.8380 -0.4559
vn 0.3142 0.8604 -0.4012
vn 0.6892 0.6637 -0.2908
vn 0.2161 0.8861 -0.4099
vn 0.2667 0.9037 -0.3349
vn 0.6346 0.7064 -0.3134
vn 0.0238 -0.9997 -0.0057
vn -0.1598 -0.9871 -0.0070
vn -0.5911 -0.8059 -0.0325
vn -0.4781 -0.8782 -0.0093
vn -0.7946 -0.6071 -0.0100
vn -0.9874 -0.1579 -0.0081
vn -0.9470 -0.3212 -0.0091
vn -0.3246 -0.9458 -0.0082
vn -0.7066 -0.7075 -0.0101
vn -0.8795 -0.4757 -0.0099
vn 0.0070 -0.9987 0.0496
vn -0.3405 -0.9394 0.0401
vn -0.6073 -0.7936 0.0372
vn -0.6074 -0.7943 -0.0100
vn -0.7082 -0.7048 0.0417
vn -0.9998 0.0207 -0.0070
vn -0.9988 0.0128 0.0482
vn -0.9405 -0.3376 0.0395
vn 0.0028 -0.9641 0.2656
vn 0.0021 -0.9085 0.4178
vn -0.0167 0.4510 0.8924
vn 0.0007 0.6410 0.7676
vn 0.0064 0.2347 0.9721
vn -0.1665 -0.9846 0.0525
vn -0.1581 -0.9497 0.2704
vn -0.1436 -0.8929 0.4267
vn -0.0467 -0.0713 0.9964
vn -0.0036 -0.4510 0.8925
vn -0.0664 -0.4010 0.9137
vn -0.5152 -0.8254 0.2307
vn -0.3703 -0.8888 0.2702
vn -0.4170 -0.7230 0.5508
vn -0.2704 -0.5680 0.7773
vn -0.3807 -0.6365 0.6708
vn -0.2163 -0.2961 0.9304
vn -0.0864 0.0706 0.9938
vn -0.7971 -0.6026 0.0379
vn -0.8824 -0.4697 0.0267
vn -0.8270 -0.5116 0.2332
vn -0.7284 -0.4148 0.5454
vn -0.6431 -0.3815 0.6640
vn -0.6735 -0.6712 0.3098
vn -0.4508 -0.4450 0.7738
vn -0.1924 -0.1485 0.9700
vn -0.0437 0.2020 0.9784
vn -0.9625 0.0054 0.2711
vn -0.7472 -0.0002 0.6646
vn -0.9851 -0.1622 0.0562
vn -0.9491 -0.1538 0.2749
vn -0.7237 -0.1093 0.6814
vn -0.8899 -0.3656 0.2728
vn -0.6226 -0.2918 0.7260
vn -0.4008 -0.1961 0.8949
vn -0.2042 -0.1911 0.9601
vn -0.0986 -0.0093 0.9951
vn -0.3685 -0.0056 0.9296
vn -0.2761 -0.0955 0.9564
vn -0.1451 -0.0750 0.9866
vn -0.0686 0.0031 0.9976
vn -0.0544 -0.0224 0.9983
vn -0.0012 -0.0075 1.0000
vn 0.0174 0.0729 0.9972
vn 0.0482 0.2196 0.9744
vn 0.0191 0.4547 0.8904
vn -0.3786 -0.1117 -0.9188
vn -0.3824 -0.2231 -0.8966
vn -0.4970 -0.0329 -0.8671
vn -0.5123 0.0642 -0.8564
vn -0.5007 0.1956 -0.8432
vn -0.4236 0.1185 -0.8981
vn -0.9748 0.0919 -0.2033
vn -0.9894 0.0838 -0.1184
vn -0.9573 0.2064 -0.2022
vn -0.9799 0.1737 -0.0986
vn -0.9190 0.0997 -0.3815
vn -0.9447 0.1474 -0.2931
vn -0.8800 0.1390 -0.4542
vn -0.8877 0.2248 -0.4019
vn -0.9538 0.2724 -0.1270
vn -0.8982 0.2996 -0.3217
vn -0.9020 0.3676 -0.2266
vn -0.9253 0.3612 -0.1152
vn -0.8159 0.3776 -0.4379
vn -0.8239 0.4559 -0.3366
vn -0.8767 0.4591 -0.1434
vn -0.8250 0.5174 -0.2274
vn -0.7609 0.0906 -0.6425
vn -0.8233 0.1215 -0.5544
vn -0.8113 0.2018 -0.5487
vn -0.7164 0.3612 -0.5969
vn -0.8025 0.2959 -0.5181
vn -0.7326 0.4446 -0.5154
vn -0.7399 0.5198 -0.4271
vn -0.5908 -0.0120 -0.8068
vn -0.6993 0.0228 -0.7144
vn -0.6903 0.1409 -0.7096
vn -0.6086 0.0588 -0.7913
vn -0.7210 0.2636 -0.6409
vn -0.7470 0.1857 -0.6384
vn -0.5993 0.1420 -0.7878
vn -0.5554 0.2736 -0.7853
vn -0.4609 0.3102 -0.8315
vn -0.5559 0.3987 -0.7294
vn -0.9941 0.0986 -0.0455
vn -0.9984 0.0502 -0.0245
vn -0.9734 0.2254 -0.0413
vn -0.9563 0.2907 -0.0326
vn -0.9419 0.3339 -0.0372
vn -0.9235 0.3821 -0.0333
vn -0.8815 0.4683 -0.0602
vn -0.9989 0.0373 0.0288
vn -0.9954 0.0954 0.0130
vn -0.9870 0.1601 -0.0172
vn -0.9893 0.1456 -0.0091
vn -0.9626 0.2703 0.0177
vn -0.9483 0.3173 -0.0044
vn -0.9166 0.3977 0.0413
vn -0.9020 0.4303 -0.0333
vn -0.8929 0.4502 0.0114
vn -0.8783 0.4780 -0.0069
vn -0.9315 0.3522 0.0906
vn -0.8833 0.4488 0.1353
vn -0.8334 0.5104 0.2118
vn -0.6497 0.6484 0.3969
vn -0.7388 0.6197 0.2648
vn -0.8612 0.4969 0.1065
vn -0.8245 0.5576 0.0960
vn -0.7437 0.6267 0.2328
vn -0.3422 0.7471 0.5699
vn -0.2694 0.7282 0.6302
vn -0.1149 0.7461 0.6558
vn -0.4501 0.7431 0.4952
vn -0.0699 0.7303 0.6795
vn -0.9901 0.1059 0.0922
vn -0.9587 0.2034 0.1988
vn -0.8336 0.3904 0.3908
vn -0.6935 0.4945 0.5240
vn -0.9982 0.0569 0.0196
vn -0.9893 0.1081 0.0981
vn -0.9613 0.2025 0.1869
vn -0.8264 0.4061 0.3901
vn -0.6860 0.5154 0.5136
vn -0.9608 0.2163 0.1735
vn -0.8257 0.4156 0.3813
vn -0.6840 0.5201 0.5114
vn -0.9592 0.2382 0.1526
vn -0.9877 0.1331 0.0818
vn -0.8288 0.4315 0.3562
vn -0.6864 0.5280 0.5000
vn -0.7936 0.5179 0.3193
vn -0.9848 0.1653 0.0538
vn -0.6944 0.5423 0.4730
vn -0.8336 0.5075 0.2183
vn -0.9763 0.2149 0.0265
vn -0.9556 0.2689 0.1201
vn -0.3158 0.6752 0.6667
vn -0.3127 0.6784 0.6648
vn -0.3133 0.6810 0.6619
vn -0.3342 0.6926 0.6393
vn -0.3633 0.7199 0.5914
vn -0.4525 0.7191 0.5274
vn -0.0802 0.7128 0.6968
vn -0.0695 0.7162 0.6944
vn -0.1146 0.7290 0.6748
vn -0.1920 0.7420 0.6424
vn -0.5365 0.6900 0.4858
vn -0.0084 0.7062 0.7079
vn -0.0236 0.7236 0.6899
vn 0.0110 0.7053 0.7089
vn -0.8298 0.5471 -0.1096
vn -0.7466 0.5727 -0.3385
vn -0.7651 0.6257 -0.1525
vn -0.6615 0.6093 -0.4372
vn -0.6684 0.6593 -0.3444
vn -0.6796 0.6920 -0.2436
vn -0.6850 0.7171 -0.1290
vn -0.5835 0.6828 -0.4396
vn -0.5713 0.7469 -0.3402
vn -0.6080 0.7577 -0.2373
vn -0.6035 0.7857 -0.1360
vn -0.4760 0.6810 -0.5565
vn -0.5755 0.6235 -0.5291
vn -0.5041 0.8228 -0.2623
vn -0.5390 0.8307 -0.1394
vn -0.8455 0.5329 -0.0348
vn -0.8438 0.5363 0.0202
vn -0.8144 0.5787 -0.0427
vn -0.7591 0.6460 -0.0809
vn -0.7860 0.6171 -0.0382
vn -0.7969 0.6039 0.0159
vn -0.7501 0.6598 -0.0446
vn -0.7183 0.6942 -0.0455
vn -0.6679 0.7423 -0.0537
vn -0.6007 0.7976 -0.0555
vn -0.6393 0.7684 -0.0300
vn -0.5374 0.8415 -0.0562
vn -0.5593 0.8288 -0.0143
vn -0.6133 0.7897 -0.0171
vn -0.7898 0.6130 -0.0192
vn -0.7272 0.6863 0.0166
vn -0.6630 0.7487 0.0023
vn -0.5924 0.7152 0.3709
vn -0.6942 0.6875 0.2131
vn -0.2054 0.7515 0.6270
vn -0.3352 0.7767 0.5333
vn -0.6773 0.7264 0.1164
vn -0.6290 0.7501 0.2041
vn -0.7550 0.6472 0.1055
vn -0.0673 0.7356 0.6741
vn 0.0174 0.7762 0.6302
vn -0.4743 0.7757 0.4164
vn -0.4077 0.8124 0.4169
vn -0.2343 0.7864 0.5715
vn -0.5646 0.7974 0.2130
vn -0.1134 0.7670 0.6316
vn -0.3790 0.8420 0.3839
vn -0.2101 0.8027 0.5581
vn -0.5117 0.8353 0.2010
vn -0.6196 0.7779 0.1047
vn -0.1180 0.7650 0.6331
vn -0.0324 0.7316 0.6809
vn -0.2469 0.8255 0.5076
vn -0.2138 -0.2951 -0.9312
vn -0.4277 0.0083 -0.9039
vn -0.2532 -0.1229 -0.9596
vn -0.2689 -0.0342 -0.9626
vn -0.3503 0.1975 -0.9156
vn -0.2286 0.2278 -0.9465
vn -0.3322 0.3092 -0.8911
vn -0.0851 -0.2857 -0.9545
vn -0.3027 0.0634 -0.9510
vn -0.1695 -0.0919 -0.9812
vn -0.2213 0.1301 -0.9665
vn -0.1420 0.0412 -0.9890
vn -0.2051 0.3271 -0.9225
vn -0.3020 0.4484 -0.8412
vn -0.0497 -0.1416 -0.9887
vn -0.1097 0.1696 -0.9794
vn -0.2259 0.4916 -0.8410
vn -0.1342 0.3654 -0.9211
vn 0.0276 -0.3471 -0.9374
vn -0.0375 0.1151 -0.9926
vn -0.1404 0.4728 -0.8699
vn -0.0733 0.4133 -0.9076
vn 0.1095 -0.4144 -0.9035
vn -0.0247 -0.0096 -0.9996
vn 0.0664 -0.2612 -0.9630
vn -0.0203 0.2262 -0.9739
vn -0.0862 0.2825 -0.9554
vn -0.0199 0.3555 -0.9345
vn 0.5571 -0.8197 -0.1330
vn 0.1816 -0.9512 -0.2496
vn 0.2563 -0.9654 0.0484
vn 0.0580 -0.5557 -0.8294
vn -0.0137 -0.3557 -0.9345
vn -0.0112 -0.0206 -0.9997
vn 0.0320 0.1115 -0.9932
vn 0.8886 -0.3947 0.2336
vn 0.9635 0.2011 -0.1768
vn 0.9285 -0.2782 0.2459
vn 0.9451 -0.2203 0.2412
vn 0.9227 0.3745 -0.0913
vn 0.9725 0.1678 0.1617
vn 0.7249 -0.6752 0.1364
vn 0.8648 -0.4586 0.2045
vn 0.7955 -0.5661 0.2160
vn 0.9854 -0.0952 -0.1414
vn 0.9018 -0.3830 0.2000
vn 0.8259 0.5140 -0.2317
vn 0.9253 0.3784 -0.0255
vn 0.8831 0.3735 -0.2840
vn 0.6441 -0.7094 0.2861
vn 0.8055 -0.5217 0.2810
vn 0.7252 -0.6395 0.2553
vn 0.9715 -0.1836 -0.1499
vn 0.8905 -0.4519 0.0521
vn 0.9384 0.2112 -0.2735
vn 0.8127 0.5265 -0.2497
vn 0.8778 0.4728 -0.0774
vn 0.6727 0.6951 -0.2535
vn 0.8310 -0.5093 0.2239
vn 0.9439 -0.1935 0.2675
vn 0.8887 -0.3670 0.2748
vn 0.8914 -0.4291 0.1461
vn 0.6776 -0.6784 0.2839
vn 0.4824 -0.8446 0.2322
vn 0.3221 0.8522 -0.4123
vn 0.1626 -0.9356 0.3135
vn 0.2628 -0.9130 0.3119
vn 0.3030 -0.8542 0.4225
vn 0.5708 -0.7634 0.3024
vn 0.1978 -0.8800 0.4319
vn 0.2944 -0.9005 0.3199
vn 0.3112 -0.8482 0.4286
vn 0.5492 -0.7607 0.3460
vn 0.1650 -0.8900 0.4250
vn 0.2851 -0.8969 0.3380
vn 0.3486 -0.8503 0.3942
vn 0.6403 -0.7052 0.3044
vn 0.2983 -0.8892 0.3470
vn 0.9892 -0.0312 -0.1435
vn 0.8431 0.4529 -0.2901
vn 0.9235 -0.3025 0.2360
vn 0.9407 0.2901 -0.1758
vn 0.9871 0.0773 0.1404
vn 0.8864 -0.3987 0.2352
vn 0.9639 0.1982 -0.1781
vn 0.9270 -0.2818 0.2476
vn 0.9427 -0.2257 0.2458
vn 0.9244 0.3708 -0.0891
vn 0.9722 0.1648 0.1665
vn 0.9892 -0.0354 -0.1423
vn 0.8451 0.4504 -0.2879
vn 0.9527 -0.2688 0.1420
vn 0.8799 0.4127 -0.2354
vn 0.7054 0.6677 -0.2379
vn 0.7624 0.5632 -0.3188
vn 0.8386 0.5291 -0.1298
vn 0.6256 0.7230 -0.2931
vn 0.8540 -0.4532 0.2555
vn 0.7483 -0.6011 0.2805
vn 0.7909 -0.5724 0.2164
vn 0.9865 -0.0874 -0.1383
vn 0.8994 -0.3874 0.2024
vn 0.8269 0.5129 -0.2307
vn 0.9261 0.3765 -0.0237
vn 0.8837 0.3716 -0.2844
vn 0.6348 0.7063 -0.3135
vn 0.6907 0.6620 -0.2909
vn 0.8028 -0.5249 0.2829
vn 0.7223 -0.6426 0.2557
vn 0.9704 -0.1883 -0.1513
vn 0.8883 -0.4562 0.0529
vn 0.9388 0.2078 -0.2747
vn 0.8146 0.5242 -0.2482
vn 0.8794 0.4701 -0.0751
vn 0.6764 0.6917 -0.2531
vn 0.8288 -0.5122 0.2253
vn 0.9419 -0.1975 0.2718
vn 0.8857 -0.3720 0.2776
vn 0.8890 -0.4337 0.1469
vn 0.9511 -0.2730 0.1443
vn 0.8819 0.4094 -0.2338
vn 0.6752 -0.6803 0.2850
vn 0.8513 -0.4571 0.2575
vn 0.7459 -0.6038 0.2812
vn 0.9869 0.0740 0.1432
vn 0.6387 -0.7065 0.3049
vn 0.3471 0.8537 -0.3883
vn 0.1925 0.8831 -0.4279
vn 0.2955 0.8888 -0.3504
vn 0.3109 0.8577 -0.4096
vn 0.2148 0.8867 -0.4094
vn 0.2686 0.9046 -0.3309
vn 0.3421 0.8463 -0.4083
vn 0.1832 0.8885 -0.4207
vn 0.2792 0.8928 -0.3536
vn 0.2996 -0.8547 0.4240
vn 0.5697 -0.7641 0.3025
vn 0.3455 0.8602 -0.3752
vn 0.7662 0.5591 -0.3168
vn 0.1993 -0.8798 0.4316
vn 0.2949 -0.9003 0.3201
vn 0.3111 -0.8486 0.4280
vn 0.5481 -0.7617 0.3456
vn 0.1669 -0.8900 0.4243
vn 0.2861 -0.8965 0.3384
vn 0.3486 -0.8503 0.3943
vn 0.2993 -0.8888 0.3472
vn 0.3005 -0.8545 0.4237
vn 0.9213 -0.3069 0.2388
vn 0.9419 0.2872 -0.1739
vn 0.8841 -0.4028 0.2369
vn 0.9643 0.1954 -0.1788
vn 0.9253 -0.2855 0.2498
vn 0.7073 0.6659 -0.2373
vn 0.8401 0.5268 -0.1290
vn 0.6283 0.7206 -0.2932
vn 0.7885 -0.5750 0.2183
vn 0.9864 -0.0912 -0.1369
vn 0.8971 -0.3914 0.2050
vn 0.8284 0.5108 -0.2299
vn 0.9269 0.3746 -0.0222
vn 0.8844 0.3700 -0.2846
vn 0.6358 0.7054 -0.3133
vn 0.6918 0.6613 -0.2901
vn 0.7999 -0.5280 0.2852
vn 0.7197 -0.6455 0.2558
vn 0.9693 -0.1930 -0.1522
vn 0.8860 -0.4606 0.0538
vn 0.9393 0.2048 -0.2754
vn 0.8160 0.5222 -0.2480
vn 0.8806 0.4682 -0.0736
vn 0.6781 0.6902 -0.2527
vn 0.3125 0.8571 -0.4095
vn 0.2158 0.8864 -0.4095
vn 0.2735 0.9018 -0.3346
vn 0.3433 0.8458 -0.4083
vn 0.1829 0.8883 -0.4212
vn 0.2801 0.8924 -0.3537
vn 0.5691 -0.7644 0.3029
vn 0.3480 0.8592 -0.3751
vn 0.7678 0.5572 -0.3163
vn 0.7091 0.6641 -0.2368
vn 0.6313 0.7179 -0.2934
vn 0.0200 0.7435 0.6685
vn 0.0291 0.7230 0.6902
vn -0.0042 0.7404 0.6722
vn 0.0301 0.7325 0.6800
vn -0.0828 0.5260 -0.8464
vn -0.0254 0.4705 -0.8821
vn -0.4945 0.5872 -0.6408
vn -0.4047 0.5380 -0.7395
vn -0.4853 0.4766 -0.7331
vn -0.4048 0.6428 -0.6504
vn -0.4260 0.8273 -0.3661
vn -0.4893 0.7544 -0.4375
vn -0.4517 0.8704 -0.1959
vn -0.3798 0.4167 -0.8259
vn -0.3462 0.7494 -0.5644
vn -0.4191 0.7432 -0.5215
vn -0.3600 0.8187 -0.4474
vn -0.3475 0.8951 -0.2795
vn -0.3487 0.9150 -0.2028
vn -0.3321 0.6809 -0.6528
vn -0.2153 0.6541 -0.7251
vn -0.3144 0.5858 -0.7470
vn -0.2595 0.7365 -0.6247
vn -0.2737 0.8206 -0.5018
vn -0.2772 0.8974 -0.3433
vn -0.1527 0.7272 -0.6692
vn -0.1953 0.7825 -0.5913
vn -0.1791 0.8886 -0.4222
vn -0.1790 0.5766 -0.7972
vn -0.0984 0.6390 -0.7629
vn -0.1621 0.9445 -0.2856
vn -0.2076 0.9593 -0.1913
vn -0.0290 0.5647 -0.8248
vn -0.0567 0.7325 -0.6784
vn -0.0297 0.6519 -0.7577
vn -0.0897 0.7943 -0.6008
vn -0.0574 0.8452 -0.5313
vn -0.1494 0.8361 -0.5279
vn -0.0725 0.9249 -0.3733
vn 0.0166 0.4696 -0.8827
vn 0.0223 0.5667 -0.8236
vn -0.0064 0.7303 -0.6831
vn 0.0327 0.6498 -0.7594
vn -0.0170 0.7942 -0.6074
vn 0.0085 0.8245 -0.5658
vn -0.0027 0.8738 -0.4863
vn -0.0601 0.8888 -0.4544
vn -0.0015 0.9242 -0.3820
vn -0.0705 0.9611 -0.2669
vn -0.4946 0.8690 -0.0162
vn -0.4438 0.8884 -0.1170
vn -0.4697 0.8810 -0.0567
vn -0.4019 0.9137 -0.0607
vn -0.3286 0.9386 -0.1054
vn -0.2477 0.9613 -0.1205
vn -0.2613 0.9640 -0.0498
vn -0.3392 0.9397 -0.0437
vn -0.2006 0.9784 -0.0503
vn -0.1998 0.9798 -0.0061
vn -0.1386 0.9873 -0.0782
vn -0.0806 0.9834 -0.1628
vn -0.0037 0.9645 -0.2642
vn -0.0644 0.9948 -0.0788
vn -0.0037 0.9902 -0.1394
vn -0.0736 0.9971 -0.0185
vn -0.0024 0.9985 -0.0540
vn -0.4666 0.8770 0.1150
vn -0.4374 0.8992 -0.0152
vn -0.4234 0.9018 0.0871
vn -0.3598 0.9329 0.0158
vn -0.3094 0.9396 0.1463
vn -0.3135 0.9494 -0.0183
vn -0.2649 0.9642 -0.0074
vn -0.2152 0.9731 0.0828
vn 0.9406 -0.2306 0.2492
vn 0.9257 0.3680 -0.0880
vn 0.9721 0.1618 0.1700
vn 0.9892 -0.0391 -0.1413
vn 0.8464 0.4485 -0.2871
vn 0.9180 -0.3176 0.2373
vn 0.9440 0.2792 -0.1760
vn 0.9870 0.0712 0.1439
vn -0.1503 0.9885 -0.0151
vn -0.1487 0.9055 0.3975
vn -0.1427 0.9512 0.2736
vn -0.1175 0.9460 0.3021
vn -0.1435 0.9845 0.1005
vn 0.8267 -0.5152 0.2262
vn 0.9401 -0.2015 0.2751
vn 0.8832 -0.3763 0.2799
vn 0.8868 -0.4378 0.1481
vn 0.9499 -0.2763 0.1463
vn 0.8830 0.4074 -0.2330
vn 0.8413 0.5256 -0.1266
vn 0.6671 -0.6856 0.2915
vn 0.8468 -0.4671 0.2545
vn 0.7766 -0.5770 0.2529
vn 0.7559 -0.5995 0.2632
vn 0.6197 -0.7285 0.2920
vn 0.2013 -0.8794 0.4314
vn 0.2964 -0.8997 0.3206
vn 0.3148 -0.8476 0.4272
vn 0.5477 -0.7624 0.3446
vn 0.1838 -0.8883 0.4208
vn 0.2766 -0.8999 0.3372
vn 0.2977 -0.8559 0.4228
vn 0.2106 -0.8853 0.4147
vn 0.3387 -0.8552 0.3924
vn 0.2954 -0.8938 0.3375
vn -0.0073 0.9983 0.0580
vn -0.1512 0.8228 0.5479
vn -0.3718 0.8730 0.3156
vn -0.2235 0.8893 0.3989
vn -0.0636 0.7662 0.6394
vn -0.3321 0.9152 0.2281
vn -0.1661 0.8391 0.5180
vn -0.2580 0.9043 0.3402
vn -0.2962 0.8872 0.3538
vn -0.0981 0.8140 0.5725
vn 0.0179 0.7161 0.6977
vn -0.0095 0.7799 0.6259
vn -0.0946 0.8768 0.4714
vn 0.1114 0.7253 0.6794
vn 0.0502 0.7321 0.6793
vn 0.0275 0.6950 0.7185
vn 0.1478 0.7832 0.6039
vn 0.8823 -0.3931 0.2588
vn 0.9687 0.2186 -0.1176
vn 0.9213 -0.2909 0.2579
vn 0.2385 0.7531 0.6132
vn 0.3110 0.6221 0.7186
vn 0.3902 0.7087 0.5878
vn 0.1054 0.6093 0.7859
vn 0.1906 0.5770 0.7942
vn -0.0384 0.8190 0.5725
vn 0.0045 0.7227 0.6912
vn 0.9857 -0.0971 -0.1379
vn 0.8883 -0.4054 0.2159
vn 0.8452 0.4740 -0.2469
vn 0.8886 0.4382 -0.1358
vn 0.9518 0.2699 -0.1457
vn 0.9250 0.3794 -0.0197
vn 0.8737 0.4648 -0.1435
vn 0.6169 0.7795 -0.1089
vn 0.6926 0.6775 -0.2476
vn 0.1454 0.8627 0.4843
vn 0.0307 0.8102 0.5853
vn 0.7853 -0.5406 0.3017
vn 0.8530 -0.4450 0.2728
vn 0.9940 -0.0874 -0.0661
vn 0.9057 -0.1591 0.3930
vn 0.7450 0.6281 0.2246
vn 0.9382 0.3414 0.0576
vn 0.6502 0.4798 0.5890
vn 0.4194 0.8607 0.2886
vn 0.5920 -0.7120 0.3776
vn 0.6390 0.0067 0.7692
vn 0.6649 -0.5602 0.4940
vn 0.2199 0.3609 0.9063
vn 0.3186 0.8580 -0.4029
vn 0.2178 0.8864 -0.4085
vn 0.2758 0.9011 -0.3345
vn 0.1606 0.9341 -0.3188
vn 0.1711 0.9822 -0.0781
vn 0.1854 -0.8824 0.4325
vn 0.3510 -0.5802 0.7350
vn 0.2753 -0.8507 0.4479
vn 0.5419 -0.2295 0.8085
vn 0.3744 0.2115 0.9028
vn 0.3008 -0.2302 0.9255
vn 0.0295 0.5765 0.8166
vn 0.0959 0.4942 0.8641
vn 0.0456 -0.6055 -0.7946
vn -0.0517 -0.6046 -0.7949
vn 0.1472 -0.4863 -0.8613
vn 0.0489 -0.5932 -0.8036
vn 0.2586 -0.5871 -0.7671
vn 0.2329 -0.5253 -0.8184
vn 0.2326 -0.5985 -0.7666
vn 0.4072 -0.5370 -0.7388
vn 0.4744 -0.3082 -0.8246
vn 0.3742 -0.2647 -0.8888
vn 0.6422 -0.4625 -0.6113
vn 0.7932 -0.3457 -0.5013
vn 0.9658 -0.0501 -0.2544
vn 0.8988 -0.0996 -0.4268
vn 0.9188 0.3230 -0.2269
vn 0.8937 0.1241 -0.4312
vn 0.1833 -0.3989 -0.8985
vn 0.4040 -0.2093 -0.8905
vn 0.3171 -0.1455 -0.9372
vn 0.7693 0.4237 -0.4781
vn 0.7590 -0.0325 -0.6502
vn 0.8409 0.1622 -0.5163
vn 0.4763 -0.0601 -0.8772
vn 0.8607 0.4387 -0.2583
vn 0.8561 0.3678 -0.3632
vn 0.3452 -0.0651 -0.9363
vn 0.1858 -0.4208 -0.8879
vn 0.2411 -0.0225 -0.9702
vn 0.0952 -0.8087 -0.5805
vn 0.9808 0.1783 -0.0786
vn 0.9309 0.3630 -0.0408
vn 0.7780 0.6240 -0.0732
vn 0.0350 -0.6901 -0.7229
vn 0.2074 -0.6392 -0.7405
vn 0.6530 0.7288 -0.2061
vn 0.6382 0.6787 -0.3634
vn 0.2778 -0.4463 -0.8506
vn 0.2145 -0.4786 -0.8514
vn 0.7056 0.6408 -0.3026
vn 0.8447 0.3494 -0.4054
vn 0.7224 0.6029 -0.3385
vn 0.4352 0.8686 -0.2371
vn 0.6446 0.6178 -0.4504
vn 0.5877 0.8050 -0.0810
vn 0.5696 0.8218 -0.0127
vn 0.0722 -0.1303 -0.9888
vn 0.1298 -0.2975 -0.9458
vn 0.1718 0.8731 -0.4563
vn 0.3245 0.9441 -0.0574
vn 0.1520 0.9416 -0.3006
vn 0.0116 -0.9998 -0.0163
vn 0.0684 -0.9944 -0.0801
vn -0.0058 -0.0606 -0.9981
vn -0.0585 0.8890 -0.4542
vn 0.1475 0.9875 -0.0559
vn -0.0465 0.9545 -0.2946
vn 0.8540 0.5173 -0.0566
vn 0.7997 0.5994 0.0336
vn 0.6897 0.7241 -0.0046
vn 0.6846 0.7284 -0.0280
vn 0.4682 0.8818 -0.0563
vn 0.3465 0.9357 0.0655
vn 0.1762 0.9821 0.0667
vn -0.0180 0.9998 0.0024
vn 0.9837 0.1691 0.0615
vn 0.9392 0.3380 0.0602
vn 0.8686 0.4939 0.0401
vn 0.7191 0.6935 0.0434
vn 0.6055 0.7944 0.0487
vn 0.5036 0.8615 0.0644
vn 0.0045 -0.9458 0.3246
vn 0.0683 -0.0221 0.9974
vn 0.0427 -0.6930 0.7196
vn 0.0776 -0.0407 0.9962
vn 0.2394 0.0726 0.9682
vn 0.3284 0.0002 0.9446
vn 0.0012 -0.9975 0.0705
vn 0.0053 -0.9999 0.0140
vn 0.1648 0.0417 0.9855
vn 0.0583 -0.2812 0.9579
vn 0.3258 0.1720 0.9297
vn 0.5687 0.2812 0.7730
vn 0.9349 0.1498 0.3218
vn 0.6847 0.0930 0.7228
vn 0.8741 0.3796 0.3029
vn 0.2852 0.1953 0.9384
vn 0.1469 -0.1790 0.9728
vn 0.5285 0.4162 0.7399
vn 0.6640 0.4313 0.6109
vn 0.7744 0.5797 0.2536
vn 0.1416 -0.3503 0.9259
vn 0.0810 -0.5958 0.7990
vn 0.4437 0.4648 0.7662
vn 0.2393 0.3074 0.9210
vn 0.6287 0.7366 0.2493
vn 0.5959 0.5580 0.5775
vn 0.4035 0.8601 0.3120
vn 0.4510 0.6097 0.6518
vn 0.3889 0.6561 0.6468
vn 0.0027 -1.0000 0.0020
vn 0.1711 0.9360 0.3077
vn 0.1494 0.8607 0.4867
vn 0.0381 -0.0326 0.9987
vn 0.0158 -0.0267 0.9995
vn 0.0411 0.9568 0.2880
vn -0.0524 0.8802 0.4717
vn -0.6307 -0.7103 -0.3126
vn -0.2248 -0.6274 -0.7455
vn -0.4418 -0.6713 -0.5952
vn -0.1491 -0.6344 -0.7585
vn -0.0561 -0.5192 -0.8528
vn -0.4251 -0.5940 -0.6830
vn -0.0147 -0.6124 -0.7904
vn -0.1300 -0.5814 -0.8032
vn 0.0752 -0.4181 -0.9053
vn 0.0552 -0.6030 -0.7958
vn 0.1666 -0.3376 -0.9264
vn 0.1145 -0.5786 -0.8075
vn 0.0487 -0.5982 -0.7999
vn -0.0172 -0.2476 -0.9687
vn -0.1783 0.7012 -0.6903
vn -0.2353 0.7921 -0.5633
vn -0.5122 0.7121 -0.4802
vn -0.1599 0.8424 -0.5145
vn -0.2810 0.8448 -0.4553
vn -0.2540 0.9068 -0.3365
vn -0.6012 0.7430 -0.2941
vn -0.1706 0.8921 -0.4185
vn -0.2631 0.8707 -0.4156
vn 0.2332 0.8761 -0.4220
vn 0.2236 -0.5716 -0.7895
vn 0.1361 -0.6487 -0.7488
vn 0.2780 -0.5931 -0.7556
vn 0.0865 -0.6195 -0.7803
vn -0.0471 -0.4554 -0.8891
vn -0.0532 0.0394 -0.9978
vn -0.4952 0.5468 -0.6751
vn -0.5765 0.1900 -0.7947
vn -0.7632 0.4407 -0.4726
vn -0.6726 0.6624 -0.3299
vn -0.8598 0.4797 -0.1753
vn -0.8376 0.4900 -0.2413
vn -0.7645 0.5922 -0.2545
vn -0.6429 0.7081 -0.2918
vn -0.1903 0.8761 -0.4430
vn 0.6124 -0.4910 -0.6195
vn 0.7751 -0.4009 -0.4883
vn 0.9523 -0.1893 -0.2394
vn 0.4275 -0.7004 -0.5715
vn 0.6714 -0.5517 -0.4947
vn 0.8904 -0.4081 -0.2018
vn 0.9421 -0.3303 -0.0575
vn 0.2610 -0.7107 -0.6532
vn 0.7326 -0.6281 -0.2623
vn 0.8641 -0.4975 -0.0770
vn -0.2130 -0.3487 -0.9127
vn -0.2944 0.0573 -0.9540
vn -0.7901 0.0490 -0.6110
vn -0.7821 -0.4708 -0.4083
vn -0.5539 -0.3203 -0.7685
vn -0.9308 -0.1227 -0.3442
vn -0.8629 -0.4992 -0.0783
vn -0.9228 0.3195 -0.2155
vn -0.9862 0.0965 0.1348
vn -0.9195 0.3114 -0.2401
vn 0.5792 -0.7418 -0.3379
vn 0.3586 -0.7771 -0.5172
vn 0.7733 -0.6313 -0.0586
vn 0.1436 -0.6846 -0.7146
vn 0.6916 -0.7173 -0.0851
vn 0.5748 -0.7901 -0.2129
vn 0.3409 -0.8825 -0.3241
vn 0.1744 -0.8018 -0.5716
vn 0.5931 -0.8040 -0.0421
vn -0.0174 -0.6081 -0.7937
vn 0.4528 -0.8879 -0.0807
vn 0.0388 -0.7047 -0.7085
vn 0.1458 -0.8646 -0.4809
vn 0.2405 -0.9506 -0.1961
vn 0.3044 -0.9510 -0.0538
vn 0.0457 -0.9314 -0.3611
vn 0.1264 -0.9819 -0.1409
vn 0.1440 -0.9887 -0.0414
vn -0.0438 -0.9890 -0.1413
vn -0.0375 -0.9986 -0.0383
vn 0.0788 -0.6987 -0.7111
vn 0.9896 -0.1434 -0.0133
vn 0.9995 0.0289 -0.0120
vn 0.9986 0.0074 -0.0524
vn 0.9515 -0.3072 -0.0140
vn 0.9855 -0.1624 -0.0482
vn 0.8866 -0.4622 -0.0151
vn 0.8059 -0.5918 -0.0154
vn 0.7207 -0.6931 -0.0142
vn 0.6221 -0.7828 -0.0133
vn 0.4933 -0.8698 -0.0124
vn 0.3383 -0.9410 -0.0103
vn 0.1786 -0.9839 -0.0084
vn 0.8870 -0.4616 -0.0145
vn 0.0015 -1.0000 -0.0058
vn 0.9883 -0.1396 0.0621
vn 0.9487 -0.3118 0.0533
vn 0.8154 -0.5787 -0.0147
vn 0.7254 -0.6881 0.0153
vn 0.6358 -0.7717 -0.0128
vn 0.5189 -0.8547 -0.0131
vn 0.3678 -0.9288 0.0461
vn 0.1980 -0.9789 0.0510
vn 0.2603 -0.0966 0.9607
vn 0.0863 -0.0409 0.9954
vn 0.9506 0.0203 0.3098
vn 0.9980 0.0152 0.0621
vn 0.6935 -0.0547 0.7184
vn 0.9379 -0.1470 0.3143
vn 0.8843 -0.3605 0.2966
vn 0.5867 -0.2781 0.7606
vn 0.3447 -0.1980 0.9176
vn 0.1792 -0.1320 0.9749
vn 0.0689 0.0043 0.9976
vn 0.8839 -0.4643 0.0564
vn 0.8230 -0.5671 0.0323
vn 0.7769 -0.5865 0.2291
vn 0.6816 -0.4333 0.5897
vn 0.5534 -0.4349 0.7104
vn 0.3107 -0.2846 0.9069
vn 0.1693 -0.0914 0.9813
vn 0.6358 -0.7715 0.0230
vn 0.6321 -0.7435 0.2183
vn 0.6128 -0.5784 0.5384
vn 0.4706 -0.5285 0.7066
vn 0.2336 -0.2566 0.9379
vn 0.1005 0.0643 0.9929
vn 0.5287 -0.8477 0.0433
vn 0.4131 -0.8689 0.2727
vn 0.4701 -0.6694 0.5752
vn 0.2926 -0.5366 0.7915
vn 0.2034 -0.9411 0.2702
vn 0.1212 -0.8970 0.4250
vn 0.0336 -0.4234 0.9053
vn 0.0555 -0.4213 0.9052
vn 0.0281 -0.9983 0.0517
vn 0.0201 -0.9644 0.2637
vn -0.2593 -0.0967 -0.9609
vn -0.1612 -0.4080 -0.8986
vn -0.2204 -0.4070 -0.8865
vn -0.8545 0.4345 -0.2848
vn -0.8763 0.2226 -0.4273
vn -0.7709 0.5161 -0.3733
vn -0.2616 -0.3960 -0.8802
vn -0.1086 -0.5772 -0.8093
vn -0.2245 -0.1828 -0.9572
vn -0.1866 -0.4274 -0.8846
vn -0.1530 -0.1203 -0.9809
vn -0.8324 0.4832 -0.2715
vn -0.8119 0.4210 -0.4045
vn -0.9490 0.2827 -0.1395
vn -0.8080 0.3913 -0.4404
vn -0.9661 0.1584 -0.2037
vn -0.9494 0.0106 -0.3139
vn -0.9531 0.1613 -0.2562
vn 0.0193 -0.6044 -0.7965
vn -0.0676 -0.5019 -0.8623
vn -0.2631 -0.2969 -0.9179
vn -0.1934 -0.4603 -0.8664
vn -0.4192 -0.3879 -0.8209
vn -0.2118 -0.3896 -0.8963
vn -0.4930 -0.3255 -0.8068
vn -0.4435 -0.2270 -0.8671
vn -0.9681 0.1314 -0.2135
vn -0.9285 0.1837 -0.3227
vn -0.9818 0.1858 -0.0385
vn 0.2252 -0.4932 -0.8403
vn 0.2470 -0.5937 -0.7659
vn 0.2692 -0.4915 -0.8282
vn 0.1878 -0.4651 -0.8651
vn 0.3664 -0.4906 -0.7906
vn -0.0819 -0.6660 -0.7414
vn -0.0761 -0.6318 -0.7714
vn -0.1901 -0.5055 -0.8416
vn 0.6184 -0.4381 -0.6524
vn 0.7751 -0.3773 -0.5069
vn 0.6203 -0.5286 -0.5795
vn 0.2243 -0.6537 -0.7228
vn 0.9471 -0.1490 -0.2844
vn 0.7907 -0.2811 -0.5439
vn 0.7280 -0.2897 -0.6214
vn 0.9857 -0.0446 -0.1628
vn 0.9468 -0.0924 -0.3083
vn -0.0095 -0.9666 -0.2563
vn 0.0006 -0.8771 -0.4803
vn -0.1097 -0.7000 -0.7057
vn -0.0109 -0.0694 -0.9975
vn -0.3069 0.9172 -0.2540
vn -0.2054 0.9770 -0.0578
vn -0.0303 0.9972 -0.0684
vn -0.3571 0.9330 -0.0449
vn -0.1752 0.9845 0.0053
vn -0.6199 0.6295 -0.4685
vn -0.8113 0.1204 -0.5721
vn -0.5881 0.2757 -0.7604
vn -0.3979 0.7555 -0.5205
vn -0.5666 0.8191 -0.0901
vn -0.4711 0.8820 -0.0087
vn -0.0723 -0.8264 -0.5584
vn -0.1315 -0.6665 -0.7338
vn -0.2118 -0.5892 -0.7798
vn -0.6524 0.7125 -0.2583
vn -0.5878 0.7192 -0.3706
vn -0.5907 0.8069 0.0015
vn -0.7699 0.6137 -0.1747
vn -0.7155 0.6981 -0.0247
vn 0.0249 -0.8685 -0.4950
vn 0.0067 -0.7072 -0.7070
vn -0.8140 0.5777 -0.0607
vn -0.8817 0.4710 -0.0289
vn -0.8602 0.5098 0.0146
vn -0.7800 0.6256 0.0147
vn -0.9388 0.3442 -0.0090
vn 0.2301 -0.9509 -0.2071
vn 0.2124 -0.8372 -0.5040
vn 0.6208 -0.6686 -0.4095
vn 0.4200 -0.8977 -0.1333
vn 0.7127 -0.7001 -0.0441
vn 0.7921 -0.4254 -0.4378
vn 0.9477 -0.2764 -0.1599
vn 0.9574 -0.2868 -0.0339
vn 0.8958 -0.4255 -0.1285
vn 0.9527 -0.1889 -0.2383
vn 0.9873 -0.1057 -0.1186
vn 0.9967 -0.0765 -0.0282
vn 0.9838 -0.0981 -0.1498
vn 0.9985 -0.0265 -0.0481
vn 0.9958 -0.0216 -0.0894
vn 0.0197 0.9981 0.0587
vn -0.5783 0.8157 0.0131
vn -0.6849 0.7285 0.0139
vn -0.9308 0.3601 0.0627
vn 1.0000 -0.0069 0.0005
vn 0.9938 -0.0819 0.0749
vn -0.1366 0.9884 0.0662
vn -0.3081 0.9496 0.0581
vn -0.4639 0.8858 0.0116
vn -0.4480 0.8924 0.0544
vn 0.0908 -0.9940 0.0614
vn 0.0097 -0.9980 0.0621
vn -0.8505 0.5235 0.0508
vn 0.3163 -0.9476 -0.0456
vn 0.3099 -0.9494 0.0510
vn 0.7109 -0.7023 0.0374
vn 0.9509 -0.3058 0.0469
vn 0.0482 -0.9504 0.3074
vn -0.1386 0.9457 0.2942
vn 0.0026 -1.0000 -0.0063
vn -0.0000 -0.8659 0.5002
vn 0.0030 -0.8536 0.5210
vn -0.3196 0.8987 0.3003
vn -0.0183 0.0149 0.9997
vn -0.1184 -0.1593 0.9801
vn -0.2453 0.3963 0.8848
vn -0.4913 0.8287 0.2680
vn -0.3791 0.6188 0.6881
vn -0.1546 -0.0088 0.9879
vn -0.5727 0.8171 0.0659
vn 0.0060 -0.6764 0.7365
vn -0.6752 0.7347 0.0654
vn -0.6403 0.6961 0.3247
vn -0.3941 0.3969 0.8290
vn -0.7786 0.6252 0.0542
vn -0.7902 0.5611 0.2467
vn -0.6196 0.3900 0.6812
vn -0.8761 0.4029 0.2647
vn -0.7109 0.4381 0.5501
vn -0.0358 -0.1997 0.9792
vn -0.1780 0.0835 0.9805
vn -0.3073 0.2102 0.9281
vn -0.5757 0.2728 0.7708
vn -0.9483 0.1851 0.2579
vn -0.9020 0.1604 0.4009
vn 0.2599 -0.9312 0.2555
vn 0.1894 -0.6973 0.6913
vn 0.2366 -0.2452 0.9401
vn 0.2237 -0.0167 0.9745
vn 0.1185 0.0802 0.9897
vn -0.4029 0.0589 0.9133
vn -0.4262 0.0354 0.9039
vn 0.6950 -0.6935 0.1900
vn 0.5817 -0.5814 0.5688
vn 0.9316 -0.2609 0.2531
vn 0.6984 -0.1902 0.6900
vn 0.9509 -0.0528 0.3048
vn 0.6939 -0.0135 0.7200
vn -0.0185 -0.7048 -0.7091
vn -0.1797 -0.9512 -0.2508
vn -0.2145 -0.9759 -0.0405
vn -0.3354 -0.8876 -0.3157
vn -0.3774 -0.9245 -0.0536
vn -0.4160 -0.8824 -0.2197
vn -0.5195 -0.8543 -0.0171
vn 0.3164 -0.4439 -0.8383
vn 0.3069 -0.4638 -0.8311
vn -0.2129 -0.8894 -0.4044
vn -0.6367 -0.7710 -0.0157
vn -0.6345 -0.7658 -0.1046
vn -0.2843 -0.8104 -0.5123
vn 0.0839 -0.5814 -0.8093
vn 0.4104 -0.2609 -0.8738
vn 0.4749 -0.1535 -0.8665
vn -0.7591 -0.6213 -0.1943
vn -0.5983 -0.7379 -0.3122
vn -0.6312 -0.7377 -0.2395
vn -0.8154 -0.5760 -0.0581
vn -0.8048 -0.5674 -0.1742
vn -0.8808 -0.4722 -0.0347
vn -0.0454 -0.8348 -0.5487
vn -0.2886 -0.8109 -0.5091
vn -0.5284 -0.7669 -0.3642
vn -0.5297 -0.6666 -0.5246
vn -0.6731 -0.6465 -0.3592
vn -0.7370 -0.6753 -0.0285
vn 0.6122 -0.0741 -0.7872
vn 0.7129 -0.0874 -0.6958
vn 0.5515 -0.1887 -0.8126
vn -0.9354 -0.2139 -0.2816
vn -0.8648 -0.2459 -0.4378
vn -0.9228 -0.0240 -0.3846
vn -0.9858 -0.1319 -0.1037
vn -0.9994 0.0284 -0.0222
vn -0.9920 -0.1262 -0.0008
vn -0.3248 -0.8769 -0.3542
vn -0.6483 -0.6657 -0.3694
vn -0.8517 -0.4341 -0.2936
vn -0.8138 -0.3675 -0.4502
vn -0.8835 -0.3082 -0.3528
vn -0.9274 -0.3586 -0.1062
vn -0.9542 -0.2989 -0.0116
vn 0.0365 -0.6591 -0.7512
vn 0.4924 -0.4497 -0.7452
vn 0.0086 -0.6470 -0.7625
vn -0.0820 -0.4789 -0.8740
vn 0.7827 -0.1506 -0.6038
vn 0.7065 -0.3578 -0.6107
vn 0.7696 -0.2201 -0.5994
vn 0.1754 -0.5770 -0.7977
vn 0.5154 -0.2506 -0.8195
vn 0.8127 -0.0633 -0.5792
vn -0.0529 -0.6389 -0.7675
vn -0.0096 -0.8078 -0.5894
vn 0.0077 -0.8020 -0.5973
vn -0.0649 -0.6218 -0.7805
vn 0.8856 -0.1575 -0.4369
vn 0.7429 -0.3520 -0.5693
vn 0.8129 -0.2536 -0.5242
vn 0.8800 -0.1079 -0.4625
vn 0.8487 -0.1970 -0.4908
vn 0.6039 -0.1884 -0.7745
vn 0.1576 -0.2310 -0.9601
vn 0.5254 -0.2646 -0.8087
vn 0.9326 -0.0160 -0.3606
vn 0.8898 -0.0402 -0.4546
vn 0.8729 -0.0247 -0.4873
vn 0.9006 0.0245 -0.4340
vn 0.8344 0.0207 -0.5508
vn 0.9746 -0.0307 -0.2216
vn 0.9523 -0.0245 -0.3041
vn 0.9532 0.0294 -0.3010
vn 0.9815 0.0414 -0.1871
vn 0.9923 0.0181 -0.1222
vn -0.3573 -0.9340 -0.0011
vn 0.9996 0.0169 -0.0244
vn 0.9977 0.0218 -0.0645
vn -0.1767 -0.9843 -0.0037
vn -0.4743 -0.8798 0.0316
vn -0.6081 -0.7932 0.0328
vn -0.8846 -0.4662 0.0090
vn -0.8027 -0.5963 0.0070
vn -0.7120 -0.7022 0.0050
vn -0.9789 0.1957 0.0584
vn -0.9499 -0.3123 0.0104
vn -0.3253 -0.9448 0.0398
vn -0.9876 -0.1564 0.0116
vn 0.9999 0.0123 0.0072
vn -0.1475 -0.9877 0.0528
vn -0.1347 -0.9541 0.2673
vn -0.1160 -0.9039 0.4117
vn -0.0676 -0.0391 0.9969
vn -0.0213 -0.4474 0.8941
vn 0.0034 0.2127 0.9771
vn -0.4974 -0.8402 0.2160
vn -0.3398 -0.9040 0.2596
vn -0.3983 -0.7495 0.5287
vn -0.2715 -0.6029 0.7502
vn -0.3904 -0.6518 0.6502
vn -0.1951 -0.3464 0.9176
vn -0.6922 -0.7195 0.0571
vn -0.8064 -0.4966 0.3210
vn -0.6427 -0.7092 0.2897
vn -0.4672 -0.5282 0.7090
vn -0.1970 -0.1569 0.9678
vn 0.0155 0.1769 0.9841
vn -0.0120 0.4377 0.8990
vn -0.9981 0.0163 0.0595
vn -0.9675 0.0232 0.2516
vn -0.9100 -0.0678 0.4089
vn -0.9535 -0.1584 0.2563
vn -0.9440 -0.3226 0.0686
vn -0.9842 -0.1651 0.0636
vn -0.9100 -0.2872 0.2991
vn -0.8489 -0.2291 0.4763
vn -0.8724 -0.4835 0.0724
vn -0.4840 -0.3435 0.8048
vn -0.1645 -0.2130 0.9631
vn 0.0094 -0.0472 0.9988
vn 0.0665 0.4686 0.8809
vn 0.0617 0.6431 0.7633
vn -0.3822 -0.0714 0.9213
vn -0.4654 -0.0259 0.8847
vn 0.1347 -0.1004 0.9858
vn -0.3365 -0.0973 0.9366
vn 0.2923 0.0127 0.9562
vn 0.2863 0.2005 0.9369
vn 0.2473 0.4751 0.8445
vn 0.3611 -0.0019 0.9325
vn 0.7111 0.0066 0.7030
vn 0.9936 0.0459 0.1032
vn 0.9497 0.0323 0.3114
vn 0.9800 0.1403 0.1410
vn 0.7118 0.1454 0.6872
vn 0.9337 0.1480 0.3260
vn 0.9432 0.2848 0.1707
vn 0.6308 0.4002 0.6648
vn 0.7796 0.4088 0.4745
vn 0.3081 0.6294 0.7134
vn -0.2375 -0.9692 0.0645
vn -0.1718 -0.9538 -0.2467
vn -0.0604 -0.5283 -0.8469
vn -0.1813 -0.9315 0.3153
vn 0.0384 0.1931 -0.9804
vn 0.0437 0.2894 -0.9562
vn 0.0170 0.3676 -0.9298
vn -0.5541 -0.8239 -0.1187
vn -0.3968 -0.7170 -0.5732
vn -0.3075 -0.6364 -0.7074
vn -0.0851 -0.2858 -0.9545
vn -0.1147 -0.4265 -0.8972
vn 0.0057 -0.3411 -0.9400
vn 0.0635 0.0158 -0.9979
vn -0.0048 -0.1592 -0.9872
vn 0.1054 0.4128 -0.9047
vn 0.1173 -0.1015 -0.9879
vn 0.1407 0.0833 -0.9865
vn 0.1199 0.2209 -0.9679
vn 0.1426 0.3523 -0.9250
vn 0.1363 -0.2567 -0.9568
vn 0.1922 0.1716 -0.9662
vn 0.2152 -0.0975 -0.9717
vn 0.2437 0.0837 -0.9662
vn 0.2887 0.2546 -0.9229
vn 0.2141 0.3243 -0.9214
vn 0.3263 0.4434 -0.8348
vn 0.2319 0.4837 -0.8439
vn 0.3318 0.0460 -0.9422
vn 0.3380 0.1714 -0.9254
vn 0.4175 0.1263 -0.8999
vn -0.5172 0.7850 -0.3410
vn -0.2507 0.8570 -0.4503
vn -0.2340 -0.9150 0.3286
vn -0.2827 -0.8633 0.4181
vn -0.2137 -0.8815 0.4210
vn -0.1749 -0.9227 0.3435
vn -0.2840 -0.8691 0.4050
vn -0.2123 -0.8837 0.4171
vn -0.2727 -0.8635 0.4242
vn -0.1807 -0.8821 0.4350
vn -0.6295 -0.7552 0.1828
vn -0.8651 -0.4539 0.2133
vn -0.9625 -0.2615 0.0724
vn -0.8831 0.4443 -0.1506
vn -0.8670 0.4436 -0.2272
vn -0.7609 0.5942 -0.2608
vn -0.6609 0.6892 -0.2971
vn -0.6632 -0.6918 0.2857
vn -0.9064 0.4077 -0.1106
vn -0.8954 0.3816 -0.2296
vn -0.5950 -0.7466 0.2975
vn -0.8416 -0.5174 0.1549
vn -0.6987 -0.6477 0.3037
vn -0.9929 -0.1071 0.0524
vn -0.6434 -0.7062 0.2956
vn -0.8885 -0.4426 0.1209
vn -0.6405 -0.7043 0.3062
vn -0.9511 -0.2573 0.1709
vn -0.9892 -0.0508 -0.1374
vn -0.8145 -0.5309 0.2342
vn -0.9459 0.2904 -0.1450
vn -0.9879 0.0523 0.1457
vn -0.9369 0.2591 -0.2349
vn -0.9327 -0.3134 0.1785
vn -0.9849 -0.1105 -0.1332
vn -0.9889 0.0169 0.1474
vn -0.9824 0.1840 -0.0320
vn -0.9138 -0.3383 0.2248
vn -0.9855 -0.1696 0.0079
vn -0.8137 -0.5494 0.1899
vn 0.4876 0.4044 -0.7737
vn 0.3556 0.3873 -0.8506
vn -0.2534 0.9042 -0.3437
vn -0.5756 0.7106 -0.4047
vn -0.1611 0.8874 -0.4319
vn -0.3000 0.8616 -0.4094
vn -0.2570 0.9054 -0.3378
vn -0.6026 0.7436 -0.2898
vn -0.1669 0.8928 -0.4185
vn -0.2557 0.8705 -0.4206
vn -0.2080 0.8844 -0.4178
vn -0.5139 0.7845 -0.3471
vn -0.2504 0.8623 -0.4401
vn -0.2106 0.8840 -0.4173
vn 0.2200 0.8834 -0.4138
vn -0.2803 -0.8641 0.4180
vn -0.2122 -0.8818 0.4211
vn -0.1728 -0.9231 0.3435
vn -0.2822 -0.8700 0.4043
vn -0.2120 -0.8841 0.4163
vn -0.2722 -0.8622 0.4273
vn -0.1709 -0.8830 0.4372
vn -0.2742 -0.8674 0.4153
vn -0.7699 0.5660 -0.2949
vn -0.9217 0.3281 -0.2070
vn -0.7934 0.5983 -0.1117
vn -0.7664 0.5902 -0.2535
vn -0.6418 0.7092 -0.2918
vn -0.8592 -0.4493 0.2447
vn -0.9583 -0.2510 0.1363
vn -0.8848 0.4417 -0.1486
vn -0.8676 0.4433 -0.2253
vn -0.7599 0.5941 -0.2639
vn -0.6643 0.6873 -0.2938
vn -0.6604 -0.6899 0.2963
vn -0.9062 0.4085 -0.1097
vn -0.9014 0.3525 -0.2516
vn -0.5569 0.7502 -0.3566
vn -0.7945 0.5752 -0.1947
vn -0.5932 -0.7482 0.2973
vn -0.8408 -0.5189 0.1541
vn -0.6974 -0.6488 0.3043
vn -0.9926 -0.1089 0.0542
vn -0.6541 -0.6962 0.2957
vn -0.8517 -0.4638 0.2439
vn -0.8899 -0.4382 0.1270
vn -0.9529 -0.2701 0.1380
vn -0.6006 -0.7372 0.3095
vn -0.6594 -0.6905 0.2973
vn -0.9895 0.0047 -0.1445
vn -0.9141 0.3646 -0.1773
vn -0.9813 0.1396 0.1324
vn -0.9489 -0.2605 0.1784
vn -0.9889 -0.0514 -0.1397
vn -0.8132 -0.5330 0.2338
vn -0.9474 0.2864 -0.1430
vn -0.9878 0.0496 0.1474
vn -0.9379 0.2554 -0.2347
vn -0.9316 -0.3161 0.1792
vn -0.9846 -0.1138 -0.1329
vn -0.9888 0.0140 0.1487
vn -0.9854 0.1695 -0.0188
vn -0.9116 -0.3403 0.2308
vn -0.9828 -0.1830 0.0236
vn -0.8171 -0.5414 0.1979
vn -0.9883 -0.0076 -0.1520
vn -0.9297 0.3305 -0.1627
vn -0.9863 0.0937 0.1361
vn -0.9484 -0.2666 0.1714
vn -0.2095 0.8809 -0.4243
vn -0.2507 0.9084 -0.3345
vn -0.5958 0.7493 -0.2892
vn -0.1642 0.8933 -0.4185
vn -0.2584 0.8690 -0.4220
vn -0.2135 0.8821 -0.4199
vn -0.5378 0.7640 -0.3563
vn -0.2739 0.8585 -0.4335
vn -0.2131 0.8838 -0.4165
vn 0.2222 0.8828 -0.4138
vn -0.2079 0.8810 -0.4250
vn -0.6676 0.6708 -0.3230
vn -0.8555 0.4907 -0.1655
vn -0.8398 0.4879 -0.2382
vn -0.7661 0.5897 -0.2555
vn -0.6524 0.6964 -0.2990
vn -0.8861 0.4381 -0.1512
vn -0.8799 0.3772 -0.2890
vn -0.8254 0.5133 -0.2352
vn -0.7220 0.6417 -0.2585
vn -0.9379 0.1961 -0.2861
vn -0.8925 0.4497 -0.0340
vn -0.5614 0.7475 -0.3550
vn -0.8252 0.4990 -0.2646
vn -0.6693 0.6694 -0.3223
vn -0.9213 0.3049 -0.2415
vn -0.9889 -0.0571 -0.1373
vn -0.8115 -0.5377 0.2287
vn -0.9476 0.2861 -0.1420
vn -0.9875 0.0580 0.1465
vn -0.9373 0.2227 -0.2681
vn -0.8845 -0.3721 0.2815
vn -0.9292 -0.3602 0.0830
vn -0.9713 -0.1435 -0.1899
vn -0.9678 0.1858 0.1699
vn -0.9034 0.3474 -0.2514
vn -0.2494 0.9086 -0.3350
vn -0.5950 0.7503 -0.2880
vn -0.0326 0.7544 0.6556
vn 0.1498 0.5144 -0.8444
vn 0.0751 0.5239 -0.8485
vn 0.0440 0.7235 -0.6890
vn 0.0468 0.7848 -0.6179
vn 0.0527 0.8915 -0.4499
vn 0.0904 0.9562 -0.2783
vn 0.0568 0.8468 -0.5288
vn 0.1495 0.8196 -0.5531
vn 0.1301 0.8831 -0.4508
vn 0.0570 0.9231 -0.3803
vn 0.1664 0.9275 -0.3349
vn 0.2270 0.6847 -0.6925
vn 0.1350 0.6225 -0.7709
vn 0.1172 0.7246 -0.6791
vn 0.1925 0.7742 -0.6030
vn 0.2160 0.8850 -0.4124
vn 0.2060 0.9566 -0.2060
vn 0.2980 0.9082 -0.2939
vn 0.2552 0.5936 -0.7632
vn 0.2670 0.7450 -0.6113
vn 0.2907 0.8182 -0.4960
vn 0.3055 0.8803 -0.3631
vn 0.3687 0.8999 -0.2327
vn 0.3446 0.6553 -0.6722
vn 0.3572 0.7413 -0.5683
vn 0.4041 0.8254 -0.3942
vn 0.4216 0.5063 -0.7523
vn 0.3410 0.5567 -0.7575
vn 0.4336 0.6109 -0.6624
vn 0.4524 0.6832 -0.5732
vn 0.4536 0.7546 -0.4741
vn 0.4846 0.8113 -0.3270
vn 0.4385 0.8813 -0.1761
vn 0.5087 0.8238 -0.2501
vn -0.2106 -0.8820 0.4215
vn 0.0527 0.9816 -0.1833
vn 0.0649 0.9948 -0.0782
vn 0.1133 0.9852 -0.1290
vn 0.1323 0.9898 -0.0522
vn 0.2148 0.9707 -0.1076
vn 0.1956 0.9807 -0.0082
vn 0.2532 0.9664 -0.0432
vn 0.1917 0.9801 -0.0516
vn 0.3205 0.9380 -0.1324
vn 0.4413 0.8911 -0.1060
vn 0.3219 0.9447 -0.0622
vn 0.3878 0.9217 -0.0028
vn 0.4336 0.8996 -0.0518
vn -0.1729 -0.9236 0.3421
vn -0.2675 -0.8645 0.4255
vn -0.1375 -0.8960 0.4222
vn -0.3014 -0.8823 0.3614
vn -0.2737 -0.8671 0.4162
vn -0.1675 -0.8941 0.4154
vn -0.2159 -0.9205 0.3255
vn -0.2063 -0.8756 0.4368
vn -0.1947 -0.8805 0.4322
vn -0.5939 -0.7492 0.2932
vn -0.6948 -0.6736 0.2519
vn -0.8888 -0.4535 0.0653
vn -0.8111 -0.5300 0.2473
vn -0.9395 -0.1905 0.2846
vn -0.8846 -0.3640 0.2914
vn -0.8568 0.4889 -0.1640
vn -0.6278 -0.6965 0.3475
vn -0.6856 -0.6634 0.2998
vn -0.5736 -0.7636 0.2964
vn -0.8285 -0.5109 0.2291
vn -0.6308 -0.7051 0.3240
vn -0.5523 -0.7495 0.3650
vn 0.1094 0.9911 0.0758
vn -0.9584 -0.1982 0.2052
vn -0.9882 -0.0140 -0.1528
vn -0.9293 0.3304 -0.1650
vn -0.9866 0.0937 0.1335
vn -0.9454 -0.2792 0.1682
vn 0.0466 0.9984 -0.0318
vn 0.1434 0.9895 -0.0176
vn 0.1898 0.9771 0.0958
vn 0.0879 0.9465 0.3106
vn 0.1457 0.9491 0.2793
vn 0.2202 0.9727 0.0728
vn 0.2577 0.9660 -0.0204
vn 0.3057 0.9521 -0.0003
vn 0.3048 0.9374 0.1686
vn 0.4682 0.8834 -0.0198
vn 0.5135 0.8563 -0.0556
vn 0.4274 0.9022 0.0580
vn -0.1613 0.8940 -0.4181
vn -0.2528 0.8743 -0.4144
vn 0.2702 0.9071 -0.3227
vn -0.1815 0.9315 -0.3154
vn -0.4265 0.8756 -0.2265
vn -0.1703 0.9835 -0.0607
vn -0.0456 0.9464 0.3197
vn 0.0487 0.9432 0.3287
vn -0.0283 0.8133 0.5812
vn -0.1854 -0.8877 0.4214
vn -0.3244 -0.5865 0.7422
vn -0.2889 -0.2294 0.9295
vn -0.3827 0.2416 0.8917
vn -0.5806 -0.2686 0.7686
vn -0.0100 0.7093 0.7048
vn -0.0476 0.6026 0.7966
vn -0.0783 0.5012 0.8618
vn 0.0389 0.8063 0.5902
vn -0.8413 0.4861 -0.2363
vn -0.7683 0.5891 -0.2503
vn -0.6343 0.7267 -0.2640
vn -0.8882 0.4380 -0.1389
vn -0.8651 0.4815 -0.1409
vn -0.6690 0.7412 -0.0552
vn -0.4179 0.8507 0.3190
vn -0.1387 0.8703 0.4725
vn -0.7500 0.6174 0.2375
vn -0.8132 -0.5249 0.2513
vn -0.6367 -0.6955 0.3331
vn -0.8754 -0.4165 0.2452
vn -0.6758 -0.5716 0.4653
vn -0.6469 0.0011 0.7626
vn -0.9664 0.1089 0.2328
vn -0.9230 0.2998 -0.2411
vn -0.9886 -0.0671 -0.1350
vn -0.9500 0.2803 -0.1377
vn -0.9875 0.0484 0.1499
vn -0.9418 0.2516 -0.2230
vn -0.1853 0.7965 0.5755
vn -0.9305 -0.3021 0.2073
vn -0.9947 -0.0584 -0.0842
vn -0.6458 0.4748 0.5979
vn -0.4101 0.6965 0.5888
vn -0.3617 0.5560 0.7484
vn -0.3266 0.6427 0.6930
vn -0.1189 0.6333 0.7647
vn -0.2072 0.5671 0.7972
vn -0.1294 0.7824 0.6092
vn -0.1233 0.7177 0.6853
vn -0.0791 0.6931 0.7165
vn -0.0194 0.7214 0.6923
vn 0.0512 0.7777 0.6266
vn 0.0199 0.7365 0.6762
vn 0.0802 0.8769 0.4739
vn 0.0345 0.7328 0.6796
vn 0.1382 0.8271 0.5448
vn 0.1239 0.9312 0.3429
vn 0.3018 0.8969 0.3233
vn 0.0451 0.7409 0.6701
vn 0.1254 0.7951 0.5933
vn 0.3290 0.9215 0.2064
vn 0.3332 0.8732 0.3557
vn 0.3052 -0.2580 -0.9167
vn 0.4914 -0.0386 -0.8701
vn 0.3773 -0.0707 -0.9234
vn 0.5011 0.2011 -0.8417
vn 0.3934 0.2644 -0.8805
vn 0.4385 0.3250 -0.8379
vn 0.5026 0.0737 -0.8614
vn 0.5355 0.3039 -0.7880
vn 0.5790 0.0099 -0.8153
vn 0.5980 0.1401 -0.7892
vn 0.6005 0.3728 -0.7074
vn 0.6829 0.1122 -0.7218
vn 0.6663 0.0454 -0.7443
vn 0.6091 0.2600 -0.7493
vn 0.6799 0.2104 -0.7025
vn 0.7493 0.0046 -0.6622
vn 0.7524 0.1566 -0.6398
vn 0.7243 0.4933 -0.4817
vn 0.8034 0.4466 -0.3937
vn 0.8003 0.3735 -0.4691
vn 0.7614 0.0572 -0.6458
vn 0.8300 0.0916 -0.5502
vn 0.8028 0.2075 -0.5589
vn 0.7771 0.2925 -0.5573
vn 0.8789 0.3748 -0.2953
vn 0.8896 0.3031 -0.3416
vn 0.8215 0.5284 -0.2145
vn 0.9102 0.3894 -0.1412
vn 0.8881 0.4071 -0.2133
vn 0.8997 0.0669 -0.4312
vn 0.9152 0.2137 -0.3417
vn 0.9540 0.1040 -0.2813
vn 0.9260 0.1329 -0.3534
vn 0.9640 0.1699 -0.2044
vn 0.9317 0.2919 -0.2164
vn 0.9676 0.2266 -0.1113
vn 0.9910 0.0923 -0.0971
vn 0.8487 0.5168 -0.1120
vn 0.8973 0.4369 -0.0635
vn 0.9416 0.3306 -0.0643
vn 0.9440 0.3293 -0.0209
vn 0.9613 0.2756 -0.0019
vn 0.9653 0.2594 -0.0313
vn 0.9254 0.3782 -0.0268
vn 0.9980 0.0565 -0.0296
vn 0.9936 0.1092 -0.0291
vn 0.9774 0.2108 -0.0161
vn 0.9883 0.1519 -0.0141
vn 0.9853 0.1677 -0.0326
vn 0.8939 0.4478 0.0175
vn 0.8696 0.4923 -0.0367
vn 0.8688 0.4952 -0.0029
vn 0.9093 0.4136 0.0449
vn 0.9979 0.0598 0.0246
vn 0.9950 0.0989 0.0144
vn 0.2889 0.7542 0.5898
vn 0.0618 0.7230 0.6880
vn 0.2153 0.7324 0.6459
vn 0.9407 0.3393 0.0057
vn 0.9058 0.4118 0.0995
vn 0.6587 0.6272 0.4157
vn 0.7442 0.5927 0.3079
vn 0.8190 0.5650 0.1000
vn 0.5576 0.6751 0.4830
vn 0.9827 0.1754 0.0593
vn 0.9691 0.2451 0.0270
vn 0.0763 0.7153 0.6947
vn 0.0828 0.7044 0.7050
vn 0.0738 0.7166 0.6935
vn 0.0916 0.7236 0.6842
vn 0.1504 0.7417 0.6536
vn 0.2937 0.6793 0.6726
vn 0.2929 0.6880 0.6639
vn 0.2916 0.6888 0.6637
vn 0.2907 0.6973 0.6552
vn 0.3189 0.7100 0.6278
vn 0.3562 0.7551 0.5504
vn 0.4665 0.7049 0.5343
vn 0.7843 0.5794 0.2217
vn 0.5243 0.7043 0.4787
vn 0.9856 0.1268 0.1115
vn 0.7907 0.4319 0.4338
vn 0.9389 0.2659 0.2187
vn 0.6465 0.5388 0.5402
vn 0.9839 0.1482 0.1004
vn 0.7961 0.4332 0.4225
vn 0.9418 0.2466 0.2286
vn 0.6510 0.5501 0.5231
vn 0.9471 0.2465 0.2055
vn 0.9828 0.1572 0.0974
vn 0.7963 0.4385 0.4166
vn 0.6485 0.5511 0.5251
vn 0.9476 0.2653 0.1779
vn 0.8002 0.4488 0.3979
vn 0.6512 0.5559 0.5166
vn 0.9457 0.2909 0.1449
vn 0.8116 0.4659 0.3523
vn 0.6621 0.5680 0.4889
vn 0.8153 0.5282 0.2373
vn 0.6756 0.6321 0.3795
vn 0.5201 0.6128 -0.5949
vn 0.5213 0.5388 -0.6617
vn 0.5602 0.6649 -0.4940
vn 0.5457 0.7321 -0.4077
vn 0.5974 0.5684 -0.5657
vn 0.5732 0.7559 -0.3162
vn 0.6484 0.7273 -0.2249
vn 0.6533 0.6891 -0.3136
vn 0.6179 0.7686 -0.1656
vn 0.6508 0.5052 -0.5668
vn 0.6146 0.4498 -0.6481
vn 0.6543 0.5842 -0.4803
vn 0.6439 0.6518 -0.4007
vn 0.7327 0.6048 -0.3119
vn 0.7271 0.5588 -0.3988
vn 0.7439 0.6304 -0.2219
vn 0.7165 0.6808 -0.1518
vn 0.8170 0.4883 -0.3066
vn 0.7885 0.6042 -0.1150
vn 0.5277 0.8336 -0.1631
vn 0.5824 0.8087 -0.0827
vn 0.6689 0.7391 -0.0786
vn 0.7269 0.6831 -0.0706
vn 0.7546 0.6546 -0.0443
vn 0.8160 0.5765 -0.0412
vn 0.5142 0.8576 0.0035
vn 0.5820 0.8115 0.0518
vn 0.5607 0.8269 -0.0433
vn 0.6415 0.7671 0.0098
vn 0.6384 0.7687 -0.0382
vn 0.7599 0.6500 -0.0033
vn 0.7032 0.7106 0.0239
vn 0.8456 0.5324 -0.0399
vn 0.8283 0.5602 0.0066
vn 0.2100 0.8275 0.5207
vn 0.0871 0.7807 0.6188
vn 0.4647 0.8791 0.1058
vn 0.3922 0.8543 0.3410
vn 0.1283 0.7654 0.6307
vn 0.1828 0.7999 0.5716
vn 0.4864 0.8529 0.1897
vn 0.3629 0.8477 0.3870
vn 0.6169 0.7789 0.1132
vn 0.3747 0.8362 0.4004
vn 0.0723 0.7390 0.6699
vn 0.1397 0.7652 0.6284
vn 0.1982 0.7915 0.5782
vn 0.6850 0.7284 -0.0164
vn 0.5442 0.8118 0.2116
vn 0.4063 0.7975 0.4461
vn 0.6731 0.7305 0.1154
vn 0.3984 0.8180 0.4149
vn 0.1106 0.7383 0.6654
vn 0.2078 0.7600 0.6159
vn 0.2854 0.7902 0.5424
vn 0.7919 0.6105 -0.0116
vn 0.5864 0.7771 0.2285
vn 0.7445 0.6572 0.1175
vn 0.4553 0.7730 0.4418
vn 0.4746 0.7776 0.4124
vn 0.3542 0.7747 0.5238
vn 0.6631 0.7211 0.2006
vn 0.5010 0.7762 0.3827
vn 0.5558 0.7453 0.3681
vn 0.6909 0.6516 0.3132
vn 0.6158 0.3135 -0.7229
vn -1.0000 -0.0086 0.0030
vn 0.1077 -0.1269 0.9861
vn -0.6807 -0.2136 -0.7008
vn -0.2475 -0.3545 -0.9017
vn -0.2286 -0.4935 -0.8392
vn -0.4746 -0.8799 0.0256
vn -0.6325 0.2444 -0.7350
vn -0.6292 0.3335 -0.7020
vn -0.6372 0.4480 -0.6270
vn -0.5675 0.5255 -0.6339
vn -0.4611 0.3902 -0.7970
vn -0.7495 0.6137 -0.2484
vn -0.6499 0.5480 -0.5267
vn -0.5693 0.8199 0.0601
vn 0.9250 0.3323 -0.1841
vn 0.1742 -0.8908 0.4196
vn 0.9261 0.3299 -0.1830
vn 0.1767 -0.8906 0.4191
vn 0.9271 0.3278 -0.1815
vn 0.0183 0.8658 0.5001
vn 0.0138 -0.8849 -0.4657
vn 0.1103 -0.1418 0.9837
vn -0.1947 -0.7196 -0.6665
vn -0.1458 -0.2377 -0.9603
vn -0.8295 0.0556 -0.5558
vn -0.1204 -0.4643 -0.8774
vn 0.1058 -0.2119 -0.9715
vn -0.7757 -0.6278 0.0643
vn 0.3936 -0.0101 0.9192
vn -0.9155 -0.3563 0.1868
vn -0.9145 -0.3586 0.1876
vn -0.9137 -0.3605 0.1878
vn -0.9317 -0.3216 0.1689
vn -0.9081 -0.3687 0.1983
vn 0.5186 0.4637 -0.7184
vn 0.6990 0.3016 -0.6484
vn 0.7121 0.4110 -0.5692
vn 0.8744 0.1547 -0.4599
vn 0.8556 0.2546 -0.4508
vn 0.7824 0.6211 -0.0455
vt 0.258435 0.302560
vt 0.254597 0.308051
vt 0.250874 0.303355
vt 0.278188 0.305078
vt 0.270837 0.315473
vt 0.304750 0.699546
vt 0.305400 0.707127
vt 0.301730 0.703769
vt 0.311738 0.698545
vt 0.308735 0.704444
vt 0.294091 0.714443
vt 0.296022 0.720981
vt 0.290338 0.719246
vt 0.290780 0.727644
vt 0.292628 0.697068
vt 0.301262 0.689291
vt 0.309725 0.692876
vt 0.285214 0.715232
vt 0.288376 0.710252
vt 0.642698 0.010022
vt 0.636960 0.005930
vt 0.642698 0.002545
vt 0.280580 0.720649
vt 0.286058 0.725442
vt 0.284921 0.691199
vt 0.294650 0.687037
vt 0.281511 0.713153
vt 0.283045 0.708123
vt 0.985544 0.320213
vt 0.988033 0.326461
vt 0.979314 0.329600
vt 0.965885 0.330460
vt 0.974460 0.334510
vt 0.967759 0.338329
vt 0.973447 0.321229
vt 0.973196 0.329569
vt 0.967098 0.319017
vt 0.283862 0.685885
vt 0.283811 0.693537
vt 0.285570 0.699279
vt 0.992326 0.319319
vt 0.994474 0.323915
vt 0.991905 0.324072
vt 0.280580 0.679302
vt 0.282177 0.676548
vt 0.240772 0.285927
vt 0.235552 0.291094
vt 0.234548 0.285081
vt 0.240559 0.274054
vt 0.234066 0.275270
vt 0.249641 0.295334
vt 0.244477 0.300325
vt 0.241099 0.294437
vt 0.249016 0.283161
vt 0.258742 0.295692
vt 0.258051 0.282518
vt 0.270622 0.295889
vt 0.496102 0.653596
vt 0.500802 0.659694
vt 0.495829 0.660495
vt 0.502108 0.643814
vt 0.496398 0.642018
vt 0.608965 0.011643
vt 0.614733 0.005869
vt 0.615536 0.011643
vt 0.486433 0.653765
vt 0.485260 0.660962
vt 0.488159 0.641468
vt 0.301728 0.684399
vt 0.484254 0.667130
vt 0.495611 0.668344
vt 0.474800 0.644400
vt 0.477255 0.633646
vt 0.980674 0.248732
vt 0.987233 0.245709
vt 0.979932 0.310344
vt 0.973658 0.309888
vt 0.969286 0.249119
vt 0.468761 0.660642
vt 0.459804 0.652979
vt 0.289141 0.675620
vt 0.468802 0.665786
vt 0.995957 0.311020
vt 0.998208 0.318784
vt 0.986218 0.309168
vt 0.067621 0.870502
vt 0.071933 0.916245
vt 0.064860 0.924289
vt 0.281028 0.671928
vt 0.628307 0.002545
vt 0.633376 0.010768
vt 0.628307 0.011643
vt 0.655417 0.002545
vt 0.658567 0.009349
vt 0.655417 0.009849
vt 0.576031 0.024202
vt 0.582158 0.022505
vt 0.582158 0.029599
vt 0.078967 0.916762
vt 0.087729 0.923084
vt 0.076223 0.924697
vt 0.086881 0.907515
vt 0.081018 0.878451
vt 0.514022 0.405769
vt 0.508499 0.402028
vt 0.514871 0.396432
vt 0.591705 0.915653
vt 0.602673 0.908487
vt 0.600236 0.915179
vt 0.594047 0.909019
vt 0.603519 0.897549
vt 0.234066 0.020966
vt 0.972748 0.036950
vt 0.077801 0.693004
vt 0.241300 0.021023
vt 0.250426 0.019081
vt 0.503889 0.389547
vt 0.497607 0.388767
vt 0.489074 0.388869
vt 0.479894 0.387866
vt 0.986227 0.037037
vt 0.992175 0.037002
vt 0.980164 0.037237
vt 0.084404 0.691286
vt 0.090954 0.692387
vt 0.592439 0.642750
vt 0.598295 0.644056
vt 0.597369 0.896846
vt 0.097990 0.691994
vt 0.603577 0.858848
vt 0.234647 0.009692
vt 0.241388 0.009484
vt 0.235894 0.003856
vt 0.241587 0.002535
vt 0.251793 0.009432
vt 0.251955 0.001946
vt 0.310124 0.002152
vt 0.503511 0.378297
vt 0.497656 0.377848
vt 0.502485 0.372511
vt 0.497381 0.371033
vt 0.826045 0.044301
vt 0.831741 0.039672
vt 0.832914 0.044788
vt 0.817216 0.043988
vt 0.826042 0.038482
vt 0.807835 0.043761
vt 0.815676 0.037869
vt 0.794211 0.043087
vt 0.487833 0.377440
vt 0.489099 0.370403
vt 0.826005 0.052707
vt 0.833312 0.053074
vt 0.817179 0.052378
vt 0.808077 0.051974
vt 0.798649 0.051525
vt 0.973131 0.025692
vt 0.973752 0.018592
vt 0.981764 0.026168
vt 0.788672 0.049096
vt 0.825991 0.061974
vt 0.833264 0.062410
vt 0.817649 0.061277
vt 0.809561 0.060097
vt 0.071629 0.678170
vt 0.078226 0.683143
vt 0.066186 0.685245
vt 0.064860 0.676167
vt 0.071019 0.670115
vt 0.078094 0.675321
vt 0.467570 0.371238
vt 0.451506 0.377680
vt 0.826163 0.071317
vt 0.833132 0.074642
vt 0.818799 0.069805
vt 0.090452 0.682401
vt 0.084859 0.677530
vt 0.084113 0.669747
vt 0.091346 0.675063
vt 0.104505 0.683609
vt 0.104366 0.693839
vt 0.098443 0.677515
vt 0.097126 0.670566
vt 0.104957 0.675932
vt 0.441248 0.397910
vt 0.468655 0.396784
vt 0.455098 0.531828
vt 0.440964 0.386154
vt 0.605510 0.633477
vt 0.597076 0.633105
vt 0.114213 0.679230
vt 0.828411 0.091140
vt 0.833312 0.091984
vt 0.289034 0.313443
vt 0.279019 0.319279
vt 0.278027 0.313443
vt 0.358999 0.305382
vt 0.367362 0.320586
vt 0.360455 0.313709
vt 0.287763 0.325501
vt 0.282927 0.328612
vt 0.279358 0.323615
vt 0.286772 0.735088
vt 0.298366 0.329871
vt 0.292440 0.336042
vt 0.289262 0.331675
vt 0.297621 0.319832
vt 0.287438 0.319822
vt 0.315249 0.333773
vt 0.359644 0.329541
vt 0.306985 0.325593
vt 0.326085 0.340313
vt 0.358674 0.671928
vt 0.362809 0.676542
vt 0.360706 0.677196
vt 0.375648 0.678332
vt 0.379018 0.671928
vt 0.380336 0.678332
vt 0.957669 0.339928
vt 0.963312 0.344536
vt 0.957353 0.347118
vt 0.469153 0.031511
vt 0.466978 0.008032
vt 0.469153 0.007707
vt 0.943256 0.349203
vt 0.953208 0.352492
vt 0.939285 0.357276
vt 0.944414 0.340082
vt 0.944563 0.329254
vt 0.653909 0.024769
vt 0.649258 0.019436
vt 0.653909 0.014351
vt 0.316705 0.343339
vt 0.315855 0.341368
vt 0.334711 0.346455
vt 0.325066 0.351010
vt 0.358392 0.355506
vt 0.368941 0.347922
vt 0.366967 0.340194
vt 0.208052 0.619418
vt 0.210890 0.633314
vt 0.208052 0.633813
vt 0.938821 0.339041
vt 0.941484 0.348710
vt 0.595953 0.375471
vt 0.590770 0.378259
vt 0.589894 0.375408
vt 0.930633 0.357793
vt 0.934254 0.362602
vt 0.928604 0.364507
vt 0.932190 0.346957
vt 0.604573 0.375289
vt 0.596612 0.380976
vt 0.613823 0.375744
vt 0.609470 0.385717
vt 0.605428 0.382165
vt 0.623653 0.376247
vt 0.615611 0.384222
vt 0.344399 0.365583
vt 0.343907 0.354669
vt 0.935617 0.720630
vt 0.939954 0.728803
vt 0.934398 0.730547
vt 0.604283 0.389618
vt 0.932872 0.624982
vt 0.937642 0.701718
vt 0.933066 0.709459
vt 0.616126 0.389434
vt 0.612014 0.394614
vt 0.609744 0.391382
vt 0.625175 0.387075
vt 0.616760 0.394832
vt 0.928139 0.729999
vt 0.931414 0.735020
vt 0.927938 0.734944
vt 0.928152 0.721598
vt 0.927398 0.713546
vt 0.612148 0.398072
vt 0.921988 0.730559
vt 0.923896 0.737579
vt 0.921184 0.719667
vt 0.624960 0.394736
vt 0.616489 0.402145
vt 0.634573 0.398053
vt 0.629202 0.407250
vt 0.625234 0.403104
vt 0.913924 0.738241
vt 0.913540 0.730809
vt 0.913139 0.720275
vt 0.622721 0.412709
vt 0.627863 0.417085
vt 0.618093 0.412087
vt 0.358431 0.283084
vt 0.359624 0.296074
vt 0.960444 0.247726
vt 0.959644 0.320747
vt 0.952318 0.245567
vt 0.951630 0.329400
vt 0.938899 0.274215
vt 0.927773 0.274782
vt 0.926624 0.348174
vt 0.937890 0.628267
vt 0.927352 0.626934
vt 0.921274 0.627434
vt 0.913364 0.577634
vt 0.948143 0.036440
vt 0.942690 0.035012
vt 0.932389 0.269982
vt 0.928303 0.387647
vt 0.921425 0.389239
vt 0.964435 0.037002
vt 0.955735 0.036738
vt 0.933366 0.388332
vt 0.938618 0.389154
vt 0.913768 0.388984
vt 0.343510 0.029708
vt 0.341253 0.018813
vt 0.333678 0.009495
vt 0.334680 0.001792
vt 0.345919 0.010084
vt 0.344854 0.002451
vt 0.355343 0.028163
vt 0.351313 0.003580
vt 0.767270 0.042296
vt 0.757579 0.036548
vt 0.750345 0.042559
vt 0.733021 0.036222
vt 0.734148 0.042737
vt 0.722372 0.042250
vt 0.360054 0.007786
vt 0.354743 0.009535
vt 0.716427 0.037165
vt 0.715048 0.042394
vt 0.964198 0.025588
vt 0.959039 0.018301
vt 0.774010 0.048023
vt 0.955273 0.025359
vt 0.946963 0.025039
vt 0.759492 0.050582
vt 0.750043 0.050469
vt 0.740691 0.051049
vt 0.731105 0.050867
vt 0.722013 0.050708
vt 0.472700 0.036553
vt 0.479677 0.043751
vt 0.471018 0.046309
vt 0.714605 0.052339
vt 0.936442 0.035232
vt 0.935957 0.024769
vt 0.940750 0.019276
vt 0.755371 0.055503
vt 0.749405 0.057251
vt 0.931514 0.035859
vt 0.930221 0.024123
vt 0.934989 0.017666
vt 0.740722 0.060752
vt 0.730898 0.060341
vt 0.721788 0.060103
vt 0.933678 0.377902
vt 0.930355 0.371446
vt 0.939654 0.377432
vt 0.735121 0.073325
vt 0.729928 0.069621
vt 0.721833 0.070499
vt 0.498305 0.037865
vt 0.481084 0.036222
vt 0.713767 0.072132
vt 0.922304 0.377827
vt 0.729640 0.079007
vt 0.913724 0.377974
vt 0.914177 0.370673
vt 0.727217 0.089055
vt 0.720269 0.088981
vt 0.519726 0.441344
vt 0.520862 0.465126
vt 0.517445 0.440508
vt 0.669959 0.929668
vt 0.666222 0.934042
vt 0.662733 0.929145
vt 0.675695 0.930019
vt 0.670640 0.935124
vt 0.534324 0.461135
vt 0.528472 0.465106
vt 0.529831 0.460531
vt 0.538976 0.462113
vt 0.535402 0.466931
vt 0.681546 0.930967
vt 0.675244 0.935616
vt 0.689582 0.940468
vt 0.683664 0.945964
vt 0.679464 0.939551
vt 0.689868 0.931232
vt 0.517964 0.474136
vt 0.530711 0.474537
vt 0.540680 0.476254
vt 0.543559 0.467105
vt 0.553274 0.477906
vt 0.548252 0.470901
vt 0.555436 0.470864
vt 0.535718 0.491350
vt 0.540237 0.485078
vt 0.512346 0.415855
vt 0.610391 0.914398
vt 0.610862 0.908525
vt 0.611879 0.856612
vt 0.414708 0.652970
vt 0.512533 0.425453
vt 0.507880 0.426427
vt 0.619399 0.908792
vt 0.619738 0.896403
vt 0.611078 0.897700
vt 0.429617 0.658542
vt 0.411552 0.660995
vt 0.508853 0.444597
vt 0.627031 0.909431
vt 0.619979 0.914956
vt 0.626483 0.897163
vt 0.227299 0.632689
vt 0.224556 0.635556
vt 0.221934 0.631095
vt 0.632698 0.909417
vt 0.630307 0.917692
vt 0.633091 0.899886
vt 0.644267 0.909094
vt 0.634567 0.919448
vt 0.639337 0.899799
vt 0.401522 0.660213
vt 0.512461 0.459202
vt 0.513130 0.445298
vt 0.507750 0.454592
vt 0.645531 0.918347
vt 0.635447 0.922167
vt 0.645024 0.897522
vt 0.670562 0.921625
vt 0.665250 0.921447
vt 0.671186 0.911061
vt 0.665785 0.912257
vt 0.666719 0.900701
vt 0.676838 0.920116
vt 0.682382 0.918908
vt 0.690787 0.921018
vt 0.322044 0.643818
vt 0.324478 0.652514
vt 0.424577 0.546595
vt 0.642341 0.645310
vt 0.681907 0.646611
vt 0.688907 0.646605
vt 0.613758 0.645157
vt 0.605603 0.644478
vt 0.412273 0.396226
vt 0.622530 0.644920
vt 0.630108 0.644718
vt 0.635954 0.643848
vt 0.649359 0.907727
vt 0.647611 0.636981
vt 0.675501 0.645666
vt 0.614360 0.633699
vt 0.126502 0.684344
vt 0.112602 0.685815
vt 0.450274 0.371866
vt 0.418854 0.371229
vt 0.126865 0.692084
vt 0.120129 0.688699
vt 0.623275 0.633757
vt 0.619677 0.628067
vt 0.631786 0.633503
vt 0.828757 0.105998
vt 0.832310 0.123350
vt 0.825784 0.120098
vt 0.638259 0.628211
vt 0.633958 0.627278
vt 0.409327 0.386132
vt 0.409628 0.377183
vt 0.825201 0.129365
vt 0.644261 0.632910
vt 0.821076 0.124246
vt 0.818824 0.130195
vt 0.212123 0.641680
vt 0.208052 0.649891
vt 0.208052 0.637397
vt 0.824177 0.138546
vt 0.644397 0.626631
vt 0.649514 0.629336
vt 0.815164 0.138358
vt 0.665339 0.639603
vt 0.663771 0.631783
vt 0.668775 0.635164
vt 0.668501 0.628262
vt 0.660382 0.626631
vt 0.680528 0.635179
vt 0.669909 0.646549
vt 0.674442 0.629704
vt 0.392976 0.369761
vt 0.831306 0.149139
vt 0.824049 0.146563
vt 0.814878 0.147950
vt 0.806976 0.141711
vt 0.805777 0.148593
vt 0.801018 0.143752
vt 0.796581 0.148747
vt 0.689205 0.635125
vt 0.688490 0.627558
vt 0.678509 0.627256
vt 0.814692 0.157478
vt 0.805290 0.157428
vt 0.795736 0.157402
vt 0.822995 0.184133
vt 0.812459 0.177599
vt 0.801422 0.166704
vt 0.637954 0.434813
vt 0.636027 0.422672
vt 0.632912 0.447880
vt 0.638805 0.447849
vt 0.627137 0.444943
vt 0.621486 0.459831
vt 0.637815 0.460601
vt 0.638972 0.469876
vt 0.630296 0.467641
vt 0.494981 0.916286
vt 0.501891 0.922854
vt 0.491181 0.924448
vt 0.904236 0.738332
vt 0.904232 0.730835
vt 0.903925 0.719633
vt 0.913537 0.743632
vt 0.894818 0.730831
vt 0.894640 0.738369
vt 0.894649 0.718737
vt 0.621983 0.440752
vt 0.885527 0.744512
vt 0.885839 0.730793
vt 0.885068 0.738402
vt 0.886169 0.717950
vt 0.877946 0.730524
vt 0.870918 0.735041
vt 0.872045 0.729623
vt 0.875021 0.738139
vt 0.879391 0.718206
vt 0.870860 0.720554
vt 0.621148 0.451039
vt 0.875227 0.744232
vt 0.864810 0.735515
vt 0.864965 0.729296
vt 0.861701 0.725965
vt 0.862823 0.720130
vt 0.735318 0.966646
vt 0.731377 0.977830
vt 0.730115 0.963631
vt 0.615420 0.460564
vt 0.610870 0.455021
vt 0.615067 0.451008
vt 0.708466 0.952862
vt 0.694434 0.954910
vt 0.690665 0.949067
vt 0.699124 0.940722
vt 0.699268 0.930332
vt 0.717818 0.960517
vt 0.704458 0.963028
vt 0.700919 0.957888
vt 0.708630 0.939377
vt 0.717240 0.948137
vt 0.855811 0.726756
vt 0.856187 0.720059
vt 0.724767 0.969227
vt 0.721342 0.974709
vt 0.717748 0.969178
vt 0.859285 0.711375
vt 0.724365 0.957901
vt 0.605613 0.469700
vt 0.609963 0.461184
vt 0.609689 0.469723
vt 0.600038 0.463929
vt 0.604810 0.460750
vt 0.615855 0.469972
vt 0.623973 0.470480
vt 0.441927 0.951176
vt 0.447864 0.947395
vt 0.448209 0.952916
vt 0.564341 0.478147
vt 0.570161 0.473698
vt 0.568797 0.477829
vt 0.559618 0.472846
vt 0.566262 0.472079
vt 0.583751 0.470967
vt 0.593620 0.479277
vt 0.587721 0.472266
vt 0.593265 0.469233
vt 0.615058 0.479175
vt 0.621072 0.476205
vt 0.452594 0.949819
vt 0.456997 0.943944
vt 0.458400 0.951756
vt 0.433378 0.955123
vt 0.437662 0.947873
vt 0.444259 0.945995
vt 0.443110 0.939781
vt 0.451844 0.943420
vt 0.447258 0.931503
vt 0.441257 0.933290
vt 0.444350 0.926015
vt 0.455611 0.922181
vt 0.453414 0.933816
vt 0.567432 0.486173
vt 0.580916 0.487603
vt 0.581792 0.479187
vt 0.594030 0.487865
vt 0.608724 0.483622
vt 0.602570 0.498068
vt 0.612540 0.488473
vt 0.239520 0.947594
vt 0.243432 0.952758
vt 0.234066 0.954299
vt 0.245923 0.943087
vt 0.243760 0.948115
vt 0.238776 0.927475
vt 0.243790 0.939005
vt 0.236713 0.939111
vt 0.244174 0.910964
vt 0.237665 0.914491
vt 0.246393 0.915394
vt 0.244326 0.923627
vt 0.239027 0.903686
vt 0.904688 0.519429
vt 0.895448 0.510411
vt 0.873998 0.709095
vt 0.881203 0.509214
vt 0.727559 0.764614
vt 0.707744 0.764857
vt 0.716161 0.763298
vt 0.886820 0.509806
vt 0.870739 0.510642
vt 0.868989 0.708966
vt 0.722262 0.757702
vt 0.904832 0.388932
vt 0.888400 0.389403
vt 0.876594 0.389256
vt 0.876091 0.510943
vt 0.733264 0.768347
vt 0.732121 0.647418
vt 0.871714 0.389702
vt 0.698590 0.768037
vt 0.698116 0.646447
vt 0.714691 0.646639
vt 0.904657 0.378017
vt 0.904558 0.370808
vt 0.543708 0.040833
vt 0.564242 0.048797
vt 0.712553 0.124053
vt 0.895862 0.388854
vt 0.895618 0.377957
vt 0.894972 0.370678
vt 0.720119 0.112923
vt 0.726373 0.098640
vt 0.726794 0.108249
vt 0.877810 0.377817
vt 0.887543 0.377869
vt 0.880936 0.372237
vt 0.884951 0.370132
vt 0.728780 0.118361
vt 0.875220 0.370778
vt 0.728682 0.127483
vt 0.733768 0.122734
vt 0.735525 0.128488
vt 0.720252 0.127085
vt 0.726841 0.646645
vt 0.721078 0.646171
vt 0.725484 0.635234
vt 0.722098 0.629497
vt 0.727956 0.628106
vt 0.733183 0.635015
vt 0.870479 0.377364
vt 0.736579 0.626631
vt 0.866843 0.369167
vt 0.729267 0.136688
vt 0.739058 0.136994
vt 0.720049 0.139623
vt 0.698168 0.635095
vt 0.698039 0.627581
vt 0.707157 0.645579
vt 0.707217 0.635037
vt 0.707646 0.627421
vt 0.715385 0.635030
vt 0.717785 0.626977
vt 0.747939 0.147586
vt 0.753398 0.143105
vt 0.757335 0.148084
vt 0.738638 0.146512
vt 0.747567 0.140997
vt 0.729062 0.146232
vt 0.776954 0.151283
vt 0.776603 0.157824
vt 0.757620 0.156776
vt 0.747828 0.156334
vt 0.731070 0.150651
vt 0.749888 0.165461
vt 0.741327 0.171987
vt 0.728780 0.181906
vt 0.718583 0.201705
vt 0.621752 0.045852
vt 0.710611 0.213236
vt 0.644951 0.415739
vt 0.633444 0.407498
vt 0.644509 0.405872
vt 0.657054 0.406805
vt 0.677056 0.409325
vt 0.667971 0.417452
vt 0.377949 0.314626
vt 0.378179 0.305541
vt 0.392019 0.311066
vt 0.391796 0.302132
vt 0.378665 0.332911
vt 0.383380 0.320658
vt 0.384756 0.339558
vt 0.396219 0.334684
vt 0.398090 0.303026
vt 0.406812 0.325977
vt 0.415277 0.315696
vt 0.415326 0.303326
vt 0.416379 0.337771
vt 0.426654 0.326872
vt 0.426813 0.305476
vt 0.434233 0.315424
vt 0.377372 0.358573
vt 0.382240 0.348716
vt 0.393846 0.348777
vt 0.414469 0.353733
vt 0.405946 0.346138
vt 0.424540 0.345407
vt 0.434331 0.335398
vt 0.642558 0.396183
vt 0.643106 0.386485
vt 0.666184 0.387730
vt 0.653362 0.397029
vt 0.683070 0.385911
vt 0.671689 0.382884
vt 0.667578 0.398341
vt 0.685970 0.404249
vt 0.692364 0.414224
vt 0.701012 0.405341
vt 0.380688 0.290952
vt 0.372922 0.282814
vt 0.396561 0.288867
vt 0.403394 0.283525
vt 0.410788 0.283815
vt 0.418839 0.281968
vt 0.428856 0.291650
vt 0.368226 0.050148
vt 0.385731 0.068390
vt 0.390279 0.281908
vt 0.393532 0.126376
vt 0.406305 0.082445
vt 0.415108 0.098406
vt 0.421944 0.096370
vt 0.424639 0.282627
vt 0.430035 0.106451
vt 0.435329 0.118162
vt 0.408211 0.076342
vt 0.421484 0.085929
vt 0.414284 0.076331
vt 0.423974 0.079003
vt 0.427901 0.086631
vt 0.428584 0.095376
vt 0.436266 0.103437
vt 0.434421 0.095423
vt 0.213850 0.585210
vt 0.206473 0.591738
vt 0.207023 0.584408
vt 0.213915 0.580351
vt 0.467855 0.144904
vt 0.475098 0.150109
vt 0.468565 0.156322
vt 0.475771 0.127106
vt 0.364870 0.037777
vt 0.364802 0.028243
vt 0.364309 0.019058
vt 0.361209 0.012524
vt 0.375794 0.059139
vt 0.374391 0.047398
vt 0.374306 0.037885
vt 0.373782 0.028730
vt 0.370678 0.022194
vt 0.383787 0.047559
vt 0.383240 0.038428
vt 0.380130 0.031893
vt 0.393151 0.057312
vt 0.383890 0.057039
vt 0.392631 0.048221
vt 0.389543 0.041651
vt 0.403865 0.059932
vt 0.393204 0.067708
vt 0.398784 0.051588
vt 0.407867 0.067718
vt 0.401593 0.077921
vt 0.401550 0.066977
vt 0.623552 0.022356
vt 0.629825 0.019812
vt 0.627574 0.027343
vt 0.585742 0.022004
vt 0.592227 0.024047
vt 0.585742 0.028407
vt 0.595811 0.021915
vt 0.602257 0.024165
vt 0.595811 0.028305
vt 0.209266 0.609551
vt 0.214900 0.613549
vt 0.208052 0.615834
vt 0.502119 0.016867
vt 0.507183 0.020252
vt 0.501524 0.024813
vt 0.507364 0.025117
vt 0.501682 0.032316
vt 0.475872 0.064536
vt 0.469815 0.057866
vt 0.468224 0.071260
vt 0.474438 0.084226
vt 0.466644 0.084764
vt 0.470530 0.102934
vt 0.465105 0.098637
vt 0.463937 0.110735
vt 0.206473 0.566536
vt 0.214900 0.571133
vt 0.207211 0.574784
vt 0.469579 0.124787
vt 0.487497 0.052199
vt 0.468242 0.137913
vt 0.483870 0.144904
vt 0.678439 0.064133
vt 0.437542 0.301081
vt 0.440602 0.326088
vt 0.447412 0.306030
vt 0.445149 0.336592
vt 0.451093 0.325909
vt 0.011747 0.605329
vt 0.001792 0.595193
vt 0.012972 0.590544
vt 0.020147 0.625830
vt 0.011428 0.615425
vt 0.023547 0.613617
vt 0.021268 0.603862
vt 0.023709 0.590478
vt 0.031128 0.637643
vt 0.019458 0.635028
vt 0.033958 0.603664
vt 0.032463 0.590331
vt 0.436547 0.284690
vt 0.442387 0.117772
vt 0.442782 0.284113
vt 0.450561 0.295826
vt 0.448554 0.282122
vt 0.447408 0.121565
vt 0.459554 0.301514
vt 0.452624 0.282670
vt 0.457743 0.281676
vt 0.016047 0.573165
vt 0.009960 0.570647
vt 0.025710 0.571906
vt 0.022128 0.526589
vt 0.034640 0.571310
vt 0.036307 0.443148
vt 0.029960 0.442437
vt 0.451887 0.137203
vt 0.459937 0.134295
vt 0.012506 0.423335
vt 0.021100 0.431376
vt 0.442640 0.098148
vt 0.445962 0.105760
vt 0.001792 0.378165
vt 0.009834 0.379947
vt 0.002791 0.387796
vt 0.474098 0.160761
vt 0.009743 0.388256
vt 0.003077 0.395190
vt 0.458583 0.122664
vt 0.456258 0.115144
vt 0.447623 0.112470
vt 0.482408 0.165749
vt 0.018981 0.390105
vt 0.011886 0.397205
vt 0.473345 0.172051
vt 0.480363 0.175914
vt 0.020342 0.405734
vt 0.011538 0.404389
vt 0.018843 0.397524
vt 0.020744 0.413770
vt 0.012331 0.411793
vt 0.027959 0.399040
vt 0.479591 0.186071
vt 0.486759 0.189138
vt 0.028809 0.414547
vt 0.028224 0.406996
vt 0.030665 0.423345
vt 0.021654 0.421644
vt 0.037835 0.408710
vt 0.486311 0.199999
vt 0.497893 0.196386
vt 0.493907 0.203320
vt 0.037872 0.416647
vt 0.641193 0.427402
vt 0.653360 0.415334
vt 0.646060 0.425714
vt 0.653625 0.428204
vt 0.679220 0.427091
vt 0.684849 0.437901
vt 0.691575 0.429998
vt 0.645706 0.445096
vt 0.663409 0.428897
vt 0.654820 0.442605
vt 0.673430 0.438228
vt 0.664398 0.447474
vt 0.696269 0.443971
vt 0.709713 0.432704
vt 0.654428 0.455932
vt 0.678791 0.453991
vt 0.715472 0.442315
vt 0.699411 0.451551
vt 0.646039 0.461560
vt 0.673243 0.465858
vt 0.714589 0.451567
vt 0.707342 0.461291
vt 0.645999 0.470915
vt 0.663537 0.466101
vt 0.654717 0.477667
vt 0.686967 0.472741
vt 0.694352 0.456905
vt 0.702104 0.473093
vt 0.645780 0.480434
vt 0.489219 0.916882
vt 0.481441 0.924607
vt 0.481140 0.916907
vt 0.648731 0.490059
vt 0.655800 0.499446
vt 0.664265 0.514272
vt 0.673177 0.523449
vt 0.438123 0.911817
vt 0.443231 0.905050
vt 0.440632 0.913054
vt 0.440673 0.881260
vt 0.445530 0.877043
vt 0.443027 0.882344
vt 0.489403 0.907677
vt 0.436193 0.935465
vt 0.431556 0.944532
vt 0.432637 0.920846
vt 0.442546 0.924342
vt 0.441663 0.918658
vt 0.451118 0.919862
vt 0.447701 0.901739
vt 0.455825 0.897053
vt 0.454424 0.908058
vt 0.429802 0.934820
vt 0.434167 0.914576
vt 0.431426 0.900536
vt 0.441390 0.903530
vt 0.440524 0.898310
vt 0.452233 0.891806
vt 0.444225 0.887256
vt 0.454431 0.883596
vt 0.432797 0.893618
vt 0.437119 0.883782
vt 0.438431 0.874980
vt 0.430234 0.884711
vt 0.483853 0.910792
vt 0.458473 0.883939
vt 0.237864 0.891397
vt 0.243873 0.890608
vt 0.236110 0.899812
vt 0.478748 0.912790
vt 0.486799 0.899710
vt 0.480474 0.906887
vt 0.480471 0.897444
vt 0.484706 0.885367
vt 0.477896 0.893395
vt 0.488036 0.867849
vt 0.481097 0.880173
vt 0.480789 0.870644
vt 0.483794 0.864298
vt 0.478428 0.866377
vt 0.486618 0.854045
vt 0.480269 0.860404
vt 0.481247 0.851932
vt 0.485845 0.835073
vt 0.479689 0.840715
vt 0.443718 0.872807
vt 0.446535 0.873803
vt 0.439534 0.860093
vt 0.444336 0.853215
vt 0.441855 0.861405
vt 0.438069 0.838866
vt 0.443199 0.832046
vt 0.440575 0.840104
vt 0.440576 0.808463
vt 0.445461 0.804220
vt 0.442941 0.809550
vt 0.443661 0.799935
vt 0.446485 0.800929
vt 0.443029 0.866911
vt 0.453221 0.860957
vt 0.450779 0.870863
vt 0.447214 0.858627
vt 0.455649 0.848443
vt 0.436164 0.862599
vt 0.431940 0.871679
vt 0.432595 0.847978
vt 0.442480 0.851406
vt 0.441606 0.845717
vt 0.451084 0.846915
vt 0.447670 0.828776
vt 0.455799 0.824127
vt 0.454396 0.835124
vt 0.429648 0.863505
vt 0.434134 0.841634
vt 0.431400 0.827677
vt 0.441346 0.830527
vt 0.440480 0.825357
vt 0.452198 0.818894
vt 0.444161 0.814400
vt 0.454371 0.810651
vt 0.432773 0.820689
vt 0.437053 0.810929
vt 0.438372 0.802111
vt 0.442981 0.794035
vt 0.430220 0.811832
vt 0.436122 0.789711
vt 0.431918 0.798768
vt 0.441803 0.788541
vt 0.429634 0.790630
vt 0.243656 0.870366
vt 0.234893 0.880472
vt 0.246239 0.874527
vt 0.244218 0.880681
vt 0.237022 0.870389
vt 0.239078 0.857847
vt 0.244436 0.842116
vt 0.237923 0.845641
vt 0.246668 0.846542
vt 0.244706 0.853826
vt 0.239284 0.834845
vt 0.458434 0.811122
vt 0.244046 0.821871
vt 0.246582 0.826115
vt 0.244741 0.832231
vt 0.238080 0.822547
vt 0.236370 0.830986
vt 0.479685 0.831280
vt 0.483906 0.819167
vt 0.243919 0.800783
vt 0.235151 0.811665
vt 0.477114 0.827225
vt 0.487239 0.801750
vt 0.480309 0.813998
vt 0.480004 0.804462
vt 0.482997 0.798108
vt 0.477651 0.800187
vt 0.485819 0.787923
vt 0.479485 0.794213
vt 0.480453 0.785730
vt 0.485037 0.768956
vt 0.478909 0.774533
vt 0.478899 0.765114
vt 0.439477 0.787223
vt 0.444285 0.780346
vt 0.438017 0.765924
vt 0.443163 0.759058
vt 0.440521 0.767172
vt 0.453193 0.788015
vt 0.450742 0.797969
vt 0.447171 0.785737
vt 0.455612 0.775656
vt 0.432571 0.775094
vt 0.442425 0.778512
vt 0.441557 0.772804
vt 0.451036 0.773992
vt 0.447638 0.755820
vt 0.455773 0.751200
vt 0.454365 0.762207
vt 0.434106 0.768700
vt 0.431376 0.754822
vt 0.441300 0.757536
vt 0.440439 0.752398
vt 0.452164 0.745971
vt 0.444108 0.741503
vt 0.454332 0.737735
vt 0.237260 0.801533
vt 0.239333 0.789140
vt 0.244705 0.773280
vt 0.238181 0.776810
vt 0.246943 0.777689
vt 0.244886 0.785349
vt 0.239542 0.766002
vt 0.458416 0.738207
vt 0.244306 0.753037
vt 0.246857 0.757259
vt 0.245008 0.763380
vt 0.238337 0.753719
vt 0.236632 0.762150
vt 0.483107 0.752961
vt 0.244186 0.731940
vt 0.235420 0.742846
vt 0.237524 0.732713
vt 0.239593 0.720332
vt 0.549993 0.165359
vt 0.666600 0.135502
vt 0.577820 0.162893
vt 0.537226 0.175276
vt 0.720091 0.460647
vt 0.714840 0.471385
vt 0.723279 0.412836
vt 0.718811 0.422723
vt 0.710082 0.413349
vt 0.037100 0.647643
vt 0.027076 0.647275
vt 0.041966 0.615431
vt 0.032187 0.624905
vt 0.042425 0.593573
vt 0.705463 0.424453
vt 0.046928 0.637150
vt 0.038051 0.632885
vt 0.048256 0.623806
vt 0.053139 0.604096
vt 0.053237 0.595912
vt 0.046098 0.647254
vt 0.059357 0.655375
vt 0.045174 0.658421
vt 0.055890 0.643229
vt 0.057038 0.628847
vt 0.060929 0.611045
vt 0.068436 0.647837
vt 0.065062 0.639645
vt 0.070732 0.618618
vt 0.724931 0.448060
vt 0.733985 0.460127
vt 0.733703 0.445630
vt 0.079168 0.600099
vt 0.074379 0.590156
vt 0.725952 0.472073
vt 0.082063 0.648594
vt 0.084761 0.658527
vt 0.073549 0.658801
vt 0.078934 0.639277
vt 0.087501 0.630305
vt 0.072463 0.630548
vt 0.089036 0.610425
vt 0.715038 0.513742
vt 0.735608 0.471193
vt 0.726074 0.513259
vt 0.101903 0.648785
vt 0.128247 0.660544
vt 0.098478 0.640225
vt 0.117361 0.635559
vt 0.109660 0.625770
vt 0.088959 0.621277
vt 0.110098 0.611743
vt 0.090828 0.599018
vt 0.042810 0.450276
vt 0.044192 0.585244
vt 0.043388 0.573221
vt 0.049663 0.572423
vt 0.061912 0.579912
vt 0.071218 0.583397
vt 0.070028 0.563026
vt 0.062068 0.560372
vt 0.078742 0.564780
vt 0.083365 0.463160
vt 0.086688 0.570929
vt 0.092219 0.586414
vt 0.110497 0.598594
vt 0.097323 0.570808
vt 0.110945 0.581328
vt 0.102288 0.458614
vt 0.112902 0.563221
vt 0.040824 0.433081
vt 0.054652 0.452885
vt 0.053968 0.441723
vt 0.059953 0.448075
vt 0.060955 0.440844
vt 0.065907 0.462118
vt 0.074199 0.462423
vt 0.078043 0.451634
vt 0.440507 0.735602
vt 0.445404 0.731347
vt 0.442875 0.736689
vt 0.443608 0.727036
vt 0.446434 0.728036
vt 0.439434 0.714311
vt 0.444229 0.707428
vt 0.441748 0.715622
vt 0.092891 0.462270
vt 0.094511 0.444192
vt 0.079323 0.442710
vt 0.099938 0.447365
vt 0.098281 0.451342
vt 0.432757 0.747747
vt 0.437006 0.738035
vt 0.438326 0.729211
vt 0.442931 0.721128
vt 0.453151 0.715106
vt 0.450698 0.725061
vt 0.447112 0.712830
vt 0.430215 0.738912
vt 0.436106 0.716850
vt 0.431911 0.725866
vt 0.432705 0.701081
vt 0.429223 0.720499
vt 0.476334 0.761057
vt 0.486440 0.735653
vt 0.479521 0.747824
vt 0.479223 0.738284
vt 0.482198 0.731914
vt 0.476873 0.733999
vt 0.485020 0.721760
vt 0.478700 0.728027
vt 0.478628 0.718681
vt 0.483809 0.705513
vt 0.476451 0.714372
vt 0.478971 0.691611
vt 0.478914 0.707769
vt 0.112375 0.455931
vt 0.046619 0.421460
vt 0.040619 0.425653
vt 0.047436 0.426509
vt 0.509006 0.220413
vt 0.500283 0.221039
vt 0.047171 0.432995
vt 0.055973 0.426335
vt 0.500918 0.227405
vt 0.507668 0.228249
vt 0.061283 0.436115
vt 0.056370 0.433440
vt 0.066917 0.429619
vt 0.516453 0.233474
vt 0.524473 0.204374
vt 0.534132 0.236064
vt 0.076188 0.435688
vt 0.534941 0.196115
vt 0.533707 0.209574
vt 0.539792 0.227864
vt 0.545546 0.182054
vt 0.437956 0.692991
vt 0.442972 0.686254
vt 0.440456 0.694252
vt 0.544546 0.190119
vt 0.541786 0.205569
vt 0.544518 0.197808
vt 0.547577 0.224419
vt 0.542128 0.216229
vt 0.102318 0.439079
vt 0.524082 0.241688
vt 0.550130 0.237972
vt 0.546202 0.246943
vt 0.455574 0.702762
vt 0.442372 0.705590
vt 0.441498 0.699895
vt 0.448508 0.704083
vt 0.446165 0.691763
vt 0.447612 0.682880
vt 0.454695 0.673764
vt 0.454186 0.685739
vt 0.555395 0.177051
vt 0.558887 0.170221
vt 0.434032 0.695782
vt 0.435983 0.686942
vt 0.441163 0.684253
vt 0.440069 0.679197
vt 0.446300 0.671928
vt 0.551958 0.196270
vt 0.547566 0.203868
vt 0.555274 0.185380
vt 0.560992 0.190778
vt 0.483294 0.683779
vt 0.490197 0.671928
vt 0.488342 0.680855
vt 0.430621 0.677927
vt 0.430375 0.684527
vt 0.438033 0.673580
vt 0.549924 0.217768
vt 0.219099 0.378165
vt 0.224935 0.387183
vt 0.218761 0.386520
vt 0.244935 0.704307
vt 0.238366 0.704672
vt 0.247220 0.708839
vt 0.245163 0.716489
vt 0.237461 0.693162
vt 0.234066 0.685195
vt 0.246387 0.688037
vt 0.565606 0.183439
vt 0.487030 0.686280
vt 0.476172 0.687325
vt 0.479371 0.673230
vt 0.478757 0.681338
vt 0.221174 0.392581
vt 0.227079 0.391443
vt 0.221682 0.397568
vt 0.218095 0.392216
vt 0.215039 0.396484
vt 0.555136 0.219270
vt 0.557259 0.230515
vt 0.558533 0.223493
vt 0.556129 0.494708
vt 0.553537 0.485821
vt 0.529203 0.510738
vt 0.518007 0.511735
vt 0.552464 0.502667
vt 0.541216 0.503555
vt 0.563578 0.503165
vt 0.548126 0.508847
vt 0.543491 0.511828
vt 0.535213 0.511837
vt 0.498310 0.006075
vt 0.492130 0.008002
vt 0.492130 0.001821
vt 0.549971 0.941158
vt 0.557598 0.945646
vt 0.550694 0.948765
vt 0.559724 0.930200
vt 0.561856 0.939033
vt 0.529429 0.517711
vt 0.525307 0.521159
vt 0.533923 0.517745
vt 0.573853 0.926737
vt 0.575761 0.933668
vt 0.571310 0.934350
vt 0.538870 0.516566
vt 0.565949 0.929046
vt 0.566346 0.934839
vt 0.523151 0.529489
vt 0.518001 0.525880
vt 0.520167 0.535181
vt 0.326179 0.659857
vt 0.397122 0.665683
vt 0.550847 0.926558
vt 0.557680 0.917903
vt 0.569721 0.916802
vt 0.512486 0.518382
vt 0.512830 0.530933
vt 0.507554 0.529775
vt 0.579558 0.918989
vt 0.581848 0.925172
vt 0.656646 0.650062
vt 0.653099 0.645778
vt 0.656646 0.640246
vt 0.514425 0.540042
vt 0.614768 0.024449
vt 0.618396 0.028472
vt 0.615749 0.029316
vt 0.588584 0.010273
vt 0.593363 0.005820
vt 0.594832 0.011643
vt 0.614768 0.015227
vt 0.619967 0.022872
vt 0.145173 0.916678
vt 0.151451 0.923173
vt 0.142890 0.923432
vt 0.144705 0.906431
vt 0.157613 0.917059
vt 0.512156 0.550005
vt 0.507961 0.542794
vt 0.013045 0.954425
vt 0.020668 0.960373
vt 0.010604 0.963212
vt 0.014580 0.943342
vt 0.021394 0.954167
vt 0.259745 0.632777
vt 0.249045 0.642884
vt 0.507474 0.559325
vt 0.030157 0.959733
vt 0.021104 0.942212
vt 0.029782 0.953834
vt 0.564781 0.917982
vt 0.567812 0.645958
vt 0.144118 0.808859
vt 0.138140 0.915719
vt 0.130449 0.922067
vt 0.144990 0.694197
vt 0.008824 0.944950
vt 0.008865 0.690492
vt 0.015616 0.690240
vt 0.028477 0.915697
vt 0.548264 0.646204
vt 0.554765 0.646022
vt 0.560545 0.645539
vt 0.150652 0.692406
vt 0.157591 0.693126
vt 0.164680 0.692863
vt 0.320121 0.376977
vt 0.761233 0.175439
vt 0.830188 0.206090
vt 0.813593 0.187110
vt 0.794986 0.185858
vt 0.775864 0.184632
vt 0.297323 0.385308
vt 0.323816 0.395841
vt 0.813997 0.195727
vt 0.822913 0.195985
vt 0.804632 0.195491
vt 0.794849 0.195396
vt 0.548034 0.634614
vt 0.548663 0.627238
vt 0.555575 0.634939
vt 0.785290 0.193201
vt 0.814302 0.204969
vt 0.822812 0.205512
vt 0.805763 0.204046
vt 0.137166 0.678754
vt 0.143926 0.683836
vt 0.131715 0.686381
vt 0.130449 0.676485
vt 0.136501 0.670046
vt 0.143750 0.675541
vt 0.822885 0.215023
vt 0.829850 0.218023
vt 0.815286 0.213796
vt 0.156507 0.682925
vt 0.150673 0.677685
vt 0.149778 0.669747
vt 0.157194 0.675153
vt 0.170611 0.684132
vt 0.171273 0.694869
vt 0.164405 0.677751
vt 0.818152 0.220815
vt 0.823133 0.224910
vt 0.296696 0.396332
vt 0.014309 0.679185
vt 0.006446 0.679202
vt 0.179845 0.679352
vt 0.170755 0.676131
vt 0.825065 0.234777
vt 0.830081 0.239919
vt 0.022965 0.679098
vt 0.192022 0.684271
vt 0.178291 0.686006
vt 0.226003 0.654017
vt 0.228351 0.661089
vt 0.222575 0.661089
vt 0.632375 0.527965
vt 0.638785 0.519538
vt 0.638239 0.529115
vt 0.627712 0.520884
vt 0.633078 0.518649
vt 0.628261 0.539161
vt 0.620590 0.528553
vt 0.638267 0.553869
vt 0.628674 0.558445
vt 0.638789 0.564755
vt 0.627318 0.569689
vt 0.578859 0.495440
vt 0.608403 0.497942
vt 0.252891 0.952672
vt 0.252800 0.947979
vt 0.256508 0.945010
vt 0.250705 0.943018
vt 0.252959 0.938896
vt 0.252809 0.922197
vt 0.257790 0.923908
vt 0.250367 0.915316
vt 0.252519 0.910609
vt 0.245646 0.895450
vt 0.570919 0.504693
vt 0.593111 0.506568
vt 0.581304 0.505119
vt 0.604623 0.514961
vt 0.611013 0.515695
vt 0.612476 0.497907
vt 0.259432 0.950447
vt 0.620881 0.510525
vt 0.617840 0.504164
vt 0.623780 0.507241
vt 0.260304 0.938906
vt 0.206380 0.935598
vt 0.202177 0.947441
vt 0.200636 0.937998
vt 0.198050 0.923030
vt 0.204946 0.926684
vt 0.200611 0.917657
vt 0.258865 0.906687
vt 0.251645 0.894878
vt 0.488236 0.002189
vt 0.488236 0.008572
vt 0.482045 0.006133
vt 0.539403 0.950655
vt 0.546913 0.954741
vt 0.542643 0.956250
vt 0.575348 0.005382
vt 0.567527 0.011643
vt 0.567527 0.002648
vt 0.570180 0.508754
vt 0.524628 0.959304
vt 0.536780 0.962761
vt 0.524157 0.968410
vt 0.524707 0.947906
vt 0.842821 0.722851
vt 0.834100 0.726121
vt 0.835814 0.718904
vt 0.517101 0.968727
vt 0.518021 0.955641
vt 0.615638 0.516991
vt 0.614890 0.507456
vt 0.372064 0.671928
vt 0.372064 0.677263
vt 0.366990 0.673417
vt 0.630718 0.514506
vt 0.623844 0.516877
vt 0.619120 0.003232
vt 0.624723 0.008756
vt 0.619120 0.011643
vt 0.212013 0.954871
vt 0.205937 0.951160
vt 0.209692 0.949793
vt 0.216617 0.951799
vt 0.210862 0.943911
vt 0.211694 0.938548
vt 0.208420 0.929155
vt 0.827176 0.719396
vt 0.825099 0.728385
vt 0.512556 0.959867
vt 0.834584 0.731663
vt 0.824293 0.734771
vt 0.603986 0.524236
vt 0.598415 0.515301
vt 0.821021 0.708980
vt 0.821195 0.720716
vt 0.609650 0.525260
vt 0.811885 0.730489
vt 0.812783 0.737267
vt 0.815970 0.709420
vt 0.615111 0.526478
vt 0.614979 0.536724
vt 0.809793 0.717783
vt 0.620854 0.538271
vt 0.803541 0.737384
vt 0.803006 0.729758
vt 0.802737 0.718814
vt 0.811429 0.743407
vt 0.790671 0.737357
vt 0.793904 0.729678
vt 0.794139 0.719610
vt 0.784415 0.729592
vt 0.785286 0.719848
vt 0.621338 0.576136
vt 0.532313 0.847488
vt 0.541218 0.842614
vt 0.541988 0.930296
vt 0.523850 0.847514
vt 0.533211 0.939133
vt 0.518036 0.842975
vt 0.513073 0.839873
vt 0.507631 0.835602
vt 0.507474 0.966541
vt 0.815168 0.558440
vt 0.820844 0.577988
vt 0.810109 0.547679
vt 0.803754 0.547897
vt 0.795165 0.549833
vt 0.518693 0.702103
vt 0.786540 0.548875
vt 0.531582 0.645994
vt 0.524861 0.646287
vt 0.512116 0.704432
vt 0.507474 0.644591
vt 0.820602 0.386909
vt 0.816365 0.442655
vt 0.810058 0.444730
vt 0.803700 0.388745
vt 0.796088 0.388193
vt 0.756951 0.185089
vt 0.738868 0.185237
vt 0.539606 0.634730
vt 0.539784 0.645883
vt 0.534095 0.627278
vt 0.770771 0.192180
vt 0.531139 0.634729
vt 0.523510 0.634808
vt 0.756964 0.194545
vt 0.746955 0.194301
vt 0.737416 0.194202
vt 0.727979 0.194076
vt 0.518885 0.644299
vt 0.513084 0.645801
vt 0.511706 0.634463
vt 0.516607 0.628928
vt 0.752890 0.200048
vt 0.745667 0.202678
vt 0.736823 0.203334
vt 0.727713 0.203559
vt 0.815890 0.387324
vt 0.825839 0.376497
vt 0.816499 0.376986
vt 0.822489 0.371251
vt 0.741818 0.208507
vt 0.735664 0.211884
vt 0.727317 0.212931
vt 0.718984 0.213754
vt 0.810071 0.386398
vt 0.805232 0.376800
vt 0.811957 0.371172
vt 0.732549 0.218547
vt 0.726833 0.222616
vt 0.796811 0.376869
vt 0.793899 0.369796
vt 0.723524 0.236090
vt 0.717281 0.232290
vt 0.787593 0.387503
vt 0.787791 0.376869
vt 0.520361 0.583892
vt 0.517649 0.589887
vt 0.517290 0.583651
vt 0.853969 0.318461
vt 0.851481 0.322707
vt 0.848216 0.318040
vt 0.523961 0.590700
vt 0.517392 0.598514
vt 0.530400 0.595621
vt 0.527138 0.598455
vt 0.527615 0.594946
vt 0.859297 0.319113
vt 0.854228 0.323121
vt 0.870737 0.321837
vt 0.857742 0.325264
vt 0.872080 0.328240
vt 0.869801 0.332896
vt 0.866180 0.328256
vt 0.518458 0.607384
vt 0.528613 0.608416
vt 0.534164 0.600639
vt 0.540784 0.610362
vt 0.546817 0.606304
vt 0.547438 0.610604
vt 0.542854 0.603931
vt 0.549857 0.606340
vt 0.877919 0.329045
vt 0.872816 0.333368
vt 0.877730 0.316713
vt 0.530629 0.617160
vt 0.523518 0.616181
vt 0.541672 0.617126
vt 0.547713 0.617206
vt 0.646282 0.010223
vt 0.651833 0.006429
vt 0.651541 0.009698
vt 0.554514 0.610108
vt 0.516524 0.006350
vt 0.511158 0.008002
vt 0.511158 0.002546
vt 0.518825 0.620830
vt 0.516723 0.615399
vt 0.203376 0.303603
vt 0.210217 0.308092
vt 0.198055 0.312446
vt 0.549430 0.621946
vt 0.541863 0.622450
vt 0.555416 0.617642
vt 0.186846 0.304359
vt 0.186841 0.313040
vt 0.268806 0.652213
vt 0.296431 0.657819
vt 0.279435 0.658704
vt 0.511841 0.559460
vt 0.507951 0.576334
vt 0.038803 0.953961
vt 0.037351 0.943842
vt 0.029584 0.943865
vt 0.043437 0.944505
vt 0.036579 0.915035
vt 0.507573 0.002143
vt 0.504517 0.007731
vt 0.501894 0.003750
vt 0.519430 0.579460
vt 0.514036 0.579626
vt 0.513342 0.569673
vt 0.053662 0.952912
vt 0.050240 0.961857
vt 0.048630 0.942127
vt 0.267772 0.659541
vt 0.512521 0.588648
vt 0.507474 0.588052
vt 0.057230 0.962620
vt 0.054409 0.967635
vt 0.055612 0.939562
vt 0.854561 0.310550
vt 0.849560 0.310386
vt 0.061276 0.951264
vt 0.252122 0.660015
vt 0.512136 0.603492
vt 0.267359 0.664693
vt 0.860351 0.307094
vt 0.854844 0.299361
vt 0.866562 0.308899
vt 0.862451 0.109237
vt 0.856850 0.104186
vt 0.871691 0.310806
vt 0.241304 0.652515
vt 0.252551 0.665375
vt 0.240565 0.659115
vt 0.235317 0.658232
vt 0.234445 0.652110
vt 0.234181 0.642244
vt 0.656520 0.663217
vt 0.653099 0.658787
vt 0.656520 0.653646
vt 0.240666 0.668344
vt 0.223978 0.285175
vt 0.228973 0.290640
vt 0.223574 0.293893
vt 0.224364 0.273618
vt 0.229979 0.284511
vt 0.215154 0.294605
vt 0.220174 0.299893
vt 0.213833 0.302849
vt 0.215510 0.285420
vt 0.215768 0.274673
vt 0.206095 0.294887
vt 0.205676 0.282861
vt 0.194384 0.295047
vt 0.023911 0.690508
vt 0.053373 0.762530
vt 0.058575 0.762971
vt 0.852339 0.110530
vt 0.867458 0.035403
vt 0.203918 0.027919
vt 0.213798 0.018358
vt 0.032310 0.689541
vt 0.039675 0.689799
vt 0.047087 0.762839
vt 0.046091 0.688811
vt 0.250336 0.387303
vt 0.260429 0.387105
vt 0.861148 0.033908
vt 0.240381 0.641141
vt 0.241379 0.387173
vt 0.234066 0.386984
vt 0.229868 0.019507
vt 0.230481 0.274652
vt 0.222888 0.019887
vt 0.253107 0.376528
vt 0.192721 0.692026
vt 0.185781 0.688726
vt 0.298409 0.528758
vt 0.302253 0.371205
vt 0.273900 0.370457
vt 0.031928 0.678857
vt 0.027815 0.673376
vt 0.040067 0.678536
vt 0.825614 0.249329
vt 0.828926 0.268203
vt 0.822841 0.263779
vt 0.049828 0.677133
vt 0.050787 0.672082
vt 0.042393 0.672218
vt 0.821564 0.277233
vt 0.051650 0.688021
vt 0.252341 0.369167
vt 0.057317 0.688404
vt 0.058173 0.677156
vt 0.816998 0.271926
vt 0.812418 0.282187
vt 0.851215 0.035740
vt 0.856025 0.035023
vt 0.855503 0.024711
vt 0.849879 0.024392
vt 0.854600 0.018103
vt 0.846405 0.016767
vt 0.865690 0.024119
vt 0.860080 0.019382
vt 0.827960 0.289679
vt 0.820830 0.291527
vt 0.811967 0.291500
vt 0.804114 0.286084
vt 0.802966 0.292364
vt 0.798611 0.288076
vt 0.794057 0.292764
vt 0.875075 0.024155
vt 0.874528 0.017233
vt 0.864284 0.017053
vt 0.241476 0.376408
vt 0.241658 0.369728
vt 0.827376 0.300360
vt 0.820567 0.300342
vt 0.811754 0.300276
vt 0.801268 0.300094
vt 0.783718 0.295034
vt 0.781198 0.301075
vt 0.234734 0.376744
vt 0.235966 0.371044
vt 0.229262 0.009285
vt 0.222753 0.008886
vt 0.227931 0.003605
vt 0.826057 0.306033
vt 0.820331 0.307124
vt 0.212090 0.008866
vt 0.222332 0.002254
vt 0.807538 0.307416
vt 0.765285 0.736654
vt 0.774893 0.729591
vt 0.776464 0.718930
vt 0.766052 0.729103
vt 0.767929 0.717767
vt 0.757683 0.722227
vt 0.762103 0.708145
vt 0.627344 0.580379
vt 0.624623 0.584328
vt 0.755650 0.728228
vt 0.757053 0.700951
vt 0.754211 0.710706
vt 0.759354 0.731853
vt 0.754152 0.733226
vt 0.623877 0.592394
vt 0.616864 0.584039
vt 0.634750 0.584019
vt 0.914661 0.357804
vt 0.911105 0.362513
vt 0.909216 0.356937
vt 0.914572 0.345677
vt 0.907938 0.348538
vt 0.907714 0.338180
vt 0.750801 0.731958
vt 0.747818 0.726405
vt 0.749803 0.718979
vt 0.744473 0.722936
vt 0.744752 0.717447
vt 0.923040 0.358703
vt 0.916382 0.365583
vt 0.920594 0.346476
vt 0.752880 0.698414
vt 0.625981 0.597835
vt 0.610803 0.595147
vt 0.614098 0.605621
vt 0.609935 0.598440
vt 0.894310 0.340430
vt 0.881446 0.342990
vt 0.877172 0.336845
vt 0.891928 0.332289
vt 0.886167 0.317398
vt 0.894938 0.315981
vt 0.610952 0.023738
vt 0.608716 0.029603
vt 0.605841 0.023700
vt 0.902330 0.348260
vt 0.891620 0.351306
vt 0.887919 0.346052
vt 0.905910 0.356468
vt 0.901455 0.339120
vt 0.901972 0.327355
vt 0.742086 0.722418
vt 0.740163 0.717767
vt 0.322975 0.678450
vt 0.326442 0.672846
vt 0.327594 0.678450
vt 0.148647 0.340844
vt 0.152612 0.348356
vt 0.146248 0.351761
vt 0.221934 0.604665
vt 0.224274 0.604869
vt 0.227079 0.610905
vt 0.128472 0.359882
vt 0.135877 0.350129
vt 0.142718 0.356392
vt 0.331178 0.671928
vt 0.333904 0.677159
vt 0.332087 0.676728
vt 0.388659 0.678584
vt 0.385059 0.672037
vt 0.388328 0.671928
vt 0.179594 0.319772
vt 0.181368 0.328832
vt 0.175022 0.331865
vt 0.166975 0.328574
vt 0.171600 0.336523
vt 0.166191 0.337687
vt 0.472738 0.014899
vt 0.474933 0.009586
vt 0.478460 0.024087
vt 0.155833 0.326429
vt 0.151950 0.333607
vt 0.139878 0.340533
vt 0.104351 0.337551
vt 0.106234 0.350059
vt 0.175543 0.313148
vt 0.190877 0.318331
vt 0.167066 0.319994
vt 0.100680 0.321886
vt 0.097976 0.313586
vt 0.105482 0.304742
vt 0.768951 0.570192
vt 0.105367 0.283058
vt 0.105307 0.295375
vt 0.777638 0.511229
vt 0.763620 0.389119
vt 0.758297 0.389255
vt 0.908316 0.111240
vt 0.912751 0.094503
vt 0.753178 0.435791
vt 0.875340 0.035312
vt 0.901731 0.092124
vt 0.769980 0.388688
vt 0.893668 0.078835
vt 0.124558 0.029097
vt 0.778435 0.387591
vt 0.778531 0.376804
vt 0.778089 0.369767
vt 0.716909 0.262690
vt 0.723528 0.251914
vt 0.760723 0.376692
vt 0.770054 0.376785
vt 0.763600 0.371610
vt 0.767840 0.369429
vt 0.725453 0.262266
vt 0.758105 0.370118
vt 0.725396 0.271192
vt 0.730167 0.266834
vt 0.731824 0.272375
vt 0.918900 0.083770
vt 0.919217 0.035306
vt 0.753701 0.387360
vt 0.910203 0.024277
vt 0.920467 0.023972
vt 0.752902 0.376084
vt 0.750774 0.369167
vt 0.726028 0.280295
vt 0.735932 0.279904
vt 0.717651 0.287460
vt 0.709503 0.273010
vt 0.884479 0.034749
vt 0.884392 0.024080
vt 0.889812 0.017066
vt 0.893751 0.023981
vt 0.901597 0.034979
vt 0.893811 0.034377
vt 0.902411 0.023836
vt 0.903155 0.016618
vt 0.908458 0.035455
vt 0.912830 0.015846
vt 0.923040 0.016940
vt 0.735629 0.289859
vt 0.745571 0.290508
vt 0.726029 0.289631
vt 0.688583 0.049858
vt 0.685087 0.056635
vt 0.674125 0.049039
vt 0.754552 0.300056
vt 0.768398 0.295727
vt 0.743980 0.299279
vt 0.755142 0.293493
vt 0.725903 0.298541
vt 0.716951 0.298302
vt 0.696478 0.050728
vt 0.709645 0.298063
vt 0.730661 0.305820
vt 0.124870 0.018117
vt 0.130199 0.008973
vt 0.132662 0.001792
vt 0.112430 0.020509
vt 0.119106 0.002380
vt 0.118555 0.009115
vt 0.717164 0.305099
vt 0.108943 0.018105
vt 0.112593 0.003522
vt 0.109285 0.009257
vt 0.702503 0.052065
vt 0.695619 0.057597
vt 0.710766 0.303929
vt 0.472298 0.916941
vt 0.471923 0.924608
vt 0.648731 0.499558
vt 0.473915 0.913136
vt 0.682686 0.523650
vt 0.693900 0.524262
vt 0.702332 0.515958
vt 0.645674 0.014351
vt 0.645674 0.022394
vt 0.641791 0.018159
vt 0.464459 0.916905
vt 0.462058 0.924693
vt 0.654749 0.509501
vt 0.645795 0.519034
vt 0.640075 0.513412
vt 0.645930 0.509512
vt 0.646413 0.530315
vt 0.664005 0.533066
vt 0.654909 0.524815
vt 0.706511 0.533185
vt 0.654763 0.542378
vt 0.668510 0.541646
vt 0.686550 0.538137
vt 0.697743 0.539987
vt 0.645352 0.552928
vt 0.677330 0.547248
vt 0.649164 0.560543
vt 0.667490 0.555322
vt 0.686347 0.556477
vt 0.695126 0.546276
vt 0.707969 0.557883
vt 0.714505 0.546491
vt 0.657196 0.565892
vt 0.675323 0.562472
vt 0.666890 0.570848
vt 0.255988 0.896612
vt 0.252977 0.890208
vt 0.472783 0.906995
vt 0.472404 0.897621
vt 0.474311 0.893301
vt 0.472766 0.879673
vt 0.471580 0.870347
vt 0.473428 0.865997
vt 0.471495 0.850722
vt 0.473556 0.846723
vt 0.225158 0.949370
vt 0.220799 0.958978
vt 0.465859 0.909285
vt 0.218219 0.939617
vt 0.206968 0.914317
vt 0.198783 0.904467
vt 0.205531 0.905156
vt 0.200987 0.896033
vt 0.259936 0.888622
vt 0.224462 0.934466
vt 0.465939 0.895505
vt 0.207274 0.892812
vt 0.199491 0.885017
vt 0.206799 0.878362
vt 0.466910 0.881956
vt 0.225481 0.919025
vt 0.217358 0.909242
vt 0.223079 0.899121
vt 0.464568 0.862965
vt 0.212722 0.900820
vt 0.465412 0.849813
vt 0.224229 0.884054
vt 0.216051 0.879073
vt 0.224862 0.872331
vt 0.465828 0.839472
vt 0.213822 0.936452
vt 0.210941 0.927791
vt 0.221111 0.921246
vt 0.211850 0.922393
vt 0.212493 0.916904
vt 0.209130 0.907481
vt 0.214578 0.914806
vt 0.211716 0.906103
vt 0.213546 0.895167
vt 0.210189 0.887503
vt 0.215267 0.893917
vt 0.212127 0.881774
vt 0.218996 0.887624
vt 0.701369 0.575356
vt 0.701914 0.561342
vt 0.253033 0.880517
vt 0.256784 0.876527
vt 0.251017 0.874447
vt 0.253274 0.870100
vt 0.253099 0.852869
vt 0.258135 0.855038
vt 0.250674 0.846456
vt 0.252837 0.841747
vt 0.252012 0.826446
vt 0.256274 0.827772
vt 0.253099 0.821488
vt 0.253027 0.805863
vt 0.246045 0.805864
vt 0.471685 0.831444
vt 0.473579 0.827130
vt 0.472025 0.813517
vt 0.470846 0.804192
vt 0.472687 0.799814
vt 0.470773 0.784558
vt 0.472826 0.780547
vt 0.470966 0.765287
vt 0.202114 0.874233
vt 0.218540 0.470082
vt 0.215710 0.466245
vt 0.218540 0.460454
vt 0.217856 0.486918
vt 0.217856 0.473666
vt 0.218540 0.482154
vt 0.204488 0.853730
vt 0.197567 0.850067
vt 0.200138 0.844699
vt 0.259186 0.837724
vt 0.217811 0.866684
vt 0.210551 0.870987
vt 0.206496 0.841364
vt 0.198286 0.831410
vt 0.205034 0.832181
vt 0.200479 0.823037
vt 0.260134 0.821206
vt 0.224096 0.860294
vt 0.465232 0.828265
vt 0.206786 0.819911
vt 0.198964 0.813614
vt 0.206646 0.805258
vt 0.217856 0.503522
vt 0.217856 0.490503
vt 0.218493 0.498799
vt 0.466188 0.815864
vt 0.225061 0.846146
vt 0.216925 0.836304
vt 0.222643 0.826174
vt 0.463838 0.796805
vt 0.212224 0.827883
vt 0.464304 0.782483
vt 0.217440 0.793758
vt 0.215701 0.806137
vt 0.210316 0.798145
vt 0.465957 0.772123
vt 0.225114 0.797762
vt 0.223674 0.787387
vt 0.464511 0.762148
vt 0.209699 0.876622
vt 0.208141 0.856637
vt 0.211288 0.865598
vt 0.213434 0.863549
vt 0.210520 0.854820
vt 0.220731 0.848324
vt 0.211420 0.849446
vt 0.212054 0.843978
vt 0.208641 0.834485
vt 0.214162 0.841863
vt 0.211238 0.833115
vt 0.213016 0.822285
vt 0.209861 0.815130
vt 0.214843 0.821042
vt 0.211756 0.808832
vt 0.218599 0.814690
vt 0.209429 0.803694
vt 0.203299 0.802421
vt 0.210909 0.792776
vt 0.213050 0.790623
vt 0.252671 0.799985
vt 0.253256 0.783772
vt 0.258440 0.786285
vt 0.250977 0.777590
vt 0.253154 0.772887
vt 0.252296 0.757537
vt 0.256606 0.758923
vt 0.253412 0.752643
vt 0.253396 0.737015
vt 0.246317 0.737003
vt 0.252966 0.731123
vt 0.196743 0.798997
vt 0.199192 0.793471
vt 0.257832 0.806663
vt 0.205371 0.790060
vt 0.197074 0.777231
vt 0.203984 0.780868
vt 0.199660 0.771758
vt 0.259544 0.768808
vt 0.206047 0.768431
vt 0.197923 0.758354
vt 0.204715 0.759349
vt 0.200508 0.749922
vt 0.260923 0.756321
vt 0.212282 0.755960
vt 0.208621 0.745803
vt 0.199167 0.744631
vt 0.196305 0.726094
vt 0.202932 0.729427
vt 0.198731 0.720513
vt 0.258255 0.737867
vt 0.207518 0.783244
vt 0.210095 0.781855
vt 0.220312 0.775432
vt 0.210987 0.776509
vt 0.211600 0.771016
vt 0.208218 0.761558
vt 0.214424 0.769781
vt 0.213811 0.765965
vt 0.210930 0.760386
vt 0.209664 0.741214
vt 0.206382 0.731920
vt 0.253575 0.714899
vt 0.258761 0.717346
vt 0.587964 0.171480
vt 0.717582 0.537417
vt 0.719823 0.527278
vt 0.132070 0.652477
vt 0.129165 0.643593
vt 0.129915 0.622965
vt 0.132553 0.602141
vt 0.130318 0.631617
vt 0.145138 0.637238
vt 0.142282 0.624193
vt 0.128827 0.613538
vt 0.144254 0.612289
vt 0.155747 0.656207
vt 0.146209 0.663492
vt 0.141591 0.652755
vt 0.150979 0.644204
vt 0.151064 0.621557
vt 0.146890 0.594890
vt 0.161462 0.610868
vt 0.725554 0.548064
vt 0.731435 0.532901
vt 0.160316 0.646740
vt 0.161667 0.633568
vt 0.161049 0.616375
vt 0.168377 0.604483
vt 0.169924 0.655965
vt 0.169914 0.643879
vt 0.174498 0.624343
vt 0.714311 0.566192
vt 0.720668 0.556924
vt 0.180486 0.655694
vt 0.169837 0.666162
vt 0.181750 0.646497
vt 0.181270 0.634672
vt 0.184221 0.617737
vt 0.176217 0.598167
vt 0.185914 0.610083
vt 0.472850 0.760966
vt 0.125681 0.591052
vt 0.125787 0.570686
vt 0.135184 0.584177
vt 0.135774 0.565404
vt 0.147952 0.584439
vt 0.149509 0.466386
vt 0.154089 0.565345
vt 0.145193 0.566870
vt 0.159845 0.588260
vt 0.176613 0.589372
vt 0.159590 0.573614
vt 0.175385 0.457345
vt 0.176686 0.577082
vt 0.471294 0.747371
vt 0.470432 0.738293
vt 0.472388 0.734037
vt 0.470141 0.729931
vt 0.470063 0.718541
vt 0.472366 0.714447
vt 0.470495 0.708330
vt 0.470465 0.692726
vt 0.470344 0.687298
vt 0.465466 0.749609
vt 0.224640 0.773088
vt 0.222574 0.761208
vt 0.463601 0.738012
vt 0.220662 0.751887
vt 0.462058 0.728791
vt 0.216262 0.742421
vt 0.204915 0.717118
vt 0.464906 0.725491
vt 0.224196 0.746625
vt 0.222826 0.735045
vt 0.463444 0.714455
vt 0.465191 0.706103
vt 0.224628 0.724993
vt 0.219396 0.723901
vt 0.222462 0.709838
vt 0.463498 0.691498
vt 0.465382 0.686233
vt 0.135695 0.454998
vt 0.211974 0.739571
vt 0.208957 0.730580
vt 0.209855 0.725213
vt 0.210478 0.719853
vt 0.212657 0.717707
vt 0.127165 0.469102
vt 0.140119 0.463850
vt 0.141989 0.454400
vt 0.135391 0.449103
vt 0.157956 0.445944
vt 0.158700 0.455066
vt 0.158825 0.467487
vt 0.169373 0.458910
vt 0.173561 0.445556
vt 0.187622 0.458021
vt 0.185020 0.577122
vt 0.184043 0.448952
vt 0.251287 0.708730
vt 0.253477 0.704025
vt 0.245231 0.694579
vt 0.252935 0.689676
vt 0.257261 0.690307
vt 0.254458 0.684687
vt 0.244290 0.684786
vt 0.254102 0.677693
vt 0.244341 0.677726
vt 0.564413 0.177045
vt 0.574815 0.170944
vt 0.572977 0.177557
vt 0.470271 0.680850
vt 0.468645 0.673204
vt 0.220505 0.408221
vt 0.213974 0.408031
vt 0.216187 0.412549
vt 0.219230 0.412834
vt 0.575544 0.236629
vt 0.206473 0.412073
vt 0.578017 0.245323
vt 0.196592 0.704193
vt 0.203524 0.707913
vt 0.199180 0.698798
vt 0.259975 0.701691
vt 0.205540 0.695469
vt 0.197400 0.687265
vt 0.204004 0.686380
vt 0.199037 0.677708
vt 0.266893 0.685278
vt 0.263822 0.677443
vt 0.256200 0.671928
vt 0.204967 0.675884
vt 0.224907 0.702899
vt 0.219826 0.702884
vt 0.223578 0.696867
vt 0.463959 0.680233
vt 0.216207 0.690632
vt 0.222613 0.688862
vt 0.462114 0.672611
vt 0.221660 0.681891
vt 0.211518 0.682780
vt 0.226129 0.683013
vt 0.222061 0.418553
vt 0.207070 0.710281
vt 0.209670 0.708889
vt 0.210553 0.703564
vt 0.211178 0.698156
vt 0.207644 0.688518
vt 0.273211 0.681542
vt 0.213179 0.696573
vt 0.210305 0.687270
vt 0.213057 0.677449
vt 0.274537 0.692546
vt 0.268490 0.693631
vt 0.227079 0.424716
vt 0.220939 0.426476
vt 0.276996 0.695416
vt 0.271645 0.697869
vt 0.209306 0.425145
vt 0.214676 0.426130
vt 0.570563 0.231751
vt 0.582550 0.226134
vt 0.595909 0.183993
vt 0.588279 0.185321
vt 0.595841 0.199555
vt 0.588203 0.200111
vt 0.588923 0.205754
vt 0.594395 0.212873
vt 0.585929 0.211387
vt 0.584344 0.218860
vt 0.596208 0.253342
vt 0.575570 0.258634
vt 0.605754 0.195921
vt 0.604061 0.236162
vt 0.614420 0.221336
vt 0.596039 0.246813
vt 0.541881 0.012384
vt 0.535399 0.026537
vt 0.535399 0.011586
vt 0.645461 0.186995
vt 0.614319 0.235216
vt 0.604269 0.247315
vt 0.612258 0.247073
vt 0.622986 0.251090
vt 0.610994 0.251133
vt 0.632277 0.206769
vt 0.626615 0.224293
vt 0.510949 0.011586
vt 0.519566 0.016833
vt 0.510949 0.023958
vt 0.624344 0.241911
vt 0.628069 0.235127
vt 0.639380 0.570380
vt 0.644027 0.581242
vt 0.645371 0.571268
vt 0.676905 0.579111
vt 0.686379 0.565661
vt 0.693679 0.571389
vt 0.657485 0.579881
vt 0.689597 0.580780
vt 0.645659 0.589552
vt 0.666868 0.589551
vt 0.697438 0.585427
vt 0.660172 0.597722
vt 0.649259 0.597001
vt 0.682897 0.588672
vt 0.676388 0.595500
vt 0.093641 0.369810
vt 0.110148 0.361209
vt 0.116925 0.368852
vt 0.076640 0.359666
vt 0.082591 0.367838
vt 0.066144 0.366188
vt 0.031828 0.343020
vt 0.037849 0.333395
vt 0.047419 0.342280
vt 0.093055 0.360491
vt 0.085674 0.349485
vt 0.069284 0.349999
vt 0.056934 0.350828
vt 0.049404 0.322710
vt 0.056945 0.327953
vt 0.028216 0.315615
vt 0.046200 0.307543
vt 0.045568 0.314771
vt 0.090548 0.337291
vt 0.068127 0.329876
vt 0.085921 0.320542
vt 0.081268 0.328558
vt 0.076721 0.312271
vt 0.056381 0.316088
vt 0.068623 0.301718
vt 0.086145 0.301538
vt 0.029057 0.302284
vt 0.039320 0.291805
vt 0.054921 0.292446
vt 0.051286 0.189391
vt 0.053201 0.093943
vt 0.063421 0.285110
vt 0.045310 0.280140
vt 0.093067 0.283028
vt 0.083382 0.281404
vt 0.063867 0.198169
vt 0.072460 0.181948
vt 0.073767 0.282919
vt 0.032372 0.103315
vt 0.033786 0.284012
vt 0.027363 0.114659
vt 0.041020 0.097498
vt 0.090077 0.057221
vt 0.079642 0.067668
vt 0.674289 0.161202
vt 0.666053 0.150540
vt 0.675376 0.149809
vt 0.047558 0.095241
vt 0.050039 0.082535
vt 0.684363 0.152475
vt 0.694950 0.152703
vt 0.681866 0.165783
vt 0.028136 0.101022
vt 0.033348 0.087843
vt 0.680720 0.158323
vt 0.070734 0.068454
vt 0.061828 0.078308
vt 0.683637 0.083164
vt 0.685704 0.066838
vt 0.681352 0.103058
vt 0.679633 0.121449
vt 0.677230 0.136747
vt 0.693457 0.069248
vt 0.691771 0.083440
vt 0.690148 0.096787
vt 0.688506 0.110013
vt 0.687148 0.122552
vt 0.686335 0.131650
vt 0.682939 0.145338
vt 0.690866 0.148433
vt 0.686669 0.140038
vt 0.099485 0.037155
vt 0.099749 0.018740
vt 0.099449 0.027721
vt 0.102737 0.012322
vt 0.700659 0.064985
vt 0.704046 0.058857
vt 0.089978 0.046783
vt 0.090301 0.028417
vt 0.089965 0.037366
vt 0.093297 0.021990
vt 0.698992 0.078341
vt 0.702338 0.072125
vt 0.080477 0.047028
vt 0.080466 0.056434
vt 0.080851 0.038101
vt 0.083867 0.031687
vt 0.697306 0.091712
vt 0.700643 0.085489
vt 0.071021 0.056753
vt 0.071407 0.047827
vt 0.074436 0.041400
vt 0.695531 0.105083
vt 0.698889 0.098853
vt 0.062153 0.066495
vt 0.062187 0.057694
vt 0.065056 0.051208
vt 0.693612 0.118477
vt 0.696972 0.112225
vt 0.055091 0.067394
vt 0.693660 0.137484
vt 0.056475 0.061236
vt 0.691944 0.131567
vt 0.694904 0.125543
vt 0.189147 0.650648
vt 0.189854 0.657474
vt 0.193391 0.639321
vt 0.191256 0.629021
vt 0.197872 0.648449
vt 0.193599 0.620265
vt 0.202264 0.610931
vt 0.202889 0.621384
vt 0.198747 0.602740
vt 0.030309 0.352563
vt 0.036129 0.360558
vt 0.021922 0.351870
vt 0.020612 0.343026
vt 0.009765 0.344036
vt 0.011779 0.334214
vt 0.018397 0.325249
vt 0.023942 0.334521
vt 0.006898 0.325482
vt 0.015590 0.316185
vt 0.001792 0.315469
vt 0.008048 0.306859
vt 0.033255 0.324677
vt 0.018096 0.302769
vt 0.186618 0.601643
vt 0.194931 0.586970
vt 0.691612 0.349077
vt 0.704046 0.355885
vt 0.688641 0.362299
vt 0.005535 0.292339
vt 0.009467 0.284601
vt 0.020541 0.280762
vt 0.195063 0.449358
vt 0.644314 0.237580
vt 0.671455 0.347005
vt 0.635053 0.247940
vt 0.650706 0.235888
vt 0.683978 0.343709
vt 0.667388 0.221569
vt 0.699329 0.345530
vt 0.661130 0.223623
vt 0.026455 0.281555
vt 0.019779 0.120628
vt 0.633433 0.222690
vt 0.634907 0.213721
vt 0.531815 0.011586
vt 0.531815 0.023875
vt 0.523150 0.014906
vt 0.631127 0.240644
vt 0.633350 0.230681
vt 0.644551 0.201336
vt 0.643505 0.209908
vt 0.641382 0.228814
vt 0.639702 0.222993
vt 0.652558 0.224349
vt 0.643614 0.218072
vt 0.656341 0.175299
vt 0.654256 0.188308
vt 0.653446 0.197051
vt 0.657326 0.233940
vt 0.651623 0.216238
vt 0.649804 0.210286
vt 0.662582 0.210883
vt 0.653618 0.205290
vt 0.666611 0.161114
vt 0.664251 0.176142
vt 0.663394 0.184014
vt 0.672807 0.218864
vt 0.661495 0.203315
vt 0.671532 0.198719
vt 0.659680 0.197357
vt 0.663518 0.192186
vt 0.673296 0.171005
vt 0.009918 0.138187
vt 0.013787 0.115768
vt 0.016798 0.106642
vt 0.671535 0.189671
vt 0.669646 0.183995
vt 0.682222 0.179449
vt 0.673526 0.178547
vt 0.679160 0.171487
vt 0.637252 0.009098
vt 0.501708 0.653641
vt 0.653099 0.674890
vt 0.653099 0.666801
vt 0.656767 0.671773
vt 0.609707 0.004099
vt 0.572447 0.032612
vt 0.567527 0.030918
vt 0.572447 0.015227
vt 0.991601 0.300077
vt 0.454103 0.659433
vt 0.508274 0.387491
vt 0.660994 0.004860
vt 0.577768 0.015227
vt 0.585432 0.907251
vt 0.089565 0.918461
vt 0.519841 0.397183
vt 0.591694 0.895969
vt 0.260832 0.029432
vt 0.983898 0.018227
vt 0.479769 0.370422
vt 0.993078 0.026029
vt 0.826507 0.081039
vt 0.821672 0.076674
vt 0.363406 0.671928
vt 0.375880 0.672113
vt 0.463521 0.022550
vt 0.595543 0.369167
vt 0.467394 0.032638
vt 0.334184 0.353013
vt 0.212893 0.627408
vt 0.362395 0.365424
vt 0.942537 0.710931
vt 0.944334 0.717658
vt 0.943244 0.723278
vt 0.923040 0.743203
vt 0.722872 0.036340
vt 0.707630 0.042519
vt 0.944721 0.017363
vt 0.926624 0.015846
vt 0.943129 0.369167
vt 0.924327 0.370108
vt 0.525917 0.455591
vt 0.674362 0.009849
vt 0.674362 0.002404
vt 0.679078 0.006479
vt 0.514727 0.435936
vt 0.226815 0.635380
vt 0.227299 0.622727
vt 0.410966 0.664817
vt 0.649514 0.926327
vt 0.812208 0.135177
vt 0.222575 0.643879
vt 0.227079 0.639140
vt 0.227079 0.650432
vt 0.786521 0.150811
vt 0.503889 0.915222
vt 0.617281 0.440922
vt 0.726773 0.977788
vt 0.856223 0.732709
vt 0.598662 0.469916
vt 0.439836 0.957367
vt 0.520108 0.002546
vt 0.525258 0.006123
vt 0.520108 0.007929
vt 0.208052 0.653476
vt 0.213737 0.659868
vt 0.208052 0.660799
vt 0.846405 0.724001
vt 0.498022 0.908970
vt 0.882149 0.389023
vt 0.767379 0.150492
vt 0.391637 0.358188
vt 0.385569 0.364351
vt 0.402996 0.357802
vt 0.657424 0.380543
vt 0.683240 0.396448
vt 0.691306 0.396644
vt 0.694261 0.387101
vt 0.705966 0.396472
vt 0.425798 0.356177
vt 0.715328 0.404135
vt 0.700897 0.415737
vt 0.214654 0.593826
vt 0.208803 0.600468
vt 0.623552 0.015227
vt 0.673639 0.021305
vt 0.677623 0.016136
vt 0.677623 0.024919
vt 0.590183 0.015227
vt 0.415249 0.671928
vt 0.415249 0.678367
vt 0.409439 0.672581
vt 0.600286 0.015227
vt 0.665507 0.020673
vt 0.670054 0.016136
vt 0.670054 0.024293
vt 0.214900 0.604052
vt 0.405855 0.671928
vt 0.405192 0.678291
vt 0.400229 0.671928
vt 0.507364 0.011586
vt 0.315322 0.676697
vt 0.319390 0.671928
vt 0.319390 0.679834
vt 0.415981 0.068862
vt 0.409094 0.060297
vt 0.463521 0.117543
vt 0.445443 0.317245
vt 0.438142 0.345574
vt 0.002610 0.606594
vt 0.455241 0.316080
vt 0.435000 0.356094
vt 0.018150 0.647167
vt 0.011295 0.635988
vt 0.011455 0.626525
vt 0.488546 0.032638
vt 0.482044 0.023739
vt 0.488546 0.012156
vt 0.435357 0.088064
vt 0.003213 0.401788
vt 0.032645 0.431438
vt 0.489686 0.885706
vt 0.490774 0.879323
vt 0.428481 0.918310
vt 0.489098 0.860946
vt 0.488379 0.841420
vt 0.477962 0.846677
vt 0.488881 0.819606
vt 0.489990 0.813150
vt 0.428481 0.845352
vt 0.488305 0.794781
vt 0.487578 0.775273
vt 0.477194 0.780492
vt 0.488078 0.753484
vt 0.489206 0.746984
vt 0.729976 0.422685
vt 0.724529 0.432112
vt 0.735708 0.514617
vt 0.428485 0.772388
vt 0.487510 0.728603
vt 0.544392 0.256793
vt 0.566715 0.252411
vt 0.493434 0.213896
vt 0.553798 0.205456
vt 0.429553 0.696687
vt 0.552393 0.213156
vt 0.234661 0.677524
vt 0.486100 0.672273
vt 0.559446 0.508180
vt 0.555269 0.509382
vt 0.579720 0.929694
vt 0.531008 0.523018
vt 0.517419 0.536042
vt 0.337824 0.665605
vt 0.313029 0.658573
vt 0.588584 0.003622
vt 0.218602 0.601081
vt 0.218602 0.590772
vt 0.227079 0.596648
vt 0.001792 0.942579
vt 0.002791 0.689179
vt 0.152850 0.909047
vt 0.336011 0.369836
vt 0.558366 0.626632
vt 0.567297 0.634316
vt 0.324091 0.370433
vt 0.642588 0.027642
vt 0.578933 0.002307
vt 0.585000 0.009571
vt 0.578933 0.011643
vt 0.528842 0.002164
vt 0.533582 0.003868
vt 0.528842 0.007929
vt 0.262791 0.948350
vt 0.260733 0.919748
vt 0.563861 0.509288
vt 0.591442 0.513362
vt 0.583335 0.512424
vt 0.516727 0.977195
vt 0.626188 0.512183
vt 0.396645 0.671928
vt 0.396645 0.679582
vt 0.392243 0.675470
vt 0.205276 0.956610
vt 0.218540 0.515307
vt 0.216180 0.512071
vt 0.218540 0.507106
vt 0.830949 0.710601
vt 0.555525 0.015227
vt 0.563942 0.020386
vt 0.555525 0.026537
vt 0.555525 0.002487
vt 0.563888 0.002487
vt 0.559692 0.011643
vt 0.823149 0.738911
vt 0.773354 0.741405
vt 0.520453 0.626802
vt 0.509610 0.627270
vt 0.828455 0.369251
vt 0.669251 0.009849
vt 0.664578 0.003588
vt 0.670778 0.003588
vt 0.818728 0.369528
vt 0.807519 0.369167
vt 0.216180 0.528072
vt 0.216180 0.518891
vt 0.217810 0.524981
vt 0.541856 0.002575
vt 0.537357 0.007929
vt 0.537166 0.002575
vt 0.646282 0.002545
vt 0.529356 0.620945
vt 0.525412 0.622088
vt 0.040380 0.960412
vt 0.507573 0.008002
vt 0.061170 0.970322
vt 0.551355 0.001926
vt 0.551355 0.008589
vt 0.545465 0.008514
vt 0.061276 0.669747
vt 0.209585 0.001792
vt 0.600672 0.004487
vt 0.605381 0.011642
vt 0.598416 0.011642
vt 0.611184 0.029384
vt 0.611184 0.015227
vt 0.324044 0.671928
vt 0.157099 0.342233
vt 0.221934 0.619142
vt 0.335918 0.671928
vt 0.383920 0.678584
vt 0.185121 0.323879
vt 0.473097 0.009404
vt 0.472738 0.032638
vt 0.560836 0.623047
vt 0.836896 0.345573
vt 0.841189 0.036222
vt 0.841189 0.348026
vt 0.914058 0.034723
vt 0.709327 0.289447
vt 0.424897 0.671928
vt 0.419895 0.678212
vt 0.418833 0.671928
vt 0.226129 0.957309
vt 0.261329 0.899518
vt 0.262302 0.879381
vt 0.261069 0.850887
vt 0.261650 0.830609
vt 0.223536 0.809928
vt 0.260303 0.802315
vt 0.261395 0.782040
vt 0.261981 0.761769
vt 0.260629 0.733458
vt 0.736579 0.541389
vt 0.731537 0.555550
vt 0.161136 0.665240
vt 0.725997 0.566130
vt 0.125958 0.443330
vt 0.208383 0.396793
vt 0.261733 0.713174
vt 0.263244 0.693285
vt 0.197382 0.669747
vt 0.224721 0.415319
vt 0.580957 0.178633
vt 0.223861 0.429635
vt 0.573048 0.220527
vt 0.657494 0.017429
vt 0.661923 0.014351
vt 0.661923 0.024293
vt 0.217468 0.437189
vt 0.492130 0.011586
vt 0.497940 0.030883
vt 0.492130 0.032637
vt 0.216364 0.440773
vt 0.218540 0.449417
vt 0.216364 0.456870
vt 0.551941 0.012173
vt 0.551941 0.026537
vt 0.545465 0.022401
vt 0.706996 0.576763
vt 0.705608 0.586436
vt 0.076066 0.374581
vt 0.059713 0.370946
vt 0.055758 0.360431
vt 0.044740 0.366986
vt 0.041797 0.351997
vt 0.076677 0.340487
vt 0.064747 0.338851
vt 0.048238 0.076283
vt 0.717110 0.575842
vt 0.024278 0.361428
vt 0.016274 0.355255
vt 0.202525 0.630449
vt 0.696288 0.365583
vt 0.191732 0.576998
vt 0.678375 0.353166
vt 0.013962 0.283192
vt 0.206473 0.562952
vt 0.206473 0.440773
vt 0.211905 0.560864
vt 0.227079 0.587188
vt 0.222124 0.441112
vt 0.227079 0.440773
vt 0.702466 0.337389
vt 0.633410 0.015227
vt 0.638207 0.019447
vt 0.633410 0.027642
vt 0.653099 0.626631
vt 0.656774 0.631798
vt 0.653099 0.636661
vt 0.679104 0.199684
vt 0.028592 0.091714
s 1
usemtl left_finger4_upper_mat
f 4/1/1 2/2/2 3/3/3
f 8/4/4 5/5/5 4/1/1
f 11/6/6 2/7/2 10/8/7
f 11/6/6 1/9/8 3/10/9
f 13/11/10 5/12/5 12/13/11
f 13/11/10 2/7/2 5/12/5
f 6/14/12 12/13/11 5/12/5
f 11/6/6 17/15/13 16/16/14
f 16/16/14 9/17/15 11/6/6
f 13/11/10 18/18/16 19/19/17
f 19/19/17 10/8/7 13/11/10
f 15/20/18 20/21/19 21/22/20
f 21/23/20 12/13/11 15/24/18
f 16/16/14 25/25/21 24/26/22
f 19/19/17 28/27/23 29/28/24
f 29/28/24 17/15/13 19/19/17
f 27/29/25 26/30/26 29/31/27
f 28/27/23 18/18/16 21/23/20
f 22/32/28 28/33/29 21/34/30
f 31/35/31 29/31/27 30/36/32
f 23/37/33 30/36/32 22/32/28
f 24/26/22 25/25/21 33/38/34
f 34/39/35 25/25/21 26/40/36
f 35/41/37 25/42/38 34/43/39
f 27/29/25 34/43/39 26/30/26
f 36/44/40 32/45/41 33/38/34
f 41/46/42 37/47/43 38/48/44
f 42/49/45 38/48/44 39/50/46
f 43/51/47 1/52/48 40/53/49
f 44/54/50 40/53/49 41/46/42
f 44/54/50 41/46/42 42/49/45
f 45/55/51 3/3/3 43/51/47
f 46/56/52 43/51/47 44/54/50
f 47/57/53 4/1/1 45/55/51
f 49/58/54 37/59/43 48/60/55
f 39/61/46 49/58/54 50/62/56
f 9/63/15 37/64/43 40/65/49
f 52/66/57 48/60/55 51/67/58
f 50/62/56 52/66/57 53/68/59
f 54/69/60 9/17/15 16/16/14
f 54/70/60 48/60/55 9/71/15
f 53/68/59 52/66/57 56/72/61
f 53/68/59 56/72/61 57/73/62
f 61/74/63 59/75/64 60/76/65
f 62/77/66 27/29/25 31/35/31
f 62/77/66 23/37/33 55/78/67
f 52/66/57 63/79/68 64/80/69
f 54/69/60 32/45/41 65/81/70
f 65/82/70 51/67/58 54/70/60
f 66/83/71 33/84/72 35/41/37
f 58/85/73 35/41/37 27/29/25
f 59/86/64 69/87/74 58/88/73
f 65/81/70 32/45/41 71/89/75
f 71/90/75 63/91/68 65/92/70
f 73/93/76 32/94/41 36/95/40
f 66/96/71 36/97/77 33/98/72
f 67/99/78 73/100/76 66/101/71
f 75/102/79 67/99/78 68/103/80
f 76/104/81 70/105/82 71/106/75
f 73/107/76 77/108/83 76/109/84
f 74/110/85 78/111/86 77/108/83
f 42/49/45 39/50/46 80/112/87
f 81/113/88 62/77/66 55/78/67
f 82/114/89 69/87/74 59/86/64
f 44/54/50 42/49/45 87/115/90
f 46/56/52 44/54/50 88/116/91
f 80/117/87 50/62/56 90/118/92
f 90/118/92 53/68/59 91/119/93
f 91/119/93 57/73/62 93/120/94
f 94/121/95 82/122/89 61/74/63
f 92/123/96 61/74/63 62/77/66
f 84/124/97 95/125/98 68/103/80
f 86/126/99 96/127/100 72/128/101
f 86/129/99 68/103/80 95/125/98
f 79/130/102 72/128/101 96/127/100
f 87/115/90 98/131/103 100/132/104
f 100/132/104 99/133/105 101/134/106
f 88/116/91 100/132/104 102/135/107
f 102/135/107 101/134/106 103/136/108
f 105/137/109 102/135/107 103/136/108
f 98/138/103 90/118/92 106/139/110
f 99/140/105 106/139/110 107/141/111
f 108/142/112 99/143/105 107/144/111
f 109/145/113 101/146/106 108/142/112
f 110/147/114 103/148/108 109/145/113
f 111/149/115 103/148/108 110/147/114
f 112/150/116 90/118/92 91/119/93
f 107/141/111 112/150/116 113/151/117
f 114/152/118 107/144/111 113/153/117
f 115/154/119 108/142/112 114/152/118
f 116/155/120 109/145/113 115/154/119
f 118/156/121 110/147/114 116/155/120
f 119/157/122 92/123/96 81/113/88
f 120/158/123 117/159/124 119/157/122
f 120/160/125 111/149/126 118/156/121
f 112/150/116 91/119/93 93/120/94
f 122/161/127 113/153/117 121/162/128
f 123/163/129 114/152/118 122/161/127
f 125/164/130 115/154/119 123/163/129
f 117/159/124 82/122/89 94/121/95
f 126/165/131 124/166/132 117/167/124
f 126/165/131 117/167/124 118/168/121
f 126/165/131 116/169/120 125/170/130
f 128/171/133 112/150/116 127/172/134
f 129/173/135 121/162/128 128/174/136
f 131/175/137 122/161/127 129/173/138
f 130/176/139 95/125/98 84/124/97
f 130/176/139 82/114/89 124/166/132
f 132/177/140 124/166/132 125/170/130
f 132/177/140 123/178/129 131/179/137
f 133/180/141 96/181/100 86/129/99
f 133/180/141 95/125/98 130/176/139
f 135/182/142 130/176/139 131/179/137
f 135/182/142 129/183/138 134/184/143
f 333/185/144 83/186/145 85/187/146
f 136/188/147 83/186/145 333/185/144
f 127/172/134 93/120/94 136/188/147
f 138/189/148 96/127/100 133/190/141
f 139/191/149 133/180/141 134/184/143
f 139/192/150 128/174/136 137/193/151
f 144/194/152 6/195/12 7/196/153
f 144/194/152 8/4/4 146/197/154
f 147/198/155 144/194/152 148/199/156
f 151/200/157 14/201/158 15/202/159
f 143/203/160 15/24/159 6/14/12
f 152/204/161 149/205/162 150/206/163
f 152/204/161 150/206/163 151/200/157
f 145/207/164 151/200/157 143/208/160
f 154/209/165 149/205/162 152/204/161
f 157/210/166 154/209/165 155/211/167
f 156/212/168 154/209/165 157/210/166
f 147/198/155 157/210/166 145/207/164
f 160/213/169 149/214/170 159/215/171
f 160/216/169 14/217/172 150/218/173
f 161/219/174 20/220/175 160/221/176
f 22/32/28 21/34/30 161/219/174
f 153/222/177 159/223/178 149/224/179
f 166/225/180 159/226/181 165/227/182
f 167/228/183 160/221/176 166/225/180
f 168/229/184 161/219/174 167/228/183
f 170/230/185 164/231/186 165/232/187
f 156/212/168 170/233/185 153/234/177
f 173/235/188 171/236/189 170/233/185
f 175/237/190 173/235/188 176/238/191
f 176/238/191 156/212/168 158/239/192
f 178/240/193 164/241/194 177/242/195
f 179/243/196 166/225/180 178/244/193
f 169/245/197 177/246/198 164/247/199
f 181/248/200 177/249/195 180/250/201
f 182/251/202 178/244/193 181/248/200
f 171/252/189 180/253/201 169/245/197
f 172/254/203 183/255/204 184/256/205
f 172/254/203 184/256/205 171/252/189
f 174/257/206 185/258/207 172/254/203
f 175/237/190 186/259/208 174/260/206
f 188/261/209 183/262/204 191/263/210
f 184/256/205 188/264/209 180/253/201
f 193/265/211 189/266/212 192/267/213
f 195/268/214 190/269/215 191/270/210
f 195/268/214 183/255/204 185/258/207
f 186/271/208 194/272/216 195/268/214
f 186/271/208 195/268/214 185/258/207
f 199/273/217 190/274/218 198/275/219
f 200/276/220 191/263/210 199/273/217
f 192/267/213 200/276/220 201/277/221
f 194/272/216 198/278/222 190/269/215
f 203/279/223 198/275/219 202/280/224
f 204/281/225 199/273/217 203/279/223
f 204/281/225 201/277/221 200/276/220
f 196/282/226 202/283/224 194/272/216
f 197/284/227 140/285/228 205/286/229
f 203/279/223 206/287/230 207/288/231
f 208/289/232 203/279/223 207/288/231
f 209/290/233 140/285/228 142/291/234
f 205/286/229 206/292/230 202/283/224
f 47/57/53 46/56/52 210/293/235
f 8/4/4 47/57/53 211/294/236
f 212/295/237 23/37/33 162/296/238
f 213/297/239 162/296/238 163/298/240
f 168/229/184 213/297/239 163/298/240
f 168/229/184 179/243/196 214/299/241
f 182/251/202 214/299/241 179/243/196
f 216/300/242 182/251/202 189/301/212
f 193/265/211 216/302/242 189/266/212
f 217/303/243 193/265/211 201/277/221
f 218/304/244 201/277/221 204/281/225
f 219/305/245 204/281/225 208/289/232
f 220/306/246 214/299/241 221/307/247
f 215/308/248 221/307/247 214/299/241
f 193/265/211 217/303/243 223/309/249
f 224/310/250 223/309/249 217/303/243
f 225/311/251 81/113/88 212/295/237
f 213/297/239 225/311/251 212/295/237
f 220/306/246 226/312/252 213/297/239
f 228/313/253 222/314/254 193/265/211
f 224/310/250 219/305/245 229/315/255
f 104/316/256 88/116/91 230/317/257
f 230/317/257 102/135/107 231/318/258
f 231/318/258 105/137/109 232/319/259
f 233/320/260 230/317/257 231/318/258
f 234/321/261 231/318/258 232/319/259
f 235/322/262 230/317/257 233/320/260
f 237/323/263 233/320/260 234/321/261
f 238/324/264 105/325/109 111/149/115
f 105/325/109 238/324/264 239/326/265
f 232/327/259 239/326/265 240/328/266
f 241/329/267 232/327/259 240/328/266
f 237/323/263 242/330/268 236/331/269
f 237/332/263 241/329/267 243/333/270
f 244/334/271 81/113/88 225/311/251
f 245/335/272 119/157/122 244/334/271
f 245/336/273 111/149/126 120/160/125
f 226/312/252 244/334/271 225/311/251
f 246/337/274 245/335/272 244/334/271
f 220/306/246 246/337/274 226/312/252
f 247/338/275 245/335/272 246/337/274
f 238/324/276 245/336/273 248/339/277
f 239/326/278 248/339/277 249/340/279
f 240/328/266 249/340/279 250/341/280
f 240/328/266 250/341/280 251/342/281
f 252/343/282 240/328/266 251/342/281
f 243/344/270 253/345/283 242/346/268
f 254/347/284 241/329/267 252/343/282
f 247/338/275 220/306/246 221/307/247
f 227/348/285 247/338/275 221/307/247
f 256/349/286 255/350/287 247/338/275
f 249/340/279 255/351/287 257/352/288
f 222/353/254 256/349/286 227/348/285
f 258/354/289 257/355/288 256/349/286
f 250/341/280 257/352/288 259/356/290
f 260/357/291 250/341/280 259/356/290
f 252/343/282 260/357/291 261/358/292
f 262/359/293 222/314/254 228/313/253
f 263/360/294 258/361/289 262/359/293
f 260/357/291 263/362/294 264/363/295
f 261/358/292 264/363/295 265/364/296
f 266/365/297 253/345/283 254/366/284
f 254/347/284 265/364/296 266/367/297
f 267/368/298 228/313/253 223/309/249
f 263/360/294 262/359/293 267/368/298
f 224/310/250 267/368/298 223/309/249
f 264/363/295 263/362/294 268/369/299
f 269/370/300 224/310/250 229/315/255
f 270/371/301 267/368/298 269/370/300
f 265/364/296 270/372/302 271/373/303
f 274/374/304 275/375/305 273/376/306
f 279/377/307 276/378/308 277/379/309
f 281/380/310 278/381/311 279/377/307
f 278/382/312 282/383/313 276/384/314
f 280/385/315 283/386/316 278/382/312
f 286/387/317 280/388/318 281/380/310
f 289/389/319 284/390/320 285/391/321
f 289/389/319 286/387/317 290/392/322
f 291/393/323 282/383/313 292/394/324
f 282/383/313 291/393/323 275/375/305
f 283/386/316 292/394/324 282/383/313
f 293/395/325 283/386/316 285/396/326
f 294/397/327 284/398/320 288/399/328
f 291/393/323 292/394/324 295/400/329
f 293/395/325 296/401/330 292/394/324
f 294/397/327 296/401/330 293/395/325
f 299/402/331 70/105/82 76/104/81
f 77/108/83 299/403/332 76/109/84
f 78/111/86 300/404/333 77/108/83
f 302/405/334 78/111/86 79/130/102
f 56/72/61 64/80/69 303/406/335
f 304/407/336 298/408/337 299/402/331
f 305/409/338 299/403/332 300/404/333
f 306/410/339 300/404/333 301/411/340
f 306/410/339 301/411/340 302/405/334
f 303/406/335 298/412/341 307/413/342
f 304/407/336 307/414/342 298/408/337
f 309/415/343 304/416/344 305/409/338
f 310/417/345 305/409/338 306/410/339
f 311/418/346 273/419/347 308/420/348
f 312/421/349 308/422/348 309/415/343
f 313/423/350 309/415/343 310/417/345
f 315/424/351 311/425/346 312/421/349
f 316/426/352 312/421/349 313/423/350
f 303/406/335 307/413/342 317/427/353
f 318/428/354 273/376/355 275/375/305
f 314/429/356 317/430/353 307/414/342
f 319/431/357 274/432/358 311/425/346
f 320/433/359 315/424/351 316/426/352
f 321/434/360 277/379/309 319/435/357
f 322/436/361 319/435/357 315/437/351
f 322/436/361 315/437/351 320/438/359
f 323/439/362 279/377/307 321/434/360
f 323/439/362 321/434/360 322/436/361
f 324/440/363 281/380/310 323/439/362
f 325/441/364 286/387/317 324/440/363
f 318/428/354 275/375/305 291/393/323
f 327/442/365 303/406/335 326/443/366
f 57/73/62 56/72/61 327/442/365
f 333/185/144 85/187/146 328/444/367
f 330/445/368 320/433/359 316/426/352
f 325/441/364 331/446/369 332/447/370
f 334/448/371 79/130/102 97/449/372
f 334/448/371 306/410/339 302/405/334
f 333/185/144 328/444/367 337/450/373
f 335/451/374 329/452/375 306/410/339
f 313/423/350 329/452/375 336/453/376
f 336/453/376 330/445/368 313/423/350
f 322/454/361 320/433/359 338/455/377
f 323/439/362 322/436/361 340/456/378
f 340/456/378 331/446/369 323/439/362
f 341/457/379 97/449/372 138/189/148
f 342/458/380 138/459/148 139/191/149
f 137/460/381 127/172/134 343/461/382
f 341/457/379 335/451/374 334/448/371
f 342/458/380 344/462/383 341/463/379
f 344/464/383 329/452/375 335/451/374
f 342/465/380 345/466/384 344/464/383
f 342/467/385 343/468/382 346/469/386
f 347/470/387 345/466/384 346/471/386
f 136/188/147 337/450/373 348/472/388
f 127/172/134 348/472/388 349/473/389
f 346/469/386 343/468/382 350/474/390
f 345/466/384 330/445/368 336/453/376
f 347/470/387 351/475/391 345/466/384
f 347/476/387 350/474/390 352/477/392
f 338/478/377 330/479/368 351/480/391
f 350/474/390 343/468/382 353/481/393
f 352/482/392 354/483/394 351/475/391
f 352/477/392 353/481/393 355/484/395
f 338/485/377 354/486/394 356/487/396
f 357/488/397 354/486/394 355/489/395
f 358/490/398 339/491/399 356/487/396
f 359/492/400 356/487/396 357/488/397
f 343/461/382 349/473/389 360/493/401
f 353/481/393 360/494/401 361/495/402
f 362/496/403 353/481/393 361/495/402
f 357/497/397 362/496/403 363/498/404
f 358/490/398 331/446/369 340/456/378
f 359/499/400 363/498/404 364/500/405
f 365/501/406 331/446/369 358/490/398
f 366/502/407 358/490/398 364/503/405
f 362/496/403 361/495/402 367/504/408
f 363/498/404 367/504/408 368/505/409
f 369/506/410 363/498/404 368/505/409
f 361/495/402 360/494/401 370/507/411
f 367/504/408 370/507/411 371/508/412
f 368/505/409 371/508/412 372/509/413
f 376/510/414 142/291/234 374/511/415
f 378/512/416 376/510/414 377/513/417
f 378/512/416 375/514/418 376/510/414
f 378/512/416 379/515/419 375/514/418
f 380/516/420 382/517/421 381/518/422
f 380/516/420 381/518/422 379/515/419
f 384/519/423 382/520/421 383/521/424
f 207/288/231 385/522/425 386/523/426
f 208/289/232 386/523/426 387/524/427
f 209/525/233 385/522/425 206/287/230
f 389/526/428 385/522/425 388/527/429
f 390/528/430 386/523/426 389/526/428
f 209/290/233 375/514/418 391/529/431
f 391/530/431 385/522/425 209/525/233
f 393/531/432 388/527/429 392/532/433
f 394/533/434 389/526/428 393/531/432
f 400/534/435 395/535/436 396/536/437
f 400/534/435 392/532/433 399/537/438
f 401/538/439 396/536/437 397/539/440
f 401/538/439 393/531/432 400/534/435
f 391/529/431 375/514/418 402/540/441
f 402/541/441 392/532/433 391/530/431
f 396/536/437 406/542/442 407/543/443
f 397/539/440 403/544/444 404/545/445
f 397/539/440 396/536/437 407/543/443
f 408/546/446 404/547/445 405/548/447
f 409/549/448 395/550/436 399/551/438
f 402/540/441 409/549/448 399/551/438
f 412/552/449 287/553/450 288/554/328
f 413/555/451 288/554/328 289/389/319
f 414/556/452 289/389/319 290/392/322
f 416/557/453 410/558/454 411/559/455
f 417/560/456 412/552/449 413/555/451
f 417/560/456 413/555/451 414/556/452
f 419/561/457 416/557/453 412/552/449
f 419/561/457 412/552/449 417/560/456
f 404/545/445 420/562/458 421/563/459
f 422/564/460 418/565/461 415/566/462
f 422/567/460 404/545/445 421/563/459
f 422/564/460 416/557/453 423/568/463
f 423/568/463 405/548/447 422/564/460
f 425/569/464 406/570/442 424/571/465
f 425/569/464 403/572/444 407/573/443
f 426/574/466 406/570/442 409/549/448
f 379/515/419 381/518/422 427/575/467
f 379/515/419 426/574/466 409/549/448
f 429/576/468 428/577/469 427/578/467
f 434/579/470 410/580/454 433/581/471
f 434/579/470 287/582/450 411/583/455
f 433/581/471 410/580/454 415/584/462
f 436/585/472 418/586/461 421/587/459
f 438/588/473 424/571/465 426/574/466
f 440/589/474 426/574/466 427/575/467
f 440/590/474 439/591/475 438/592/473
f 428/577/469 440/590/474 427/578/467
f 429/576/468 384/593/423 444/594/476
f 430/595/477 444/594/476 445/596/478
f 430/595/477 441/597/479 428/577/469
f 446/598/480 441/597/479 445/596/481
f 446/598/480 431/599/482 432/600/483
f 446/598/480 443/601/484 442/602/485
f 450/603/486 294/397/327 434/579/470
f 451/604/487 433/581/471 435/605/488
f 452/606/489 435/605/488 436/585/472
f 425/569/464 437/607/490 1137/608/491
f 1137/608/491 436/585/472 425/569/464
f 453/609/492 437/607/490 438/588/473
f 439/610/475 453/611/493 438/612/473
f 439/610/475 455/613/494 454/614/495
f 442/602/485 439/591/475 441/597/479
f 443/615/484 456/616/496 442/617/485
f 459/618/497 443/615/484 448/619/498
f 459/618/497 458/620/499 457/621/500
f 449/622/501 459/618/497 448/619/498
f 461/623/502 219/305/245 387/524/427
f 461/623/502 390/528/430 462/624/503
f 401/538/439 398/625/504 471/626/505
f 471/626/505 394/533/434 401/538/439
f 408/546/446 405/548/447 463/627/506
f 417/560/456 414/556/452 464/628/507
f 419/561/457 464/628/507 465/629/508
f 423/568/463 419/561/457 465/629/508
f 462/624/503 394/533/434 466/630/509
f 468/631/510 398/625/504 408/632/446
f 463/627/506 423/568/463 474/633/511
f 470/634/512 229/315/255 461/623/502
f 466/630/509 471/626/505 472/635/513
f 472/635/513 462/624/503 466/630/509
f 473/636/514 471/626/505 467/637/515
f 468/638/510 463/627/506 475/639/516
f 473/636/514 468/631/510 475/640/516
f 464/628/507 469/641/517 476/642/518
f 474/633/511 465/629/508 477/643/519
f 478/644/520 229/315/255 470/634/512
f 479/645/521 269/370/300 478/644/520
f 480/646/522 272/647/523 266/365/297
f 266/367/297 271/373/524 480/648/522
f 481/649/525 470/634/512 462/624/503
f 478/644/520 481/649/525 482/650/526
f 479/645/521 482/650/526 483/651/527
f 484/652/528 479/653/529 483/654/530
f 480/648/522 271/373/524 484/652/528
f 472/635/513 486/655/531 488/656/532
f 482/650/526 472/635/513 488/656/532
f 488/656/532 487/657/533 489/658/534
f 483/651/527 488/656/532 489/658/534
f 484/652/528 483/654/530 489/659/534
f 487/657/533 486/655/531 490/660/535
f 491/661/536 487/662/533 490/663/535
f 492/664/537 489/659/534 491/661/536
f 480/648/522 484/652/528 492/664/537
f 496/665/538 474/633/511 493/666/539
f 494/667/540 495/668/541 497/669/542
f 475/639/516 494/667/540 498/670/543
f 486/655/531 475/640/516 498/671/543
f 498/670/543 497/669/542 499/672/544
f 490/660/535 498/671/543 499/673/544
f 500/674/545 490/663/535 499/675/544
f 501/676/546 491/661/536 500/674/545
f 480/648/522 492/664/537 501/676/546
f 502/677/547 332/447/370 365/501/406
f 503/678/548 365/501/406 366/502/407
f 504/679/549 502/677/547 505/680/550
f 505/680/550 503/678/548 506/681/551
f 477/643/519 464/628/507 504/679/549
f 477/643/519 505/680/550 507/682/552
f 494/667/540 477/643/519 507/682/552
f 507/682/552 506/681/551 508/683/553
f 495/668/541 507/682/552 508/683/553
f 509/684/554 495/685/541 508/686/553
f 510/687/555 497/688/542 509/684/554
f 500/674/545 510/687/555 511/689/556
f 501/676/546 500/674/545 511/689/556
f 503/690/548 369/506/410 512/691/557
f 513/692/558 503/690/548 512/691/557
f 509/684/554 513/692/558 514/693/559
f 515/694/560 509/684/554 514/693/559
f 516/695/561 512/691/557 372/509/413
f 517/696/562 514/693/559 516/695/561
f 515/694/560 517/696/562 518/697/563
f 501/676/546 518/697/563 519/698/564
f 520/699/565 272/647/523 480/646/522
f 480/648/522 519/698/564 520/700/565
f 524/701/566 141/702/567 521/703/568
f 522/704/569 524/701/566 521/703/568
f 523/705/570 526/706/571 522/704/569
f 147/198/155 148/199/156 527/707/572
f 528/708/573 148/199/156 146/197/154
f 529/709/574 528/708/573 530/710/575
f 158/239/192 157/210/166 531/711/576
f 531/711/576 157/210/166 147/198/155
f 532/712/577 147/198/155 527/707/572
f 532/712/577 531/711/576 147/198/155
f 533/713/578 531/711/576 534/714/579
f 529/709/574 532/712/577 527/707/572
f 535/715/580 529/709/574 530/710/575
f 534/714/579 532/712/577 536/716/581
f 536/716/581 529/709/574 537/717/582
f 538/718/583 529/709/574 535/715/580
f 533/713/578 176/238/191 158/239/192
f 542/719/584 536/716/581 543/720/585
f 544/721/586 537/717/582 538/718/583
f 543/720/585 537/717/582 545/722/587
f 546/723/588 175/237/190 176/238/191
f 546/723/588 176/238/191 539/724/589
f 540/725/590 546/723/588 539/724/589
f 550/726/591 541/727/592 551/728/593
f 551/728/593 542/719/584 552/729/594
f 553/730/595 186/271/208 187/731/596
f 547/732/597 554/733/598 187/731/596
f 549/734/599 547/732/597 548/735/600
f 553/730/595 141/702/567 197/284/227
f 554/733/598 521/703/568 553/730/595
f 555/736/601 522/704/569 554/733/598
f 523/705/570 555/736/601 559/737/602
f 562/738/603 523/705/570 559/737/602
f 560/739/604 562/738/603 559/737/602
f 528/708/573 211/294/236 565/740/605
f 565/740/605 210/293/235 566/741/606
f 568/742/607 535/715/580 530/710/575
f 538/718/583 569/743/608 570/744/609
f 538/718/583 570/744/609 571/745/610
f 571/745/610 572/746/611 538/718/583
f 566/741/606 210/293/235 574/747/612
f 565/740/605 566/741/606 576/748/613
f 567/749/614 576/748/613 577/750/615
f 568/742/607 577/750/615 578/751/616
f 578/751/616 569/743/608 568/742/607
f 570/744/609 569/743/608 579/752/617
f 571/745/610 579/752/617 580/753/618
f 573/754/619 571/745/610 581/755/620
f 581/755/620 582/756/621 573/754/619
f 574/747/612 210/293/235 104/316/256
f 585/757/622 580/753/618 578/751/616
f 587/758/623 586/759/624 588/760/625
f 590/761/626 580/753/618 587/758/623
f 589/762/627 592/763/628 581/755/620
f 590/761/626 593/764/629 589/762/627
f 595/765/630 590/766/626 588/767/625
f 588/767/625 591/768/631 595/765/630
f 595/769/630 596/770/632 594/771/633
f 595/769/630 628/772/634 596/770/632
f 574/747/612 104/316/256 598/773/635
f 598/773/635 235/322/262 599/774/636
f 600/775/637 235/322/262 233/320/260
f 601/776/638 233/320/260 236/331/269
f 575/777/639 574/747/612 602/778/640
f 603/779/641 574/747/612 598/773/635
f 604/780/642 598/773/635 599/774/636
f 605/781/643 599/774/636 600/775/637
f 607/782/644 575/777/639 602/778/640
f 608/783/645 602/778/640 603/779/641
f 609/784/646 603/779/641 604/780/642
f 610/785/647 576/748/613 606/786/648
f 611/787/649 606/786/648 607/782/644
f 612/788/650 607/782/644 608/783/645
f 614/789/651 583/790/652 610/785/647
f 615/791/653 610/785/647 611/787/649
f 616/792/654 584/793/655 613/794/656
f 601/795/638 617/796/657 600/797/637
f 605/798/643 618/799/658 604/800/642
f 609/801/646 619/802/659 608/803/645
f 612/804/650 620/805/660 611/806/649
f 615/807/653 621/808/661 614/809/651
f 616/792/654 586/759/624 585/757/622
f 623/810/662 616/811/654 614/809/651
f 614/809/651 621/808/661 623/810/662
f 242/346/268 624/812/663 617/813/657
f 617/813/657 624/812/663 618/814/658
f 618/814/658 625/815/664 619/816/659
f 619/816/659 626/817/665 620/818/660
f 620/818/660 626/817/665 621/819/661
f 623/820/662 627/821/666 622/822/667
f 627/823/666 621/819/661 626/817/665
f 622/822/667 591/768/631 588/767/625
f 253/345/283 629/824/668 624/812/663
f 627/823/666 628/772/634 591/825/631
f 629/824/668 597/826/669 625/815/664
f 625/815/664 597/826/669 628/772/634
f 629/824/668 272/647/523 873/827/670
f 545/722/587 544/721/586 630/828/671
f 552/729/594 543/720/585 631/829/672
f 632/830/673 545/722/587 630/828/671
f 635/831/674 631/829/672 636/832/675
f 637/833/676 632/834/673 638/835/677
f 640/836/678 636/837/675 641/838/679
f 642/839/680 638/835/677 643/840/681
f 640/836/678 645/841/682 639/842/683
f 647/843/684 641/838/679 642/839/680
f 647/843/684 643/840/681 648/844/685
f 630/828/671 572/746/611 649/845/686
f 649/845/686 572/746/611 650/846/687
f 650/846/687 651/847/688 649/845/686
f 632/830/673 630/828/671 653/848/689
f 653/848/689 651/847/688 654/849/690
f 654/849/690 651/847/688 652/850/691
f 638/851/677 655/852/692 656/853/693
f 657/854/694 638/835/677 656/855/693
f 660/856/695 643/840/681 657/854/694
f 660/856/695 657/854/694 658/857/696
f 661/858/697 643/840/681 660/856/695
f 661/858/697 660/856/695 662/859/698
f 659/860/699 660/856/695 658/857/696
f 654/849/690 652/850/691 663/861/700
f 655/852/692 654/849/690 663/861/700
f 655/852/692 663/861/700 664/862/701
f 657/854/694 664/863/701 665/864/702
f 658/857/696 657/854/694 665/864/702
f 592/763/628 593/764/629 667/865/703
f 669/866/704 650/846/687 592/763/628
f 594/867/633 670/868/705 667/869/703
f 594/771/633 596/770/632 670/870/705
f 672/871/706 669/872/704 667/869/703
f 667/869/703 670/868/705 672/871/706
f 664/862/701 652/850/691 673/873/707
f 674/874/708 652/850/691 668/875/709
f 670/870/705 597/826/669 675/876/710
f 672/871/706 676/877/711 671/878/712
f 672/879/706 675/876/710 676/880/711
f 671/878/712 677/881/713 674/882/708
f 671/878/712 676/877/711 678/883/714
f 680/884/715 664/863/701 673/885/707
f 678/883/714 681/886/716 677/881/713
f 678/887/714 675/876/710 681/888/716
f 677/881/713 682/889/717 680/884/715
f 677/881/713 681/886/716 683/890/718
f 685/891/719 665/864/702 679/892/720
f 683/890/718 686/893/721 682/889/717
f 683/894/718 974/895/722 686/896/721
f 688/897/723 685/891/719 682/889/717
f 682/889/717 686/893/721 688/897/723
f 524/701/566 373/898/724 374/511/415
f 525/899/725 689/900/726 524/701/566
f 526/706/571 690/901/727 525/899/725
f 562/738/603 692/902/728 523/705/570
f 690/901/727 373/898/724 689/900/726
f 696/903/729 692/902/728 693/904/730
f 698/905/731 376/510/414 373/898/724
f 690/901/727 698/905/731 373/898/724
f 691/906/732 699/907/733 690/901/727
f 695/908/734 700/909/735 691/906/732
f 701/910/736 696/903/729 693/904/730
f 697/911/737 701/910/736 693/904/730
f 700/909/735 703/912/738 699/907/733
f 704/913/739 700/909/735 695/908/734
f 696/903/729 704/913/739 695/908/734
f 701/910/736 704/913/739 696/903/729
f 702/914/740 706/915/741 701/910/736
f 698/905/731 380/516/420 377/513/417
f 703/912/738 708/916/742 698/905/731
f 710/917/743 700/909/735 704/913/739
f 707/918/744 711/919/745 706/915/741
f 708/916/742 382/517/421 380/516/420
f 703/912/738 712/920/746 708/916/742
f 709/921/747 713/922/748 703/912/738
f 714/923/749 710/917/743 704/913/739
f 705/924/750 714/923/749 704/913/739
f 711/919/745 715/925/751 705/924/750
f 712/920/746 383/926/424 382/517/421
f 717/927/752 718/928/753 719/929/754
f 713/922/748 718/930/755 383/926/424
f 709/921/747 720/931/756 713/922/748
f 710/917/743 722/932/757 709/921/747
f 714/923/749 723/933/758 710/917/743
f 729/934/759 728/935/760 727/936/761
f 733/937/762 732/938/763 731/939/764
f 735/940/765 384/519/423 717/927/752
f 736/941/766 444/594/476 735/942/765
f 736/941/766 431/599/482 445/596/478
f 737/943/767 431/599/482 736/941/766
f 726/944/768 737/943/767 738/945/769
f 726/944/768 447/946/770 432/600/483
f 447/946/770 727/936/771 728/935/760
f 739/947/772 449/948/501 448/949/498
f 742/950/773 736/941/766 735/942/765
f 742/950/773 737/943/767 736/941/766
f 729/934/759 738/945/769 743/951/774
f 744/952/775 729/934/759 743/951/774
f 730/953/776 744/952/775 745/954/777
f 730/953/776 739/947/772 728/935/760
f 745/954/778 740/955/779 739/947/772
f 746/956/780 741/957/781 740/955/779
f 747/958/782 746/956/783 745/954/777
f 748/959/784 731/939/764 746/956/783
f 749/960/785 733/937/762 748/959/784
f 750/961/786 748/959/784 747/958/782
f 750/961/786 749/960/785 748/959/784
f 753/962/787 717/927/752 719/929/754
f 754/963/788 449/948/501 740/955/779
f 741/964/781 754/965/788 740/966/779
f 721/967/789 753/962/787 719/929/754
f 742/968/773 753/962/787 755/969/790
f 756/970/791 742/968/773 755/969/790
f 757/971/792 742/968/773 756/970/791
f 758/972/793 757/971/792 756/970/791
f 744/973/775 757/971/792 759/974/794
f 760/975/795 744/973/775 759/974/794
f 761/976/796 744/973/775 760/975/795
f 762/977/797 761/976/796 760/975/795
f 750/978/786 761/976/796 763/979/798
f 764/980/799 750/978/786 763/979/798
f 752/981/800 764/980/799 766/982/801
f 734/983/802 767/984/803 732/938/763
f 770/985/804 769/986/805 768/987/806
f 774/988/807 773/989/808 772/990/809
f 779/991/810 777/992/811 776/993/812
f 780/994/813 778/995/814 777/992/811
f 734/983/802 749/960/785 786/996/815
f 786/996/816 767/984/803 734/983/802
f 786/996/816 784/997/817 783/998/818
f 787/999/819 768/987/806 769/986/805
f 787/999/819 785/1000/820 784/997/817
f 791/1001/821 749/960/785 751/1002/822
f 791/1001/821 768/987/806 786/996/815
f 792/1003/823 770/985/804 791/1001/821
f 771/1004/824 792/1003/823 793/1005/825
f 771/1004/824 788/1006/826 769/986/805
f 788/1006/826 772/990/827 773/989/808
f 794/1007/828 790/1008/829 789/1009/830
f 752/1010/800 791/1001/821 751/1002/822
f 752/1010/800 792/1003/823 791/1001/821
f 774/988/807 793/1005/825 797/1011/831
f 798/1012/832 774/988/807 797/1011/831
f 775/1013/833 798/1012/832 799/1014/834
f 775/1013/833 794/1007/828 773/989/808
f 799/1014/835 795/1015/836 794/1007/828
f 800/1016/837 796/1017/838 795/1015/836
f 802/1018/839 800/1016/840 799/1014/834
f 803/1019/841 776/993/812 800/1016/840
f 804/1020/842 779/991/810 803/1019/841
f 780/994/813 804/1020/842 805/1021/843
f 805/1021/844 778/995/814 780/994/813
f 806/1022/845 803/1019/841 802/1018/839
f 806/1022/845 804/1020/842 803/1019/841
f 808/1023/846 804/1020/842 807/1024/847
f 808/1023/846 781/1025/848 805/1021/843
f 809/1026/849 808/1023/846 807/1024/847
f 812/1027/850 741/964/781 783/1028/818
f 812/1027/850 811/1029/851 810/1030/852
f 784/1031/817 812/1027/850 783/1028/818
f 785/1032/820 812/1027/850 784/1031/817
f 815/1033/853 785/1032/820 789/1034/830
f 815/1033/853 814/1035/854 813/1036/855
f 790/1037/829 815/1033/853 789/1034/830
f 818/1038/856 790/1008/829 795/1015/836
f 818/1039/856 817/1040/857 816/1041/858
f 796/1042/838 818/1039/856 795/1043/836
f 820/1044/859 752/981/800 766/982/801
f 821/1045/860 752/981/800 820/1044/859
f 822/1046/861 796/1042/838 801/1047/862
f 823/1048/863 821/1045/860 820/1044/859
f 798/1049/832 821/1045/860 824/1050/864
f 825/1051/865 798/1049/832 824/1050/864
f 826/1052/866 798/1049/832 825/1051/865
f 827/1053/867 826/1052/866 825/1051/865
f 806/1054/845 826/1052/866 828/1055/868
f 829/1056/869 806/1054/845 828/1055/868
f 809/1057/849 829/1056/869 831/1058/870
f 832/1059/871 809/1057/849 831/1058/870
f 782/1060/872 833/1061/873 781/1025/848
f 837/1062/874 836/1063/875 835/1064/876
f 805/1021/844 842/1065/877 801/1066/862
f 844/1067/878 781/1025/848 833/1061/873
f 844/1067/878 843/1068/879 842/1065/877
f 848/1069/880 782/1060/872 808/1023/846
f 834/1070/881 848/1069/880 849/1071/882
f 834/1070/881 845/1072/883 833/1061/873
f 845/1072/883 835/1064/884 836/1063/875
f 850/1073/885 847/1074/886 846/1075/887
f 809/1026/849 848/1069/880 808/1023/846
f 837/1062/874 849/1071/882 853/1076/888
f 854/1077/889 837/1062/874 853/1076/888
f 838/1078/890 854/1077/889 855/1079/891
f 838/1078/890 850/1073/885 836/1063/875
f 855/1079/892 851/1080/893 850/1073/885
f 856/1081/894 852/1082/895 851/1080/893
f 842/1083/877 822/1046/861 801/1047/862
f 843/1084/879 822/1046/861 842/1083/877
f 861/1085/896 843/1084/879 846/1086/887
f 861/1085/896 860/1087/897 859/1088/898
f 847/1089/886 861/1085/896 846/1086/887
f 864/1090/899 847/1074/886 851/1080/893
f 864/1091/899 863/1092/900 862/1093/901
f 852/1094/895 864/1091/899 851/1095/893
f 866/1096/902 809/1057/849 832/1059/871
f 867/1097/903 852/1094/895 857/1098/904
f 858/1099/905 867/1097/903 857/1098/904
f 869/1100/906 867/1097/903 858/1099/905
f 986/1101/907 1684/1102/908 872/1103/909
f 868/1104/910 597/826/669 629/824/668
f 1684/1102/908 986/1101/907 629/824/668
f 874/1105/911 716/1106/912 711/919/745
f 644/1107/913 725/1108/914 564/1109/915
f 645/841/682 875/1110/916 644/1111/913
f 877/1112/917 646/1113/918 641/838/679
f 878/1114/919 647/843/684 648/844/685
f 725/1108/914 697/911/737 694/1115/920
f 881/1116/921 645/841/682 876/1117/922
f 882/1118/923 876/1117/922 646/1113/918
f 883/1119/924 877/1112/917 647/843/684
f 883/1119/924 878/1114/919 884/1120/925
f 880/1121/926 885/1122/927 879/1123/928
f 881/1116/921 886/1124/929 880/1121/926
f 887/1125/930 881/1116/921 882/1118/923
f 888/1126/931 882/1118/923 877/1112/917
f 890/1127/932 885/1122/927 886/1124/929
f 891/1128/933 886/1124/929 887/1125/930
f 893/1129/934 887/1125/930 888/1126/931
f 884/1120/925 888/1126/931 883/1119/924
f 889/1130/935 874/1105/911 707/918/744
f 895/1131/936 889/1130/935 885/1132/927
f 898/1133/937 893/1129/934 888/1126/931
f 898/1133/937 888/1126/931 894/1134/938
f 899/1135/939 874/1105/911 895/1131/936
f 896/1136/940 900/1137/941 895/1138/936
f 897/1139/942 896/1136/940 890/1127/932
f 893/1129/934 901/1140/943 892/1141/944
f 898/1133/937 903/1142/945 893/1129/934
f 899/1135/939 724/1143/946 716/1106/912
f 900/1144/941 907/1145/947 899/1135/939
f 905/1146/948 908/1147/949 900/1137/941
f 906/1148/950 905/1146/948 896/1136/940
f 909/1149/951 906/1148/950 901/1140/943
f 910/1150/952 901/1140/943 902/1151/953
f 911/1152/954 902/1151/953 903/1142/945
f 904/1153/955 911/1152/954 903/1142/945
f 914/1154/956 661/858/697 662/859/698
f 913/1155/957 661/858/697 915/1156/958
f 915/1156/958 661/858/697 914/1154/956
f 916/1157/959 913/1155/957 915/1156/958
f 917/1158/960 884/1120/925 913/1155/957
f 916/1157/959 917/1158/960 913/1155/957
f 919/1159/961 884/1120/925 917/1158/960
f 920/1160/962 917/1158/960 918/1161/963
f 922/1162/964 919/1159/961 920/1160/962
f 923/1163/965 921/1164/966 922/1162/964
f 924/1165/967 912/1166/968 904/1153/955
f 925/1167/969 928/1168/970 924/1165/967
f 926/1169/971 929/1170/972 925/1167/969
f 666/1171/973 914/1154/956 662/859/698
f 931/1172/974 915/1156/958 914/1154/956
f 932/1173/975 914/1154/956 666/1171/973
f 934/1174/976 932/1173/975 933/1175/977
f 918/1161/963 916/1157/959 931/1172/974
f 935/1176/978 918/1161/963 934/1174/976
f 936/1177/979 918/1161/963 935/1176/978
f 937/1178/980 935/1176/978 934/1174/976
f 933/1175/977 937/1178/980 934/1174/976
f 923/1163/965 920/1160/962 936/1177/979
f 939/1179/981 840/1180/982 839/1181/983
f 940/1182/984 841/1183/985 840/1180/982
f 943/1184/986 942/1185/987 941/1186/988
f 937/1178/980 945/1187/989 923/1163/965
f 947/1188/990 937/1178/980 938/1189/991
f 948/1190/992 946/1191/993 947/1188/990
f 949/1192/994 856/1081/995 855/1079/891
f 950/1193/996 839/1181/983 856/1081/995
f 951/1194/997 939/1179/981 950/1193/996
f 940/1182/984 951/1194/997 952/1195/998
f 952/1195/999 841/1183/985 940/1182/984
f 952/1195/999 858/1196/905 857/1197/904
f 953/1198/1000 941/1186/988 942/1185/987
f 954/1199/1001 950/1193/996 949/1192/994
f 954/1199/1001 951/1194/997 950/1193/996
f 956/1200/1002 951/1194/997 955/1201/1003
f 956/1200/1002 941/1186/988 952/1195/998
f 957/1202/1004 943/1184/986 956/1200/1002
f 965/1203/1005 956/1200/1002 955/1201/1003
f 965/1203/1005 957/1202/1004 956/1200/1002
f 945/1187/989 926/1169/971 921/1164/966
f 926/1169/971 945/1187/989 946/1191/993
f 927/1204/1006 866/1096/902 832/1059/871
f 854/1205/889 866/1096/902 959/1206/1007
f 960/1207/1008 854/1205/889 959/1206/1007
f 961/1208/1009 854/1205/889 960/1207/1008
f 962/1209/1010 961/1208/1009 960/1207/1008
f 954/1210/1001 961/1208/1009 963/1211/1011
f 964/1212/1012 954/1210/1001 963/1211/1011
f 965/1213/1005 954/1210/1001 964/1212/1012
f 966/1214/1013 965/1213/1005 964/1212/1012
f 968/1215/1014 965/1213/1005 967/1216/1015
f 930/1217/1016 926/1169/971 946/1191/993
f 948/1190/992 930/1217/1016 946/1191/993
f 688/897/723 971/1218/1017 687/1219/1018
f 973/1220/1019 666/1171/973 687/1219/1018
f 687/1219/1018 971/1218/1017 973/1220/1019
f 975/1221/1020 971/1222/1017 686/896/721
f 686/896/721 974/895/722 975/1221/1020
f 972/1223/1021 932/1173/975 666/1171/973
f 977/1224/1022 972/1223/1021 973/1220/1019
f 973/1225/1019 975/1221/1020 977/1226/1022
f 978/1227/1023 932/1173/975 976/1228/1024
f 977/1224/1022 979/1229/1025 976/1228/1024
f 977/1226/1022 975/1221/1020 979/1230/1025
f 980/1231/1026 974/895/722 868/1104/910
f 974/895/722 985/1232/1027 975/1221/1020
f 981/1233/1028 933/1175/977 978/1227/1023
f 978/1227/1023 979/1229/1025 981/1233/1028
f 980/1231/1026 868/1104/910 982/1234/1029
f 983/1235/1030 980/1231/1026 982/1234/1029
f 980/1231/1026 984/1236/1031 985/1232/1027
f 985/1232/1027 979/1230/1025 975/1221/1020
f 868/1104/910 986/1101/907 989/1237/1032
f 990/1238/1033 988/1239/1034 987/1240/1035
f 994/1241/1036 868/1104/910 989/1237/1032
f 995/1242/1037 982/1234/1029 993/1243/1038
f 980/1231/1026 996/1244/1039 984/1236/1031
f 997/1245/1040 983/1235/1030 995/1242/1037
f 958/1246/1041 938/1189/991 981/1233/1028
f 981/1247/1028 998/1248/1042 958/1249/1041
f 953/1198/1000 869/1250/906 858/1196/905
f 944/1251/1043 957/1202/1004 1003/1252/1044
f 944/1251/1043 999/1253/1045 942/1185/987
f 1004/1254/1046 999/1253/1045 1003/1252/1047
f 1004/1254/1046 987/1240/1048 988/1239/1034
f 1005/1255/1049 1001/1256/1050 1000/1257/1051
f 1007/1258/1052 986/1101/907 1002/1259/1053
f 990/1238/1033 1003/1252/1044 1008/1260/1054
f 1009/1261/1055 990/1238/1033 1008/1260/1054
f 991/1262/1056 1009/1261/1055 1010/1263/1057
f 991/1262/1056 1005/1255/1049 988/1239/1034
f 1011/1264/1058 1005/1255/1049 1010/1263/1059
f 1011/1265/1058 992/1266/1060 993/1243/1038
f 1006/1267/1061 1001/1268/1050 1011/1265/1058
f 1006/1267/1061 993/1243/1038 994/1241/1036
f 1020/1269/1062 1009/1270/1055 1008/1271/1054
f 1013/1272/1063 1009/1261/1055 1012/1273/1064
f 1013/1272/1063 992/1274/1060 1010/1263/1057
f 1014/1275/1065 996/1244/1039 997/1245/1040
f 997/1276/1040 1013/1277/1063 1014/1278/1065
f 1015/1279/1066 869/1100/906 1000/1280/1051
f 1015/1279/1066 871/1281/1067 870/1282/1068
f 1001/1283/1050 1015/1279/1066 1000/1280/1051
f 1006/1284/1061 1017/1285/1069 1001/1283/1050
f 1007/1258/1052 1018/1286/1070 1006/1267/1061
f 1020/1269/1062 957/1287/1004 968/1215/1014
f 969/1288/1071 1020/1269/1062 968/1215/1014
f 1022/1289/1072 1020/1269/1062 1021/1290/1073
f 1023/1291/1074 1012/1292/1064 1022/1293/1072
f 1025/1294/1075 1022/1293/1072 1024/1295/1076
f 1025/1296/1075 996/1244/1039 1014/1275/1065
f 1014/1278/1065 1023/1291/1074 1025/1294/1075
f 1026/1297/1077 996/1244/1039 1024/1298/1078
f 295/400/329 296/401/330 1028/1299/1079
f 297/1300/1080 1028/1299/1079 296/401/330
f 295/400/329 1029/1301/1081 1027/1302/1082
f 295/400/329 1030/1303/1083 1031/1304/1084
f 1028/1299/1079 1032/1305/1085 1030/1303/1083
f 1031/1304/1084 1034/1306/1086 1035/1307/1087
f 1031/1304/1084 1033/1308/1088 1029/1301/1081
f 1030/1309/1083 1037/1310/1089 1038/1311/1090
f 1039/1312/1091 1034/1313/1092 1038/1314/1090
f 1039/1312/1091 1036/1315/1093 1035/1316/1094
f 1027/1302/1082 1042/1317/1095 1043/1318/1096
f 1044/1319/1097 1029/1301/1081 1033/1308/1088
f 1045/1320/1098 1042/1321/1099 1044/1322/1100
f 1046/1323/1101 1033/1308/1088 1035/1307/1087
f 1047/1324/1102 1044/1322/1100 1046/1325/1103
f 1036/1315/1093 1046/1325/1103 1035/1316/1094
f 1048/1326/1104 1041/1327/1105 1043/1318/1096
f 1050/1328/1106 1041/1327/1105 1048/1326/1104
f 326/443/366 317/427/353 1051/1329/1107
f 318/428/354 291/393/323 1027/1302/1082
f 318/1330/354 1051/1329/1107 317/427/353
f 1040/1331/1108 1054/1332/1109 1036/1315/1093
f 1047/1324/1102 1055/1333/1110 1045/1320/1098
f 1054/1332/1109 1047/1324/1102 1036/1315/1093
f 1053/1334/1111 1041/1327/1105 1057/1335/1112
f 1057/1335/1112 1051/1336/1107 1053/1334/1111
f 1058/1337/1113 1048/1338/1114 1045/1320/1098
f 1057/1339/1112 1049/1340/1115 1063/1341/1116
f 1063/1342/1116 1051/1336/1107 1057/1335/1112
f 1066/1343/1117 1049/1344/1118 1050/1345/1119
f 1058/1346/1113 1050/1347/1119 1048/1348/1114
f 1064/1349/1120 1063/1350/1121 1066/1343/1117
f 1059/1351/1122 1066/1352/1117 1058/1353/1113
f 1060/1354/1123 1064/1355/1120 1059/1351/1122
f 1068/1356/1124 1062/1357/1125 1063/1342/1116
f 1064/1358/1120 1068/1359/1126 1063/1360/1121
f 1065/1361/1127 1069/1362/1128 1064/1358/1120
f 1052/1363/1129 327/442/365 1072/1364/1130
f 1068/1356/1124 1071/1365/1131 1062/1357/1125
f 1069/1362/1128 1073/1366/1132 1068/1359/1126
f 1070/1367/1133 1074/1368/1134 1069/1362/1128
f 1056/1369/1135 1078/1370/1136 1055/1333/1110
f 1079/1371/1137 1060/1354/1123 1061/1372/1138
f 1079/1371/1137 1055/1373/1110 1078/1374/1136
f 1067/1375/1139 1080/1376/1140 1065/1361/1127
f 1070/1367/1133 1065/1361/1127 1080/1376/1140
f 1082/1377/1141 1076/1378/1142 1070/1367/1133
f 1085/1379/1143 1084/1380/1144 1054/1332/1109
f 1086/1381/1145 1054/1332/1109 1084/1380/1144
f 1089/1382/1146 1088/1383/1147 1079/1371/1137
f 1088/1383/1147 1081/1384/1148 1060/1354/1123
f 349/473/389 348/472/388 1090/1385/1149
f 360/493/401 349/473/389 1090/1385/1149
f 372/509/413 371/508/412 1091/1386/1150
f 370/507/411 360/494/401 1092/1387/1151
f 371/508/412 1093/1388/1152 1094/1389/1153
f 1095/1390/1154 371/508/412 1094/1389/1153
f 1096/1391/1155 337/450/373 1087/1392/1156
f 1090/1385/1149 348/472/388 1096/1391/1155
f 1098/1393/1157 370/507/411 1097/1394/1158
f 1099/1395/1159 1093/1388/1152 1098/1393/1157
f 1094/1389/1153 1099/1395/1159 1101/1396/1160
f 1102/1397/1161 1084/1380/1144 1085/1379/1143
f 1103/1398/1162 1100/1399/1163 1102/1397/1161
f 1103/1400/1162 1094/1389/1153 1101/1396/1160
f 1105/1401/1164 1097/1394/1158 1104/1402/1165
f 1107/1403/1166 1098/1393/1157 1105/1401/1164
f 1100/1399/1163 1078/1370/1136 1086/1381/1145
f 1108/1404/1167 1106/1405/1168 1100/1406/1163
f 1108/1404/1167 1100/1406/1163 1101/1407/1160
f 1108/1404/1167 1099/1408/1159 1107/1409/1166
f 1110/1410/1169 1092/1387/1151 1109/1411/1170
f 1112/1412/1171 1104/1402/1165 1110/1410/1172
f 1111/1413/1173 1088/1383/1147 1089/1382/1146
f 1111/1413/1173 1078/1374/1136 1106/1405/1168
f 1113/1414/1174 1106/1405/1168 1107/1409/1166
f 1113/1414/1174 1105/1415/1164 1112/1416/1171
f 1114/1417/1175 1080/1418/1140 1081/1384/1148
f 1114/1417/1175 1088/1383/1147 1111/1413/1173
f 1116/1419/1176 1111/1413/1173 1112/1416/1171
f 1116/1420/1176 1110/1410/1172 1115/1421/1177
f 1096/1391/1155 1087/1392/1156 1117/1422/1178
f 1119/1423/1179 1080/1376/1140 1114/1424/1175
f 1120/1425/1180 1114/1417/1175 1115/1426/1177
f 1120/1427/1181 1109/1411/1170 1118/1428/1182
f 1121/1429/1183 1082/1377/1141 1119/1423/1179
f 1122/1430/1184 1119/1431/1179 1120/1425/1180
f 1124/1432/1185 1126/1433/1186 1127/1434/1187
f 1130/1435/1188 1126/1436/1186 1129/1437/1189
f 1130/1435/1188 1125/1438/1190 1127/1439/1187
f 1131/1440/1191 1128/1441/1192 1130/1435/1188
f 1131/1440/1191 1133/1442/1193 1132/1443/1194
f 1132/1443/1194 1135/1444/1195 1134/1445/1196
f 450/603/486 1136/1446/1197 1028/1299/1079
f 1028/1299/1079 297/1300/1080 450/603/486
f 451/604/487 1136/1446/1197 450/603/486
f 1137/608/491 451/604/487 452/606/489
f 1137/608/491 437/607/490 1138/1447/1198
f 453/609/492 1138/1447/1198 437/607/490
f 454/614/495 1139/1448/1199 453/611/493
f 455/613/494 1140/1449/1200 454/614/495
f 1142/1450/1201 1141/1451/1202 1143/1452/1203
f 456/616/496 1141/1451/1202 455/613/494
f 457/621/500 1143/1452/1203 456/616/496
f 458/620/499 1144/1453/1204 457/621/500
f 1158/1454/1205 1145/1455/1206 1146/1456/1207
f 459/618/497 1145/1455/1206 458/620/499
f 460/1457/1208 1146/1456/1207 459/618/497
f 1028/1299/1079 1148/1458/1209 1032/1305/1085
f 1136/1446/1197 1149/1459/1210 1150/1460/1211
f 1137/608/491 1151/1461/1212 1149/1459/1210
f 1137/608/491 1149/1459/1210 1136/1446/1197
f 1151/1461/1212 1138/1447/1198 1152/1462/1213
f 1139/1463/1214 1152/1462/1213 1138/1447/1198
f 1154/1464/1215 1139/1448/1199 1140/1449/1200
f 1155/1465/1216 1154/1466/1215 1156/1467/1217
f 1142/1450/1201 1154/1464/1215 1140/1449/1200
f 1157/1468/1218 1142/1450/1201 1143/1452/1203
f 1158/1454/1205 1143/1452/1203 1144/1453/1204
f 1161/1469/1219 1156/1470/1217 1157/1471/1218
f 1161/1469/1219 1158/1472/1205 1162/1473/1220
f 1162/1473/1220 1158/1472/1205 1163/1474/1221
f 1164/1475/1222 1158/1454/1205 1146/1456/1207
f 1164/1475/1222 1146/1456/1207 1147/1476/1223
f 1032/1477/1085 1165/1478/1224 1166/1479/1225
f 1167/1480/1226 1037/1481/1089 1166/1482/1225
f 1039/1312/1091 1038/1314/1090 1167/1480/1226
f 1150/1483/1211 1170/1484/1227 1171/1485/1228
f 1150/1460/1211 1165/1486/1224 1148/1458/1209
f 1172/1487/1229 1165/1488/1224 1171/1489/1228
f 1173/1490/1230 1166/1482/1225 1172/1487/1229
f 1149/1491/1210 1174/1492/1231 1170/1493/1227
f 1175/1494/1232 1172/1487/1229 1171/1489/1228
f 1176/1495/1233 1173/1490/1230 1172/1487/1229
f 1155/1465/1216 1177/1496/1234 1153/1497/1235
f 1179/1498/1236 1155/1499/1216 1156/1500/1217
f 1180/1501/1237 1125/1438/1190 1178/1502/1238
f 1180/1503/1237 1124/1504/1185 1127/1505/1187
f 1180/1506/1237 1179/1507/1236 1181/1508/1239
f 1181/1508/1239 1159/1509/1240 1180/1506/1237
f 1181/1508/1239 1156/1470/1217 1160/1510/1241
f 1161/1469/1219 1182/1511/1242 1160/1510/1241
f 1183/1512/1243 1161/1469/1219 1162/1473/1220
f 1185/1513/1244 1174/1492/1231 1184/1514/1245
f 1176/1495/1233 1175/1494/1232 1186/1515/1246
f 1151/1516/1212 1187/1517/1247 1184/1514/1245
f 1151/1461/1212 1184/1518/1245 1174/1519/1231
f 1189/1520/1248 1185/1513/1244 1188/1521/1249
f 1177/1496/1234 1187/1522/1247 1152/1462/1213
f 1128/1441/1192 1177/1496/1234 1178/1502/1238
f 1192/1523/1250 1187/1517/1247 1191/1524/1251
f 1189/1520/1248 1188/1521/1249 1193/1525/1252
f 1190/1526/1253 1191/1527/1251 1187/1522/1247
f 1194/1528/1254 1193/1525/1252 1188/1521/1249
f 1195/1529/1255 1128/1441/1192 1131/1440/1191
f 1195/1529/1255 1190/1526/1253 1128/1441/1192
f 1192/1523/1250 1196/1530/1256 1197/1531/1257
f 1194/1528/1254 1197/1531/1257 1198/1532/1258
f 1195/1529/1255 1131/1440/1191 1132/1443/1194
f 1195/1533/1255 1196/1530/1256 1191/1524/1251
f 1197/1531/1257 1199/1534/1259 1200/1535/1260
f 1198/1532/1258 1200/1535/1260 1201/1536/1261
f 1195/1533/1255 1199/1534/1259 1196/1530/1256
f 1200/1535/1260 1199/1534/1259 1202/1537/1262
f 1203/1538/1263 1200/1535/1260 1202/1537/1262
f 1195/1529/1255 1134/1445/1196 1204/1539/1264
f 1206/1540/1265 1205/1541/1266 1168/1542/1267
f 1207/1543/1268 1206/1540/1265 1169/1544/1269
f 1213/1545/1270 1173/1490/1230 1176/1495/1233
f 1208/1546/1271 1176/1495/1233 1186/1515/1246
f 1209/1547/1272 1186/1515/1246 1189/1548/1248
f 1210/1549/1273 1209/1550/1272 1193/1525/1252
f 1215/1551/1274 1210/1549/1273 1193/1525/1252
f 1194/1528/1254 1198/1532/1258 1211/1552/1275
f 1212/1553/1276 1198/1532/1258 1201/1536/1261
f 1214/1554/1277 1207/1543/1268 1213/1545/1270
f 1216/1555/1278 1212/1553/1276 1203/1538/1263
f 1205/1541/1266 1085/1379/1143 1040/1331/1108
f 1218/1556/1279 1205/1541/1266 1206/1540/1265
f 1219/1557/1280 1206/1540/1265 1207/1543/1268
f 1220/1558/1281 1214/1554/1277 1208/1546/1271
f 1221/1559/1282 1208/1546/1271 1209/1547/1272
f 1221/1560/1282 1210/1549/1273 1222/1561/1283
f 1210/1549/1273 1215/1551/1274 1223/1562/1284
f 1224/1563/1285 1223/1562/1284 1215/1551/1274
f 1211/1552/1275 1212/1553/1276 1225/1564/1286
f 517/696/562 516/695/561 1091/1386/1150
f 1091/1386/1150 1095/1390/1154 1226/1565/1287
f 1227/1566/1288 1091/1386/1150 1226/1565/1287
f 1228/1567/1289 1085/1379/1143 1217/1568/1290
f 1229/1569/1291 1102/1397/1161 1228/1567/1289
f 1229/1570/1291 1095/1390/1154 1103/1400/1162
f 1218/1556/1279 1228/1567/1289 1217/1568/1290
f 1230/1571/1292 1229/1569/1291 1228/1567/1289
f 1219/1557/1280 1230/1571/1292 1218/1556/1279
f 1231/1572/1293 1229/1569/1291 1230/1571/1292
f 1226/1565/1287 1229/1570/1291 1232/1573/1294
f 1233/1574/1295 1226/1565/1287 1232/1573/1294
f 1227/1566/1288 1233/1574/1295 1234/1575/1296
f 518/697/563 1234/1575/1296 1235/1576/1297
f 1236/1577/1298 1219/1557/1280 1214/1554/1277
f 1231/1572/1293 1219/1557/1280 1236/1577/1298
f 1238/1578/1299 1214/1554/1277 1220/1558/1281
f 1238/1578/1299 1231/1572/1293 1236/1577/1298
f 1239/1579/1300 1237/1580/1301 1231/1572/1293
f 1233/1574/1295 1237/1581/1301 1240/1582/1302
f 1234/1575/1296 1240/1582/1302 1241/1583/1303
f 1235/1576/1297 1241/1583/1303 1242/1584/1304
f 1239/1579/1300 1238/1578/1299 1221/1559/1282
f 1244/1585/1305 1239/1586/1300 1221/1560/1282
f 1245/1587/1306 1243/1588/1307 1239/1586/1300
f 1241/1583/1303 1243/1589/1307 1246/1590/1308
f 1242/1584/1304 1246/1590/1308 1247/1591/1309
f 519/698/564 1247/1591/1309 1248/1592/1310
f 1222/1561/1283 1223/1562/1284 1249/1593/1311
f 1250/1594/1312 1244/1585/1305 1249/1593/1311
f 1251/1595/1313 1245/1587/1306 1250/1594/1312
f 1224/1563/1285 1249/1593/1311 1223/1562/1284
f 1224/1563/1285 1250/1594/1312 1249/1593/1311
f 1247/1591/1309 1251/1596/1313 1252/1597/1314
f 1253/1598/1315 1224/1563/1285 1225/1564/1286
f 1254/1599/1316 1250/1594/1312 1253/1598/1315
f 1248/1592/1310 1254/1600/1317 1255/1601/1318
f 1225/1564/1286 1216/1555/1278 1257/1602/1319
f 1258/1603/1320 1225/1564/1286 1257/1602/1319
f 1254/1599/1316 1253/1598/1315 1258/1603/1320
f 1260/1604/1321 1261/1605/1322 1259/1606/1323
f 1265/1607/1324 1262/1608/1325 1263/1609/1326
f 1263/1610/1327 1266/1611/1328 1261/1605/1322
f 1264/1612/1329 1267/1613/1330 1262/1614/1331
f 1269/1615/1332 1264/1616/1333 1265/1607/1324
f 1272/1617/1334 1268/1618/1335 1269/1615/1332
f 1274/1619/1336 1270/1620/1337 1271/1621/1338
f 1275/1622/1339 1267/1613/1330 1276/1623/1340
f 1267/1613/1330 1275/1622/1339 1266/1611/1328
f 1268/1624/1341 1276/1623/1340 1267/1613/1330
f 1277/1625/1342 1270/1626/1343 1278/1627/1344
f 1271/1628/1345 1277/1625/1342 1268/1624/1341
f 1273/1629/1346 1278/1627/1344 1270/1626/1343
f 1281/1630/1347 1273/1631/1348 1274/1619/1336
f 1282/1632/1349 1274/1619/1336 1272/1617/1334
f 1275/1622/1339 1284/1633/1350 1285/1634/1351
f 1277/1625/1342 1284/1633/1350 1276/1623/1340
f 1287/1635/1352 1278/1627/1344 1286/1636/1353
f 1289/1637/1354 1279/1638/1355 1288/1639/1356
f 1280/1640/1357 1286/1636/1353 1278/1627/1344
f 1285/1641/1351 1291/1642/1358 1292/1643/1359
f 1285/1634/1351 1290/1644/1360 1283/1645/1361
f 1294/1646/1362 1291/1647/1358 1293/1648/1363
f 1287/1635/1352 1295/1649/1364 1293/1650/1363
f 1287/1635/1352 1293/1650/1363 1284/1633/1350
f 1295/1649/1364 1286/1636/1353 1289/1651/1354
f 1297/1652/1365 1293/1648/1363 1296/1653/1366
f 1299/1654/1367 1071/1655/1368 1298/1656/1369
f 1072/1364/1130 326/443/366 1299/1654/1367
f 1073/1657/1370 1298/1658/1369 1071/1365/1131
f 1301/1659/1371 1073/1366/1132 1074/1368/1134
f 1302/1660/1372 1074/1368/1134 1075/1661/1373
f 1076/1378/1142 1302/1660/1372 1075/1661/1373
f 1301/1659/1371 1302/1660/1372 1306/1662/1374
f 1306/1662/1374 1302/1660/1372 1303/1663/1375
f 1304/1664/1376 1259/1665/1377 1305/1666/1378
f 1304/1667/1376 1305/1668/1378 1300/1669/1379
f 1307/1670/1380 1304/1671/1376 1301/1659/1371
f 1308/1672/1381 1301/1659/1371 1306/1662/1374
f 1299/1654/1367 1298/1656/1369 1309/1673/1382
f 1310/1674/1383 1259/1606/1323 1261/1605/1322
f 1305/1668/1384 1309/1675/1382 1298/1658/1369
f 1311/1676/1385 1260/1677/1386 1304/1671/1376
f 1312/1678/1387 1307/1670/1380 1308/1672/1381
f 1313/1679/1388 1263/1609/1326 1311/1680/1385
f 1314/1681/1389 1311/1676/1385 1307/1670/1380
f 1314/1681/1389 1307/1670/1380 1312/1678/1387
f 1299/1654/1367 1309/1673/1382 1315/1682/1390
f 1316/1683/1391 1261/1605/1322 1266/1611/1328
f 1310/1684/1383 1315/1682/1390 1309/1673/1382
f 1317/1685/1392 1265/1607/1324 1313/1679/1388
f 1317/1685/1392 1313/1679/1388 1314/1686/1389
f 1319/1687/1393 1269/1615/1332 1317/1685/1392
f 1320/1688/1394 1317/1685/1392 1318/1689/1395
f 1322/1690/1396 1272/1617/1334 1319/1687/1393
f 1299/1654/1367 1315/1682/1390 1321/1691/1397
f 1072/1364/1130 1299/1654/1367 1321/1691/1397
f 1316/1683/1391 1266/1611/1328 1275/1622/1339
f 1322/1690/1396 1319/1687/1393 1320/1688/1394
f 1322/1690/1396 1282/1632/1349 1272/1617/1334
f 1316/1692/1391 1323/1693/1398 1315/1682/1390
f 1321/1691/1397 1325/1694/1399 1326/1695/1400
f 1327/1696/1401 1321/1691/1397 1326/1695/1400
f 1283/1697/1361 1290/1698/1360 1328/1699/1402
f 1283/1700/1361 1325/1694/1399 1323/1693/1398
f 1329/1701/1403 1325/1702/1399 1328/1703/1402
f 1330/1704/1404 1326/1705/1405 1329/1701/1403
f 1331/1706/1406 1290/1707/1360 1292/1708/1359
f 1332/1709/1407 1328/1703/1402 1331/1706/1406
f 1333/1710/1408 1329/1701/1403 1332/1709/1407
f 1334/1711/1409 1292/1708/1359 1294/1646/1362
f 1335/1712/1410 1331/1706/1406 1334/1711/1409
f 1335/1712/1410 1334/1711/1409 1336/1713/1411
f 1336/1713/1411 1294/1646/1362 1297/1652/1365
f 1083/1714/1412 1303/1663/1375 1076/1378/1142
f 1314/1681/1389 1337/1715/1413 1347/1716/1414
f 1318/1689/1395 1314/1686/1389 1347/1717/1414
f 1282/1632/1349 1322/1690/1396 1338/1718/1415
f 1341/1719/1416 1340/1720/1417 1333/1710/1408
f 1342/1721/1418 1306/1662/1374 1303/1663/1375
f 1308/1672/1381 1343/1722/1419 1344/1723/1420
f 1344/1723/1420 1343/1722/1419 1345/1724/1421
f 1344/1723/1420 1337/1715/1413 1308/1672/1381
f 1345/1724/1421 1337/1715/1413 1344/1723/1420
f 1349/1725/1422 1346/1726/1423 1072/1364/1130
f 1338/1718/1415 1320/1688/1394 1348/1727/1424
f 1349/1725/1422 1324/1728/1425 1350/1729/1426
f 1324/1728/1425 1327/1696/1401 1351/1730/1427
f 1330/1704/1404 1351/1731/1427 1327/1732/1401
f 1340/1720/1417 1352/1733/1428 1330/1704/1404
f 1090/1385/1149 1096/1391/1155 1353/1734/1429
f 1121/1429/1183 1342/1721/1418 1083/1714/1412
f 1122/1430/1184 1354/1735/1430 1121/1736/1183
f 1117/1422/1178 1077/1737/1431 1346/1726/1423
f 1118/1738/1432 1353/1734/1429 1355/1739/1433
f 1354/1740/1430 1343/1722/1419 1342/1721/1418
f 1122/1741/1184 1356/1742/1434 1354/1740/1430
f 1122/1743/1435 1355/1744/1436 1357/1745/1437
f 1358/1746/1438 1343/1722/1419 1356/1742/1434
f 1359/1747/1439 1356/1742/1434 1357/1748/1437
f 1357/1745/1437 1355/1744/1436 1360/1749/1440
f 1358/1746/1438 1361/1750/1441 1345/1724/1421
f 1355/1739/1433 1353/1734/1429 1362/1751/1442
f 1361/1750/1441 1347/1716/1414 1337/1715/1413
f 1358/1746/1438 1363/1752/1443 1361/1750/1441
f 1359/1747/1439 1364/1753/1444 1358/1746/1438
f 1359/1754/1439 1360/1749/1440 1365/1755/1445
f 1318/1689/1395 1363/1756/1443 1366/1757/1446
f 1367/1758/1447 1363/1756/1443 1364/1759/1444
f 1368/1760/1448 1364/1759/1444 1365/1761/1445
f 1348/1727/1424 1318/1689/1395 1366/1757/1446
f 1369/1762/1449 1366/1757/1446 1367/1758/1447
f 1370/1763/1450 1367/1758/1447 1368/1760/1448
f 1360/1749/1440 1362/1764/1442 1371/1765/1451
f 1365/1755/1445 1371/1765/1451 1372/1766/1452
f 1368/1767/1448 1372/1766/1452 1373/1768/1453
f 1369/1762/1449 1338/1718/1415 1348/1727/1424
f 1370/1769/1450 1373/1768/1453 1374/1770/1454
f 1375/1771/1455 1338/1718/1415 1369/1762/1449
f 1376/1772/1456 1369/1762/1449 1374/1773/1454
f 1353/1734/1429 1350/1729/1426 1377/1774/1457
f 1378/1775/1458 1353/1734/1429 1377/1774/1457
f 1371/1765/1451 1378/1776/1458 1379/1777/1459
f 1372/1766/1452 1379/1777/1459 1380/1778/1460
f 1373/1768/1453 1380/1778/1460 1381/1779/1461
f 1376/1780/1462 1381/1779/1461 1382/1781/1463
f 1383/1782/1464 1350/1729/1426 1351/1730/1427
f 1384/1783/1465 1377/1774/1457 1383/1782/1464
f 1352/1733/1428 1383/1784/1464 1351/1731/1427
f 1385/1785/1466 1384/1786/1465 1383/1784/1464
f 1379/1777/1459 1384/1787/1465 1386/1788/1467
f 1387/1789/1468 1352/1733/1428 1340/1720/1417
f 1387/1789/1468 1386/1790/1467 1385/1785/1466
f 1380/1778/1460 1386/1788/1467 1388/1791/1469
f 1202/1537/1262 1392/1792/1470 1393/1793/1471
f 1394/1794/1472 1202/1537/1262 1393/1793/1471
f 1393/1793/1471 1392/1792/1470 1395/1795/1473
f 1398/1796/1474 1395/1795/1473 1396/1797/1475
f 1398/1796/1474 1393/1793/1471 1395/1795/1473
f 1398/1796/1474 1396/1797/1475 1397/1798/1476
f 1204/1539/1264 1389/1799/1477 1399/1800/1478
f 1396/1797/1475 1395/1795/1473 1401/1801/1479
f 1403/1802/1480 1397/1798/1476 1402/1803/1481
f 1404/1804/1482 1400/1805/1483 1401/1801/1479
f 1404/1804/1482 1392/1792/1470 1400/1805/1483
f 1405/1806/1484 1392/1807/1470 1399/1800/1478
f 1391/1808/1485 1405/1806/1484 1399/1800/1478
f 1412/1809/1486 1406/1810/1487 1407/1811/1488
f 1413/1812/1489 1407/1811/1488 1408/1813/1490
f 1413/1812/1489 1408/1813/1490 1409/1814/1491
f 1401/1801/1479 1414/1815/1492 1415/1816/1493
f 1416/1817/1494 1410/1818/1495 1411/1819/1496
f 1396/1797/1475 1415/1816/1493 1416/1817/1494
f 1402/1820/1481 1411/1821/1496 1412/1809/1486
f 1417/1822/1497 1412/1809/1486 1413/1812/1489
f 1403/1802/1480 1402/1803/1481 1417/1823/1497
f 1420/1824/1498 1400/1825/1483 1405/1806/1484
f 1418/1826/1499 1414/1827/1500 1420/1824/1498
f 1423/1828/1501 1279/1829/1502 1280/1830/1503
f 1424/1831/1504 1280/1830/1503 1281/1630/1347
f 1425/1832/1505 1281/1630/1347 1282/1632/1349
f 1426/1833/1506 1424/1831/1504 1425/1832/1505
f 1407/1834/1488 1427/1835/1507 1428/1836/1508
f 1429/1837/1509 1421/1838/1510 1422/1839/1511
f 1408/1813/1490 1428/1840/1508 1429/1837/1509
f 1430/1841/1512 1422/1839/1511 1423/1828/1501
f 1409/1814/1491 1429/1837/1509 1430/1841/1512
f 1431/1842/1513 1423/1828/1501 1424/1831/1504
f 1431/1842/1513 1409/1814/1491 1430/1841/1512
f 1411/1819/1514 1432/1843/1515 1433/1844/1516
f 1433/1845/1516 1406/1846/1517 1411/1847/1514
f 1434/1848/1518 1427/1849/1519 1433/1850/1520
f 1432/1851/1515 1410/1852/1521 1415/1853/1522
f 1418/1854/1499 1435/1855/1523 1432/1856/1515
f 1438/1857/1524 1421/1858/1525 1437/1859/1526
f 1422/1860/1527 1288/1861/1356 1279/1862/1355
f 1439/1863/1528 1288/1864/1529 1438/1865/1530
f 1441/1866/1531 1437/1867/1532 1440/1868/1533
f 1440/1869/1533 1421/1870/1534 1428/1871/1535
f 1443/1872/1536 1441/1866/1531 1442/1873/1537
f 1442/1873/1537 1440/1868/1533 1434/1848/1518
f 1444/1874/1538 1434/1848/1518 1435/1855/1523
f 1442/1873/1537 1434/1848/1518 1444/1874/1538
f 1445/1875/1539 1443/1872/1536 1442/1873/1537
f 1436/1876/1540 1444/1874/1538 1435/1855/1523
f 1447/1877/1541 1295/1878/1364 1439/1863/1528
f 1297/1652/1365 1296/1653/1366 1447/1877/1541
f 1448/1879/1542 1439/1863/1528 1441/1866/1531
f 1447/1877/1541 1439/1863/1528 1448/1879/1542
f 1448/1879/1542 1441/1866/1531 1443/1872/1536
f 1446/1880/1543 1448/1879/1542 1443/1872/1536
f 1446/1880/1543 1447/1877/1541 1448/1879/1542
f 1450/1881/1544 1449/1882/1545 1447/1877/1541
f 1394/1794/1472 1398/1796/1474 1451/1883/1546
f 1453/1884/1547 1336/1713/1411 1454/1885/1548
f 1454/1885/1548 1297/1652/1365 1449/1882/1545
f 1216/1555/1278 1394/1794/1472 1455/1886/1549
f 1451/1883/1546 1397/1798/1476 1456/1887/1550
f 1457/1888/1551 1397/1798/1476 1403/1802/1480
f 1413/1812/1489 1452/1889/1552 1458/1890/1553
f 1457/1888/1551 1417/1823/1497 1459/1891/1554
f 1425/1832/1505 1282/1632/1349 1339/1892/1555
f 1431/1842/1513 1426/1833/1506 1460/1893/1556
f 1460/1893/1556 1452/1889/1552 1431/1842/1513
f 1455/1886/1549 1451/1883/1546 1461/1894/1557
f 1426/1833/1506 1425/1832/1505 1463/1895/1558
f 1464/1896/1559 1341/1719/1416 1335/1712/1410
f 1257/1602/1319 1455/1886/1549 1465/1897/1560
f 1466/1898/1561 1257/1602/1319 1465/1897/1560
f 1467/1899/1562 1258/1603/1320 1466/1898/1561
f 1468/1900/1563 1254/1600/1317 1467/1901/1564
f 520/700/565 1255/1601/1565 1468/1900/1563
f 1461/1894/1557 1469/1902/1566 1471/1903/1567
f 1471/1903/1567 1465/1897/1560 1461/1894/1557
f 1471/1903/1567 1470/1904/1568 1472/1905/1569
f 1467/1899/1562 1471/1903/1567 1472/1905/1569
f 1468/1900/1563 1467/1901/1564 1472/1906/1569
f 1470/1904/1568 1469/1902/1566 1474/1907/1570
f 1475/1908/1571 1470/1909/1568 1474/1910/1570
f 1468/1900/1563 1472/1906/1569 1475/1908/1571
f 1459/1911/1554 1458/1890/1553 1479/1912/1572
f 1479/1913/1572 1457/1888/1551 1459/1891/1554
f 1479/1912/1572 1477/1914/1573 1480/1915/1574
f 1469/1902/1566 1479/1913/1572 1480/1916/1574
f 1474/1907/1570 1480/1916/1574 1478/1917/1575
f 1481/1918/1576 1474/1910/1570 1478/1919/1575
f 1482/1920/1577 1475/1908/1571 1481/1918/1576
f 1473/1921/1578 1468/1900/1563 1482/1920/1577
f 1462/1922/1579 1375/1771/1455 1483/1923/1580
f 1483/1923/1580 1376/1772/1456 1484/1924/1581
f 1486/1925/1582 1462/1922/1579 1483/1923/1580
f 1487/1926/1583 1463/1895/1558 1485/1927/1584
f 1487/1926/1583 1486/1925/1582 1488/1928/1585
f 1488/1928/1585 1484/1924/1581 1489/1929/1586
f 1452/1889/1552 1487/1926/1583 1490/1930/1587
f 1458/1890/1553 1452/1889/1552 1490/1930/1587
f 1490/1930/1587 1488/1928/1585 1477/1914/1573
f 1477/1914/1573 1489/1929/1586 1491/1931/1588
f 1478/1932/1575 1477/1914/1573 1491/1931/1588
f 1492/1933/1589 1478/1919/1575 1491/1934/1588
f 1481/1918/1576 1492/1933/1589 1493/1935/1590
f 1482/1920/1577 1481/1918/1576 1493/1935/1590
f 1494/1936/1591 1256/1937/1592 1473/1938/1578
f 1495/1939/1593 1484/1940/1594 1382/1781/1463
f 1496/1941/1595 1489/1942/1596 1495/1939/1593
f 1497/1943/1597 1492/1933/1589 1496/1941/1595
f 1498/1944/1598 1493/1935/1590 1497/1943/1597
f 1500/1945/1599 1256/1937/1592 1494/1936/1591
f 1500/1946/1599 1482/1920/1577 1498/1944/1598
f 1382/1781/1600 1388/1791/1469 1501/1947/1601
f 1502/1948/1602 1387/1789/1468 1340/1720/1417
f 1503/1949/1603 1501/1950/1601 1387/1789/1468
f 1464/1896/1559 1502/1948/1602 1341/1719/1416
f 1504/1951/1604 1503/1949/1603 1502/1948/1602
f 1506/1952/1605 1503/1949/1603 1505/1953/1606
f 1506/1954/1605 1497/1943/1597 1501/1947/1601
f 1507/1955/1607 1505/1953/1606 1504/1951/1604
f 1509/1956/1608 1505/1953/1606 1508/1957/1609
f 1509/1958/1608 1499/1959/1610 1500/1945/1599
f 1509/1960/1608 1498/1944/1598 1506/1954/1605
f 1511/1961/1611 718/928/753 1510/1962/1612
f 720/931/756 1510/1963/1613 718/930/755
f 1540/1964/1614 719/929/754 1511/1961/1611
f 1512/1965/1615 723/933/758 714/923/749
f 715/925/751 1513/1966/1616 714/923/749
f 724/1143/946 1514/1967/1617 715/925/751
f 1516/1968/1618 1123/1969/1619 1124/1970/1185
f 1516/1971/1618 1510/1962/1612 1515/1972/1620
f 1517/1973/1621 1510/1963/1613 720/931/756
f 1518/1974/1622 1123/1975/1619 1515/1976/1620
f 1517/1973/1621 1518/1974/1622 1515/1976/1620
f 1520/1977/1623 1126/1436/1186 1518/1974/1622
f 1521/1978/1624 1519/1979/1625 722/932/757
f 723/933/758 1521/1978/1624 722/932/757
f 1522/1980/1626 1514/1967/1617 724/1143/946
f 1523/1981/1627 1520/1977/1623 1519/1979/1625
f 1512/1965/1615 1527/1982/1628 723/933/758
f 1524/1983/1629 1512/1965/1615 1513/1966/1616
f 1522/1980/1626 1525/1984/1630 1513/1966/1616
f 1526/1985/1631 1129/1437/1189 1520/1977/1623
f 1527/1982/1628 1523/1981/1627 1521/1978/1624
f 1524/1983/1629 1528/1986/1632 1527/1982/1628
f 1535/1987/1633 1526/1985/1631 1523/1981/1627
f 1531/1988/1634 1523/1981/1627 1527/1982/1628
f 1531/1988/1634 1527/1982/1628 1528/1986/1632
f 1532/1989/1635 1528/1986/1632 1529/1990/1636
f 1534/1991/1637 1529/1990/1636 1530/1992/1638
f 1535/1987/1633 1133/1442/1193 1526/1985/1631
f 1536/1993/1639 1535/1987/1633 1531/1988/1634
f 1538/1994/1640 1537/1995/1641 1536/1993/1639
f 1538/1994/1640 1531/1988/1634 1532/1989/1635
f 1541/1996/1642 1147/1476/1223 1542/1997/1643
f 754/965/788 1147/1476/1223 460/1457/1208
f 1543/1998/1644 721/967/789 1540/1964/1614
f 1544/1999/1645 755/969/790 1543/1998/1644
f 758/972/793 1544/1999/1645 1545/2000/1646
f 1546/2001/1647 758/972/793 1545/2000/1646
f 760/975/795 1546/2001/1647 1547/2002/1648
f 762/977/797 1547/2002/1648 1548/2003/1649
f 1549/2004/1650 763/979/798 1548/2003/1649
f 1550/2005/1651 764/980/799 1549/2004/1650
f 1551/2006/1652 1124/2007/1185 1159/1509/1240
f 1540/1964/1614 1516/1971/1618 1551/2008/1652
f 1552/2009/1653 1159/1509/1240 1160/1510/1654
f 1555/2010/1655 1162/1473/1220 1163/1474/1221
f 1555/2010/1655 1164/2011/1222 1556/2012/1656
f 1556/2012/1656 1164/2011/1222 1557/2013/1657
f 1541/1996/1642 1164/1475/1222 1147/1476/1223
f 1558/2014/1658 1541/1996/1642 1542/1997/1643
f 1551/2006/1652 1552/2009/1653 1559/2015/1659
f 1544/1999/1645 1551/2008/1652 1559/2016/1659
f 1562/2017/1660 1556/2012/1656 1557/2013/1657
f 1562/2017/1660 1558/2018/1658 1563/2019/1661
f 1564/2020/1662 1544/1999/1645 1559/2016/1659
f 1564/2021/1662 1560/2022/1663 1565/2023/1664
f 1547/2002/1648 1564/2020/1662 1565/2024/1664
f 1565/2023/1664 1560/2022/1663 1561/2025/1665
f 1568/2026/1666 1547/2002/1648 1565/2024/1664
f 1568/2027/1666 1567/2028/1667 1569/2029/1668
f 1549/2004/1650 1568/2026/1666 1569/2030/1668
f 1552/2009/1653 1182/1511/1242 1570/2031/1669
f 1570/2031/1669 1183/1512/1243 1571/2032/1670
f 1571/2032/1670 1553/2033/1671 1570/2031/1669
f 1571/2032/1670 1162/1473/1220 1554/2034/1672
f 1555/2010/1655 1572/2035/1673 1554/2034/1672
f 1573/2036/1674 1555/2010/1655 1556/2012/1656
f 1553/2033/1671 1572/2035/1673 1574/2037/1675
f 1574/2037/1675 1573/2036/1674 1575/2038/1676
f 1575/2038/1676 1560/2022/1663 1574/2037/1675
f 1575/2038/1676 1556/2012/1656 1561/2025/1665
f 1562/2017/1660 1576/2039/1677 1561/2025/1665
f 1563/2019/1661 1577/2040/1678 1562/2017/1660
f 1578/2041/1679 1561/2025/1665 1576/2039/1677
f 1578/2041/1679 1577/2040/1678 1579/2042/1680
f 1579/2042/1680 1566/2043/1681 1578/2041/1679
f 1534/1991/1637 1580/2044/1682 1533/2045/1683
f 810/1030/852 1542/1997/1643 754/965/788
f 811/1029/851 1582/2046/1684 810/1030/852
f 1584/2047/1685 1583/2048/1686 1585/2049/1687
f 1585/2049/1687 811/1029/851 812/1027/850
f 813/1036/855 1585/2049/1687 812/1027/850
f 814/1035/854 1586/2050/1688 813/1036/855
f 1602/2051/1689 1587/2052/1690 1588/2053/1691
f 815/1033/853 1587/2052/1690 814/1035/854
f 816/1041/858 1588/2053/1691 815/1033/853
f 817/1040/857 1589/2054/1692 816/1041/858
f 1590/2055/1693 1589/2054/1692 1591/2056/1694
f 1591/2056/1694 817/1040/857 818/1039/856
f 1592/2057/1695 818/1039/856 819/2058/1696
f 1593/2059/1697 766/982/801 1550/2005/1651
f 823/1048/863 1593/2059/1697 1594/2060/1698
f 1595/2061/1699 823/1048/863 1594/2060/1698
f 825/1051/865 1595/2061/1699 1596/2062/1700
f 827/1053/867 1596/2062/1700 1597/2063/1701
f 1598/2064/1702 828/1055/868 1597/2063/1701
f 1599/2065/1703 829/1056/869 1598/2064/1702
f 1600/2066/1704 831/1058/870 1599/2065/1703
f 1558/2014/1658 1542/1997/1643 1582/2046/1684
f 1563/2019/1661 1558/2018/1658 1601/2067/1705
f 1584/2047/1685 1558/2014/1658 1582/2046/1684
f 1601/2068/1705 1584/2069/1685 1585/2070/1687
f 1602/2051/1689 1585/2049/1687 1586/2050/1688
f 1604/2071/1706 1602/2072/1689 1605/2073/1707
f 1605/2074/1707 1602/2075/1689 1606/2076/1708
f 1607/2077/1709 1602/2051/1689 1588/2053/1691
f 1607/2077/1709 1588/2053/1691 1589/2054/1692
f 1608/2078/1710 1567/2028/1667 1603/2079/1711
f 1611/2080/1712 1605/2074/1707 1606/2076/1708
f 1611/2080/1712 1607/2081/1709 1612/2082/1713
f 1612/2082/1713 1607/2081/1709 1613/2083/1714
f 1590/2055/1693 1607/2077/1709 1589/2054/1692
f 1614/2084/1715 1590/2055/1693 1591/2056/1694
f 1592/2057/1695 1614/2084/1715 1591/2056/1694
f 1569/2029/1668 1608/2078/1710 1616/2085/1716
f 1593/2059/1697 1569/2030/1668 1616/2086/1716
f 1619/2087/1717 1612/2082/1713 1613/2083/1714
f 1619/2087/1717 1614/2088/1715 1620/2089/1718
f 1620/2090/1718 1615/2091/1719 1621/2092/1720
f 1622/2093/1721 1593/2059/1697 1616/2086/1716
f 1622/2094/1721 1617/2095/1722 1623/2096/1723
f 1596/2062/1700 1622/2093/1721 1623/2097/1723
f 1623/2096/1723 1617/2095/1722 1618/2098/1724
f 1627/2099/1725 1596/2062/1700 1623/2097/1723
f 1628/2100/1726 1625/2101/1727 1626/2102/1728
f 1629/2103/1729 1598/2064/1702 1627/2099/1725
f 1629/2104/1729 1628/2100/1726 1630/2105/1730
f 1600/2066/1704 1629/2103/1729 1630/2106/1730
f 1579/2042/1680 1563/2019/1661 1631/2107/1731
f 1631/2107/1731 1567/2028/1667 1579/2042/1680
f 1603/2079/1732 1563/2019/1661 1601/2067/1705
f 1604/2108/1706 1632/2109/1733 1603/2079/1732
f 1608/2078/1710 1632/2109/1733 1633/2110/1734
f 1633/2110/1734 1604/2108/1706 1634/2111/1735
f 1634/2111/1735 1609/2112/1736 1633/2110/1734
f 1634/2111/1735 1605/2074/1707 1610/2113/1737
f 1611/2080/1712 1635/2114/1738 1610/2113/1737
f 1636/2115/1739 1611/2080/1712 1612/2082/1713
f 1609/2112/1736 1635/2114/1738 1637/2116/1740
f 1637/2116/1740 1636/2115/1739 1638/2117/1741
f 1638/2117/1741 1617/2095/1722 1637/2116/1740
f 1638/2117/1741 1612/2082/1713 1618/2098/1724
f 1619/2087/1717 1639/2118/1742 1618/2098/1724
f 1620/2089/1718 1640/2119/1743 1619/2087/1717
f 1641/2120/1744 1618/2098/1724 1639/2118/1742
f 1641/2120/1744 1640/2119/1743 1642/2121/1745
f 1642/2121/1745 1624/2122/1746 1641/2120/1744
f 1642/2121/1745 1620/2089/1718 1643/2123/1747
f 1643/2123/1747 1625/2101/1727 1642/2121/1745
f 1643/2123/1747 1621/2124/1720 1626/2102/1748
f 1628/2100/1726 1644/2125/1749 1645/2126/1750
f 1646/2127/1751 819/2058/1696 822/1046/861
f 859/1088/898 1646/2127/1751 822/1046/861
f 860/1087/897 1647/2128/1752 859/1088/898
f 1656/2129/1753 1648/2130/1754 1649/2131/1755
f 861/1085/896 1648/2130/1754 860/1087/897
f 862/1093/901 1649/2131/1755 861/1085/896
f 863/1092/900 1650/2132/1756 862/1093/901
f 1651/2133/1757 1650/2132/1756 1652/2134/1758
f 1652/2134/1758 863/1092/900 864/1091/899
f 1653/2135/1759 864/1091/899 865/2136/1760
f 1654/2137/1761 865/2136/1760 867/1097/903
f 1621/2124/1720 1615/2138/1719 1655/2139/1762
f 1646/2127/1751 1615/2140/1719 1592/2057/1695
f 1656/2129/1753 1646/2127/1751 1647/2128/1752
f 1657/2141/1763 1621/2124/1720 1655/2139/1762
f 1657/2141/1763 1656/2142/1753 1658/2143/1764
f 1658/2143/1764 1656/2142/1753 1659/2144/1765
f 1660/2145/1766 1656/2129/1753 1649/2131/1755
f 1660/2145/1766 1649/2131/1755 1650/2132/1756
f 1663/2146/1767 1658/2143/1764 1659/2144/1765
f 1663/2146/1767 1660/2147/1766 1664/2148/1768
f 1664/2148/1768 1660/2147/1766 1665/2149/1769
f 1651/2133/1757 1660/2145/1766 1650/2132/1756
f 1666/2150/1770 1651/2133/1757 1652/2134/1758
f 1653/2135/1759 1666/2150/1770 1652/2134/1758
f 1669/2151/1771 1665/2149/1769 1670/2152/1772
f 1666/2153/1770 1667/2154/1773 1671/2155/1774
f 1671/2155/1774 1667/2154/1773 1672/2156/1775
f 1654/2137/1761 1667/2157/1773 1653/2135/1759
f 1657/2141/1763 1644/2125/1749 1626/2102/1748
f 1673/2158/1776 1657/2141/1763 1658/2143/1764
f 1645/2126/1750 1673/2158/1776 1674/2159/1777
f 1674/2159/1777 1661/2160/1778 1645/2126/1750
f 1674/2159/1777 1658/2143/1764 1662/2161/1779
f 1663/2146/1767 1675/2162/1780 1662/2161/1779
f 1676/2163/1781 1663/2146/1767 1664/2148/1768
f 1661/2160/1778 1675/2162/1780 1677/2164/1782
f 1677/2164/1782 1675/2162/1780 1668/2165/1783
f 1668/2165/1783 1676/2163/1781 1678/2166/1784
f 1678/2166/1784 1664/2148/1768 1669/2151/1771
f 1666/2153/1770 1679/2167/1785 1670/2152/1772
f 1680/2168/1786 1666/2153/1770 1671/2155/1774
f 870/1282/1068 1654/2137/1761 867/1097/903
f 871/1281/1067 1681/2169/1787 870/1282/1068
f 1683/2170/1788 1654/2137/1761 1681/2169/1787
f 1684/1102/908 1801/2171/1789 872/1103/909
f 1686/2172/1790 1522/1980/1626 1685/2173/1791
f 1530/1992/1638 1522/1980/1626 1686/2172/1790
f 1687/2174/1792 908/1147/949 905/1146/948
f 1688/2175/1793 905/1146/948 906/1148/950
f 909/1149/951 1688/2175/1793 906/1148/950
f 911/1152/954 1689/2176/1794 910/1150/952
f 1693/2177/1795 911/1152/954 912/1166/968
f 1692/2178/1796 1688/2175/1793 909/1149/951
f 907/1145/947 1685/2173/1791 724/1143/946
f 1696/2179/1797 1688/2175/1793 1692/2178/1796
f 1697/2180/1798 1692/2178/1796 1689/2176/1794
f 1690/2181/1799 1697/2180/1798 1689/2176/1794
f 1698/2182/1800 1690/2181/1799 1693/2177/1795
f 1700/2183/1801 1694/2184/1802 1695/2185/1803
f 1696/2179/1797 1701/2186/1804 1695/2185/1803
f 1698/2182/1800 1702/2187/1805 1697/2180/1798
f 1699/2188/1806 1703/2189/1807 1698/2182/1800
f 1704/2190/1808 1686/2172/1790 1694/2191/1802
f 1705/2192/1809 1700/2183/1801 1701/2186/1804
f 1706/2193/1810 1701/2186/1804 1696/2179/1797
f 1702/2187/1805 1706/2193/1810 1696/2179/1797
f 1703/2189/1807 1707/2194/1811 1702/2187/1805
f 1712/2195/1812 1703/2189/1807 1699/2188/1806
f 1705/2192/1809 1709/2196/1813 1700/2183/1801
f 1706/2193/1810 1710/2197/1814 1705/2192/1809
f 1707/2194/1811 1711/2198/1815 1706/2193/1810
f 1703/2189/1807 1711/2198/1815 1707/2194/1811
f 1581/2199/1816 1534/1991/1637 1708/2200/1817
f 1714/2201/1818 1708/2202/1817 1709/2196/1813
f 1715/2203/1819 1709/2196/1813 1710/2197/1814
f 1711/2198/1815 1716/2204/1820 1710/2197/1814
f 1711/2198/1815 1717/2205/1821 1716/2204/1820
f 1713/2206/1822 1718/2207/1823 1712/2195/1812
f 927/1204/1006 1600/2066/1704 1720/2208/1824
f 1691/2209/1825 912/1166/968 928/1168/970
f 1721/2210/1826 928/1168/970 929/1170/972
f 1722/2211/1827 1691/2209/1825 1721/2210/1826
f 1722/2211/1827 1699/2188/1806 1693/2177/1795
f 1723/2212/1828 1724/2213/1829 1722/2211/1827
f 1726/2214/1830 1729/2215/1831 1725/2216/1832
f 1727/2217/1833 1712/2195/1812 1699/2188/1806
f 1731/2218/1834 1727/2217/1833 1728/2219/1835
f 1730/2220/1836 1733/2221/1837 1728/2219/1835
f 1734/2222/1838 927/1204/1006 1720/2208/1824
f 960/1207/1008 1734/2222/1838 1735/2223/1839
f 962/1209/1010 1735/2223/1839 1737/2224/1840
f 1736/2225/1841 962/1209/1010 1737/2224/1840
f 1738/2226/1842 963/1211/1011 1736/2225/1841
f 1739/2227/1843 964/1212/1012 1738/2226/1842
f 1739/2227/1843 1738/2226/1842 1740/2228/1844
f 1740/2228/1844 966/1214/1013 1739/2227/1843
f 1741/2229/1845 967/1216/1015 1740/2228/1844
f 969/1288/1071 1741/2229/1845 1742/2230/1846
f 1743/2231/1847 1600/2066/1704 1630/2106/1730
f 1743/2232/1847 1668/2165/1783 1744/2233/1848
f 1735/2223/1839 1743/2231/1847 1744/2234/1848
f 1744/2233/1848 1669/2151/1849 1745/2235/1850
f 1736/2225/1841 1744/2234/1848 1745/2236/1850
f 1745/2235/1850 1670/2152/1851 1746/2237/1852
f 1749/2238/1853 1671/2155/1774 1672/2156/1775
f 1750/2239/1854 1736/2225/1841 1745/2236/1850
f 1750/2240/1854 1746/2237/1852 1751/2241/1855
f 1738/2226/1842 1750/2239/1854 1751/2242/1855
f 1753/2243/1856 1738/2226/1842 1751/2242/1855
f 1753/2244/1856 1747/2245/1857 1754/2246/1858
f 1740/2228/1844 1753/2243/1856 1754/2247/1858
f 1755/2248/1859 1741/2229/1845 1754/2247/1858
f 948/1190/992 1757/2249/1860 930/1217/1016
f 1746/2237/1852 1679/2167/1785 1758/2250/1861
f 1758/2250/1861 1680/2168/1786 1759/2251/1862
f 1759/2251/1862 1747/2245/1857 1758/2250/1861
f 1759/2251/1862 1671/2155/1774 1748/2252/1863
f 1749/2238/1853 1760/2253/1864 1748/2252/1863
f 1747/2245/1857 1760/2253/1864 1761/2254/1865
f 1723/2212/1828 1721/2210/1826 1756/2255/1866
f 1757/2249/1860 1762/2256/1867 1756/2255/1866
f 1757/2249/1860 1763/2257/1868 1762/2256/1867
f 1764/2258/1869 1763/2257/1868 1757/2249/1860
f 1726/2214/1830 1723/2212/1828 1762/2256/1867
f 1763/2257/1868 1726/2214/1830 1762/2256/1867
f 1766/2259/1870 1763/2257/1868 1764/2258/1869
f 1765/2260/1871 1767/2261/1872 1726/2214/1830
f 1767/2261/1872 1728/2219/1835 1729/2215/1831
f 1768/2262/1873 1730/2220/1836 1728/2219/1835
f 1768/2262/1873 1767/2261/1872 1765/2260/1871
f 1769/2263/1874 1765/2260/1871 1766/2259/1870
f 1769/2263/1874 1730/2220/1836 1768/2262/1873
f 1771/2264/1875 1732/2265/1876 1733/2221/1837
f 1770/2266/1877 1771/2264/1875 1730/2220/1836
f 1683/2170/1788 1682/2267/1878 1772/2268/1879
f 1015/1279/1066 1682/2267/1878 871/1281/1067
f 1016/2269/1880 1772/2268/1879 1015/1279/1066
f 1017/1285/1069 1773/2270/1881 1016/2269/1880
f 1775/2271/1882 1773/2270/1881 1776/2272/1883
f 1776/2272/1883 1017/1285/1069 1018/2273/1070
f 1777/2274/1884 1018/2273/1070 1019/2275/1885
f 1019/2276/1885 1774/2277/1886 1777/2278/1884
f 1778/2279/1887 969/1288/1071 1742/2230/1846
f 1022/1289/1072 1778/2279/1887 1779/2280/1888
f 1024/1295/1076 1779/2281/1888 1781/2282/1889
f 1782/2283/1890 1779/2281/1888 1780/2284/1891
f 1026/1297/1077 1783/2285/1892 998/1248/1042
f 1799/2286/1893 1024/1295/1078 1781/2282/1894
f 1814/2287/1895 998/1248/1042 1783/2285/1892
f 1749/2238/1853 1683/2288/1788 1784/2289/1896
f 1784/2289/1896 1683/2288/1788 1785/2290/1897
f 1786/2291/1898 1683/2170/1788 1772/2268/1879
f 1786/2291/1898 1772/2268/1879 1773/2270/1881
f 1788/2292/1899 1784/2289/1896 1785/2290/1897
f 1788/2292/1899 1786/2293/1898 1789/2294/1900
f 1789/2294/1900 1786/2293/1898 1790/2295/1901
f 1775/2271/1882 1786/2291/1898 1773/2270/1881
f 1791/2296/1902 1775/2271/1882 1776/2272/1883
f 1792/2297/1903 1776/2272/1883 1777/2274/1884
f 1777/2274/1884 1774/2298/1886 1792/2297/1903
f 1795/2299/1904 1789/2294/1900 1790/2295/1901
f 1755/2300/1859 1752/2301/1905 1796/2302/1906
f 1778/2279/1887 1755/2248/1859 1796/2303/1906
f 1796/2302/1906 1793/2304/1907 1797/2305/1908
f 1779/2280/1888 1796/2303/1906 1797/2306/1908
f 1798/2307/1909 1793/2304/1907 1794/2308/1910
f 1780/2309/1891 1797/2305/1908 1798/2307/1909
f 1782/2283/1890 1799/2286/1893 1781/2282/1894
f 1782/2283/1890 1780/2284/1891 1798/2310/1909
f 1800/2311/1911 1749/2238/1853 1784/2289/1896
f 1801/2171/1789 1774/2277/1886 872/1103/909
f 1761/2254/1865 1800/2311/1911 1802/2312/1912
f 1802/2312/1912 1752/2301/1905 1761/2254/1865
f 1802/2312/1912 1784/2289/1896 1787/2313/1913
f 1788/2292/1899 1803/2314/1914 1787/2313/1913
f 1804/2315/1915 1788/2292/1899 1789/2294/1900
f 1792/2297/1903 1805/2316/1916 1791/2296/1902
f 1752/2301/1905 1803/2314/1914 1806/2317/1917
f 1806/2317/1917 1804/2315/1915 1807/2318/1918
f 1807/2318/1918 1793/2304/1907 1806/2317/1917
f 1807/2318/1918 1789/2294/1900 1794/2308/1910
f 1795/2299/1904 1808/2319/1919 1794/2308/1910
f 1791/2296/1902 1809/2320/1920 1795/2321/1904
f 1798/2310/1909 1808/2322/1919 1810/2323/1921
f 1811/2324/1922 1808/2325/1919 1809/2320/1920
f 1782/2283/1890 1812/2326/1923 1799/2286/1893
f 1813/2327/1924 1798/2310/1909 1810/2323/1921
f 1783/2285/1892 1799/2328/1893 1812/2329/1923
f 1815/2330/1925 1805/2331/1916 1801/2171/1789
f 1805/2331/1916 1816/2332/1926 1809/2333/1920
f 1811/2334/1922 1817/2335/1927 1810/2336/1921
f 1813/2337/1924 1817/2335/1927 1812/2329/1923
f 1814/2287/1895 1766/2338/1870 1764/2339/1869
f 1815/2330/1925 1819/2340/1928 1816/2332/1926
f 1812/2329/1923 1817/2335/1927 1783/2285/1892
f 1783/2285/1892 1820/2341/1929 1814/2287/1895
f 1783/2285/1892 1821/2342/1930 1820/2341/1929
f 1818/2343/1931 1814/2287/1895 1820/2341/1929
f 1819/2340/1928 1821/2342/1930 1817/2335/1927
f 1818/2344/1931 1769/2345/1874 1766/2346/1870
f 1684/1102/908 1823/2347/1932 1819/2340/1928
f 1823/2347/1932 1821/2342/1930 1819/2340/1928
f 1824/2348/1933 1822/2349/1934 1820/2341/1929
f 1825/2350/1935 1770/2351/1877 1769/2352/1874
f 1825/2350/1935 1769/2352/1874 1822/2349/1934
f 1967/2353/1936 1821/2342/1930 1823/2347/1932
f 1821/2342/1930 1826/2354/1937 1824/2348/1933
f 1826/2354/1937 1821/2342/1930 1967/2353/1936
f 1827/2355/1938 1770/2356/1877 1825/2357/1935
f 1824/2348/1933 1827/2358/1938 1825/2350/1935
f 1828/2359/1939 1824/2348/1933 1826/2354/1937
f 1535/1987/1633 1390/2360/1940 1135/1444/1195
f 1830/2361/1941 1390/2360/1940 1829/2362/1942
f 1829/2362/1942 1535/1987/1633 1536/1993/1639
f 1537/1995/1641 1829/2362/1942 1536/1993/1639
f 1832/2363/1943 1537/1995/1641 1539/2364/1944
f 1833/2365/1945 1539/2364/1944 1533/2045/1683
f 1830/2361/1941 1391/1808/1485 1390/2360/1940
f 1832/2363/1943 1831/2366/1946 1537/1995/1641
f 1833/2365/1945 1834/2367/1947 1832/2363/1943
f 1580/2044/1682 1833/2365/1945 1533/2045/1683
f 1836/2368/1948 1391/1808/1485 1830/2361/1941
f 1831/2366/1946 1836/2368/1948 1830/2361/1941
f 1832/2363/1943 1837/2369/1949 1831/2366/1946
f 1580/2044/1682 1839/2370/1950 1834/2367/1947
f 1836/2368/1948 1420/1824/1498 1391/1808/1485
f 1837/2369/1949 1842/2371/1951 1841/2372/1952
f 1838/2373/1953 1843/2374/1954 1837/2369/1949
f 1839/2370/1950 1838/2373/1953 1834/2367/1947
f 1841/2372/1952 1420/1824/1498 1836/2368/1948
f 1841/2375/1952 1419/2376/1955 1420/2377/1498
f 1849/2378/1956 1842/2379/1951 1843/2380/1954
f 1847/2381/1957 1852/2382/1958 1851/2383/1959
f 1436/1876/1540 1419/2376/1955 1848/2384/1960
f 1849/2378/1956 1854/2385/1961 1848/2384/1960
f 1855/2386/1962 1849/2378/1956 1850/2387/1963
f 1852/2382/1958 1858/2388/1964 1868/2389/1965
f 1860/2390/1966 1870/2391/1967 1859/2392/1968
f 1854/2385/1961 1445/1875/1539 1436/1876/1540
f 1862/2393/1969 1446/1880/1543 1445/1875/1539
f 1865/2394/1970 1863/2395/1971 1864/2396/1972
f 1868/2389/1965 1866/2397/1973 1865/2394/1970
f 1869/2398/1974 1867/2399/1975 1866/2397/1973
f 1859/2392/1968 1870/2391/1967 1869/2398/1974
f 1866/2397/1973 1871/2400/1976 1450/1881/1544
f 1861/2401/1977 1872/2402/1978 1870/2391/1967
f 1870/2391/1967 1874/2403/1979 1867/2399/1975
f 1877/2404/1980 1876/2405/1981 1875/2406/1982
f 1878/2407/1983 1877/2404/1980 1874/2403/1979
f 1879/2408/1984 1454/1885/1548 1871/2400/1976
f 1867/2399/1975 1880/2409/1985 1871/2400/1976
f 1875/2406/1982 1867/2399/1975 1874/2403/1979
f 1883/2410/1986 1882/2411/1987 1881/2412/1988
f 1883/2410/1986 1875/2406/1982 1876/2405/1981
f 1886/2413/1989 1873/2414/1990 1884/2415/1991
f 1886/2413/1989 1885/2416/1992 1878/2407/1983
f 1880/2409/1985 1898/2417/1993 1879/2408/1984
f 1887/2418/1994 1898/2417/1993 1880/2409/1985
f 1891/2419/1995 1888/2420/1996 1890/2421/1997
f 1885/2416/1992 1892/2422/1998 1877/2404/1980
f 1885/2416/1992 1893/2423/1999 1892/2422/1998
f 1896/2424/2000 1893/2425/1999 1895/2426/2001
f 1991/2427/2002 1885/2416/1992 1886/2413/1989
f 1895/2428/2001 1885/2416/1992 1991/2427/2002
f 1897/2429/2003 1890/2421/1997 1896/2424/2000
f 1899/2430/2004 1887/2418/1994 1882/2411/1987
f 1900/2431/2005 1899/2430/2004 1882/2411/1987
f 1876/2405/1981 1877/2404/1980 1892/2422/1998
f 1876/2405/1981 1900/2431/2005 1883/2410/1986
f 1876/2405/1981 1892/2422/1998 1893/2423/1999
f 1893/2423/1999 1900/2431/2005 1876/2405/1981
f 1684/1102/908 629/824/668 873/827/670
f 1902/2432/2006 873/827/670 1901/2433/2007
f 1903/2434/2008 873/827/670 1902/2432/2006
f 1904/2435/2009 1684/1102/908 1903/2434/2008
f 1684/1102/908 1904/2435/2009 1905/2436/2010
f 1890/2421/1997 1684/1102/908 1905/2436/2010
f 1906/2437/2011 1256/1937/1592 1499/1959/1610
f 1907/2438/2012 1901/2433/2007 1906/2437/2011
f 1908/2439/2013 1902/2432/2006 1907/2438/2012
f 1909/2440/2014 1903/2434/2008 1908/2439/2013
f 1910/2441/2015 1903/2434/2008 1909/2440/2014
f 1905/2436/2010 1910/2441/2015 1912/2442/2016
f 1913/2443/2017 1894/2444/2018 1896/2424/2000
f 1913/2443/2017 1905/2436/2010 1911/2445/2019
f 1914/2446/2020 1504/1951/1604 1502/1948/1602
f 1916/2447/2021 1504/1951/1604 1915/2448/2022
f 1917/2449/2023 1507/1955/1607 1916/2447/2021
f 1917/2450/2023 1499/1959/1610 1508/2451/1609
f 1918/2452/2024 1914/2446/2020 1898/2417/1993
f 1920/2453/2025 1914/2446/2020 1919/2454/2026
f 1921/2455/2027 1915/2448/2022 1920/2453/2025
f 1921/2456/2027 1906/2437/2011 1916/2457/2021
f 1923/2458/2028 1898/2417/1993 1922/2459/2029
f 1924/2460/2030 1918/2452/2024 1923/2458/2028
f 1925/2461/2031 1919/2454/2026 1924/2460/2030
f 1925/2462/2031 1907/2438/2012 1920/2463/2025
f 1926/2464/2032 1887/2418/1994 1899/2430/2004
f 1927/2465/2033 1922/2459/2029 1926/2464/2032
f 1928/2466/2034 1923/2458/2028 1927/2465/2033
f 1928/2467/2034 1908/2439/2013 1924/2468/2030
f 1929/2469/2035 1899/2430/2004 1900/2431/2005
f 1930/2470/2036 1899/2430/2004 1929/2469/2035
f 1931/2471/2037 1926/2464/2032 1930/2470/2036
f 1931/2472/2037 1909/2440/2014 1927/2473/2033
f 1932/2474/2038 1900/2431/2005 1893/2423/1999
f 1932/2475/2038 1894/2444/2018 1911/2445/2019
f 1933/2476/2039 1929/2469/2035 1932/2474/2038
f 1912/2442/2016 1932/2475/2038 1911/2445/2019
f 1933/2477/2039 1910/2441/2015 1930/2478/2036
f 1714/2201/1818 1935/2479/2040 1934/2480/2041
f 1715/2203/1819 1936/2481/2042 1935/2479/2040
f 1717/2205/1821 1937/2482/2043 1716/2204/1820
f 1936/2481/2042 1939/2483/2044 1935/2479/2040
f 1938/2484/2045 1942/2485/2046 1941/2486/2047
f 1943/2487/2048 1942/2485/2046 1718/2207/1823
f 1846/2488/2049 1840/2489/2050 1939/2490/2044
f 1944/2491/2051 1939/2490/2044 1936/2492/2042
f 1940/2493/2052 1944/2491/2051 1936/2492/2042
f 1940/2493/2052 1946/2494/2053 1945/2495/2054
f 1941/2496/2047 1947/2497/2055 1946/2494/2053
f 1942/2498/2046 1948/2499/2056 1947/2497/2055
f 1945/2495/2054 1853/2500/2057 1852/2382/1958
f 1947/2497/2055 1949/2501/2058 1860/2390/1966
f 1719/2502/2059 1950/2503/2060 1943/2487/2048
f 1732/2265/1876 1950/2503/2060 1731/2218/1834
f 1952/2504/2061 1948/2505/2056 1943/2506/2048
f 1949/2501/2058 1948/2499/2056 1955/2507/2062
f 1956/2508/2063 1949/2501/2058 1955/2507/2062
f 1957/2509/2064 1861/2401/1977 1949/2501/2058
f 1960/2510/2065 1732/2265/1876 1771/2264/1875
f 1770/2266/1877 1960/2510/2065 1771/2264/1875
f 1954/2511/2066 1951/2512/2067 1960/2513/2065
f 1961/2514/2068 1952/2504/2061 1953/2515/2069
f 1965/2516/2070 1955/2517/2062 1962/2518/2071
f 1959/2519/2072 1884/2415/1991 1873/2414/1990
f 1957/2509/2064 1966/2520/2073 1959/2519/2072
f 1970/2521/2074 1967/2353/1936 1968/2522/2075
f 1827/2523/1938 1960/2524/2065 1770/2525/1877
f 1828/2359/1939 1954/2511/2066 1971/2526/2076
f 1828/2359/1939 1826/2354/1937 1969/2527/2077
f 1967/2353/1936 1823/2347/1932 1972/2528/2078
f 1975/2529/2079 1967/2353/1936 1972/2528/2078
f 1976/2530/2080 1961/2514/2068 1954/2511/2066
f 1976/2530/2080 1954/2511/2066 1969/2527/2077
f 1977/2531/2081 1973/2532/2082 1976/2530/2080
f 1970/2521/2074 1976/2530/2080 1969/2527/2077
f 1977/2531/2081 1968/2522/2075 1974/2533/2083
f 1823/2347/1932 1888/2420/1996 1978/2534/2084
f 1979/2535/2085 1823/2347/1932 1978/2534/2084
f 1982/2536/2086 1823/2347/1932 1979/2535/2085
f 1973/2532/2082 1962/2518/2071 1963/2537/2087
f 1983/2538/2088 1962/2518/2071 1973/2532/2082
f 1983/2538/2088 1973/2532/2082 1974/2533/2083
f 1984/2539/2089 1980/2540/2090 1983/2538/2088
f 1984/2539/2089 1974/2533/2083 1975/2529/2079
f 1984/2539/2089 1972/2528/2078 1981/2541/2091
f 1978/2534/2084 1889/2542/2092 1985/2543/2093
f 1988/2544/2094 1978/2534/2084 1985/2543/2093
f 1980/2540/2090 1964/2545/2095 1965/2516/2070
f 1989/2546/2096 1986/2547/2097 1980/2540/2090
f 1989/2546/2096 1980/2540/2090 1981/2541/2091
f 1990/2548/2098 1986/2547/2097 1989/2546/2096
f 1990/2548/2098 1981/2541/2091 1982/2536/2086
f 1990/2548/2098 1979/2535/2085 1987/2549/2099
f 1966/2520/2073 1886/2413/1989 1884/2415/1991
f 1993/2550/2100 1889/2542/2092 1891/2419/1995
f 1966/2520/2073 1964/2551/2095 1986/2552/2097
f 1994/2553/2101 1966/2520/2073 1986/2552/2097
f 1994/2554/2101 1986/2547/2097 1987/2549/2099
f 1995/2555/2102 1991/2556/2002 1994/2554/2101
f 1988/2544/2094 1994/2554/2101 1987/2549/2099
f 1995/2555/2102 1985/2543/2093 1992/2557/2103
f 1993/2550/2100 1996/2558/2104 1992/2557/2103
f 1996/2558/2104 1891/2419/1995 1895/2426/2001
f 4/1/1 5/5/5 2/2/2
f 7/196/153 6/195/12 5/5/5
f 8/4/4 7/196/153 5/5/5
f 11/6/6 3/10/9 2/7/2
f 11/6/6 9/17/15 1/9/8
f 13/11/10 10/8/7 2/7/2
f 6/14/12 15/24/159 12/13/11
f 11/6/6 10/8/7 17/15/13
f 13/11/10 12/13/11 18/18/16
f 19/19/17 17/15/13 10/8/7
f 15/20/18 14/2559/172 20/21/19
f 21/23/20 18/18/16 12/13/11
f 16/16/14 17/15/13 25/25/21
f 26/40/36 25/25/21 17/15/13
f 19/19/17 18/18/16 28/27/23
f 29/28/24 26/40/36 17/15/13
f 30/36/32 29/31/27 28/33/29
f 22/32/28 30/36/32 28/33/29
f 31/35/31 27/29/25 29/31/27
f 23/37/33 31/35/31 30/36/32
f 33/38/34 32/45/41 24/26/22
f 35/41/37 33/84/72 25/42/38
f 27/29/25 35/41/37 34/43/39
f 41/46/42 40/53/49 37/47/43
f 42/49/45 41/46/42 38/48/44
f 43/51/47 3/3/3 1/52/48
f 44/54/50 43/51/47 40/53/49
f 45/55/51 4/1/1 3/3/3
f 46/56/52 45/55/51 43/51/47
f 46/56/52 47/57/53 45/55/51
f 47/57/53 8/4/4 4/1/1
f 49/58/54 38/2560/44 37/59/43
f 39/61/46 38/2560/44 49/58/54
f 9/2561/15 40/2562/49 1/2563/8
f 9/63/15 48/2564/55 37/64/43
f 52/66/57 49/58/54 48/60/55
f 50/62/56 49/58/54 52/66/57
f 54/70/60 51/67/58 48/60/55
f 54/69/60 16/16/14 24/26/22
f 60/76/65 58/85/73 27/29/25
f 60/76/65 59/75/64 58/85/73
f 62/77/66 60/76/65 27/29/25
f 23/37/33 62/77/66 31/35/31
f 62/77/66 61/74/63 60/76/65
f 52/66/57 51/67/58 63/79/68
f 56/72/61 52/66/57 64/80/69
f 54/69/60 24/26/22 32/45/41
f 65/2565/70 63/2566/68 51/2567/58
f 58/85/73 66/83/71 35/41/37
f 69/87/74 67/99/78 66/101/71
f 58/85/73 69/2568/74 66/83/71
f 69/87/74 68/103/80 67/99/78
f 64/80/69 63/79/68 70/2569/82
f 71/106/75 70/105/82 63/2570/68
f 73/93/76 71/2571/2105 32/94/41
f 66/96/71 73/2572/76 36/97/77
f 67/2573/78 74/110/85 73/107/76
f 67/99/78 75/102/79 74/2574/85
f 73/2575/76 76/104/84 71/106/2105
f 73/107/76 74/110/85 77/108/83
f 74/110/85 72/128/101 78/111/86
f 75/2576/79 72/128/101 74/110/85
f 72/128/101 79/130/102 78/111/86
f 80/117/87 39/61/46 50/62/56
f 61/74/63 82/122/89 59/75/64
f 69/87/74 84/124/97 68/103/80
f 82/114/89 84/124/97 69/87/74
f 85/187/146 83/186/145 57/73/62
f 75/2576/79 86/126/99 72/128/101
f 86/129/99 75/102/79 68/103/80
f 87/115/90 42/49/45 80/112/87
f 88/116/91 44/54/50 87/115/90
f 89/2577/2106 46/56/52 88/116/91
f 90/118/92 50/62/56 53/68/59
f 81/113/88 92/123/96 62/77/66
f 91/119/93 53/68/59 57/73/62
f 92/123/96 94/121/95 61/74/63
f 93/120/94 57/73/62 83/186/145
f 97/449/372 79/130/102 96/127/100
f 87/115/90 80/112/87 98/131/103
f 100/132/104 98/131/103 99/133/105
f 88/116/91 87/115/90 100/132/104
f 102/135/107 100/132/104 101/134/106
f 104/316/256 89/2577/2106 88/116/91
f 98/138/103 80/117/87 90/118/92
f 99/140/105 98/138/103 106/139/110
f 108/142/112 101/146/106 99/143/105
f 109/145/113 103/148/108 101/146/106
f 111/149/115 105/325/109 103/148/108
f 112/150/116 106/139/110 90/118/92
f 107/141/111 106/139/110 112/150/116
f 114/152/118 108/142/112 107/144/111
f 115/154/119 109/145/113 108/142/112
f 116/155/120 110/147/114 109/145/113
f 118/156/121 111/149/126 110/147/114
f 119/157/122 117/159/124 92/123/96
f 120/158/123 118/2578/121 117/159/124
f 121/2579/128 113/151/117 112/150/116
f 122/161/127 114/152/118 113/153/117
f 123/163/129 115/154/119 114/152/118
f 125/164/130 116/155/120 115/154/119
f 117/159/124 124/2580/132 82/122/89
f 117/159/124 94/121/95 92/123/96
f 126/165/131 125/170/130 124/166/132
f 126/165/131 118/168/121 116/169/120
f 127/172/134 112/150/116 93/120/94
f 128/171/133 121/2579/128 112/150/116
f 129/173/135 122/161/127 121/162/128
f 131/175/137 123/163/129 122/161/127
f 130/176/139 84/124/97 82/114/89
f 132/177/140 131/179/137 130/176/139
f 132/177/140 130/176/139 124/166/132
f 132/177/140 125/170/130 123/178/129
f 134/2581/2107 129/173/135 128/174/136
f 133/180/141 86/129/99 95/125/98
f 135/182/142 134/184/143 133/180/141
f 135/182/142 133/180/141 130/176/139
f 135/2582/142 131/175/137 129/173/138
f 136/188/147 93/120/94 83/186/145
f 137/460/381 128/171/133 127/172/134
f 138/189/148 97/449/372 96/127/100
f 139/191/149 138/459/148 133/180/141
f 139/192/150 134/2581/2107 128/174/136
f 141/702/567 142/291/234 140/285/228
f 144/194/152 143/208/160 6/195/12
f 8/4/4 144/194/152 7/196/153
f 144/194/152 145/207/164 143/208/160
f 147/198/155 145/207/164 144/194/152
f 148/199/156 144/194/152 146/197/154
f 151/200/157 150/206/163 14/201/158
f 143/208/160 151/200/157 15/202/159
f 145/207/164 152/204/161 151/200/157
f 154/209/165 153/234/177 149/205/162
f 155/211/167 154/209/165 152/204/161
f 145/207/164 155/211/167 152/204/161
f 154/209/165 156/212/168 153/234/177
f 145/207/164 157/210/166 155/211/167
f 158/239/192 156/212/168 157/210/166
f 160/213/169 150/2583/173 149/214/170
f 160/216/169 20/2584/19 14/217/172
f 161/219/174 21/34/30 20/220/175
f 162/296/238 23/37/33 22/32/28
f 163/298/240 22/32/28 161/219/174
f 163/298/240 162/296/238 22/32/28
f 153/222/177 165/2585/187 159/223/178
f 166/225/180 160/221/176 159/226/181
f 167/228/183 161/219/174 160/221/176
f 168/229/184 163/298/240 161/219/174
f 170/2586/185 169/245/2108 164/247/186
f 153/222/177 170/2587/185 165/2585/187
f 170/2586/185 171/252/189 169/245/2108
f 173/235/188 172/2588/203 171/236/189
f 156/212/168 173/235/188 170/233/185
f 174/260/206 172/2588/203 173/235/188
f 175/237/190 174/260/206 173/235/188
f 176/238/191 173/235/188 156/212/168
f 178/240/193 165/2589/182 164/241/194
f 178/244/193 166/225/180 165/227/182
f 179/243/196 167/228/183 166/225/180
f 179/243/196 168/229/184 167/228/183
f 169/245/197 180/253/201 177/246/198
f 181/248/200 178/244/193 177/249/195
f 182/251/202 179/243/196 178/244/193
f 171/252/189 184/256/205 180/253/201
f 172/254/203 185/258/207 183/255/204
f 174/257/206 186/271/208 185/258/207
f 175/237/190 187/2590/596 186/259/208
f 181/2591/200 180/2592/201 188/261/209
f 189/301/212 182/251/202 181/248/200
f 188/261/209 184/2593/205 183/262/204
f 192/267/213 181/2591/200 188/261/209
f 192/267/213 189/266/212 181/2591/200
f 195/268/214 194/272/216 190/269/215
f 195/268/214 191/270/210 183/255/204
f 186/271/208 196/282/226 194/272/216
f 197/284/227 196/282/226 186/271/208
f 199/273/217 191/263/210 190/274/218
f 200/276/220 188/261/209 191/263/210
f 192/267/213 188/261/209 200/276/220
f 201/277/221 193/265/211 192/267/213
f 194/272/216 202/283/224 198/278/222
f 203/279/223 199/273/217 198/275/219
f 204/281/225 200/276/220 199/273/217
f 196/282/226 205/286/229 202/283/224
f 197/284/227 141/702/567 140/285/228
f 197/284/227 205/286/229 196/282/226
f 203/279/223 202/280/224 206/287/230
f 208/289/232 204/281/225 203/279/223
f 209/290/233 205/286/229 140/285/228
f 205/2594/229 209/525/233 206/287/230
f 210/293/235 46/56/52 89/2577/2106
f 211/294/236 47/57/53 210/293/235
f 146/197/154 8/4/4 211/294/236
f 212/295/237 55/78/67 23/37/33
f 213/297/239 212/295/237 162/296/238
f 182/251/202 215/308/248 214/299/241
f 216/300/242 215/308/248 182/251/202
f 218/304/244 217/303/243 201/277/221
f 219/305/245 218/304/244 204/281/225
f 104/316/256 210/293/235 89/2577/2106
f 212/295/237 81/113/88 55/78/67
f 168/229/184 220/306/246 213/297/239
f 220/306/246 168/229/184 214/299/241
f 216/300/242 222/353/254 215/308/248
f 193/265/211 222/314/254 216/302/242
f 218/304/244 224/310/250 217/303/243
f 219/305/245 224/310/250 218/304/244
f 213/297/239 226/312/252 225/311/251
f 215/308/248 227/348/285 221/307/247
f 222/353/254 227/348/285 215/308/248
f 228/313/253 193/265/211 223/309/249
f 230/317/257 88/116/91 102/135/107
f 231/318/258 102/135/107 105/137/109
f 234/321/261 233/320/260 231/318/258
f 235/322/262 104/316/256 230/317/257
f 237/323/263 236/331/269 233/320/260
f 232/327/259 105/325/109 239/326/265
f 241/329/267 234/2595/261 232/327/259
f 237/332/263 243/333/270 242/2596/268
f 237/332/263 234/2595/261 241/329/267
f 244/334/271 119/157/122 81/113/88
f 245/335/272 120/158/123 119/157/122
f 245/336/273 238/324/276 111/149/126
f 226/312/252 246/337/274 244/334/271
f 220/306/246 247/338/275 246/337/274
f 247/338/275 248/2597/277 245/335/272
f 239/326/278 238/324/276 248/339/277
f 240/328/266 239/326/278 249/340/279
f 252/343/282 241/329/267 240/328/266
f 243/344/270 254/366/284 253/345/283
f 254/347/284 243/333/270 241/329/267
f 255/350/287 248/2597/277 247/338/275
f 227/348/285 256/349/286 247/338/275
f 256/349/286 257/355/288 255/350/287
f 249/340/279 248/339/277 255/351/287
f 222/353/254 258/354/289 256/349/286
f 258/354/289 259/2598/290 257/355/288
f 250/341/280 249/340/279 257/352/288
f 260/357/291 251/342/281 250/341/280
f 252/343/282 251/342/281 260/357/291
f 254/347/284 252/343/282 261/358/292
f 262/359/293 258/361/289 222/314/254
f 263/360/294 259/2599/290 258/361/289
f 260/357/291 259/356/290 263/362/294
f 261/358/292 260/357/291 264/363/295
f 254/347/284 261/358/292 265/364/296
f 267/368/298 262/359/293 228/313/253
f 267/368/298 268/2600/299 263/360/294
f 265/364/296 264/363/295 268/369/299
f 269/370/300 267/368/298 224/310/250
f 270/371/301 268/2600/299 267/368/298
f 265/364/296 268/369/299 270/372/302
f 266/365/297 272/647/523 253/345/283
f 266/367/297 265/364/296 271/373/524
f 274/374/304 277/2601/2109 275/375/305
f 279/377/307 278/381/311 276/378/308
f 281/380/310 280/388/318 278/381/311
f 282/383/313 277/2601/2109 276/384/314
f 277/2601/2109 282/383/313 275/375/305
f 278/382/312 283/386/316 282/383/313
f 280/385/315 285/396/326 283/386/316
f 286/387/317 285/391/321 280/388/318
f 289/389/319 288/554/328 284/390/320
f 289/389/319 285/391/321 286/387/317
f 293/395/325 285/396/326 284/398/320
f 293/395/325 292/394/324 283/386/316
f 294/2602/327 288/2603/328 287/2604/450
f 294/397/327 293/395/325 284/398/320
f 292/394/324 296/401/330 295/400/329
f 294/397/327 297/1300/1080 296/401/330
f 64/80/69 70/2569/82 298/412/341
f 299/402/331 298/408/337 70/105/82
f 77/108/83 300/404/333 299/403/332
f 78/111/86 301/411/340 300/404/333
f 302/405/334 301/411/340 78/111/86
f 303/406/335 64/80/69 298/412/341
f 305/409/338 304/416/344 299/403/332
f 306/410/339 305/409/338 300/404/333
f 304/407/336 308/2605/2110 307/414/342
f 309/415/343 308/422/348 304/416/344
f 310/417/345 309/415/343 305/409/338
f 311/418/346 274/2606/358 273/419/347
f 312/2607/349 311/418/346 308/420/348
f 313/423/350 312/421/349 309/415/343
f 314/429/356 308/2605/2110 273/376/355
f 308/2605/2110 314/429/356 307/414/342
f 316/426/352 315/424/351 312/421/349
f 318/428/354 314/429/356 273/376/355
f 314/2608/356 318/1330/354 317/427/353
f 319/431/357 277/2609/309 274/432/358
f 315/424/351 319/431/357 311/425/346
f 321/434/360 279/377/307 277/379/309
f 322/436/361 321/434/360 319/435/357
f 323/439/362 281/380/310 279/377/307
f 324/440/363 286/387/317 281/380/310
f 325/441/364 290/392/322 286/387/317
f 326/443/366 303/406/335 317/427/353
f 327/442/365 56/72/61 303/406/335
f 328/444/367 85/187/146 57/73/62
f 306/410/339 329/452/375 310/417/345
f 313/423/350 310/417/345 329/452/375
f 313/423/350 330/445/368 316/426/352
f 323/439/362 331/446/369 324/440/363
f 325/441/364 324/440/363 331/446/369
f 334/448/371 302/405/334 79/130/102
f 334/448/371 335/451/374 306/410/339
f 330/445/368 338/455/377 320/433/359
f 339/491/399 322/436/361 338/485/377
f 340/456/378 322/436/361 339/491/399
f 1077/1737/1431 337/450/373 328/444/367
f 341/457/379 334/448/371 97/449/372
f 342/458/380 341/463/379 138/459/148
f 342/467/385 139/192/150 137/193/151
f 341/457/379 344/464/383 335/451/374
f 342/467/385 137/193/151 343/468/382
f 136/188/147 333/185/144 337/450/373
f 344/464/383 345/466/384 329/452/375
f 342/465/380 346/471/386 345/466/384
f 336/453/376 329/452/375 345/466/384
f 127/172/134 136/188/147 348/472/388
f 343/461/382 127/172/134 349/473/389
f 345/466/384 351/475/391 330/445/368
f 347/470/387 352/482/392 351/475/391
f 347/476/387 346/469/386 350/474/390
f 352/477/392 355/484/395 354/2610/394
f 352/477/392 350/474/390 353/481/393
f 338/2611/377 356/2612/396 339/2613/399
f 338/455/377 351/475/391 354/483/394
f 357/488/397 356/487/396 354/486/394
f 358/490/398 340/456/378 339/491/399
f 359/492/400 358/490/398 356/487/396
f 353/481/393 343/468/382 360/494/401
f 362/496/403 355/484/395 353/481/393
f 357/497/397 355/484/395 362/496/403
f 359/492/400 364/503/405 358/490/398
f 359/499/400 357/497/397 363/498/404
f 365/501/406 332/447/370 331/446/369
f 366/502/407 365/501/406 358/490/398
f 363/498/404 362/496/403 367/504/408
f 369/506/410 364/500/405 363/498/404
f 366/2614/407 364/500/405 369/506/410
f 367/504/408 361/495/402 370/507/411
f 368/505/409 367/504/408 371/508/412
f 369/506/410 368/505/409 372/509/413
f 141/702/567 374/511/415 142/291/234
f 376/510/414 374/511/415 373/898/724
f 376/510/414 375/514/418 142/291/234
f 378/512/416 377/513/417 380/516/420
f 378/512/416 380/516/420 379/515/419
f 384/519/423 381/2615/422 382/520/421
f 207/288/231 206/287/230 385/522/425
f 208/289/232 207/288/231 386/523/426
f 389/526/428 386/523/426 385/522/425
f 390/528/430 387/524/427 386/523/426
f 209/290/233 142/291/234 375/514/418
f 391/530/431 388/527/429 385/522/425
f 393/531/432 389/526/428 388/527/429
f 394/533/434 390/528/430 389/526/428
f 391/530/431 392/532/433 388/527/429
f 400/534/435 399/537/438 395/535/436
f 400/534/435 393/531/432 392/532/433
f 401/538/439 400/534/435 396/536/437
f 401/538/439 394/533/434 393/531/432
f 401/538/439 397/539/440 398/625/504
f 402/540/441 399/551/438 392/2616/433
f 396/536/437 395/535/436 406/542/442
f 397/539/440 407/543/443 403/544/444
f 408/632/446 397/539/440 404/545/445
f 408/632/446 398/625/504 397/539/440
f 409/549/448 406/570/442 395/550/436
f 402/540/441 375/514/418 379/515/419
f 402/540/441 379/515/419 409/549/448
f 412/552/449 411/559/455 287/553/450
f 413/555/451 412/552/449 288/554/328
f 414/556/452 413/555/451 289/389/319
f 416/557/453 415/566/462 410/558/454
f 412/552/449 416/557/453 411/559/455
f 404/545/445 403/544/444 420/562/458
f 422/564/460 421/2617/459 418/565/461
f 422/564/460 405/548/447 404/547/445
f 422/564/460 415/566/462 416/557/453
f 423/568/463 416/557/453 419/561/457
f 425/2618/464 407/543/443 406/542/442
f 425/569/464 420/2619/458 403/572/444
f 426/574/466 424/571/465 406/570/442
f 379/515/419 427/575/467 426/574/466
f 429/576/468 427/578/467 381/2620/422
f 429/576/468 430/595/477 428/577/469
f 434/2621/470 411/2622/455 410/2623/454
f 434/579/470 294/397/327 287/582/450
f 435/2624/488 415/2625/462 418/2626/461
f 435/605/488 433/581/471 415/584/462
f 436/2627/472 421/563/459 420/562/458
f 436/585/472 435/605/488 418/586/461
f 425/569/464 424/571/465 437/607/490
f 425/569/464 436/585/472 420/2619/458
f 438/588/473 437/607/490 424/571/465
f 440/589/474 438/588/473 426/574/466
f 440/590/474 441/597/479 439/591/475
f 428/577/469 441/597/479 440/590/474
f 429/2628/468 381/2615/422 384/519/423
f 430/595/477 429/576/468 444/594/476
f 430/595/477 445/596/481 441/597/479
f 446/598/480 442/602/485 441/597/479
f 446/598/480 445/596/481 431/599/482
f 446/598/480 447/946/770 443/601/484
f 432/600/483 447/946/770 446/598/480
f 447/946/770 448/949/498 443/601/484
f 450/603/486 434/579/470 433/581/471
f 450/603/486 297/1300/1080 294/397/327
f 451/604/487 450/603/486 433/581/471
f 452/606/489 451/604/487 435/605/488
f 1137/608/491 452/606/489 436/585/472
f 439/610/475 454/614/495 453/611/493
f 439/610/475 456/616/496 455/613/494
f 442/617/485 456/616/496 439/610/475
f 443/615/484 457/621/500 456/616/496
f 459/618/497 457/621/500 443/615/484
f 449/622/501 460/1457/1208 459/618/497
f 387/524/427 219/305/245 208/289/232
f 461/623/502 387/524/427 390/528/430
f 462/624/503 390/528/430 394/533/434
f 414/556/452 290/392/322 325/441/364
f 419/561/457 417/560/456 464/628/507
f 463/627/506 405/548/447 423/568/463
f 471/626/505 398/625/504 467/637/515
f 471/626/505 466/630/509 394/533/434
f 468/638/510 408/546/446 463/627/506
f 468/631/510 467/637/515 398/625/504
f 469/641/517 414/556/452 325/441/364
f 469/641/517 325/441/364 332/447/370
f 464/628/507 414/556/452 469/641/517
f 474/633/511 423/568/463 465/629/508
f 461/623/502 229/315/255 219/305/245
f 462/624/503 470/634/512 461/623/502
f 473/636/514 467/637/515 468/631/510
f 476/642/518 469/641/517 332/447/370
f 477/643/519 465/629/508 464/628/507
f 478/644/520 269/370/300 229/315/255
f 479/645/521 270/371/301 269/370/300
f 271/373/303 270/372/302 479/653/529
f 478/644/520 470/634/512 481/649/525
f 479/645/521 478/644/520 482/650/526
f 484/652/528 271/373/303 479/653/529
f 472/635/513 471/626/505 485/2629/2111
f 472/635/513 481/649/525 462/624/503
f 472/635/513 485/2629/2111 486/655/531
f 482/650/526 481/649/525 472/635/513
f 488/656/532 486/655/531 487/657/533
f 483/651/527 482/650/526 488/656/532
f 473/636/514 485/2629/2111 471/626/505
f 486/655/531 485/2629/2111 473/636/514
f 491/661/536 489/659/534 487/662/533
f 492/664/537 484/652/528 489/659/534
f 496/665/538 463/627/506 474/633/511
f 496/665/538 493/666/539 494/667/540
f 475/639/516 463/627/506 496/665/538
f 475/639/516 496/665/538 494/667/540
f 486/655/531 473/636/514 475/640/516
f 498/670/543 494/667/540 497/669/542
f 490/660/535 486/655/531 498/671/543
f 500/674/545 491/661/536 490/663/535
f 501/676/546 492/664/537 491/661/536
f 502/677/547 476/642/518 332/447/370
f 503/678/548 502/677/547 365/501/406
f 504/679/549 464/628/507 476/642/518
f 504/679/549 476/642/518 502/677/547
f 505/680/550 502/677/547 503/678/548
f 493/666/539 474/633/511 477/643/519
f 477/643/519 504/679/549 505/680/550
f 494/667/540 493/666/539 477/643/519
f 507/682/552 505/680/550 506/681/551
f 495/668/541 494/667/540 507/682/552
f 509/684/554 497/688/542 495/685/541
f 510/687/555 499/675/544 497/688/542
f 500/674/545 499/675/544 510/687/555
f 503/690/548 366/2614/407 369/506/410
f 513/692/558 506/2630/551 503/690/548
f 513/692/558 508/686/553 506/2630/551
f 509/684/554 508/686/553 513/692/558
f 515/694/560 510/687/555 509/684/554
f 511/689/556 510/687/555 515/694/560
f 501/676/546 511/689/556 515/694/560
f 512/691/557 369/506/410 372/509/413
f 516/695/561 513/692/558 512/691/557
f 516/695/561 514/693/559 513/692/558
f 517/696/562 515/694/560 514/693/559
f 501/676/546 515/694/560 518/697/563
f 480/648/522 501/676/546 519/698/564
f 522/704/569 525/899/725 524/701/566
f 522/704/569 526/706/571 525/899/725
f 528/708/573 527/707/572 148/199/156
f 529/709/574 527/707/572 528/708/573
f 533/713/578 158/239/192 531/711/576
f 532/712/577 534/714/579 531/711/576
f 529/709/574 536/716/581 532/712/577
f 538/718/583 537/717/582 529/709/574
f 533/713/578 539/724/589 176/238/191
f 533/713/578 540/725/590 539/724/589
f 534/714/579 540/725/590 533/713/578
f 541/727/592 540/725/590 534/714/579
f 542/719/584 541/727/592 534/714/579
f 542/719/584 534/714/579 536/716/581
f 543/720/585 536/716/581 537/717/582
f 545/722/587 537/717/582 544/721/586
f 546/723/588 187/2590/596 175/237/190
f 548/2631/600 547/2632/597 546/723/588
f 540/725/590 548/2631/600 546/723/588
f 540/725/590 549/2633/599 548/2631/600
f 541/727/592 549/2633/599 540/725/590
f 550/726/591 549/2633/599 541/727/592
f 542/719/584 551/728/593 541/727/592
f 543/720/585 552/729/594 542/719/584
f 553/730/595 197/284/227 186/271/208
f 187/731/596 554/733/598 553/730/595
f 547/732/597 555/736/601 554/733/598
f 547/732/597 187/731/596 546/2634/588
f 556/2635/2112 555/736/601 547/732/597
f 549/734/599 556/2635/2112 547/732/597
f 549/734/599 557/2636/2113 556/2635/2112
f 550/2637/591 557/2636/2113 549/734/599
f 558/2638/2114 557/2636/2113 550/2637/591
f 558/2639/2114 550/726/591 551/728/593
f 553/730/595 521/703/568 141/702/567
f 554/733/598 522/704/569 521/703/568
f 523/705/570 522/704/569 555/736/601
f 556/2635/2112 559/737/602 555/736/601
f 557/2636/2113 559/737/602 556/2635/2112
f 560/739/604 559/737/602 557/2636/2113
f 558/2638/2114 560/739/604 557/2636/2113
f 558/2638/2114 561/2640/2115 560/739/604
f 560/739/604 563/2641/2116 562/738/603
f 564/1109/915 563/2641/2116 560/739/604
f 561/2640/2115 564/1109/915 560/739/604
f 528/708/573 146/197/154 211/294/236
f 565/740/605 211/294/236 210/293/235
f 530/710/575 528/708/573 565/740/605
f 567/749/614 530/710/575 565/740/605
f 568/742/607 530/710/575 567/749/614
f 569/743/608 535/715/580 568/742/607
f 538/718/583 535/715/580 569/743/608
f 572/746/611 544/721/586 538/718/583
f 571/745/610 573/754/619 572/746/611
f 575/777/639 566/741/606 574/747/612
f 576/748/613 566/741/606 575/777/639
f 567/749/614 565/740/605 576/748/613
f 568/742/607 567/749/614 577/750/615
f 571/745/610 570/744/609 579/752/617
f 581/755/620 571/745/610 580/753/618
f 573/754/619 582/756/621 572/746/611
f 583/790/652 577/750/615 576/748/613
f 584/793/655 578/751/616 577/750/615
f 584/793/655 577/750/615 583/790/652
f 585/757/622 578/751/616 584/793/655
f 578/751/616 579/752/617 569/743/608
f 578/751/616 580/753/618 579/752/617
f 585/757/622 586/759/624 580/753/618
f 587/758/623 580/753/618 586/759/624
f 589/762/627 581/755/620 580/753/618
f 590/761/626 589/762/627 580/753/618
f 588/760/625 590/761/626 587/758/623
f 581/755/620 592/763/628 582/756/621
f 589/762/627 593/764/629 592/763/628
f 590/766/626 594/2642/633 593/2643/629
f 595/765/630 594/2642/633 590/766/626
f 595/769/630 591/825/631 628/772/634
f 597/826/669 596/770/632 628/772/634
f 598/773/635 104/316/256 235/322/262
f 600/775/637 599/774/636 235/322/262
f 601/776/638 600/775/637 233/320/260
f 603/779/641 602/778/640 574/747/612
f 604/780/642 603/779/641 598/773/635
f 605/781/643 604/780/642 599/774/636
f 606/786/648 576/748/613 575/777/639
f 607/782/644 606/786/648 575/777/639
f 608/783/645 607/782/644 602/778/640
f 609/784/646 608/783/645 603/779/641
f 610/785/647 583/790/652 576/748/613
f 611/787/649 610/785/647 606/786/648
f 612/788/650 611/787/649 607/782/644
f 613/794/656 584/793/655 583/790/652
f 614/789/651 613/794/656 583/790/652
f 615/791/653 614/789/651 610/785/647
f 616/792/654 585/757/622 584/793/655
f 614/789/651 616/792/654 613/794/656
f 601/795/638 242/2644/268 617/796/657
f 601/2645/638 236/2646/269 242/2647/268
f 605/798/643 617/2648/657 618/799/658
f 605/2649/643 600/2650/637 617/2651/657
f 609/801/646 618/2652/658 619/802/659
f 609/2653/646 604/2654/642 618/2655/658
f 612/804/650 619/2656/659 620/805/660
f 612/2657/650 608/2658/645 619/2659/659
f 615/807/653 620/2660/660 621/808/661
f 615/2661/653 611/2662/649 620/2663/660
f 616/792/654 622/2664/667 586/759/624
f 623/2665/662 622/2664/667 616/792/654
f 622/2664/667 588/760/625 586/759/624
f 242/346/268 253/345/283 624/812/663
f 618/814/658 624/812/663 625/815/664
f 619/816/659 625/815/664 626/817/665
f 627/823/666 623/2666/662 621/819/661
f 622/822/667 627/821/666 591/768/631
f 624/812/663 629/824/668 625/815/664
f 626/817/665 625/815/664 628/772/634
f 628/772/634 627/823/666 626/817/665
f 629/824/668 253/345/283 272/647/523
f 631/829/672 543/720/585 545/722/587
f 633/2667/2117 631/829/672 545/722/587
f 633/2667/2117 545/722/587 632/830/673
f 634/2668/2118 558/2639/2114 551/728/593
f 634/2668/2118 551/728/593 552/729/594
f 635/831/674 634/2668/2118 552/729/594
f 635/831/674 552/729/594 631/829/672
f 633/2667/2117 636/832/675 631/829/672
f 637/833/676 636/837/675 633/2669/2117
f 632/830/673 637/2670/676 633/2667/2117
f 634/2668/2118 561/2671/2115 558/2639/2114
f 639/842/683 561/2672/2115 634/2673/2118
f 635/2674/674 639/842/683 634/2673/2118
f 640/836/678 639/842/683 635/2674/674
f 636/837/675 640/836/678 635/2674/674
f 637/833/676 641/838/679 636/837/675
f 642/839/680 641/838/679 637/833/676
f 638/835/677 642/839/680 637/833/676
f 561/2640/2115 644/1107/913 564/1109/915
f 639/842/683 644/1111/913 561/2672/2115
f 645/841/682 644/1111/913 639/842/683
f 646/1113/918 645/841/682 640/836/678
f 641/838/679 646/1113/918 640/836/678
f 643/840/681 647/843/684 642/839/680
f 630/828/671 544/721/586 572/746/611
f 649/845/686 651/847/688 630/828/671
f 650/846/687 652/850/691 651/847/688
f 653/848/689 630/828/671 651/847/688
f 654/849/690 655/852/692 653/848/689
f 638/851/677 632/830/673 653/848/689
f 638/2675/677 653/2676/689 655/2677/692
f 657/854/694 643/840/681 638/835/677
f 661/858/697 648/844/685 643/840/681
f 659/860/699 662/859/698 660/856/695
f 650/846/687 572/746/611 582/756/621
f 655/852/692 664/862/701 656/853/693
f 657/854/694 656/855/693 664/863/701
f 659/860/699 658/857/696 665/864/702
f 650/846/687 582/756/621 592/763/628
f 594/2678/633 667/865/703 593/764/629
f 668/875/709 652/850/691 650/846/687
f 669/866/704 668/875/709 650/846/687
f 667/865/703 669/866/704 592/763/628
f 669/872/704 671/878/712 668/2679/709
f 672/871/706 671/878/712 669/872/704
f 664/862/701 663/861/700 652/850/691
f 674/874/708 673/873/707 652/850/691
f 671/878/712 674/882/708 668/2679/709
f 670/870/705 596/770/632 597/826/669
f 672/879/706 670/870/705 675/876/710
f 674/882/708 677/881/713 673/885/707
f 671/878/712 678/883/714 677/881/713
f 679/892/720 665/864/702 664/863/701
f 680/884/715 679/892/720 664/863/701
f 677/881/713 680/884/715 673/885/707
f 678/887/714 676/880/711 675/876/710
f 680/884/715 682/889/717 679/892/720
f 677/881/713 683/890/718 682/889/717
f 684/2680/2119 659/860/699 665/864/702
f 685/891/719 684/2680/2119 665/864/702
f 682/889/717 685/891/719 679/892/720
f 681/888/716 675/876/710 974/895/722
f 683/894/718 681/888/716 974/895/722
f 684/2680/2119 662/859/698 659/860/699
f 685/891/719 687/1219/1018 684/2680/2119
f 688/897/723 687/1219/1018 685/891/719
f 666/1171/973 662/859/698 684/2680/2119
f 687/1219/1018 666/1171/973 684/2680/2119
f 524/701/566 689/900/726 373/898/724
f 524/701/566 374/511/415 141/702/567
f 525/899/725 690/901/727 689/900/726
f 526/706/571 691/906/732 690/901/727
f 526/706/571 692/902/728 691/906/732
f 523/705/570 692/902/728 526/706/571
f 562/738/603 693/904/730 692/902/728
f 562/738/603 694/1115/920 693/904/730
f 692/902/728 695/908/734 691/906/732
f 692/902/728 696/903/729 695/908/734
f 694/1115/920 697/911/737 693/904/730
f 698/905/731 377/513/417 376/510/414
f 690/901/727 699/907/733 698/905/731
f 691/906/732 700/909/735 699/907/733
f 697/911/737 702/914/740 701/910/736
f 699/907/733 703/912/738 698/905/731
f 701/910/736 705/924/750 704/913/739
f 701/910/736 706/915/741 705/924/750
f 702/914/740 707/918/744 706/915/741
f 698/905/731 708/916/742 380/516/420
f 700/909/735 709/921/747 703/912/738
f 710/917/743 709/921/747 700/909/735
f 711/919/745 705/924/750 706/915/741
f 708/916/742 712/920/746 382/517/421
f 703/912/738 713/922/748 712/920/746
f 705/924/750 715/925/751 714/923/749
f 711/919/745 716/1106/912 715/925/751
f 717/927/752 384/519/423 383/521/424
f 713/922/748 383/926/424 712/920/746
f 717/927/752 383/521/424 718/928/753
f 713/922/748 720/931/756 718/930/755
f 709/921/747 722/932/757 720/931/756
f 710/917/743 723/933/758 722/932/757
f 716/1106/912 724/1143/946 715/925/751
f 563/2641/2116 694/1115/920 562/738/603
f 564/1109/915 694/1115/920 563/2641/2116
f 725/1108/914 694/1115/920 564/1109/915
f 431/599/482 726/944/768 432/600/483
f 729/934/759 730/953/776 728/935/760
f 733/937/762 734/983/802 732/938/763
f 735/942/765 444/594/476 384/593/423
f 736/941/766 445/596/478 444/594/476
f 737/943/767 726/944/768 431/599/482
f 726/944/768 738/945/2120 447/946/770
f 447/946/770 738/945/2120 727/936/771
f 447/946/770 739/947/772 448/949/498
f 728/935/760 739/947/772 447/946/770
f 739/947/772 740/955/779 449/948/501
f 737/943/767 743/951/774 738/945/769
f 729/934/759 727/936/761 738/945/769
f 744/952/775 730/953/776 729/934/759
f 730/953/776 745/954/778 739/947/772
f 745/954/778 746/956/780 740/955/779
f 746/956/780 732/938/763 741/957/781
f 732/938/763 746/956/780 731/939/764
f 744/952/775 747/958/782 745/954/777
f 747/958/782 748/959/784 746/956/783
f 748/959/784 733/937/762 731/939/764
f 749/960/785 734/983/802 733/937/762
f 750/961/786 751/1002/822 749/960/785
f 753/962/787 735/940/765 717/927/752
f 754/965/788 460/1457/1208 449/622/501
f 721/967/789 755/969/790 753/962/787
f 742/968/773 735/940/765 753/962/787
f 757/971/792 737/2681/767 742/968/773
f 757/971/792 743/2682/774 737/2681/767
f 758/972/793 759/974/794 757/971/792
f 744/952/775 743/951/774 757/2683/792
f 761/976/796 747/2684/782 744/973/775
f 762/977/797 763/979/798 761/976/796
f 750/978/786 747/2684/782 761/976/796
f 764/980/799 751/2685/822 750/978/786
f 765/2686/2121 766/982/801 764/980/799
f 752/981/800 751/2685/822 764/980/799
f 770/985/804 771/1004/824 769/986/805
f 774/988/807 775/1013/833 773/989/808
f 779/991/810 780/994/813 777/992/811
f 732/938/763 783/998/818 741/957/781
f 767/984/803 783/998/818 732/938/763
f 786/996/816 783/998/818 767/984/803
f 786/996/816 787/999/819 784/997/817
f 787/999/819 786/996/816 768/987/806
f 787/999/819 788/1006/826 785/1000/820
f 769/986/805 788/1006/826 787/999/819
f 788/1006/826 789/1009/830 785/1000/820
f 791/1001/821 786/996/815 749/960/785
f 791/1001/821 770/985/804 768/987/806
f 792/1003/823 771/1004/824 770/985/804
f 771/1004/824 793/1005/2122 788/1006/826
f 788/1006/826 793/1005/2122 772/990/827
f 788/1006/826 794/1007/828 789/1009/830
f 773/989/808 794/1007/828 788/1006/826
f 794/1007/828 795/1015/836 790/1008/829
f 792/1003/823 797/1011/831 793/1005/825
f 774/988/807 772/990/809 793/1005/825
f 798/1012/832 775/1013/833 774/988/807
f 775/1013/833 799/1014/835 794/1007/828
f 799/1014/835 800/1016/837 795/1015/836
f 800/1016/837 777/992/811 796/1017/838
f 777/992/811 800/1016/837 776/993/812
f 777/992/811 801/1066/862 796/1017/838
f 778/995/814 801/1066/862 777/992/811
f 798/1012/832 802/1018/839 799/1014/834
f 802/1018/839 803/1019/841 800/1016/840
f 803/1019/841 779/991/810 776/993/812
f 804/1020/842 780/994/813 779/991/810
f 805/1021/844 801/1066/862 778/995/814
f 806/1022/845 807/1024/847 804/1020/842
f 808/1023/846 805/1021/843 804/1020/842
f 808/1023/846 782/1060/872 781/1025/848
f 741/964/781 810/1030/852 754/965/788
f 812/1027/850 810/1030/852 741/964/781
f 785/1032/820 813/1036/855 812/1027/850
f 815/1033/853 813/1036/855 785/1032/820
f 790/1037/829 816/1041/858 815/1033/853
f 818/1039/856 816/1041/858 790/1037/829
f 796/1042/838 819/2058/1696 818/1039/856
f 821/1045/860 792/2687/823 752/981/800
f 821/1045/860 797/2688/831 792/2687/823
f 822/1046/861 819/2058/1696 796/1042/838
f 823/1048/863 824/1050/864 821/1045/860
f 798/1012/832 797/1011/831 821/2689/860
f 826/1052/866 802/2690/839 798/1049/832
f 827/1053/867 828/1055/868 826/1052/866
f 806/1054/845 802/2690/839 826/1052/866
f 829/1056/869 807/2691/847 806/1054/845
f 830/2692/2123 831/1058/870 829/1056/869
f 809/1057/849 807/2691/847 829/1056/869
f 782/1060/872 834/1070/881 833/1061/873
f 837/1062/874 838/1078/890 836/1063/875
f 805/1021/844 844/1067/878 842/1065/877
f 844/1067/878 805/1021/844 781/1025/848
f 844/1067/878 845/1072/883 843/1068/879
f 833/1061/873 845/1072/883 844/1067/878
f 845/1072/883 846/1075/887 843/1068/879
f 848/1069/880 834/1070/881 782/1060/872
f 834/1070/881 849/1071/2124 845/1072/883
f 845/1072/883 849/1071/2124 835/1064/884
f 845/1072/883 850/1073/885 846/1075/887
f 836/1063/875 850/1073/885 845/1072/883
f 850/1073/885 851/1080/893 847/1074/886
f 848/1069/880 853/1076/888 849/1071/882
f 837/1062/874 835/1064/876 849/1071/882
f 854/1077/889 838/1078/890 837/1062/874
f 838/1078/890 855/1079/892 850/1073/885
f 855/1079/892 856/1081/894 851/1080/893
f 856/1081/894 840/1180/982 852/1082/895
f 840/1180/982 856/1081/894 839/1181/983
f 840/1180/982 857/1197/904 852/1082/895
f 841/1183/985 857/1197/904 840/1180/982
f 843/1084/879 859/1088/898 822/1046/861
f 861/1085/896 859/1088/898 843/1084/879
f 847/1089/886 862/1093/901 861/1085/896
f 864/1091/899 862/1093/901 847/1089/886
f 852/1094/895 865/2136/1760 864/1091/899
f 866/1096/902 848/2693/880 809/1057/849
f 866/1096/902 853/2694/888 848/2693/880
f 867/1097/903 865/2136/1760 852/1094/895
f 869/1100/906 870/1282/1068 867/1097/903
f 629/824/668 986/1101/907 868/1104/910
f 707/918/744 874/1105/911 711/919/745
f 644/1107/913 875/2695/916 725/1108/914
f 646/1113/918 876/1117/922 645/841/682
f 647/843/684 877/1112/917 641/838/679
f 725/1108/914 879/2696/928 697/911/737
f 875/2695/916 879/2696/928 725/1108/914
f 880/1121/926 879/1123/928 875/1110/916
f 645/841/682 880/1121/926 875/1110/916
f 881/1116/921 880/1121/926 645/841/682
f 882/1118/923 881/1116/921 876/1117/922
f 877/1112/917 882/1118/923 646/1113/918
f 878/1114/919 883/1119/924 647/843/684
f 879/2696/928 702/914/740 697/911/737
f 879/2696/928 889/1130/935 702/914/740
f 885/1132/927 889/1130/935 879/2696/928
f 886/1124/929 885/1122/927 880/1121/926
f 887/1125/930 886/1124/929 881/1116/921
f 888/1126/931 887/1125/930 882/1118/923
f 883/1119/924 888/1126/931 877/1112/917
f 889/1130/935 707/918/744 702/914/740
f 886/1124/929 891/1128/933 890/1127/932
f 887/1125/930 892/1141/944 891/1128/933
f 893/1129/934 892/1141/944 887/1125/930
f 884/1120/925 894/1134/938 888/1126/931
f 889/1130/935 895/1131/936 874/1105/911
f 890/1127/932 895/1138/936 885/1122/927
f 896/1136/940 895/1138/936 890/1127/932
f 897/1139/942 890/1127/932 891/1128/933
f 892/1141/944 897/1139/942 891/1128/933
f 874/1105/911 899/1135/939 716/1106/912
f 895/1131/936 900/1144/941 899/1135/939
f 892/1141/944 901/1140/943 897/1139/942
f 893/1129/934 902/1151/953 901/1140/943
f 903/1142/945 902/1151/953 893/1129/934
f 904/1153/955 903/1142/945 898/1133/937
f 894/1134/938 904/1153/955 898/1133/937
f 896/1136/940 905/1146/948 900/1137/941
f 897/1139/942 906/1148/950 896/1136/940
f 901/1140/943 906/1148/950 897/1139/942
f 899/1135/939 907/1145/947 724/1143/946
f 900/1144/941 908/2697/949 907/1145/947
f 910/1150/952 909/1149/951 901/1140/943
f 911/1152/954 910/1150/952 902/1151/953
f 904/1153/955 912/1166/968 911/1152/954
f 648/844/685 913/1155/957 878/1114/919
f 661/858/697 913/1155/957 648/844/685
f 884/1120/925 878/1114/919 913/1155/957
f 918/1161/963 917/1158/960 916/1157/959
f 919/1159/961 894/1134/938 884/1120/925
f 920/1160/962 919/1159/961 917/1158/960
f 921/1164/966 894/1134/938 919/1159/961
f 922/1162/964 921/1164/966 919/1159/961
f 920/1160/962 923/1163/965 922/1162/964
f 924/1165/967 904/1153/955 894/1134/938
f 921/1164/966 924/1165/967 894/1134/938
f 921/1164/966 925/1167/969 924/1165/967
f 921/1164/966 926/1169/971 925/1167/969
f 924/1165/967 928/1168/970 912/1166/968
f 925/1167/969 929/1170/972 928/1168/970
f 926/1169/971 930/1217/1016 929/1170/972
f 931/1172/974 916/1157/959 915/1156/958
f 932/1173/975 931/1172/974 914/1154/956
f 934/1174/976 931/1172/974 932/1173/975
f 934/1174/976 918/1161/963 931/1172/974
f 936/1177/979 920/1160/962 918/1161/963
f 937/1178/980 936/1177/979 935/1176/978
f 933/1175/977 938/1189/991 937/1178/980
f 937/1178/980 923/1163/965 936/1177/979
f 939/1179/981 940/1182/984 840/1180/982
f 943/1184/986 944/1251/1043 942/1185/987
f 923/1163/965 945/1187/989 921/1164/966
f 937/1178/980 946/1191/993 945/1187/989
f 947/1188/990 946/1191/993 937/1178/980
f 854/1077/889 949/1192/994 855/1079/891
f 949/1192/994 950/1193/996 856/1081/995
f 950/1193/996 939/1179/981 839/1181/983
f 951/1194/997 940/1182/984 939/1179/981
f 952/1195/999 857/1197/904 841/1183/985
f 952/1195/999 953/1198/1000 858/1196/905
f 953/1198/1000 952/1195/999 941/1186/988
f 954/1199/1001 955/1201/1003 951/1194/997
f 956/1200/1002 952/1195/998 951/1194/997
f 956/1200/1002 943/1184/986 941/1186/988
f 957/1202/1004 944/1251/1043 943/1184/986
f 948/1190/992 947/1188/990 958/1246/1041
f 927/1204/1006 959/1206/1007 866/1096/902
f 854/1077/889 853/1076/888 866/2698/902
f 961/1208/1009 949/2699/994 854/1205/889
f 962/1209/1010 963/1211/1011 961/1208/1009
f 954/1210/1001 949/2699/994 961/1208/1009
f 965/1203/1005 955/1201/1003 954/1199/1001
f 966/1214/1013 967/1216/1015 965/1213/1005
f 968/1215/1014 957/1287/1004 965/1213/1005
f 948/2700/992 958/1249/1041 970/2701/2125
f 675/876/710 597/826/669 974/895/722
f 688/2702/723 686/896/721 971/1222/1017
f 973/1220/1019 972/1223/1021 666/1171/973
f 972/1223/1021 976/1228/1024 932/1173/975
f 977/1224/1022 976/1228/1024 972/1223/1021
f 973/1225/1019 971/1222/1017 975/1221/1020
f 978/1227/1023 933/1175/977 932/1173/975
f 974/895/722 597/826/669 868/1104/910
f 978/1227/1023 976/1228/1024 979/1229/1025
f 974/895/722 980/1231/1026 985/1232/1027
f 981/1233/1028 938/1189/991 933/1175/977
f 981/1247/1028 979/1230/1025 985/1232/1027
f 990/1238/1033 991/1262/1056 988/1239/1034
f 994/1241/1036 993/1243/1038 982/1234/1029
f 994/1241/1036 982/1234/1029 868/1104/910
f 995/1242/1037 993/1243/1038 992/1266/1060
f 995/1242/1037 983/1235/1030 982/1234/1029
f 980/1231/1026 997/1245/1040 996/1244/1039
f 997/1245/1040 980/1231/1026 983/1235/1030
f 984/1236/1031 998/1248/1042 985/1232/1027
f 958/1246/1041 947/1188/990 938/1189/991
f 981/1247/1028 985/1232/1027 998/1248/1042
f 953/1198/1000 999/1253/1045 869/1250/906
f 942/1185/987 999/1253/1045 953/1198/1000
f 999/1253/1045 1000/1257/1051 869/1250/906
f 944/1251/1043 1003/1252/1047 999/1253/1045
f 1004/1254/1046 1000/1257/1051 999/1253/1045
f 1004/1254/1046 1003/1252/1047 987/1240/1048
f 1004/1254/1046 1005/1255/1049 1000/1257/1051
f 988/1239/1034 1005/1255/1049 1004/1254/1046
f 1007/1258/1052 1006/1267/1061 989/1237/1032
f 1007/1258/1052 989/1237/1032 986/1101/907
f 957/1202/1004 1008/1260/1054 1003/1252/1044
f 990/1238/1033 987/1240/1035 1003/1252/1044
f 1009/1261/1055 991/1262/1056 990/1238/1033
f 991/1262/1056 1010/1263/1059 1005/1255/1049
f 1011/1264/1058 1001/1256/1050 1005/1255/1049
f 1011/1265/1058 1010/2703/1059 992/1266/1060
f 1006/1267/1061 1011/1265/1058 993/1243/1038
f 1006/1267/1061 994/1241/1036 989/1237/1032
f 1020/2704/1062 1012/1273/1064 1009/1261/1055
f 1013/1272/1063 1010/1263/1057 1009/1261/1055
f 1013/2705/1063 995/1242/1037 992/1266/1060
f 997/1245/1040 995/1242/1037 1013/2705/1063
f 1015/1279/1066 870/1282/1068 869/1100/906
f 1001/1283/1050 1016/2269/1880 1015/1279/1066
f 986/1101/907 872/1103/909 1002/1259/1053
f 1017/1285/1069 1016/2269/1880 1001/1283/1050
f 1006/1284/1061 1018/2273/1070 1017/1285/1069
f 1007/2706/1052 1019/2275/1885 1018/2273/1070
f 1019/2276/1885 1007/1258/1052 1002/1259/1053
f 1020/1269/1062 1008/1271/1054 957/1287/1004
f 969/1288/1071 1021/1290/1073 1020/1269/1062
f 1022/1289/1072 1012/2707/1064 1020/1269/1062
f 1023/1291/1074 1013/1277/1063 1012/1292/1064
f 1025/1294/1075 1023/1291/1074 1022/1293/1072
f 1025/1296/1075 1024/1298/1078 996/1244/1039
f 1014/1278/1065 1013/1277/1063 1023/1291/1074
f 984/1236/1031 1026/1297/1077 998/1248/1042
f 1026/1297/1077 984/1236/1031 996/1244/1039
f 291/393/323 295/400/329 1027/1302/1082
f 295/400/329 1028/1299/1079 1030/1303/1083
f 1031/1304/1084 1029/1301/1081 295/400/329
f 1031/1304/1084 1030/1303/1083 1034/1306/1086
f 1031/1304/1084 1035/1307/1087 1033/1308/1088
f 1030/1303/1083 1032/1305/1085 1037/2708/1089
f 1030/1303/1083 1038/2709/1090 1034/1306/1086
f 1039/1312/1091 1035/1316/1094 1034/1313/1092
f 1039/1312/1091 1040/1331/1108 1036/1315/1093
f 1027/1302/1082 1029/1301/1081 1042/1317/1095
f 1043/1318/1096 1041/1327/1105 1027/1302/1082
f 1044/1319/1097 1042/1317/1095 1029/1301/1081
f 1045/1320/1098 1043/2710/1096 1042/1321/1099
f 1046/1323/1101 1044/1319/1097 1033/1308/1088
f 1047/1324/1102 1045/1320/1098 1044/1322/1100
f 1036/1315/1093 1047/1324/1102 1046/1325/1103
f 1045/2711/1098 1048/1326/1104 1043/1318/1096
f 1050/1328/1106 1049/2712/1115 1041/1327/1105
f 1052/1363/1129 57/73/62 327/442/365
f 1053/1334/1111 318/428/354 1027/1302/1082
f 318/1330/354 1053/2713/1111 1051/1329/1107
f 1053/1334/1111 1027/1302/1082 1041/1327/1105
f 1047/1324/1102 1056/1369/1135 1055/1333/1110
f 1054/1332/1109 1056/1369/1135 1047/1324/1102
f 1055/1333/1110 1058/1337/1113 1045/1320/1098
f 1061/1372/1138 1059/1351/1122 1058/1353/1113
f 1055/1373/1110 1061/1372/1138 1058/1353/1113
f 1061/1372/1138 1060/1354/1123 1059/1351/1122
f 326/443/366 1051/1329/1107 1062/2714/2126
f 1057/1335/1112 1041/1327/1105 1049/2712/1115
f 1063/1342/1116 1062/1357/1125 1051/1336/1107
f 1066/1343/1117 1063/1350/1121 1049/1344/1118
f 1058/1346/1113 1066/2715/1117 1050/1347/1119
f 1059/2716/1122 1064/2717/1120 1066/2718/1117
f 1067/1375/1139 1065/1361/1127 1064/1358/1120
f 1060/2719/1123 1067/1375/1139 1064/1358/1120
f 1064/1358/1120 1069/1362/1128 1068/1359/1126
f 1065/1361/1127 1070/1367/1133 1069/1362/1128
f 326/443/366 1062/2714/2126 1071/1655/1368
f 1072/1364/1130 327/442/365 326/443/366
f 1068/1356/1124 1073/1657/1370 1071/1365/1131
f 1069/1362/1128 1074/1368/1134 1073/1366/1132
f 1070/1367/1133 1075/1661/1373 1074/1368/1134
f 1070/1367/1133 1076/1378/1142 1075/1661/1373
f 1077/1737/1431 328/444/367 57/73/62
f 1052/1363/1129 1077/1737/1431 57/73/62
f 1079/1371/1137 1061/1372/1138 1055/1373/1110
f 1067/1375/1139 1081/2720/1148 1080/1376/1140
f 1060/1354/1123 1081/1384/1148 1067/2721/1139
f 1082/1377/1141 1070/1367/1133 1080/1376/1140
f 1082/1377/1141 1083/1714/1412 1076/1378/1142
f 1040/1331/1108 1085/1379/1143 1054/1332/1109
f 1056/1369/1135 1086/1381/1145 1078/1370/1136
f 1086/1381/1145 1056/1369/1135 1054/1332/1109
f 1079/1371/1137 1088/1383/1147 1060/1354/1123
f 1089/1382/1146 1079/1371/1137 1078/1374/1136
f 1092/2722/1151 360/493/401 1090/1385/1149
f 1093/1388/1152 371/508/412 370/507/411
f 1095/1390/1154 1091/1386/1150 371/508/412
f 1087/1392/1156 337/450/373 1077/1737/1431
f 1096/1391/1155 348/472/388 337/450/373
f 1097/1394/1158 370/507/411 1092/1387/1151
f 1098/1393/1157 1093/1388/1152 370/507/411
f 1094/1389/1153 1093/1388/1152 1099/1395/1159
f 1102/1397/1161 1100/1399/1163 1084/1380/1144
f 1103/1398/1162 1101/2723/1160 1100/1399/1163
f 1103/1400/1162 1095/1390/1154 1094/1389/1153
f 1104/1402/1165 1097/1394/1158 1092/1387/1151
f 1105/1401/1164 1098/1393/1157 1097/1394/1158
f 1107/1403/1166 1099/1395/1159 1098/1393/1157
f 1100/1399/1163 1106/2724/1168 1078/1370/1136
f 1100/1399/1163 1086/1381/1145 1084/1380/1144
f 1108/1404/1167 1107/1409/1166 1106/1405/1168
f 1108/1404/1167 1101/1407/1160 1099/1408/1159
f 1109/2725/1170 1092/2722/1151 1090/1385/1149
f 1110/1410/1169 1104/1402/1165 1092/1387/1151
f 1112/1412/1171 1105/1401/1164 1104/1402/1165
f 1111/1413/1173 1089/1382/1146 1078/1374/1136
f 1113/1414/1174 1112/1416/1171 1111/1413/1173
f 1113/1414/1174 1111/1413/1173 1106/1405/1168
f 1113/1414/1174 1107/1409/1166 1105/1415/1164
f 1115/1421/2127 1110/1410/1169 1109/1411/1170
f 1114/1417/1175 1081/1384/1148 1088/1383/1147
f 1116/1419/1176 1115/1426/1177 1114/1417/1175
f 1116/1419/1176 1114/1417/1175 1111/1413/1173
f 1116/1420/1176 1112/1412/1171 1110/1410/1172
f 1117/1422/1178 1087/1392/1156 1077/1737/1431
f 1118/1738/1432 1109/2725/1170 1090/1385/1149
f 1119/1423/1179 1082/1377/1141 1080/1376/1140
f 1120/1425/1180 1119/1431/1179 1114/1417/1175
f 1120/1427/1181 1115/1421/2127 1109/1411/1170
f 1121/1429/1183 1083/1714/1412 1082/1377/1141
f 1122/1430/1184 1121/1736/1183 1119/1431/1179
f 1122/1743/1435 1120/1427/1181 1118/1428/1182
f 1124/1970/1185 1123/1969/1619 1126/2726/1186
f 1130/2727/1188 1127/2728/1187 1126/2729/1186
f 1130/1435/1188 1128/1441/1192 1125/1438/1190
f 1131/1440/1191 1130/1435/1188 1129/1437/1189
f 1131/1440/1191 1129/1437/1189 1133/1442/1193
f 1132/1443/1194 1133/1442/1193 1135/1444/1195
f 1137/608/491 1136/1446/1197 451/604/487
f 453/609/492 1139/1463/1214 1138/1447/1198
f 454/614/495 1140/1449/1200 1139/1448/1199
f 455/613/494 1141/1451/1202 1140/1449/1200
f 1142/1450/1201 1140/1449/1200 1141/1451/1202
f 456/616/496 1143/1452/1203 1141/1451/1202
f 457/621/500 1144/1453/1204 1143/1452/1203
f 458/620/499 1145/1455/1206 1144/1453/1204
f 1158/1454/1205 1144/1453/1204 1145/1455/1206
f 459/618/497 1146/1456/1207 1145/1455/1206
f 460/1457/1208 1147/1476/1223 1146/1456/1207
f 1028/1299/1079 1136/1446/1197 1148/1458/1209
f 1136/1446/1197 1150/1460/1211 1148/1458/1209
f 1151/1461/1212 1137/608/491 1138/1447/1198
f 1139/1463/1214 1153/1497/1235 1152/1462/1213
f 1154/1466/1215 1153/1497/1235 1139/1463/1199
f 1155/1465/1216 1153/1497/1235 1154/1466/1215
f 1142/2730/1201 1156/2731/1217 1154/2732/1215
f 1157/1468/1218 1156/2733/1217 1142/1450/1201
f 1158/1454/1205 1157/1468/1218 1143/1452/1203
f 1161/1469/1219 1160/1510/1241 1156/1470/1217
f 1161/1469/1219 1157/1471/1218 1158/1472/1205
f 1164/1475/1222 1163/2734/1221 1158/1454/1205
f 1032/1305/1085 1148/1458/1209 1165/1486/1224
f 1032/1305/1085 1166/2735/1225 1037/2708/1089
f 1167/1480/1226 1038/1314/1090 1037/1481/1089
f 1168/1542/1267 1040/1331/1108 1039/1312/1091
f 1169/1544/1269 1039/1312/1091 1167/1480/1226
f 1169/1544/1269 1168/1542/1267 1039/1312/1091
f 1150/1460/1211 1149/1459/1210 1170/2736/1227
f 1150/1460/1211 1171/2737/1228 1165/1486/1224
f 1172/1487/1229 1166/1482/1225 1165/1488/1224
f 1173/1490/1230 1167/1480/1226 1166/1482/1225
f 1173/1490/1230 1169/1544/1269 1167/1480/1226
f 1149/1459/1210 1151/1461/1212 1174/1519/1231
f 1175/1494/1232 1171/1489/1228 1170/2738/1227
f 1175/1494/1232 1176/1495/1233 1172/1487/1229
f 1153/1497/1235 1177/1496/1234 1152/1462/1213
f 1155/1465/1216 1178/1502/1238 1177/1496/1234
f 1179/2739/1236 1178/1502/1238 1155/1465/1216
f 1180/2740/1237 1127/2741/1187 1125/2742/1190
f 1180/1506/1237 1159/1509/1240 1124/2007/1185
f 1180/1506/1237 1178/2743/1238 1179/1507/1236
f 1181/1508/1239 1160/1510/1654 1159/1509/1240
f 1181/2744/1239 1179/2745/1236 1156/2746/1217
f 1183/1512/1243 1182/1511/1242 1161/1469/1219
f 1185/1513/1244 1170/1493/1227 1174/1492/1231
f 1175/2747/1232 1170/1493/1227 1185/1513/1244
f 1151/1461/1212 1152/1462/1213 1187/1522/1247
f 1188/1521/1249 1185/1513/1244 1184/1514/1245
f 1189/2748/1248 1175/2749/1232 1185/2750/1244
f 1189/2751/1248 1186/2752/1246 1175/2753/1232
f 1177/1496/1234 1190/1526/1253 1187/1522/1247
f 1128/1441/1192 1178/1502/1238 1125/1438/1190
f 1128/1441/1192 1190/1526/1253 1177/1496/1234
f 1192/1523/1250 1184/1514/1245 1187/1517/1247
f 1188/1521/1249 1184/1514/1245 1192/1523/1250
f 1194/1528/1254 1188/1521/1249 1192/1523/1250
f 1195/1533/1255 1191/1524/1251 1190/2754/1253
f 1192/1523/1250 1191/1524/1251 1196/1530/1256
f 1194/1528/1254 1192/1523/1250 1197/1531/1257
f 1197/1531/1257 1196/1530/1256 1199/1534/1259
f 1198/1532/1258 1197/1531/1257 1200/1535/1260
f 1203/1538/1263 1201/1536/1261 1200/1535/1260
f 1195/1529/1255 1132/1443/1194 1134/1445/1196
f 1195/1533/1255 1204/2755/1264 1199/1534/1259
f 1168/1542/1267 1205/1541/1266 1040/1331/1108
f 1169/1544/1269 1206/1540/1265 1168/1542/1267
f 1173/1490/1230 1207/1543/1268 1169/1544/1269
f 1213/1545/1270 1207/1543/1268 1173/1490/1230
f 1208/1546/1271 1213/1545/1270 1176/1495/1233
f 1209/1547/1272 1208/1546/1271 1186/1515/1246
f 1209/1550/1272 1189/1520/1248 1193/1525/1252
f 1194/1528/1254 1215/1551/1274 1193/1525/1252
f 1215/1551/1274 1194/1528/1254 1211/1552/1275
f 1212/1553/1276 1211/1552/1275 1198/1532/1258
f 1203/1538/1263 1212/1553/1276 1201/1536/1261
f 1208/1546/1271 1214/1554/1277 1213/1545/1270
f 1205/1541/1266 1217/1568/1290 1085/1379/1143
f 1218/1556/1279 1217/1568/1290 1205/1541/1266
f 1219/1557/1280 1218/1556/1279 1206/1540/1265
f 1214/1554/1277 1219/1557/1280 1207/1543/1268
f 1221/1559/1282 1220/1558/1281 1208/1546/1271
f 1210/1549/1273 1221/1560/1282 1209/1550/1272
f 1223/1562/1284 1222/1561/1283 1210/1549/1273
f 1211/1552/1275 1224/1563/1285 1215/1551/1274
f 1224/1563/1285 1211/1552/1275 1225/1564/1286
f 1225/1564/1286 1212/1553/1276 1216/1555/1278
f 1091/1386/1150 516/695/561 372/509/413
f 1227/1566/1288 517/696/562 1091/1386/1150
f 518/697/563 517/696/562 1227/1566/1288
f 1228/1567/1289 1102/1397/1161 1085/1379/1143
f 1229/1569/1291 1103/1398/1162 1102/1397/1161
f 1218/1556/1279 1230/1571/1292 1228/1567/1289
f 1219/1557/1280 1231/1572/1293 1230/1571/1292
f 1231/1572/1293 1232/2756/1294 1229/1569/1291
f 1226/1565/1287 1095/1390/1154 1229/1570/1291
f 1233/1574/1295 1227/1566/1288 1226/1565/1287
f 518/697/563 1227/1566/1288 1234/1575/1296
f 519/698/564 518/697/563 1235/1576/1297
f 1237/1580/1301 1232/2756/1294 1231/1572/1293
f 1238/1578/1299 1236/1577/1298 1214/1554/1277
f 1238/1578/1299 1239/1579/1300 1231/1572/1293
f 1239/1579/1300 1240/2757/1302 1237/1580/1301
f 1233/1574/1295 1232/1573/1294 1237/1581/1301
f 1234/1575/1296 1233/1574/1295 1240/1582/1302
f 1235/1576/1297 1234/1575/1296 1241/1583/1303
f 519/698/564 1235/1576/1297 1242/1584/1304
f 1238/1578/1299 1220/1558/1281 1221/1559/1282
f 1243/1588/1307 1240/2758/1302 1239/1586/1300
f 1222/1561/1283 1244/1585/1305 1221/1560/1282
f 1244/1585/1305 1245/1587/1306 1239/1586/1300
f 1245/2759/1306 1246/2760/1308 1243/2761/1307
f 1241/1583/1303 1240/1582/1302 1243/1589/1307
f 1242/1584/1304 1241/1583/1303 1246/1590/1308
f 519/698/564 1242/1584/1304 1247/1591/1309
f 520/700/565 519/698/564 1248/1592/1310
f 1244/1585/1305 1222/1561/1283 1249/1593/1311
f 1250/1594/1312 1245/1587/1306 1244/1585/1305
f 1251/1595/1313 1246/2762/1308 1245/1587/1306
f 1250/1594/1312 1252/2763/1314 1251/1595/1313
f 1247/1591/1309 1246/1590/1308 1251/1596/1313
f 1248/1592/1310 1247/1591/1309 1252/1597/1314
f 1253/1598/1315 1250/1594/1312 1224/1563/1285
f 1254/1599/1316 1252/2763/1314 1250/1594/1312
f 1248/1592/1310 1252/1597/1314 1254/1600/1317
f 520/699/565 1256/1937/1592 272/647/523
f 520/700/565 1248/1592/1310 1255/1601/1565
f 1258/1603/1320 1253/1598/1315 1225/1564/1286
f 1260/1604/1321 1263/1610/1327 1261/1605/1322
f 1265/1607/1324 1264/1616/1333 1262/1608/1325
f 1267/2764/1330 1263/2765/1327 1262/2766/2128
f 1263/1610/1327 1267/1613/1330 1266/1611/1328
f 1264/1612/1329 1268/1624/1341 1267/1613/1330
f 1269/2767/1332 1268/2768/1335 1264/2769/1333
f 1272/1617/1334 1271/1621/1338 1268/1618/1335
f 1274/1619/1336 1273/1631/1348 1270/1620/1337
f 1272/1617/1334 1274/1619/1336 1271/1621/1338
f 1268/1624/1341 1277/1625/1342 1276/1623/1340
f 1277/1625/1342 1271/1628/1345 1270/1626/1343
f 1273/1629/1346 1280/1640/1357 1278/1627/1344
f 1281/1630/1347 1280/1830/1503 1273/1631/1348
f 1282/1632/1349 1281/1630/1347 1274/1619/1336
f 1275/1622/1339 1276/1623/1340 1284/1633/1350
f 1275/1622/1339 1285/1634/1351 1283/1645/1361
f 1287/1635/1352 1277/1625/1342 1278/1627/1344
f 1277/1625/1342 1287/1635/1352 1284/1633/1350
f 1289/1637/1354 1280/2770/1357 1279/1638/1355
f 1280/1640/1357 1289/1651/1354 1286/1636/1353
f 1285/1634/1351 1284/1633/1350 1291/2771/1358
f 1285/1634/1351 1292/2772/1359 1290/1644/1360
f 1284/1633/1350 1293/1650/1363 1291/2771/1358
f 1294/1646/1362 1292/1708/1359 1291/1647/1358
f 1287/1635/1352 1286/1636/1353 1295/1649/1364
f 1296/1653/1366 1293/1648/1363 1295/1878/1364
f 1297/1652/1365 1294/1646/1362 1293/1648/1363
f 1299/1654/1367 326/443/366 1071/1655/1368
f 1073/1657/1370 1300/1669/2129 1298/1658/1369
f 1301/1659/1371 1300/2773/1379 1073/1366/1132
f 1302/1660/1372 1301/1659/1371 1074/1368/1134
f 1076/1378/1142 1303/1663/1375 1302/1660/1372
f 1304/1671/1376 1300/2773/1379 1301/1659/1371
f 1300/1669/2129 1305/1668/1384 1298/1658/1369
f 1304/1664/1376 1260/2774/2130 1259/1665/1377
f 1308/1672/1381 1307/1670/1380 1301/1659/1371
f 1310/1674/1383 1305/1668/1384 1259/1606/1323
f 1305/1668/1384 1310/1674/1383 1309/1675/1382
f 1311/1676/1385 1263/2775/1326 1260/1677/1386
f 1307/1670/1380 1311/1676/1385 1304/1671/1376
f 1313/1679/1388 1265/1607/1324 1263/1609/1326
f 1314/1686/1389 1313/1679/1388 1311/1680/1385
f 1316/1683/1391 1310/1674/1383 1261/1605/1322
f 1310/1684/1383 1316/1692/1391 1315/1682/1390
f 1317/1685/1392 1269/1615/1332 1265/1607/1324
f 1318/1689/1395 1317/1685/1392 1314/1686/1389
f 1319/1687/1393 1272/1617/1334 1269/1615/1332
f 1320/1688/1394 1319/1687/1393 1317/1685/1392
f 1321/1691/1397 1315/1682/1390 1323/1693/1398
f 1324/1728/1425 1072/1364/1130 1321/1691/1397
f 1316/1683/1391 1275/1622/1339 1283/1645/1361
f 1316/1692/1391 1283/1700/1361 1323/1693/1398
f 1321/1691/1397 1323/1693/1398 1325/1694/1399
f 1327/1696/1401 1324/1728/1425 1321/1691/1397
f 1283/2776/1361 1328/2777/1402 1325/2778/1399
f 1329/1701/1403 1326/1705/1405 1325/1702/1399
f 1330/1704/1404 1327/1732/1401 1326/1705/1405
f 1331/1706/1406 1328/1703/1402 1290/1707/1360
f 1332/1709/1407 1329/1701/1403 1328/1703/1402
f 1333/1710/1408 1330/1704/1404 1329/1701/1403
f 1334/1711/1409 1331/1706/1406 1292/1708/1359
f 1335/1712/1410 1332/1709/1407 1331/1706/1406
f 1335/1712/1410 1333/1710/1408 1332/1709/1407
f 1336/1713/1411 1334/1711/1409 1294/1646/1362
f 1308/1672/1381 1337/1715/1413 1312/1678/1387
f 1314/1681/1389 1312/1678/1387 1337/1715/1413
f 1346/1726/1423 1077/1737/1431 1052/1363/1129
f 1072/1364/1130 1346/1726/1423 1052/1363/1129
f 1338/1718/1415 1322/1690/1396 1320/1688/1394
f 1339/1892/1555 1282/1632/1349 1338/1718/1415
f 1333/1710/1408 1340/1720/1417 1330/1704/1404
f 1335/1712/1410 1341/1719/1416 1333/1710/1408
f 1083/1714/1412 1342/1721/1418 1303/1663/1375
f 1342/1721/1418 1343/1722/1419 1306/1662/1374
f 1308/1672/1381 1306/1662/1374 1343/1722/1419
f 1348/1727/1424 1320/1688/1394 1318/1689/1395
f 1349/1725/1422 1072/1364/1130 1324/1728/1425
f 1350/1729/1426 1324/1728/1425 1351/1730/1427
f 1330/1704/1404 1352/1733/1428 1351/1731/1427
f 1118/1738/1432 1090/1385/1149 1353/1734/1429
f 1121/1429/1183 1354/1740/1430 1342/1721/1418
f 1096/1391/1155 1117/1422/1178 1346/1726/1423
f 1353/1734/1429 1096/1391/1155 1346/1726/1423
f 1354/1740/1430 1356/1742/1434 1343/1722/1419
f 1122/1741/1184 1357/1748/1437 1356/1742/1434
f 1122/1743/1435 1118/1428/1182 1355/1744/1436
f 1358/1746/1438 1345/1724/1421 1343/1722/1419
f 1359/1747/1439 1358/1746/1438 1356/1742/1434
f 1345/1724/1421 1361/1750/1441 1337/1715/1413
f 1359/1754/1439 1357/1745/1437 1360/1749/1440
f 1360/1749/1440 1355/1744/1436 1362/1764/1442
f 1361/1750/1441 1363/1752/1443 1347/1716/1414
f 1358/1746/1438 1364/1753/1444 1363/1752/1443
f 1359/1747/1439 1365/2779/1445 1364/1753/1444
f 1318/1689/1395 1347/1717/1414 1363/1756/1443
f 1367/1758/1447 1366/1757/1446 1363/1756/1443
f 1368/1760/1448 1367/1758/1447 1364/1759/1444
f 1369/1762/1449 1348/1727/1424 1366/1757/1446
f 1370/1763/1450 1369/1762/1449 1367/1758/1447
f 1353/1734/1429 1346/1726/1423 1349/1725/1422
f 1365/1755/1445 1360/1749/1440 1371/1765/1451
f 1368/1767/1448 1365/1755/1445 1372/1766/1452
f 1370/1763/1450 1374/1773/1454 1369/1762/1449
f 1370/1769/1450 1368/1767/1448 1373/1768/1453
f 1375/1771/1455 1339/1892/1555 1338/1718/1415
f 1376/1772/1456 1375/1771/1455 1369/1762/1449
f 1353/1734/1429 1349/1725/1422 1350/1729/1426
f 1378/1775/1458 1362/1751/1442 1353/1734/1429
f 1371/1765/1451 1362/1764/1442 1378/1776/1458
f 1372/1766/1452 1371/1765/1451 1379/1777/1459
f 1373/1768/1453 1372/1766/1452 1380/1778/1460
f 1374/1770/1454 1373/1768/1453 1381/1779/1461
f 1376/1780/1462 1374/1770/1454 1381/1779/1461
f 1383/1782/1464 1377/1774/1457 1350/1729/1426
f 1384/1783/1465 1378/1775/1458 1377/1774/1457
f 1352/1733/1428 1385/1785/1466 1383/1784/1464
f 1385/1785/1466 1386/1790/1467 1384/1786/1465
f 1379/1777/1459 1378/1776/1458 1384/1787/1465
f 1387/1789/1468 1385/1785/1466 1352/1733/1428
f 1387/1789/1468 1388/2780/1469 1386/1790/1467
f 1380/1778/1460 1379/1777/1459 1386/1788/1467
f 1381/1779/1461 1380/1778/1460 1388/1791/1469
f 1382/1781/1600 1381/1779/1461 1388/1791/1469
f 1134/1445/1196 1135/1444/1195 1390/2360/1940
f 1134/1445/1196 1390/2360/1940 1389/1799/1477
f 1390/2360/1940 1391/1808/1485 1389/1799/1477
f 1202/1537/1262 1199/1534/1259 1392/1792/1470
f 1394/1794/1472 1203/1538/1263 1202/1537/1262
f 1204/1539/1264 1134/1445/1196 1389/1799/1477
f 1204/2755/1264 1392/1792/1470 1199/1534/1259
f 1398/1796/1474 1394/1794/1472 1393/1793/1471
f 1204/1539/1264 1399/1800/1478 1392/1807/1470
f 1391/1808/1485 1399/1800/1478 1389/1799/1477
f 1402/1803/1481 1397/1798/1476 1396/1797/1475
f 1404/1804/1482 1395/1795/1473 1392/1792/1470
f 1404/1804/1482 1401/1801/1479 1395/1795/1473
f 1405/1806/1484 1400/1825/1483 1392/1807/1470
f 1391/1808/1485 1420/1824/1498 1405/1806/1484
f 1412/1809/1486 1411/1821/1496 1406/1810/1487
f 1413/1812/1489 1412/1809/1486 1407/1811/1488
f 1401/1801/1479 1400/1805/1483 1414/1815/1492
f 1416/1817/1494 1415/1816/1493 1410/1818/1495
f 1396/1797/1475 1401/1801/1479 1415/1816/1493
f 1402/1803/1481 1416/1817/1494 1411/1819/1496
f 1402/1803/1481 1396/1797/1475 1416/1817/1494
f 1417/1822/1497 1402/1820/1481 1412/1809/1486
f 1418/2781/1499 1415/2782/1522 1414/2783/1500
f 1420/1824/1498 1414/1827/1500 1400/1825/1483
f 1419/2376/1955 1418/1854/1499 1420/2377/1498
f 1423/1828/1501 1422/1839/1511 1279/1829/1502
f 1424/1831/1504 1423/1828/1501 1280/1830/1503
f 1425/1832/1505 1424/1831/1504 1281/1630/1347
f 1407/1834/1488 1406/2784/1487 1427/1835/1507
f 1429/1837/1509 1428/1840/1508 1421/1838/1510
f 1408/2785/1490 1407/1834/1488 1428/1836/1508
f 1430/1841/1512 1429/1837/1509 1422/1839/1511
f 1409/1814/1491 1408/1813/1490 1429/1837/1509
f 1431/1842/1513 1430/1841/1512 1423/1828/1501
f 1431/1842/1513 1424/1831/1504 1426/1833/1506
f 1411/1819/1514 1410/1818/1521 1432/1843/1515
f 1433/1845/1516 1427/2786/2131 1406/1846/1517
f 1434/1848/1518 1428/2787/1535 1427/1849/1519
f 1435/1855/1523 1433/1850/1520 1432/1856/1515
f 1435/1855/1523 1434/1848/1518 1433/1850/1520
f 1418/2788/1499 1432/1851/1515 1415/1853/1522
f 1419/2376/1955 1435/1855/1523 1418/1854/1499
f 1436/1876/1540 1435/1855/1523 1419/2376/1955
f 1438/1857/1524 1422/2789/1527 1421/1858/1525
f 1422/1860/1527 1438/2790/1524 1288/1861/1356
f 1439/1863/1528 1289/2791/1354 1288/1864/1529
f 1440/1869/1533 1437/2792/2132 1421/1870/1534
f 1441/1866/1531 1438/1865/1530 1437/1867/1532
f 1441/1866/1531 1439/1863/1528 1438/1865/1530
f 1442/1873/1537 1441/1866/1531 1440/1868/1533
f 1434/2793/1518 1440/1869/1533 1428/1871/1535
f 1444/1874/1538 1445/1875/1539 1442/1873/1537
f 1436/1876/1540 1445/1875/1539 1444/1874/1538
f 1445/1875/1539 1446/1880/1543 1443/1872/1536
f 1439/2794/1528 1295/1649/1364 1289/1651/1354
f 1447/1877/1541 1296/1653/1366 1295/1878/1364
f 1447/1877/1541 1449/1882/1545 1297/1652/1365
f 1446/1880/1543 1450/1881/1544 1447/1877/1541
f 1451/1883/1546 1398/1796/1474 1397/1798/1476
f 1413/1812/1489 1409/1814/1491 1452/1889/1552
f 1431/1842/1513 1452/1889/1552 1409/1814/1491
f 1453/1884/1547 1335/1712/1410 1336/1713/1411
f 1454/1885/1548 1336/1713/1411 1297/1652/1365
f 1216/1555/1278 1203/1538/1263 1394/1794/1472
f 1455/1886/1549 1394/1794/1472 1451/1883/1546
f 1457/1888/1551 1456/1887/1550 1397/1798/1476
f 1417/1822/1497 1413/1812/1489 1458/1890/1553
f 1417/2795/1497 1457/2796/1551 1403/2797/1480
f 1459/1911/1554 1417/1822/1497 1458/1890/1553
f 1453/1884/1547 1464/1896/1559 1335/1712/1410
f 1461/1894/1557 1451/1883/1546 1456/1887/1550
f 1462/1922/1579 1425/1832/1505 1339/1892/1555
f 1463/1895/1558 1425/1832/1505 1462/1922/1579
f 1460/1893/1556 1426/1833/1506 1463/1895/1558
f 1257/1602/1319 1216/1555/1278 1455/1886/1549
f 1466/1898/1561 1258/1603/1320 1257/1602/1319
f 1467/1899/1562 1254/1599/1316 1258/1603/1320
f 1468/1900/1563 1255/1601/1318 1254/1600/1317
f 1465/1897/1560 1455/1886/1549 1461/1894/1557
f 1461/1894/1557 1456/1887/1550 1469/1902/1566
f 1471/1903/1567 1466/1898/1561 1465/1897/1560
f 1471/1903/1567 1469/1902/1566 1470/1904/1568
f 1467/1899/1562 1466/1898/1561 1471/1903/1567
f 520/699/565 1473/1938/1578 1256/1937/1592
f 1473/1921/1578 520/700/565 1468/1900/1563
f 1469/1902/1566 1456/1887/1550 1457/1888/1551
f 1475/1908/1571 1472/1906/1569 1470/1909/1568
f 1479/1912/1572 1458/1890/1553 1476/2798/2133
f 1479/1912/1572 1476/2798/2133 1477/1914/1573
f 1469/1902/1566 1457/1888/1551 1479/1913/1572
f 1480/1915/1574 1477/1914/1573 1478/1932/1575
f 1474/1907/1570 1469/1902/1566 1480/1916/1574
f 1481/1918/1576 1475/1908/1571 1474/1910/1570
f 1482/1920/1577 1468/1900/1563 1475/1908/1571
f 1462/1922/1579 1339/1892/1555 1375/1771/1455
f 1483/1923/1580 1375/1771/1455 1376/1772/1456
f 1485/1927/1584 1463/1895/1558 1462/1922/1579
f 1486/1925/1582 1485/1927/1584 1462/1922/1579
f 1484/1924/1581 1486/1925/1582 1483/1923/1580
f 1487/1926/1583 1460/1893/1556 1463/1895/1558
f 1487/1926/1583 1485/1927/1584 1486/1925/1582
f 1488/1928/1585 1486/1925/1582 1484/1924/1581
f 1452/1889/1552 1460/1893/1556 1487/1926/1583
f 1476/2798/2133 1458/1890/1553 1490/1930/1587
f 1490/1930/1587 1487/1926/1583 1488/1928/1585
f 1477/1914/1573 1476/2798/2133 1490/1930/1587
f 1477/1914/1573 1488/1928/1585 1489/1929/1586
f 1481/1918/1576 1478/1919/1575 1492/1933/1589
f 1494/2799/1591 1473/1921/1578 1482/1920/1577
f 1484/1940/1594 1376/1780/1462 1382/1781/1463
f 1495/1939/1593 1489/1942/1596 1484/1940/1594
f 1496/1941/1595 1491/1934/1588 1489/1942/1596
f 1492/1933/1589 1491/1934/1588 1496/1941/1595
f 1497/1943/1597 1493/1935/1590 1492/1933/1589
f 1498/1944/1598 1482/1920/1577 1493/1935/1590
f 1500/1945/1599 1499/1959/1610 1256/1937/1592
f 1500/1946/1599 1494/2799/1591 1482/1920/1577
f 1501/1950/1601 1388/2780/1469 1387/1789/1468
f 1501/1947/1601 1495/1939/2134 1382/1781/1600
f 1341/1719/1416 1502/1948/1602 1340/1720/1417
f 1502/1948/1602 1503/1949/1603 1387/1789/1468
f 1501/1947/1601 1496/1941/1595 1495/1939/2134
f 1501/1947/1601 1497/1943/1597 1496/1941/1595
f 1898/2417/1993 1502/1948/1602 1464/1896/1559
f 1504/1951/1604 1505/1953/1606 1503/1949/1603
f 1506/1952/1605 1501/1950/1601 1503/1949/1603
f 1506/1954/1605 1498/1944/1598 1497/1943/1597
f 1507/1955/1607 1508/1957/1609 1505/1953/1606
f 1509/1956/1608 1506/1952/1605 1505/1953/1606
f 1509/1958/1608 1508/2451/1609 1499/1959/1610
f 1509/1960/1608 1500/1946/1599 1498/1944/1598
f 1511/1961/1611 719/929/754 718/928/753
f 1540/1964/1614 721/967/789 719/929/754
f 714/923/749 1513/1966/1616 1512/1965/1615
f 715/925/751 1514/1967/1617 1513/1966/1616
f 1516/2800/1618 1515/2801/1620 1123/2802/1619
f 1516/1971/1618 1511/1961/1611 1510/1962/1612
f 1517/1973/1621 1515/1976/1620 1510/1963/1613
f 722/932/757 1517/1973/1621 720/931/756
f 1518/1974/1622 1126/1436/1186 1123/1975/1619
f 1517/1973/1621 1519/1979/1625 1518/1974/1622
f 722/932/757 1519/1979/1625 1517/1973/1621
f 1520/1977/1623 1129/1437/1189 1126/1436/1186
f 1519/1979/1625 1520/1977/1623 1518/1974/1622
f 1522/1980/1626 1513/1966/1616 1514/1967/1617
f 1521/1978/1624 1523/1981/1627 1519/1979/1625
f 723/933/758 1527/1982/1628 1521/1978/1624
f 1512/1965/1615 1524/1983/1629 1527/1982/1628
f 1525/1984/1630 1524/1983/1629 1513/1966/1616
f 1526/1985/1631 1133/1442/1193 1129/1437/1189
f 1523/1981/1627 1526/1985/1631 1520/1977/1623
f 1529/1990/1636 1528/1986/1632 1524/1983/1629
f 1525/1984/1630 1529/1990/1636 1524/1983/1629
f 1522/1980/1626 1529/1990/1636 1525/1984/1630
f 1530/1992/1638 1529/1990/1636 1522/1980/1626
f 1531/1988/1634 1535/1987/1633 1523/1981/1627
f 1532/1989/1635 1531/1988/1634 1528/1986/1632
f 1533/2045/1683 1532/1989/1635 1529/1990/1636
f 1534/1991/1637 1533/2045/1683 1529/1990/1636
f 1535/1987/1633 1135/1444/1195 1133/1442/1193
f 1538/1994/1640 1536/1993/1639 1531/1988/1634
f 1538/1994/1640 1539/2364/1944 1537/1995/1641
f 1532/1989/1635 1539/2364/1944 1538/1994/1640
f 1533/2045/1683 1539/2364/1944 1532/1989/1635
f 754/965/788 1542/1997/1643 1147/1476/1223
f 1543/1998/1644 755/969/790 721/967/789
f 1544/1999/1645 756/970/791 755/969/790
f 758/972/793 756/970/791 1544/1999/1645
f 1546/2001/1647 759/974/794 758/972/793
f 760/975/795 759/974/794 1546/2001/1647
f 762/977/797 760/975/795 1547/2002/1648
f 763/979/798 762/977/797 1548/2003/1649
f 1549/2004/1650 764/980/799 763/979/798
f 1550/2005/1651 765/2686/2121 764/980/799
f 1550/2005/1651 766/982/801 765/2686/2121
f 1551/2006/1652 1516/2803/1618 1124/2007/1185
f 1540/1964/1614 1511/1961/1611 1516/1971/1618
f 1552/2009/1653 1551/2006/1652 1159/1509/1240
f 1555/2010/1655 1554/2034/1672 1162/1473/1220
f 1555/2010/1655 1163/1474/1221 1164/2011/1222
f 1541/1996/1642 1557/2804/1657 1164/1475/1222
f 1558/2014/1658 1557/2804/1657 1541/1996/1642
f 1551/2008/1652 1543/1998/1644 1540/1964/1614
f 1544/1999/1645 1543/1998/1644 1551/2008/1652
f 1559/2015/1659 1552/2009/1653 1553/2033/1671
f 1562/2017/1660 1561/2025/1665 1556/2012/1656
f 1562/2017/1660 1557/2013/1657 1558/2018/1658
f 1564/2020/1662 1545/2000/1646 1544/1999/1645
f 1564/2021/1662 1559/2015/1659 1553/2033/1671
f 1546/2001/1647 1545/2000/1646 1564/2020/1662
f 1564/2021/1662 1553/2033/1671 1560/2022/1663
f 1547/2002/1648 1546/2001/1647 1564/2020/1662
f 1568/2026/1666 1548/2003/1649 1547/2002/1648
f 1568/2027/1666 1565/2023/1664 1566/2043/1681
f 1549/2004/1650 1548/2003/1649 1568/2026/1666
f 1568/2027/1666 1566/2043/1681 1567/2028/1667
f 1569/2030/1668 1550/2005/1651 1549/2004/1650
f 1552/2009/1653 1160/1510/1654 1182/1511/1242
f 1553/2033/1671 1552/2009/1653 1570/2031/1669
f 1570/2031/1669 1182/1511/1242 1183/1512/1243
f 1571/2032/1670 1554/2034/2135 1553/2033/1671
f 1571/2032/1670 1183/1512/1243 1162/1473/1220
f 1573/2036/1674 1572/2035/1673 1555/2010/1655
f 1553/2033/1671 1554/2034/2135 1572/2035/1673
f 1560/2022/1663 1553/2033/1671 1574/2037/1675
f 1574/2037/1675 1572/2035/1673 1573/2036/1674
f 1575/2038/1676 1561/2025/1665 1560/2022/1663
f 1575/2038/1676 1573/2036/1674 1556/2012/1656
f 1562/2017/1660 1577/2040/1678 1576/2039/1677
f 1578/2041/1679 1565/2023/1664 1561/2025/1665
f 1578/2041/1679 1576/2039/1677 1577/2040/1678
f 1566/2043/1681 1565/2023/1664 1578/2041/1679
f 1579/2042/1680 1567/2028/1667 1566/2043/1681
f 1534/1991/1637 1581/2199/1816 1580/2044/1682
f 810/1030/852 1582/2046/1684 1542/1997/1643
f 811/1029/851 1583/2048/1686 1582/2046/1684
f 1584/2047/1685 1582/2046/1684 1583/2048/1686
f 1585/2049/1687 1583/2048/1686 811/1029/851
f 813/1036/855 1586/2050/1688 1585/2049/1687
f 814/1035/854 1587/2052/1690 1586/2050/1688
f 1602/2051/1689 1586/2050/1688 1587/2052/1690
f 815/1033/853 1588/2053/1691 1587/2052/1690
f 816/1041/858 1589/2054/1692 1588/2053/1691
f 1591/2056/1694 1589/2054/1692 817/1040/857
f 1592/2057/1695 1591/2056/1694 818/1039/856
f 1593/2059/1697 820/1044/859 766/982/801
f 823/1048/863 820/1044/859 1593/2059/1697
f 1595/2061/1699 824/1050/864 823/1048/863
f 825/1051/865 824/1050/864 1595/2061/1699
f 827/1053/867 825/1051/865 1596/2062/1700
f 828/1055/868 827/1053/867 1597/2063/1701
f 1598/2064/1702 829/1056/869 828/1055/868
f 1599/2065/1703 830/2692/2123 829/1056/869
f 1599/2065/1703 831/1058/870 830/2692/2123
f 1600/2066/1704 832/1059/871 831/1058/870
f 1584/2047/1685 1601/2805/1705 1558/2014/1658
f 1602/2051/1689 1601/2805/1705 1585/2049/1687
f 1604/2108/1706 1603/2079/1732 1601/2067/1705
f 1604/2108/1706 1601/2067/1705 1602/2075/1689
f 1607/2077/1709 1606/2806/1708 1602/2051/1689
f 1608/2078/1710 1569/2029/1668 1567/2028/1667
f 1611/2080/1712 1610/2113/1737 1605/2074/1707
f 1611/2080/1712 1606/2076/1708 1607/2081/1709
f 1590/2055/1693 1613/2807/1714 1607/2077/1709
f 1614/2084/1715 1613/2807/1714 1590/2055/1693
f 1592/2057/1695 1615/2140/1719 1614/2084/1715
f 1593/2059/1697 1550/2005/1651 1569/2030/1668
f 1616/2085/1716 1608/2078/1710 1609/2112/1736
f 1619/2087/1717 1618/2098/1724 1612/2082/1713
f 1619/2087/1717 1613/2083/1714 1614/2088/1715
f 1620/2089/1718 1614/2088/1715 1615/2138/1719
f 1622/2093/1721 1594/2060/1698 1593/2059/1697
f 1622/2094/1721 1616/2085/1716 1609/2112/1736
f 1595/2061/1699 1594/2060/1698 1622/2093/1721
f 1622/2094/1721 1609/2112/1736 1617/2095/1722
f 1596/2062/1700 1595/2061/1699 1622/2093/1721
f 1627/2099/1725 1597/2063/1701 1596/2062/1700
f 1627/2808/1725 1623/2096/1723 1624/2122/1746
f 1598/2064/1702 1597/2063/1701 1627/2099/1725
f 1627/2808/1725 1624/2122/1746 1625/2101/1727
f 1628/2100/1726 1627/2808/1725 1625/2101/1727
f 1629/2103/1729 1599/2065/1703 1598/2064/1702
f 1629/2104/1729 1627/2808/1725 1628/2100/1726
f 1600/2066/1704 1599/2065/1703 1629/2103/1729
f 1579/2042/1680 1577/2040/1678 1563/2019/1661
f 1631/2107/1731 1603/2079/1711 1567/2028/1667
f 1603/2079/1732 1631/2107/1731 1563/2019/1661
f 1608/2078/1710 1603/2079/1711 1632/2109/1733
f 1609/2112/1736 1608/2078/1710 1633/2110/1734
f 1633/2110/1734 1632/2109/1733 1604/2108/1706
f 1634/2111/1735 1610/2113/2136 1609/2112/1736
f 1634/2111/1735 1604/2108/1706 1605/2074/1707
f 1636/2115/1739 1635/2114/1738 1611/2080/1712
f 1609/2112/1736 1610/2113/2136 1635/2114/1738
f 1617/2095/1722 1609/2112/1736 1637/2116/1740
f 1637/2116/1740 1635/2114/1738 1636/2115/1739
f 1638/2117/1741 1618/2098/1724 1617/2095/1722
f 1638/2117/1741 1636/2115/1739 1612/2082/1713
f 1619/2087/1717 1640/2119/1743 1639/2118/1742
f 1641/2120/1744 1623/2096/1723 1618/2098/1724
f 1641/2120/1744 1639/2118/1742 1640/2119/1743
f 1624/2122/1746 1623/2096/1723 1641/2120/1744
f 1642/2121/1745 1625/2101/1727 1624/2122/1746
f 1642/2121/1745 1640/2119/1743 1620/2089/1718
f 1643/2123/1747 1626/2102/1728 1625/2101/1727
f 1643/2123/1747 1620/2089/1718 1621/2124/1720
f 1628/2100/1726 1626/2102/1728 1644/2125/1749
f 1646/2127/1751 1592/2057/1695 819/2058/1696
f 859/1088/898 1647/2128/1752 1646/2127/1751
f 860/1087/897 1648/2130/1754 1647/2128/1752
f 1656/2129/1753 1647/2128/1752 1648/2130/1754
f 861/1085/896 1649/2131/1755 1648/2130/1754
f 862/1093/901 1650/2132/1756 1649/2131/1755
f 1652/2134/1758 1650/2132/1756 863/1092/900
f 1653/2135/1759 1652/2134/1758 864/1091/899
f 1654/2137/1761 1653/2135/1759 865/2136/1760
f 1646/2127/1751 1655/2809/1762 1615/2140/1719
f 1656/2129/1753 1655/2809/1762 1646/2127/1751
f 1657/2141/1763 1626/2102/1748 1621/2124/1720
f 1657/2141/1763 1655/2139/1762 1656/2142/1753
f 1660/2145/1766 1659/2810/1765 1656/2129/1753
f 1663/2146/1767 1662/2161/1779 1658/2143/1764
f 1663/2146/1767 1659/2144/1765 1660/2147/1766
f 1651/2133/1757 1665/2811/1769 1660/2145/1766
f 1666/2150/1770 1665/2811/1769 1651/2133/1757
f 1653/2135/1759 1667/2157/1773 1666/2150/1770
f 1630/2105/1730 1628/2100/1726 1661/2160/1778
f 1669/2151/1771 1664/2148/1768 1665/2149/1769
f 1670/2152/1772 1665/2149/1769 1666/2153/1770
f 1654/2137/1761 1672/2812/1775 1667/2157/1773
f 1673/2158/1776 1644/2125/1749 1657/2141/1763
f 1661/2160/1778 1628/2100/1726 1645/2126/1750
f 1645/2126/1750 1644/2125/1749 1673/2158/1776
f 1674/2159/1777 1662/2161/2137 1661/2160/1778
f 1674/2159/1777 1673/2158/1776 1658/2143/1764
f 1676/2163/1781 1675/2162/1780 1663/2146/1767
f 1661/2160/1778 1662/2161/2137 1675/2162/1780
f 1668/2165/1783 1661/2160/1778 1677/2164/1782
f 1668/2165/1783 1675/2162/1780 1676/2163/1781
f 1678/2166/1784 1669/2151/1849 1668/2165/1783
f 1678/2166/1784 1676/2163/1781 1664/2148/1768
f 1680/2168/1786 1679/2167/1785 1666/2153/1770
f 870/1282/1068 1681/2169/1787 1654/2137/1761
f 871/1281/1067 1682/2267/1878 1681/2169/1787
f 1683/2170/1788 1672/2812/1775 1654/2137/1761
f 873/827/670 272/647/523 1256/1937/1592
f 1685/2173/1791 1522/1980/1626 724/1143/946
f 905/1146/948 1688/2175/1793 1687/2174/1792
f 910/1150/952 1692/2178/1796 909/1149/951
f 910/1150/952 1689/2176/1794 1692/2178/1796
f 911/1152/954 1690/2181/1799 1689/2176/1794
f 1693/2177/1795 1690/2181/1799 911/1152/954
f 912/1166/968 1691/2209/1825 1693/2177/1795
f 907/1145/947 1694/2191/1802 1685/2173/1791
f 908/2697/949 1694/2191/1802 907/1145/947
f 908/1147/949 1695/2185/1803 1694/2184/1802
f 1687/2174/1792 1695/2185/1803 908/1147/949
f 1688/2175/1793 1695/2185/1803 1687/2174/1792
f 1696/2179/1797 1695/2185/1803 1688/2175/1793
f 1692/2178/1796 1697/2180/1798 1696/2179/1797
f 1690/2181/1799 1698/2182/1800 1697/2180/1798
f 1693/2177/1795 1699/2188/1806 1698/2182/1800
f 1694/2191/1802 1686/2172/1790 1685/2173/1791
f 1701/2186/1804 1700/2183/1801 1695/2185/1803
f 1697/2180/1798 1702/2187/1805 1696/2179/1797
f 1698/2182/1800 1703/2189/1807 1702/2187/1805
f 1704/2190/1808 1530/1992/1638 1686/2172/1790
f 1694/2191/1802 1700/2813/1801 1704/2190/1808
f 1701/2186/1804 1706/2193/1810 1705/2192/1809
f 1702/2187/1805 1707/2194/1811 1706/2193/1810
f 1708/2200/1817 1534/1991/1637 1530/1992/1638
f 1704/2190/1808 1708/2200/1817 1530/1992/1638
f 1704/2190/1808 1709/2814/1813 1708/2200/1817
f 1700/2183/1801 1709/2196/1813 1704/2815/1808
f 1705/2192/1809 1710/2197/1814 1709/2196/1813
f 1706/2193/1810 1711/2198/1815 1710/2197/1814
f 1703/2189/1807 1712/2195/1812 1711/2198/1815
f 1714/2816/1818 1581/2199/1816 1708/2200/1817
f 1715/2203/1819 1714/2201/1818 1709/2196/1813
f 1710/2197/1814 1716/2204/1820 1715/2203/1819
f 1711/2198/1815 1718/2207/1823 1717/2205/1821
f 1712/2195/1812 1718/2207/1823 1711/2198/1815
f 1713/2206/1822 1719/2502/2059 1718/2207/1823
f 927/1204/1006 832/1059/871 1600/2066/1704
f 1721/2210/1826 1691/2209/1825 928/1168/970
f 1722/2211/1827 1693/2177/1795 1691/2209/1825
f 1723/2212/1828 1722/2211/1827 1721/2210/1826
f 1722/2211/1827 1724/2213/1829 1699/2188/1806
f 1723/2212/1828 1725/2216/1832 1724/2213/1829
f 1726/2214/1830 1725/2216/1832 1723/2212/1828
f 1699/2188/1806 1724/2213/1829 1727/2217/1833
f 1724/2213/1829 1728/2219/1835 1727/2217/1833
f 1724/2213/1829 1729/2215/1831 1728/2219/1835
f 1725/2216/1832 1729/2215/1831 1724/2213/1829
f 1712/2195/1812 1731/2218/1834 1713/2206/1822
f 1727/2217/1833 1731/2218/1834 1712/2195/1812
f 1733/2221/1837 1731/2218/1834 1728/2219/1835
f 1713/2206/1822 1731/2218/1834 1719/2502/2059
f 1731/2218/1834 1733/2221/1837 1732/2265/1876
f 1734/2222/1838 959/1206/1007 927/1204/1006
f 960/1207/1008 959/1206/1007 1734/2222/1838
f 962/1209/1010 960/1207/1008 1735/2223/1839
f 1737/2224/1840 1735/2223/1839 1736/2225/1841
f 1736/2225/1841 963/1211/1011 962/1209/1010
f 1738/2226/1842 964/1212/1012 963/1211/1011
f 1739/2227/1843 966/1214/1013 964/1212/1012
f 1740/2228/1844 967/1216/1015 966/1214/1013
f 1741/2229/1845 968/1215/1014 967/1216/1015
f 969/1288/1071 968/1215/1014 1741/2229/1845
f 1756/2255/1866 929/1170/972 930/1217/1016
f 1743/2231/1847 1720/2208/1824 1600/2066/1704
f 1743/2232/1847 1630/2105/1730 1661/2160/1778
f 1734/2222/1838 1720/2208/1824 1743/2231/1847
f 1743/2232/1847 1661/2160/1778 1668/2165/1783
f 1735/2223/1839 1734/2222/1838 1743/2231/1847
f 1744/2233/1848 1668/2165/1783 1669/2151/1849
f 1736/2225/1841 1735/2223/1839 1744/2234/1848
f 1745/2235/1850 1669/2151/1849 1670/2152/1851
f 1749/2238/1853 1748/2252/1863 1671/2155/1774
f 1750/2240/1854 1745/2235/1850 1746/2237/1852
f 1738/2226/1842 1736/2225/1841 1750/2239/1854
f 1751/2241/1855 1746/2237/1852 1747/2245/1857
f 1753/2243/1856 1740/2228/1844 1738/2226/1842
f 1753/2244/1856 1751/2241/1855 1747/2245/1857
f 1754/2246/1858 1747/2245/1857 1752/2301/1905
f 1741/2229/1845 1740/2228/1844 1754/2247/1858
f 1755/2248/1859 1742/2230/1846 1741/2229/1845
f 1756/2255/1866 1721/2210/1826 929/1170/972
f 930/1217/1016 1757/2249/1860 1756/2255/1866
f 948/1190/992 1764/2258/1869 1757/2249/1860
f 1764/2258/1869 948/1190/992 970/2817/2125
f 1746/2237/1852 1670/2152/1851 1679/2167/1785
f 1747/2245/1857 1746/2237/1852 1758/2250/1861
f 1758/2250/1861 1679/2167/1785 1680/2168/1786
f 1759/2251/1862 1748/2252/2138 1747/2245/1857
f 1759/2251/1862 1680/2168/1786 1671/2155/1774
f 1747/2245/1857 1748/2252/2138 1760/2253/1864
f 1752/2301/1905 1747/2245/1857 1761/2254/1865
f 1762/2256/1867 1723/2212/1828 1756/2255/1866
f 1763/2257/1868 1765/2260/1871 1726/2214/1830
f 1766/2259/1870 1765/2260/1871 1763/2257/1868
f 1726/2214/1830 1767/2261/1872 1729/2215/1831
f 1767/2261/1872 1768/2262/1873 1728/2219/1835
f 1769/2263/1874 1768/2262/1873 1765/2260/1871
f 1769/2263/1874 1770/2266/1877 1730/2220/1836
f 1730/2220/1836 1771/2264/1875 1733/2221/1837
f 1683/2170/1788 1681/2169/1787 1682/2267/1878
f 1015/1279/1066 1772/2268/1879 1682/2267/1878
f 1016/2269/1880 1773/2270/1881 1772/2268/1879
f 872/1103/909 1774/2277/1886 1002/1259/1053
f 1776/2272/1883 1773/2270/1881 1017/1285/1069
f 1777/2274/1884 1776/2272/1883 1018/2273/1070
f 1019/2276/1885 1002/1259/1053 1774/2277/1886
f 1778/2279/1887 1021/1290/1073 969/1288/1071
f 1022/1289/1072 1021/1290/1073 1778/2279/1887
f 1024/1295/1076 1022/1293/1072 1779/2281/1888
f 1782/2283/1890 1781/2282/1889 1779/2281/1888
f 1026/1297/1077 1799/2328/1893 1783/2285/1892
f 1799/2286/1893 1026/2818/1077 1024/1295/1078
f 958/1249/1041 1814/2287/1895 970/2701/2125
f 1814/2287/1895 958/1249/1041 998/1248/1042
f 1749/2238/1853 1672/2156/1775 1683/2288/1788
f 1786/2291/1898 1785/2819/1897 1683/2170/1788
f 1788/2292/1899 1787/2313/1913 1784/2289/1896
f 1788/2292/1899 1785/2290/1897 1786/2293/1898
f 1775/2271/1882 1790/2820/1901 1786/2291/1898
f 1791/2296/1902 1790/2820/1901 1775/2271/1882
f 1792/2297/1903 1791/2296/1902 1776/2272/1883
f 1795/2299/1904 1794/2308/1910 1789/2294/1900
f 1791/2821/1902 1795/2299/1904 1790/2295/1901
f 1755/2300/1859 1754/2246/1858 1752/2301/1905
f 1778/2279/1887 1742/2230/1846 1755/2248/1859
f 1796/2302/1906 1752/2301/1905 1793/2304/1907
f 1779/2280/1888 1778/2279/1887 1796/2303/1906
f 1798/2307/1909 1797/2305/1908 1793/2304/1907
f 1780/2284/1891 1779/2281/1888 1797/2822/1908
f 1800/2311/1911 1760/2253/1864 1749/2238/1853
f 1761/2254/1865 1760/2253/1864 1800/2311/1911
f 1802/2312/1912 1787/2313/2139 1752/2301/1905
f 1802/2312/1912 1800/2311/1911 1784/2289/1896
f 1804/2315/1915 1803/2314/1914 1788/2292/1899
f 1792/2823/1903 1801/2171/1789 1805/2331/1916
f 1792/2823/1903 1774/2277/1886 1801/2171/1789
f 1752/2301/1905 1787/2313/2139 1803/2314/1914
f 1793/2304/1907 1752/2301/1905 1806/2317/1917
f 1806/2317/1917 1803/2314/1914 1804/2315/1915
f 1807/2318/1918 1794/2308/1910 1793/2304/1907
f 1807/2318/1918 1804/2315/1915 1789/2294/1900
f 1795/2321/1904 1809/2320/1920 1808/2325/1919
f 1791/2296/1902 1805/2316/1916 1809/2320/1920
f 1798/2307/1909 1794/2308/1910 1808/2319/1919
f 1811/2824/1922 1810/2323/1921 1808/2322/1919
f 1782/2825/1890 1813/2337/1924 1812/2329/1923
f 1813/2327/1924 1782/2283/1890 1798/2310/1909
f 1814/2287/1895 1764/2339/1869 970/2701/2125
f 1805/2331/1916 1815/2330/1925 1816/2332/1926
f 1811/2334/1922 1816/2332/1926 1817/2335/1927
f 1811/2826/1922 1809/2827/1920 1816/2828/1926
f 1813/2327/1924 1810/2323/1921 1817/2829/1927
f 1814/2830/1895 1818/2831/1931 1766/2832/1870
f 1815/2330/1925 1801/2171/1789 1819/2340/1928
f 1816/2332/1926 1819/2340/1928 1817/2335/1927
f 1801/2171/1789 1684/1102/908 1819/2340/1928
f 1783/2285/1892 1817/2335/1927 1821/2342/1930
f 1818/2833/1931 1822/2834/1934 1769/2835/1874
f 1822/2349/1934 1818/2343/1931 1820/2341/1929
f 1821/2342/1930 1824/2348/1933 1820/2341/1929
f 1824/2348/1933 1825/2350/1935 1822/2349/1934
f 1824/2836/1933 1828/2837/1939 1827/2838/1938
f 1535/1987/1633 1829/2362/1942 1390/2360/1940
f 1829/2362/1942 1831/2366/1946 1830/2361/1941
f 1537/1995/1641 1831/2366/1946 1829/2362/1942
f 1833/2365/1945 1832/2363/1943 1539/2364/1944
f 1833/2365/1945 1580/2044/1682 1834/2367/1947
f 1581/2199/1816 1835/2839/2140 1580/2044/1682
f 1837/2369/1949 1836/2368/1948 1831/2366/1946
f 1832/2363/1943 1838/2373/1953 1837/2369/1949
f 1834/2367/1947 1838/2373/1953 1832/2363/1943
f 1835/2839/2140 1839/2370/1950 1580/2044/1682
f 1840/2840/2050 1839/2370/1950 1835/2839/2140
f 1837/2369/1949 1841/2372/1952 1836/2368/1948
f 1837/2841/1949 1843/2380/1954 1842/2379/1951
f 1838/2842/1953 1844/2843/2141 1843/2380/1954
f 1839/2844/1950 1844/2843/2141 1838/2842/1953
f 1840/2489/2050 1844/2843/2141 1839/2844/1950
f 1840/2489/2050 1845/2845/2142 1844/2843/2141
f 1840/2489/2050 1846/2488/2049 1845/2845/2142
f 1846/2488/2049 1847/2381/1957 1845/2845/2142
f 1841/2375/1952 1848/2384/1960 1419/2376/1955
f 1842/2379/1951 1848/2384/1960 1841/2375/1952
f 1849/2378/1956 1848/2384/1960 1842/2379/1951
f 1844/2843/2141 1849/2378/1956 1843/2380/1954
f 1844/2843/2141 1850/2387/1963 1849/2378/1956
f 1845/2845/2142 1850/2387/1963 1844/2843/2141
f 1845/2845/2142 1851/2383/1959 1850/2387/1963
f 1847/2381/1957 1851/2383/1959 1845/2845/2142
f 1854/2385/1961 1436/1876/1540 1848/2384/1960
f 1849/2378/1956 1855/2386/1962 1854/2385/1961
f 1855/2386/1962 1856/2846/2143 1854/2385/1961
f 1855/2386/1962 1857/2847/2144 1856/2846/2143
f 1850/2387/1963 1857/2847/2144 1855/2386/1962
f 1851/2383/1959 1857/2847/2144 1850/2387/1963
f 1851/2383/1959 1868/2389/1965 1857/2847/2144
f 1851/2383/1959 1852/2382/1958 1868/2389/1965
f 1852/2382/1958 1853/2500/2057 1858/2388/1964
f 1853/2500/2057 1859/2392/1968 1858/2388/1964
f 1853/2500/2057 1860/2390/1966 1859/2392/1968
f 1860/2390/1966 1861/2401/1977 1870/2391/1967
f 1854/2385/1961 1862/2393/1969 1445/1875/1539
f 1862/2393/1969 1863/2395/1971 1446/1880/1543
f 1856/2846/2143 1862/2393/1969 1854/2385/1961
f 1856/2846/2143 1864/2396/1972 1862/2393/1969
f 1864/2396/1972 1863/2395/1971 1862/2393/1969
f 1856/2846/2143 1865/2394/1970 1864/2396/1972
f 1857/2847/2144 1865/2394/1970 1856/2846/2143
f 1865/2394/1970 1866/2397/1973 1863/2395/1971
f 1868/2389/1965 1869/2398/1974 1866/2397/1973
f 1868/2389/1965 1865/2394/1970 1857/2847/2144
f 1858/2388/1964 1869/2398/1974 1868/2389/1965
f 1870/2391/1967 1867/2399/1975 1869/2398/1974
f 1859/2392/1968 1869/2398/1974 1858/2388/1964
f 1863/2395/1971 1450/1881/1544 1446/1880/1543
f 1871/2400/1976 1449/1882/1545 1450/1881/1544
f 1866/2397/1973 1450/1881/1544 1863/2395/1971
f 1866/2397/1973 1867/2399/1975 1871/2400/1976
f 1861/2401/1977 1873/2414/1990 1872/2402/1978
f 1874/2403/1979 1877/2404/1980 1875/2406/1982
f 1870/2391/1967 1872/2402/1978 1874/2403/1979
f 1872/2402/1978 1878/2407/1983 1874/2403/1979
f 1871/2400/1976 1454/1885/1548 1449/1882/1545
f 1879/2408/1984 1453/1884/1547 1454/1885/1548
f 1871/2400/1976 1880/2409/1985 1879/2408/1984
f 1867/2399/1975 1881/2412/1988 1880/2409/1985
f 1881/2412/1988 1882/2411/1987 1880/2409/1985
f 1867/2399/1975 1875/2406/1982 1881/2412/1988
f 1875/2406/1982 1883/2410/1986 1881/2412/1988
f 1878/2407/1983 1885/2416/1992 1877/2404/1980
f 1872/2402/1978 1886/2413/1989 1878/2407/1983
f 1886/2413/1989 1872/2402/1978 1873/2414/1990
f 1879/2408/1984 1898/2417/1993 1453/1884/1547
f 1882/2411/1987 1887/2418/1994 1880/2409/1985
f 1891/2419/1995 1889/2542/2092 1888/2420/1996
f 1885/2416/1992 1895/2428/2001 1893/2423/1999
f 1896/2424/2000 1894/2444/2018 1893/2425/1999
f 1897/2429/2003 1896/2424/2000 1895/2426/2001
f 1897/2429/2003 1895/2426/2001 1891/2419/1995
f 1897/2429/2003 1891/2419/1995 1890/2421/1997
f 1898/2417/1993 1464/1896/1559 1453/1884/1547
f 1883/2410/1986 1900/2431/2005 1882/2411/1987
f 1901/2433/2007 873/827/670 1256/1937/1592
f 1903/2434/2008 1684/1102/908 873/827/670
f 1890/2421/1997 1888/2420/1996 1684/1102/908
f 1906/2437/2011 1901/2433/2007 1256/1937/1592
f 1907/2438/2012 1902/2432/2006 1901/2433/2007
f 1908/2439/2013 1903/2434/2008 1902/2432/2006
f 1910/2441/2015 1904/2435/2009 1903/2434/2008
f 1912/2442/2016 1911/2445/2019 1905/2436/2010
f 1905/2436/2010 1904/2435/2009 1910/2441/2015
f 1913/2443/2017 1911/2445/2019 1894/2444/2018
f 1913/2443/2017 1896/2424/2000 1890/2421/1997
f 1913/2443/2017 1890/2421/1997 1905/2436/2010
f 1898/2417/1993 1914/2446/2020 1502/1948/1602
f 1914/2446/2020 1915/2448/2022 1504/1951/1604
f 1916/2447/2021 1507/1955/1607 1504/1951/1604
f 1917/2449/2023 1508/1957/1609 1507/1955/1607
f 1917/2450/2023 1916/2457/2021 1906/2437/2011
f 1917/2450/2023 1906/2437/2011 1499/1959/1610
f 1918/2452/2024 1919/2454/2026 1914/2446/2020
f 1920/2453/2025 1915/2448/2022 1914/2446/2020
f 1921/2455/2027 1916/2447/2021 1915/2448/2022
f 1921/2456/2027 1920/2463/2025 1907/2438/2012
f 1921/2456/2027 1907/2438/2012 1906/2437/2011
f 1887/2418/1994 1922/2459/2029 1898/2417/1993
f 1923/2458/2028 1918/2452/2024 1898/2417/1993
f 1924/2460/2030 1919/2454/2026 1918/2452/2024
f 1925/2461/2031 1920/2453/2025 1919/2454/2026
f 1925/2462/2031 1924/2468/2030 1908/2439/2013
f 1925/2462/2031 1908/2439/2013 1907/2438/2012
f 1926/2464/2032 1922/2459/2029 1887/2418/1994
f 1927/2465/2033 1923/2458/2028 1922/2459/2029
f 1928/2466/2034 1924/2460/2030 1923/2458/2028
f 1928/2467/2034 1927/2473/2033 1909/2440/2014
f 1928/2467/2034 1909/2440/2014 1908/2439/2013
f 1930/2470/2036 1926/2464/2032 1899/2430/2004
f 1931/2471/2037 1927/2465/2033 1926/2464/2032
f 1931/2472/2037 1930/2478/2036 1910/2441/2015
f 1931/2472/2037 1910/2441/2015 1909/2440/2014
f 1932/2474/2038 1929/2469/2035 1900/2431/2005
f 1932/2474/2038 1893/2423/1999 1894/2848/2018
f 1933/2476/2039 1930/2470/2036 1929/2469/2035
f 1912/2442/2016 1933/2477/2039 1932/2475/2038
f 1933/2477/2039 1912/2442/2016 1910/2441/2015
f 1934/2849/2041 1835/2839/2140 1581/2199/1816
f 1714/2816/1818 1934/2849/2041 1581/2199/1816
f 1715/2203/1819 1935/2479/2040 1714/2201/1818
f 1716/2204/1820 1936/2481/2042 1715/2203/1819
f 1716/2204/1820 1937/2482/2043 1936/2481/2042
f 1717/2205/1821 1938/2484/2045 1937/2482/2043
f 1717/2205/1821 1718/2207/1823 1938/2484/2045
f 1718/2207/1823 1719/2502/2059 1943/2487/2048
f 1934/2849/2041 1840/2840/2050 1835/2839/2140
f 1934/2850/2041 1939/2490/2044 1840/2489/2050
f 1935/2851/2040 1939/2490/2044 1934/2850/2041
f 1936/2481/2042 1937/2482/2043 1940/2852/2052
f 1937/2482/2043 1941/2486/2047 1940/2852/2052
f 1938/2484/2045 1941/2486/2047 1937/2482/2043
f 1718/2207/1823 1942/2485/2046 1938/2484/2045
f 1846/2488/2049 1944/2491/2051 1847/2381/1957
f 1939/2490/2044 1944/2491/2051 1846/2488/2049
f 1944/2491/2051 1945/2495/2054 1847/2381/1957
f 1944/2491/2051 1940/2493/2052 1945/2495/2054
f 1941/2496/2047 1946/2494/2053 1940/2493/2052
f 1941/2496/2047 1942/2498/2046 1947/2497/2055
f 1943/2506/2048 1948/2505/2056 1942/2853/2046
f 1945/2495/2054 1852/2382/1958 1847/2381/1957
f 1945/2495/2054 1946/2494/2053 1853/2500/2057
f 1946/2494/2053 1860/2390/1966 1853/2500/2057
f 1946/2494/2053 1947/2497/2055 1860/2390/1966
f 1948/2499/2056 1949/2501/2058 1947/2497/2055
f 1949/2501/2058 1861/2401/1977 1860/2390/1966
f 1731/2218/1834 1950/2503/2060 1719/2502/2059
f 1732/2265/1876 1951/2854/2067 1950/2503/2060
f 1950/2855/2060 1952/2504/2061 1943/2506/2048
f 1950/2855/2060 1953/2515/2069 1952/2504/2061
f 1950/2855/2060 1954/2511/2066 1953/2515/2069
f 1951/2512/2067 1954/2511/2066 1950/2855/2060
f 1952/2504/2061 1955/2517/2062 1948/2505/2056
f 1949/2501/2058 1958/2856/2145 1957/2509/2064
f 1956/2508/2063 1958/2856/2145 1949/2501/2058
f 1959/2519/2072 1873/2414/1990 1861/2401/1977
f 1957/2509/2064 1959/2519/2072 1861/2401/1977
f 1732/2265/1876 1960/2510/2065 1951/2854/2067
f 1954/2511/2066 1961/2514/2068 1953/2515/2069
f 1952/2504/2061 1963/2537/2087 1955/2517/2062
f 1961/2514/2068 1963/2537/2087 1952/2504/2061
f 1963/2537/2087 1962/2518/2071 1955/2517/2062
f 1958/2856/2145 1964/2551/2095 1957/2509/2064
f 1956/2857/2063 1964/2858/2095 1958/2859/2145
f 1956/2860/2063 1965/2861/2070 1964/2862/2095
f 1965/2516/2070 1956/2863/2063 1955/2517/2062
f 1959/2519/2072 1966/2520/2073 1884/2415/1991
f 1970/2521/2074 1969/2527/2077 1826/2354/1937
f 1970/2521/2074 1826/2354/1937 1967/2353/1936
f 1971/2526/2076 1954/2511/2066 1960/2513/2065
f 1827/2864/1938 1971/2865/2076 1960/2866/2065
f 1828/2359/1939 1969/2527/2077 1954/2511/2066
f 1828/2359/1939 1971/2526/2076 1827/2358/1938
f 1975/2529/2079 1974/2533/2083 1968/2522/2075
f 1975/2529/2079 1968/2522/2075 1967/2353/1936
f 1976/2530/2080 1973/2532/2082 1961/2514/2068
f 1977/2531/2081 1974/2533/2083 1973/2532/2082
f 1970/2867/2074 1977/2868/2081 1976/2869/2080
f 1977/2531/2081 1970/2521/2074 1968/2522/2075
f 1823/2347/1932 1684/1102/908 1888/2420/1996
f 1982/2536/2086 1981/2541/2091 1972/2528/2078
f 1982/2536/2086 1972/2528/2078 1823/2347/1932
f 1973/2532/2082 1963/2537/2087 1961/2514/2068
f 1983/2538/2088 1980/2540/2090 1962/2518/2071
f 1984/2539/2089 1981/2541/2091 1980/2540/2090
f 1984/2539/2089 1983/2538/2088 1974/2533/2083
f 1984/2539/2089 1975/2529/2079 1972/2528/2078
f 1978/2534/2084 1888/2420/1996 1889/2542/2092
f 1988/2544/2094 1987/2549/2099 1979/2535/2085
f 1988/2544/2094 1979/2535/2085 1978/2534/2084
f 1980/2540/2090 1986/2547/2097 1964/2545/2095
f 1980/2540/2090 1965/2516/2070 1962/2518/2071
f 1990/2548/2098 1987/2549/2099 1986/2547/2097
f 1990/2548/2098 1989/2546/2096 1981/2541/2091
f 1990/2548/2098 1982/2536/2086 1979/2535/2085
f 1966/2520/2073 1991/2427/2002 1886/2413/1989
f 1993/2550/2100 1992/2557/2103 1985/2543/2093
f 1993/2550/2100 1985/2543/2093 1889/2542/2092
f 1966/2520/2073 1957/2509/2064 1964/2551/2095
f 1994/2554/2101 1991/2556/2002 1966/2870/2073
f 1995/2555/2102 1992/2557/2103 1991/2556/2002
f 1988/2544/2094 1995/2555/2102 1994/2554/2101
f 1995/2555/2102 1988/2544/2094 1985/2543/2093
f 1992/2557/2103 1996/2558/2104 1991/2556/2002
f 1996/2871/2104 1895/2428/2001 1991/2427/2002
f 1996/2558/2104 1993/2550/2100 1891/2419/1995
