# Blender 5.2.2 LTS
# www.blender.org
mtllib left_finger1_middle.mtl
o left_finger1_middle
v -0.004826 -0.004209 -0.019893
v -0.004883 -0.004255 -0.019676
v -0.004830 -0.003934 -0.019929
v -0.004899 -0.003934 -0.019717
v -0.004843 -0.002343 -0.019924
v -0.004581 -0.004530 -0.019916
v -0.004628 -0.004602 -0.019724
v -0.004676 -0.004327 -0.019961
v -0.004786 -0.004440 -0.019733
v -0.004660 -0.004012 -0.020033
v -0.004655 -0.003672 -0.020040
v -0.004657 -0.003283 -0.020023
v -0.004346 -0.004565 -0.019956
v -0.004355 -0.004686 -0.019731
v -0.004367 -0.004333 -0.020060
v -0.004368 -0.004021 -0.020092
v -0.004370 -0.003678 -0.020064
v -0.004370 -0.003313 -0.020009
v -0.004242 -0.003196 -0.019867
v -0.004423 -0.002969 -0.019972
v -0.004254 -0.002966 -0.019757
v -0.004022 -0.004578 -0.019965
v -0.003984 -0.004715 -0.019735
v -0.004029 -0.004340 -0.020069
v -0.004046 -0.004040 -0.020062
v -0.004079 -0.003721 -0.019976
v -0.003991 -0.003619 -0.019737
v -0.004183 -0.003442 -0.019942
v -0.004162 -0.003253 -0.019726
v -0.003475 -0.004585 -0.019937
v -0.003690 -0.004353 -0.020025
v -0.003739 -0.004084 -0.019963
v -0.003655 -0.004004 -0.019727
v -0.003868 -0.003867 -0.019916
v -0.003825 -0.003822 -0.019720
v -0.003299 -0.004715 -0.019717
v -0.003340 -0.004377 -0.019947
v -0.003239 -0.004282 -0.019728
v -0.003496 -0.004197 -0.019912
v -0.003448 -0.004150 -0.019720
v -0.002644 -0.004611 -0.019916
v -0.002973 -0.004460 -0.019924
v -0.002950 -0.004364 -0.019725
v -0.004831 -0.004525 -0.018695
v -0.004891 -0.004351 -0.019081
v -0.004902 -0.004317 -0.018609
v -0.004914 -0.004005 -0.019417
v -0.004925 -0.003741 -0.019045
v -0.004950 -0.001050 -0.019336
v -0.004674 -0.004629 -0.019394
v -0.004645 -0.004671 -0.018506
v -0.004821 -0.004493 -0.019426
v -0.004364 -0.004733 -0.019420
v -0.004344 -0.004757 -0.018894
v -0.004191 -0.003166 -0.016630
v -0.004206 -0.002905 -0.019334
v -0.004213 -0.002926 -0.018177
v -0.003920 -0.004778 -0.019389
v -0.003979 -0.004787 -0.019033
v -0.003957 -0.003596 -0.019294
v -0.004094 -0.003340 -0.019346
v -0.004104 -0.003404 -0.016524
v -0.004169 -0.003125 -0.019271
v -0.003618 -0.004789 -0.019023
v -0.003625 -0.003981 -0.019319
v -0.003682 -0.003982 -0.016312
v -0.003805 -0.003806 -0.019311
v -0.003143 -0.004776 -0.019069
v -0.003208 -0.004240 -0.019324
v -0.003237 -0.004254 -0.016359
v -0.003429 -0.004127 -0.019349
v -0.003459 -0.004144 -0.016393
v -0.002618 -0.004762 -0.019004
v -0.002938 -0.004317 -0.019317
v -0.002979 -0.004352 -0.012921
v -0.004867 -0.004560 -0.013422
v -0.004960 -0.004327 -0.013237
v -0.005016 -0.004022 -0.011013
v -0.004255 -0.003269 -0.009520
v -0.003832 -0.003835 -0.016334
v -0.003861 -0.003870 -0.012716
v -0.003966 -0.003655 -0.016379
v -0.004022 -0.003658 -0.012840
v -0.003683 -0.004828 -0.011443
v -0.003671 -0.004048 -0.012761
v -0.003425 -0.004813 -0.012195
v -0.003288 -0.004270 -0.012922
v -0.004369 -0.004817 -0.010424
v -0.004306 -0.002966 -0.009389
v -0.004062 -0.003683 -0.009672
v -0.004176 -0.003485 -0.009756
v -0.003489 -0.004179 -0.012678
v -0.003256 -0.004295 -0.011692
v -0.002963 -0.004790 -0.010838
v -0.002962 -0.004367 -0.011677
v -0.004908 -0.004603 -0.007089
v -0.005026 -0.004343 -0.006985
v -0.004675 -0.004753 -0.008790
v -0.004046 -0.004860 -0.006723
v -0.003893 -0.003901 -0.009302
v -0.003535 -0.004227 -0.006616
v -0.003712 -0.004073 -0.009158
v -0.002967 -0.004814 -0.004782
v -0.002967 -0.004393 -0.008094
v -0.004693 -0.004812 -0.002017
v -0.004395 -0.004875 -0.002258
v -0.004345 -0.002972 -0.006184
v -0.003698 -0.004866 -0.004101
v -0.003287 -0.004344 -0.005432
v -0.002969 -0.004418 -0.004669
v -0.004943 -0.004637 -0.001859
v -0.005081 -0.004352 -0.001876
v -0.005134 -0.004022 -0.001273
v -0.005148 -0.003619 -0.001264
v -0.004260 -0.003572 -0.000975
v -0.004360 -0.003294 -0.000953
v -0.004410 -0.002973 -0.000941
v -0.004033 -0.004890 -0.001925
v -0.003980 -0.003970 -0.000982
v -0.004137 -0.003781 -0.000973
v -0.003584 -0.004270 -0.000967
v -0.003795 -0.004137 -0.000946
v -0.003305 -0.004380 -0.000977
v -0.002981 -0.004442 -0.000965
v -0.004963 -0.004644 -0.001309
v -0.004961 -0.004640 -0.000884
v -0.004928 -0.004622 -0.000574
v -0.004883 -0.004564 -0.000369
v -0.005087 -0.004361 -0.000919
v -0.005046 -0.004353 -0.000562
v -0.004930 -0.004342 -0.000324
v -0.005137 -0.003952 -0.000879
v -0.005092 -0.003953 -0.000556
v -0.004946 -0.004047 -0.000307
v -0.004967 -0.002861 -0.000317
v -0.004571 -0.004885 -0.001736
v -0.004570 -0.004884 -0.000923
v -0.004515 -0.004880 -0.000707
v -0.004762 -0.004820 -0.001393
v -0.004760 -0.004814 -0.000891
v -0.004676 -0.004787 -0.000579
v -0.004677 -0.004622 -0.000326
v -0.004690 -0.004354 -0.000215
v -0.004698 -0.004026 -0.000194
v -0.004725 -0.003483 -0.000223
v -0.004751 -0.002668 -0.000231
v -0.004420 -0.004895 -0.001793
v -0.004298 -0.004903 -0.001032
v -0.004363 -0.004817 -0.000514
v -0.004366 -0.004642 -0.000304
v -0.004374 -0.004364 -0.000203
v -0.004390 -0.004041 -0.000217
v -0.004303 -0.003603 -0.000561
v -0.004414 -0.003699 -0.000303
v -0.004403 -0.003306 -0.000563
v -0.004514 -0.003327 -0.000321
v -0.004449 -0.002973 -0.000565
v -0.004551 -0.002975 -0.000328
v -0.004191 -0.004891 -0.000728
v -0.003960 -0.004888 -0.000904
v -0.003933 -0.004826 -0.000587
v -0.003939 -0.004648 -0.000343
v -0.004043 -0.004379 -0.000256
v -0.004007 -0.004007 -0.000570
v -0.004091 -0.004090 -0.000325
v -0.004160 -0.003812 -0.000577
v -0.004210 -0.003858 -0.000372
v -0.003689 -0.004886 -0.001287
v -0.003607 -0.004312 -0.000569
v -0.003701 -0.004408 -0.000344
v -0.003816 -0.004164 -0.000579
v -0.003861 -0.004211 -0.000382
v -0.002984 -0.004848 -0.001230
v -0.003194 -0.004674 -0.000383
v -0.003308 -0.004418 -0.000574
v -0.003328 -0.004507 -0.000374
v -0.002727 -0.004830 -0.000876
v -0.002736 -0.004780 -0.000570
v -0.002973 -0.004472 -0.000578
v -0.002976 -0.004545 -0.000385
v -0.004925 -0.000980 -0.019715
v -0.004846 -0.001284 -0.019940
v -0.004843 -0.000919 -0.019926
v -0.004822 -0.000697 -0.019899
v -0.004861 -0.000572 -0.019714
v -0.004828 -0.000341 -0.019608
v -0.004673 -0.002364 -0.020019
v -0.004644 -0.001364 -0.020070
v -0.004658 -0.000913 -0.020037
v -0.004655 -0.000658 -0.019967
v -0.004642 -0.000356 -0.019748
v -0.004425 -0.002627 -0.019968
v -0.004255 -0.002620 -0.019751
v -0.004377 -0.002287 -0.020001
v -0.004246 -0.002397 -0.019853
v -0.004383 -0.001928 -0.020059
v -0.004361 -0.001581 -0.020090
v -0.004362 -0.001232 -0.020110
v -0.004363 -0.000906 -0.020087
v -0.004363 -0.000635 -0.020005
v -0.004364 -0.000427 -0.019868
v -0.004348 -0.000199 -0.019663
v -0.004186 -0.002444 -0.019645
v -0.004205 -0.002161 -0.019930
v -0.004141 -0.002247 -0.019736
v -0.004134 -0.001905 -0.019964
v -0.003986 -0.001918 -0.019733
v -0.004017 -0.001581 -0.020016
v -0.003895 -0.001705 -0.019842
v -0.004021 -0.001229 -0.020097
v -0.004023 -0.000903 -0.020096
v -0.003936 -0.000633 -0.020021
v -0.003973 -0.000415 -0.019882
v -0.003927 -0.000196 -0.019685
v -0.003841 -0.001758 -0.019633
v -0.003724 -0.001447 -0.019952
v -0.003719 -0.001594 -0.019726
v -0.003689 -0.001195 -0.020055
v -0.003678 -0.000896 -0.020084
v -0.003516 -0.001365 -0.019907
v -0.003493 -0.001428 -0.019714
v -0.003356 -0.001178 -0.019973
v -0.003271 -0.001289 -0.019730
v -0.003147 -0.000872 -0.020054
v -0.002748 -0.000611 -0.020006
v -0.002981 -0.001087 -0.019959
v -0.002963 -0.001198 -0.019730
v -0.004977 0.000015 -0.018157
v -0.004944 -0.000878 -0.019414
v -0.004924 -0.000540 -0.019408
v -0.004953 -0.000542 -0.019088
v -0.004865 -0.000221 -0.019380
v -0.004931 -0.000190 -0.019061
v -0.004959 -0.000178 -0.018722
v -0.004663 -0.000112 -0.019489
v -0.004210 -0.002646 -0.019392
v -0.004212 -0.002653 -0.018450
v -0.004175 -0.002439 -0.019113
v -0.004116 -0.002264 -0.019394
v -0.004098 -0.002198 -0.018222
v -0.003955 -0.001949 -0.019348
v -0.003998 -0.001944 -0.014320
v -0.003848 -0.001748 -0.014449
v -0.003826 -0.001764 -0.019397
v -0.003700 -0.001624 -0.019363
v -0.003647 -0.001576 -0.017945
v -0.003450 -0.001434 -0.019320
v -0.003234 -0.001324 -0.019316
v -0.002937 -0.001236 -0.019325
v -0.004302 -0.002659 -0.009549
v -0.004129 -0.002171 -0.014085
v -0.003248 -0.001331 -0.014458
v -0.002958 -0.001258 -0.013466
v -0.005172 0.000045 -0.002483
v -0.004256 -0.002356 -0.008454
v -0.004164 -0.002136 -0.008957
v -0.003868 -0.001736 -0.009714
v -0.003678 -0.001569 -0.010231
v -0.003477 -0.001435 -0.011299
v -0.003254 -0.001340 -0.008562
v -0.004032 -0.001925 -0.009124
v -0.002959 -0.001271 -0.010114
v -0.002968 -0.001288 -0.006098
v -0.004333 -0.002630 -0.006215
v -0.004261 -0.002311 -0.006209
v -0.004176 -0.002109 -0.006158
v -0.004054 -0.001925 -0.006258
v -0.003880 -0.001727 -0.006115
v -0.003677 -0.001555 -0.005916
v -0.003483 -0.001433 -0.006029
v -0.004395 -0.002640 -0.000933
v -0.004322 -0.002341 -0.000944
v -0.004210 -0.002089 -0.000960
v -0.004081 -0.001905 -0.000939
v -0.003893 -0.001708 -0.000967
v -0.003695 -0.001552 -0.000931
v -0.003497 -0.001437 -0.000886
v -0.003270 -0.001356 -0.000945
v -0.002978 -0.001309 -0.000958
v -0.005175 -0.000887 -0.001250
v -0.005165 -0.001271 -0.000878
v -0.005115 -0.001336 -0.000553
v -0.005176 -0.000522 -0.001630
v -0.004960 -0.001326 -0.000294
v -0.005148 -0.000877 -0.000881
v -0.005078 -0.000887 -0.000563
v -0.004943 -0.000916 -0.000327
v -0.005171 -0.000157 -0.001933
v -0.005151 -0.000527 -0.001227
v -0.005091 -0.000537 -0.000888
v -0.004969 -0.000568 -0.000574
v -0.004899 -0.000693 -0.000371
v -0.005150 -0.000177 -0.001577
v -0.005091 -0.000187 -0.001236
v -0.004972 -0.000216 -0.000916
v -0.004908 -0.000336 -0.000687
v -0.004703 -0.001928 -0.000200
v -0.004699 -0.001577 -0.000171
v -0.004698 -0.001232 -0.000168
v -0.004693 -0.000913 -0.000210
v -0.004685 -0.000390 -0.000529
v -0.004684 -0.000660 -0.000307
v -0.004676 -0.000085 -0.000828
v -0.004435 -0.002632 -0.000563
v -0.004542 -0.002627 -0.000324
v -0.004367 -0.002314 -0.000558
v -0.004493 -0.002284 -0.000310
v -0.004255 -0.002033 -0.000548
v -0.004389 -0.001929 -0.000283
v -0.004372 -0.001574 -0.000183
v -0.004371 -0.001231 -0.000141
v -0.004370 -0.000910 -0.000175
v -0.004309 -0.000436 -0.000435
v -0.004302 -0.000658 -0.000270
v -0.004258 -0.000188 -0.000667
v -0.004164 -0.001790 -0.000347
v -0.003927 -0.001662 -0.000557
v -0.004035 -0.001545 -0.000287
v -0.004027 -0.001221 -0.000173
v -0.004025 -0.000908 -0.000177
v -0.003700 -0.001513 -0.000570
v -0.003724 -0.001415 -0.000337
v -0.003691 -0.001191 -0.000219
v -0.003679 -0.000902 -0.000191
v -0.003569 -0.000636 -0.000282
v -0.003300 -0.001314 -0.000556
v -0.003517 -0.001353 -0.000381
v -0.003358 -0.001189 -0.000306
v -0.003373 -0.000889 -0.000216
v -0.002969 -0.001259 -0.000557
v -0.002982 -0.001127 -0.000311
v -0.001865 -0.000419 -0.000415
v -0.002070 -0.004701 -0.019724
v -0.002625 -0.004484 -0.019919
v -0.002624 -0.004394 -0.019724
v -0.002275 -0.004461 -0.019921
v -0.002297 -0.004368 -0.019724
v -0.001651 -0.004571 -0.019933
v -0.001905 -0.004378 -0.019939
v -0.001985 -0.004283 -0.019731
v -0.001745 -0.004202 -0.019904
v -0.001557 -0.004350 -0.020012
v -0.001504 -0.004090 -0.019952
v -0.001584 -0.004013 -0.019723
v -0.001373 -0.003877 -0.019905
v -0.001263 -0.003667 -0.019737
v -0.001183 -0.004565 -0.019953
v -0.001219 -0.004335 -0.020059
v -0.001200 -0.004042 -0.020052
v -0.001165 -0.003733 -0.019966
v -0.001063 -0.003468 -0.019924
v -0.001019 -0.003209 -0.019737
v -0.000874 -0.004329 -0.020081
v -0.000871 -0.004022 -0.020112
v -0.000866 -0.003682 -0.020078
v -0.000866 -0.003319 -0.019996
v -0.000801 -0.002966 -0.019983
v -0.000962 -0.002940 -0.019739
v -0.000527 -0.004330 -0.020087
v -0.000570 -0.003997 -0.020135
v -0.000524 -0.003321 -0.020115
v -0.000504 -0.002795 -0.020106
v -0.000128 -0.004009 -0.020142
v -0.000196 -0.003640 -0.020152
v -0.000173 -0.002298 -0.020141
v -0.002586 -0.004747 -0.019420
v -0.002619 -0.004348 -0.019311
v -0.002624 -0.004362 -0.016106
v -0.002052 -0.004768 -0.018690
v -0.002305 -0.004329 -0.019417
v -0.002287 -0.004316 -0.018996
v -0.001658 -0.004750 -0.019415
v -0.001487 -0.004767 -0.018998
v -0.002031 -0.004242 -0.019326
v -0.002039 -0.004244 -0.014688
v -0.001807 -0.004128 -0.019373
v -0.001825 -0.004126 -0.013863
v -0.001607 -0.003982 -0.019336
v -0.001622 -0.003969 -0.014358
v -0.001431 -0.003810 -0.019362
v -0.001448 -0.003791 -0.014837
v -0.001283 -0.003605 -0.019323
v -0.001301 -0.003592 -0.015635
v -0.001125 -0.003324 -0.019437
v -0.001156 -0.003354 -0.018550
v -0.001080 -0.003128 -0.017996
v 0.004000 -0.004701 -0.019071
v -0.001067 -0.003153 -0.019384
v -0.001034 -0.002961 -0.019349
v -0.001045 -0.002905 -0.018066
v 0.003539 -0.004713 -0.018560
v -0.002629 -0.004782 -0.010761
v -0.002309 -0.004337 -0.011987
v -0.001969 -0.004790 -0.013824
v -0.001574 -0.004804 -0.012205
v -0.001305 -0.003574 -0.014760
v -0.001174 -0.003328 -0.015331
v -0.001185 -0.003284 -0.014480
v -0.001090 -0.003075 -0.015500
v -0.001095 -0.002958 -0.014903
v -0.001119 -0.002962 -0.014332
v -0.001060 -0.002863 -0.015061
v -0.002622 -0.004380 -0.012475
v -0.002047 -0.004247 -0.008144
v -0.001337 -0.003562 -0.010239
v 0.001437 -0.004836 -0.001289
v -0.002630 -0.004407 -0.007145
v -0.002311 -0.004350 -0.006241
v -0.001836 -0.004117 -0.007539
v -0.001480 -0.003771 -0.008692
v -0.001258 -0.003289 -0.007213
v -0.001241 -0.002975 -0.003833
v -0.002619 -0.004811 -0.004514
v -0.001916 -0.004838 -0.005073
v -0.001655 -0.003945 -0.005293
v -0.001534 -0.003759 -0.000933
v -0.002650 -0.004436 -0.000951
v -0.001996 -0.004862 -0.001294
v -0.002324 -0.004363 -0.000952
v -0.002068 -0.004251 -0.000986
v -0.001861 -0.004111 -0.000967
v -0.001467 -0.004868 -0.001270
v -0.001398 -0.003525 -0.000967
v -0.001319 -0.003291 -0.000966
v -0.002621 -0.004842 -0.001253
v -0.002547 -0.004668 -0.000382
v -0.002630 -0.004464 -0.000577
v -0.002626 -0.004539 -0.000383
v -0.002304 -0.004398 -0.000571
v -0.002278 -0.004493 -0.000367
v -0.001601 -0.004858 -0.000883
v -0.001501 -0.004800 -0.000561
v -0.001703 -0.004637 -0.000334
v -0.002021 -0.004286 -0.000564
v -0.001916 -0.004391 -0.000331
v -0.001823 -0.004129 -0.000571
v -0.001769 -0.004185 -0.000365
v -0.001567 -0.004366 -0.000238
v -0.001669 -0.003930 -0.000954
v -0.001634 -0.003962 -0.000560
v -0.001534 -0.004062 -0.000304
v -0.001354 -0.003574 -0.000555
v -0.001422 -0.003815 -0.000351
v -0.001197 -0.004634 -0.000304
v -0.001224 -0.004356 -0.000183
v -0.001219 -0.004026 -0.000187
v -0.001210 -0.003672 -0.000275
v -0.001264 -0.003287 -0.000553
v -0.001124 -0.003316 -0.000291
v -0.001270 -0.002968 -0.000934
v -0.001226 -0.002970 -0.000555
v -0.001094 -0.002973 -0.000295
v -0.000867 -0.004357 -0.000157
v -0.000875 -0.004022 -0.000123
v -0.000881 -0.003686 -0.000141
v -0.000841 -0.002974 -0.000148
v -0.000577 -0.003990 -0.000102
v 0.000559 -0.004007 -0.000097
v 0.000027 -0.003575 -0.000084
v -0.002626 -0.001057 -0.019956
v -0.002623 -0.001164 -0.019730
v -0.002337 -0.000851 -0.020049
v -0.002275 -0.001074 -0.019961
v -0.002275 -0.001196 -0.019735
v 0.004294 -0.000188 -0.019732
v -0.001761 -0.001416 -0.019650
v -0.001929 -0.001131 -0.019978
v -0.001928 -0.001294 -0.019750
v -0.001528 -0.000924 -0.020079
v -0.001258 -0.000625 -0.020023
v -0.001476 -0.001451 -0.019949
v -0.001586 -0.001508 -0.019746
v -0.001591 -0.001225 -0.020019
v -0.001707 -0.001356 -0.019863
v -0.001034 -0.002134 -0.019920
v -0.001198 -0.001970 -0.019740
v -0.001096 -0.001903 -0.019958
v -0.001219 -0.001581 -0.019995
v -0.001365 -0.001700 -0.019743
v -0.001232 -0.001235 -0.020084
v -0.000898 -0.000911 -0.020107
v -0.000799 -0.002631 -0.019981
v -0.000959 -0.002655 -0.019737
v -0.000856 -0.002277 -0.019990
v -0.001002 -0.002390 -0.019736
v -0.000849 -0.001925 -0.020070
v -0.000873 -0.001579 -0.020102
v 0.001323 -0.000391 -0.019892
v -0.000522 -0.002277 -0.020109
v -0.000616 -0.001366 -0.020135
v -0.000314 -0.001268 -0.020140
v -0.002615 -0.001203 -0.019347
v -0.002627 -0.001224 -0.015650
v -0.002280 -0.001238 -0.019336
v -0.001767 -0.001443 -0.019330
v -0.001985 -0.001319 -0.019419
v -0.001982 -0.001335 -0.018936
v -0.001446 -0.001802 -0.015118
v -0.001593 -0.001570 -0.019363
v -0.001576 -0.001610 -0.018144
v -0.001073 -0.002453 -0.018216
v -0.001138 -0.002201 -0.019395
v -0.001141 -0.002258 -0.018037
v -0.001255 -0.001975 -0.019378
v -0.001280 -0.001982 -0.017845
v -0.001415 -0.001750 -0.019321
v -0.001030 -0.002665 -0.019330
v -0.001046 -0.002649 -0.017906
v -0.001059 -0.002742 -0.015070
v -0.001061 -0.002419 -0.019352
v -0.002309 -0.001278 -0.013617
v -0.001089 -0.002526 -0.015426
v -0.001094 -0.002641 -0.014903
v -0.001123 -0.002617 -0.014273
v -0.001169 -0.002267 -0.015579
v -0.001191 -0.002297 -0.014611
v -0.001312 -0.002015 -0.014666
v -0.002631 -0.001250 -0.011293
v -0.001918 -0.001533 -0.005848
v -0.002067 -0.001385 -0.010699
v -0.001717 -0.001698 -0.005696
v -0.002344 -0.001326 -0.006854
v -0.002642 -0.001286 -0.005762
v -0.002109 -0.001420 -0.005799
v -0.002310 -0.001346 -0.005704
v -0.001545 -0.001895 -0.005100
v -0.001257 -0.002640 -0.003556
v -0.001330 -0.002327 -0.003508
v -0.002663 -0.001312 -0.000949
v -0.002157 -0.001457 -0.000971
v -0.002393 -0.001364 -0.000971
v -0.001943 -0.001587 -0.000970
v -0.001419 -0.002110 -0.003771
v -0.001538 -0.001937 -0.003531
v -0.001725 -0.001727 -0.003553
v -0.002646 -0.001264 -0.000556
v -0.002626 -0.001129 -0.000307
v -0.002414 -0.000890 -0.000208
v -0.001825 -0.000631 -0.000262
v -0.002140 -0.001433 -0.000573
v -0.002106 -0.001373 -0.000365
v -0.002353 -0.001323 -0.000556
v -0.002258 -0.001197 -0.000292
v -0.001925 -0.001551 -0.000562
v -0.001892 -0.001441 -0.000318
v -0.001917 -0.001200 -0.000199
v -0.001947 -0.000894 -0.000174
v -0.001448 -0.002136 -0.000934
v -0.001425 -0.002128 -0.000574
v -0.001367 -0.002098 -0.000366
v -0.001582 -0.001933 -0.000951
v -0.001546 -0.001920 -0.000564
v -0.001437 -0.001888 -0.000319
v -0.001748 -0.001747 -0.000978
v -0.001705 -0.001706 -0.000550
v -0.001578 -0.001578 -0.000267
v -0.001577 -0.001229 -0.000152
v -0.001284 -0.002645 -0.000929
v -0.001241 -0.002641 -0.000555
v -0.001110 -0.002622 -0.000293
v -0.001350 -0.002364 -0.000955
v -0.001309 -0.002342 -0.000556
v -0.001186 -0.002252 -0.000282
v -0.001193 -0.001915 -0.000187
v -0.001224 -0.001578 -0.000140
v -0.001226 -0.001231 -0.000110
v -0.001220 -0.000904 -0.000144
v -0.000859 -0.002285 -0.000137
v -0.000870 -0.001923 -0.000108
v -0.000876 -0.001553 -0.000089
v -0.000950 -0.001236 -0.000094
v -0.000530 -0.002012 -0.000086
v 0.003988 -0.000159 -0.000578
v -0.000017 -0.001705 -0.000072
v 0.000858 -0.001218 -0.000085
v 0.000898 -0.000893 -0.000131
v -0.004832 0.000010 -0.019261
v -0.004870 0.000130 -0.019032
v -0.004937 0.000161 -0.018711
v -0.004967 0.000172 -0.018372
v -0.004835 0.000361 -0.018912
v -0.004874 0.000481 -0.018682
v -0.004943 0.000511 -0.018361
v -0.004982 0.000514 -0.017951
v -0.004837 0.000712 -0.018562
v -0.004876 0.000831 -0.018331
v -0.004944 0.000860 -0.018010
v -0.004979 0.000898 -0.017562
v -0.004836 0.001060 -0.018209
v -0.004872 0.001174 -0.017977
v -0.004936 0.001191 -0.017660
v -0.004962 0.001222 -0.017229
v -0.004833 0.001384 -0.017852
v -0.004867 0.001450 -0.017633
v -0.004906 0.001503 -0.017326
v -0.004901 0.001665 -0.016958
v -0.004642 0.000224 -0.019173
v -0.004643 0.000573 -0.018824
v -0.004643 0.000916 -0.018479
v -0.004660 0.001121 -0.018270
v -0.004666 0.001284 -0.018079
v -0.004665 0.001465 -0.017895
v -0.004640 0.001718 -0.017593
v -0.004806 0.001714 -0.017349
v -0.004844 0.001788 -0.017075
v -0.004651 0.001923 -0.017296
v -0.004562 0.002126 -0.017171
v -0.004614 0.002238 -0.016938
v -0.004527 0.002463 -0.016809
v -0.004350 0.000457 -0.019002
v -0.004372 0.001192 -0.018258
v -0.004356 0.001682 -0.017742
v -0.004356 0.002001 -0.017395
v -0.004309 0.002306 -0.017098
v -0.004316 0.002562 -0.016822
v -0.004014 0.001508 -0.017957
v -0.004013 0.002149 -0.017303
v -0.004031 0.002610 -0.016828
v -0.003653 0.002506 -0.016953
v -0.004933 0.001538 -0.016611
v -0.004895 0.001771 -0.016340
v -0.004825 0.001980 -0.016621
v -0.004839 0.002000 -0.016243
v -0.004707 0.002272 -0.016609
v -0.004745 0.002302 -0.016181
v -0.004524 0.002655 -0.016512
v -0.004628 0.002568 -0.016256
v -0.004645 0.002583 -0.015860
v -0.005167 0.000488 -0.002958
v -0.005126 0.001203 -0.003345
v -0.005012 0.001545 -0.009282
v -0.004955 0.001855 -0.009019
v -0.004892 0.002098 -0.009130
v -0.004825 0.002289 -0.009392
v -0.004718 0.002566 -0.009367
v -0.005156 0.000856 -0.003014
v -0.005071 0.001561 -0.003690
v -0.005005 0.001873 -0.003739
v -0.004932 0.002136 -0.003993
v -0.004847 0.002371 -0.004456
v -0.004745 0.002611 -0.004721
v -0.005110 0.001224 -0.002977
v -0.005064 0.001568 -0.003328
v -0.005030 0.001564 -0.002987
v -0.004980 0.001882 -0.003339
v -0.004889 0.001969 -0.003084
v -0.004911 0.002147 -0.003682
v -0.004877 0.002126 -0.003367
v -0.004676 0.001990 -0.002916
v -0.004772 0.002532 -0.004223
v -0.004783 0.002370 -0.003684
v -0.004609 0.002420 -0.003417
v -0.004666 0.002162 -0.003103
v -0.004707 0.002623 -0.004035
v -0.004557 0.002755 -0.003814
v -0.004325 0.002342 -0.003206
v -0.004316 0.002617 -0.003491
v -0.004066 0.002503 -0.003335
v -0.005169 0.000175 -0.002275
v -0.005150 0.000173 -0.001927
v -0.005091 0.000164 -0.001586
v -0.004972 0.000135 -0.001265
v -0.004909 0.000015 -0.001035
v -0.005165 0.000525 -0.002625
v -0.005147 0.000523 -0.002277
v -0.005089 0.000514 -0.001936
v -0.004972 0.000486 -0.001614
v -0.004908 0.000366 -0.001384
v -0.005136 0.000874 -0.002626
v -0.005082 0.000865 -0.002285
v -0.004968 0.000837 -0.001963
v -0.004907 0.000717 -0.001733
v -0.005064 0.001215 -0.002635
v -0.004958 0.001188 -0.002312
v -0.004902 0.001069 -0.002081
v -0.004940 0.001539 -0.002662
v -0.004891 0.001420 -0.002430
v -0.004872 0.001769 -0.002784
v -0.004676 0.000266 -0.001176
v -0.004676 0.000618 -0.001524
v -0.004675 0.000970 -0.001873
v -0.004672 0.001323 -0.002222
v -0.004686 0.001645 -0.002556
v -0.004672 0.001829 -0.002724
v -0.004356 0.000282 -0.001142
v -0.004319 0.000624 -0.001475
v -0.004356 0.000986 -0.001838
v -0.004356 0.001339 -0.002187
v -0.004406 0.001828 -0.002675
v -0.004003 0.001303 -0.002137
v -0.004510 0.002789 -0.016225
v -0.004539 0.002803 -0.015916
v -0.004549 0.002814 -0.015553
v -0.004307 0.002836 -0.016481
v -0.004234 0.003095 -0.016157
v -0.004402 0.003010 -0.015912
v -0.004442 0.003022 -0.015510
v -0.004243 0.003216 -0.015885
v -0.004286 0.003250 -0.015568
v -0.004290 0.003293 -0.015161
v -0.003976 0.003006 -0.016399
v -0.003986 0.003222 -0.016149
v -0.003997 0.003386 -0.015887
v -0.004109 0.003453 -0.015560
v -0.004104 0.003542 -0.015244
v -0.004168 0.003485 -0.014832
v -0.003875 0.003553 -0.015761
v -0.003852 0.003745 -0.015455
v -0.004017 0.003688 -0.014788
v -0.003837 0.003854 -0.015175
v -0.003785 0.003948 -0.014881
v -0.003836 0.003911 -0.014391
v -0.003622 0.003318 -0.016116
v -0.003646 0.003614 -0.015779
v -0.003612 0.003889 -0.015432
v -0.003540 0.004091 -0.015122
v -0.003690 0.004069 -0.014425
v -0.003497 0.004215 -0.014823
v -0.003417 0.004318 -0.014508
v -0.003494 0.004262 -0.014104
v -0.003257 0.003331 -0.016122
v -0.003303 0.003802 -0.015625
v -0.003302 0.004089 -0.015273
v -0.003265 0.004242 -0.015080
v -0.003134 0.004482 -0.014719
v -0.003327 0.004409 -0.014101
v -0.003125 0.004545 -0.014485
v -0.003137 0.004560 -0.014128
v -0.002962 0.003961 -0.015480
v -0.002960 0.004230 -0.015183
v -0.002951 0.004433 -0.014916
v -0.002918 0.004567 -0.014723
v -0.002918 0.004650 -0.014477
v -0.004592 0.002831 -0.010200
v -0.004462 0.003065 -0.010991
v -0.004184 0.003512 -0.010598
v -0.004062 0.003671 -0.010983
v -0.002913 0.004719 -0.013869
v -0.004311 0.003319 -0.010782
v -0.004077 0.003703 -0.005477
v -0.003381 0.004398 -0.006164
v -0.003183 0.004552 -0.006110
v -0.004632 0.002853 -0.004683
v -0.004499 0.003094 -0.005144
v -0.004371 0.003302 -0.005127
v -0.004227 0.003511 -0.005362
v -0.003915 0.003891 -0.005720
v -0.003742 0.004072 -0.005824
v -0.003561 0.004244 -0.006068
v -0.003473 0.004311 -0.005753
v -0.003152 0.004555 -0.005817
v -0.002967 0.004699 -0.006455
v -0.002776 0.004797 -0.006151
v -0.002924 0.004673 -0.005808
v -0.004603 0.002873 -0.004381
v -0.004566 0.002850 -0.004062
v -0.004430 0.003180 -0.004700
v -0.004442 0.003089 -0.004385
v -0.004337 0.003036 -0.004055
v -0.004327 0.002877 -0.003792
v -0.004208 0.003399 -0.004490
v -0.004219 0.003211 -0.004177
v -0.004168 0.003570 -0.005017
v -0.004186 0.003511 -0.004768
v -0.003979 0.003033 -0.003878
v -0.003987 0.003281 -0.004150
v -0.003867 0.003803 -0.004844
v -0.003964 0.003556 -0.004500
v -0.003826 0.003968 -0.005387
v -0.003868 0.003889 -0.005113
v -0.003644 0.002907 -0.003717
v -0.003677 0.003384 -0.004205
v -0.003648 0.003672 -0.004524
v -0.003618 0.004056 -0.005106
v -0.003625 0.003922 -0.004840
v -0.003517 0.004243 -0.005465
v -0.003491 0.004204 -0.005234
v -0.003322 0.003795 -0.004609
v -0.003320 0.004013 -0.004852
v -0.003259 0.004399 -0.005462
v -0.003272 0.004273 -0.005190
v -0.003129 0.004530 -0.005592
v -0.003194 0.003590 -0.004387
v -0.002973 0.004109 -0.004908
v -0.002954 0.004466 -0.005351
v -0.002922 0.004596 -0.005549
v -0.000052 0.002811 -0.016672
v -0.000649 0.002920 -0.003687
v -0.002549 0.004270 -0.015176
v -0.002534 0.004523 -0.014896
v -0.002614 0.004622 -0.014750
v -0.002606 0.004771 -0.014482
v -0.002704 0.004815 -0.014161
v -0.002462 0.004897 -0.014354
v -0.002450 0.004947 -0.014200
v -0.002233 0.004941 -0.014388
v -0.001539 0.005050 -0.014370
v -0.001805 0.005020 -0.014369
v -0.001899 0.005126 -0.014129
v -0.001703 0.005235 -0.014023
v -0.001601 0.003421 -0.016044
v -0.001618 0.003927 -0.015527
v -0.001264 0.004639 -0.014806
v -0.000788 0.005149 -0.014292
v -0.001253 0.003755 -0.015693
v -0.001250 0.004114 -0.015319
v -0.001060 0.005295 -0.014068
v -0.001149 0.003334 -0.016129
v -0.000875 0.003432 -0.016000
v -0.000944 0.003734 -0.015665
v -0.000951 0.004079 -0.015284
v -0.000931 0.004262 -0.015112
v -0.000901 0.004438 -0.014932
v -0.000888 0.004632 -0.014781
v -0.000735 0.004996 -0.014444
v -0.000486 0.003122 -0.016339
v -0.000387 0.003243 -0.016172
v -0.000546 0.003450 -0.015873
v -0.000403 0.003511 -0.015562
v -0.000356 0.003536 -0.015221
v -0.000338 0.003539 -0.014832
v -0.000630 0.003682 -0.015527
v -0.000540 0.003722 -0.015207
v -0.000504 0.003737 -0.014870
v -0.000492 0.003738 -0.014523
v -0.000732 0.003865 -0.015399
v -0.000695 0.003983 -0.015171
v -0.000600 0.004023 -0.014854
v -0.000560 0.004020 -0.014520
v -0.000549 0.004017 -0.014170
v -0.000727 0.004210 -0.015048
v -0.000608 0.004357 -0.014809
v -0.000498 0.004308 -0.014506
v -0.000461 0.004288 -0.014088
v -0.000586 0.004601 -0.014728
v -0.000543 0.004781 -0.014584
v -0.000528 0.004985 -0.014440
v -0.000366 0.005333 -0.014051
v -0.000157 0.003373 -0.015893
v -0.000143 0.003432 -0.015567
v -0.000132 0.003449 -0.015153
v -0.000417 0.004499 -0.014671
v -0.000344 0.004509 -0.014475
v -0.000304 0.004483 -0.014167
v -0.000382 0.004604 -0.014654
v -0.000219 0.004699 -0.014485
v -0.000129 0.004593 -0.014170
v -0.000183 0.004964 -0.014417
v 0.000414 0.005181 -0.014256
v -0.002720 0.004841 -0.013390
v -0.002499 0.004963 -0.013767
v -0.002540 0.004945 -0.006490
v -0.002040 0.005155 -0.013778
v -0.002235 0.005091 -0.013398
v -0.002009 0.005186 -0.013392
v -0.001733 0.005264 -0.013858
v -0.001768 0.005274 -0.013443
v -0.001516 0.005345 -0.013399
v -0.001217 0.005371 -0.013789
v -0.001203 0.005413 -0.013378
v -0.000789 0.005416 -0.013800
v -0.000746 0.005468 -0.013476
v -0.000856 0.005468 -0.013048
v -0.000502 0.003736 -0.011122
v -0.000558 0.004017 -0.011147
v -0.000510 0.005499 -0.013049
v -0.000151 0.003449 -0.005191
v -0.000292 0.004470 -0.013689
v -0.000105 0.004552 -0.013667
v -0.000022 0.005448 -0.013785
v -0.000005 0.005501 -0.013456
v -0.000166 0.005513 -0.013048
v -0.002758 0.004827 -0.006539
v -0.002276 0.005069 -0.006819
v -0.002016 0.005176 -0.006912
v -0.001796 0.005253 -0.006844
v -0.001550 0.005319 -0.006857
v -0.001244 0.005384 -0.006888
v -0.000888 0.005435 -0.006901
v -0.000356 0.003537 -0.005445
v -0.000510 0.003735 -0.005734
v -0.000479 0.004296 -0.006213
v -0.000536 0.005465 -0.006910
v -0.000310 0.004479 -0.006461
v -0.000126 0.004556 -0.006573
v -0.002609 0.004796 -0.005797
v -0.002435 0.004966 -0.006097
v -0.002465 0.004914 -0.005927
v -0.002267 0.004837 -0.005685
v -0.002068 0.005144 -0.006509
v -0.002234 0.004964 -0.005886
v -0.001739 0.005222 -0.006240
v -0.001693 0.005270 -0.006455
v -0.001429 0.004925 -0.005683
v -0.001654 0.005132 -0.005991
v -0.001381 0.005283 -0.006222
v -0.000911 0.005003 -0.005763
v -0.001267 0.005177 -0.005981
v -0.000993 0.005389 -0.006489
v -0.000879 0.004859 -0.005637
v -0.000632 0.005211 -0.005986
v -0.000636 0.005337 -0.006206
v -0.000567 0.004020 -0.006122
v -0.000578 0.004023 -0.005777
v -0.000512 0.004318 -0.005788
v -0.000546 0.004819 -0.005677
v -0.000530 0.005030 -0.005812
v -0.000252 0.005441 -0.006509
v -0.000322 0.004492 -0.006129
v -0.000358 0.004522 -0.005814
v -0.000144 0.004600 -0.006122
v -0.000229 0.004721 -0.005789
v 0.000196 0.005210 -0.005985
v -0.000186 0.005005 -0.005837
v -0.000073 0.005478 -0.006881
v 0.000007 0.005350 -0.006205
v -0.002818 0.004411 -0.005233
v -0.002615 0.004656 -0.005517
v -0.001930 0.004837 -0.005620
v -0.001646 0.003848 -0.004622
v -0.001131 0.003474 -0.004265
v -0.001250 0.003773 -0.004563
v -0.001247 0.004145 -0.004948
v -0.001215 0.004603 -0.005381
v -0.000877 0.003458 -0.004276
v -0.000912 0.003769 -0.004654
v -0.000910 0.003620 -0.004454
v -0.000956 0.004099 -0.004995
v -0.000910 0.004441 -0.005302
v -0.000889 0.004672 -0.005479
v -0.000402 0.003106 -0.003886
v -0.000370 0.003532 -0.005078
v -0.000414 0.003513 -0.004734
v -0.000526 0.003462 -0.004428
v -0.000522 0.003278 -0.004100
v -0.000522 0.003735 -0.005429
v -0.000556 0.003722 -0.005092
v -0.000652 0.003693 -0.004762
v -0.000616 0.004027 -0.005439
v -0.000707 0.003987 -0.005120
v -0.000616 0.004374 -0.005473
v -0.000735 0.004226 -0.005233
v -0.000591 0.004631 -0.005542
v -0.000153 0.003435 -0.004728
v -0.000163 0.003385 -0.004391
v -0.000171 0.003262 -0.004105
v -0.000428 0.004515 -0.005615
v -0.000390 0.004626 -0.005625
v 0.001185 -0.004544 -0.019950
v 0.000197 -0.003611 -0.020153
v 0.001877 -0.004659 -0.019718
v 0.000905 -0.004323 -0.020076
v 0.000676 -0.003984 -0.020134
v 0.000490 -0.002979 -0.020136
v 0.000999 -0.004037 -0.020109
v 0.000827 -0.003266 -0.020094
v 0.001226 -0.004323 -0.020059
v 0.001221 -0.004019 -0.020068
v 0.001203 -0.003674 -0.019993
v 0.001333 -0.003561 -0.019738
v 0.001096 -0.003317 -0.019972
v 0.001221 -0.003289 -0.019734
v 0.001046 -0.002973 -0.019959
v 0.001152 -0.002968 -0.019728
v 0.001837 -0.004542 -0.019923
v 0.001578 -0.004326 -0.020020
v 0.001554 -0.004048 -0.019973
v 0.001675 -0.003948 -0.019740
v 0.001430 -0.003813 -0.019930
v 0.001496 -0.003753 -0.019728
v 0.001939 -0.004342 -0.019967
v 0.002054 -0.004244 -0.019853
v 0.001819 -0.004162 -0.019932
v 0.002046 -0.004176 -0.019712
v 0.002683 -0.004577 -0.019894
v 0.002598 -0.004656 -0.019728
v 0.002279 -0.004420 -0.019919
v 0.002277 -0.004295 -0.019743
v 0.002625 -0.004460 -0.019901
v 0.002621 -0.004364 -0.019722
v 0.002121 -0.004707 -0.019415
v 0.001382 -0.003519 -0.019318
v 0.001388 -0.003512 -0.014467
v 0.001267 -0.003265 -0.019313
v 0.001189 -0.002955 -0.019321
v 0.001704 -0.003901 -0.019326
v 0.001701 -0.003898 -0.015942
v 0.001525 -0.003719 -0.019330
v 0.001525 -0.003714 -0.015640
v 0.001914 -0.004060 -0.019355
v 0.001904 -0.004060 -0.015866
v 0.002343 -0.004259 -0.019311
v 0.002322 -0.004257 -0.015945
v 0.002116 -0.004177 -0.019326
v 0.002631 -0.004309 -0.019295
v 0.002632 -0.004310 -0.015834
v 0.001296 -0.003273 -0.010542
v 0.001231 -0.002967 -0.010091
v 0.002430 -0.004751 -0.013786
v 0.002105 -0.004179 -0.015771
v 0.001702 -0.003903 -0.011346
v 0.002097 -0.004196 -0.008061
v 0.002328 -0.004277 -0.009972
v 0.002618 -0.004327 -0.010474
v 0.001800 -0.004780 -0.010117
v 0.001418 -0.003520 -0.001261
v 0.001698 -0.003901 -0.006969
v 0.001540 -0.003714 -0.000957
v 0.002523 -0.004762 -0.009536
v 0.001327 -0.003280 -0.000960
v 0.001974 -0.004802 -0.004968
v 0.001890 -0.004078 -0.000951
v 0.002342 -0.004314 -0.000970
v 0.001273 -0.002979 -0.000950
v 0.001707 -0.003913 -0.000972
v 0.001899 -0.004824 -0.001278
v 0.002092 -0.004212 -0.000977
v 0.002658 -0.004782 -0.001306
v 0.002638 -0.004377 -0.000960
v 0.001173 -0.004615 -0.000299
v 0.000864 -0.004348 -0.000152
v 0.001734 -0.004767 -0.000563
v 0.000510 -0.002217 -0.000086
v 0.001781 -0.004819 -0.000882
v 0.000876 -0.004020 -0.000118
v 0.000874 -0.003670 -0.000133
v 0.000831 -0.002943 -0.000144
v 0.001226 -0.004349 -0.000176
v 0.001223 -0.004021 -0.000179
v 0.001402 -0.003510 -0.000879
v 0.001358 -0.003544 -0.000550
v 0.001216 -0.003665 -0.000269
v 0.001270 -0.003281 -0.000552
v 0.001127 -0.003313 -0.000287
v 0.001224 -0.002967 -0.000554
v 0.001092 -0.002971 -0.000294
v 0.001576 -0.004614 -0.000317
v 0.001574 -0.004353 -0.000230
v 0.001633 -0.003923 -0.000554
v 0.001547 -0.004049 -0.000295
v 0.001434 -0.003802 -0.000345
v 0.001823 -0.004616 -0.000342
v 0.002025 -0.004247 -0.000560
v 0.001929 -0.004370 -0.000322
v 0.001790 -0.004166 -0.000356
v 0.002454 -0.004739 -0.000551
v 0.002314 -0.004356 -0.000565
v 0.002284 -0.004463 -0.000353
v 0.002867 -0.004767 -0.000878
v 0.002969 -0.004634 -0.000366
v 0.002632 -0.004414 -0.000568
v 0.002627 -0.004503 -0.000363
v 0.000207 -0.001700 -0.020144
v 0.001470 -0.000611 -0.020019
v 0.000582 -0.001590 -0.020136
v 0.000886 -0.001217 -0.020127
v 0.001199 -0.000890 -0.020096
v 0.000819 -0.002372 -0.020084
v 0.000937 -0.001557 -0.020111
v 0.001037 -0.002624 -0.019956
v 0.001137 -0.002627 -0.019727
v 0.001075 -0.002270 -0.019961
v 0.001184 -0.002290 -0.019729
v 0.001177 -0.001895 -0.019976
v 0.001286 -0.001987 -0.019730
v 0.001204 -0.001554 -0.020059
v 0.001219 -0.001222 -0.020101
v 0.001383 -0.001733 -0.019908
v 0.001430 -0.001776 -0.019715
v 0.001503 -0.001503 -0.019954
v 0.001583 -0.001583 -0.019722
v 0.001554 -0.001206 -0.020050
v 0.001571 -0.000893 -0.020077
v 0.001731 -0.001381 -0.019906
v 0.001773 -0.001427 -0.019714
v 0.001894 -0.001176 -0.019965
v 0.001984 -0.001279 -0.019727
v 0.002121 -0.000863 -0.020042
v 0.003909 -0.000381 -0.019894
v 0.002270 -0.001070 -0.019946
v 0.002288 -0.001171 -0.019725
v 0.002893 -0.000592 -0.019999
v 0.002624 -0.001029 -0.019937
v 0.002626 -0.001119 -0.019721
v 0.002869 -0.000834 -0.020027
v 0.003984 0.000057 -0.019488
v 0.001172 -0.002622 -0.019350
v 0.001227 -0.002291 -0.019325
v 0.001328 -0.002014 -0.019325
v 0.001460 -0.001791 -0.019339
v 0.001614 -0.001610 -0.019318
v 0.001790 -0.001455 -0.019321
v 0.002011 -0.001318 -0.019320
v 0.002295 -0.001208 -0.019350
v 0.002625 -0.001149 -0.019369
v 0.001214 -0.002631 -0.011729
v 0.002345 -0.001320 -0.000958
v 0.002632 -0.001195 -0.011638
v 0.001323 -0.002347 -0.002063
v 0.001418 -0.002119 -0.000873
v 0.001539 -0.001924 -0.000921
v 0.001916 -0.001540 -0.000930
v 0.002106 -0.001416 -0.000970
v 0.001275 -0.002648 -0.000952
v 0.002644 -0.001259 -0.000955
v 0.001713 -0.001719 -0.000964
v 0.001251 -0.000609 -0.000243
v 0.000525 -0.001575 -0.000076
v 0.001597 -0.000395 -0.000392
v 0.000859 -0.002092 -0.000121
v 0.000874 -0.001575 -0.000088
v 0.001231 -0.002631 -0.000555
v 0.001104 -0.002617 -0.000295
v 0.001341 -0.002300 -0.000890
v 0.001299 -0.002303 -0.000557
v 0.001177 -0.002239 -0.000289
v 0.001184 -0.001909 -0.000194
v 0.001217 -0.001574 -0.000141
v 0.001226 -0.001230 -0.000106
v 0.001443 -0.000892 -0.000140
v 0.001349 -0.002080 -0.000377
v 0.001515 -0.001902 -0.000566
v 0.001416 -0.001876 -0.000329
v 0.001673 -0.001681 -0.000552
v 0.001552 -0.001570 -0.000274
v 0.001578 -0.001232 -0.000164
v 0.001681 -0.000616 -0.000242
v 0.002054 -0.001369 -0.000546
v 0.001805 -0.001447 -0.000337
v 0.001939 -0.001224 -0.000267
v 0.001931 -0.000896 -0.000175
v 0.002321 -0.001270 -0.000550
v 0.002288 -0.001130 -0.000290
v 0.002295 -0.000866 -0.000188
v 0.002633 -0.001214 -0.000553
v 0.002628 -0.001087 -0.000298
v 0.004289 -0.000377 -0.000377
v 0.002973 -0.004450 -0.019900
v 0.002949 -0.004359 -0.019716
v 0.003606 -0.004537 -0.019913
v 0.003338 -0.004375 -0.019920
v 0.003249 -0.004284 -0.019720
v 0.003488 -0.004222 -0.019894
v 0.004308 -0.004627 -0.019722
v 0.003681 -0.004353 -0.019986
v 0.003705 -0.004149 -0.019933
v 0.003669 -0.004042 -0.019724
v 0.004361 -0.004513 -0.019939
v 0.004021 -0.004318 -0.020017
v 0.004020 -0.004012 -0.019975
v 0.003888 -0.003887 -0.019734
v 0.004158 -0.003708 -0.019948
v 0.004045 -0.003673 -0.019727
v 0.004228 -0.003494 -0.019911
v 0.004278 -0.003264 -0.019735
v 0.004364 -0.004314 -0.020039
v 0.004368 -0.004012 -0.020066
v 0.004399 -0.003682 -0.020048
v 0.004406 -0.003343 -0.019973
v 0.004480 -0.002975 -0.019962
v 0.004351 -0.002954 -0.019733
v 0.004658 -0.004504 -0.019918
v 0.004662 -0.004586 -0.019714
v 0.004668 -0.004311 -0.020019
v 0.004676 -0.004013 -0.020062
v 0.004684 -0.003675 -0.020066
v 0.004706 -0.003061 -0.020041
v 0.004831 -0.004472 -0.019885
v 0.004860 -0.004501 -0.019709
v 0.004872 -0.004305 -0.019929
v 0.004958 -0.004310 -0.019720
v 0.004897 -0.004013 -0.019955
v 0.005004 -0.004014 -0.019729
v 0.004912 -0.003542 -0.019959
v 0.005021 -0.003595 -0.019729
v 0.002943 -0.004316 -0.019416
v 0.002936 -0.004302 -0.018966
v 0.004260 -0.004678 -0.019411
v 0.003208 -0.004241 -0.019310
v 0.003236 -0.004252 -0.015045
v 0.003426 -0.004142 -0.019368
v 0.003455 -0.004154 -0.015786
v 0.003652 -0.003997 -0.019342
v 0.003841 -0.003840 -0.019323
v 0.004009 -0.003658 -0.019417
v 0.004000 -0.003659 -0.019010
v 0.004139 -0.003442 -0.019380
v 0.004175 -0.003491 -0.012266
v 0.004360 -0.004682 -0.018989
v 0.004237 -0.003217 -0.019329
v 0.004299 -0.002944 -0.019337
v 0.004335 -0.002959 -0.011944
v 0.004663 -0.004626 -0.019322
v 0.004695 -0.004736 -0.001344
v 0.004872 -0.004517 -0.019353
v 0.004990 -0.004310 -0.019310
v 0.005045 -0.004005 -0.019330
v 0.005060 -0.003660 -0.019365
v 0.005061 -0.003246 -0.019034
v 0.003055 -0.004753 -0.011627
v 0.002952 -0.004307 -0.015932
v 0.002961 -0.004324 -0.010745
v 0.003682 -0.004045 -0.011999
v 0.003881 -0.003880 -0.011578
v 0.004385 -0.004788 -0.001273
v 0.004267 -0.003275 -0.011974
v 0.004043 -0.004767 -0.007570
v 0.003277 -0.004261 -0.010692
v 0.004057 -0.003677 -0.011773
v 0.005150 -0.004034 -0.000962
v 0.003270 -0.004290 -0.007282
v 0.003578 -0.004766 -0.008486
v 0.003489 -0.004174 -0.011324
v 0.003648 -0.004082 -0.010842
v 0.003755 -0.004100 -0.000972
v 0.004337 -0.003290 -0.000973
v 0.005098 -0.004344 -0.000959
v 0.002980 -0.004765 -0.006036
v 0.003543 -0.004230 -0.000982
v 0.004063 -0.004802 -0.001254
v 0.003940 -0.003941 -0.000977
v 0.004101 -0.003759 -0.000956
v 0.004234 -0.003549 -0.000975
v 0.004397 -0.002983 -0.000972
v 0.002971 -0.004383 -0.000947
v 0.003284 -0.004328 -0.000960
v 0.003752 -0.004801 -0.001241
v 0.004952 -0.004593 -0.000917
v 0.005160 -0.003634 -0.001270
v 0.002979 -0.004777 -0.001259
v 0.003016 -0.004731 -0.000563
v 0.002970 -0.004421 -0.000569
v 0.002974 -0.004506 -0.000363
v 0.003295 -0.004372 -0.000566
v 0.003321 -0.004470 -0.000354
v 0.003922 -0.004795 -0.000885
v 0.003928 -0.004746 -0.000566
v 0.003898 -0.004605 -0.000330
v 0.003577 -0.004276 -0.000561
v 0.003684 -0.004379 -0.000324
v 0.003778 -0.004133 -0.000569
v 0.003833 -0.004187 -0.000361
v 0.004034 -0.004356 -0.000233
v 0.003977 -0.003977 -0.000559
v 0.004073 -0.004070 -0.000300
v 0.004135 -0.003781 -0.000567
v 0.004192 -0.003835 -0.000350
v 0.004370 -0.004780 -0.000879
v 0.004370 -0.004732 -0.000556
v 0.004369 -0.004594 -0.000304
v 0.004372 -0.004345 -0.000183
v 0.004383 -0.004030 -0.000188
v 0.004283 -0.003580 -0.000552
v 0.004403 -0.003686 -0.000279
v 0.004385 -0.003297 -0.000555
v 0.004503 -0.003322 -0.000301
v 0.004439 -0.002970 -0.000558
v 0.004544 -0.002974 -0.000310
v 0.004694 -0.004728 -0.000880
v 0.004690 -0.004690 -0.000559
v 0.004681 -0.004574 -0.000316
v 0.004692 -0.004338 -0.000198
v 0.004698 -0.004021 -0.000170
v 0.004706 -0.003676 -0.000190
v 0.004739 -0.003283 -0.000206
v 0.004932 -0.004573 -0.000569
v 0.004887 -0.004529 -0.000362
v 0.005054 -0.004337 -0.000558
v 0.004935 -0.004328 -0.000313
v 0.005107 -0.003935 -0.000559
v 0.004964 -0.003956 -0.000299
v 0.005152 -0.003624 -0.000885
v 0.002974 -0.001035 -0.019939
v 0.002970 -0.001129 -0.019722
v 0.003321 -0.001085 -0.019951
v 0.003296 -0.001197 -0.019728
v 0.003817 -0.000911 -0.020062
v 0.003830 -0.001414 -0.019920
v 0.003774 -0.001473 -0.019722
v 0.003684 -0.001194 -0.019974
v 0.003577 -0.001312 -0.019732
v 0.004291 -0.000627 -0.020026
v 0.004175 -0.001788 -0.019922
v 0.004112 -0.001852 -0.019723
v 0.004064 -0.001538 -0.019969
v 0.003963 -0.001642 -0.019730
v 0.004032 -0.001218 -0.020057
v 0.004025 -0.000893 -0.020076
v 0.004495 -0.002627 -0.019960
v 0.004365 -0.002629 -0.019733
v 0.004467 -0.002285 -0.019962
v 0.004330 -0.002316 -0.019733
v 0.004383 -0.001930 -0.019977
v 0.004249 -0.002049 -0.019734
v 0.004373 -0.001572 -0.020056
v 0.004368 -0.001227 -0.020091
v 0.004366 -0.000896 -0.020080
v 0.004367 -0.000396 -0.019892
v 0.004690 -0.002066 -0.020041
v 0.004675 -0.001576 -0.020062
v 0.004674 -0.001229 -0.020067
v 0.004672 -0.000900 -0.020047
v 0.004666 -0.000629 -0.019985
v 0.004675 -0.000431 -0.019855
v 0.004668 -0.000238 -0.019710
v 0.004999 -0.001304 -0.019730
v 0.004893 -0.001336 -0.019957
v 0.004881 -0.000907 -0.019945
v 0.004979 -0.000866 -0.019715
v 0.004852 -0.000671 -0.019920
v 0.004900 -0.000545 -0.019738
v 0.004857 -0.000307 -0.019640
v 0.002959 -0.001160 -0.019345
v 0.003265 -0.001233 -0.019337
v 0.003739 -0.001497 -0.019343
v 0.003532 -0.001352 -0.019320
v 0.004079 -0.001882 -0.019337
v 0.004086 -0.001873 -0.010559
v 0.003909 -0.001663 -0.019320
v 0.004311 -0.002620 -0.019331
v 0.004269 -0.002324 -0.019322
v 0.004204 -0.002083 -0.019418
v 0.004185 -0.002070 -0.018960
v 0.004366 0.000024 -0.019508
v 0.004674 -0.000073 -0.019527
v 0.005032 -0.001060 -0.019392
v 0.005019 -0.000524 -0.019076
v 0.005027 0.000430 -0.017786
v 0.004901 -0.000193 -0.019407
v 0.004981 -0.000176 -0.019074
v 0.005017 -0.000174 -0.018726
v 0.005018 0.000182 -0.018353
v 0.002968 -0.001203 -0.010950
v 0.003531 -0.001371 -0.011572
v 0.003924 -0.001678 -0.012520
v 0.004344 -0.002621 -0.011876
v 0.003279 -0.001275 -0.009040
v 0.004303 -0.002321 -0.009200
v 0.004211 -0.002075 -0.009163
v 0.003734 -0.001510 -0.007762
v 0.003923 -0.001677 -0.007031
v 0.002982 -0.001254 -0.000967
v 0.003538 -0.001401 -0.000980
v 0.003288 -0.001308 -0.000979
v 0.003728 -0.001517 -0.000972
v 0.004093 -0.001866 -0.000974
v 0.003931 -0.001687 -0.000975
v 0.004396 -0.002645 -0.000961
v 0.004332 -0.002329 -0.000973
v 0.004228 -0.002075 -0.000983
v 0.002969 -0.001207 -0.000553
v 0.002973 -0.001083 -0.000298
v 0.003128 -0.000858 -0.000188
v 0.003905 -0.000600 -0.000233
v 0.003287 -0.001253 -0.000550
v 0.003316 -0.001119 -0.000289
v 0.003754 -0.001486 -0.000562
v 0.003815 -0.001424 -0.000337
v 0.003558 -0.001343 -0.000547
v 0.003673 -0.001211 -0.000266
v 0.003673 -0.000889 -0.000169
v 0.004120 -0.001835 -0.000563
v 0.004180 -0.001777 -0.000339
v 0.003958 -0.001640 -0.000552
v 0.004061 -0.001537 -0.000277
v 0.004028 -0.001221 -0.000161
v 0.004024 -0.000892 -0.000138
v 0.004435 -0.002631 -0.000557
v 0.004542 -0.002626 -0.000308
v 0.004376 -0.002308 -0.000553
v 0.004497 -0.002281 -0.000296
v 0.004272 -0.002031 -0.000548
v 0.004396 -0.001921 -0.000269
v 0.004378 -0.001570 -0.000162
v 0.004371 -0.001227 -0.000110
v 0.004369 -0.000892 -0.000129
v 0.004368 -0.000603 -0.000230
v 0.004364 -0.000117 -0.000626
v 0.004738 -0.002340 -0.000203
v 0.004701 -0.001925 -0.000181
v 0.004694 -0.001575 -0.000149
v 0.004692 -0.001228 -0.000138
v 0.004688 -0.000896 -0.000168
v 0.004692 -0.000419 -0.000419
v 0.004681 -0.000619 -0.000259
v 0.004691 -0.000059 -0.000760
v 0.004682 -0.000224 -0.000575
v 0.005133 -0.001150 -0.001249
v 0.005082 -0.001304 -0.000547
v 0.004942 -0.001389 -0.000278
v 0.005124 -0.001068 -0.000893
v 0.005098 -0.000780 -0.000855
v 0.005049 -0.000877 -0.000548
v 0.004927 -0.000903 -0.000299
v 0.005046 -0.000380 -0.000976
v 0.004951 -0.000537 -0.000543
v 0.004888 -0.000663 -0.000335
v 0.004951 -0.000183 -0.000883
v 0.004895 -0.000295 -0.000646
v 0.000584 0.002955 -0.003705
v 0.000490 0.003093 -0.016383
v 0.000334 0.003234 -0.016209
v 0.000209 0.003395 -0.015883
v 0.000132 0.003443 -0.015559
v 0.000112 0.003457 -0.015186
v 0.000593 0.003585 -0.015750
v 0.000367 0.003553 -0.015520
v 0.000308 0.003558 -0.014915
v 0.000391 0.004496 -0.014685
v 0.000313 0.004496 -0.014481
v 0.000270 0.004464 -0.014169
v 0.000363 0.004609 -0.014667
v 0.000202 0.004699 -0.014489
v 0.000102 0.004588 -0.014171
v 0.000177 0.004966 -0.014419
v 0.000542 0.003416 -0.015984
v 0.000624 0.003718 -0.015541
v 0.000504 0.003738 -0.015213
v 0.000462 0.003751 -0.014873
v 0.000443 0.003749 -0.014556
v 0.000667 0.003999 -0.015186
v 0.000557 0.004031 -0.014862
v 0.000506 0.004020 -0.014523
v 0.000491 0.004012 -0.014201
v 0.000706 0.004225 -0.015065
v 0.000581 0.004361 -0.014822
v 0.000456 0.004296 -0.014511
v 0.000415 0.004265 -0.014089
v 0.000574 0.004611 -0.014741
v 0.000536 0.004790 -0.014591
v 0.000526 0.004992 -0.014444
v 0.000743 0.005325 -0.014062
v 0.001638 0.003557 -0.015930
v 0.000871 0.003496 -0.015951
v 0.000905 0.003736 -0.015676
v 0.000960 0.004104 -0.015306
v 0.000893 0.004451 -0.014945
v 0.000889 0.004700 -0.014741
v 0.000875 0.005173 -0.014272
v 0.001247 0.003693 -0.015779
v 0.001233 0.004129 -0.015330
v 0.001236 0.004554 -0.014908
v 0.000920 0.004979 -0.014480
v 0.001217 0.005298 -0.014057
v 0.001487 0.004891 -0.014577
v 0.001315 0.005157 -0.014272
v 0.001565 0.005156 -0.014234
v 0.001699 0.005244 -0.014030
v 0.001916 0.004991 -0.014415
v 0.001903 0.005135 -0.014135
v 0.001861 0.004842 -0.014617
v 0.002268 0.004817 -0.014593
v 0.002236 0.004953 -0.014397
v 0.002240 0.005040 -0.014137
v 0.002624 0.004314 -0.015161
v 0.002543 0.004552 -0.014894
v 0.002615 0.004638 -0.014765
v 0.002609 0.004785 -0.014491
v 0.002882 0.004732 -0.014154
v 0.002466 0.004908 -0.014362
v 0.002499 0.004944 -0.014135
v 0.000257 0.004448 -0.013828
v 0.000082 0.004543 -0.013712
v 0.000168 0.005515 -0.013042
v 0.000723 0.005431 -0.013787
v 0.000708 0.005479 -0.013460
v 0.000516 0.005503 -0.013051
v 0.000863 0.005473 -0.013054
v 0.001217 0.005379 -0.013791
v 0.001206 0.005420 -0.013365
v 0.001708 0.005285 -0.013794
v 0.001521 0.005351 -0.013389
v 0.002158 0.005121 -0.013772
v 0.002003 0.005197 -0.013368
v 0.001789 0.005274 -0.013385
v 0.002256 0.005090 -0.013383
v 0.002720 0.004849 -0.013721
v 0.002512 0.004966 -0.013703
v 0.000086 0.003463 -0.005134
v 0.000286 0.003571 -0.005368
v 0.000246 0.004441 -0.006557
v 0.000177 0.005482 -0.007218
v 0.000422 0.003761 -0.005598
v 0.000470 0.004014 -0.005955
v 0.000399 0.004260 -0.006200
v 0.000531 0.005469 -0.006924
v 0.000876 0.005440 -0.006920
v 0.001229 0.005387 -0.006916
v 0.001531 0.005322 -0.006939
v 0.002009 0.005170 -0.006898
v 0.001754 0.005258 -0.006517
v 0.002259 0.005065 -0.006555
v 0.002738 0.004821 -0.006537
v 0.000259 0.004457 -0.006126
v 0.000303 0.004498 -0.005800
v 0.000065 0.004544 -0.006586
v 0.000090 0.004590 -0.006119
v 0.000194 0.004722 -0.005778
v 0.000175 0.005009 -0.005833
v 0.000440 0.004296 -0.005777
v 0.000533 0.004836 -0.005660
v 0.000888 0.005198 -0.005952
v 0.000525 0.005043 -0.005802
v 0.000699 0.005422 -0.006501
v 0.000751 0.005337 -0.006193
v 0.000807 0.005058 -0.005793
v 0.001113 0.005081 -0.005810
v 0.001222 0.005205 -0.005980
v 0.001215 0.005362 -0.006491
v 0.001408 0.005290 -0.006211
v 0.001560 0.005185 -0.006014
v 0.002092 0.004864 -0.005601
v 0.001742 0.005229 -0.006258
v 0.001913 0.005021 -0.005818
v 0.002235 0.005035 -0.006122
v 0.002247 0.004949 -0.005785
v 0.002559 0.004904 -0.006156
v 0.002690 0.004780 -0.005790
v 0.002504 0.004949 -0.006572
v 0.002487 0.004890 -0.005819
v 0.000176 0.003116 -0.003886
v 0.000117 0.003455 -0.004730
v 0.000201 0.003416 -0.004390
v 0.000301 0.003572 -0.005078
v 0.000331 0.003560 -0.004755
v 0.000357 0.003520 -0.004522
v 0.000382 0.004508 -0.005584
v 0.000356 0.004635 -0.005593
v 0.000293 0.003273 -0.004079
v 0.000486 0.003763 -0.005074
v 0.000581 0.003726 -0.004737
v 0.000576 0.003588 -0.004470
v 0.000537 0.004047 -0.005423
v 0.000652 0.004030 -0.005087
v 0.000699 0.003919 -0.004850
v 0.000570 0.004384 -0.005446
v 0.000695 0.004258 -0.005199
v 0.000569 0.004651 -0.005513
v 0.000845 0.003483 -0.004250
v 0.000902 0.003785 -0.004590
v 0.000943 0.004150 -0.004957
v 0.000889 0.004495 -0.005308
v 0.000883 0.004695 -0.005456
v 0.001152 0.003387 -0.004124
v 0.001231 0.003802 -0.004546
v 0.001250 0.004183 -0.004923
v 0.001268 0.004669 -0.005394
v 0.001630 0.004002 -0.004725
v 0.001597 0.004754 -0.005468
v 0.003167 0.003774 -0.004477
v 0.002405 0.004507 -0.005217
v 0.002273 0.004747 -0.005473
v 0.002459 0.004841 -0.005619
v 0.002609 0.004688 -0.005471
v 0.002893 0.004514 -0.005254
v 0.003943 0.002377 -0.017140
v 0.003948 0.001343 -0.018187
v 0.003992 0.002015 -0.017499
v 0.004060 0.002642 -0.016853
v 0.004365 0.000352 -0.019176
v 0.004367 0.000661 -0.018861
v 0.004365 0.000967 -0.018554
v 0.004366 0.001299 -0.018216
v 0.004400 0.001589 -0.017915
v 0.004345 0.002029 -0.017436
v 0.004342 0.002211 -0.017255
v 0.004347 0.002372 -0.017066
v 0.004328 0.002550 -0.016896
v 0.004667 0.000112 -0.019362
v 0.004674 0.000275 -0.019175
v 0.004667 0.000460 -0.019010
v 0.004674 0.000623 -0.018823
v 0.004667 0.000807 -0.018658
v 0.004673 0.000971 -0.018471
v 0.004665 0.001155 -0.018305
v 0.004671 0.001317 -0.018116
v 0.004662 0.001499 -0.017945
v 0.004666 0.001654 -0.017750
v 0.004660 0.001821 -0.017561
v 0.004676 0.001972 -0.017303
v 0.004785 0.002018 -0.016972
v 0.004575 0.002163 -0.017189
v 0.004624 0.002275 -0.016951
v 0.004537 0.002488 -0.016830
v 0.004856 0.000042 -0.019293
v 0.004900 0.000156 -0.019056
v 0.004980 0.000173 -0.018723
v 0.004855 0.000391 -0.018941
v 0.004899 0.000504 -0.018705
v 0.004978 0.000522 -0.018372
v 0.005012 0.000526 -0.018026
v 0.004854 0.000739 -0.018590
v 0.004897 0.000853 -0.018353
v 0.004973 0.000871 -0.018021
v 0.005005 0.000875 -0.017674
v 0.005015 0.000886 -0.017298
v 0.004851 0.001087 -0.018236
v 0.004890 0.001200 -0.017998
v 0.004960 0.001217 -0.017666
v 0.004987 0.001218 -0.017323
v 0.004990 0.001272 -0.016899
v 0.004842 0.001429 -0.017877
v 0.004875 0.001531 -0.017637
v 0.004935 0.001530 -0.017313
v 0.004955 0.001560 -0.016866
v 0.004828 0.001728 -0.017511
v 0.004858 0.001771 -0.017287
v 0.004890 0.001812 -0.016930
v 0.004328 0.002703 -0.016697
v 0.004847 0.002065 -0.016316
v 0.004763 0.002334 -0.015855
v 0.004572 0.002585 -0.016587
v 0.004646 0.002581 -0.016263
v 0.004660 0.002606 -0.015842
v 0.005107 0.000428 -0.002730
v 0.004912 0.001803 -0.016488
v 0.004892 0.002071 -0.004030
v 0.004815 0.002301 -0.004085
v 0.004706 0.002574 -0.004389
v 0.005013 0.001539 -0.003364
v 0.004951 0.001850 -0.003782
v 0.005061 0.001196 -0.003268
v 0.004346 0.002083 -0.002831
v 0.004435 0.002452 -0.003180
v 0.004346 0.002311 -0.003047
v 0.004338 0.002579 -0.003312
v 0.004897 0.002014 -0.003591
v 0.004894 0.001896 -0.003183
v 0.004694 0.002050 -0.002982
v 0.004780 0.002319 -0.003685
v 0.004716 0.002305 -0.003371
v 0.004597 0.002278 -0.003130
v 0.004688 0.002588 -0.004030
v 0.004656 0.002571 -0.003701
v 0.004570 0.002536 -0.003407
v 0.004550 0.002429 -0.003213
v 0.004983 0.001562 -0.002975
v 0.003990 0.000861 -0.001586
v 0.003898 0.002144 -0.002856
v 0.004357 0.000316 -0.001055
v 0.004357 0.000669 -0.001404
v 0.004356 0.001021 -0.001752
v 0.004356 0.001371 -0.002098
v 0.004378 0.001671 -0.002397
v 0.004690 0.000293 -0.001108
v 0.004681 0.000129 -0.000922
v 0.004689 0.000645 -0.001456
v 0.004681 0.000480 -0.001271
v 0.004688 0.000996 -0.001805
v 0.004680 0.000832 -0.001619
v 0.004684 0.001348 -0.002153
v 0.004677 0.001184 -0.001967
v 0.004677 0.001698 -0.002508
v 0.004672 0.001535 -0.002316
v 0.004671 0.001882 -0.002699
v 0.005092 0.000843 -0.002856
v 0.005079 0.000431 -0.002048
v 0.005037 0.000371 -0.001732
v 0.004948 0.000168 -0.001232
v 0.004893 0.000057 -0.000994
v 0.004945 0.000519 -0.001581
v 0.004891 0.000408 -0.001343
v 0.005053 0.001134 -0.002763
v 0.005019 0.001123 -0.002493
v 0.004940 0.000870 -0.001930
v 0.004888 0.000759 -0.001691
v 0.004929 0.001221 -0.002279
v 0.004882 0.001111 -0.002040
v 0.004909 0.001567 -0.002632
v 0.004870 0.001461 -0.002390
v 0.004853 0.001789 -0.002753
v 0.002858 0.003996 -0.015491
v 0.002971 0.004136 -0.015332
v 0.002972 0.004382 -0.015035
v 0.002920 0.004582 -0.014737
v 0.002922 0.004663 -0.014484
v 0.003277 0.003395 -0.016104
v 0.003343 0.003734 -0.015746
v 0.003301 0.004061 -0.015366
v 0.003268 0.004259 -0.015098
v 0.003252 0.004385 -0.014828
v 0.003526 0.004246 -0.014501
v 0.003327 0.004422 -0.014086
v 0.003124 0.004519 -0.014697
v 0.003145 0.004544 -0.014478
v 0.003154 0.004560 -0.014058
v 0.003684 0.003062 -0.016433
v 0.003649 0.003420 -0.016047
v 0.003645 0.003687 -0.015745
v 0.003617 0.003907 -0.015452
v 0.003607 0.004038 -0.015186
v 0.003859 0.003887 -0.014931
v 0.003689 0.004087 -0.014432
v 0.003481 0.004188 -0.015058
v 0.003504 0.004226 -0.014830
v 0.003992 0.003064 -0.016382
v 0.003991 0.003249 -0.016170
v 0.004005 0.003410 -0.015902
v 0.004297 0.003250 -0.015676
v 0.004133 0.003531 -0.015254
v 0.004171 0.003507 -0.014770
v 0.003883 0.003574 -0.015779
v 0.003922 0.003673 -0.015537
v 0.004033 0.003691 -0.014801
v 0.003820 0.003829 -0.015408
v 0.003847 0.003865 -0.015183
v 0.003869 0.003891 -0.014473
v 0.004313 0.002862 -0.016507
v 0.004318 0.003004 -0.016247
v 0.004554 0.002803 -0.016046
v 0.004560 0.002836 -0.015716
v 0.004441 0.003069 -0.015182
v 0.004211 0.003181 -0.016125
v 0.004254 0.003239 -0.015893
v 0.004317 0.003281 -0.015135
v 0.004496 0.002771 -0.016459
v 0.004524 0.002808 -0.016235
v 0.002950 0.004704 -0.013725
v 0.004333 0.003285 -0.005128
v 0.004590 0.002832 -0.004450
v 0.002968 0.004676 -0.006284
v 0.003354 0.004389 -0.005867
v 0.003154 0.004547 -0.006134
v 0.003535 0.004231 -0.005823
v 0.004217 0.003459 -0.004878
v 0.004479 0.003041 -0.004778
v 0.003153 0.004530 -0.005687
v 0.003723 0.004049 -0.005530
v 0.004055 0.003673 -0.005175
v 0.003890 0.003871 -0.005477
v 0.002988 0.004236 -0.004947
v 0.002921 0.004605 -0.005483
v 0.003601 0.002911 -0.003617
v 0.003314 0.003915 -0.004629
v 0.003464 0.004273 -0.005457
v 0.003251 0.004326 -0.005152
v 0.003291 0.004173 -0.004913
v 0.003140 0.004515 -0.005483
v 0.003127 0.004469 -0.005281
v 0.003741 0.003492 -0.004203
v 0.004015 0.003154 -0.003866
v 0.003646 0.003630 -0.004355
v 0.003864 0.003868 -0.005061
v 0.003602 0.003976 -0.004803
v 0.003635 0.003821 -0.004562
v 0.003495 0.004195 -0.005139
v 0.003477 0.004133 -0.004934
v 0.004011 0.002878 -0.003588
v 0.003984 0.003306 -0.004042
v 0.004158 0.003516 -0.004685
v 0.003947 0.003610 -0.004450
v 0.003976 0.003470 -0.004218
v 0.003850 0.003828 -0.004789
v 0.003826 0.003773 -0.004583
v 0.004442 0.003061 -0.004344
v 0.004559 0.002808 -0.003939
v 0.004311 0.002943 -0.003755
v 0.004340 0.002773 -0.003514
v 0.004217 0.003249 -0.004108
v 0.004193 0.003123 -0.003889
v 0.004157 0.003468 -0.004411
v 0.004137 0.003417 -0.004231
v 0.004523 0.002786 -0.003739
v 0.004497 0.002721 -0.003534
vn -0.9820 -0.0338 -0.1856
vn -0.7834 -0.2382 -0.5741
vn -0.9570 -0.2292 -0.1778
vn -0.7750 -0.5347 -0.3368
vn -0.4222 -0.6269 -0.6548
vn -0.4912 -0.8250 -0.2797
vn -0.5032 -0.3413 -0.7939
vn -0.3699 -0.0719 -0.9263
vn -0.7844 -0.0401 -0.6189
vn -0.2204 0.0469 -0.9743
vn -0.4881 -0.0095 -0.8727
vn -0.1762 -0.9349 -0.3080
vn -0.1314 -0.6731 -0.7277
vn -0.1299 -0.2485 -0.9599
vn 0.1260 0.0996 -0.9870
vn -0.3297 0.0176 -0.9439
vn 0.4827 0.0900 -0.8711
vn 0.7697 0.2835 -0.5720
vn 0.3213 0.1939 -0.9269
vn -0.0313 -0.9380 -0.3452
vn 0.0012 -0.6535 -0.7569
vn 0.0736 -0.1638 -0.9837
vn 0.2134 0.1565 -0.9643
vn -0.0266 0.0173 -0.9995
vn 0.4884 0.3550 -0.7971
vn 0.6426 0.3095 -0.7010
vn 0.8084 0.5226 -0.2708
vn 0.9119 0.3322 -0.2409
vn 0.9087 0.1670 -0.3826
vn 0.1638 -0.0083 -0.9865
vn 0.4341 0.4395 -0.7864
vn 0.5970 0.5198 -0.6111
vn 0.6393 0.7284 -0.2464
vn 0.0062 -0.8587 -0.5124
vn 0.0067 -0.9432 -0.3320
vn 0.2842 0.3341 -0.8987
vn 0.1102 -0.1756 -0.9783
vn 0.4428 0.6088 -0.6582
vn 0.3969 0.8659 -0.3045
vn 0.0273 -0.0127 -0.9995
vn 0.1576 0.8792 -0.4497
vn -0.9982 -0.0491 -0.0349
vn -0.9714 -0.2359 -0.0257
vn -0.9991 0.0015 -0.0420
vn -0.4548 -0.8905 -0.0129
vn -0.8104 -0.5858 -0.0132
vn -0.5068 -0.8579 -0.0842
vn -0.8246 -0.5567 -0.1006
vn -0.2078 -0.9737 -0.0929
vn -0.1995 -0.9796 -0.0240
vn -0.0353 -0.9943 -0.1010
vn -0.0511 -0.9985 -0.0221
vn 0.9136 0.4045 -0.0415
vn 0.9073 0.4202 0.0130
vn 0.8468 0.5311 -0.0304
vn 0.9946 0.0930 -0.0454
vn 0.9701 0.2425 -0.0135
vn 0.9965 0.0827 0.0100
vn 0.9664 0.2569 0.0117
vn 0.7425 0.6425 -0.1893
vn 0.6481 0.7609 -0.0313
vn 0.5357 0.8177 -0.2107
vn 0.3731 0.9265 -0.0488
vn 0.5183 0.8552 0.0109
vn 0.3591 0.9333 0.0085
vn 0.6464 0.7629 0.0127
vn 0.1751 0.9425 -0.2846
vn 0.1857 0.9811 -0.0552
vn -0.9717 -0.2360 -0.0106
vn -0.7954 -0.6060 -0.0093
vn -0.9977 -0.0665 -0.0116
vn -0.9805 -0.1961 -0.0101
vn -0.9998 -0.0164 -0.0151
vn 0.8312 0.5557 0.0144
vn 0.7414 0.6710 0.0132
vn 0.8385 0.5448 0.0136
vn 0.9684 0.2491 0.0122
vn 0.0280 -0.9996 -0.0054
vn 0.0136 -0.9997 -0.0220
vn 0.7525 0.6584 0.0130
vn 0.0519 -0.9986 -0.0040
vn 0.0316 -0.9986 -0.0427
vn 0.6343 0.7730 0.0122
vn 0.1648 0.9863 0.0083
vn 0.3436 0.9390 0.0107
vn -0.1566 -0.9876 -0.0076
vn 0.9970 0.0765 0.0117
vn 0.9075 0.4197 0.0139
vn 0.0425 -0.9991 -0.0033
vn 0.3247 0.9458 0.0092
vn -0.9633 -0.2683 -0.0111
vn -0.7748 -0.6322 -0.0093
vn -0.4238 -0.9057 -0.0087
vn -0.0150 -0.9999 -0.0062
vn 0.6262 0.7796 0.0119
vn 0.4738 0.8806 0.0107
vn 0.5020 0.8648 0.0104
vn 0.7325 0.6806 0.0133
vn 0.0397 -0.9992 -0.0058
vn -0.4212 -0.9056 -0.0486
vn -0.1248 -0.9920 -0.0191
vn 0.9980 0.0628 0.0119
vn 0.0466 -0.9989 -0.0071
vn 0.3012 0.9535 0.0082
vn 0.1255 0.9921 0.0071
vn -0.9577 -0.2873 -0.0146
vn -0.7733 -0.6330 -0.0364
vn -0.9961 -0.0886 -0.0045
vn -0.9998 -0.0191 0.0006
vn 0.9681 0.2429 0.0622
vn 0.9968 0.0553 0.0580
vn 0.0094 -0.9999 -0.0141
vn 0.8179 0.5728 0.0532
vn 0.8245 0.5657 0.0135
vn 0.9034 0.4244 0.0610
vn 0.6018 0.7967 0.0554
vn 0.7188 0.6932 0.0539
vn 0.4534 0.8895 0.0564
vn 0.2768 0.9598 0.0473
vn 0.0846 0.9956 0.0407
vn -0.8072 -0.5902 -0.0088
vn -0.9614 -0.2692 0.0562
vn -0.7438 -0.6253 0.2360
vn -0.9324 -0.2447 0.2660
vn -0.5956 -0.5241 0.6088
vn -0.6816 -0.1779 0.7098
vn -0.9950 -0.0669 0.0737
vn -0.9470 -0.0540 0.3165
vn -0.6701 -0.0413 0.7411
vn -0.8695 -0.0080 0.4939
vn -0.5061 -0.8623 -0.0150
vn -0.2112 -0.9767 0.0390
vn -0.5018 -0.8608 0.0856
vn -0.1740 -0.9602 0.2186
vn -0.3555 -0.8601 0.3658
vn -0.2120 -0.6166 0.7582
vn -0.2030 -0.1967 0.9592
vn -0.1448 0.0209 0.9892
vn -0.3689 0.0048 0.9295
vn -0.3622 -0.0098 0.9320
vn -0.3637 -0.0044 0.9315
vn -0.2271 -0.9712 -0.0720
vn -0.0729 -0.9959 -0.0529
vn -0.0163 -0.9997 0.0161
vn -0.0400 -0.8649 0.5004
vn -0.0039 -0.5664 0.8242
vn 0.0774 -0.1258 0.9890
vn 0.2236 0.1574 0.9619
vn 0.5182 0.2841 0.8067
vn 0.9367 0.2193 0.2731
vn 0.8811 0.1894 0.4333
vn 0.8534 0.4311 0.2930
vn 0.3679 0.0863 0.9259
vn 0.3495 0.0851 0.9331
vn 0.9653 0.0509 0.2561
vn 0.9149 0.0459 0.4012
vn 0.4425 0.0201 0.8966
vn 0.0378 -0.9809 0.1910
vn 0.0576 -0.9146 0.4002
vn 0.0909 -0.5346 0.8402
vn 0.2081 0.0135 0.9780
vn 0.4750 0.4209 0.7728
vn 0.7923 0.5727 0.2104
vn 0.6389 0.4723 0.6072
vn 0.6924 0.6756 0.2535
vn 0.0433 -0.9990 0.0088
vn 0.5922 0.7783 0.2087
vn 0.4891 0.5932 0.6394
vn 0.4473 0.8446 0.2942
vn 0.3101 0.3355 0.8895
vn 0.0371 -0.9993 0.0086
vn 0.2389 0.9362 0.2576
vn 0.2049 0.8811 0.4262
vn 0.0486 -0.0229 0.9986
vn 0.0303 -0.0161 0.9994
vn 0.0568 -0.9946 0.0868
vn 0.0081 -0.9954 0.0954
vn 0.0063 -0.9374 0.3482
vn 0.0199 -0.8409 0.5409
vn 0.0692 0.9730 0.2204
vn 0.0584 0.9285 0.3667
vn -0.9759 0.0615 -0.2096
vn -0.9485 -0.0081 -0.3166
vn -0.7094 0.3176 -0.6291
vn -0.8628 0.3201 -0.3914
vn -0.5311 0.0166 -0.8471
vn -0.2144 -0.0470 -0.9756
vn -0.3380 0.1424 -0.9303
vn -0.5123 0.0937 -0.8537
vn -0.3369 0.6111 -0.7162
vn -0.7311 0.4551 -0.5083
vn 0.4949 -0.0690 -0.8662
vn 0.7943 -0.2739 -0.5422
vn 0.3592 -0.1880 -0.9141
vn -0.3377 -0.0063 -0.9412
vn 0.1692 -0.1125 -0.9791
vn -0.0878 0.1690 -0.9817
vn -0.2959 0.4170 -0.8594
vn -0.1035 0.6069 -0.7880
vn 0.6627 -0.2822 -0.6937
vn 0.8964 -0.3528 -0.2683
vn 0.9496 -0.2645 -0.1681
vn 0.9156 -0.1379 -0.3776
vn 0.8152 -0.4910 -0.3071
vn 0.5512 -0.2918 -0.7817
vn 0.0408 -0.1189 -0.9921
vn 0.6533 -0.5505 -0.5198
vn 0.3522 -0.3167 -0.8807
vn 0.1244 -0.1039 -0.9868
vn -0.0560 0.0141 -0.9983
vn -0.0911 0.4234 -0.9014
vn 0.0104 0.1273 -0.9918
vn -0.0080 0.4034 -0.9150
vn -0.1052 0.6908 -0.7153
vn -0.0261 0.6047 -0.7960
vn 0.4158 -0.5391 -0.7324
vn 0.6503 -0.7036 -0.2863
vn 0.7636 -0.6195 -0.1821
vn 0.1953 -0.2497 -0.9484
vn 0.0729 0.0595 -0.9956
vn 0.5250 -0.8193 -0.2307
vn 0.4168 -0.6899 -0.5919
vn 0.3999 -0.8688 -0.2921
vn 0.2648 -0.5308 -0.8050
vn 0.0443 -0.0818 -0.9957
vn -0.0020 0.3499 -0.9368
vn 0.1611 -0.8793 -0.4481
vn 0.1840 -0.9427 -0.2785
vn 0.0658 -0.3604 -0.9305
vn -0.9995 0.0092 -0.0310
vn -0.9970 0.0618 -0.0469
vn -0.9794 0.1291 -0.1556
vn -0.9954 0.0546 -0.0787
vn -0.8628 0.3492 -0.3657
vn -0.9769 0.1445 -0.1572
vn -0.9950 0.0650 -0.0765
vn -0.3743 0.6509 -0.6605
vn 0.9975 -0.0699 0.0081
vn 0.9945 -0.0877 -0.0573
vn 0.9704 -0.2416 -0.0009
vn 0.9239 -0.3809 -0.0374
vn 0.9153 -0.4027 0.0086
vn 0.8541 -0.5187 -0.0383
vn 0.7799 -0.6249 -0.0355
vn 0.8346 -0.5509 0.0073
vn 0.6818 -0.7304 -0.0410
vn 0.6491 -0.7607 0.0035
vn 0.5304 -0.8472 -0.0325
vn 0.3758 -0.9255 -0.0477
vn 0.1901 -0.9803 -0.0529
vn 0.9953 -0.0959 0.0100
vn 0.9076 -0.4197 0.0096
vn 0.3419 -0.9397 -0.0007
vn 0.1573 -0.9875 -0.0036
vn -0.9999 0.0101 0.0032
vn 0.9600 -0.2800 0.0092
vn 0.8936 -0.4487 0.0079
vn 0.7430 -0.6693 0.0043
vn 0.6145 -0.7889 0.0028
vn 0.4848 -0.8747 0.0010
vn 0.2983 -0.9545 -0.0015
vn 0.1296 -0.9916 -0.0039
vn 0.1032 -0.9947 -0.0040
vn 0.9918 -0.1274 0.0098
vn 0.8818 -0.4715 0.0082
vn 0.7936 -0.6084 0.0070
vn 0.5897 -0.8077 0.0026
vn 0.6984 -0.7157 0.0045
vn 0.4518 -0.8921 0.0004
vn -0.9985 0.0380 0.0384
vn 0.9881 -0.1414 0.0611
vn 0.9464 -0.3155 0.0685
vn 0.9518 -0.3065 0.0089
vn 0.7645 -0.6410 0.0683
vn 0.6697 -0.7405 0.0563
vn 0.5508 -0.8335 0.0436
vn 0.4415 -0.8966 0.0345
vn 0.2555 -0.9651 0.0572
vn 0.0762 -0.9954 0.0573
vn -0.9983 0.0360 0.0464
vn -0.9947 0.0187 0.1014
vn -0.9399 0.0350 0.3397
vn -0.6735 0.0354 0.7383
vn -0.9782 0.1267 0.1644
vn -0.9159 0.1899 0.3537
vn -0.6638 0.1729 0.7276
vn -0.9969 0.0616 0.0487
vn -0.9792 0.1412 0.1457
vn -0.9290 0.2552 0.2682
vn -0.7509 0.4332 0.4985
vn -0.5759 0.4245 0.6987
vn -0.9797 0.1383 0.1455
vn -0.9300 0.2599 0.2599
vn -0.7518 0.4657 0.4669
vn -0.5943 0.5518 0.5851
vn -0.3920 -0.0233 0.9197
vn -0.1926 -0.0770 0.9783
vn -0.2576 0.0520 0.9649
vn -0.2560 0.2223 0.9408
vn -0.2492 0.6446 0.7227
vn -0.2081 0.4926 0.8450
vn -0.2486 0.6784 0.6913
vn 0.9556 -0.1280 0.2654
vn 0.6973 -0.0897 0.7112
vn 0.4177 -0.0392 0.9077
vn 0.9116 -0.2821 0.2991
vn 0.6322 -0.1698 0.7560
vn 0.8689 -0.4889 0.0772
vn 0.7995 -0.4993 0.3339
vn 0.2784 -0.0987 0.9554
vn 0.4534 -0.3118 0.8350
vn 0.1731 -0.1990 0.9646
vn 0.0295 -0.0334 0.9990
vn -0.0425 0.2243 0.9736
vn -0.0548 0.6429 0.7640
vn -0.0374 0.4789 0.8771
vn -0.0527 0.6952 0.7169
vn 0.6261 -0.7159 0.3091
vn 0.5629 -0.5004 0.6578
vn 0.3924 -0.4566 0.7985
vn 0.1310 -0.1718 0.9764
vn 0.0389 0.1839 0.9822
vn 0.4848 -0.8405 0.2419
vn 0.3471 -0.6459 0.6799
vn 0.1964 -0.2881 0.9372
vn 0.0743 0.0892 0.9932
vn 0.0052 0.4448 0.8956
vn 0.3079 -0.9063 0.2894
vn 0.3735 -0.7305 0.5717
vn 0.2214 -0.5535 0.8029
vn 0.0391 -0.0160 0.9991
vn 0.0704 -0.9495 0.3058
vn 0.0679 -0.8776 0.4746
vn 0.0073 -0.8897 -0.4565
vn 0.0113 -0.9453 -0.3260
vn 0.0039 -0.0275 -0.9996
vn 0.0055 -0.0197 -0.9998
vn 0.0055 0.9053 -0.4247
vn -0.1653 0.9441 -0.2850
vn 0.0053 0.9621 -0.2725
vn -0.0068 -0.8433 -0.5375
vn -0.0185 -0.0028 -0.9998
vn -0.0949 -0.2404 -0.9660
vn -0.4011 0.8646 -0.3025
vn -0.1514 0.8833 -0.4437
vn -0.4337 0.6111 -0.6621
vn -0.1670 -0.0153 -0.9858
vn -0.2628 0.3433 -0.9017
vn -0.6312 0.7332 -0.2528
vn -0.5898 0.5318 -0.6077
vn -0.7817 0.5606 -0.2733
vn -0.0247 -0.6776 -0.7350
vn -0.4354 0.4484 -0.7806
vn -0.1251 -0.1740 -0.9768
vn -0.2604 0.1655 -0.9512
vn -0.6493 0.3824 -0.6574
vn -0.8726 0.3281 -0.3618
vn -0.0476 -0.2650 -0.9631
vn -0.5215 0.3731 -0.7674
vn -0.1450 0.0186 -0.9893
vn -0.2862 0.1371 -0.9483
vn -0.6213 0.0678 -0.7806
vn -0.9212 0.0980 -0.3766
vn -0.0098 -0.3271 -0.9449
vn -0.0634 -0.0521 -0.9966
vn -0.1967 0.0614 -0.9786
vn -0.5215 0.2432 -0.8179
vn -0.0369 0.0009 -0.9993
vn -0.2537 0.0069 -0.9673
vn 0.0093 -0.9961 -0.0873
vn 0.0106 -0.9997 -0.0198
vn -0.0167 0.9999 0.0044
vn -0.1775 0.9806 -0.0833
vn 0.0041 0.9986 -0.0531
vn -0.1899 0.9818 -0.0042
vn 0.0050 -0.9946 -0.1034
vn 0.0049 -0.9997 -0.0244
vn -0.3710 0.9267 -0.0606
vn -0.5381 0.8414 -0.0496
vn -0.3938 0.9192 -0.0000
vn -0.6469 0.7615 -0.0393
vn -0.6718 0.7407 -0.0041
vn -0.5500 0.8352 -0.0013
vn -0.7459 0.6647 -0.0420
vn -0.7808 0.6247 -0.0084
vn -0.8449 0.5317 -0.0585
vn -0.9065 0.4090 -0.1049
vn -0.9595 0.2656 -0.0942
vn -0.9120 0.4101 -0.0106
vn -0.9691 0.2466 -0.0089
vn -0.9901 0.1068 -0.0910
vn -0.9970 0.0773 -0.0095
vn -0.0038 -1.0000 -0.0038
vn -0.0051 -1.0000 -0.0062
vn -0.0214 -0.9998 -0.0049
vn -0.2365 0.9716 0.0024
vn -0.0157 -0.9999 -0.0056
vn -0.8594 0.5112 -0.0083
vn -0.9318 0.3620 -0.0267
vn -0.9717 0.2351 -0.0208
vn -0.9856 0.1518 -0.0738
vn -0.9944 0.1028 -0.0227
vn -0.9530 0.3025 -0.0164
vn -0.9906 0.0986 -0.0944
vn 0.1478 0.9890 0.0078
vn -0.0409 0.9991 0.0070
vn -0.4372 0.8993 -0.0001
vn -0.8758 0.4824 -0.0169
vn -0.8914 0.4532 -0.0076
vn -0.0812 0.9967 0.0047
vn -0.2789 0.9603 0.0016
vn -0.5924 0.8057 -0.0028
vn -0.8007 0.5990 -0.0056
vn -0.9640 0.2657 -0.0095
vn -0.0141 -0.9999 -0.0075
vn 0.1065 0.9943 0.0060
vn -0.0311 -0.9995 -0.0058
vn -0.7174 0.6967 -0.0047
vn -0.8180 0.5729 0.0516
vn 0.0005 -0.9999 0.0105
vn -0.1190 0.9920 0.0428
vn -0.4803 0.8756 0.0510
vn -0.3044 0.9511 0.0525
vn -0.6242 0.7799 0.0458
vn -0.9091 0.4118 0.0632
vn -0.9710 0.2327 0.0548
vn -0.0096 -0.9999 0.0095
vn -0.0101 -0.8519 0.5235
vn -0.1139 0.9673 0.2267
vn 0.0039 0.0093 0.9999
vn -0.0335 -0.0093 0.9994
vn -0.0204 -0.0078 0.9998
vn -0.0952 0.9211 0.3776
vn -0.2739 0.9227 0.2714
vn -0.0581 -0.0163 0.9982
vn -0.0231 -0.9997 0.0096
vn -0.0067 -0.9947 0.1026
vn -0.0073 -0.9265 0.3763
vn -0.0753 -0.5472 0.8336
vn -0.2322 0.8614 0.4517
vn -0.4841 0.8168 0.3139
vn -0.3251 0.2995 0.8970
vn -0.6223 0.7472 0.2334
vn -0.5008 0.5502 0.6682
vn -0.1977 -0.0208 0.9800
vn -0.7395 0.6714 0.0490
vn -0.7122 0.6420 0.2840
vn -0.4682 0.3805 0.7975
vn -0.8441 0.4304 0.3197
vn -0.6216 0.4528 0.6392
vn -0.0363 -0.6447 0.7636
vn -0.1401 -0.1712 0.9752
vn -0.2930 0.1037 0.9505
vn -0.5465 0.2874 0.7866
vn -0.9299 0.1962 0.3110
vn -0.6743 0.1229 0.7282
vn -0.9552 0.0383 0.2935
vn -0.7179 0.0179 0.6959
vn -0.0470 -0.2763 0.9599
vn -0.1247 -0.0294 0.9918
vn -0.2305 0.0741 0.9703
vn -0.3404 0.0010 0.9403
vn -0.0424 -0.0605 0.9973
vn 0.0330 -0.0686 0.9971
vn -0.0025 -0.0151 0.9999
vn 0.0173 -0.9022 -0.4310
vn 0.0069 -0.9610 -0.2765
vn 0.0098 -0.4106 -0.9117
vn -0.0235 -0.1054 -0.9942
vn -0.1182 -0.8792 -0.4615
vn -0.1706 -0.9354 -0.3098
vn -0.2132 -0.5366 -0.8164
vn -0.3882 -0.8511 -0.3535
vn -0.0782 0.0187 -0.9968
vn -0.0574 -0.3664 -0.9287
vn -0.0165 0.3784 -0.9255
vn -0.4489 -0.7018 -0.5532
vn -0.4110 -0.5394 -0.7349
vn -0.5714 -0.7557 -0.3200
vn -0.2485 -0.3494 -0.9034
vn -0.5158 -0.8316 -0.2058
vn -0.7077 -0.6025 -0.3690
vn -0.5968 -0.2935 -0.7468
vn -0.8388 -0.4467 -0.3112
vn -0.4268 -0.3586 -0.8302
vn -0.1531 -0.1400 -0.9782
vn -0.0296 0.1462 -0.9888
vn -0.6260 -0.0480 -0.7783
vn -0.9256 -0.0651 -0.3729
vn -0.8884 -0.2882 -0.3573
vn -0.6775 -0.3436 -0.6503
vn -0.5350 -0.2265 -0.8139
vn -0.3109 -0.1308 -0.9414
vn -0.1665 -0.1220 -0.9785
vn -0.0579 -0.0054 -0.9983
vn 0.0636 0.6706 -0.7391
vn -0.0031 0.5810 -0.8139
vn -0.2037 -0.0575 -0.9773
vn -0.0046 0.0500 -0.9987
vn -0.0491 -0.0047 -0.9988
vn -0.0036 -0.9985 -0.0541
vn -0.0204 -0.9998 -0.0055
vn -0.1946 -0.9793 -0.0552
vn -0.3808 -0.9213 -0.0785
vn -0.5374 -0.8421 -0.0454
vn -0.3840 -0.9233 -0.0132
vn -0.6373 -0.7666 -0.0790
vn -0.6649 -0.7468 -0.0133
vn -0.7665 -0.6374 -0.0785
vn -0.7793 -0.6265 -0.0136
vn -0.8568 -0.5090 -0.0825
vn -0.9102 -0.4046 -0.0888
vn -0.9247 -0.3805 -0.0141
vn -0.8626 -0.5057 -0.0135
vn -0.9942 -0.0590 -0.0900
vn -0.9971 -0.0756 -0.0083
vn -0.9722 -0.2340 -0.0122
vn -0.9921 -0.0909 -0.0870
vn -0.9654 -0.2440 -0.0917
vn -0.2221 -0.9750 -0.0077
vn -0.9926 -0.1191 -0.0222
vn -0.9255 -0.3784 -0.0175
vn -0.9721 -0.2333 -0.0231
vn -0.9473 -0.3190 -0.0278
vn -0.9878 -0.1348 -0.0776
vn -0.8767 -0.4807 -0.0177
vn -0.0459 -0.9989 -0.0059
vn -0.5713 -0.8207 -0.0118
vn -0.4179 -0.9085 -0.0096
vn -0.6820 -0.7312 -0.0127
vn -0.8797 -0.4755 -0.0123
vn -0.2460 -0.9692 -0.0083
vn -0.0819 -0.9966 -0.0074
vn -0.2645 -0.9643 -0.0090
vn -0.4313 -0.9022 -0.0098
vn -0.9982 0.0593 -0.0108
vn -0.9910 -0.1331 -0.0114
vn -0.9505 -0.3106 -0.0122
vn -0.0971 -0.9933 0.0630
vn -0.4443 -0.8953 0.0304
vn -0.2829 -0.9579 0.0485
vn -0.5752 -0.8170 0.0393
vn -0.6969 -0.7171 -0.0131
vn -0.7822 -0.6230 -0.0129
vn -0.7918 -0.6106 -0.0131
vn -0.1004 -0.9458 0.3088
vn -0.0967 -0.8732 0.4776
vn -0.0356 -0.3557 0.9339
vn -0.0423 -0.0387 0.9984
vn -0.0229 0.4610 0.8871
vn -0.0103 0.6369 0.7709
vn -0.4535 -0.8672 0.2056
vn -0.3293 -0.8945 0.3025
vn -0.3948 -0.7052 0.5890
vn -0.2456 -0.5345 0.8087
vn -0.5164 -0.8175 0.2550
vn -0.3545 -0.6169 0.7027
vn -0.2136 -0.2839 0.9347
vn -0.0980 0.1106 0.9890
vn -0.7961 -0.6041 0.0370
vn -0.8786 -0.4767 0.0289
vn -0.8578 -0.4760 0.1942
vn -0.8053 -0.5380 0.2491
vn -0.7158 -0.4099 0.5654
vn -0.6260 -0.3690 0.6870
vn -0.6934 -0.7190 0.0467
vn -0.6612 -0.6764 0.3244
vn -0.4332 -0.4288 0.7927
vn -0.1603 -0.1396 0.9772
vn -0.9895 -0.1335 0.0549
vn -0.9973 0.0498 0.0548
vn -0.9482 -0.1278 0.2907
vn -0.7061 -0.0883 0.7026
vn -0.9471 -0.3182 0.0411
vn -0.8935 -0.3473 0.2847
vn -0.6107 -0.2740 0.7430
vn -0.3804 -0.1829 0.9066
vn -0.2274 -0.1700 0.9588
vn -0.0995 0.0192 0.9949
vn -0.0337 0.2369 0.9710
vn -0.2642 -0.0810 0.9611
vn -0.1611 -0.0678 0.9846
vn -0.0842 -0.0388 0.9957
vn -0.0299 0.0701 0.9971
vn -0.0556 -0.0247 0.9981
vn -0.0045 0.0082 1.0000
vn 0.0407 0.0607 0.9973
vn 0.0076 0.2493 0.9684
vn -0.7272 0.4835 -0.4872
vn -0.8575 0.3543 -0.3731
vn -0.9779 0.1404 -0.1546
vn -0.9965 0.0401 -0.0728
vn -0.7229 0.4890 -0.4882
vn -0.8532 0.3608 -0.3767
vn -0.9764 0.1462 -0.1592
vn -0.9961 0.0527 -0.0710
vn -0.7168 0.4975 -0.4886
vn -0.8502 0.3714 -0.3731
vn -0.9723 0.1645 -0.1660
vn -0.9950 0.0804 -0.0594
vn -0.7229 0.5012 -0.4756
vn -0.8496 0.3959 -0.3485
vn -0.9710 0.1861 -0.1504
vn -0.9907 0.1267 -0.0491
vn -0.7122 0.5714 -0.4078
vn -0.8442 0.4554 -0.2827
vn -0.9527 0.2664 -0.1460
vn -0.9658 0.2489 -0.0726
vn -0.3394 0.6661 -0.6642
vn -0.3324 0.6699 -0.6639
vn -0.3282 0.6732 -0.6626
vn -0.3665 0.6835 -0.6313
vn -0.3672 0.7158 -0.5940
vn -0.7845 0.5329 -0.3170
vn -0.8734 0.4412 -0.2064
vn -0.4672 0.6956 -0.5459
vn -0.6083 0.6409 -0.4682
vn -0.5332 0.6498 -0.5417
vn -0.7135 0.5641 -0.4155
vn -0.0935 0.7063 -0.7017
vn -0.2985 0.6938 -0.6554
vn -0.1017 0.7163 -0.6904
vn -0.1513 0.7260 -0.6709
vn -0.2367 0.7109 -0.6623
vn -0.2374 0.7139 -0.6588
vn -0.6085 0.6246 -0.4895
vn -0.0225 0.6909 -0.7226
vn -0.0384 0.7152 -0.6979
vn -0.0702 0.7147 -0.6959
vn -0.2703 0.7380 -0.6183
vn -0.0197 0.7142 -0.6997
vn -0.1004 0.7294 -0.6767
vn -0.0058 0.7175 -0.6966
vn -0.9886 0.1498 -0.0176
vn -0.9767 0.2136 -0.0194
vn -0.9571 0.2872 -0.0371
vn -0.9263 0.3606 -0.1096
vn -0.8885 0.4140 -0.1978
vn -0.9345 0.3490 -0.0699
vn -0.7101 0.6146 -0.3437
vn -0.9002 0.4072 -0.1544
vn -0.9202 0.3898 -0.0357
vn -0.9997 0.0232 -0.0001
vn -0.9872 0.1594 -0.0111
vn -0.9756 0.2194 -0.0104
vn -0.9590 0.2831 -0.0099
vn -0.9409 0.3387 -0.0103
vn -0.9229 0.3850 -0.0093
vn -0.9830 0.1836 0.0064
vn -0.9646 0.2612 0.0364
vn -0.9439 0.3297 0.0211
vn -0.9313 0.3642 0.0036
vn -0.9130 0.4080 0.0055
vn -0.9370 0.2938 0.1888
vn -0.9914 0.1303 0.0159
vn -0.9759 0.1922 0.1037
vn -0.9391 0.3168 0.1330
vn -0.9712 0.2273 0.0710
vn -0.7531 0.5516 0.3586
vn -0.8032 0.5433 0.2445
vn -0.9134 0.3942 0.1016
vn -0.8966 0.4390 0.0575
vn -0.8049 0.5476 0.2287
vn -0.4002 0.7237 0.5622
vn -0.3154 0.7246 0.6128
vn -0.8550 0.5022 0.1292
vn -0.6253 0.6647 0.4088
vn -0.1705 0.7279 0.6641
vn -0.5023 0.7020 0.5049
vn -0.0913 0.7115 0.6967
vn -0.2121 0.7357 0.6433
vn -0.0369 0.7112 0.7021
vn -0.0690 0.7164 0.6942
vn -0.0197 0.7037 0.7102
vn -0.9815 0.1384 0.1320
vn -0.9302 0.2602 0.2591
vn -0.7533 0.4656 0.4644
vn -0.5953 0.5624 0.5739
vn -0.9814 0.1428 0.1282
vn -0.9987 0.0270 0.0427
vn -0.9309 0.2622 0.2544
vn -0.7552 0.4656 0.4613
vn -0.5975 0.5616 0.5724
vn -0.9799 0.1613 0.1173
vn -0.9970 0.0675 0.0377
vn -0.9310 0.2709 0.2445
vn -0.7581 0.4685 0.4537
vn -0.6006 0.5619 0.5689
vn -0.9330 0.2819 0.2236
vn -0.9964 0.0787 0.0319
vn -0.7645 0.4722 0.4389
vn -0.6068 0.5628 0.5614
vn -0.7779 0.4746 0.4118
vn -0.6173 0.5660 0.5465
vn -0.6527 0.5612 0.5089
vn -0.2531 0.6791 0.6890
vn -0.2547 0.6786 0.6889
vn -0.2598 0.6786 0.6870
vn -0.2681 0.6791 0.6833
vn -0.3089 0.6746 0.6704
vn -0.2552 0.7034 0.6634
vn -0.0947 0.6998 0.7081
vn -0.0683 0.7022 0.7087
vn -0.0736 0.7023 0.7081
vn -0.0711 0.7015 0.7091
vn -0.7774 0.5914 -0.2142
vn -0.8708 0.4862 -0.0733
vn -0.8958 0.4433 -0.0322
vn -0.4130 0.7455 -0.5231
vn -0.7857 0.5994 -0.1527
vn -0.5269 0.7284 -0.4380
vn -0.6776 0.6861 -0.2648
vn -0.8595 0.5068 -0.0665
vn -0.7983 0.5872 -0.1343
vn -0.8375 0.5453 -0.0342
vn -0.1939 0.7445 -0.6388
vn -0.4232 0.7702 -0.4772
vn -0.6793 0.6897 -0.2508
vn -0.7640 0.6355 -0.1114
vn -0.4147 0.7510 -0.5139
vn -0.5490 0.7540 -0.3607
vn -0.8180 0.5748 -0.0199
vn -0.7768 0.6288 -0.0336
vn -0.6517 0.7324 -0.1969
vn -0.6975 0.7106 -0.0924
vn -0.7513 0.6598 -0.0125
vn -0.1028 0.7464 -0.6575
vn -0.2597 0.7719 -0.5802
vn -0.1924 0.7590 -0.6220
vn -0.3425 0.7949 -0.5007
vn -0.7063 0.7074 -0.0281
vn -0.4777 0.8070 -0.3472
vn -0.5864 0.7878 -0.1886
vn -0.6332 0.7704 -0.0752
vn -0.6773 0.7356 -0.0118
vn -0.0269 0.7200 -0.6935
vn -0.1005 0.7494 -0.6544
vn -0.2088 0.7821 -0.5871
vn -0.3145 0.8161 -0.4848
vn -0.4406 0.8394 -0.3181
vn -0.5334 0.8346 -0.1378
vn -0.6385 0.7694 -0.0197
vn -0.5862 0.8094 -0.0352
vn -0.0617 0.7359 -0.6742
vn -0.1099 0.7691 -0.6296
vn -0.1929 0.8095 -0.5545
vn -0.3742 0.8919 -0.2540
vn -0.9000 0.4359 -0.0085
vn -0.7851 0.6193 -0.0064
vn -0.8722 0.4890 -0.0080
vn -0.8448 0.5351 -0.0076
vn -0.8152 0.5792 -0.0066
vn -0.5738 0.8183 0.0339
vn -0.6287 0.7776 0.0119
vn -0.5307 0.8470 -0.0323
vn -0.8839 0.4667 0.0304
vn -0.8640 0.5035 0.0045
vn -0.8288 0.5590 0.0264
vn -0.8042 0.5943 0.0097
vn -0.7605 0.6489 0.0248
vn -0.7368 0.6760 0.0120
vn -0.6678 0.7443 0.0070
vn -0.6202 0.7807 0.0769
vn -0.5368 0.8378 0.0993
vn -0.4665 0.8792 0.0968
vn -0.8488 0.5205 0.0935
vn -0.7443 0.6287 0.2254
vn -0.8117 0.5771 0.0901
vn -0.7377 0.6378 0.2214
vn -0.4855 0.7487 0.4514
vn -0.3090 0.7544 0.5792
vn -0.6067 0.7198 0.3372
vn -0.4671 0.7282 0.5015
vn -0.6979 0.6914 0.1868
vn -0.1419 0.7393 0.6582
vn -0.2247 0.7509 0.6210
vn -0.7481 0.6574 0.0902
vn -0.3789 0.7790 0.4996
vn -0.6761 0.7301 0.0991
vn -0.6351 0.7541 0.1673
vn -0.1030 0.7343 0.6710
vn -0.1822 0.7641 0.6189
vn -0.5124 0.7754 0.3690
vn -0.6946 0.7190 0.0226
vn -0.4699 0.8087 0.3539
vn -0.2952 0.8052 0.5143
vn -0.5876 0.7971 0.1395
vn -0.4794 0.8008 0.3590
vn -0.1802 0.7734 0.6077
vn -0.0588 0.7431 0.6666
vn -0.4515 0.8405 0.2994
vn -0.2769 0.8167 0.5062
vn -0.4546 0.8408 0.2940
vn -0.2237 0.8273 0.5153
vn -0.0828 0.7432 0.6639
vn -0.1319 0.7785 0.6136
vn -0.3857 0.8982 0.2108
vn -0.2734 0.8747 0.4002
vn -0.0432 0.7350 -0.6767
vn -0.2580 0.8688 -0.4225
vn -0.1025 0.7727 -0.6265
vn -0.0547 0.8541 -0.5172
vn -0.4626 0.8780 -0.1232
vn -0.3327 0.8689 -0.3664
vn -0.3692 0.9081 -0.1975
vn -0.3228 0.8543 -0.4073
vn -0.1679 0.8916 -0.4205
vn -0.0689 0.7981 -0.5986
vn -0.1262 0.7552 -0.6432
vn 0.0123 0.7136 -0.7004
vn 0.0009 0.7145 -0.6996
vn -0.0057 0.7623 -0.6472
vn -0.2223 0.9126 -0.3430
vn -0.2728 0.8935 -0.3567
vn 0.0654 0.7239 -0.6868
vn 0.0373 0.6943 -0.7187
vn 0.0986 0.7021 -0.7052
vn 0.2091 0.7444 -0.6341
vn 0.0273 0.7362 -0.6762
vn 0.2964 0.6745 -0.6761
vn 0.2604 0.6599 -0.7048
vn 0.0542 0.6750 -0.7358
vn -0.0744 0.8868 -0.4561
vn 0.0956 0.7676 -0.6337
vn 0.0580 0.8315 -0.5525
vn 0.0305 0.7662 -0.6418
vn 0.2286 0.8524 -0.4703
vn 0.7504 0.6350 -0.1836
vn 0.4095 0.8804 -0.2390
vn 0.5083 0.7540 -0.4162
vn 0.5939 0.8042 -0.0249
vn 0.5392 0.8388 -0.0746
vn 0.5514 0.6665 -0.5017
vn 0.7390 0.5143 -0.4352
vn 0.8547 0.5088 -0.1030
vn 0.9478 0.2103 -0.2396
vn 0.8968 0.4417 -0.0253
vn 0.9991 -0.0366 -0.0228
vn 0.9929 0.0488 -0.1082
vn 0.6464 0.4648 -0.6051
vn 0.2817 0.6385 -0.7162
vn 0.9186 -0.1719 -0.3559
vn 0.8836 -0.4127 -0.2212
vn 0.1670 0.5906 -0.7895
vn 0.3881 0.4513 -0.8035
vn 0.2718 0.4155 -0.8680
vn 0.1189 0.6221 -0.7739
vn 0.0605 0.9394 -0.3376
vn 0.1340 0.9831 -0.1249
vn 0.1727 0.9847 -0.0246
vn 0.8164 -0.4775 -0.3248
vn 0.7744 -0.5677 -0.2792
vn 0.8760 -0.4793 -0.0534
vn 0.6394 -0.7612 -0.1084
vn 0.3869 0.1325 -0.9126
vn 0.8491 -0.3694 -0.3775
vn 0.2238 0.5807 -0.7828
vn 0.3478 0.4341 -0.8310
vn 0.2793 -0.9384 -0.2034
vn 0.7538 -0.5158 -0.4071
vn 0.1589 0.3797 -0.9114
vn 0.0239 0.4315 -0.9018
vn -0.0157 0.8732 -0.4870
vn -0.0219 0.7391 -0.6732
vn -0.4486 0.8925 -0.0480
vn -0.3562 0.9284 -0.1059
vn -0.4446 0.8947 0.0438
vn -0.4075 0.9131 -0.0156
vn -0.3648 0.9308 -0.0210
vn -0.2837 0.9475 -0.1476
vn -0.3075 0.9512 -0.0259
vn -0.2327 0.9719 -0.0341
vn -0.1377 0.9713 -0.1939
vn -0.1713 0.9839 -0.0506
vn -0.0720 0.9659 -0.2488
vn 0.9074 0.4203 0.0020
vn 0.9982 -0.0592 0.0025
vn 0.5832 -0.8122 -0.0113
vn 0.1845 -0.9824 -0.0289
vn -0.0888 0.9916 -0.0944
vn 0.0006 0.9597 -0.2811
vn -0.0622 0.9979 -0.0168
vn -0.0046 0.9949 -0.1010
vn -0.5083 0.8612 -0.0037
vn -0.4959 0.8681 0.0227
vn -0.3971 0.9177 0.0135
vn -0.3528 0.9356 0.0143
vn -0.3022 0.9530 0.0220
vn -0.2285 0.9733 0.0210
vn -0.1699 0.9847 0.0385
vn -0.1209 0.9926 -0.0075
vn 0.5877 0.8087 0.0266
vn 0.9003 0.4349 0.0189
vn -0.0609 0.9967 0.0545
vn -0.1069 0.9931 0.0473
vn 0.1591 0.9871 0.0180
vn 0.5882 -0.8083 0.0256
vn 0.1785 -0.9832 0.0389
vn -0.0250 0.9995 -0.0168
vn -0.5356 0.8443 0.0168
vn -0.3679 0.9157 0.1618
vn -0.3458 0.8824 0.3189
vn -0.3434 0.8711 0.3510
vn -0.3475 0.9352 0.0682
vn -0.1652 0.8294 0.5338
vn -0.2092 0.8946 0.3949
vn -0.1582 0.8671 0.4724
vn -0.0833 0.7793 0.6211
vn -0.2488 0.9625 0.1078
vn -0.0627 0.8467 0.5284
vn -0.0229 0.7368 0.6757
vn -0.2438 0.9329 0.2650
vn -0.1263 0.9421 0.3107
vn -0.1027 0.9804 0.1681
vn -0.0014 0.7977 0.6031
vn -0.0467 0.9204 0.3883
vn 0.8771 -0.4773 0.0536
vn 0.9991 -0.0349 0.0243
vn 0.9038 -0.3891 0.1783
vn 0.1313 0.5898 0.7968
vn 0.0407 0.6903 0.7224
vn 0.2723 0.5314 0.8022
vn -0.0224 0.9815 0.1900
vn 0.6331 -0.7657 0.1136
vn 0.7703 -0.5778 0.2696
vn 0.2663 -0.9400 0.2135
vn 0.0215 0.3996 0.9164
vn 0.1776 0.3074 0.9349
vn -0.0026 0.9097 0.4152
vn -0.0261 0.7497 0.6613
vn -0.1990 0.8380 0.5080
vn -0.0371 0.7148 0.6984
vn 0.0112 0.7072 0.7069
vn 0.0934 0.7260 0.6813
vn 0.0897 0.7494 0.6560
vn 0.1418 0.6848 0.7148
vn 0.0751 0.6731 0.7357
vn 0.1926 0.7582 0.6229
vn 0.1372 0.7749 0.6170
vn 0.3594 0.6414 0.6778
vn 0.2928 0.7521 0.5904
vn 0.3314 0.6025 0.7260
vn 0.2155 0.5733 0.7905
vn 0.1025 0.8328 0.5440
vn 0.0122 0.7626 0.6468
vn 0.7727 0.6144 0.1597
vn 0.8614 0.4963 0.1077
vn 0.4226 0.8834 0.2024
vn 0.5376 0.8408 0.0635
vn 0.2574 0.8653 0.4300
vn 0.5400 0.7478 0.3862
vn 0.9979 0.0179 0.0622
vn 0.7670 0.4833 0.4221
vn 0.9501 0.1698 0.2615
vn 0.6850 0.4137 0.5997
vn 0.9273 0.0382 0.3724
vn 0.3176 0.3544 0.8795
vn 0.0709 0.6452 0.7607
vn 0.4507 0.3913 0.8024
vn 0.1145 0.9885 0.0986
vn 0.0447 0.9503 0.3080
vn 0.8179 -0.4841 0.3111
vn 0.8398 -0.4038 0.3628
vn 0.7449 -0.5354 0.3982
vn 0.4024 0.3483 0.8466
vn 0.4406 0.0554 0.8960
vn 0.0327 -0.6947 -0.7186
vn 0.0168 -0.0091 -0.9998
vn -0.0013 -0.1016 -0.9948
vn 0.0420 -0.3057 -0.9512
vn 0.0482 -0.0637 -0.9968
vn 0.1589 -0.0283 -0.9869
vn 0.2851 0.0524 -0.9571
vn 0.0905 0.0081 -0.9959
vn 0.1050 -0.2210 -0.9696
vn 0.2251 0.0995 -0.9692
vn 0.6505 0.1767 -0.7386
vn 0.8002 0.4925 -0.3422
vn 0.4697 0.2954 -0.8319
vn 0.7223 0.0763 -0.6874
vn 0.9099 0.2857 -0.3007
vn 0.1177 -0.0831 -0.9896
vn 0.3790 0.3677 -0.8492
vn 0.5484 0.4768 -0.6869
vn 0.6125 0.7200 -0.3262
vn 0.2167 0.1198 -0.9689
vn 0.0858 -0.2709 -0.9588
vn 0.3634 0.5493 -0.7525
vn 0.3793 0.7247 -0.5753
vn 0.0044 -0.9441 -0.3296
vn 0.0167 -0.9033 -0.4286
vn 0.0104 -0.9565 -0.2914
vn 0.0405 -0.1025 -0.9939
vn 0.2693 0.7697 -0.5788
vn 0.0312 -0.0518 -0.9982
vn 0.0144 -0.0543 -0.9984
vn 0.0863 0.9451 -0.3151
vn 0.3322 0.8770 -0.3471
vn 0.0308 -0.9991 -0.0279
vn 0.0092 -0.9948 -0.1011
vn 0.8627 0.5017 -0.0640
vn 0.9559 0.1300 -0.2635
vn 0.9440 0.3247 -0.0578
vn 0.7251 0.6349 -0.2666
vn 0.6596 0.7492 -0.0595
vn 0.7636 0.6432 -0.0563
vn 0.6743 0.7385 -0.0002
vn 0.7751 0.6319 -0.0008
vn 0.8753 0.4836 -0.0018
vn 0.5470 0.8355 -0.0533
vn 0.5681 0.8229 0.0011
vn 0.4536 0.8568 -0.2453
vn 0.2672 0.9621 -0.0542
vn 0.4268 0.9043 0.0022
vn 0.2544 0.9671 0.0016
vn 0.0818 0.9946 -0.0635
vn 0.9537 0.3007 -0.0025
vn 0.9931 0.1175 -0.0043
vn 0.9884 0.1438 -0.0489
vn 0.6803 0.7329 -0.0002
vn 0.4469 0.8946 0.0024
vn 0.2632 0.9647 0.0031
vn 0.0785 0.9969 0.0023
vn 0.8100 0.5840 0.0539
vn 0.7137 0.7005 0.0010
vn 0.8952 0.4457 0.0038
vn 0.0194 -0.9998 -0.0034
vn 0.0192 -0.9998 -0.0049
vn 0.0131 -0.9999 -0.0051
vn 0.9645 0.2567 0.0621
vn 0.0365 -0.9993 -0.0043
vn 0.2888 0.9556 0.0585
vn 0.0872 0.9962 0.0044
vn 0.9947 0.0855 0.0570
vn 0.7127 0.6986 0.0635
vn 0.0418 -0.9991 0.0100
vn 0.0171 -0.9998 0.0111
vn 0.6205 0.7816 0.0635
vn 0.4643 0.8829 0.0702
vn 0.0353 -0.9993 0.0074
vn 0.0384 -0.6656 0.7453
vn 0.0453 -0.2861 0.9571
vn 0.0257 -0.9323 0.3609
vn 0.0669 -0.0151 0.9976
vn 0.0296 -0.9952 0.0931
vn 0.1190 -0.0317 0.9924
vn 0.2198 0.0745 0.9727
vn 0.3302 0.0044 0.9439
vn 0.2834 0.1012 0.9536
vn 0.1357 -0.1899 0.9724
vn 0.5296 0.2949 0.7953
vn 0.9221 0.2202 0.3182
vn 0.8911 0.4443 0.0921
vn 0.6742 0.1307 0.7269
vn 0.8295 0.4398 0.3444
vn 0.9532 0.0626 0.2957
vn 0.7187 0.0399 0.6942
vn 0.1987 -0.0449 0.9790
vn 0.1131 -0.2777 0.9540
vn 0.4471 0.3813 0.8091
vn 0.7010 0.6454 0.3033
vn 0.6081 0.4540 0.6512
vn 0.3040 0.2803 0.9105
vn 0.0790 -0.1031 0.9915
vn 0.4839 0.8106 0.3299
vn 0.4882 0.5381 0.6871
vn 0.0212 -0.9441 0.3290
vn 0.0299 -0.8364 0.5473
vn 0.2546 0.9214 0.2937
vn 0.2099 0.8529 0.4780
vn 0.0075 -0.9974 0.0710
vn 0.1006 0.9620 0.2539
vn 0.0819 0.9094 0.4078
vn 0.0199 0.0222 0.9996
vn -0.0106 -0.0113 0.9999
vn 0.0087 0.0091 -0.9999
vn 0.0161 0.3615 -0.9323
vn 0.0445 -0.0073 -0.9990
vn 0.0511 0.0163 -0.9986
vn 0.0431 0.1346 -0.9900
vn 0.3128 -0.0331 -0.9492
vn 0.1661 -0.0738 -0.9833
vn 0.7374 -0.0263 -0.6749
vn 0.9657 -0.0508 -0.2545
vn 0.9366 -0.2207 -0.2723
vn 0.6881 -0.1450 -0.7110
vn 0.8530 -0.4311 -0.2943
vn 0.5387 -0.2908 -0.7907
vn 0.2760 -0.1951 -0.9411
vn 0.1428 -0.0830 -0.9863
vn 0.6355 -0.4710 -0.6118
vn 0.7922 -0.5741 -0.2069
vn 0.6907 -0.6783 -0.2505
vn 0.4689 -0.4534 -0.7580
vn 0.2096 -0.2191 -0.9529
vn 0.0839 0.0361 -0.9958
vn 0.4822 -0.6231 -0.6159
vn 0.5880 -0.7829 -0.2033
vn 0.4443 -0.8476 -0.2899
vn 0.2939 -0.5105 -0.8081
vn 0.0578 -0.1072 -0.9926
vn 0.0006 0.5589 -0.8292
vn 0.2034 -0.8785 -0.4324
vn 0.2361 -0.9349 -0.2650
vn 0.0951 -0.3615 -0.9275
vn 0.0001 0.2762 -0.9611
vn 0.0582 -0.9182 -0.3919
vn 0.0654 -0.9680 -0.2423
vn 0.0290 -0.4342 -0.9003
vn -0.0135 -0.1513 -0.9884
vn 0.0067 0.7098 -0.7044
vn 0.9971 -0.0574 -0.0508
vn 0.9667 -0.2509 -0.0512
vn 0.9009 -0.4305 -0.0552
vn 0.8128 -0.5804 -0.0495
vn 0.7135 -0.6990 -0.0480
vn 0.5953 -0.8022 -0.0454
vn 0.4445 -0.8943 -0.0524
vn 0.2650 -0.9629 -0.0517
vn 0.0729 -0.9962 -0.0467
vn 0.9973 -0.0729 -0.0053
vn 0.2817 -0.9575 0.0626
vn 0.0882 -0.9961 -0.0059
vn 0.9632 -0.2685 -0.0060
vn 0.8875 -0.4587 0.0445
vn 0.8119 -0.5824 0.0413
vn 0.6144 -0.7864 0.0639
vn 0.9938 -0.0992 0.0507
vn 0.1084 -0.9926 0.0554
vn 0.7151 -0.6973 0.0483
vn 0.0004 0.4698 0.8828
vn 0.0226 -0.0054 0.9997
vn 0.2336 -0.0814 0.9689
vn 0.1080 -0.0490 0.9929
vn 0.9516 -0.1079 0.2878
vn 0.7189 -0.0772 0.6909
vn 0.9033 -0.3338 0.2696
vn 0.9520 -0.3003 0.0591
vn 0.6255 -0.2525 0.7383
vn 0.4000 -0.2038 0.8936
vn 0.2397 -0.1757 0.9548
vn 0.0910 -0.0166 0.9957
vn 0.0546 0.1741 0.9832
vn 0.8212 -0.5223 0.2299
vn 0.7356 -0.4004 0.5464
vn 0.6519 -0.3751 0.6591
vn 0.6924 -0.6531 0.3066
vn 0.4795 -0.4315 0.7641
vn 0.2257 -0.1884 0.9558
vn 0.0165 0.4283 0.9035
vn -0.0058 0.6227 0.7825
vn 0.4734 -0.8137 0.3374
vn 0.4868 -0.5762 0.6565
vn 0.4593 -0.8858 0.0666
vn 0.3192 -0.4787 0.8179
vn 0.0913 0.0073 0.9958
vn 0.2495 -0.9161 0.3140
vn 0.2028 -0.8440 0.4965
vn 0.0837 -0.3376 0.9376
vn 0.0272 -0.0804 0.9964
vn 0.0986 -0.9526 0.2877
vn 0.0781 -0.8885 0.4521
vn -0.1242 0.9455 -0.3009
vn 0.0570 0.8820 -0.4678
vn 0.0168 -0.8828 -0.4694
vn -0.0194 -0.0215 -0.9996
vn -0.0855 -0.2834 -0.9552
vn -0.3665 0.8782 -0.3073
vn -0.1260 0.8811 -0.4558
vn -0.3877 0.6222 -0.6801
vn -0.1812 0.2864 -0.9408
vn -0.3665 0.6810 -0.6340
vn -0.5154 0.8054 -0.2929
vn 0.0703 -0.9514 -0.2997
vn 0.0584 -0.8970 -0.4382
vn -0.0711 -0.3495 -0.9342
vn 0.0156 -0.4388 -0.8985
vn -0.1882 0.2317 -0.9544
vn -0.0830 -0.1347 -0.9874
vn -0.6535 0.6598 -0.3711
vn -0.4111 0.7605 -0.5026
vn -0.5771 0.3126 -0.7545
vn -0.8043 0.5184 -0.2904
vn -0.6668 0.3864 -0.6373
vn -0.8776 0.3589 -0.3179
vn -0.3617 0.3030 -0.8817
vn -0.0224 -0.2483 -0.9684
vn -0.1330 0.0023 -0.9911
vn -0.2272 0.1440 -0.9631
vn -0.8580 0.1200 -0.4994
vn -0.9376 0.1296 -0.3227
vn 0.2283 -0.9471 -0.2255
vn 0.1403 -0.9168 -0.3738
vn 0.1530 -0.4607 -0.8743
vn 0.2099 -0.2822 -0.9361
vn 0.2170 -0.0676 -0.9738
vn -0.5054 0.2303 -0.8316
vn 0.1636 0.0322 -0.9860
vn -0.3126 0.0503 -0.9486
vn -0.3061 0.0482 -0.9508
vn 0.3124 -0.9030 -0.2948
vn 0.6772 -0.7204 -0.1496
vn 0.3210 -0.3904 -0.8629
vn 0.9326 -0.2929 -0.2108
vn 0.8753 -0.3812 -0.2977
vn 0.8962 -0.2183 -0.3862
vn 0.4070 -0.2197 -0.8866
vn 0.9599 -0.0933 -0.2642
vn 0.9013 -0.0728 -0.4270
vn 0.4354 -0.0680 -0.8977
vn 0.9026 -0.0104 -0.4304
vn 0.3899 0.0089 -0.9208
vn 0.4175 0.0048 -0.9087
vn -0.1187 0.9929 -0.0059
vn 0.0799 -0.9920 -0.0975
vn -0.3322 0.9413 -0.0604
vn -0.1252 0.9869 -0.1020
vn -0.4923 0.8689 -0.0505
vn -0.2952 0.9554 0.0053
vn -0.4631 0.8863 0.0071
vn -0.5829 0.8108 -0.0524
vn -0.6957 0.7158 -0.0595
vn -0.8076 0.5853 -0.0715
vn -0.7977 0.6031 0.0030
vn -0.8757 0.4803 -0.0498
vn -0.9478 0.3133 -0.0595
vn -0.8832 0.4689 0.0073
vn -0.9894 0.1294 -0.0658
vn 0.2994 -0.9528 -0.0509
vn 0.3314 -0.9435 0.0024
vn 0.1141 -0.9934 -0.0149
vn 0.6939 -0.7194 -0.0329
vn 0.9414 -0.3356 -0.0349
vn 0.9926 -0.1113 -0.0488
vn 0.9981 -0.0206 -0.0585
vn 0.9618 -0.0150 -0.2735
vn 0.0074 -1.0000 -0.0040
vn 0.0142 -0.9999 -0.0078
vn -0.1043 0.9945 0.0025
vn -0.1007 0.9949 0.0049
vn 0.0297 -0.9995 -0.0058
vn -0.5948 0.8039 0.0077
vn -0.7005 0.7136 0.0070
vn 0.1053 -0.9944 0.0118
vn -0.9929 0.1189 0.0056
vn -0.9542 0.2990 0.0063
vn -0.4486 0.8937 0.0082
vn -0.7952 0.6063 0.0076
vn 0.9932 -0.0985 0.0618
vn -0.0005 -1.0000 -0.0044
vn -0.2721 0.9622 0.0066
vn -0.2806 0.9598 0.0066
vn -0.5812 0.8138 0.0079
vn -0.5892 0.8061 0.0545
vn 0.9426 -0.3302 0.0500
vn 1.0000 -0.0065 0.0042
vn 0.9999 0.0074 -0.0102
vn -0.0028 -1.0000 -0.0034
vn 0.0239 -0.9996 0.0123
vn -0.7978 0.6001 0.0583
vn -0.7016 0.7103 0.0566
vn -0.8877 0.4564 0.0613
vn -0.9587 0.2787 0.0568
vn -0.9942 0.0956 0.0501
vn 0.1121 0.9924 0.0506
vn -0.0776 0.9956 0.0526
vn -0.0165 -0.9998 0.0107
vn -0.2586 0.9642 0.0588
vn -0.4406 0.8957 0.0599
vn 0.6955 -0.7174 0.0410
vn -0.0109 -0.9999 0.0103
vn -0.0037 -0.9582 0.2860
vn -0.0677 0.9662 0.2488
vn -0.0118 -0.0217 0.9997
vn -0.0594 0.9173 0.3937
vn -0.2263 0.9338 0.2770
vn -0.0410 -0.0043 0.9991
vn 0.0058 -0.9962 0.0872
vn 0.0087 -0.9431 0.3325
vn 0.0050 -0.8891 0.4577
vn 0.0070 -0.8621 0.5067
vn -0.1952 0.8744 0.4442
vn -0.4407 0.8428 0.3091
vn -0.1226 -0.2275 0.9660
vn -0.3077 0.3141 0.8981
vn -0.5820 0.7802 0.2294
vn -0.4796 0.5832 0.6557
vn -0.1894 -0.0258 0.9816
vn -0.6770 0.6838 0.2722
vn -0.4581 0.4110 0.7882
vn -0.7739 0.5910 0.2274
vn -0.6191 0.4815 0.6203
vn 0.0946 -0.9919 0.0844
vn 0.0742 -0.9451 0.3183
vn 0.0481 -0.8812 0.4703
vn -0.0147 -0.4183 0.9082
vn -0.0720 -0.1853 0.9800
vn -0.2096 0.1463 0.9668
vn -0.8391 0.4518 0.3029
vn -0.4968 0.2963 0.8157
vn -0.9303 0.2416 0.2759
vn -0.8743 0.2036 0.4407
vn -0.9651 0.0779 0.2502
vn -0.9142 0.0643 0.4000
vn 0.3091 -0.9487 0.0665
vn 0.2577 -0.9297 0.2630
vn 0.1770 -0.7008 0.6910
vn 0.2110 -0.2405 0.9474
vn 0.1665 0.0109 0.9860
vn -0.3045 0.0869 0.9485
vn -0.3587 0.0852 0.9296
vn -0.4010 0.0546 0.9145
vn 0.6853 -0.7029 0.1906
vn 0.5705 -0.5902 0.5711
vn 0.9262 -0.2753 0.2576
vn 0.6855 -0.2031 0.6992
vn 0.9515 -0.0565 0.3023
vn 0.6890 -0.0304 0.7241
vn 0.9967 -0.0005 0.0806
vn -0.0997 -0.9076 -0.4078
vn -0.1205 -0.9610 -0.2490
vn -0.2820 -0.9153 -0.2875
vn -0.2311 -0.8504 -0.4726
vn -0.0493 -0.0734 -0.9961
vn -0.0509 -0.4156 -0.9081
vn -0.4882 -0.8081 -0.3296
vn -0.4848 -0.5601 -0.6718
vn -0.6258 -0.7382 -0.2517
vn -0.3024 -0.4481 -0.8413
vn 0.0394 0.3443 -0.9380
vn -0.7088 -0.6344 -0.3085
vn -0.5846 -0.4319 -0.6869
vn -0.7927 -0.5459 -0.2712
vn -0.4247 -0.3956 -0.8143
vn -0.1745 -0.1734 -0.9693
vn -0.0751 0.0761 -0.9943
vn -0.8643 -0.0237 -0.5023
vn -0.9447 -0.0348 -0.3262
vn -0.9191 -0.1893 -0.3456
vn -0.8331 -0.4123 -0.3687
vn -0.8330 -0.1566 -0.5307
vn -0.4374 -0.2533 -0.8629
vn -0.1556 -0.1605 -0.9747
vn -0.0324 -0.0538 -0.9980
vn 0.0416 0.1114 -0.9929
vn 0.0861 0.5601 -0.8239
vn -0.3543 -0.0054 -0.9351
vn -0.2606 -0.0602 -0.9636
vn -0.2855 -0.0535 -0.9569
vn 0.1990 -0.0528 -0.9786
vn 0.2591 0.0116 -0.9658
vn 0.2643 0.1278 -0.9559
vn 0.2478 0.3739 -0.8938
vn 0.3061 0.6411 -0.7037
vn 0.3807 0.0010 -0.9247
vn 0.9622 0.0245 -0.2712
vn 0.7153 0.0141 -0.6987
vn 0.7186 0.1020 -0.6879
vn 0.6595 0.3211 -0.6796
vn 0.9562 0.1198 -0.2672
vn 0.3453 0.5458 -0.7635
vn 0.7195 0.4675 -0.5135
vn -0.1308 -0.9904 -0.0450
vn -0.3148 -0.9475 -0.0552
vn -0.4933 -0.8678 -0.0592
vn -0.6347 -0.7706 -0.0573
vn -0.7429 -0.6670 -0.0561
vn -0.8284 -0.5574 -0.0556
vn -0.9966 -0.0506 -0.0651
vn -0.9741 -0.2159 -0.0673
vn -0.9093 -0.4041 -0.0990
vn -0.9142 -0.4052 -0.0031
vn 0.0926 0.7076 -0.7005
vn 0.9966 0.0393 -0.0728
vn 0.9897 0.0959 -0.1061
vn 0.8512 0.3466 -0.3941
vn 0.3705 0.6582 -0.6554
vn 0.8533 0.3641 -0.3733
vn 0.9890 0.1054 -0.1040
vn 0.9672 0.1819 -0.1775
vn 0.9921 0.0946 -0.0826
vn -0.1091 -0.9940 -0.0049
vn -0.4686 -0.8834 -0.0022
vn -0.8149 -0.5796 0.0010
vn -0.7254 -0.6884 -0.0004
vn -0.9974 -0.0713 0.0043
vn -0.2888 -0.9574 -0.0036
vn -0.9006 -0.4347 0.0020
vn -0.7111 -0.7031 -0.0001
vn -0.6025 -0.7981 -0.0011
vn -0.0788 -0.9955 0.0529
vn -0.4400 -0.8961 0.0581
vn -0.2594 -0.9641 0.0564
vn -0.7922 -0.6083 0.0496
vn -0.6925 -0.7194 0.0534
vn -0.5820 -0.8116 0.0499
vn -0.9647 -0.2632 0.0032
vn -0.9934 -0.1017 0.0531
vn -0.8842 -0.4635 0.0582
vn -0.9568 -0.2851 0.0574
vn 0.9998 0.0184 0.0101
vn 0.9986 0.0441 -0.0298
vn -0.0633 -0.9569 0.2833
vn -0.0545 -0.8945 0.4438
vn -0.0190 -0.4268 0.9041
vn -0.0239 -0.1079 0.9939
vn -0.0200 0.4165 0.9089
vn 0.0521 0.6193 0.7834
vn -0.2206 -0.9276 0.3016
vn -0.1874 -0.8604 0.4739
vn -0.0783 -0.3694 0.9259
vn -0.5750 -0.7829 0.2375
vn -0.4378 -0.8404 0.3194
vn -0.4785 -0.6178 0.6240
vn -0.3207 -0.5067 0.8002
vn -0.0977 -0.0105 0.9952
vn -0.7618 -0.6047 0.2323
vn -0.6636 -0.6944 0.2782
vn -0.6069 -0.5002 0.6177
vn -0.4484 -0.4625 0.7649
vn -0.1872 -0.2381 0.9530
vn -0.0487 0.1178 0.9918
vn -0.9630 -0.0970 0.2514
vn -0.9117 -0.0808 0.4028
vn -0.9254 -0.2576 0.2779
vn -0.8677 -0.2171 0.4471
vn -0.8282 -0.4691 0.3068
vn -0.4849 -0.3172 0.8150
vn -0.1993 -0.2224 0.9544
vn -0.0528 -0.0704 0.9961
vn 0.0301 0.1766 0.9838
vn 0.0528 0.4457 0.8936
vn -0.3970 -0.0653 0.9155
vn -0.4527 0.0121 0.8916
vn -0.2977 -0.1087 0.9484
vn -0.3526 -0.0983 0.9306
vn 0.2050 -0.0921 0.9744
vn 0.2806 0.0161 0.9597
vn 0.2875 0.1818 0.9404
vn 0.2511 0.4545 0.8546
vn 0.2779 0.6609 0.6971
vn 0.3224 0.5947 0.7365
vn 0.9508 0.0323 0.3081
vn 0.7104 0.0089 0.7037
vn 0.3670 -0.0054 0.9302
vn 0.9948 0.0439 0.0915
vn 0.9811 0.1242 0.1483
vn 0.7143 0.1369 0.6863
vn 0.9341 0.1458 0.3258
vn 0.9398 0.2414 0.2419
vn 0.6393 0.3818 0.6675
vn 0.7942 0.3885 0.4672
vn 0.6734 0.5122 0.5331
vn 0.8069 0.4254 0.4098
vn 0.3448 0.6549 0.6725
vn 0.0117 0.7129 -0.7012
vn 0.0555 0.7151 -0.6968
vn -0.0108 0.7136 -0.7004
vn -0.0010 0.7054 0.7088
vn 0.0152 0.7038 0.7102
vn -0.0445 0.7587 -0.6499
vn -0.0664 0.8103 -0.5823
vn -0.2143 0.9683 -0.1284
vn -0.2997 0.8249 -0.4793
vn -0.4773 0.8551 -0.2027
vn -0.8623 -0.2967 -0.4105
vn -0.7993 -0.5165 -0.3071
vn -0.7823 -0.4479 -0.4328
vn -0.3339 -0.9172 -0.2175
vn -0.6820 -0.7201 -0.1278
vn -0.0103 -0.9464 -0.3229
vn -0.0025 -0.9440 -0.3300
vn -0.2253 0.3313 -0.9162
vn -0.0818 0.4761 -0.8756
vn -0.1745 0.8274 -0.5339
vn -0.1663 0.9167 -0.3633
vn -0.8545 0.5058 -0.1184
vn -0.6235 0.7810 -0.0345
vn -0.4805 0.7564 -0.4438
vn -0.7415 0.6446 -0.1862
vn -0.7143 0.5334 -0.4531
vn -0.9288 0.2159 -0.3011
vn -0.9949 0.0331 -0.0950
vn -0.9084 0.4173 -0.0255
vn -0.6180 0.4939 -0.6116
vn -0.9010 0.1161 -0.4179
vn -0.9125 -0.3421 -0.2243
vn -0.8259 -0.4280 -0.3669
vn -0.7059 -0.5801 -0.4065
vn -0.8938 -0.4448 -0.0572
vn -0.9989 -0.0397 -0.0233
vn -0.3019 0.4538 -0.8384
vn -0.3811 0.1564 -0.9112
vn -0.3501 0.4490 -0.8221
vn -0.1971 0.5799 -0.7905
vn 0.0306 0.8835 -0.4675
vn -0.1349 0.7782 -0.6133
vn -0.2031 0.7420 -0.6389
vn -0.2670 0.6845 -0.6783
vn -0.2412 0.6295 -0.7387
vn -0.4381 0.4011 -0.8045
vn -0.1174 0.6561 -0.7455
vn -0.0416 0.7035 -0.7094
vn -0.0651 0.6446 -0.7618
vn 0.0079 0.7783 -0.6278
vn -0.0546 0.7255 -0.6861
vn -0.0880 0.7062 -0.7025
vn -0.0603 0.6954 -0.7161
vn 0.0101 0.7357 -0.6772
vn 0.0813 0.9065 -0.4142
vn 0.2274 0.9183 -0.3239
vn 0.0603 0.8163 -0.5745
vn 0.0578 0.7669 -0.6391
vn 0.1092 0.8613 -0.4962
vn 0.1383 0.8367 -0.5299
vn 0.1717 0.8808 -0.4412
vn 0.2755 0.9334 -0.2297
vn 0.2637 0.9004 -0.3461
vn 0.0270 0.7220 -0.6913
vn 0.0522 0.7408 -0.6697
vn 0.1392 0.8159 -0.5611
vn 0.1996 0.8229 -0.5319
vn 0.1016 0.7758 -0.6227
vn 0.3391 0.8735 -0.3492
vn 0.4919 0.8656 -0.0935
vn 0.3386 0.8623 -0.3764
vn -0.2297 0.9728 -0.0309
vn -0.2831 -0.9583 -0.0386
vn -0.6430 -0.7653 -0.0280
vn 0.0624 0.9674 -0.2456
vn 0.0819 0.9924 -0.0914
vn 0.0562 0.9983 -0.0155
vn 0.0157 0.9997 -0.0167
vn 0.1201 0.9927 -0.0070
vn 0.1289 0.9741 -0.1857
vn 0.1701 0.9842 -0.0482
vn 0.2338 0.9718 -0.0302
vn 0.3626 0.9279 -0.0865
vn 0.2700 0.9560 -0.1146
vn 0.3635 0.9315 -0.0160
vn 0.4208 0.8968 -0.1367
vn 0.5072 0.8615 -0.0236
vn 0.4113 0.9115 -0.0078
vn 0.4505 0.8923 -0.0308
vn -0.2629 0.9645 0.0256
vn -0.8886 0.4559 0.0498
vn -0.6458 0.7633 0.0165
vn -0.9985 0.0073 0.0550
vn -0.8997 -0.4328 0.0563
vn -0.6445 -0.7644 0.0162
vn 0.0117 0.9999 0.0102
vn 0.0497 0.9974 0.0514
vn 0.1198 0.9916 0.0497
vn 0.1721 0.9844 0.0358
vn 0.2831 0.9563 0.0735
vn 0.2358 0.9717 0.0140
vn 0.3578 0.9337 0.0081
vn 0.3900 0.9198 0.0428
vn 0.5016 0.8650 0.0164
vn -0.2936 -0.9551 0.0395
vn -0.6970 -0.7047 0.1327
vn -0.3589 -0.9037 0.2336
vn -0.8076 -0.4992 0.3140
vn -0.7909 -0.4244 0.4410
vn -0.0196 -0.9360 0.3514
vn -0.0065 -0.9320 0.3624
vn -0.1118 0.4367 0.8926
vn -0.2534 0.2742 0.9277
vn -0.0046 0.9983 0.0579
vn -0.9147 -0.3351 0.2259
vn -0.0717 0.6371 0.7674
vn -0.2099 0.5440 0.8124
vn 0.0656 0.9828 0.1728
vn 0.0413 0.9262 0.3747
vn 0.0224 0.8176 0.5754
vn -0.0550 0.7059 0.7062
vn 0.0377 0.8736 0.4852
vn 0.1353 0.9829 0.1247
vn 0.1373 0.9532 0.2693
vn 0.0631 0.8048 0.5902
vn -0.0088 0.7627 0.6467
vn 0.1559 0.8923 0.4238
vn 0.1651 0.8882 0.4288
vn 0.2619 0.9426 0.2074
vn 0.3167 0.9335 0.1681
vn 0.1806 0.9213 0.3445
vn 0.4404 0.8939 0.0833
vn 0.4526 0.8915 0.0183
vn 0.3694 0.9055 0.2091
vn -0.0158 0.7098 0.7042
vn -0.0044 0.7134 0.7007
vn -0.2485 0.9627 0.1071
vn -0.1001 0.8291 0.5501
vn -0.0015 0.8683 0.4960
vn -0.0316 0.7618 0.6470
vn -0.6025 0.7952 0.0686
vn -0.5145 0.8427 0.1584
vn -0.3938 0.8619 0.3194
vn -0.1805 0.9211 0.3449
vn -0.8638 -0.2877 0.4135
vn -0.8297 -0.4112 0.3775
vn -0.0311 0.7132 0.7003
vn -0.7599 0.6169 0.2051
vn -0.5119 0.7667 0.3875
vn -0.2820 0.8199 0.4983
vn -0.9379 0.2349 0.2552
vn -0.7227 0.5246 0.4499
vn -0.5578 0.6576 0.5064
vn -0.9046 0.1160 0.4101
vn -0.6962 -0.5781 0.4256
vn -0.6430 0.4796 0.5971
vn -0.4002 0.3892 0.8297
vn -0.3388 0.4255 0.8391
vn -0.4220 0.1030 0.9007
vn -0.4839 0.3590 0.7981
vn -0.2349 0.7365 0.6344
vn -0.2968 0.6777 0.6728
vn -0.2688 0.6063 0.7484
vn -0.1419 0.6308 0.7629
vn -0.1072 0.7480 0.6549
vn -0.0786 0.7169 0.6928
vn -0.0912 0.7014 0.7069
vn -0.0593 0.6889 0.7225
vn -0.0216 0.7041 0.7097
vn -0.0034 0.7177 0.6964
vn 0.0121 0.7118 0.7023
vn 0.0300 0.7385 0.6736
vn 0.0662 0.7566 0.6505
vn 0.2636 0.8516 0.4531
vn 0.2070 0.8387 0.5036
vn 0.4251 0.8795 0.2140
vn 0.0883 0.7098 -0.6988
vn 0.1201 0.7267 -0.6764
vn 0.0921 0.7139 -0.6941
vn 0.2148 0.7132 -0.6673
vn 0.2700 0.7187 -0.6408
vn 0.1158 0.7353 -0.6678
vn 0.0860 0.7092 -0.6998
vn 0.3080 0.6743 -0.6712
vn 0.0920 0.7074 -0.7008
vn 0.3060 0.6768 -0.6696
vn 0.3057 0.6783 -0.6682
vn 0.3102 0.6828 -0.6615
vn 0.0920 0.7144 -0.6936
vn 0.3286 0.6959 -0.6385
vn 0.2036 0.7222 -0.6611
vn 0.4025 0.7037 -0.5855
vn 0.5344 0.6584 -0.5300
vn 0.8459 0.5333 0.0017
vn 0.5822 0.6823 -0.4422
vn 0.2832 0.7104 -0.6444
vn 0.6184 0.6224 -0.4798
vn 0.7210 0.4925 -0.4874
vn 0.3701 0.6628 -0.6510
vn 0.8489 0.3764 -0.3710
vn 0.9669 0.1813 -0.1796
vn 0.7208 0.4932 -0.4870
vn 0.3671 0.6619 -0.6535
vn 0.8486 0.3775 -0.3705
vn 0.9693 0.1785 -0.1692
vn 0.7209 0.4945 -0.4855
vn 0.3704 0.6614 -0.6521
vn 0.8489 0.3810 -0.3663
vn 0.9949 0.0430 -0.0909
vn 0.9697 0.1828 -0.1620
vn 0.9977 0.0648 -0.0219
vn 0.9907 0.1134 -0.0746
vn 0.7229 0.4997 -0.4773
vn 0.3775 0.6700 -0.6392
vn 0.8498 0.3931 -0.3512
vn 0.9688 0.2017 -0.1443
vn 0.7298 0.5148 -0.4497
vn 0.8522 0.4211 -0.3104
vn 0.9887 0.1350 -0.0649
vn 0.9647 0.2364 -0.1162
vn 0.9943 0.1049 -0.0171
vn 0.7529 0.5419 -0.3734
vn 0.3956 0.7307 -0.5564
vn 0.8684 0.4600 -0.1851
vn 0.9825 0.1816 -0.0419
vn 0.9399 0.3257 -0.1020
vn 0.7151 0.5794 -0.3911
vn 0.3487 0.7442 -0.5697
vn 0.8940 0.4339 -0.1118
vn 0.7576 0.5658 -0.3254
vn 0.9417 0.3359 -0.0188
vn 0.9493 0.3117 -0.0409
vn 0.9742 0.2245 -0.0210
vn 0.9964 0.0795 0.0285
vn 0.9541 0.2992 0.0170
vn 0.9207 0.3886 -0.0365
vn 0.9319 0.3610 0.0364
vn 0.9781 0.2052 0.0349
vn 0.9930 0.1173 0.0114
vn 0.1696 0.7154 0.6779
vn 0.1781 0.6480 0.7405
vn 0.0717 0.7240 0.6860
vn 0.2271 0.6870 0.6903
vn 0.2508 0.7502 0.6118
vn 0.8952 0.4252 0.1334
vn 0.8170 0.5004 0.2867
vn 0.9350 0.3436 0.0878
vn 0.5663 0.5703 0.5950
vn 0.8848 0.4286 0.1827
vn 0.5807 0.6734 0.4575
vn 0.8924 0.4450 0.0751
vn 0.9154 0.4020 0.0195
vn 0.8529 0.4839 0.1958
vn 0.6545 0.6212 0.4310
vn 0.5284 0.6279 0.5714
vn 0.9823 0.1663 0.0864
vn 0.9709 0.2388 0.0160
vn -0.0007 0.6892 0.7245
vn 0.0026 0.7032 0.7110
vn 0.0743 0.7019 0.7084
vn 0.0752 0.6937 0.7163
vn 0.0757 0.7016 0.7085
vn 0.0766 0.7016 0.7085
vn 0.0754 0.7025 0.7077
vn 0.0940 0.7154 0.6923
vn 0.2864 0.6769 0.6781
vn 0.2878 0.6749 0.6795
vn 0.3431 0.6611 0.6672
vn 0.2914 0.6743 0.6785
vn 0.3469 0.6603 0.6661
vn 0.2972 0.6740 0.6763
vn 0.3521 0.6600 0.6637
vn 0.3099 0.6786 0.6659
vn 0.3612 0.6606 0.6581
vn 0.3774 0.6908 0.6168
vn 0.3559 0.7262 0.5882
vn 0.9995 0.0303 0.0083
vn 0.9855 0.1306 0.1085
vn 0.9441 0.2395 0.2265
vn 0.6746 0.5192 0.5248
vn 0.8008 0.4275 0.4195
vn 0.6827 0.5200 0.5133
vn 0.8156 0.4111 0.4071
vn 0.9502 0.2440 0.1938
vn 0.6871 0.5129 0.5147
vn 0.8141 0.4192 0.4019
vn 0.6965 0.5169 0.4978
vn 0.8293 0.4020 0.3883
vn 0.9531 0.2764 0.1233
vn 0.7088 0.5161 0.4809
vn 0.8321 0.4363 0.3423
vn 0.7387 0.5446 0.3972
vn 0.1909 0.8027 -0.5650
vn 0.0320 0.7296 -0.6831
vn 0.2585 0.8732 -0.4133
vn 0.3790 0.8992 -0.2187
vn 0.0916 0.7431 -0.6628
vn 0.1971 0.7875 -0.5840
vn 0.0462 0.7605 -0.6477
vn 0.3011 0.8283 -0.4724
vn 0.4631 0.8339 -0.3003
vn 0.6578 0.7503 -0.0654
vn 0.4700 0.8253 -0.3131
vn 0.5513 0.8276 -0.1054
vn 0.6381 0.7698 -0.0140
vn 0.2268 0.7719 -0.5940
vn 0.3338 0.8098 -0.4825
vn 0.4716 0.8206 -0.3228
vn 0.7129 0.6959 -0.0866
vn 0.5093 0.7910 -0.3390
vn 0.5835 0.7975 -0.1537
vn 0.7134 0.7003 -0.0236
vn 0.0698 0.7339 -0.6756
vn 0.2503 0.7680 -0.5895
vn 0.1332 0.7508 -0.6469
vn 0.4289 0.7547 -0.4965
vn 0.7646 0.6245 -0.1593
vn 0.4541 0.7780 -0.4341
vn 0.7695 0.6299 -0.1053
vn 0.5955 0.7236 -0.3488
vn 0.5368 0.7797 -0.3223
vn 0.6480 0.7443 -0.1615
vn 0.7792 0.6261 -0.0299
vn 0.3689 0.7596 -0.5356
vn 0.2096 0.7508 -0.6264
vn 0.5393 0.7133 -0.4476
vn 0.8539 0.5046 -0.1276
vn 0.5747 0.7261 -0.3775
vn 0.6768 0.7038 -0.2159
vn 0.8750 0.4819 -0.0465
vn 0.8700 0.4927 -0.0210
vn 0.8188 0.5740 -0.0117
vn 0.8406 0.5406 -0.0331
vn 0.6825 0.6349 -0.3620
vn 0.7857 0.6027 -0.1392
vn 0.5536 0.8327 -0.0096
vn 0.5865 0.8096 -0.0235
vn 0.5337 0.8453 0.0257
vn 0.5867 0.8097 0.0149
vn 0.6259 0.7793 0.0300
vn 0.6714 0.7409 0.0170
vn 0.8095 0.5861 0.0360
vn 0.8457 0.5336 0.0029
vn 0.8627 0.5054 0.0186
vn 0.8847 0.4644 0.0396
vn 0.5395 0.8366 0.0951
vn 0.6931 0.7195 0.0445
vn 0.7421 0.6700 0.0192
vn 0.7519 0.6592 -0.0089
vn 0.0754 0.7521 0.6547
vn 0.3410 0.8933 0.2929
vn 0.1669 0.8291 0.5335
vn 0.0913 0.7437 0.6622
vn 0.1939 0.8033 0.5631
vn 0.4657 0.8671 0.1768
vn 0.3625 0.8479 0.3869
vn 0.6139 0.7807 0.1167
vn 0.3759 0.8207 0.4303
vn 0.0886 0.7591 0.6449
vn 0.1421 0.7544 0.6409
vn 0.2112 0.7953 0.5683
vn 0.5272 0.8166 0.2351
vn 0.3828 0.8157 0.4336
vn 0.6772 0.7234 0.1342
vn 0.4015 0.8000 0.4458
vn 0.1255 0.7261 0.6760
vn 0.2291 0.7461 0.6251
vn 0.4263 0.7966 0.4286
vn 0.2354 0.8014 0.5499
vn 0.7605 0.6482 0.0376
vn 0.5686 0.7915 0.2241
vn 0.4119 0.8063 0.4245
vn 0.7301 0.6719 0.1249
vn 0.2453 0.7698 0.5893
vn 0.8134 0.5687 0.1222
vn 0.4060 0.7198 0.5631
vn 0.7992 0.5693 0.1926
vn 0.5900 0.6846 0.4280
vn 0.4365 0.7527 0.4928
vn 0.5174 0.7403 0.4293
vn 0.6449 0.7300 0.2261
vn 0.6831 0.6811 0.2638
vn 0.5487 0.7064 0.4472
vn 0.7560 0.6541 -0.0244
vn 0.5265 0.8493 -0.0373
vn -0.8023 -0.5931 0.0670
vn -0.9442 -0.0013 -0.3293
vn -0.9370 0.0824 -0.3396
vn 0.7191 -0.6949 0.0055
vn 0.8079 -0.5893 0.0059
vn 0.0026 -0.3689 0.9295
vn 0.7142 -0.6080 0.3467
vn 0.0053 -0.8682 -0.4962
vn 0.4207 0.9065 -0.0352
vn 0.0339 -0.8386 0.5438
vn 0.0330 -0.0263 0.9991
vn 0.0188 -0.4215 0.9066
vn -0.0610 -0.1418 -0.9880
vn 0.4047 0.0152 0.9143
vn 0.3790 -0.0013 0.9254
vn -0.0939 -0.3322 -0.9385
vn -0.4438 -0.0242 0.8958
vn 0.4169 -0.0229 0.9087
vn 0.3097 0.9507 -0.0172
vt 0.267531 0.487571
vt 0.260739 0.491963
vt 0.259536 0.486510
vt 0.245858 0.488075
vt 0.240756 0.492629
vt 0.241924 0.487787
vt 0.255055 0.487922
vt 0.258007 0.493676
vt 0.484101 0.731236
vt 0.479936 0.736046
vt 0.479871 0.729190
vt 0.484284 0.712999
vt 0.479788 0.689371
vt 0.235117 0.487937
vt 0.234878 0.493615
vt 0.491386 0.739359
vt 0.486004 0.744129
vt 0.483658 0.739072
vt 0.491416 0.722970
vt 0.484293 0.722744
vt 0.490202 0.705138
vt 0.494725 0.710753
vt 0.491478 0.713778
vt 0.225835 0.488047
vt 0.226753 0.493840
vt 0.499838 0.739597
vt 0.491879 0.745072
vt 0.499481 0.732065
vt 0.491414 0.731561
vt 0.498707 0.724020
vt 0.496154 0.717000
vt 0.885770 0.493854
vt 0.890435 0.488707
vt 0.892873 0.494700
vt 0.881065 0.488434
vt 0.879523 0.491972
vt 0.873774 0.489214
vt 0.508338 0.739935
vt 0.500003 0.745458
vt 0.507160 0.733154
vt 0.503971 0.727644
vt 0.896776 0.493182
vt 0.900491 0.488447
vt 0.902387 0.494355
vt 0.728984 0.781209
vt 0.733465 0.784262
vt 0.728984 0.787546
vt 0.213078 0.493169
vt 0.208666 0.487613
vt 0.517100 0.740531
vt 0.513680 0.745694
vt 0.513221 0.735975
vt 0.651574 0.787118
vt 0.655595 0.783763
vt 0.655595 0.789693
vt 0.711650 0.487460
vt 0.715665 0.492066
vt 0.709540 0.493319
vt 0.526274 0.742639
vt 0.722188 0.487476
vt 0.728855 0.492389
vt 0.719635 0.492903
vt 0.265806 0.480051
vt 0.257256 0.471598
vt 0.339603 0.478502
vt 0.242349 0.457276
vt 0.246966 0.462064
vt 0.243089 0.479524
vt 0.246745 0.480365
vt 0.253726 0.480215
vt 0.253045 0.461918
vt 0.235333 0.480133
vt 0.234823 0.466955
vt 0.224223 0.479366
vt 0.225702 0.470438
vt 0.883336 0.478918
vt 0.884963 0.408264
vt 0.889899 0.477611
vt 0.872301 0.478608
vt 0.877861 0.477031
vt 0.872839 0.449644
vt 0.878903 0.410917
vt 0.895723 0.488270
vt 0.899963 0.478218
vt 0.716900 0.487266
vt 0.723019 0.477380
vt 0.712476 0.477248
vt 0.717305 0.403969
vt 0.722908 0.403130
vt 0.711664 0.401965
vt 0.729444 0.487446
vt 0.729805 0.477233
vt 0.258816 0.325254
vt 0.253096 0.329882
vt 0.266762 0.269609
vt 0.258162 0.459765
vt 0.272451 0.470771
vt 0.891480 0.316014
vt 0.896971 0.312901
vt 0.891423 0.404621
vt 0.881515 0.232904
vt 0.218087 0.280406
vt 0.216642 0.470198
vt 0.899951 0.402943
vt 0.896084 0.403483
vt 0.211654 0.299250
vt 0.204760 0.471358
vt 0.712684 0.313036
vt 0.730090 0.317080
vt 0.722332 0.317075
vt 0.235246 0.254888
vt 0.873855 0.229604
vt 0.886997 0.238806
vt 0.200033 0.265302
vt 0.723404 0.286288
vt 0.259443 0.168702
vt 0.253105 0.171302
vt 0.247739 0.330034
vt 0.242864 0.213989
vt 0.227080 0.162214
vt 0.712407 0.222811
vt 0.717408 0.159175
vt 0.717317 0.310946
vt 0.707876 0.311920
vt 0.707789 0.226446
vt 0.199993 0.113657
vt 0.248616 0.171462
vt 0.243145 0.044397
vt 0.235693 0.050422
vt 0.874005 0.149356
vt 0.218290 0.096586
vt 0.723916 0.129539
vt 0.731385 0.196228
vt 0.260074 0.040775
vt 0.253155 0.040354
vt 0.268360 0.025722
vt 0.278392 0.025558
vt 0.882124 0.018407
vt 0.874045 0.018101
vt 0.226635 0.042084
vt 0.894599 0.018899
vt 0.897769 0.227436
vt 0.892105 0.236685
vt 0.889205 0.018941
vt 0.712023 0.017182
vt 0.707334 0.018104
vt 0.717356 0.017715
vt 0.724370 0.017997
vt 0.732514 0.017732
vt 0.253045 0.026559
vt 0.260022 0.016828
vt 0.253788 0.008184
vt 0.260328 0.007888
vt 0.255332 0.003058
vt 0.260843 0.001954
vt 0.270153 0.015863
vt 0.270276 0.007808
vt 0.268184 0.001592
vt 0.297794 0.002035
vt 0.244860 0.028772
vt 0.249377 0.040519
vt 0.240054 0.017002
vt 0.244786 0.016213
vt 0.249860 0.026728
vt 0.238663 0.011599
vt 0.242672 0.008403
vt 0.248962 0.008350
vt 0.247821 0.003226
vt 0.242662 0.002136
vt 0.488232 0.991740
vt 0.482969 0.996659
vt 0.481491 0.991494
vt 0.496457 0.991868
vt 0.488571 0.997767
vt 0.510053 0.992450
vt 0.495956 0.998120
vt 0.530447 0.992924
vt 0.525652 0.998408
vt 0.240078 0.037350
vt 0.236324 0.038762
vt 0.233239 0.019730
vt 0.234833 0.006793
vt 0.234892 0.001592
vt 0.487934 0.983843
vt 0.480941 0.983722
vt 0.496003 0.984160
vt 0.504551 0.984730
vt 0.882384 0.008628
vt 0.882779 0.002591
vt 0.889932 0.008587
vt 0.513875 0.987146
vt 0.873984 0.008681
vt 0.873930 0.002748
vt 0.522693 0.988008
vt 0.230540 0.012107
vt 0.224087 0.008619
vt 0.224204 0.002585
vt 0.487455 0.975551
vt 0.480689 0.973042
vt 0.494692 0.976722
vt 0.895340 0.008974
vt 0.899518 0.019118
vt 0.896435 0.003859
vt 0.900415 0.008790
vt 0.892203 0.002138
vt 0.500512 0.979665
vt 0.218000 0.026113
vt 0.711584 0.007982
vt 0.706747 0.007757
vt 0.710516 0.003020
vt 0.716863 0.007739
vt 0.704723 0.001592
vt 0.491597 0.971000
vt 0.486644 0.967034
vt 0.200348 0.024723
vt 0.724394 0.007892
vt 0.723959 0.002850
vt 0.714595 0.002052
vt 0.484088 0.957726
vt 0.479882 0.954399
vt 0.224779 0.016523
vt 0.193887 0.015876
vt 0.194109 0.008238
vt 0.205551 0.003583
vt 0.732808 0.008049
vt 0.732805 0.003195
vt 0.341322 0.488010
vt 0.307341 0.493038
vt 0.348518 0.492691
vt 0.351619 0.488084
vt 0.479892 0.662872
vt 0.484045 0.689989
vt 0.484651 0.653691
vt 0.480029 0.653723
vt 0.480591 0.648160
vt 0.357348 0.489026
vt 0.480516 0.639026
vt 0.485164 0.639529
vt 0.479665 0.644881
vt 0.865083 0.494501
vt 0.873628 0.494600
vt 0.494745 0.690748
vt 0.490226 0.696585
vt 0.491477 0.688103
vt 0.484923 0.665005
vt 0.491366 0.679169
vt 0.492024 0.653605
vt 0.484772 0.647261
vt 0.492101 0.641461
vt 0.859540 0.491592
vt 0.853710 0.493527
vt 0.855926 0.488661
vt 0.860814 0.486396
vt 0.865124 0.489046
vt 0.495814 0.684929
vt 0.847902 0.488568
vt 0.847392 0.494365
vt 0.491964 0.670492
vt 0.497605 0.678556
vt 0.503644 0.673488
vt 0.500582 0.670512
vt 0.500532 0.661745
vt 0.492007 0.661777
vt 0.492075 0.646772
vt 0.500535 0.653590
vt 0.502761 0.646797
vt 0.492560 0.635581
vt 0.501907 0.641221
vt 0.740737 0.783401
vt 0.740737 0.790209
vt 0.737033 0.784568
vt 0.842691 0.491292
vt 0.844084 0.486066
vt 0.507962 0.667143
vt 0.508859 0.660938
vt 0.509180 0.653465
vt 0.468164 0.983428
vt 0.474065 0.989268
vt 0.468819 0.988270
vt 0.513195 0.665081
vt 0.462600 0.983978
vt 0.464821 0.990062
vt 0.517220 0.660481
vt 0.522478 0.652934
vt 0.532529 0.646438
vt 0.455415 0.989933
vt 0.454882 0.984171
vt 0.526625 0.658253
vt 0.366402 0.449152
vt 0.343893 0.480494
vt 0.352370 0.480399
vt 0.352346 0.472394
vt 0.357455 0.485459
vt 0.360459 0.479781
vt 0.361188 0.471771
vt 0.361496 0.463282
vt 0.273220 0.792468
vt 0.268232 0.792468
vt 0.270717 0.787299
vt 0.866010 0.456484
vt 0.865831 0.480058
vt 0.860714 0.473058
vt 0.484715 0.633218
vt 0.856386 0.480108
vt 0.854781 0.450760
vt 0.848713 0.478917
vt 0.844251 0.480149
vt 0.848620 0.353045
vt 0.840915 0.479289
vt 0.840138 0.488364
vt 0.839798 0.443780
vt 0.473216 0.974486
vt 0.466910 0.973596
vt 0.461499 0.973636
vt 0.454055 0.974015
vt 0.866191 0.233608
vt 0.854145 0.347173
vt 0.459628 0.852010
vt 0.451929 0.827347
vt 0.369715 0.056701
vt 0.858699 0.206175
vt 0.853295 0.218772
vt 0.474707 0.851360
vt 0.471256 0.939032
vt 0.468524 0.745915
vt 0.463939 0.772799
vt 0.457122 0.704421
vt 0.450419 0.743423
vt 0.448828 0.642889
vt 0.865487 0.150124
vt 0.852643 0.148684
vt 0.848198 0.151184
vt 0.466527 0.637924
vt 0.471720 0.642752
vt 0.461706 0.640870
vt 0.355689 0.035241
vt 0.865729 0.017889
vt 0.858339 0.018158
vt 0.857580 0.149971
vt 0.847744 0.018003
vt 0.843484 0.147597
vt 0.469707 0.513867
vt 0.464705 0.513138
vt 0.459709 0.512124
vt 0.454053 0.513731
vt 0.446736 0.514216
vt 0.346642 0.025664
vt 0.337140 0.016293
vt 0.335636 0.008160
vt 0.336160 0.001709
vt 0.346996 0.016441
vt 0.346906 0.008498
vt 0.346425 0.002617
vt 0.364779 0.042886
vt 0.355681 0.025158
vt 0.355583 0.016681
vt 0.355053 0.008848
vt 0.352055 0.003768
vt 0.364369 0.033974
vt 0.364280 0.025465
vt 0.363782 0.017467
vt 0.360908 0.011738
vt 0.564075 0.997915
vt 0.548993 0.991584
vt 0.557786 0.991386
vt 0.566422 0.991301
vt 0.574380 0.991118
vt 0.600053 0.777465
vt 0.604840 0.772877
vt 0.604840 0.780010
vt 0.579888 0.996271
vt 0.580697 0.990864
vt 0.762356 0.512807
vt 0.767777 0.508769
vt 0.767137 0.516420
vt 0.865487 0.008632
vt 0.865228 0.002646
vt 0.531416 0.987725
vt 0.857607 0.008486
vt 0.540003 0.986407
vt 0.852174 0.018530
vt 0.850743 0.008231
vt 0.856708 0.002290
vt 0.548877 0.983720
vt 0.557777 0.983213
vt 0.566387 0.983098
vt 0.574402 0.983027
vt 0.586206 0.981451
vt 0.587400 0.990879
vt 0.580668 0.981280
vt 0.760672 0.506144
vt 0.767777 0.497502
vt 0.843056 0.018676
vt 0.841877 0.008414
vt 0.844773 0.003192
vt 0.552292 0.978071
vt 0.558414 0.974785
vt 0.566544 0.974503
vt 0.574393 0.974384
vt 0.464660 0.504109
vt 0.465150 0.498286
vt 0.470369 0.503608
vt 0.561588 0.966989
vt 0.567229 0.966082
vt 0.574466 0.965712
vt 0.581082 0.962928
vt 0.454621 0.504007
vt 0.459974 0.499523
vt 0.563099 0.961797
vt 0.567188 0.957763
vt 0.574705 0.958064
vt 0.446325 0.504212
vt 0.446517 0.498087
vt 0.192268 0.492633
vt 0.177887 0.487810
vt 0.535002 0.743295
vt 0.534491 0.746469
vt 0.737596 0.492329
vt 0.745798 0.487546
vt 0.737609 0.487471
vt 0.167391 0.493114
vt 0.543768 0.742780
vt 0.559367 0.745648
vt 0.753579 0.487816
vt 0.746348 0.492451
vt 0.557072 0.736387
vt 0.561747 0.740208
vt 0.553039 0.740786
vt 0.763513 0.487770
vt 0.759515 0.492222
vt 0.350614 0.988576
vt 0.346892 0.983950
vt 0.356019 0.984399
vt 0.155672 0.493620
vt 0.571084 0.745599
vt 0.563125 0.733643
vt 0.570204 0.739917
vt 0.566432 0.728299
vt 0.570722 0.732589
vt 0.361302 0.989124
vt 0.367850 0.984442
vt 0.578836 0.739842
vt 0.571674 0.724779
vt 0.578960 0.732169
vt 0.574257 0.718128
vt 0.579157 0.723655
vt 0.374242 0.990658
vt 0.374645 0.984521
vt 0.587539 0.739929
vt 0.586498 0.731621
vt 0.587751 0.714695
vt 0.579218 0.714487
vt 0.580895 0.705654
vt 0.595908 0.722757
vt 0.588338 0.701538
vt 0.190814 0.480166
vt 0.191614 0.469747
vt 0.738351 0.396915
vt 0.745636 0.479876
vt 0.737816 0.477153
vt 0.746176 0.469332
vt 0.167590 0.480065
vt 0.163297 0.469630
vt 0.752491 0.477666
vt 0.758055 0.478923
vt 0.753239 0.361557
vt 0.762996 0.478086
vt 0.763642 0.353471
vt 0.758724 0.340973
vt 0.347651 0.974255
vt 0.352207 0.974971
vt 0.348064 0.849628
vt 0.352773 0.861659
vt 0.357565 0.974015
vt 0.364821 0.976923
vt 0.369184 0.975603
vt 0.364037 0.954711
vt 0.369819 0.940839
vt 0.374029 0.974743
vt 0.375444 0.942609
vt 0.191692 0.263364
vt 0.177421 0.461912
vt 0.175243 0.340065
vt 0.747048 0.293845
vt 0.165296 0.299553
vt 0.357951 0.881674
vt 0.364742 0.874100
vt 0.371176 0.878355
vt 0.374102 0.863412
vt 0.373988 0.849093
vt 0.365830 0.852799
vt 0.376538 0.867384
vt 0.730793 0.285948
vt 0.739139 0.305987
vt 0.754366 0.197714
vt 0.358400 0.859776
vt 0.358754 0.746577
vt 0.740028 0.172538
vt 0.748170 0.149997
vt 0.759727 0.182663
vt 0.353357 0.707793
vt 0.365782 0.670830
vt 0.191282 0.106974
vt 0.732040 0.110488
vt 0.173696 0.120956
vt 0.348834 0.622641
vt 0.353755 0.513511
vt 0.162359 0.025755
vt 0.740808 0.017466
vt 0.755295 0.018504
vt 0.748923 0.017568
vt 0.760425 0.018116
vt 0.764657 0.126506
vt 0.359826 0.514416
vt 0.365789 0.514398
vt 0.191253 0.025305
vt 0.189337 0.003578
vt 0.741388 0.008092
vt 0.483066 0.948902
vt 0.479883 0.938186
vt 0.483125 0.940146
vt 0.741557 0.003202
vt 0.749539 0.008020
vt 0.484208 0.931430
vt 0.175607 0.026341
vt 0.165691 0.016065
vt 0.163191 0.008041
vt 0.168208 0.002402
vt 0.750245 0.002883
vt 0.756572 0.007931
vt 0.480503 0.917047
vt 0.486703 0.922317
vt 0.761458 0.008208
vt 0.647883 0.780075
vt 0.647883 0.785788
vt 0.642803 0.782054
vt 0.487287 0.913569
vt 0.344085 0.504384
vt 0.349280 0.514011
vt 0.344462 0.514286
vt 0.762893 0.003034
vt 0.766151 0.008025
vt 0.491833 0.918604
vt 0.494871 0.912682
vt 0.358657 0.504092
vt 0.348538 0.504159
vt 0.352548 0.498985
vt 0.346205 0.497759
vt 0.155534 0.001657
vt 0.480488 0.904368
vt 0.487481 0.904965
vt 0.495729 0.904763
vt 0.501023 0.909848
vt 0.504585 0.904501
vt 0.365984 0.504079
vt 0.365472 0.497543
vt 0.356449 0.497127
vt 0.373948 0.504130
vt 0.374096 0.497670
vt 0.487390 0.896016
vt 0.495790 0.896148
vt 0.504189 0.896234
vt 0.522059 0.901450
vt 0.521998 0.895093
vt 0.496534 0.888665
vt 0.495871 0.860221
vt 0.506795 0.873454
vt 0.446527 0.990022
vt 0.446366 0.984336
vt 0.535513 0.657572
vt 0.542779 0.652530
vt 0.437755 0.990305
vt 0.437666 0.984610
vt 0.429109 0.990863
vt 0.428987 0.985103
vt 0.563013 0.654507
vt 0.544289 0.658059
vt 0.569821 0.647043
vt 0.423517 0.988007
vt 0.417805 0.990209
vt 0.420462 0.985059
vt 0.558488 0.665137
vt 0.552941 0.659548
vt 0.561402 0.661988
vt 0.424787 0.982620
vt 0.405039 0.984524
vt 0.400352 0.989992
vt 0.398548 0.984491
vt 0.414951 0.985009
vt 0.411405 0.991442
vt 0.570367 0.662355
vt 0.564229 0.667611
vt 0.578796 0.654324
vt 0.382614 0.990618
vt 0.381771 0.984481
vt 0.388336 0.984449
vt 0.394687 0.989040
vt 0.391374 0.990842
vt 0.579864 0.679659
vt 0.575204 0.684746
vt 0.573695 0.679000
vt 0.579300 0.671039
vt 0.570644 0.670943
vt 0.585774 0.665762
vt 0.708925 0.636764
vt 0.634493 0.641501
vt 0.581012 0.697274
vt 0.587973 0.688565
vt 0.579626 0.688414
vt 0.593354 0.663369
vt 0.596704 0.689180
vt 0.445996 0.974721
vt 0.444615 0.882171
vt 0.437623 0.974592
vt 0.430282 0.976777
vt 0.424794 0.974586
vt 0.429972 0.964673
vt 0.420465 0.975455
vt 0.419493 0.944925
vt 0.416016 0.974408
vt 0.414902 0.869168
vt 0.398333 0.975411
vt 0.392864 0.975882
vt 0.391470 0.941867
vt 0.398170 0.937034
vt 0.403712 0.973949
vt 0.381437 0.974273
vt 0.381831 0.938601
vt 0.386685 0.946373
vt 0.379557 0.867606
vt 0.387526 0.974816
vt 0.435732 0.831415
vt 0.382618 0.847637
vt 0.391250 0.880313
vt 0.384913 0.876519
vt 0.390485 0.856090
vt 0.382042 0.863415
vt 0.402465 0.868711
vt 0.397371 0.857417
vt 0.442738 0.773101
vt 0.422471 0.637015
vt 0.428371 0.758438
vt 0.417386 0.633236
vt 0.395077 0.584626
vt 0.433559 0.662085
vt 0.440521 0.634638
vt 0.432183 0.633299
vt 0.427203 0.635747
vt 0.373736 0.586214
vt 0.382093 0.579267
vt 0.389796 0.578066
vt 0.438844 0.514123
vt 0.426206 0.514861
vt 0.432109 0.514786
vt 0.420869 0.514875
vt 0.404193 0.579080
vt 0.400246 0.617864
vt 0.399224 0.578577
vt 0.416620 0.579574
vt 0.438231 0.504312
vt 0.437614 0.498142
vt 0.568520 0.939438
vt 0.574502 0.934041
vt 0.580851 0.919265
vt 0.586115 0.920268
vt 0.425604 0.504912
vt 0.430908 0.504434
vt 0.424661 0.499744
vt 0.428397 0.497911
vt 0.566759 0.930228
vt 0.420237 0.504701
vt 0.419270 0.498647
vt 0.566642 0.921678
vt 0.562311 0.926486
vt 0.560566 0.921110
vt 0.574315 0.922352
vt 0.399324 0.513980
vt 0.394454 0.513585
vt 0.394697 0.504585
vt 0.399709 0.504285
vt 0.395541 0.499388
vt 0.400684 0.498189
vt 0.403728 0.514614
vt 0.416021 0.515110
vt 0.404823 0.503920
vt 0.414750 0.504442
vt 0.408220 0.496860
vt 0.411405 0.497459
vt 0.565847 0.913166
vt 0.557077 0.913264
vt 0.381984 0.513497
vt 0.373925 0.513623
vt 0.382152 0.504130
vt 0.382827 0.497621
vt 0.388918 0.514132
vt 0.389536 0.504150
vt 0.391969 0.497327
vt 0.548585 0.903678
vt 0.543992 0.908111
vt 0.540124 0.903604
vt 0.557050 0.904381
vt 0.549276 0.909830
vt 0.565737 0.904367
vt 0.573920 0.904155
vt 0.539273 0.895379
vt 0.548338 0.895585
vt 0.557613 0.895668
vt 0.565566 0.897439
vt 0.546032 0.887076
vt 0.553633 0.874182
vt 0.565645 0.852183
vt 0.573745 0.851116
vt 0.366294 0.476848
vt 0.369291 0.471107
vt 0.370006 0.463079
vt 0.370302 0.454579
vt 0.375129 0.468168
vt 0.378118 0.462417
vt 0.378819 0.454373
vt 0.378897 0.444089
vt 0.383954 0.459465
vt 0.386926 0.453685
vt 0.387596 0.445630
vt 0.388573 0.434414
vt 0.392716 0.450682
vt 0.395554 0.444874
vt 0.395951 0.436936
vt 0.396748 0.426141
vt 0.400885 0.441791
vt 0.402528 0.436320
vt 0.403845 0.428635
vt 0.407984 0.419433
vt 0.480526 0.629963
vt 0.479633 0.635821
vt 0.765642 0.784739
vt 0.760672 0.786060
vt 0.760672 0.780259
vt 0.480540 0.620902
vt 0.485319 0.624577
vt 0.479620 0.626761
vt 0.628416 0.784091
vt 0.623385 0.785388
vt 0.623385 0.779574
vt 0.480570 0.611850
vt 0.485388 0.615561
vt 0.479611 0.617706
vt 0.263528 0.784605
vt 0.258321 0.784605
vt 0.259632 0.778913
vt 0.480683 0.602866
vt 0.485484 0.606698
vt 0.479651 0.608672
vt 0.765404 0.758492
vt 0.760672 0.756197
vt 0.765404 0.752743
vt 0.762581 0.624932
vt 0.765324 0.620827
vt 0.767915 0.626033
vt 0.756855 0.783502
vt 0.756855 0.791772
vt 0.754215 0.788353
vt 0.409262 0.429269
vt 0.411105 0.422413
vt 0.409583 0.435418
vt 0.414733 0.428013
vt 0.419974 0.424944
vt 0.422732 0.419096
vt 0.492689 0.618641
vt 0.485106 0.601399
vt 0.492321 0.599678
vt 0.764780 0.767090
vt 0.761285 0.760816
vt 0.767915 0.613539
vt 0.760672 0.620690
vt 0.264908 0.729118
vt 0.257305 0.732959
vt 0.257751 0.725488
vt 0.264700 0.720543
vt 0.257305 0.718118
vt 0.634506 0.762418
vt 0.639618 0.759045
vt 0.638353 0.766559
vt 0.273250 0.768759
vt 0.273590 0.775264
vt 0.267621 0.775264
vt 0.667769 0.772024
vt 0.672939 0.767570
vt 0.672939 0.775336
vt 0.503095 0.635602
vt 0.501371 0.591583
vt 0.273590 0.734370
vt 0.264819 0.741899
vt 0.273209 0.718191
vt 0.632883 0.754779
vt 0.639618 0.749653
vt 0.013354 0.902303
vt 0.020975 0.914292
vt 0.013549 0.909129
vt 0.510682 0.565878
vt 0.501570 0.575038
vt 0.501246 0.563109
vt 0.600913 0.558617
vt 0.404826 0.410716
vt 0.410747 0.403988
vt 0.416571 0.401600
vt 0.416018 0.411068
vt 0.423495 0.410860
vt 0.424262 0.400143
vt 0.428514 0.415945
vt 0.433369 0.408521
vt 0.431086 0.402082
vt 0.431491 0.392166
vt 0.008127 0.901888
vt 0.008193 0.894490
vt 0.380719 0.068653
vt 0.406210 0.227219
vt 0.414091 0.220679
vt 0.420227 0.223515
vt 0.425067 0.230146
vt 0.432138 0.229580
vt 0.407526 0.087183
vt 0.415421 0.088484
vt 0.422067 0.094919
vt 0.427971 0.106561
vt 0.434083 0.113272
vt 0.407790 0.069602
vt 0.398575 0.078472
vt 0.399175 0.069269
vt 0.415772 0.078470
vt 0.407784 0.078122
vt 0.418120 0.072144
vt 0.422005 0.079247
vt 0.422417 0.087130
vt 0.432149 0.100775
vt 0.428186 0.087257
vt 0.008372 0.558613
vt 0.003025 0.565158
vt 0.002845 0.558034
vt 0.008226 0.553892
vt 0.434570 0.096103
vt 0.438122 0.090637
vt 0.016814 0.561341
vt 0.009621 0.566574
vt 0.015116 0.547866
vt 0.016845 0.568567
vt 0.010693 0.576636
vt 0.033519 0.574492
vt 0.023206 0.564687
vt 0.025524 0.534347
vt 0.373058 0.042792
vt 0.372976 0.034275
vt 0.372490 0.026263
vt 0.369625 0.020506
vt 0.381750 0.051610
vt 0.373007 0.051508
vt 0.381674 0.043085
vt 0.381200 0.035060
vt 0.378340 0.029297
vt 0.390454 0.060431
vt 0.381698 0.060330
vt 0.390380 0.051897
vt 0.389913 0.043858
vt 0.387057 0.038088
vt 0.399102 0.060717
vt 0.389905 0.070125
vt 0.398637 0.052658
vt 0.395781 0.046880
vt 0.407366 0.061490
vt 0.404512 0.055678
vt 0.413194 0.064582
vt 0.003634 0.506136
vt 0.009330 0.509788
vt 0.001939 0.511907
vt 0.003412 0.514973
vt 0.009104 0.518623
vt 0.001729 0.520751
vt 0.003222 0.523811
vt 0.008902 0.527457
vt 0.001592 0.529596
vt 0.003135 0.532650
vt 0.008745 0.536317
vt 0.001618 0.538443
vt 0.613902 0.750745
vt 0.610833 0.755876
vt 0.608025 0.749653
vt 0.003443 0.550446
vt 0.765304 0.745799
vt 0.760672 0.742651
vt 0.764779 0.740595
vt 0.009551 0.500979
vt 0.017349 0.509032
vt 0.018062 0.517484
vt 0.016902 0.526673
vt 0.016680 0.535520
vt 0.619303 0.756080
vt 0.608025 0.762918
vt 0.008423 0.549027
vt 0.020101 0.497024
vt 0.436784 0.401366
vt 0.437139 0.393625
vt 0.437482 0.384548
vt 0.008566 0.887353
vt 0.013564 0.893827
vt 0.442520 0.393608
vt 0.444868 0.399790
vt 0.447912 0.393000
vt 0.442854 0.383518
vt 0.448761 0.385047
vt 0.449899 0.374864
vt 0.020482 0.902526
vt 0.021824 0.891917
vt 0.015400 0.885823
vt 0.021275 0.879219
vt 0.015184 0.879050
vt 0.454110 0.384948
vt 0.456393 0.377046
vt 0.024316 0.876154
vt 0.018545 0.871032
vt 0.024899 0.868545
vt 0.454950 0.366691
vt 0.460263 0.365676
vt 0.461808 0.382418
vt 0.464604 0.375428
vt 0.467083 0.368098
vt 0.466177 0.355813
vt 0.030647 0.885038
vt 0.021546 0.885735
vt 0.030005 0.876681
vt 0.025304 0.861570
vt 0.030845 0.868070
vt 0.470331 0.356734
vt 0.032672 0.860402
vt 0.026640 0.854255
vt 0.033765 0.852969
vt 0.685709 0.773320
vt 0.678886 0.765003
vt 0.685851 0.765003
vt 0.035828 0.845131
vt 0.029096 0.842909
vt 0.034014 0.834984
vt 0.520801 0.544649
vt 0.511675 0.544912
vt 0.039764 0.885275
vt 0.038575 0.872982
vt 0.038592 0.864253
vt 0.039499 0.859476
vt 0.042788 0.850531
vt 0.043051 0.844700
vt 0.038147 0.834988
vt 0.042845 0.835761
vt 0.047102 0.869471
vt 0.047130 0.862116
vt 0.047350 0.855497
vt 0.048194 0.844601
vt 0.438807 0.250526
vt 0.460449 0.270389
vt 0.444707 0.270379
vt 0.451332 0.265248
vt 0.456378 0.260705
vt 0.043816 0.635007
vt 0.038895 0.636270
vt 0.048471 0.829396
vt 0.440318 0.112368
vt 0.446446 0.124003
vt 0.451841 0.123634
vt 0.457232 0.129582
vt 0.462248 0.132547
vt 0.467143 0.138695
vt 0.475515 0.348780
vt 0.476427 0.147547
vt 0.034473 0.633759
vt 0.036738 0.625926
vt 0.044665 0.627695
vt 0.053900 0.636221
vt 0.440914 0.104837
vt 0.440452 0.096852
vt 0.448784 0.112902
vt 0.446556 0.105014
vt 0.016020 0.582795
vt 0.010348 0.582864
vt 0.016399 0.576184
vt 0.454622 0.107742
vt 0.449965 0.099870
vt 0.445429 0.096754
vt 0.457395 0.114722
vt 0.025025 0.578465
vt 0.018877 0.585936
vt 0.024678 0.585354
vt 0.018990 0.593833
vt 0.458866 0.120974
vt 0.025045 0.594192
vt 0.019426 0.600828
vt 0.469259 0.130398
vt 0.467279 0.123507
vt 0.032372 0.586837
vt 0.032917 0.594932
vt 0.027283 0.602905
vt 0.471895 0.141372
vt 0.033363 0.609620
vt 0.027175 0.609668
vt 0.033319 0.602904
vt 0.035725 0.618678
vt 0.030056 0.627558
vt 0.028128 0.616570
vt 0.036458 0.612896
vt 0.040903 0.603328
vt 0.041003 0.597169
vt 0.042135 0.618726
vt 0.041914 0.611881
vt 0.045307 0.622061
vt 0.049771 0.616056
vt 0.049548 0.604855
vt 0.053236 0.613121
vt 0.050326 0.627573
vt 0.050473 0.621057
vt 0.057385 0.862083
vt 0.048170 0.850724
vt 0.057738 0.855151
vt 0.055755 0.851500
vt 0.053584 0.836796
vt 0.059560 0.841713
vt 0.059877 0.837870
vt 0.055971 0.844842
vt 0.065253 0.842620
vt 0.082611 0.842405
vt 0.075945 0.842282
vt 0.538772 0.520522
vt 0.562011 0.529538
vt 0.562288 0.542609
vt 0.101391 0.840669
vt 0.078507 0.833714
vt 0.073612 0.836284
vt 0.571107 0.534037
vt 0.571041 0.511207
vt 0.571270 0.524748
vt 0.097647 0.874591
vt 0.092539 0.886026
vt 0.089907 0.875195
vt 0.578757 0.525643
vt 0.579299 0.520931
vt 0.583109 0.498131
vt 0.584379 0.502091
vt 0.094587 0.835041
vt 0.099396 0.882885
vt 0.111636 0.887283
vt 0.109159 0.891387
vt 0.107649 0.879811
vt 0.107890 0.863210
vt 0.111300 0.872092
vt 0.105568 0.871186
vt 0.752035 0.759719
vt 0.756871 0.750320
vt 0.756928 0.760078
vt 0.102963 0.868025
vt 0.097449 0.865156
vt 0.748224 0.764554
vt 0.752917 0.767739
vt 0.745327 0.758830
vt 0.751721 0.751291
vt 0.744439 0.750897
vt 0.751716 0.742602
vt 0.744650 0.733754
vt 0.744561 0.742537
vt 0.584394 0.522223
vt 0.739598 0.755753
vt 0.580099 0.516405
vt 0.736090 0.749770
vt 0.737453 0.742179
vt 0.580468 0.511440
vt 0.587438 0.518391
vt 0.588023 0.512220
vt 0.589564 0.502382
vt 0.117412 0.880386
vt 0.112556 0.863571
vt 0.117841 0.872258
vt 0.113106 0.853822
vt 0.118220 0.861896
vt 0.732768 0.746295
vt 0.732608 0.741391
vt 0.738002 0.731709
vt 0.733308 0.733674
vt 0.592241 0.514746
vt 0.730180 0.745859
vt 0.589151 0.507596
vt 0.593148 0.512103
vt 0.730784 0.733721
vt 0.728031 0.741615
vt 0.597249 0.509639
vt 0.655595 0.765064
vt 0.655595 0.780578
vt 0.653317 0.772216
vt 0.111943 0.834819
vt 0.131481 0.840111
vt 0.058770 0.827025
vt 0.070180 0.827479
vt 0.059651 0.644826
vt 0.065410 0.817887
vt 0.071030 0.817825
vt 0.077789 0.829602
vt 0.077037 0.819210
vt 0.083315 0.818177
vt 0.090707 0.828028
vt 0.091143 0.817773
vt 0.101387 0.828445
vt 0.751756 0.657451
vt 0.744676 0.658066
vt 0.733653 0.721705
vt 0.267496 0.694288
vt 0.272500 0.706776
vt 0.268091 0.706881
vt 0.102542 0.820368
vt 0.120577 0.828273
vt 0.108535 0.809727
vt 0.121086 0.820057
vt 0.053377 0.817492
vt 0.054238 0.645957
vt 0.066139 0.653156
vt 0.072588 0.655603
vt 0.078067 0.653984
vt 0.084208 0.654400
vt 0.091846 0.655253
vt 0.099889 0.809606
vt 0.756973 0.515303
vt 0.751811 0.522544
vt 0.109519 0.656025
vt 0.100728 0.655694
vt 0.120375 0.612494
vt 0.115135 0.618828
vt 0.733463 0.540725
vt 0.267809 0.516674
vt 0.272417 0.513846
vt 0.117147 0.809801
vt 0.049078 0.643766
vt 0.062373 0.635025
vt 0.061704 0.630737
vt 0.058180 0.627406
vt 0.071391 0.645489
vt 0.066737 0.624721
vt 0.067470 0.629783
vt 0.081895 0.632611
vt 0.075194 0.623169
vt 0.080738 0.644259
vt 0.091584 0.632484
vt 0.087693 0.624919
vt 0.079679 0.638861
vt 0.088623 0.638513
vt 0.098232 0.645336
vt 0.107459 0.632806
vt 0.107250 0.638344
vt 0.737826 0.534522
vt 0.744613 0.532264
vt 0.737236 0.523873
vt 0.110135 0.628412
vt 0.100606 0.627068
vt 0.719717 0.811856
vt 0.714434 0.803084
vt 0.719659 0.802289
vt 0.116745 0.646057
vt 0.733113 0.532419
vt 0.732325 0.524533
vt 0.272699 0.505545
vt 0.268240 0.505398
vt 0.273590 0.497668
vt 0.118731 0.629126
vt 0.711366 0.795371
vt 0.718368 0.793775
vt 0.123346 0.638499
vt 0.128189 0.632991
vt 0.058140 0.620347
vt 0.044347 0.591578
vt 0.082926 0.597972
vt 0.092888 0.596576
vt 0.096055 0.589053
vt 0.092719 0.606311
vt 0.710406 0.820130
vt 0.692578 0.832158
vt 0.699138 0.821705
vt 0.101504 0.593878
vt 0.102417 0.589400
vt 0.100032 0.607560
vt 0.101329 0.598937
vt 0.705789 0.812789
vt 0.697413 0.814518
vt 0.711491 0.811875
vt 0.111426 0.585030
vt 0.114561 0.579659
vt 0.752097 0.506459
vt 0.751813 0.514895
vt 0.757487 0.497502
vt 0.757081 0.506115
vt 0.111172 0.593291
vt 0.113868 0.601003
vt 0.107848 0.601681
vt 0.744521 0.523629
vt 0.745261 0.507168
vt 0.744385 0.515166
vt 0.752703 0.498203
vt 0.739263 0.509998
vt 0.735694 0.516008
vt 0.700105 0.808815
vt 0.694126 0.808557
vt 0.709879 0.804519
vt 0.716085 0.811305
vt 0.703531 0.805636
vt 0.114882 0.609635
vt 0.120444 0.600887
vt 0.120295 0.592431
vt 0.732422 0.519553
vt 0.729686 0.519787
vt 0.727515 0.523882
vt 0.709344 0.799538
vt 0.706640 0.800695
vt 0.096392 0.493611
vt 0.630365 0.745454
vt 0.605752 0.722086
vt 0.597568 0.731997
vt 0.623378 0.739980
vt 0.617706 0.731484
vt 0.625791 0.732862
vt 0.621590 0.713530
vt 0.613206 0.706312
vt 0.631429 0.739998
vt 0.631347 0.732396
vt 0.628349 0.714757
vt 0.816787 0.494921
vt 0.823165 0.489052
vt 0.825830 0.495443
vt 0.808113 0.494608
vt 0.816229 0.488944
vt 0.640243 0.740110
vt 0.639691 0.733105
vt 0.636623 0.727192
vt 0.630968 0.723704
vt 0.829614 0.493861
vt 0.833276 0.489081
vt 0.835627 0.494929
vt 0.667769 0.779652
vt 0.673009 0.778521
vt 0.673009 0.784465
vt 0.649291 0.740528
vt 0.646700 0.745481
vt 0.646311 0.735970
vt 0.652201 0.738012
vt 0.842899 0.984745
vt 0.846602 0.989475
vt 0.839928 0.990559
vt 0.079066 0.487765
vt 0.058872 0.492218
vt 0.061026 0.488028
vt 0.657795 0.742492
vt 0.666437 0.743555
vt 0.667888 0.746468
vt 0.866733 0.984130
vt 0.858219 0.989049
vt 0.858098 0.984688
vt 0.025903 0.471595
vt 0.072949 0.480181
vt 0.822186 0.478527
vt 0.808126 0.488820
vt 0.815680 0.478402
vt 0.828174 0.488778
vt 0.832144 0.478703
vt 0.827373 0.478832
vt 0.832064 0.393970
vt 0.827243 0.386442
vt 0.822012 0.357064
vt 0.848913 0.975051
vt 0.843597 0.974382
vt 0.848496 0.887700
vt 0.843362 0.889656
vt 0.852275 0.983955
vt 0.859714 0.973877
vt 0.853582 0.885274
vt 0.859041 0.889613
vt 0.866943 0.973448
vt 0.815918 0.258807
vt 0.808192 0.247512
vt 0.807832 0.478605
vt 0.832176 0.278897
vt 0.843159 0.774591
vt 0.853006 0.692246
vt 0.858908 0.740066
vt 0.866822 0.886801
vt 0.827242 0.018793
vt 0.832128 0.169310
vt 0.822249 0.026413
vt 0.842852 0.665012
vt 0.062656 0.232840
vt 0.080776 0.247360
vt 0.065075 0.339238
vt 0.816122 0.018884
vt 0.076293 0.118435
vt 0.858846 0.514660
vt 0.866207 0.752589
vt 0.808539 0.018620
vt 0.832427 0.019145
vt 0.078070 0.026056
vt 0.089644 0.026304
vt 0.847441 0.514292
vt 0.852556 0.514871
vt 0.842800 0.514854
vt 0.059073 0.026787
vt 0.096197 0.001592
vt 0.480466 0.845032
vt 0.487245 0.852679
vt 0.082169 0.008177
vt 0.540708 0.861090
vt 0.081020 0.016126
vt 0.495477 0.852301
vt 0.504228 0.852291
vt 0.522429 0.853215
vt 0.495370 0.843629
vt 0.487152 0.843622
vt 0.504260 0.843742
vt 0.816086 0.008659
vt 0.821963 0.016834
vt 0.816694 0.002045
vt 0.822765 0.008598
vt 0.513076 0.845922
vt 0.808165 0.008720
vt 0.808095 0.002211
vt 0.521648 0.846717
vt 0.486951 0.834925
vt 0.480413 0.834943
vt 0.494566 0.835556
vt 0.832586 0.008698
vt 0.784440 0.776414
vt 0.780333 0.780186
vt 0.780333 0.772316
vt 0.500759 0.838339
vt 0.486434 0.826061
vt 0.480294 0.828777
vt 0.850863 0.504434
vt 0.840949 0.504404
vt 0.844938 0.499372
vt 0.838812 0.497885
vt 0.491559 0.829514
vt 0.064133 0.007887
vt 0.079933 0.002689
vt 0.858137 0.504510
vt 0.857424 0.499173
vt 0.848498 0.498441
vt 0.053809 0.016087
vt 0.866127 0.504563
vt 0.866028 0.499390
vt 0.482953 0.808618
vt 0.479611 0.800077
vt 0.606311 0.674258
vt 0.638133 0.647116
vt 0.615728 0.671569
vt 0.623397 0.662287
vt 0.631295 0.654125
vt 0.621531 0.691150
vt 0.624632 0.670783
vt 0.626982 0.697382
vt 0.799562 0.488780
vt 0.799373 0.494514
vt 0.791201 0.488828
vt 0.790576 0.494653
vt 0.627983 0.688541
vt 0.783769 0.488845
vt 0.781331 0.495005
vt 0.631305 0.670719
vt 0.631743 0.662446
vt 0.777537 0.493306
vt 0.778664 0.488475
vt 0.635783 0.675109
vt 0.630594 0.679186
vt 0.774025 0.488621
vt 0.771927 0.494452
vt 0.638820 0.669397
vt 0.640129 0.662046
vt 0.640596 0.654234
vt 0.338903 0.983805
vt 0.335162 0.988484
vt 0.334119 0.983684
vt 0.644564 0.666340
vt 0.328811 0.984062
vt 0.331065 0.990053
vt 0.648658 0.661283
vt 0.654396 0.653542
vt 0.699251 0.641675
vt 0.321641 0.989610
vt 0.321183 0.984041
vt 0.658086 0.658688
vt 0.673765 0.646875
vt 0.312762 0.989401
vt 0.312714 0.983976
vt 0.666966 0.657706
vt 0.673133 0.652928
vt 0.701230 0.630404
vt 0.799494 0.479349
vt 0.791291 0.478718
vt 0.784481 0.478714
vt 0.779080 0.479058
vt 0.774758 0.478516
vt 0.338137 0.973692
vt 0.333701 0.973832
vt 0.328149 0.973842
vt 0.321022 0.974654
vt 0.312759 0.975147
vt 0.799750 0.288516
vt 0.319703 0.514149
vt 0.312564 0.781577
vt 0.792787 0.046483
vt 0.787200 0.016692
vt 0.782491 0.017874
vt 0.330495 0.513371
vt 0.800250 0.018678
vt 0.312229 0.514100
vt 0.777576 0.018953
vt 0.580767 0.842234
vt 0.556761 0.860581
vt 0.543744 0.852345
vt 0.556689 0.851846
vt 0.799762 0.008746
vt 0.530510 0.846358
vt 0.791659 0.008788
vt 0.791632 0.017114
vt 0.799255 0.002241
vt 0.539947 0.844434
vt 0.548243 0.844165
vt 0.556632 0.843266
vt 0.565253 0.842969
vt 0.573655 0.837462
vt 0.781902 0.008996
vt 0.786132 0.004267
vt 0.543890 0.840112
vt 0.548975 0.838381
vt 0.776572 0.008642
vt 0.781137 0.003072
vt 0.556626 0.834919
vt 0.565118 0.834156
vt 0.580500 0.831482
vt 0.586006 0.833567
vt 0.327003 0.503819
vt 0.335590 0.514145
vt 0.333240 0.498538
vt 0.336596 0.503847
vt 0.325700 0.514402
vt 0.559642 0.828557
vt 0.565224 0.825139
vt 0.573445 0.825265
vt 0.320300 0.503951
vt 0.321099 0.497498
vt 0.567500 0.816387
vt 0.574122 0.816150
vt 0.312476 0.504042
vt 0.312595 0.497707
vt 0.874960 0.983970
vt 0.866879 0.988587
vt 0.035759 0.492748
vt 0.675161 0.743338
vt 0.690999 0.745649
vt 0.882447 0.984079
vt 0.875598 0.988548
vt 0.688085 0.737717
vt 0.692896 0.741097
vt 0.684311 0.741552
vt 0.892867 0.984233
vt 0.888398 0.988430
vt 0.018207 0.487947
vt 0.016847 0.493423
vt 0.709910 0.745177
vt 0.693541 0.735949
vt 0.701413 0.740308
vt 0.898294 0.984523
vt 0.893822 0.989419
vt 0.914762 0.494265
vt 0.909867 0.488849
vt 0.915457 0.488691
vt 0.920194 0.493352
vt 0.926038 0.488945
vt 0.701430 0.732622
vt 0.710000 0.740269
vt 0.704942 0.724997
vt 0.710139 0.732746
vt 0.706742 0.719646
vt 0.710970 0.724479
vt 0.933542 0.494674
vt 0.933879 0.488906
vt 0.009334 0.487772
vt 0.009424 0.492900
vt 0.717334 0.744982
vt 0.717610 0.740227
vt 0.717862 0.732824
vt 0.711201 0.715931
vt 0.718103 0.724373
vt 0.713118 0.706741
vt 0.718771 0.708981
vt 0.005083 0.492103
vt 0.004348 0.487684
vt 0.721678 0.744184
vt 0.696501 0.488083
vt 0.700413 0.492211
vt 0.696291 0.493306
vt 0.722732 0.740042
vt 0.689163 0.488331
vt 0.689035 0.493986
vt 0.723403 0.732770
vt 0.677283 0.494135
vt 0.723844 0.720995
vt 0.874570 0.965198
vt 0.019404 0.480124
vt 0.881383 0.973820
vt 0.874766 0.976457
vt 0.886810 0.975289
vt 0.881875 0.867044
vt 0.887369 0.885620
vt 0.892391 0.974681
vt 0.897070 0.974239
vt 0.910980 0.478537
vt 0.915784 0.480932
vt 0.915732 0.470751
vt 0.921369 0.480024
vt 0.927147 0.478769
vt 0.920197 0.301927
vt 0.934044 0.478988
vt 0.009287 0.477931
vt 0.008056 0.027808
vt 0.016889 0.469571
vt 0.004036 0.478764
vt 0.696509 0.477809
vt 0.701175 0.487796
vt 0.688959 0.478333
vt 0.680338 0.479248
vt 0.678703 0.488362
vt 0.049384 0.285206
vt 0.037434 0.458804
vt 0.874821 0.889236
vt 0.874828 0.759369
vt 0.024542 0.183651
vt 0.892835 0.790825
vt 0.897714 0.780321
vt 0.015824 0.026010
vt 0.933742 0.293899
vt 0.925724 0.294634
vt 0.888015 0.773891
vt 0.915367 0.289567
vt 0.687833 0.018416
vt 0.036215 0.206569
vt 0.882375 0.672661
vt 0.882704 0.758059
vt 0.891936 0.761847
vt 0.894159 0.514732
vt 0.695502 0.018312
vt 0.677858 0.026184
vt 0.669970 0.471016
vt 0.051119 0.145226
vt 0.023880 0.025519
vt 0.913381 0.018739
vt 0.910036 0.284637
vt 0.908584 0.019239
vt 0.918827 0.019257
vt 0.925460 0.019208
vt 0.933215 0.019197
vt 0.866285 0.514394
vt 0.874619 0.514047
vt 0.031678 0.025186
vt 0.882453 0.514373
vt 0.888892 0.514931
vt 0.001592 0.017176
vt 0.701539 0.017257
vt 0.701539 0.478878
vt 0.051025 0.025610
vt 0.050081 0.008221
vt 0.874603 0.504553
vt 0.482807 0.799925
vt 0.874723 0.499387
vt 0.882725 0.504479
vt 0.483638 0.791226
vt 0.027417 0.016283
vt 0.027229 0.008303
vt 0.051225 0.003317
vt 0.027959 0.002441
vt 0.883398 0.499159
vt 0.889745 0.504379
vt 0.480139 0.776803
vt 0.485844 0.782113
vt 0.894725 0.504630
vt 0.784640 0.786153
vt 0.780333 0.789740
vt 0.780333 0.783370
vt 0.486373 0.773326
vt 0.898722 0.514894
vt 0.896115 0.499382
vt 0.899631 0.504404
vt 0.490628 0.778348
vt 0.493519 0.772315
vt 0.912876 0.009014
vt 0.907751 0.008770
vt 0.911614 0.003594
vt 0.905572 0.002308
vt 0.016178 0.016148
vt 0.016176 0.008061
vt 0.016181 0.001819
vt 0.480339 0.765020
vt 0.486605 0.764846
vt 0.494471 0.764517
vt 0.918121 0.008663
vt 0.499354 0.769303
vt 0.503072 0.763967
vt 0.925359 0.008758
vt 0.924906 0.002433
vt 0.915669 0.001872
vt 0.933596 0.008845
vt 0.933659 0.002651
vt 0.008074 0.016190
vt 0.008157 0.008176
vt 0.008359 0.002137
vt 0.480755 0.757200
vt 0.486711 0.756858
vt 0.494649 0.756616
vt 0.503267 0.756361
vt 0.512149 0.761400
vt 0.513090 0.755465
vt 0.002079 0.008456
vt 0.003201 0.003294
vt 0.700983 0.008533
vt 0.695225 0.008279
vt 0.699804 0.003363
vt 0.481832 0.752048
vt 0.486872 0.750794
vt 0.685252 0.008349
vt 0.694827 0.002167
vt 0.496178 0.749979
vt 0.677552 0.016545
vt 0.304000 0.989453
vt 0.304117 0.983999
vt 0.295964 0.984102
vt 0.295308 0.989745
vt 0.696836 0.655054
vt 0.675727 0.657915
vt 0.288933 0.984173
vt 0.282624 0.988842
vt 0.284036 0.983855
vt 0.286249 0.990282
vt 0.708768 0.647980
vt 0.966091 0.488727
vt 0.962751 0.493596
vt 0.961069 0.488593
vt 0.279331 0.983996
vt 0.276775 0.990016
vt 0.702168 0.662753
vt 0.697100 0.667527
vt 0.693472 0.662042
vt 0.702052 0.654651
vt 0.942272 0.494620
vt 0.942025 0.488902
vt 0.949811 0.488904
vt 0.956353 0.488912
vt 0.950780 0.494672
vt 0.678886 0.786336
vt 0.683986 0.785784
vt 0.683986 0.791115
vt 0.710659 0.671679
vt 0.705689 0.676955
vt 0.702943 0.670706
vt 0.710573 0.663069
vt 0.710595 0.654767
vt 0.710704 0.642103
vt 0.713566 0.698025
vt 0.718509 0.684085
vt 0.712912 0.689460
vt 0.710847 0.680584
vt 0.718228 0.671830
vt 0.718256 0.663143
vt 0.718243 0.654904
vt 0.718159 0.648057
vt 0.718281 0.638066
vt 0.621394 0.488642
vt 0.622086 0.494318
vt 0.723722 0.665775
vt 0.723504 0.655022
vt 0.611337 0.494066
vt 0.722797 0.649087
vt 0.605390 0.493480
vt 0.610410 0.488302
vt 0.718410 0.643014
vt 0.723015 0.639763
vt 0.304395 0.974538
vt 0.296730 0.974301
vt 0.290076 0.973844
vt 0.284907 0.974369
vt 0.965496 0.478461
vt 0.960270 0.478911
vt 0.280667 0.973736
vt 0.942178 0.478845
vt 0.949508 0.478601
vt 0.955429 0.480993
vt 0.955732 0.469509
vt 0.710786 0.631309
vt 0.615305 0.480204
vt 0.601833 0.472352
vt 0.596267 0.486511
vt 0.602304 0.488922
vt 0.762575 0.635406
vt 0.766178 0.631366
vt 0.767004 0.636377
vt 0.593460 0.480671
vt 0.593045 0.463627
vt 0.593104 0.472329
vt 0.584105 0.454321
vt 0.304141 0.764345
vt 0.290063 0.779857
vt 0.960508 0.259153
vt 0.965140 0.308206
vt 0.280283 0.803482
vt 0.942205 0.292194
vt 0.296364 0.716490
vt 0.955648 0.224231
vt 0.965147 0.170760
vt 0.280283 0.666045
vt 0.284987 0.684414
vt 0.303762 0.514398
vt 0.289856 0.514664
vt 0.296108 0.514668
vt 0.960678 0.019169
vt 0.964916 0.019149
vt 0.280050 0.514438
vt 0.285114 0.514431
vt 0.949623 0.225179
vt 0.941678 0.018909
vt 0.955668 0.019432
vt 0.949457 0.019197
vt 0.615707 0.025918
vt 0.577855 0.440146
vt 0.304078 0.504046
vt 0.303944 0.497704
vt 0.568517 0.799232
vt 0.574162 0.795276
vt 0.580446 0.775804
vt 0.585908 0.766167
vt 0.296108 0.503958
vt 0.295357 0.497483
vt 0.567548 0.790646
vt 0.284447 0.504174
vt 0.289342 0.503846
vt 0.282912 0.498570
vt 0.286450 0.496860
vt 0.573264 0.781654
vt 0.565194 0.781739
vt 0.961491 0.008872
vt 0.966121 0.008567
vt 0.279378 0.503870
vt 0.963038 0.003277
vt 0.968843 0.001691
vt 0.276775 0.497009
vt 0.564878 0.772820
vt 0.559813 0.778230
vt 0.556925 0.772086
vt 0.573122 0.772851
vt 0.942083 0.008823
vt 0.942352 0.002607
vt 0.950059 0.008692
vt 0.950920 0.002297
vt 0.956815 0.008549
vt 0.959756 0.001592
vt 0.273220 0.784115
vt 0.267621 0.783604
vt 0.273220 0.778449
vt 0.556082 0.764132
vt 0.550889 0.769162
vt 0.547250 0.763781
vt 0.564684 0.764237
vt 0.573048 0.764205
vt 0.580276 0.764195
vt 0.536716 0.755298
vt 0.520844 0.760299
vt 0.547104 0.756127
vt 0.538219 0.761330
vt 0.555886 0.756214
vt 0.564581 0.756193
vt 0.572876 0.756233
vt 0.579791 0.756384
vt 0.589607 0.756331
vt 0.584761 0.756095
vt 0.619432 0.008314
vt 0.685566 0.001856
vt 0.560456 0.750006
vt 0.613609 0.017001
vt 0.606362 0.016097
vt 0.609180 0.002163
vt 0.608712 0.008395
vt 0.572617 0.750278
vt 0.596315 0.019154
vt 0.603117 0.003091
vt 0.600080 0.008311
vt 0.578642 0.751207
vt 0.593960 0.010933
vt 0.591251 0.016870
vt 0.765592 0.675559
vt 0.760852 0.671968
vt 0.765063 0.669942
vt 0.587773 0.751028
vt 0.581719 0.749653
vt 0.700679 0.597196
vt 0.700831 0.570505
vt 0.643430 0.539639
vt 0.214898 0.573933
vt 0.222822 0.554712
vt 0.133598 0.892757
vt 0.129686 0.888390
vt 0.124721 0.872131
vt 0.136168 0.877087
vt 0.130572 0.871252
vt 0.798308 0.747182
vt 0.795413 0.742516
vt 0.800316 0.742678
vt 0.262325 0.706910
vt 0.257046 0.714666
vt 0.258135 0.706821
vt 0.270358 0.714806
vt 0.259817 0.714933
vt 0.598204 0.502947
vt 0.607789 0.509700
vt 0.613214 0.497502
vt 0.607236 0.502953
vt 0.134878 0.882873
vt 0.126577 0.880250
vt 0.777008 0.752367
vt 0.771927 0.768557
vt 0.771960 0.753404
vt 0.776454 0.769131
vt 0.776761 0.760885
vt 0.783522 0.760244
vt 0.784158 0.752111
vt 0.783803 0.743606
vt 0.776925 0.744437
vt 0.789230 0.757235
vt 0.792444 0.751116
vt 0.790625 0.743300
vt 0.795519 0.747622
vt 0.789785 0.732718
vt 0.783566 0.735552
vt 0.617068 0.512163
vt 0.612490 0.514974
vt 0.611802 0.512121
vt 0.616165 0.507547
vt 0.139698 0.835375
vt 0.162287 0.881851
vt 0.120053 0.899759
vt 0.143089 0.882160
vt 0.143936 0.875346
vt 0.136941 0.871887
vt 0.145267 0.866210
vt 0.138010 0.863094
vt 0.620280 0.522099
vt 0.626598 0.525351
vt 0.619265 0.527845
vt 0.766121 0.777075
vt 0.760672 0.777075
vt 0.761254 0.770275
vt 0.625005 0.516386
vt 0.617207 0.518480
vt 0.624982 0.509975
vt 0.625832 0.502804
vt 0.615968 0.502394
vt 0.624744 0.497777
vt 0.152478 0.878008
vt 0.633445 0.524787
vt 0.625131 0.534835
vt 0.633634 0.513828
vt 0.143011 0.840634
vt 0.158357 0.848334
vt 0.144168 0.845797
vt 0.151596 0.835367
vt 0.633667 0.536062
vt 0.639991 0.505165
vt 0.163669 0.834814
vt 0.154041 0.840734
vt 0.167727 0.849433
vt 0.160293 0.839850
vt 0.169093 0.844443
vt 0.177128 0.844069
vt 0.177259 0.837583
vt 0.168809 0.837470
vt 0.684421 0.544090
vt 0.186876 0.863107
vt 0.177929 0.848943
vt 0.186643 0.853290
vt 0.184833 0.856467
vt 0.182920 0.843228
vt 0.193451 0.838079
vt 0.186510 0.846468
vt 0.124314 0.862797
vt 0.262808 0.695415
vt 0.258434 0.698275
vt 0.139237 0.828513
vt 0.138922 0.820351
vt 0.134235 0.810067
vt 0.125518 0.809744
vt 0.142914 0.810232
vt 0.151631 0.828743
vt 0.151456 0.818077
vt 0.159353 0.818745
vt 0.175278 0.828439
vt 0.163946 0.828932
vt 0.171494 0.818319
vt 0.183804 0.837563
vt 0.189478 0.827223
vt 0.177840 0.818709
vt 0.184213 0.826770
vt 0.129241 0.856100
vt 0.126309 0.611139
vt 0.777112 0.520142
vt 0.772143 0.514365
vt 0.783498 0.529089
vt 0.789538 0.535193
vt 0.793854 0.544091
vt 0.127294 0.663946
vt 0.136222 0.656679
vt 0.144886 0.656663
vt 0.153734 0.656626
vt 0.167039 0.646743
vt 0.161309 0.657260
vt 0.173359 0.656336
vt 0.179724 0.647781
vt 0.191830 0.647372
vt 0.258507 0.516247
vt 0.263009 0.516996
vt 0.258167 0.505467
vt 0.262362 0.505345
vt 0.797342 0.533096
vt 0.795339 0.525161
vt 0.800791 0.524580
vt 0.270323 0.497106
vt 0.259725 0.496860
vt 0.717777 0.784744
vt 0.722696 0.783873
vt 0.710581 0.784800
vt 0.121125 0.655431
vt 0.790510 0.524610
vt 0.717944 0.775929
vt 0.712809 0.776095
vt 0.140569 0.646101
vt 0.141988 0.638381
vt 0.145530 0.632354
vt 0.143590 0.628297
vt 0.153879 0.633139
vt 0.153507 0.645990
vt 0.158440 0.638999
vt 0.175888 0.623785
vt 0.151233 0.628824
vt 0.162335 0.634071
vt 0.171287 0.629211
vt 0.166812 0.640255
vt 0.179268 0.636909
vt 0.179675 0.628458
vt 0.187408 0.637813
vt 0.185918 0.648221
vt 0.185702 0.629356
vt 0.139330 0.575322
vt 0.108486 0.574535
vt 0.127203 0.601031
vt 0.131838 0.584710
vt 0.120207 0.585236
vt 0.129015 0.579799
vt 0.131202 0.617085
vt 0.131662 0.609825
vt 0.132494 0.601742
vt 0.133224 0.595890
vt 0.129393 0.592520
vt 0.798854 0.519987
vt 0.795724 0.519772
vt 0.153280 0.586109
vt 0.772188 0.507104
vt 0.771927 0.499023
vt 0.777237 0.507032
vt 0.138710 0.601408
vt 0.138703 0.594684
vt 0.784428 0.515786
vt 0.784166 0.507403
vt 0.781467 0.501487
vt 0.776471 0.498628
vt 0.792889 0.516352
vt 0.789942 0.510206
vt 0.708138 0.780888
vt 0.708144 0.775530
vt 0.704926 0.780492
vt 0.701485 0.776000
vt 0.146750 0.597830
vt 0.141562 0.604333
vt 0.147542 0.607130
vt 0.140282 0.610283
vt 0.258321 0.768759
vt 0.263852 0.768759
vt 0.258724 0.775728
vt 0.717794 0.768866
vt 0.703694 0.767787
vt 0.708658 0.767593
vt 0.145521 0.589212
vt 0.155006 0.596810
vt 0.155233 0.606372
vt 0.695047 0.767026
vt 0.707267 0.758015
vt 0.717774 0.761191
vt 0.164874 0.601473
vt 0.695285 0.759282
vt 0.708747 0.749653
vt 0.163564 0.620291
vt 0.203503 0.595607
vt 0.183945 0.614153
vt 0.180483 0.620585
vt 0.185066 0.624324
vt 0.188934 0.620623
vt 0.190827 0.628657
vt 0.711012 0.606958
vt 0.712061 0.590891
vt 0.701957 0.579851
vt 0.710779 0.574805
vt 0.628321 0.758577
vt 0.622488 0.749653
vt 0.629699 0.751625
vt 0.710849 0.622823
vt 0.718366 0.629048
vt 0.710975 0.614861
vt 0.718450 0.620063
vt 0.718532 0.611080
vt 0.718591 0.602110
vt 0.711122 0.598377
vt 0.718591 0.593225
vt 0.259250 0.756666
vt 0.268935 0.750946
vt 0.271061 0.758447
vt 0.716615 0.575990
vt 0.710789 0.579490
vt 0.533885 0.425413
vt 0.537766 0.419939
vt 0.538812 0.428234
vt 0.761611 0.527102
vt 0.766065 0.522324
vt 0.766097 0.528410
vt 0.627544 0.763988
vt 0.623819 0.759676
vt 0.723092 0.630755
vt 0.718500 0.633808
vt 0.587500 0.477849
vt 0.762360 0.652359
vt 0.766191 0.648467
vt 0.766850 0.653493
vt 0.584698 0.471924
vt 0.584328 0.463587
vt 0.723164 0.621759
vt 0.718583 0.624818
vt 0.578748 0.469083
vt 0.761940 0.688674
vt 0.766023 0.685053
vt 0.766347 0.690096
vt 0.575938 0.463165
vt 0.575552 0.454840
vt 0.723228 0.612765
vt 0.718666 0.615832
vt 0.569996 0.460311
vt 0.761468 0.705857
vt 0.765822 0.702564
vt 0.765768 0.707596
vt 0.567182 0.454390
vt 0.575472 0.446157
vt 0.566781 0.446070
vt 0.566396 0.427970
vt 0.566691 0.437399
vt 0.723236 0.603787
vt 0.718739 0.606850
vt 0.561259 0.451500
vt 0.761289 0.723245
vt 0.765787 0.720137
vt 0.765582 0.725116
vt 0.558459 0.445542
vt 0.558087 0.437227
vt 0.723096 0.594933
vt 0.718768 0.597901
vt 0.552644 0.442541
vt 0.273179 0.747491
vt 0.273590 0.752327
vt 0.550108 0.436535
vt 0.558062 0.428636
vt 0.550181 0.428422
vt 0.556669 0.418031
vt 0.264339 0.745409
vt 0.264400 0.749842
vt 0.545128 0.433411
vt 0.258321 0.747742
vt 0.544061 0.427805
vt 0.549417 0.417232
vt 0.543040 0.418874
vt 0.531113 0.419462
vt 0.525682 0.416452
vt 0.229748 0.901524
vt 0.235018 0.904835
vt 0.229734 0.906445
vt 0.523422 0.402258
vt 0.523257 0.410382
vt 0.529695 0.392017
vt 0.536595 0.403527
vt 0.543251 0.407788
vt 0.565986 0.066359
vt 0.535173 0.095890
vt 0.522761 0.391731
vt 0.529320 0.097307
vt 0.548560 0.079150
vt 0.557169 0.076710
vt 0.595895 0.769692
vt 0.595523 0.758380
vt 0.601142 0.758988
vt 0.225193 0.573297
vt 0.236061 0.563079
vt 0.233572 0.566382
vt 0.528783 0.087294
vt 0.529009 0.079431
vt 0.536540 0.084906
vt 0.529516 0.073409
vt 0.539459 0.074671
vt 0.600919 0.752663
vt 0.595523 0.749653
vt 0.521988 0.095962
vt 0.522388 0.104966
vt 0.522332 0.087736
vt 0.523071 0.080373
vt 0.525701 0.075508
vt 0.238944 0.563923
vt 0.604840 0.757156
vt 0.604528 0.754235
vt 0.558653 0.064061
vt 0.540733 0.089672
vt 0.226543 0.497024
vt 0.225940 0.522568
vt 0.235465 0.509207
vt 0.235933 0.498326
vt 0.235241 0.518043
vt 0.235015 0.526855
vt 0.234788 0.535640
vt 0.235134 0.543208
vt 0.234062 0.554192
vt 0.674714 0.757269
vt 0.667769 0.764385
vt 0.670129 0.756445
vt 0.766581 0.548934
vt 0.760672 0.555754
vt 0.762143 0.547515
vt 0.766580 0.567337
vt 0.760672 0.574114
vt 0.762146 0.565900
vt 0.766589 0.585659
vt 0.760672 0.592364
vt 0.762162 0.584192
vt 0.766609 0.603797
vt 0.760672 0.610354
vt 0.762198 0.602287
vt 0.242599 0.546083
vt 0.242326 0.550929
vt 0.576375 0.063156
vt 0.576190 0.046080
vt 0.577601 0.038170
vt 0.585202 0.019669
vt 0.582510 0.025645
vt 0.249016 0.507740
vt 0.243817 0.510612
vt 0.243702 0.505914
vt 0.673526 0.751803
vt 0.667769 0.749653
vt 0.576455 0.028441
vt 0.573768 0.034422
vt 0.248737 0.516578
vt 0.243569 0.519440
vt 0.243458 0.514741
vt 0.766104 0.543390
vt 0.760672 0.540513
vt 0.558876 0.057310
vt 0.567707 0.037212
vt 0.565023 0.043199
vt 0.248444 0.525416
vt 0.243304 0.528268
vt 0.243209 0.523567
vt 0.766102 0.561831
vt 0.760672 0.558939
vt 0.558953 0.045983
vt 0.556271 0.051979
vt 0.248071 0.534254
vt 0.242982 0.537096
vt 0.242928 0.532394
vt 0.766093 0.580237
vt 0.760672 0.577299
vt 0.547882 0.069415
vt 0.550208 0.054767
vt 0.547638 0.060841
vt 0.247527 0.543102
vt 0.242579 0.541237
vt 0.766058 0.598556
vt 0.760672 0.595549
vt 0.542036 0.063909
vt 0.246889 0.552301
vt 0.242750 0.558071
vt 0.544048 0.057766
vt 0.195603 0.860066
vt 0.192779 0.871323
vt 0.194308 0.852641
vt 0.194389 0.846339
vt 0.204936 0.877756
vt 0.203331 0.886602
vt 0.619304 0.766103
vt 0.619304 0.777339
vt 0.616143 0.773966
vt 0.203044 0.861676
vt 0.195604 0.867411
vt 0.199444 0.851688
vt 0.209662 0.846792
vt 0.202674 0.854956
vt 0.200032 0.846208
vt 0.204717 0.836393
vt 0.648518 0.764940
vt 0.648518 0.776890
vt 0.642803 0.770050
vt 0.211806 0.870517
vt 0.203879 0.868325
vt 0.208423 0.860697
vt 0.218014 0.857540
vt 0.211588 0.863910
vt 0.209045 0.855021
vt 0.213813 0.845074
vt 0.213562 0.894847
vt 0.223015 0.905328
vt 0.220114 0.912404
vt 0.221234 0.888413
vt 0.212646 0.885274
vt 0.218516 0.878680
vt 0.212527 0.877812
vt 0.229023 0.876122
vt 0.221610 0.881748
vt 0.498895 0.377124
vt 0.506194 0.387667
vt 0.495126 0.384253
vt 0.216946 0.869463
vt 0.491087 0.381053
vt 0.217661 0.863829
vt 0.490175 0.375402
vt 0.494721 0.365805
vt 0.229341 0.896813
vt 0.221280 0.893647
vt 0.226781 0.887321
vt 0.507844 0.398909
vt 0.517736 0.396860
vt 0.512429 0.401937
vt 0.506433 0.393102
vt 0.516872 0.388610
vt 0.227896 0.881540
vt 0.510852 0.375271
vt 0.499510 0.365000
vt 0.505376 0.374109
vt 0.233977 0.895636
vt 0.518512 0.407211
vt 0.229492 0.890350
vt 0.517577 0.401607
vt 0.616143 0.780524
vt 0.619260 0.784182
vt 0.616143 0.788386
vt 0.195272 0.827357
vt 0.200360 0.835702
vt 0.197707 0.641069
vt 0.202447 0.637303
vt 0.207578 0.630636
vt 0.212192 0.629531
vt 0.499699 0.117327
vt 0.504222 0.123568
vt 0.510469 0.114771
vt 0.515786 0.106521
vt 0.202554 0.626114
vt 0.479611 0.141108
vt 0.484383 0.133737
vt 0.484344 0.356654
vt 0.489046 0.132393
vt 0.489489 0.357641
vt 0.198729 0.607460
vt 0.196765 0.620979
vt 0.196145 0.615210
vt 0.207076 0.599496
vt 0.206323 0.606664
vt 0.202270 0.620996
vt 0.202018 0.615928
vt 0.210476 0.620372
vt 0.205225 0.612701
vt 0.218038 0.588805
vt 0.215582 0.592644
vt 0.215176 0.597873
vt 0.217024 0.622187
vt 0.211366 0.612384
vt 0.210995 0.607224
vt 0.220766 0.610444
vt 0.214213 0.603935
vt 0.225105 0.580352
vt 0.224225 0.584797
vt 0.223086 0.595073
vt 0.223939 0.589252
vt 0.489033 0.121980
vt 0.494162 0.124797
vt 0.489998 0.115152
vt 0.219952 0.598436
vt 0.228343 0.601008
vt 0.220495 0.603604
vt 0.233488 0.571496
vt 0.509866 0.103895
vt 0.229579 0.580971
vt 0.238849 0.582219
vt 0.230080 0.586481
vt 0.232635 0.577588
vt 0.498159 0.112514
vt 0.500563 0.101116
vt 0.499330 0.105639
vt 0.228400 0.594124
vt 0.227986 0.589585
vt 0.516310 0.093728
vt 0.516785 0.088726
vt 0.518352 0.083589
vt 0.237997 0.577201
vt 0.667769 0.787650
vt 0.672707 0.789432
vt 0.667769 0.792622
vt 0.267600 0.492896
vt 0.253087 0.492542
vt 0.895352 0.478035
vt 0.717430 0.478005
vt 0.253225 0.015920
vt 0.249808 0.016090
vt 0.902387 0.002674
vt 0.659048 0.791831
vt 0.659048 0.786617
vt 0.664170 0.789893
vt 0.333811 0.493616
vt 0.342945 0.493336
vt 0.634638 0.792859
vt 0.632883 0.787887
vt 0.636773 0.787887
vt 0.473866 0.983561
vt 0.843913 0.356255
vt 0.476427 0.975225
vt 0.843651 0.237693
vt 0.473050 0.732826
vt 0.848197 0.222951
vt 0.474424 0.513019
vt 0.574325 0.997391
vt 0.740737 0.775881
vt 0.736649 0.780216
vt 0.736649 0.771808
vt 0.847963 0.001592
vt 0.592338 0.980170
vt 0.658780 0.783432
vt 0.658780 0.777536
vt 0.664170 0.782608
vt 0.838812 0.001673
vt 0.472925 0.496860
vt 0.455933 0.497761
vt 0.568662 0.948341
vt 0.755572 0.493008
vt 0.263528 0.790877
vt 0.259609 0.793485
vt 0.259609 0.787790
vt 0.765503 0.493494
vt 0.345094 0.989699
vt 0.792556 0.774995
vt 0.789122 0.780186
vt 0.787625 0.774995
vt 0.354523 0.990143
vt 0.365323 0.990966
vt 0.759299 0.002098
vt 0.765180 0.017887
vt 0.768742 0.001592
vt 0.513472 0.902259
vt 0.408220 0.990884
vt 0.404895 0.632743
vt 0.591384 0.773696
vt 0.530833 0.901775
vt 0.403147 0.442913
vt 0.492860 0.587012
vt 0.494090 0.564277
vt 0.429754 0.080619
vt 0.423270 0.072693
vt 0.638842 0.776056
vt 0.632883 0.776056
vt 0.638007 0.769744
vt 0.612656 0.770475
vt 0.608025 0.774235
vt 0.608025 0.766103
vt 0.628416 0.776390
vt 0.622488 0.775624
vt 0.628416 0.770061
vt 0.733465 0.778024
vt 0.727515 0.777274
vt 0.733465 0.771808
vt 0.749875 0.771808
vt 0.749875 0.777819
vt 0.743922 0.772572
vt 0.760672 0.749559
vt 0.652385 0.761755
vt 0.642803 0.756760
vt 0.652385 0.749653
vt 0.685851 0.761818
vt 0.677899 0.761818
vt 0.678606 0.749653
vt 0.762166 0.734436
vt 0.438217 0.407830
vt 0.655569 0.753696
vt 0.664584 0.749653
vt 0.664584 0.761879
vt 0.013282 0.591060
vt 0.019807 0.607087
vt 0.465177 0.116755
vt 0.528372 0.528422
vt 0.253862 0.514476
vt 0.253577 0.503578
vt 0.253862 0.496860
vt 0.081210 0.883788
vt 0.573586 0.544924
vt 0.757487 0.768623
vt 0.103908 0.862351
vt 0.585147 0.528018
vt 0.771927 0.778371
vt 0.777149 0.772316
vt 0.777149 0.778934
vt 0.273504 0.714499
vt 0.272190 0.694804
vt 0.730648 0.532214
vt 0.724330 0.804539
vt 0.718779 0.824914
vt 0.110141 0.609976
vt 0.106263 0.610718
vt 0.756855 0.774767
vt 0.753060 0.780317
vt 0.753060 0.771808
vt 0.627141 0.706122
vt 0.080058 0.492959
vt 0.852523 0.987477
vt 0.854013 0.974289
vt 0.825600 0.001592
vt 0.086104 0.002072
vt 0.829309 0.003470
vt 0.835627 0.002219
vt 0.743922 0.781004
vt 0.749270 0.781004
vt 0.745382 0.786396
vt 0.484039 0.817196
vt 0.604143 0.783194
vt 0.604143 0.789951
vt 0.600053 0.786381
vt 0.340900 0.989660
vt 0.789910 0.002091
vt 0.773652 0.001693
vt 0.339609 0.496933
vt 0.608718 0.785351
vt 0.608718 0.777420
vt 0.612656 0.781526
vt 0.329851 0.496888
vt 0.568484 0.807883
vt 0.884710 0.989048
vt 0.901644 0.990513
vt 0.906939 0.494918
vt 0.924249 0.494951
vt 0.892450 0.498424
vt 0.902064 0.497885
vt 0.684417 0.659234
vt 0.776022 0.782119
vt 0.776022 0.788959
vt 0.771927 0.785380
vt 0.968843 0.494731
vt 0.959516 0.495025
vt 0.599170 0.491888
vt 0.724059 0.645822
vt 0.662205 0.765064
vt 0.664584 0.774351
vt 0.658780 0.774351
vt 0.760672 0.642949
vt 0.760672 0.629218
vt 0.592338 0.764279
vt 0.529557 0.760285
vt 0.760672 0.663133
vt 0.621345 0.001592
vt 0.632883 0.779241
vt 0.638307 0.779929
vt 0.632883 0.784702
vt 0.760672 0.679190
vt 0.797385 0.734678
vt 0.134022 0.863645
vt 0.794547 0.734674
vt 0.134304 0.844794
vt 0.614563 0.551427
vt 0.674089 0.528514
vt 0.794121 0.726131
vt 0.166095 0.818689
vt 0.257046 0.497329
vt 0.794263 0.533308
vt 0.136542 0.628456
vt 0.136227 0.609820
vt 0.684506 0.782599
vt 0.678886 0.782471
vt 0.684505 0.776505
vt 0.698173 0.773062
vt 0.692578 0.774537
vt 0.155377 0.618322
vt 0.258321 0.765574
vt 0.760672 0.537328
vt 0.760672 0.659948
vt 0.760672 0.696337
vt 0.760672 0.713807
vt 0.760672 0.731251
vt 0.719094 0.580887
vt 0.760672 0.519605
vt 0.622488 0.766877
vt 0.724164 0.636747
vt 0.760672 0.646133
vt 0.724230 0.627743
vt 0.760672 0.682375
vt 0.724294 0.618740
vt 0.760672 0.699521
vt 0.724330 0.609742
vt 0.760672 0.716992
vt 0.724251 0.600781
vt 0.267646 0.745083
vt 0.546781 0.439385
vt 0.235920 0.898797
vt 0.535323 0.069682
vt 0.239355 0.568816
vt 0.250282 0.513754
vt 0.249981 0.522599
vt 0.249637 0.531443
vt 0.249143 0.540286
vt 0.248413 0.549209
vt 0.480674 0.366636
vt 0.480185 0.358395
vt 0.219524 0.872666
vt 0.489629 0.369104
vt 0.504852 0.098018
vt 0.237429 0.572044
s 1
usemtl left_finger1_middle_mat
f 4/1/1 1/2/2 2/3/3
f 9/4/4 6/5/5 7/6/6
f 9/7/4 1/2/2 8/8/7
f 10/9/8 1/10/2 3/11/9
f 12/12/10 3/11/9 5/13/11
f 14/14/12 6/5/5 13/15/13
f 15/16/14 6/17/5 8/18/7
f 10/9/8 15/16/14 8/18/7
f 17/19/15 10/9/8 11/20/16
f 12/12/10 17/19/15 11/20/16
f 20/21/17 19/22/18 18/23/19
f 23/24/20 13/15/13 22/25/21
f 24/26/22 13/27/13 15/16/14
f 25/28/23 15/16/14 16/29/24
f 26/30/25 16/29/24 17/19/15
f 28/31/26 17/19/15 18/23/19
f 28/32/26 27/33/27 26/34/25
f 19/22/18 28/31/26 18/23/19
f 29/35/28 19/36/18 21/37/29
f 31/38/30 22/39/21 24/26/22
f 32/40/31 24/26/22 25/28/23
f 34/41/32 25/28/23 26/30/25
f 34/42/32 33/43/33 32/44/31
f 27/45/27 34/46/32 26/47/25
f 23/24/20 30/48/34 36/49/35
f 37/50/36 30/51/37 31/38/30
f 39/52/38 31/38/30 32/40/31
f 39/53/38 38/54/39 37/55/36
f 33/56/33 39/57/38 32/58/31
f 42/59/40 30/51/37 37/50/36
f 38/60/39 42/61/41 37/62/36
f 47/63/42 2/3/3 45/64/43
f 49/65/44 4/1/1 47/63/42
f 51/66/45 44/67/46 50/68/47
f 52/69/48 7/6/6 50/68/47
f 52/70/48 2/3/3 9/7/4
f 52/70/48 44/71/46 45/64/43
f 53/72/49 7/6/6 14/14/12
f 54/73/50 50/68/47 53/72/49
f 58/74/51 14/14/12 23/24/20
f 59/75/52 53/72/49 58/74/51
f 61/76/53 27/33/27 29/35/28
f 62/77/54 60/78/55 61/76/53
f 56/79/56 29/35/28 21/37/29
f 63/80/57 56/79/56 57/81/58
f 63/80/57 55/82/59 61/76/53
f 35/83/60 65/84/61 33/43/33
f 60/78/55 35/83/60 27/33/27
f 40/85/62 69/86/63 38/60/39
f 65/87/61 40/85/62 33/56/33
f 72/88/64 70/89/65 69/86/63
f 72/88/64 65/87/61 66/90/66
f 69/86/63 43/91/67 38/60/39
f 74/92/68 69/86/63 70/89/65
f 77/93/69 44/71/46 76/94/70
f 78/95/71 46/96/72 77/93/69
f 48/97/73 47/63/42 78/95/71
f 83/98/74 81/99/75 82/100/76
f 79/101/77 62/77/54 55/82/59
f 84/102/78 59/75/52 64/103/79
f 66/104/66 80/105/80 81/99/75
f 80/105/80 60/78/55 82/100/76
f 86/106/81 64/103/79 68/107/82
f 85/108/83 72/88/64 66/90/66
f 75/109/84 70/89/65 87/110/85
f 51/66/45 54/73/50 88/111/86
f 89/112/87 79/101/77 57/81/58
f 91/113/88 83/98/74 62/77/54
f 94/114/89 86/106/81 68/107/82
f 93/115/90 75/109/84 87/110/85
f 97/116/91 76/94/70 96/117/92
f 78/95/71 77/93/69 97/116/91
f 76/118/70 51/66/45 98/119/93
f 88/111/86 59/75/52 99/120/94
f 102/121/95 101/122/96 92/123/97
f 102/121/95 81/124/75 100/125/98
f 93/115/90 92/123/97 101/122/96
f 103/126/99 86/106/81 94/114/89
f 96/127/92 98/119/93 105/128/100
f 98/119/93 88/111/86 106/129/101
f 107/130/102 79/101/77 89/112/87
f 108/131/103 99/120/94 84/102/78
f 108/131/103 84/102/78 86/106/81
f 109/132/104 104/133/105 93/115/90
f 112/134/106 96/117/92 111/135/107
f 113/136/108 97/116/91 112/134/106
f 48/97/73 78/95/71 114/137/109
f 116/138/110 91/113/88 79/101/77
f 117/139/111 79/101/77 107/130/102
f 106/129/101 99/120/94 118/140/112
f 120/141/113 100/142/98 90/143/114
f 115/144/115 120/141/113 91/113/88
f 122/145/116 100/125/98 119/146/117
f 122/145/116 121/147/118 101/122/96
f 123/148/119 101/122/96 121/147/118
f 124/149/120 109/132/104 123/148/119
f 112/134/106 125/150/121 129/151/122
f 129/151/122 127/152/123 130/153/124
f 130/153/124 128/154/125 131/155/126
f 132/156/127 130/153/124 133/157/128
f 133/157/128 131/155/126 134/158/129
f 135/159/130 133/157/128 134/158/129
f 139/160/131 111/161/107 105/128/100
f 139/160/131 137/162/132 140/163/133
f 140/163/133 125/164/121 139/160/131
f 140/163/133 138/165/134 141/166/135
f 127/167/123 140/163/133 141/166/135
f 128/168/125 141/166/135 142/169/136
f 143/170/137 128/171/125 142/172/136
f 144/173/138 131/174/126 143/170/137
f 145/175/139 134/176/129 144/173/138
f 146/177/140 135/178/141 145/175/139
f 136/179/142 147/180/143 148/181/144
f 105/128/100 106/129/101 147/180/143
f 147/180/143 136/179/142 105/128/100
f 142/169/136 149/182/145 150/183/146
f 151/184/147 142/172/136 150/185/146
f 152/186/148 143/170/137 151/184/147
f 154/187/149 144/173/138 152/186/148
f 155/188/150 115/144/115 116/138/110
f 156/189/151 153/190/152 155/188/150
f 156/191/153 145/175/154 154/187/149
f 157/192/155 116/138/110 117/139/111
f 158/193/156 155/188/150 157/192/155
f 158/194/157 145/175/154 156/191/153
f 149/182/145 159/195/158 161/196/159
f 162/197/160 149/182/145 161/196/159
f 163/198/161 150/185/146 162/199/160
f 165/200/162 151/184/147 163/198/161
f 166/201/163 119/202/117 120/141/113
f 166/201/163 115/144/115 153/190/152
f 167/203/164 164/204/165 166/201/163
f 167/203/164 153/190/152 154/205/149
f 167/206/164 152/186/148 165/200/162
f 118/140/112 108/131/103 168/207/166
f 171/208/167 121/147/118 122/145/116
f 171/208/167 119/146/117 164/209/165
f 172/210/168 169/211/169 171/208/167
f 172/210/168 164/209/165 165/212/162
f 172/213/168 163/198/161 170/214/170
f 168/207/166 108/131/103 173/215/171
f 175/216/172 121/147/118 169/211/169
f 176/217/173 169/211/169 170/218/170
f 176/219/174 162/199/160 174/220/175
f 173/215/171 108/131/103 103/126/99
f 160/221/176 173/215/171 177/222/177
f 178/223/178 160/221/176 177/222/177
f 174/224/179 161/196/159 178/223/178
f 179/225/180 123/148/119 175/216/172
f 180/226/181 175/216/172 176/217/173
f 181/227/182 5/228/183 4/1/1
f 184/229/184 181/227/182 185/230/185
f 182/231/186 187/232/187 5/13/11
f 189/233/188 182/231/186 183/234/189
f 184/235/184 189/233/188 183/234/189
f 191/236/190 184/229/184 185/230/185
f 186/237/191 191/238/190 185/239/185
f 187/232/187 20/21/17 12/12/10
f 192/240/192 21/37/29 20/241/17
f 195/242/193 192/243/192 194/244/194
f 188/245/195 196/246/196 187/232/187
f 199/247/197 188/245/195 189/233/188
f 190/248/198 199/247/197 189/233/188
f 201/249/199 190/248/198 191/238/190
f 195/250/193 204/251/200 205/252/201
f 195/250/193 203/253/202 193/254/203
f 196/246/196 204/255/200 194/244/194
f 207/256/204 204/251/200 206/257/205
f 197/258/206 206/259/205 196/246/196
f 209/260/207 206/259/205 208/261/208
f 210/262/209 197/258/206 198/263/210
f 199/247/197 210/262/209 198/263/210
f 200/264/211 211/265/212 199/247/197
f 201/249/199 212/266/213 200/264/211
f 202/267/214 213/268/215 201/249/199
f 209/269/207 216/270/216 217/271/217
f 209/272/207 215/273/218 207/256/204
f 210/262/209 216/274/216 208/261/208
f 211/265/212 218/275/219 210/262/209
f 212/266/213 219/276/220 211/265/212
f 221/277/221 216/278/216 220/279/222
f 218/275/219 220/280/222 216/274/216
f 223/281/223 220/279/222 222/282/224
f 219/276/220 222/283/224 218/275/219
f 212/266/213 224/284/225 219/276/220
f 213/268/215 225/285/226 212/266/213
f 223/281/223 226/286/227 227/287/228
f 224/284/225 226/288/229 222/283/224
f 49/65/44 48/97/73 228/289/230
f 181/227/182 49/65/44 229/290/231
f 185/230/185 229/290/231 230/291/232
f 230/291/232 49/65/44 231/292/233
f 231/292/233 49/65/44 228/289/230
f 186/293/191 230/291/232 232/294/234
f 232/294/234 231/292/233 233/295/235
f 233/295/235 231/292/233 234/296/236
f 235/297/237 186/298/191 232/299/234
f 193/254/203 56/79/56 21/37/29
f 237/300/238 56/79/56 236/301/239
f 238/302/240 237/300/238 236/301/239
f 202/267/214 191/238/190 235/303/237
f 238/302/240 236/301/239 203/253/202
f 239/304/241 203/253/202 205/252/201
f 239/304/241 238/302/240 203/253/202
f 240/305/242 238/302/240 239/304/241
f 207/256/204 239/304/241 205/252/201
f 241/306/243 240/305/242 239/304/241
f 244/307/244 242/308/245 241/306/243
f 241/306/243 215/273/218 244/307/244
f 245/309/246 215/273/218 217/310/217
f 246/311/247 244/307/244 245/309/246
f 245/312/246 221/277/221 247/313/248
f 248/314/249 221/277/221 223/281/223
f 248/314/249 227/287/228 249/315/250
f 250/316/251 57/81/58 237/300/238
f 238/302/240 250/316/251 237/300/238
f 238/302/240 240/305/242 251/317/252
f 242/308/245 251/317/252 240/305/242
f 252/318/253 247/313/248 248/314/249
f 253/319/254 252/318/253 249/315/250
f 228/289/230 48/97/73 254/320/255
f 255/321/256 251/317/252 256/322/257
f 242/308/245 256/322/257 251/317/252
f 243/323/258 246/324/247 258/325/259
f 246/324/247 247/313/248 259/326/260
f 260/327/261 259/326/260 252/318/253
f 262/328/262 260/327/261 253/319/254
f 263/329/263 260/327/261 262/328/262
f 250/316/251 107/130/102 89/112/87
f 255/321/256 264/330/264 250/316/251
f 255/321/256 256/322/257 266/331/265
f 267/332/266 266/331/265 256/322/257
f 269/333/267 268/334/268 258/325/259
f 258/325/259 259/326/260 270/335/269
f 254/320/255 114/137/109 283/336/270
f 271/337/271 117/139/111 264/330/264
f 272/338/272 264/330/264 265/339/273
f 266/331/265 272/338/272 265/339/273
f 266/331/265 267/332/266 274/340/274
f 268/341/268 274/340/274 267/332/266
f 275/342/275 269/333/267 276/343/276
f 269/333/267 270/335/269 277/344/277
f 278/345/278 270/335/269 260/327/261
f 279/346/279 278/345/278 263/329/263
f 280/347/280 132/156/127 281/348/281
f 281/348/281 133/157/128 282/349/282
f 282/349/282 135/159/130 284/350/283
f 285/351/284 280/347/280 281/348/281
f 286/352/285 281/348/281 282/349/282
f 287/353/286 282/349/282 284/350/283
f 254/320/255 283/336/270 288/354/287
f 289/355/288 283/336/270 280/347/280
f 290/356/289 280/347/280 285/351/284
f 291/357/290 285/351/284 286/352/285
f 292/358/291 286/352/285 287/353/286
f 293/359/292 288/354/287 283/336/270
f 294/360/293 283/336/270 289/355/288
f 295/361/294 289/355/288 290/356/289
f 296/362/295 290/356/289 291/357/290
f 284/363/283 146/177/140 297/364/296
f 284/363/283 297/364/296 298/365/297
f 284/363/283 298/365/297 299/366/298
f 300/367/299 284/363/283 299/366/298
f 292/368/291 301/369/300 291/370/290
f 292/371/291 300/367/299 302/372/301
f 296/373/295 303/374/302 295/375/294
f 304/376/303 117/139/111 271/337/271
f 305/377/304 157/192/155 304/376/303
f 146/177/305 158/194/157 305/378/304
f 272/338/272 304/376/303 271/337/271
f 306/379/306 305/377/304 304/376/303
f 146/177/305 305/378/304 307/380/307
f 273/381/308 306/379/306 272/338/272
f 308/382/309 307/383/307 306/379/306
f 297/364/310 307/380/307 309/384/311
f 298/365/297 309/384/311 310/385/312
f 299/366/298 310/385/312 311/386/313
f 300/367/299 311/386/313 312/387/314
f 302/372/301 313/388/315 301/389/300
f 302/372/301 312/387/314 314/390/316
f 301/391/300 315/392/317 303/374/302
f 308/382/309 273/381/308 274/340/274
f 275/393/275 308/382/309 274/340/274
f 317/394/318 316/395/319 308/382/309
f 310/385/312 316/396/319 318/397/320
f 311/386/313 318/397/320 319/398/321
f 312/387/314 319/398/321 320/399/322
f 321/400/323 275/342/275 276/343/276
f 322/401/324 317/402/318 321/400/323
f 319/398/321 322/403/324 323/404/325
f 320/399/322 323/404/325 324/405/326
f 325/406/327 313/388/315 314/390/316
f 314/390/316 324/405/326 325/406/327
f 326/407/328 276/343/276 277/344/277
f 327/408/329 321/400/323 326/407/328
f 278/345/278 326/407/328 277/344/277
f 323/404/325 327/409/329 328/410/330
f 324/405/326 328/410/330 329/411/331
f 330/412/332 278/345/278 279/346/279
f 331/413/333 326/407/328 330/412/332
f 36/49/35 41/414/334 333/415/335
f 334/416/336 41/417/337 42/59/40
f 43/91/67 334/418/338 42/61/41
f 337/419/339 334/418/338 335/420/340
f 333/415/335 41/414/334 338/421/341
f 336/422/342 338/423/343 41/417/337
f 340/424/344 336/425/345 337/419/339
f 341/426/346 342/427/347 339/428/348
f 344/429/349 341/430/346 340/424/344
f 345/431/350 344/432/349 346/433/351
f 333/415/335 338/421/341 347/434/352
f 342/427/347 347/435/352 338/423/343
f 343/436/353 348/437/354 342/427/347
f 345/438/350 349/439/355 343/436/353
f 351/440/356 346/433/351 352/441/357
f 349/439/355 353/442/358 348/437/354
f 350/443/359 354/444/360 349/439/355
f 351/445/356 355/446/361 350/443/359
f 357/447/362 352/441/357 358/448/363
f 354/444/360 359/449/364 353/442/358
f 355/446/361 360/450/365 354/444/360
f 361/451/366 355/446/361 356/452/367
f 357/453/362 361/451/366 356/452/367
f 364/454/368 360/450/365 361/451/366
f 362/455/369 364/454/368 361/451/366
f 366/456/370 36/49/35 333/415/335
f 73/457/371 58/74/51 366/456/370
f 74/92/68 335/420/340 43/91/67
f 368/458/372 74/92/68 75/109/84
f 370/459/373 335/420/340 367/460/374
f 371/461/375 367/460/374 368/458/372
f 73/457/371 372/462/376 373/463/377
f 374/464/378 337/419/339 370/459/373
f 374/464/378 370/459/373 371/461/375
f 340/424/344 374/464/378 376/465/379
f 376/465/379 374/464/378 375/466/380
f 378/467/381 340/424/344 376/465/379
f 379/468/382 376/465/379 377/469/383
f 346/433/351 378/470/381 380/471/384
f 380/471/384 379/472/382 381/473/385
f 382/474/386 346/433/351 380/471/384
f 381/473/385 382/474/386 380/471/384
f 352/441/357 382/474/386 384/475/387
f 388/476/388 385/477/389 386/478/390
f 388/476/388 352/441/357 384/475/387
f 358/448/363 388/476/388 389/479/391
f 390/480/392 388/476/388 386/478/390
f 392/481/393 68/107/82 73/457/371
f 73/457/371 369/482/394 392/481/393
f 392/481/393 369/482/394 394/483/395
f 375/466/380 371/461/375 393/484/396
f 394/483/395 373/463/377 395/485/397
f 385/477/389 383/486/398 397/487/399
f 386/478/390 397/487/399 399/488/400
f 399/488/400 397/487/399 400/489/401
f 401/490/402 397/487/399 398/491/403
f 399/488/400 402/492/404 386/478/390
f 402/492/404 399/488/400 400/489/401
f 95/493/405 403/494/406 75/109/84
f 393/484/396 368/458/372 403/494/406
f 377/469/383 375/466/380 404/495/407
f 398/491/403 396/496/408 405/497/409
f 403/494/406 95/493/405 104/133/105
f 393/484/396 403/494/406 407/498/410
f 404/495/407 393/484/396 408/499/411
f 379/468/382 377/469/383 409/500/412
f 381/473/385 379/472/382 410/501/413
f 410/501/413 405/497/409 381/473/385
f 401/490/402 398/491/403 411/502/414
f 413/503/415 103/126/99 392/481/393
f 407/498/410 104/133/105 110/504/416
f 392/481/393 394/483/395 413/503/415
f 413/503/415 394/483/395 414/505/417
f 410/501/413 415/506/418 416/507/419
f 422/508/420 395/485/397 373/463/377
f 416/507/419 405/497/409 410/501/413
f 417/509/421 110/504/416 124/149/120
f 408/499/411 407/498/410 417/509/421
f 420/510/422 408/499/411 419/511/423
f 409/500/412 404/495/407 420/510/422
f 414/505/417 395/485/397 422/508/420
f 421/512/424 415/513/418 409/500/412
f 411/502/414 423/514/425 424/515/426
f 425/516/427 103/126/99 413/503/415
f 174/224/179 178/223/178 426/517/428
f 179/225/180 417/509/421 124/149/120
f 180/226/181 427/518/429 179/225/180
f 180/519/430 426/520/431 428/521/432
f 427/518/429 419/511/423 417/509/421
f 428/522/433 429/523/434 427/518/429
f 428/521/432 426/520/431 430/524/435
f 177/222/177 418/525/436 431/526/437
f 178/223/178 431/526/437 432/527/438
f 426/517/428 432/527/438 433/528/439
f 429/523/434 420/510/422 419/511/423
f 430/529/440 434/530/441 429/523/434
f 430/524/435 433/531/439 435/532/442
f 436/533/443 420/510/422 434/530/441
f 437/534/444 434/535/441 435/536/442
f 435/532/442 433/531/439 438/537/445
f 436/538/443 439/539/446 421/540/424
f 437/541/444 440/542/447 436/533/443
f 437/543/444 438/537/445 441/544/448
f 442/545/449 439/539/446 440/546/447
f 443/547/450 440/546/447 441/548/448
f 433/528/439 432/527/438 444/549/451
f 438/537/445 444/550/451 445/551/452
f 441/544/448 445/551/452 446/552/453
f 442/545/449 423/514/425 416/507/419
f 443/553/450 446/552/453 447/554/454
f 448/555/455 423/514/425 442/545/449
f 449/556/456 442/545/449 447/557/454
f 451/558/457 424/515/426 448/555/455
f 452/559/458 448/555/455 449/556/456
f 445/551/452 444/550/451 453/560/459
f 446/552/453 453/560/459 454/561/460
f 455/562/461 446/552/453 454/561/460
f 452/563/458 455/562/461 456/564/462
f 454/561/460 453/560/459 457/565/463
f 457/565/463 453/560/459 458/566/464
f 459/567/465 457/565/463 458/566/464
f 227/287/228 460/568/466 461/569/467
f 224/284/225 460/570/468 226/288/229
f 225/285/226 462/571/469 224/284/225
f 461/569/467 463/572/470 464/573/471
f 464/573/471 467/574/472 468/575/473
f 469/576/474 463/577/475 462/571/469
f 470/578/476 462/571/469 225/285/226
f 474/579/477 471/580/478 472/581/479
f 474/582/477 467/583/472 473/584/480
f 474/579/477 466/585/481 468/575/473
f 479/586/482 477/587/483 476/588/484
f 479/589/482 471/580/478 478/590/485
f 480/591/486 471/592/478 473/584/480
f 469/576/474 480/591/486 473/584/480
f 470/578/476 481/593/487 469/576/474
f 482/594/488 358/448/363 483/595/489
f 485/596/490 482/594/488 483/595/489
f 485/596/490 475/597/491 484/598/492
f 486/599/493 475/600/491 477/601/483
f 487/602/494 477/601/483 478/603/485
f 480/591/486 487/602/494 478/603/485
f 481/593/487 490/604/495 480/591/486
f 465/605/496 488/606/497 213/268/215
f 362/455/369 357/453/362 482/607/488
f 489/608/498 482/607/488 484/609/492
f 486/599/493 489/608/498 484/609/492
f 490/604/495 486/599/493 487/602/494
f 481/593/487 491/610/499 490/604/495
f 365/611/500 362/455/369 489/608/498
f 490/604/495 365/611/500 489/608/498
f 492/612/501 227/287/228 461/569/467
f 493/613/502 249/315/250 492/612/501
f 494/614/503 461/569/467 464/573/471
f 496/615/504 466/585/481 495/616/505
f 496/615/504 464/573/471 468/575/473
f 497/617/506 494/614/503 496/615/504
f 499/618/507 466/585/481 472/581/479
f 495/616/505 499/618/507 500/619/508
f 500/619/508 506/620/509 498/621/510
f 504/622/511 476/588/484 502/623/512
f 504/622/511 503/624/513 505/625/514
f 506/626/509 476/588/484 504/622/511
f 499/618/507 479/589/482 506/620/509
f 506/626/509 504/622/511 505/625/514
f 507/627/515 358/448/363 389/479/391
f 507/627/515 390/480/392 508/628/516
f 501/629/517 508/628/516 509/630/518
f 510/631/519 483/595/489 507/627/515
f 502/623/512 485/596/490 510/631/519
f 501/629/517 502/623/512 510/631/519
f 501/629/517 507/627/515 508/628/516
f 511/632/520 493/613/502 494/614/503
f 514/633/521 400/489/401 401/490/402
f 515/634/522 501/629/517 512/635/523
f 516/636/524 512/635/523 513/637/525
f 505/625/514 503/624/513 515/634/522
f 498/638/510 505/625/514 517/639/526
f 517/639/526 515/634/522 516/636/524
f 509/630/518 390/480/392 402/492/404
f 513/637/525 402/492/404 400/489/401
f 518/640/527 253/319/254 493/613/502
f 497/617/506 519/641/528 520/642/529
f 520/642/529 511/632/520 497/617/506
f 521/643/530 519/641/528 500/619/508
f 498/638/510 517/639/526 533/644/531
f 522/645/532 518/640/527 511/632/520
f 523/646/533 263/329/263 518/640/527
f 523/646/533 522/645/532 525/647/534
f 520/642/529 519/641/528 524/648/535
f 524/648/535 522/645/532 520/642/529
f 514/633/521 412/649/536 527/650/537
f 516/636/524 527/650/537 528/651/538
f 533/644/531 516/636/524 528/651/538
f 529/652/539 263/329/263 523/646/533
f 525/647/534 530/653/540 531/654/541
f 531/654/541 529/652/539 525/647/534
f 532/655/542 524/648/535 519/641/528
f 535/656/543 526/657/544 534/658/545
f 532/655/542 521/643/530 535/659/543
f 330/412/332 529/652/539 536/660/546
f 331/413/333 536/660/546 537/661/547
f 329/411/331 537/662/548 538/663/549
f 539/664/550 332/665/551 325/406/327
f 325/406/327 538/663/549 539/664/550
f 531/654/541 540/666/552 542/667/553
f 536/660/546 531/654/541 542/667/553
f 542/667/553 541/668/554 543/669/555
f 537/661/547 542/667/553 543/669/555
f 538/663/549 537/662/548 543/670/555
f 540/666/552 532/655/542 544/671/556
f 541/668/554 544/671/556 545/672/557
f 546/673/558 541/674/554 545/675/557
f 547/676/559 543/670/555 546/673/558
f 539/664/550 538/663/549 547/676/559
f 551/677/560 533/644/531 548/678/561
f 551/677/560 549/679/562 552/680/563
f 552/680/563 550/681/564 553/682/565
f 535/656/543 534/658/545 554/683/566
f 532/655/542 535/659/543 554/684/566
f 554/683/566 552/680/563 555/685/567
f 544/671/556 554/684/566 555/686/567
f 555/685/567 553/682/565 556/687/568
f 545/672/557 555/686/567 556/688/568
f 557/689/569 545/675/557 556/690/568
f 547/676/559 546/673/558 557/689/569
f 558/691/570 412/649/536 450/692/571
f 558/691/570 451/558/457 559/693/572
f 559/693/572 452/559/458 560/694/573
f 533/644/531 528/651/538 561/695/574
f 561/695/574 527/650/537 558/691/570
f 561/695/574 559/693/572 562/696/575
f 549/679/562 561/695/574 562/696/575
f 562/696/575 560/694/573 563/697/576
f 550/681/564 562/696/575 563/697/576
f 564/698/577 550/699/564 563/700/576
f 565/701/578 553/702/565 564/698/577
f 557/689/569 565/701/578 566/703/579
f 567/704/580 557/689/569 566/703/579
f 539/664/550 547/676/559 567/704/580
f 568/705/581 452/563/458 456/564/462
f 564/698/577 568/705/581 569/706/582
f 570/707/583 564/698/577 569/706/582
f 566/703/579 570/707/583 571/708/584
f 572/709/585 456/564/462 457/565/463
f 570/707/583 569/706/582 572/709/585
f 574/710/586 457/565/463 459/567/465
f 571/708/584 574/710/586 575/711/587
f 567/704/580 575/711/587 576/712/588
f 577/713/589 233/295/235 578/714/590
f 578/714/590 234/296/236 579/715/591
f 579/715/591 228/289/230 580/716/592
f 581/717/593 579/715/591 582/718/594
f 582/718/594 580/716/592 583/719/595
f 583/719/595 228/289/230 584/720/596
f 585/721/597 583/719/595 586/722/598
f 586/722/598 584/720/596 587/723/599
f 587/723/599 584/720/596 588/724/600
f 589/725/601 587/723/599 590/726/602
f 590/726/602 588/724/600 591/727/603
f 591/727/603 588/724/600 592/728/604
f 593/729/605 591/727/603 594/730/606
f 594/730/606 592/728/604 595/731/607
f 595/731/607 592/728/604 596/732/608
f 577/733/589 235/303/237 232/734/234
f 597/735/609 577/736/589 578/737/590
f 581/738/593 597/739/609 578/740/590
f 598/741/610 581/742/593 582/743/594
f 585/744/597 598/745/610 582/746/594
f 599/747/611 585/748/597 586/749/598
f 589/750/601 599/751/611 586/752/598
f 601/753/612 589/754/601 590/755/602
f 593/756/605 601/757/612 590/758/602
f 594/759/606 602/760/613 593/761/605
f 604/762/614 594/730/606 595/731/607
f 605/763/615 595/731/607 596/732/608
f 603/764/616 604/762/614 606/765/617
f 607/766/618 605/763/615 608/767/619
f 597/739/609 202/267/214 235/303/237
f 598/745/610 610/768/620 597/739/609
f 599/751/611 610/768/620 598/745/610
f 600/769/621 611/770/622 599/751/611
f 611/771/622 600/772/621 601/753/612
f 611/773/622 601/757/612 602/774/613
f 612/775/623 602/776/613 603/777/616
f 613/778/624 603/777/616 606/779/617
f 607/780/618 613/781/624 606/782/617
f 614/783/625 607/784/618 608/785/619
f 609/786/626 614/787/625 608/788/619
f 214/789/627 202/267/214 610/768/620
f 611/770/622 616/790/628 610/768/620
f 616/791/628 611/792/622 612/775/623
f 617/793/629 612/775/623 613/778/624
f 614/794/625 617/795/629 613/781/624
f 615/796/630 617/797/629 614/798/625
f 619/799/631 616/790/628 617/800/629
f 618/801/632 619/799/631 617/800/629
f 787/802/633 214/789/627 619/799/631
f 596/732/608 620/803/634 621/804/635
f 623/805/636 596/732/608 621/804/635
f 608/767/619 622/806/637 624/807/638
f 624/807/638 623/805/636 625/808/639
f 609/809/626 624/807/638 626/810/640
f 626/810/640 625/808/639 627/811/641
f 627/811/641 625/808/639 628/812/642
f 615/796/630 609/813/626 626/814/640
f 584/720/596 228/289/230 629/815/643
f 588/724/600 584/720/596 629/815/643
f 620/803/634 592/728/604 631/816/644
f 621/804/635 620/803/634 632/817/645
f 632/817/645 623/805/636 621/804/635
f 625/808/639 633/818/646 634/819/647
f 628/812/642 625/808/639 635/820/648
f 632/817/645 637/821/649 638/822/650
f 633/818/646 632/817/645 639/823/651
f 639/823/651 640/824/652 633/818/646
f 635/820/648 640/824/652 641/825/653
f 644/826/654 630/827/655 642/828/656
f 645/829/657 637/821/649 643/830/658
f 646/831/659 643/830/658 644/826/654
f 648/832/660 638/822/650 645/829/657
f 647/833/661 650/834/662 639/823/651
f 648/832/660 651/835/663 647/833/661
f 653/836/664 648/837/660 646/838/659
f 646/838/659 649/839/665 653/836/664
f 641/825/653 640/824/652 650/834/662
f 654/840/666 651/835/663 655/841/667
f 653/836/664 656/842/668 652/843/669
f 653/836/664 689/844/670 656/842/668
f 652/843/669 657/845/671 655/846/667
f 652/843/669 656/842/668 657/845/671
f 771/847/672 658/848/673 690/849/674
f 660/850/675 254/320/255 288/354/287
f 661/851/676 288/354/287 293/359/292
f 662/852/677 293/359/292 294/360/293
f 663/853/678 294/360/293 295/361/294
f 665/854/679 254/320/255 659/855/680
f 666/856/681 659/855/680 660/850/675
f 667/857/682 660/850/675 661/851/676
f 668/858/683 661/851/676 662/852/677
f 669/859/684 629/815/643 664/860/685
f 670/861/686 664/860/685 665/854/679
f 671/862/687 665/854/679 666/856/681
f 672/863/688 666/856/681 667/857/682
f 673/864/689 636/865/690 669/859/684
f 674/866/691 669/859/684 670/861/686
f 675/867/692 670/861/686 671/862/687
f 676/868/693 642/828/656 673/864/689
f 677/869/694 673/864/689 674/866/691
f 678/870/695 644/826/654 676/868/693
f 663/871/678 679/872/696 662/873/677
f 668/874/683 680/875/697 667/876/682
f 672/877/688 681/878/698 671/879/687
f 675/880/692 682/881/699 674/882/691
f 677/883/694 683/884/700 676/885/693
f 678/886/695 649/839/665 646/838/659
f 678/887/695 683/888/700 684/889/701
f 303/890/302 685/891/702 679/872/696
f 679/872/696 686/892/703 680/875/697
f 680/875/697 687/893/704 681/878/698
f 681/878/698 688/894/705 682/881/699
f 682/895/699 689/896/670 683/884/700
f 684/897/701 689/844/670 649/839/665
f 315/898/317 686/892/703 685/891/702
f 686/892/703 690/849/674 687/893/704
f 687/893/704 690/849/674 688/894/705
f 688/894/705 690/849/674 689/844/670
f 626/810/640 627/811/641 691/899/706
f 691/899/706 628/812/642 692/900/707
f 692/900/707 628/812/642 693/901/708
f 691/902/706 694/903/709 626/814/640
f 696/904/710 691/899/706 692/900/707
f 693/901/708 696/904/710 692/900/707
f 695/905/711 696/904/710 698/906/712
f 698/906/712 697/907/713 699/908/714
f 699/908/714 697/907/713 700/909/715
f 694/903/709 618/910/632 615/796/630
f 701/911/716 694/903/709 695/912/711
f 703/913/717 695/912/711 698/914/712
f 704/915/718 698/906/712 699/908/714
f 705/916/719 699/908/714 700/909/715
f 707/917/720 704/918/718 708/919/721
f 705/916/719 706/920/722 709/921/723
f 708/922/721 705/916/719 710/923/724
f 710/923/724 709/921/723 711/924/725
f 711/924/725 709/921/723 712/925/726
f 713/926/727 618/910/632 701/911/716
f 702/927/728 713/926/727 701/911/716
f 713/926/727 702/927/728 703/913/717
f 707/917/720 713/926/727 703/913/717
f 714/928/729 707/917/720 708/919/721
f 710/929/724 715/930/730 708/919/721
f 717/931/731 711/924/725 712/925/726
f 716/932/732 711/933/725 718/934/733
f 718/935/733 717/936/731 719/937/734
f 719/938/734 717/939/731 720/940/735
f 721/941/736 619/799/631 713/942/727
f 714/928/729 721/943/736 713/926/727
f 715/930/730 722/944/737 714/928/729
f 723/945/738 715/930/730 716/932/732
f 718/934/733 724/946/739 716/932/732
f 725/947/740 719/938/734 727/948/741
f 727/948/741 726/949/742 728/950/743
f 723/945/738 729/951/744 722/944/737
f 724/946/739 730/952/745 723/945/738
f 731/953/746 724/946/739 725/947/740
f 733/954/747 725/947/740 727/948/741
f 693/901/708 635/820/648 734/955/748
f 734/955/748 697/907/713 693/901/708
f 712/925/726 709/921/723 737/956/749
f 700/909/715 735/957/750 739/958/751
f 736/959/752 700/909/715 739/958/751
f 742/960/753 726/949/742 741/961/754
f 742/960/753 738/962/755 728/950/743
f 734/955/748 635/820/648 743/963/756
f 743/963/756 735/957/750 734/955/748
f 739/958/751 744/964/757 745/965/758
f 736/959/752 745/965/758 746/966/759
f 746/966/759 740/967/760 736/959/752
f 712/925/726 740/967/760 747/968/761
f 747/968/761 717/931/731 712/925/726
f 720/969/735 717/931/731 749/970/762
f 741/961/754 720/940/735 749/971/762
f 750/972/763 741/961/754 749/971/762
f 751/973/764 741/961/754 750/972/763
f 751/973/764 753/974/765 742/960/753
f 755/975/766 641/825/653 650/834/662
f 756/976/767 650/834/662 654/840/666
f 755/975/766 757/977/768 743/963/756
f 756/976/767 758/978/769 755/975/766
f 655/846/667 759/979/770 756/980/767
f 655/846/667 657/845/671 760/981/771
f 757/977/768 758/978/769 761/982/772
f 762/983/773 758/978/769 759/984/770
f 764/985/774 745/965/758 757/977/768
f 760/981/771 765/986/775 759/979/770
f 760/981/771 658/848/673 765/986/775
f 762/987/773 766/988/776 761/989/772
f 762/987/773 765/986/775 766/988/776
f 763/990/777 740/967/760 746/966/759
f 768/991/778 764/992/774 761/989/772
f 761/989/772 766/988/776 768/991/778
f 747/968/761 740/967/760 769/993/779
f 770/994/780 740/967/760 763/990/777
f 766/988/776 771/847/672 772/995/781
f 768/991/778 773/996/782 767/997/783
f 768/991/778 772/995/781 773/996/782
f 769/993/779 748/998/784 747/968/761
f 767/997/783 774/999/785 770/1000/780
f 767/997/783 773/996/782 775/1001/786
f 776/1002/787 748/1003/784 769/1004/779
f 777/1005/788 769/1004/779 774/999/785
f 775/1001/786 779/1006/789 774/999/785
f 775/1001/786 778/1007/790 779/1006/789
f 777/1005/788 780/1008/791 776/1002/787
f 777/1005/788 779/1006/789 781/1009/792
f 782/1010/793 750/972/763 780/1008/791
f 781/1009/792 785/1011/794 780/1008/791
f 781/1009/792 784/1012/795 917/1013/796
f 782/1010/793 754/1014/797 751/973/764
f 782/1010/793 785/1011/794 786/1015/798
f 789/1016/799 729/951/744 730/952/745
f 731/953/746 789/1016/799 730/952/745
f 732/1017/800 790/1018/801 731/953/746
f 733/954/747 791/1019/802 732/1017/800
f 793/1020/803 733/954/747 727/948/741
f 794/1021/804 793/1020/803 795/1022/805
f 790/1018/801 791/1019/802 792/1023/806
f 794/1021/804 790/1018/801 792/1023/806
f 796/1024/807 797/1025/808 790/1018/801
f 795/1022/805 798/1026/809 796/1024/807
f 789/1027/799 802/1028/810 801/1029/811
f 804/1030/812 789/1016/799 797/1025/808
f 800/1031/813 798/1026/809 799/1032/814
f 801/1029/811 787/802/633 721/941/736
f 805/1033/815 801/1029/811 802/1028/810
f 803/1034/816 806/1035/817 802/1028/810
f 800/1031/813 797/1025/808 798/1026/809
f 810/1036/818 808/1037/819 805/1038/815
f 811/1039/820 805/1033/815 806/1035/817
f 803/1034/816 812/1040/821 806/1035/817
f 804/1041/812 815/1042/822 803/1034/816
f 807/1043/823 804/1030/812 797/1025/808
f 809/1044/824 817/1045/825 816/1046/826
f 818/1047/827 809/1044/824 810/1036/818
f 823/1048/828 819/1049/829 822/1050/830
f 823/1051/828 821/1052/831 820/1053/832
f 826/1054/833 810/1036/818 811/1055/820
f 826/1056/833 823/1051/828 822/1057/830
f 827/1058/834 824/1059/835 823/1051/828
f 828/1060/836 825/1061/837 824/1059/835
f 830/1062/838 825/1061/837 829/1063/839
f 831/1064/840 811/1039/820 812/1040/821
f 831/1065/840 828/1060/836 827/1058/834
f 813/1066/841 831/1064/840 812/1040/821
f 832/1067/842 829/1063/839 828/1060/836
f 833/1068/843 830/1062/838 829/1063/839
f 814/1069/844 832/1070/845 813/1066/841
f 815/1042/822 835/1071/846 814/1069/844
f 804/1041/812 837/1072/847 815/1042/822
f 839/1073/848 817/1045/825 818/1047/827
f 819/1049/829 839/1073/848 818/1047/827
f 820/1074/832 840/1075/849 819/1049/829
f 821/1076/831 841/1077/850 820/1074/832
f 833/1068/843 842/1078/851 843/1079/852
f 834/1080/853 843/1079/852 844/1081/854
f 835/1071/846 842/1082/855 832/1070/845
f 845/1083/856 843/1079/852 842/1078/851
f 836/1084/857 845/1085/858 835/1071/846
f 847/1086/859 843/1079/852 846/1087/860
f 837/1072/847 846/1088/861 836/1084/857
f 804/1089/812 848/1090/862 837/1091/847
f 838/1092/863 849/1093/864 804/1030/812
f 795/1022/805 738/962/755 851/1094/865
f 853/1095/866 795/1022/805 851/1094/865
f 852/1096/867 854/1097/868 851/1094/865
f 855/1098/869 853/1095/866 854/1097/868
f 800/1031/813 853/1095/866 856/1099/870
f 856/1099/870 855/1098/869 857/1100/871
f 858/1101/872 856/1099/870 857/1100/871
f 859/1102/873 800/1031/813 856/1099/870
f 858/1101/872 859/1102/873 856/1099/870
f 860/1103/874 861/1104/875 859/1102/873
f 830/1062/838 864/1105/876 825/1061/837
f 834/1080/853 865/1106/877 830/1062/838
f 861/1104/875 838/1092/863 807/1043/823
f 834/1080/853 844/1081/854 868/1107/878
f 869/1108/879 844/1109/854 847/1110/859
f 862/1111/880 870/1112/881 861/1104/875
f 866/1113/882 871/1114/883 862/1111/880
f 852/1096/867 850/1115/884 873/1116/885
f 874/1117/886 875/1118/887 854/1097/868
f 857/1100/871 875/1118/887 876/1119/888
f 876/1119/888 877/1120/889 857/1100/871
f 878/1121/890 858/1101/872 877/1120/889
f 863/1122/891 860/1103/874 878/1121/890
f 864/1105/876 880/1123/892 821/1052/831
f 865/1106/877 881/1124/893 864/1105/876
f 883/1125/894 863/1122/891 879/1126/895
f 867/1127/896 821/1076/831 880/1128/892
f 884/1129/897 834/1080/853 868/1107/878
f 885/1130/898 884/1131/897 869/1108/879
f 872/1132/899 866/1113/882 883/1125/894
f 752/1133/900 873/1116/885 738/962/755
f 753/974/765 873/1116/885 752/1133/900
f 887/1134/901 873/1116/885 753/974/765
f 888/1135/902 753/974/765 886/1136/903
f 887/1134/901 890/1137/904 852/1096/867
f 888/1135/902 889/1138/905 891/1139/906
f 890/1137/904 875/1118/887 874/1117/886
f 895/1140/907 887/1134/901 891/1139/906
f 891/1139/906 919/1141/908 895/1140/907
f 893/1142/909 875/1118/887 890/1137/904
f 898/1143/910 919/1141/908 894/1144/911
f 893/1142/909 877/1120/889 876/1119/888
f 892/1145/912 895/1140/907 896/1146/913
f 893/1142/909 878/1121/890 877/1120/889
f 896/1146/913 899/1147/914 893/1142/909
f 894/1144/911 901/1148/915 898/1143/910
f 896/1146/913 901/1148/915 902/1149/916
f 882/1150/917 903/1151/918 865/1106/877
f 905/1152/919 903/1151/918 882/1150/917
f 907/1153/920 901/1148/915 897/1154/921
f 897/1155/921 906/1156/922 907/1157/920
f 908/1158/923 879/1126/895 899/1147/914
f 909/1159/924 882/1150/917 884/1129/897
f 910/1160/925 882/1150/917 909/1159/924
f 885/1130/898 909/1161/924 884/1131/897
f 911/1162/926 910/1163/925 909/1161/924
f 914/1164/927 901/1148/915 907/1153/920
f 907/1157/920 912/1165/928 914/1166/927
f 916/1167/929 908/1158/923 902/1149/916
f 902/1149/916 913/1168/930 916/1167/929
f 918/1169/931 754/1014/797 786/1015/798
f 786/1015/798 917/1013/796 918/1169/931
f 783/1170/932 894/1144/911 784/1012/795
f 784/1012/795 919/1141/908 917/1013/796
f 918/1169/931 889/1138/905 886/1136/903
f 920/1171/933 894/1144/911 783/1170/932
f 922/1172/934 920/1171/933 921/1173/935
f 923/1174/936 920/1171/933 922/1172/934
f 924/1175/937 920/1176/933 923/1177/936
f 927/1178/938 921/1173/935 925/1179/939
f 928/1180/940 922/1172/934 926/1181/941
f 929/1182/942 923/1177/936 928/1183/940
f 930/1184/943 897/1155/921 924/1175/937
f 924/1175/937 929/1182/942 930/1184/943
f 935/1185/944 925/1179/939 921/1173/935
f 921/1173/935 931/1186/945 935/1185/944
f 937/1187/946 880/1123/892 936/1188/947
f 937/1187/946 933/1189/948 932/1190/949
f 934/1191/950 933/1192/948 938/1193/951
f 934/1191/950 926/1181/941 927/1178/938
f 904/1194/952 936/1188/947 881/1124/893
f 940/1195/953 936/1188/947 939/1196/954
f 938/1197/951 937/1187/946 940/1195/953
f 905/1152/919 939/1196/954 904/1194/952
f 942/1198/955 939/1196/954 941/1199/956
f 942/1200/955 928/1183/940 940/1201/953
f 943/1202/957 900/1203/958 930/1184/943
f 930/1184/943 941/1204/959 943/1202/957
f 867/1127/896 880/1128/892 932/1205/949
f 944/1206/960 932/1205/949 933/1192/948
f 945/1207/961 933/1192/948 934/1191/950
f 935/1185/944 945/1207/961 934/1191/950
f 947/1208/962 905/1152/919 910/1160/925
f 948/1209/963 910/1160/925 912/1210/964
f 948/1211/965 906/1156/922 943/1202/957
f 943/1202/957 947/1212/966 948/1211/965
f 333/415/335 347/434/352 949/1213/967
f 359/449/364 949/1214/967 347/435/352
f 950/1215/968 363/1216/969 364/454/368
f 365/611/500 950/1215/968 364/454/368
f 363/1216/969 952/1217/970 359/449/364
f 953/1218/971 363/1216/969 950/1215/968
f 955/1219/972 952/1217/970 953/1218/971
f 956/1220/973 953/1218/971 954/1221/974
f 957/1222/975 949/1214/967 952/1217/970
f 958/1223/976 952/1217/970 955/1219/972
f 961/1224/977 955/1219/972 956/1220/973
f 961/1225/977 960/1226/978 959/1227/979
f 963/1228/980 962/1229/981 961/1225/977
f 966/1230/982 949/1214/967 957/1222/975
f 967/1231/983 957/1222/975 958/1223/976
f 969/1232/984 958/1223/976 959/1233/979
f 969/1234/984 968/1235/985 967/1236/983
f 960/1237/978 969/1238/984 959/1239/979
f 971/1240/986 965/1241/987 966/1230/982
f 973/1242/988 966/1230/982 967/1231/983
f 973/1242/988 972/1243/989 971/1240/986
f 968/1244/985 973/1245/988 967/1246/983
f 951/1247/990 975/1248/991 976/1249/992
f 977/1250/993 965/1241/987 971/1240/986
f 972/1243/989 977/1250/994 971/1240/986
f 979/1251/995 975/1252/996 977/1250/993
f 980/1253/997 977/1254/994 978/1255/998
f 372/462/376 333/415/335 951/1247/990
f 387/1256/999 372/462/376 981/1257/1000
f 962/1229/981 982/1258/1001 960/1226/978
f 964/1259/1002 984/1260/1003 962/1229/981
f 970/1261/1004 986/1262/1005 968/1235/985
f 982/1258/1001 970/1261/1004 960/1226/978
f 988/1263/1006 987/1264/1007 986/1262/1005
f 989/1265/1008 982/1258/1001 983/1266/1009
f 990/1267/1010 968/1244/985 986/1268/1005
f 991/1269/1011 986/1268/1005 987/1270/1007
f 974/1271/1012 992/1272/1013 978/1255/998
f 1000/1273/1014 990/1267/1010 991/1269/1011
f 1000/1273/1014 993/1274/1015 992/1272/1013
f 992/1272/1013 980/1253/997 978/1255/998
f 995/1275/1016 992/1272/1013 993/1274/1015
f 997/1276/1017 983/1266/1009 984/1260/1003
f 998/1277/1018 984/1260/1003 985/1278/1019
f 989/1265/1008 1001/1279/1020 987/1264/1007
f 991/1269/1011 987/1270/1007 1001/1280/1020
f 991/1269/1011 1002/1281/1021 1000/1273/1014
f 1003/1282/1022 1000/1273/1014 1002/1281/1021
f 1003/1282/1022 996/1283/1023 993/1274/1015
f 1008/1284/1024 1007/1285/1025 1001/1279/1020
f 1008/1284/1024 983/1266/1009 1006/1286/1026
f 991/1269/1011 1001/1280/1020 1007/1287/1025
f 1009/1288/1027 1005/1289/1028 999/1290/1029
f 1010/1291/1030 1006/1286/1026 997/1276/1017
f 1011/1292/1031 1005/1289/1028 1009/1288/1027
f 1013/1293/1032 1004/1294/1033 1003/1282/1022
f 1014/1295/1034 1010/1291/1030 998/1277/1018
f 1008/1284/1024 1015/1296/1035 1007/1285/1025
f 1016/1297/1036 406/1298/1037 1011/1292/1031
f 1012/1299/1038 1017/1300/1039 1002/1281/1021
f 1012/1299/1038 1007/1287/1025 1015/1301/1035
f 1013/1293/1032 1002/1281/1021 1017/1300/1039
f 1018/1302/1040 1011/1292/1031 1009/1288/1027
f 444/549/451 432/527/438 1020/1303/1041
f 453/560/459 1020/1304/1041 1021/1305/1042
f 432/527/438 431/526/437 1022/1306/1043
f 1023/1307/1044 459/567/465 458/566/464
f 431/526/437 406/1298/1037 1024/1308/1045
f 458/566/464 1021/1305/1042 1025/1309/1046
f 458/566/464 1025/1309/1046 1026/1310/1047
f 1027/1311/1048 458/566/464 1026/1310/1047
f 1029/1312/1049 1021/1305/1042 1028/1313/1050
f 1026/1310/1047 1029/1312/1049 1032/1314/1051
f 1033/1315/1052 1030/1316/1053 1010/1291/1030
f 1034/1317/1054 1031/1318/1055 1033/1315/1052
f 1034/1319/1054 1026/1310/1047 1032/1314/1051
f 1035/1320/1056 1010/1291/1030 1014/1295/1034
f 1036/1321/1057 1033/1315/1052 1035/1320/1056
f 1036/1322/1057 1027/1311/1048 1034/1319/1054
f 1038/1323/1058 1020/1304/1041 1037/1324/1059
f 1040/1325/1060 1028/1313/1050 1038/1323/1058
f 1008/1284/1024 1006/1286/1026 1030/1316/1053
f 1039/1326/1061 1015/1296/1035 1008/1284/1024
f 1039/1326/1061 1030/1316/1053 1031/1318/1055
f 1041/1327/1062 1031/1328/1055 1032/1329/1051
f 1041/1330/1062 1029/1312/1049 1040/1325/1060
f 1044/1331/1063 1037/1324/1059 1042/1332/1064
f 1043/1333/1065 1017/1300/1039 1012/1299/1038
f 1043/1333/1065 1015/1301/1035 1039/1334/1061
f 1045/1335/1066 1039/1334/1061 1040/1336/1060
f 1045/1337/1066 1038/1323/1058 1044/1331/1063
f 1022/1306/1043 1024/1308/1045 1046/1338/1067
f 1042/1339/1068 1022/1306/1043 1046/1338/1067
f 1047/1340/1069 1017/1300/1039 1043/1333/1065
f 1048/1341/1070 1043/1333/1065 1044/1342/1063
f 1024/1308/1045 1018/1302/1040 1049/1343/1071
f 1051/1344/1072 1013/1293/1032 1047/1340/1069
f 1052/1345/1073 1047/1340/1069 1048/1341/1070
f 1052/1346/1074 1042/1332/1064 1050/1347/1075
f 491/610/499 1053/1348/1076 365/611/500
f 488/606/497 1054/1349/1077 470/578/476
f 954/1221/974 950/1215/968 1053/1348/1076
f 491/610/499 1055/1350/1078 1053/1348/1076
f 481/593/487 1056/1351/1079 491/610/499
f 1054/1349/1077 1057/1352/1080 481/593/487
f 1055/1350/1078 1058/1353/1081 954/1221/974
f 1056/1351/1079 1059/1354/1082 1055/1350/1078
f 1060/1355/1083 956/1220/973 1058/1353/1081
f 1061/1356/1084 963/1228/980 1060/1357/1083
f 1063/1358/1085 1060/1357/1083 1062/1359/1086
f 1059/1354/1082 1062/1360/1086 1058/1353/1081
f 1065/1361/1087 1062/1359/1086 1064/1362/1088
f 1056/1351/1079 1066/1363/1089 1059/1354/1082
f 1057/1352/1080 1067/1364/1090 1056/1351/1079
f 1065/1361/1087 1068/1365/1091 1069/1366/1092
f 1066/1363/1089 1068/1367/1091 1064/1368/1088
f 1071/1369/1093 1068/1365/1091 1070/1370/1094
f 1067/1364/1090 1070/1371/1094 1066/1363/1089
f 1057/1352/1080 1072/1372/1095 1067/1364/1090
f 1054/1349/1077 1073/1373/1096 1057/1352/1080
f 1071/1374/1093 1074/1375/1097 1075/1376/1098
f 1072/1372/1095 1074/1377/1097 1070/1371/1094
f 1077/1378/1099 1074/1375/1097 1076/1379/1100
f 1073/1373/1096 1076/1380/1100 1072/1372/1095
f 1054/1349/1077 1078/1381/1101 1073/1373/1096
f 465/605/496 1079/1382/1102 488/606/497
f 1077/1378/1099 1080/1383/1103 1081/1384/1104
f 1078/1381/1101 1080/1385/1105 1076/1380/1100
f 1079/1382/1102 1082/1386/1106 1054/1349/1077
f 1081/1384/1104 1083/1387/1107 1084/1388/1108
f 1078/1381/1101 1083/1389/1109 1080/1385/1105
f 1082/1386/1106 1085/1390/1110 1078/1381/1101
f 1086/1391/1111 465/605/496 214/789/627
f 1087/1392/1112 964/1259/1002 1061/1356/1084
f 1088/1393/1113 1061/1356/1084 1063/1358/1085
f 1089/1394/1114 1063/1358/1085 1065/1361/1087
f 1089/1394/1114 1069/1366/1092 1090/1395/1115
f 1091/1396/1116 1069/1366/1092 1071/1369/1093
f 1091/1397/1116 1075/1376/1098 1092/1398/1117
f 1093/1399/1118 1075/1376/1098 1077/1378/1099
f 1093/1399/1118 1081/1384/1104 1094/1400/1119
f 1094/1400/1119 1084/1388/1108 1095/1401/1120
f 1096/1402/1121 985/1278/1019 1087/1392/1112
f 1093/1399/1118 1094/1400/1119 1097/1403/1122
f 1094/1400/1119 1095/1401/1120 1098/1404/1123
f 1099/1405/1124 1096/1402/1121 1088/1393/1113
f 1100/1406/1125 1088/1393/1113 1089/1394/1114
f 1101/1407/1126 1100/1406/1125 1090/1395/1115
f 1091/1397/1116 1092/1398/1117 1102/1408/1127
f 1093/1399/1118 1102/1408/1127 1092/1398/1117
f 1104/1409/1128 998/1277/1018 1096/1402/1121
f 1105/1410/1129 1097/1403/1122 1098/1404/1123
f 1106/1411/1130 1101/1407/1126 1091/1396/1116
f 1107/1412/1131 332/665/551 539/664/550
f 539/664/550 576/712/588 1107/1412/1131
f 574/710/586 1023/1307/1044 1108/1413/1132
f 1023/1307/1044 1027/1311/1048 1110/1414/1133
f 1108/1413/1132 1110/1414/1133 1111/1415/1134
f 1112/1416/1135 1014/1295/1034 1104/1409/1128
f 1112/1416/1135 1036/1321/1057 1035/1320/1056
f 1027/1311/1048 1036/1322/1057 1113/1417/1136
f 1115/1418/1137 1104/1409/1128 1114/1419/1138
f 1115/1418/1137 1113/1420/1136 1112/1416/1135
f 1110/1414/1133 1113/1417/1136 1116/1421/1139
f 1110/1414/1133 1116/1421/1139 1117/1422/1140
f 1111/1415/1134 1117/1422/1140 1118/1423/1141
f 575/711/587 1118/1423/1141 1119/1424/1142
f 576/712/588 1119/1424/1142 1120/1425/1143
f 1115/1418/1137 1114/1419/1138 1100/1406/1125
f 1122/1426/1144 1100/1406/1125 1101/1407/1126
f 1122/1426/1144 1121/1427/1145 1115/1418/1137
f 1117/1422/1140 1121/1428/1145 1123/1429/1146
f 1106/1411/1130 1122/1426/1144 1101/1407/1126
f 1124/1430/1147 1123/1431/1146 1122/1426/1144
f 1118/1423/1141 1123/1429/1146 1125/1432/1148
f 1126/1433/1149 1118/1423/1141 1125/1432/1148
f 1120/1425/1143 1119/1424/1142 1126/1433/1149
f 1127/1434/1150 1109/1435/1151 1107/1412/1131
f 1107/1412/1131 1120/1425/1143 1127/1434/1150
f 1128/1436/1152 1106/1437/1130 1102/1408/1127
f 1129/1438/1153 1124/1439/1147 1128/1436/1152
f 1103/1440/1154 1128/1436/1152 1102/1408/1127
f 1126/1433/1149 1129/1441/1153 1130/1442/1155
f 1131/1443/1156 1126/1433/1149 1130/1442/1155
f 1132/1444/1157 1103/1440/1154 1097/1403/1122
f 1133/1445/1158 1128/1436/1152 1132/1444/1157
f 1131/1443/1156 1133/1446/1159 1134/1447/1160
f 1135/1448/1161 1097/1403/1122 1105/1410/1129
f 1136/1449/1162 1132/1444/1157 1135/1448/1161
f 1139/1450/1163 979/1451/1164 980/1253/997
f 976/1249/992 975/1248/991 1140/1452/1165
f 1138/1453/1166 1140/1454/1167 975/1252/996
f 1142/1455/1168 1138/1456/1169 1139/1450/1163
f 1143/1457/1170 1145/1458/1171 1141/1459/1172
f 1147/1460/1173 1143/1461/1170 1142/1455/1168
f 1144/1462/1174 1140/1452/1165 1148/1463/1175
f 1145/1458/1176 1148/1464/1177 1140/1454/1167
f 1146/1465/1178 1149/1466/1179 1145/1458/1171
f 1151/1467/1180 1146/1468/1181 1147/1460/1173
f 1152/1469/1182 1151/1470/1180 1153/1471/1183
f 1154/1472/1184 1153/1471/1183 1155/1473/1185
f 1150/1474/1186 1156/1475/1187 1149/1466/1179
f 1152/1476/1182 1157/1477/1188 1150/1474/1186
f 1154/1478/1184 1158/1479/1189 1152/1476/1182
f 1160/1480/1190 1155/1473/1185 1161/1481/1191
f 1163/1482/1192 1148/1463/1175 1162/1483/1193
f 1156/1475/1187 1162/1484/1194 1148/1464/1177
f 1157/1477/1188 1164/1485/1195 1156/1475/1187
f 1158/1479/1189 1165/1486/1196 1157/1477/1188
f 1159/1487/1197 1166/1488/1198 1158/1479/1189
f 1160/1489/1199 1167/1490/1200 1159/1487/1197
f 1163/1482/1192 1168/1491/1201 1169/1492/1202
f 1164/1485/1195 1168/1493/1203 1162/1484/1194
f 1171/1494/1204 1168/1495/1205 1170/1496/1206
f 1165/1486/1196 1170/1497/1207 1164/1485/1195
f 1173/1498/1208 1170/1496/1206 1172/1499/1209
f 1166/1488/1198 1172/1500/1210 1165/1486/1196
f 1174/1501/1211 1173/1498/1208 1172/1499/1209
f 1167/1490/1212 1174/1502/1213 1166/1488/1198
f 995/1275/1016 1139/1450/1163 980/1253/997
f 996/1283/1023 1177/1503/1214 995/1275/1016
f 387/1256/999 981/1257/1000 1178/1504/1215
f 1179/1505/1216 1139/1450/1163 1176/1506/1217
f 1177/1503/1214 1179/1505/1216 1176/1506/1217
f 1142/1455/1168 1179/1505/1216 1181/1507/1218
f 1181/1507/1218 1180/1508/1219 1182/1509/1220
f 1178/1504/1215 976/1249/992 1144/1462/1174
f 1183/1510/1221 1142/1455/1168 1181/1507/1218
f 1182/1509/1220 1183/1510/1221 1181/1507/1218
f 1184/1511/1222 1147/1460/1173 1183/1510/1221
f 1153/1471/1183 1184/1512/1222 1185/1513/1223
f 1185/1513/1223 1184/1512/1222 1186/1514/1224
f 1155/1473/1185 1185/1513/1223 1187/1515/1225
f 1190/1516/1226 1155/1473/1185 1187/1515/1225
f 1190/1516/1226 1187/1515/1225 1188/1517/1227
f 1161/1481/1191 1190/1516/1226 1191/1518/1228
f 1193/1519/1229 1144/1462/1174 1163/1482/1192
f 1194/1520/1230 1189/1521/1231 1193/1519/1229
f 1193/1519/1229 1169/1492/1202 1195/1522/1232
f 1196/1523/1233 1169/1524/1202 1171/1494/1204
f 1197/1525/1234 1171/1494/1204 1173/1498/1208
f 1198/1526/1235 1173/1498/1208 1175/1527/1236
f 1200/1528/1237 999/1290/1029 391/1529/1238
f 1201/1530/1239 1180/1508/1219 1177/1503/1214
f 1202/1531/1240 1180/1508/1219 1201/1530/1239
f 1207/1532/1241 391/1529/1238 387/1256/999
f 1203/1533/1242 1204/1534/1243 1183/1510/1221
f 1205/1535/1244 1207/1532/1241 1189/1521/1231
f 1192/1536/1245 1190/1516/1226 1206/1537/1246
f 1004/1294/1033 1202/1531/1240 996/1283/1023
f 1182/1509/1220 1180/1508/1219 1213/1538/1247
f 1207/1532/1241 1200/1528/1237 391/1529/1238
f 1213/1538/1247 1203/1533/1242 1182/1509/1220
f 1188/1517/1227 1186/1514/1224 1209/1539/1248
f 1198/1526/1235 1210/1540/1249 1197/1525/1234
f 1200/1528/1237 1207/1532/1241 1212/1541/1250
f 1211/1542/1251 1213/1538/1247 1208/1543/1252
f 1204/1534/1243 1203/1533/1242 1214/1544/1253
f 1215/1545/1254 1204/1534/1243 1214/1544/1253
f 1210/1540/1249 1217/1546/1255 1196/1523/1233
f 1229/1547/1256 1198/1526/1235 1199/1548/1257
f 1218/1549/1258 1009/1288/1027 1200/1528/1237
f 1220/1550/1259 1212/1541/1250 1207/1532/1241
f 1222/1551/1260 1204/1552/1243 1221/1553/1261
f 1223/1554/1262 1209/1539/1248 1222/1551/1260
f 1216/1555/1263 1188/1517/1227 1223/1554/1262
f 1192/1536/1245 1216/1555/1263 1224/1556/1264
f 1019/1557/1265 1225/1558/1266 1004/1294/1033
f 1225/1558/1266 1211/1542/1251 1202/1531/1240
f 1218/1549/1258 1212/1541/1250 1227/1559/1267
f 1226/1560/1268 1219/1561/1269 1211/1542/1251
f 1194/1520/1230 1195/1522/1232 1228/1562/1270
f 1217/1546/1255 1228/1563/1270 1195/1564/1232
f 1230/1565/1271 1018/1302/1040 1218/1549/1258
f 1046/1338/1067 1049/1343/1071 1231/1566/1272
f 1051/1344/1072 1225/1558/1266 1019/1557/1265
f 1052/1345/1073 1232/1567/1273 1051/1344/1072
f 1052/1346/1074 1050/1347/1075 1233/1568/1274
f 1230/1565/1271 1218/1549/1258 1227/1559/1267
f 1232/1567/1273 1226/1560/1268 1225/1558/1266
f 1233/1569/1275 1234/1570/1276 1232/1567/1273
f 1233/1568/1274 1050/1347/1075 1235/1571/1277
f 1049/1343/1071 1227/1559/1267 1236/1572/1278
f 1231/1566/1272 1236/1572/1278 1237/1573/1279
f 1050/1574/1280 1237/1573/1279 1238/1575/1281
f 1234/1570/1276 1219/1561/1269 1226/1560/1268
f 1235/1576/1282 1239/1577/1283 1234/1570/1276
f 1235/1571/1277 1238/1578/1284 1240/1579/1285
f 1241/1580/1286 1219/1561/1269 1239/1577/1283
f 1242/1581/1287 1239/1582/1283 1240/1583/1285
f 1240/1579/1285 1238/1578/1284 1243/1584/1288
f 1241/1580/1286 1221/1585/1261 1215/1545/1254
f 1242/1586/1287 1244/1587/1289 1241/1580/1286
f 1242/1588/1287 1243/1584/1288 1245/1589/1290
f 1246/1590/1291 1221/1553/1261 1244/1591/1289
f 1247/1592/1292 1244/1591/1289 1245/1593/1290
f 1236/1572/1278 1205/1535/1244 1248/1594/1293
f 1237/1573/1279 1248/1594/1293 1249/1595/1294
f 1238/1575/1281 1249/1595/1294 1250/1596/1295
f 1243/1584/1288 1250/1597/1296 1251/1598/1297
f 1245/1589/1290 1251/1598/1297 1252/1599/1298
f 1246/1590/1291 1223/1554/1262 1222/1551/1260
f 1247/1592/1292 1253/1600/1299 1246/1590/1291
f 1247/1601/1292 1252/1599/1298 1254/1602/1300
f 1255/1603/1301 1223/1554/1262 1253/1600/1299
f 1256/1604/1302 1253/1600/1299 1254/1605/1300
f 1257/1606/1303 1216/1555/1263 1255/1603/1301
f 1258/1607/1304 1255/1603/1301 1256/1604/1302
f 1248/1594/1293 1194/1520/1230 1259/1608/1305
f 1249/1595/1294 1259/1608/1305 1260/1609/1306
f 1250/1596/1295 1260/1609/1306 1261/1610/1307
f 1251/1598/1297 1261/1611/1307 1262/1612/1308
f 1252/1599/1298 1262/1612/1308 1263/1613/1309
f 1254/1602/1300 1263/1613/1309 1264/1614/1310
f 1256/1615/1311 1264/1614/1310 1265/1616/1312
f 1266/1617/1313 1259/1608/1305 1228/1562/1270
f 1267/1618/1314 1260/1609/1306 1266/1617/1313
f 1217/1546/1255 1266/1619/1313 1228/1563/1270
f 1268/1620/1315 1267/1621/1314 1266/1619/1313
f 1262/1612/1308 1267/1622/1314 1269/1623/1316
f 1270/1624/1317 1217/1546/1255 1210/1540/1249
f 1270/1624/1317 1269/1625/1316 1268/1620/1315
f 1263/1613/1309 1269/1623/1316 1271/1626/1318
f 1272/1627/1319 1210/1540/1249 1229/1547/1256
f 1270/1624/1317 1210/1540/1249 1272/1627/1319
f 1084/1388/1108 1273/1628/1320 1274/1629/1321
f 1276/1630/1322 1273/1628/1320 1275/1631/1323
f 1277/1632/1324 1273/1633/1325 1085/1390/1110
f 1281/1634/1326 1278/1635/1327 1279/1636/1328
f 1281/1634/1326 1275/1631/1323 1280/1637/1329
f 1282/1638/1330 1277/1632/1324 1082/1386/1106
f 1286/1639/1331 1283/1640/1332 1284/1641/1333
f 1286/1642/1331 1278/1635/1327 1285/1643/1334
f 1287/1644/1335 1278/1645/1327 1280/1646/1329
f 1288/1647/1336 1280/1646/1329 1277/1632/1324
f 1289/1648/1337 1161/1481/1191 1290/1649/1338
f 1292/1650/1339 1289/1648/1337 1290/1649/1338
f 1294/1651/1340 1291/1652/1341 1292/1650/1339
f 1294/1653/1340 1283/1654/1332 1293/1655/1342
f 1295/1656/1343 1283/1657/1332 1285/1658/1334
f 1296/1659/1344 1285/1658/1334 1287/1644/1335
f 1297/1660/1345 1287/1644/1335 1288/1647/1336
f 1298/1661/1346 1282/1638/1330 1079/1382/1102
f 1289/1662/1347 1167/1490/1200 1160/1489/1199
f 1299/1663/1348 1289/1662/1347 1291/1664/1349
f 1299/1663/1348 1291/1664/1349 1293/1665/1342
f 1300/1666/1350 1293/1665/1342 1295/1656/1343
f 1301/1667/1351 1295/1656/1343 1296/1659/1344
f 1302/1668/1352 1296/1659/1344 1297/1660/1345
f 1303/1669/1353 1297/1660/1345 1282/1638/1330
f 1298/1661/1346 1303/1669/1353 1282/1638/1330
f 1305/1670/1354 1298/1661/1346 465/605/496
f 1174/1502/1213 1167/1490/1212 1299/1663/1355
f 1306/1671/1356 1174/1501/1211 1307/1672/1357
f 1307/1673/1357 1299/1663/1355 1300/1666/1350
f 1307/1673/1357 1300/1666/1350 1301/1667/1351
f 1308/1674/1358 1301/1667/1351 1302/1668/1352
f 1308/1675/1358 1306/1671/1356 1307/1672/1357
f 1310/1676/1359 1302/1668/1352 1303/1669/1353
f 1310/1677/1359 1309/1678/1360 1308/1675/1358
f 1304/1679/1361 1310/1676/1359 1303/1669/1353
f 1312/1680/1362 1304/1679/1361 1305/1670/1354
f 1095/1401/1120 1274/1629/1321 1313/1681/1363
f 1314/1682/1364 1274/1629/1321 1276/1630/1322
f 1316/1683/1365 1279/1636/1328 1315/1684/1366
f 1316/1683/1365 1276/1630/1322 1281/1634/1326
f 1319/1685/1367 1284/1641/1333 1317/1686/1368
f 1319/1687/1367 1279/1636/1328 1286/1642/1331
f 1290/1649/1338 1191/1518/1228 1320/1688/1369
f 1320/1688/1369 1191/1518/1228 1192/1536/1245
f 1321/1689/1370 1290/1649/1338 1320/1688/1369
f 1322/1690/1371 1292/1650/1339 1321/1689/1370
f 1322/1690/1371 1284/1641/1333 1294/1651/1340
f 1317/1686/1368 1322/1690/1371 1323/1691/1372
f 1324/1692/1373 1305/1670/1354 465/605/496
f 1199/1548/1257 1198/1526/1235 1326/1693/1374
f 1326/1693/1374 1175/1527/1236 1306/1671/1356
f 1309/1678/1360 1326/1693/1374 1306/1671/1356
f 1327/1694/1375 1326/1693/1374 1309/1678/1360
f 1312/1695/1362 1309/1678/1360 1311/1696/1376
f 1325/1697/1377 1312/1698/1362 1305/1699/1354
f 1329/1700/1378 1327/1694/1375 1309/1678/1360
f 1331/1701/1379 1327/1694/1375 1330/1702/1380
f 1332/1703/1381 1326/1693/1374 1331/1701/1379
f 1098/1404/1123 1313/1681/1363 1333/1704/1382
f 1316/1683/1365 1315/1684/1366 1334/1705/1383
f 1314/1682/1364 1316/1683/1365 1334/1705/1383
f 1319/1685/1367 1318/1706/1384 1335/1707/1385
f 1335/1708/1385 1315/1684/1366 1319/1687/1367
f 1321/1689/1370 1320/1688/1369 1336/1709/1386
f 1333/1704/1382 1314/1682/1364 1337/1710/1387
f 1339/1711/1388 1318/1706/1384 1323/1691/1372
f 1335/1707/1385 1318/1706/1384 1341/1712/1389
f 1341/1713/1389 1340/1714/1390 1335/1708/1385
f 1105/1410/1129 1333/1704/1382 1342/1715/1391
f 1334/1705/1383 1340/1714/1390 1343/1716/1392
f 1337/1710/1387 1334/1705/1383 1343/1716/1392
f 1336/1709/1386 1192/1536/1245 1224/1556/1264
f 1342/1715/1391 1337/1710/1387 1344/1717/1393
f 1341/1712/1389 1346/1718/1394 1347/1719/1395
f 1347/1720/1395 1345/1721/1396 1341/1713/1389
f 1338/1722/1397 1336/1709/1386 1348/1723/1398
f 1350/1724/1399 1338/1722/1397 1349/1725/1400
f 1350/1724/1399 1318/1706/1384 1339/1711/1388
f 1388/1726/1401 1199/1548/1257 1328/1727/1402
f 1135/1448/1161 1342/1715/1391 1351/1728/1403
f 1136/1449/1162 1351/1728/1403 1352/1729/1404
f 1134/1447/1160 1352/1730/1405 1353/1731/1406
f 1354/1732/1407 1137/1733/1408 1127/1434/1150
f 1127/1434/1150 1353/1731/1406 1354/1732/1407
f 1351/1728/1403 1344/1717/1393 1355/1734/1409
f 1352/1729/1404 1355/1734/1409 1356/1735/1410
f 1353/1731/1406 1352/1730/1405 1356/1736/1411
f 1343/1716/1392 1357/1737/1412 1359/1738/1413
f 1355/1734/1409 1343/1716/1392 1359/1738/1413
f 1359/1738/1413 1358/1739/1414 1360/1740/1415
f 1356/1735/1410 1359/1738/1413 1360/1740/1415
f 1361/1741/1416 1356/1736/1411 1360/1742/1415
f 1354/1732/1407 1353/1731/1406 1361/1741/1416
f 1347/1719/1395 1362/1743/1417 1364/1744/1418
f 1357/1737/1412 1347/1720/1395 1364/1745/1418
f 1364/1744/1418 1363/1746/1419 1365/1747/1420
f 1358/1739/1414 1364/1745/1418 1365/1748/1420
f 1366/1749/1421 1358/1750/1414 1365/1751/1420
f 1361/1741/1416 1366/1749/1421 1367/1752/1422
f 1354/1732/1407 1361/1741/1416 1367/1752/1422
f 1348/1723/1398 1257/1606/1303 1368/1753/1423
f 1368/1753/1423 1258/1607/1304 1369/1754/1424
f 1349/1725/1400 1368/1753/1423 1370/1755/1425
f 1370/1755/1425 1369/1754/1424 1371/1756/1426
f 1350/1724/1399 1370/1755/1425 1372/1757/1427
f 1362/1743/1417 1350/1724/1399 1372/1757/1427
f 1372/1757/1427 1371/1756/1426 1373/1758/1428
f 1363/1759/1419 1372/1760/1427 1373/1761/1428
f 1374/1762/1429 1363/1763/1419 1373/1764/1428
f 1375/1765/1430 1365/1751/1420 1374/1762/1429
f 1376/1766/1431 1366/1749/1421 1375/1765/1430
f 1377/1767/1432 1137/1733/1408 1354/1732/1407
f 1377/1767/1432 1367/1752/1422 1376/1766/1431
f 1379/1768/1433 1258/1769/1434 1265/1616/1312
f 1380/1770/1435 1371/1771/1436 1379/1768/1433
f 1381/1772/1437 1373/1764/1428 1380/1770/1435
f 1382/1773/1438 1374/1762/1429 1381/1772/1437
f 1383/1774/1439 1375/1765/1430 1382/1773/1438
f 1385/1775/1440 1137/1733/1408 1377/1767/1432
f 1385/1775/1440 1376/1766/1431 1383/1774/1439
f 1387/1776/1441 1137/1733/1408 1384/1777/1442
f 1388/1726/1401 1272/1627/1319 1229/1547/1256
f 1389/1778/1443 1271/1779/1318 1270/1624/1317
f 1390/1780/1444 1379/1768/1445 1271/1626/1318
f 1391/1781/1446 1389/1778/1443 1272/1627/1319
f 1392/1782/1447 1389/1778/1443 1391/1781/1446
f 1394/1783/1448 1389/1778/1443 1393/1784/1449
f 1394/1785/1448 1382/1773/1438 1390/1780/1444
f 1395/1786/1450 1393/1784/1449 1392/1782/1447
f 1397/1787/1451 1393/1784/1449 1396/1788/1452
f 1397/1789/1451 1384/1777/1442 1385/1775/1440
f 1397/1789/1451 1383/1774/1439 1394/1785/1448
f 1399/1790/1453 1395/1786/1450 1398/1791/1454
f 1399/1792/1453 1386/1793/1455 1387/1794/1441
f 1399/1795/1453 1384/1777/1442 1396/1796/1452
f 1557/1797/1456 214/789/627 787/802/633
f 1556/1798/1457 1557/1797/1456 1433/1799/1458
f 1433/1799/1458 1557/1797/1456 787/802/633
f 1733/1800/1459 315/898/317 1639/1801/1460
f 817/1045/825 1401/1802/1461 816/1046/826
f 839/1073/848 1402/1803/1462 817/1045/825
f 1404/1804/1463 839/1073/848 840/1075/849
f 841/1077/850 1404/1804/1463 840/1075/849
f 1406/1805/1464 1404/1804/1463 1407/1806/1465
f 1412/1807/1466 1410/1808/1467 1413/1809/1468
f 1414/1810/1469 1410/1811/1467 1411/1812/1470
f 1414/1810/1469 846/1813/1471 1413/1814/1472
f 848/1815/862 1413/1816/1473 846/1088/861
f 849/1817/864 1415/1818/1474 848/1815/862
f 1416/1819/1475 1402/1803/1462 1403/1820/1476
f 1406/1805/1464 1416/1819/1475 1403/1820/1476
f 1419/1821/1477 1407/1822/1465 1408/1823/1478
f 1417/1824/1479 1418/1825/1480 1421/1826/1481
f 1421/1826/1481 1419/1821/1477 1422/1827/1482
f 1423/1828/1483 1419/1821/1477 1420/1829/1484
f 1425/1830/1485 1422/1827/1482 1426/1831/1486
f 1427/1832/1487 1422/1827/1482 1423/1828/1483
f 1427/1832/1487 1409/1833/1488 1426/1831/1489
f 1428/1834/1490 1423/1828/1483 1424/1835/1491
f 1428/1834/1490 1410/1808/1467 1427/1832/1487
f 1429/1836/1492 1409/1837/1493 1412/1838/1494
f 1430/1839/1495 1412/1838/1494 1413/1816/1473
f 1415/1818/1474 1430/1839/1495 1413/1816/1473
f 1432/1840/1496 849/1093/864 838/1092/863
f 1433/1841/1458 787/1842/633 1401/1802/1461
f 1434/1843/1497 1402/1803/1462 1416/1819/1475
f 1406/1805/1464 1434/1843/1497 1416/1819/1475
f 1435/1844/1498 1406/1805/1464 1417/1845/1479
f 1436/1846/1499 1417/1845/1479 1421/1847/1481
f 1425/1848/1485 1436/1849/1499 1421/1850/1481
f 1437/1851/1500 1425/1852/1485 1426/1853/1501
f 1429/1836/1492 1437/1854/1500 1426/1855/1501
f 1438/1856/1502 1429/1836/1492 1430/1839/1495
f 1443/1857/1503 1430/1839/1495 1431/1858/1504
f 1439/1859/1505 1431/1858/1504 849/1817/864
f 1440/1860/1506 1401/1802/1461 1434/1843/1497
f 1440/1860/1506 1434/1843/1497 1435/1844/1498
f 1441/1861/1507 1435/1862/1498 1436/1849/1499
f 1442/1863/1508 1436/1849/1499 1437/1854/1500
f 1442/1863/1508 1437/1854/1500 1438/1856/1502
f 1439/1864/1505 1445/1865/1509 1443/1866/1503
f 1444/1867/1510 1439/1864/1505 1432/1840/1496
f 1433/1799/1458 1440/1868/1506 1441/1861/1507
f 1442/1863/1508 1433/1799/1458 1441/1861/1507
f 1443/1857/1503 1445/1869/1509 1442/1863/1508
f 1448/1870/1511 1446/1871/1512 1444/1867/1510
f 1446/1871/1512 1451/1872/1513 1445/1865/1509
f 1447/1873/1514 1449/1874/1515 1446/1871/1512
f 1453/1875/1516 1451/1872/1513 1449/1874/1515
f 1454/1876/1517 1449/1874/1515 1450/1877/1518
f 1445/1869/1509 1677/1878/1519 1433/1799/1458
f 1451/1872/1513 1455/1879/1520 1445/1865/1509
f 1452/1880/1521 1457/1881/1522 1456/1882/1523
f 1460/1883/1524 1452/1880/1521 1453/1875/1516
f 1460/1883/1524 1459/1884/1525 1458/1885/1526
f 1454/1876/1517 1460/1883/1524 1453/1875/1516
f 1405/1886/1527 841/1077/850 867/1127/896
f 1463/1887/1528 1411/1812/1470 1462/1888/1529
f 1463/1887/1528 847/1110/859 1414/1810/1469
f 1465/1889/1530 838/1092/863 870/1112/881
f 1466/1890/1531 870/1112/881 871/1114/883
f 1467/1891/1532 871/1114/883 1464/1892/1533
f 1468/1893/1534 1466/1890/1531 1467/1891/1532
f 1469/1894/1535 1432/1840/1496 1465/1889/1530
f 1470/1895/1536 1465/1889/1530 1466/1890/1531
f 1470/1895/1536 1466/1890/1531 1468/1893/1534
f 1469/1894/1535 1448/1870/1511 1444/1867/1510
f 1472/1896/1537 1469/1894/1535 1470/1895/1536
f 1448/1870/1511 1473/1897/1538 1450/1877/1518
f 1471/1898/1539 1474/1899/1540 1473/1897/1538
f 1473/1897/1538 1454/1876/1517 1450/1877/1518
f 1461/1900/1541 1477/1901/1542 1459/1884/1525
f 1473/1897/1538 1461/1900/1541 1454/1876/1517
f 1476/1902/1543 1478/1903/1544 1473/1897/1538
f 1408/1904/1478 1405/1886/1527 1479/1905/1545
f 1483/1906/1546 1408/1823/1478 1480/1907/1547
f 1424/1835/1491 1483/1906/1546 1484/1908/1548
f 1428/1834/1490 1484/1908/1548 1485/1909/1549
f 1485/1909/1549 1481/1910/1550 1428/1834/1490
f 1482/1911/1551 1486/1912/1552 1464/1892/1533
f 1486/1912/1552 1468/1893/1534 1467/1891/1532
f 1487/1913/1553 1488/1914/1554 1468/1893/1534
f 1472/1896/1537 1470/1895/1536 1488/1914/1554
f 1491/1915/1555 1472/1896/1537 1489/1916/1556
f 1491/1915/1555 1490/1917/1557 1474/1899/1540
f 1492/1918/1558 1474/1899/1540 1490/1917/1557
f 1478/1903/1544 1476/1902/1543 1492/1918/1558
f 1478/1903/1544 1493/1919/1559 1477/1901/1542
f 1463/1887/1528 1481/1920/1550 1496/1921/1560
f 1496/1921/1560 885/1130/898 1463/1887/1528
f 1496/1921/1560 1494/1922/1561 1497/1923/1562
f 911/1162/926 1496/1921/1560 1497/1923/1562
f 1497/1924/1562 1495/1925/1563 1498/1926/1564
f 912/1927/1565 1497/1923/1562 1498/1928/1566
f 1499/1929/1567 913/1930/930 914/1166/927
f 914/1166/927 1498/1931/1568 1499/1929/1567
f 1482/1911/1551 872/1132/899 915/1932/1569
f 1485/1909/1549 1484/1908/1548 1500/1933/1570
f 1495/1925/1563 1485/1909/1549 1500/1933/1570
f 1503/1934/1571 913/1930/930 1499/1929/1567
f 1499/1929/1567 1501/1935/1572 1503/1934/1571
f 915/1932/1569 1486/1912/1552 1482/1911/1551
f 908/1158/923 1486/1912/1552 915/1932/1569
f 916/1167/929 1504/1936/1573 908/1158/923
f 1505/1937/1574 913/1168/930 1502/1938/1575
f 1504/1936/1573 1487/1913/1553 1486/1912/1552
f 1506/1939/1576 1508/1940/1577 1502/1938/1575
f 1504/1936/1573 1488/1914/1554 1487/1913/1553
f 1505/1937/1574 1509/1941/1578 1504/1936/1573
f 1510/1942/1579 1502/1938/1575 1508/1940/1577
f 1512/1943/1580 1508/1940/1577 1507/1944/1581
f 1491/1915/1555 1488/1914/1554 1509/1941/1578
f 1510/1942/1579 1508/1940/1577 1511/1945/1582
f 1514/1946/1583 1511/1945/1582 1512/1943/1580
f 1513/1947/1584 1492/1918/1558 1491/1915/1555
f 1513/1947/1584 1491/1915/1555 1510/1942/1579
f 1515/1948/1585 1492/1918/1558 1513/1947/1584
f 1514/1946/1583 1515/1948/1585 1513/1947/1584
f 1514/1946/1583 1512/1943/1580 1516/1949/1586
f 1517/1950/1587 1493/1919/1559 1519/1951/1588
f 1517/1950/1587 1492/1918/1558 1515/1948/1585
f 1520/1952/1589 1515/1948/1585 1516/1949/1586
f 1400/1953/1590 931/1186/945 788/1954/1591
f 944/1206/960 1479/1905/1545 867/1127/896
f 945/1207/961 1522/1955/1592 944/1206/960
f 1529/1956/1593 945/1207/961 946/1957/1594
f 946/1957/1594 1521/1958/1595 1529/1956/1593
f 1480/1959/1547 1479/1905/1545 1524/1960/1596
f 1525/1961/1597 1479/1905/1545 1522/1955/1592
f 1526/1962/1598 1522/1955/1592 1523/1963/1599
f 1528/1964/1600 1495/1925/1563 1527/1965/1601
f 1529/1956/1593 1521/1958/1595 1544/1966/1602
f 1524/1967/1596 1483/1906/1546 1480/1907/1547
f 1525/1968/1597 1530/1969/1603 1524/1967/1596
f 1526/1962/1598 1531/1970/1604 1525/1961/1597
f 1526/1962/1598 1529/1956/1593 1532/1971/1605
f 1484/1908/1548 1483/1906/1546 1533/1972/1606
f 1533/1972/1606 1530/1969/1603 1534/1973/1607
f 1535/1974/1608 1530/1969/1603 1531/1975/1604
f 1500/1933/1570 1533/1972/1606 1536/1976/1609
f 1527/1965/1601 1500/1933/1570 1536/1976/1610
f 1537/1977/1611 1533/1972/1606 1534/1973/1607
f 1528/1978/1612 1501/1935/1572 1498/1931/1568
f 1538/1979/1613 1527/1980/1614 1536/1981/1615
f 1532/1971/1605 1540/1982/1616 1531/1970/1604
f 1535/1983/1608 1541/1984/1617 1534/1985/1607
f 1537/1986/1611 1542/1987/1618 1536/1988/1615
f 1538/1979/1613 1506/1989/1576 1501/1935/1572
f 1538/1979/1613 1542/1990/1618 1543/1991/1619
f 1539/1992/1620 1545/1993/1621 1540/1982/1616
f 1540/1982/1616 1546/1994/1622 1541/1984/1617
f 1541/1995/1617 1547/1996/1623 1542/1990/1618
f 1543/1991/1619 1507/1997/1581 1506/1989/1576
f 1400/1953/1590 1733/1800/1459 1544/1966/1602
f 1548/1998/1624 1545/1993/1621 1544/1966/1602
f 1545/1993/1621 1548/1998/1624 1546/1994/1622
f 1546/1999/1622 1549/2000/1625 1547/1996/1623
f 1549/2001/1625 1512/1943/1580 1507/1944/1581
f 1550/2002/1626 1548/1998/1624 1544/1966/1602
f 1544/1966/1602 1733/1800/1459 1550/2002/1626
f 1550/2002/1626 1549/2001/1625 1548/1998/1624
f 1549/2001/1625 1550/2002/1626 1551/2003/1627
f 1549/2001/1625 1551/2003/1627 1552/2004/1628
f 1553/2005/1629 1512/1943/1580 1552/2004/1628
f 1552/2004/1628 1551/2003/1627 1554/2006/1630
f 1553/2005/1629 1518/2007/1631 1520/1952/1589
f 1553/2005/1629 1520/1952/1589 1516/1949/1586
f 1553/2005/1629 1552/2004/1628 1554/2006/1630
f 1562/2008/1632 1086/1391/1111 1557/1797/1456
f 1564/2009/1633 1557/1797/1456 1558/2010/1634
f 1566/2011/1635 1558/2010/1634 1556/1798/1457
f 1568/2012/1636 1556/2013/1457 1559/2014/1637
f 1560/2015/1638 1569/2016/1639 1324/1692/1373
f 1561/2017/1640 1571/2018/1641 1560/2015/1638
f 1573/2019/1642 1561/2017/1640 1562/2008/1632
f 1575/2020/1643 1562/2008/1632 1563/2021/1644
f 1577/2022/1645 1563/2021/1644 1564/2009/1633
f 1565/2023/1646 1578/2024/1647 1564/2025/1633
f 1582/2026/1648 1565/2027/1646 1566/2011/1635
f 1582/2028/1648 1581/2029/1649 1580/2030/1650
f 1567/2031/1651 1582/2032/1648 1566/2033/1635
f 1584/2034/1652 1567/2035/1651 1568/2012/1636
f 1585/2036/1653 1325/2037/1377 1569/2016/1639
f 1585/2038/1653 1330/1702/1380 1329/1700/1378
f 1570/2039/1654 1585/2040/1653 1569/2041/1639
f 1586/2042/1655 1331/1701/1379 1330/1702/1380
f 1587/2043/1656 1332/1703/1381 1331/1701/1379
f 1588/2044/1657 1570/2045/1654 1571/2018/1641
f 1588/2046/1657 1587/2043/1656 1586/2042/1655
f 1572/2047/1658 1588/2048/1657 1571/2049/1641
f 1589/2050/1659 1332/1703/1381 1587/2043/1656
f 1590/2051/1660 1328/1727/1402 1332/1703/1381
f 1592/2052/1661 1572/2053/1658 1573/2019/1642
f 1592/2054/1661 1590/2051/1660 1589/2050/1659
f 1574/2055/1662 1592/2056/1661 1573/2057/1642
f 1593/2058/1663 1591/2059/1664 1590/2051/1660
f 1594/2060/1665 1328/1727/1402 1591/2059/1664
f 1596/2061/1666 1328/1727/1402 1595/2062/1667
f 1597/2063/1668 1574/2064/1662 1575/2020/1643
f 1597/2065/1668 1594/2060/1665 1593/2058/1663
f 1576/2066/1669 1597/2067/1668 1575/2068/1643
f 1598/2069/1670 1595/2062/1667 1594/2060/1665
f 1599/2070/1671 1596/2061/1666 1595/2062/1667
f 1602/2071/1672 1576/2072/1669 1577/2022/1645
f 1602/2073/1672 1599/2070/1671 1598/2069/1670
f 1578/2024/1647 1602/2074/1672 1577/2075/1645
f 1603/2076/1673 1600/2077/1674 1599/2070/1671
f 1604/2078/1675 1601/2079/1676 1600/2077/1674
f 1606/2080/1677 1578/2024/1647 1579/2081/1678
f 1606/2082/1677 1604/2078/1675 1603/2076/1673
f 1580/2083/1650 1606/2080/1677 1579/2081/1678
f 1607/2084/1679 1605/2085/1680 1604/2078/1675
f 1581/2029/1649 1607/2084/1679 1580/2030/1650
f 1608/2086/1681 1581/2029/1649 1583/2087/1682
f 1584/2088/1652 1608/2086/1681 1583/2087/1682
f 1609/2089/1683 1584/2090/1652 1568/2091/1636
f 1613/2092/1684 1608/2086/1681 1612/2093/1685
f 1613/2092/1684 1611/2094/1686 1610/2095/1687
f 1610/2095/1687 1616/2096/1688 1608/2086/1681
f 1656/2097/1689 1328/1727/1402 1596/2061/1666
f 1611/2094/1686 1617/2098/1690 1610/2095/1687
f 1614/2099/1691 1618/2100/1692 1611/2094/1686
f 1616/2096/1688 1620/2101/1693 1605/2085/1680
f 1616/2096/1688 1610/2095/1687 1617/2098/1690
f 1622/2102/1694 1656/2097/1689 1601/2079/1676
f 1620/2101/1693 1622/2102/1694 1601/2079/1676
f 1639/2103/1460 1623/2104/1695 1625/2105/1696
f 1748/2106/1697 1624/2107/1698 1626/2108/1699
f 1630/2109/1700 1617/2098/1690 1618/2100/1692
f 1631/2110/1701 1627/2111/1702 1630/2109/1700
f 1632/2112/1703 1628/2113/1704 1631/2110/1701
f 1632/2114/1703 1623/2104/1695 1629/2115/1705
f 1633/2116/1706 1618/2100/1692 1619/2117/1707
f 1634/2118/1708 1618/2100/1692 1633/2116/1706
f 1635/2119/1709 1630/2109/1700 1634/2118/1708
f 1636/2120/1710 1631/2110/1701 1635/2119/1709
f 1636/2121/1710 1626/2108/1699 1624/2107/1698
f 1624/2122/1698 1632/2114/1703 1636/2123/1710
f 1620/2101/1693 1663/2124/1711 1622/2102/1694
f 1621/2125/1712 1617/2098/1690 1627/2111/1702
f 1628/2113/1704 1620/2101/1693 1627/2111/1702
f 315/898/317 573/2126/1713 1638/2127/1714
f 315/898/317 1638/2127/1714 1639/1801/1460
f 1640/2128/1715 573/2126/1713 1378/2129/1716
f 1641/2130/1717 1638/2127/1714 1640/2128/1715
f 1642/2131/1718 1638/2127/1714 1641/2130/1717
f 1643/2132/1719 1638/2127/1714 1642/2131/1718
f 1644/2133/1720 1638/2127/1714 1643/2132/1719
f 1639/1801/1460 1644/2133/1720 1623/2134/1695
f 1646/2135/1721 1378/2136/1716 1386/2137/1455
f 1648/2138/1722 1640/2139/1715 1645/2140/1723
f 1650/2141/1724 1641/2142/1717 1647/2143/1725
f 1652/2144/1726 1642/2145/1718 1649/2146/1727
f 1654/2147/1728 1643/2148/1719 1651/2149/1729
f 1623/2134/1695 1653/2150/1730 1655/2151/1731
f 1656/2097/1689 1391/1781/1446 1615/2152/1732
f 1657/2153/1733 1392/1782/1447 1391/1781/1446
f 1658/2154/1734 1395/1786/1450 1392/1782/1447
f 1660/2155/1735 1395/1786/1450 1659/2156/1736
f 1660/2157/1735 1645/2158/1723 1646/2159/1721
f 1660/2160/1735 1386/2137/1455 1398/2161/1454
f 1662/2162/1737 1658/2154/1734 1661/2163/1738
f 1662/2164/1737 1647/2165/1725 1648/2166/1722
f 1662/2167/1737 1645/2140/1723 1659/2168/1736
f 1663/2124/1711 1657/2153/1733 1656/2097/1689
f 1664/2169/1739 1658/2154/1734 1657/2153/1733
f 1666/2170/1740 1658/2154/1734 1665/2171/1741
f 1666/2172/1740 1649/2173/1727 1650/2174/1724
f 1666/2175/1740 1647/2143/1725 1661/2176/1738
f 1668/2177/1742 1664/2169/1739 1667/2178/1743
f 1668/2179/1742 1651/2180/1729 1652/2181/1726
f 1668/2182/1742 1649/2146/1727 1665/2183/1741
f 1637/2184/1744 1664/2169/1739 1663/2124/1711
f 1670/2185/1745 1664/2169/1739 1669/2186/1746
f 1670/2187/1745 1653/2150/1730 1654/2188/1728
f 1670/2189/1745 1651/2149/1729 1667/2190/1743
f 1671/2191/1747 1637/2184/1744 1628/2113/1704
f 1671/2192/1747 1629/2193/1705 1655/2151/1731
f 1671/2191/1747 1653/2194/1730 1669/2186/1746
f 1674/2195/1748 1672/2196/1749 1455/1879/1520
f 1674/2195/1748 1455/1879/1520 1456/1882/1523
f 1675/2197/1750 1456/1882/1523 1457/1881/1522
f 1676/2198/1751 1457/1881/1522 1458/1885/1526
f 1459/1884/1525 1676/2198/1751 1458/1885/1526
f 1678/2199/1752 1677/2200/1519 1672/2196/1749
f 1679/2201/1753 1672/2202/1749 1673/2203/1754
f 1680/2204/1755 1673/2205/1754 1674/2195/1748
f 1684/2206/1756 1674/2195/1748 1675/2197/1750
f 1684/2206/1756 1682/2207/1757 1681/2208/1758
f 1676/2198/1751 1684/2206/1756 1675/2197/1750
f 1685/2209/1759 1683/2210/1760 1682/2207/1757
f 1459/1884/1525 1685/2209/1759 1676/2198/1751
f 1689/2211/1761 1677/2212/1519 1678/2213/1752
f 1690/2214/1762 1678/2199/1752 1679/2215/1753
f 1694/2216/1763 1679/2215/1753 1680/2204/1755
f 1694/2216/1763 1692/2217/1764 1691/2218/1765
f 1695/2219/1766 1680/2204/1755 1681/2208/1758
f 1695/2219/1766 1693/2220/1767 1692/2217/1764
f 1682/2207/1757 1695/2219/1766 1681/2208/1758
f 1687/2221/1768 1559/2222/1637 1556/2223/1457
f 1697/2224/1769 1687/2221/1768 1688/2225/1770
f 1702/2226/1771 1688/2225/1770 1689/2227/1761
f 1702/2226/1771 1699/2228/1772 1698/2229/1773
f 1700/2230/1774 1699/2231/1772 1703/2232/1775
f 1705/2233/1776 1689/2227/1761 1690/2214/1762
f 1705/2234/1776 1700/2230/1774 1703/2232/1775
f 1706/2235/1777 1690/2214/1762 1691/2218/1765
f 1706/2236/1777 1704/2237/1778 1700/2230/1774
f 1692/2217/1764 1706/2235/1777 1691/2218/1765
f 1708/2238/1779 1559/2222/1637 1696/2239/1780
f 1713/2240/1781 1696/2239/1780 1697/2224/1769
f 1713/2241/1781 1710/2242/1782 1709/2243/1783
f 1698/2229/1773 1713/2240/1781 1697/2224/1769
f 1714/2244/1784 1711/2245/1785 1710/2242/1782
f 1699/2228/1772 1714/2246/1784 1698/2229/1773
f 1699/2231/1772 1712/2247/1786 1711/2245/1785
f 1701/2248/1787 1715/2249/1788 1700/2230/1774
f 1716/2250/1789 1609/2089/1683 1708/2238/1779
f 1716/2251/1789 1613/2092/1684 1612/2093/1685
f 1709/2252/1783 1716/2250/1789 1708/2238/1779
f 1717/2253/1790 1614/2099/1691 1613/2092/1684
f 1710/2254/1782 1717/2255/1790 1709/2256/1783
f 1718/2257/1791 1686/2258/1792 1459/1884/1525
f 1721/2259/1793 1477/1901/1542 1493/1919/1559
f 1686/2258/1792 1718/2257/1791 1721/2259/1793
f 1723/2260/1794 1722/2261/1795 1683/2210/1760
f 1724/2262/1796 1683/2210/1760 1722/2261/1795
f 1704/2237/1778 1725/2263/1797 1701/2248/1787
f 1719/2264/1798 1726/2265/1799 1712/2247/1786
f 1719/2264/1798 1701/2248/1787 1725/2263/1797
f 1720/2266/1800 1712/2247/1786 1726/2265/1799
f 1720/2266/1800 1619/2117/1707 1614/2099/1691
f 1721/2259/1793 1493/1919/1559 1517/1950/1587
f 1727/2267/1801 1517/1950/1587 1518/2007/1631
f 1727/2267/1801 1722/2261/1795 1723/2260/1794
f 1727/2267/1801 1723/2260/1794 1721/2259/1793
f 1724/2268/1796 1728/2269/1802 1693/2270/1767
f 1730/2271/1803 1704/2237/1778 1707/2272/1804
f 1730/2271/1803 1693/2270/1767 1728/2269/1802
f 1550/2002/1626 1731/2273/1805 1551/2003/1627
f 1732/2274/1806 1518/2007/1631 1554/2006/1630
f 1555/2275/1807 1732/2274/1806 1554/2006/1630
f 1731/2273/1805 1550/2002/1626 1734/2276/1808
f 1731/2273/1805 1734/2276/1808 1737/2277/1809
f 1738/2278/1810 1722/2261/1795 1727/2267/1801
f 1739/2279/1811 1735/2280/1812 1738/2278/1810
f 1555/2275/1807 1738/2278/1810 1732/2274/1806
f 1739/2279/1811 1731/2273/1805 1736/2281/1813
f 1550/2002/1626 1740/2282/1814 1742/2283/1815
f 1734/2276/1808 1742/2283/1815 1745/2284/1816
f 1735/2280/1812 1728/2285/1802 1724/2262/1796
f 1735/2280/1812 1724/2262/1796 1722/2261/1795
f 1746/2286/1817 1728/2285/1802 1735/2280/1812
f 1746/2286/1817 1735/2280/1812 1736/2281/1813
f 1747/2287/1818 1743/2288/1819 1746/2286/1817
f 1737/2277/1809 1746/2286/1817 1736/2281/1813
f 1747/2287/1818 1734/2276/1808 1744/2289/1820
f 1741/2290/1821 1749/2291/1822 1740/2282/1814
f 1740/2282/1814 1751/2292/1823 1742/2283/1815
f 1740/2282/1814 1749/2291/1822 1752/2293/1824
f 1743/2294/1819 1729/2295/1825 1730/2271/1803
f 1743/2294/1819 1730/2271/1803 1728/2269/1802
f 1753/2296/1826 1729/2295/1825 1743/2294/1819
f 1754/2297/1827 1750/2298/1828 1753/2299/1826
f 1745/2284/1816 1753/2299/1826 1744/2289/1820
f 1754/2297/1827 1742/2283/1815 1751/2292/1823
f 1748/2106/1697 1626/2108/1699 1758/2300/1829
f 1755/2301/1830 1726/2265/1799 1725/2263/1797
f 1760/2302/1831 1756/2303/1832 1759/2304/1833
f 1760/2302/1831 1749/2291/1822 1741/2290/1821
f 1760/2302/1831 1748/2106/1697 1757/2305/1834
f 1750/2306/1828 1755/2301/1830 1725/2263/1797
f 1762/2307/1835 1755/2301/1830 1761/2308/1836
f 1752/2293/1824 1761/2309/1836 1751/2292/1823
f 1762/2310/1835 1749/2291/1822 1759/2304/1833
f 1755/2301/1830 1720/2266/1800 1726/2265/1799
f 1756/2311/1832 1619/2117/1707 1720/2266/1800
f 1756/2311/1832 1720/2266/1800 1755/2301/1830
f 1763/2312/1837 1633/2116/1706 1756/2311/1832
f 1764/2313/1838 1634/2118/1708 1763/2312/1837
f 1758/2300/1829 1763/2314/1837 1757/2305/1834
f 1764/2315/1838 1626/2316/1699 1635/2317/1709
f 4/1/1 3/2318/9 1/2/2
f 4/1/1 5/228/183 3/2318/9
f 9/7/4 8/8/7 6/2319/5
f 9/7/4 2/3/3 1/2/2
f 10/9/8 8/18/7 1/10/2
f 11/20/16 10/9/8 3/11/9
f 12/12/10 11/20/16 3/11/9
f 14/14/12 7/6/6 6/5/5
f 15/16/14 13/27/13 6/17/5
f 10/9/8 16/29/24 15/16/14
f 17/19/15 16/29/24 10/9/8
f 12/12/10 18/23/19 17/19/15
f 20/21/17 18/23/19 12/12/10
f 20/241/17 21/37/29 19/36/18
f 23/24/20 14/14/12 13/15/13
f 24/26/22 22/39/21 13/27/13
f 25/28/23 24/26/22 15/16/14
f 26/30/25 25/28/23 16/29/24
f 28/31/26 26/30/25 17/19/15
f 28/32/26 29/35/28 27/33/27
f 19/36/18 29/35/28 28/32/26
f 23/24/20 22/25/21 30/48/34
f 31/38/30 30/51/37 22/39/21
f 32/40/31 31/38/30 24/26/22
f 34/41/32 32/40/31 25/28/23
f 34/42/32 35/83/60 33/43/33
f 27/33/27 35/83/60 34/42/32
f 39/52/38 37/50/36 31/38/30
f 39/57/38 40/85/62 38/60/39
f 33/56/33 40/85/62 39/57/38
f 36/49/35 30/48/34 41/414/334
f 42/59/40 41/417/337 30/51/37
f 38/60/39 43/91/67 42/61/41
f 46/96/72 45/64/43 44/71/46
f 47/63/42 4/1/1 2/3/3
f 47/63/42 45/64/43 46/96/72
f 48/97/73 49/65/44 47/63/42
f 52/69/48 9/4/4 7/6/6
f 52/70/48 45/64/43 2/3/3
f 52/69/48 50/68/47 44/67/46
f 53/72/49 50/68/47 7/6/6
f 51/66/45 50/68/47 54/73/50
f 58/74/51 53/72/49 14/14/12
f 59/75/52 54/73/50 53/72/49
f 61/76/53 60/78/55 27/33/27
f 62/77/54 61/76/53 55/82/59
f 29/35/28 63/80/57 61/76/53
f 56/79/56 63/80/57 29/35/28
f 63/80/57 57/81/58 55/82/59
f 64/103/79 59/75/52 58/74/51
f 35/83/60 67/2320/1839 65/84/61
f 60/78/55 67/2320/1839 35/83/60
f 67/2320/1839 80/105/80 65/84/61
f 60/78/55 80/105/80 67/2320/1839
f 80/105/80 66/104/66 65/84/61
f 58/74/51 23/24/20 36/49/35
f 68/107/82 64/103/79 58/74/51
f 40/85/62 71/2321/1840 69/86/63
f 65/87/61 71/2321/1840 40/85/62
f 71/2321/1840 72/88/64 69/86/63
f 72/88/64 71/2321/1840 65/87/61
f 73/457/371 68/107/82 58/74/51
f 69/86/63 74/92/68 43/91/67
f 75/109/84 74/92/68 70/89/65
f 77/93/69 46/96/72 44/71/46
f 78/95/71 47/63/42 46/96/72
f 76/118/70 44/67/46 51/66/45
f 57/81/58 79/101/77 55/82/59
f 82/100/76 81/99/75 80/105/80
f 62/77/54 82/100/76 60/78/55
f 62/77/54 83/98/74 82/100/76
f 81/124/75 85/108/83 66/90/66
f 86/106/81 84/102/78 64/103/79
f 72/88/64 87/110/85 70/89/65
f 72/88/64 92/123/97 87/110/85
f 85/108/83 92/123/97 72/88/64
f 88/111/86 54/73/50 59/75/52
f 83/98/74 90/143/114 81/99/75
f 79/101/77 91/113/88 62/77/54
f 91/113/88 90/143/114 83/98/74
f 93/115/90 87/110/85 92/123/97
f 93/115/90 95/493/405 75/109/84
f 97/116/91 77/93/69 76/94/70
f 96/127/92 76/118/70 98/119/93
f 98/119/93 51/66/45 88/111/86
f 90/143/114 100/142/98 81/99/75
f 84/102/78 99/120/94 59/75/52
f 85/108/83 102/121/95 92/123/97
f 102/121/95 85/108/83 81/124/75
f 93/115/90 104/133/105 95/493/405
f 105/128/100 98/119/93 106/129/101
f 106/129/101 88/111/86 99/120/94
f 109/132/104 93/115/90 101/122/96
f 103/126/99 108/131/103 86/106/81
f 110/504/416 104/133/105 109/132/104
f 112/134/106 97/116/91 96/117/92
f 113/136/108 78/95/71 97/116/91
f 114/137/109 78/95/71 113/136/108
f 111/161/107 96/127/92 105/128/100
f 116/138/110 115/144/115 91/113/88
f 117/139/111 116/138/110 79/101/77
f 91/113/88 120/141/113 90/143/114
f 120/141/113 119/202/117 100/142/98
f 108/131/103 118/140/112 99/120/94
f 102/121/95 122/145/116 101/122/96
f 122/145/116 102/121/95 100/125/98
f 123/148/119 109/132/104 101/122/96
f 124/149/120 110/504/416 109/132/104
f 112/134/106 111/135/107 125/150/121
f 129/151/122 125/150/121 126/2322/1841
f 129/151/122 126/2322/1841 127/152/123
f 130/153/124 127/152/123 128/154/125
f 113/136/108 112/134/106 129/151/122
f 132/156/127 113/136/108 129/151/122
f 132/156/127 129/151/122 130/153/124
f 133/157/128 130/153/124 131/155/126
f 132/156/127 114/137/109 113/136/108
f 139/160/131 105/128/100 136/179/142
f 139/160/131 125/164/121 111/161/107
f 139/160/131 136/179/142 137/162/132
f 140/163/133 126/2323/1841 125/164/121
f 140/163/133 137/162/132 138/165/134
f 127/167/123 126/2323/1841 140/163/133
f 128/168/125 127/167/123 141/166/135
f 143/170/137 131/174/126 128/171/125
f 144/173/138 134/176/129 131/174/126
f 145/175/139 135/178/141 134/176/129
f 148/181/144 137/162/132 136/179/142
f 138/165/134 137/162/132 148/181/144
f 149/182/145 141/166/135 138/165/134
f 142/169/136 141/166/135 149/182/145
f 151/184/147 143/170/137 142/172/136
f 152/186/148 144/173/138 143/170/137
f 154/187/149 145/175/154 144/173/138
f 155/188/150 153/190/152 115/144/115
f 156/189/151 154/205/149 153/190/152
f 157/192/155 155/188/150 116/138/110
f 158/193/156 156/189/151 155/188/150
f 158/194/157 146/177/305 145/175/154
f 159/195/158 138/165/134 148/181/144
f 118/140/112 147/180/143 106/129/101
f 148/181/144 147/180/143 118/140/112
f 160/221/176 159/195/158 148/181/144
f 160/221/176 161/196/159 159/195/158
f 149/182/145 138/165/134 159/195/158
f 162/197/160 150/183/146 149/182/145
f 163/198/161 151/184/147 150/185/146
f 165/200/162 152/186/148 151/184/147
f 166/201/163 164/204/165 119/202/117
f 166/201/163 120/141/113 115/144/115
f 167/203/164 165/2324/162 164/204/165
f 167/203/164 166/201/163 153/190/152
f 167/206/164 154/187/149 152/186/148
f 148/181/144 118/140/112 168/207/166
f 160/221/176 148/181/144 168/207/166
f 170/214/170 163/198/161 162/199/160
f 171/208/167 169/211/169 121/147/118
f 171/208/167 122/145/116 119/146/117
f 172/2325/168 170/2326/170 169/2327/169
f 172/210/168 171/208/167 164/209/165
f 172/213/168 165/200/162 163/198/161
f 160/221/176 168/207/166 173/215/171
f 174/224/179 162/197/160 161/196/159
f 175/216/172 123/148/119 121/147/118
f 176/217/173 175/216/172 169/211/169
f 176/219/174 170/214/170 162/199/160
f 178/223/178 161/196/159 160/221/176
f 179/225/180 124/149/120 123/148/119
f 180/226/181 179/225/180 175/216/172
f 180/519/430 176/219/174 174/220/175
f 181/227/182 182/2328/1842 5/228/183
f 183/2329/1843 182/2328/1842 181/227/182
f 184/229/184 183/2329/1843 181/227/182
f 187/232/187 12/12/10 5/13/11
f 182/231/186 188/245/195 187/232/187
f 189/233/188 188/245/195 182/231/186
f 184/235/184 190/248/198 189/233/188
f 191/238/190 190/248/198 184/235/184
f 187/232/187 192/243/192 20/21/17
f 192/240/192 193/254/203 21/37/29
f 187/232/187 194/244/194 192/243/192
f 195/250/193 193/254/203 192/240/192
f 196/246/196 194/244/194 187/232/187
f 188/245/195 197/258/206 196/246/196
f 198/263/210 197/258/206 188/245/195
f 199/247/197 198/263/210 188/245/195
f 190/248/198 200/264/211 199/247/197
f 201/249/199 200/264/211 190/248/198
f 191/238/190 202/267/214 201/249/199
f 195/242/193 194/244/194 204/255/200
f 195/250/193 205/252/201 203/253/202
f 196/246/196 206/259/205 204/255/200
f 207/256/204 205/252/201 204/251/200
f 197/258/206 208/261/208 206/259/205
f 209/272/207 207/256/204 206/257/205
f 210/262/209 208/261/208 197/258/206
f 199/247/197 211/265/212 210/262/209
f 200/264/211 212/266/213 211/265/212
f 201/249/199 213/268/215 212/266/213
f 202/267/214 214/789/627 213/268/215
f 209/260/207 208/261/208 216/274/216
f 209/2330/207 217/2331/217 215/2332/218
f 210/262/209 218/275/219 216/274/216
f 211/265/212 219/276/220 218/275/219
f 221/277/221 217/2333/217 216/278/216
f 218/275/219 222/283/224 220/280/222
f 223/281/223 221/277/221 220/279/222
f 219/276/220 224/284/225 222/283/224
f 212/266/213 225/285/226 224/284/225
f 223/281/223 222/282/224 226/286/227
f 49/65/44 181/227/182 4/1/1
f 185/230/185 181/227/182 229/290/231
f 230/291/232 229/290/231 49/65/44
f 186/293/191 185/230/185 230/291/232
f 232/294/234 230/291/232 231/292/233
f 234/296/236 231/292/233 228/289/230
f 235/303/237 191/238/190 186/237/191
f 193/254/203 236/301/239 56/79/56
f 237/300/238 57/81/58 56/79/56
f 236/301/239 193/254/203 203/253/202
f 207/256/204 241/306/243 239/304/241
f 241/306/243 242/308/245 240/305/242
f 244/307/244 243/2334/258 242/308/245
f 241/306/243 207/256/204 215/273/218
f 245/309/246 244/307/244 215/273/218
f 243/323/258 244/2335/244 246/324/247
f 245/312/246 217/2333/217 221/277/221
f 246/324/247 245/312/246 247/313/248
f 248/314/249 247/313/248 221/277/221
f 248/314/249 223/281/223 227/287/228
f 249/315/250 252/318/253 248/314/249
f 250/316/251 89/112/87 57/81/58
f 238/302/240 255/321/256 250/316/251
f 255/321/256 238/302/240 251/317/252
f 243/2334/258 257/2336/1844 242/308/245
f 258/325/259 257/2337/1844 243/323/258
f 258/325/259 246/324/247 259/326/260
f 252/318/253 259/326/260 247/313/248
f 253/319/254 260/327/261 252/318/253
f 254/320/255 48/97/73 114/137/109
f 242/308/245 261/2338/1845 256/322/257
f 257/2336/1844 261/2338/1845 242/308/245
f 250/316/251 264/330/264 107/130/102
f 255/321/256 265/339/273 264/330/264
f 266/331/265 265/339/273 255/321/256
f 261/2338/1845 267/332/266 256/322/257
f 257/2336/1844 268/341/268 261/2338/1845
f 268/341/268 267/332/266 261/2338/1845
f 268/334/268 257/2337/1844 258/325/259
f 269/333/267 258/325/259 270/335/269
f 260/327/261 270/335/269 259/326/260
f 264/330/264 117/139/111 107/130/102
f 272/338/272 271/337/271 264/330/264
f 266/331/265 273/381/308 272/338/272
f 273/381/308 266/331/265 274/340/274
f 268/334/268 275/342/275 274/2339/274
f 275/342/275 268/334/268 269/333/267
f 276/343/276 269/333/267 277/344/277
f 278/345/278 277/344/277 270/335/269
f 263/329/263 278/345/278 260/327/261
f 280/347/280 114/137/109 132/156/127
f 281/348/281 132/156/127 133/157/128
f 282/349/282 133/157/128 135/159/130
f 283/336/270 114/137/109 280/347/280
f 286/352/285 285/351/284 281/348/281
f 287/353/286 286/352/285 282/349/282
f 290/356/289 289/355/288 280/347/280
f 291/357/290 290/356/289 285/351/284
f 292/358/291 291/357/290 286/352/285
f 294/360/293 293/359/292 283/336/270
f 295/361/294 294/360/293 289/355/288
f 296/362/295 295/361/294 290/356/289
f 284/363/283 135/178/141 146/177/140
f 300/367/299 287/2340/286 284/363/283
f 292/371/291 302/372/301 301/389/300
f 292/371/291 287/2340/286 300/367/299
f 296/373/295 301/391/300 303/374/302
f 296/2341/295 291/2342/290 301/2343/300
f 304/376/303 157/192/155 117/139/111
f 305/377/304 158/193/156 157/192/155
f 272/338/272 306/379/306 304/376/303
f 306/379/306 307/383/307 305/377/304
f 273/381/308 308/382/309 306/379/306
f 308/382/309 309/2344/311 307/383/307
f 297/364/310 146/177/305 307/380/307
f 298/365/297 297/364/310 309/384/311
f 299/366/298 298/365/297 310/385/312
f 300/367/299 299/366/298 311/386/313
f 302/372/301 314/390/316 313/388/315
f 302/372/301 300/367/299 312/387/314
f 301/389/300 313/388/315 315/2345/317
f 316/2346/319 309/2347/311 308/2348/309
f 275/393/275 317/394/318 308/382/309
f 317/394/318 318/2349/320 316/395/319
f 310/385/312 309/384/311 316/396/319
f 311/386/313 310/385/312 318/397/320
f 312/387/314 311/386/313 319/398/321
f 314/390/316 312/387/314 320/399/322
f 321/400/323 317/402/318 275/342/275
f 322/401/324 318/2350/320 317/402/318
f 319/398/321 318/397/320 322/403/324
f 320/399/322 319/398/321 323/404/325
f 314/390/316 320/399/322 324/405/326
f 326/407/328 321/400/323 276/343/276
f 327/408/329 322/401/324 321/400/323
f 326/407/328 328/2351/330 327/408/329
f 323/404/325 322/403/324 327/409/329
f 324/405/326 323/404/325 328/410/330
f 325/406/327 324/405/326 329/411/331
f 330/412/332 326/407/328 278/345/278
f 331/413/333 328/2351/330 326/407/328
f 329/411/331 328/410/330 331/2352/1846
f 325/406/327 332/665/551 313/388/315
f 315/2345/317 313/388/315 332/665/551
f 43/91/67 335/420/340 334/418/338
f 334/416/336 336/422/342 41/417/337
f 337/419/339 336/425/345 334/418/338
f 336/422/342 339/428/348 338/423/343
f 340/424/344 339/2353/348 336/425/345
f 341/2354/346 339/2355/348 340/2356/344
f 339/428/348 342/427/347 338/423/343
f 341/426/346 343/436/353 342/427/347
f 344/429/349 343/2357/353 341/430/346
f 345/431/350 343/2358/353 344/432/349
f 342/427/347 348/437/354 347/435/352
f 343/436/353 349/439/355 348/437/354
f 345/438/350 350/443/359 349/439/355
f 346/2359/351 350/2360/359 345/2361/350
f 351/440/356 350/2362/359 346/433/351
f 348/437/354 353/442/358 347/435/352
f 349/439/355 354/444/360 353/442/358
f 350/443/359 355/446/361 354/444/360
f 351/445/356 356/452/367 355/446/361
f 352/441/357 356/2363/367 351/440/356
f 357/447/362 356/2363/367 352/441/357
f 353/442/358 359/449/364 347/435/352
f 354/444/360 360/450/365 359/449/364
f 361/451/366 360/450/365 355/446/361
f 357/453/362 362/455/369 361/451/366
f 360/450/365 363/1216/969 359/449/364
f 360/450/365 364/454/368 363/1216/969
f 362/455/369 365/611/500 364/454/368
f 366/456/370 58/74/51 36/49/35
f 74/92/68 367/460/374 335/420/340
f 368/458/372 367/460/374 74/92/68
f 370/459/373 337/419/339 335/420/340
f 371/461/375 370/459/373 367/460/374
f 372/462/376 366/456/370 333/415/335
f 73/457/371 366/456/370 372/462/376
f 369/482/394 73/457/371 373/463/377
f 374/464/378 340/424/344 337/419/339
f 375/466/380 374/464/378 371/461/375
f 377/469/383 376/465/379 375/466/380
f 378/467/381 344/429/349 340/424/344
f 379/468/382 378/467/381 376/465/379
f 346/433/351 344/432/349 378/470/381
f 380/471/384 378/470/381 379/472/382
f 381/473/385 383/486/398 382/474/386
f 352/441/357 346/433/351 382/474/386
f 385/477/389 384/475/387 382/474/386
f 385/477/389 382/474/386 383/486/398
f 388/476/388 384/475/387 385/477/389
f 387/1256/999 373/463/377 372/462/376
f 358/448/363 352/441/357 388/476/388
f 390/480/392 389/479/391 388/476/388
f 391/1529/1238 373/463/377 387/1256/999
f 393/484/396 371/461/375 368/458/372
f 394/483/395 369/482/394 373/463/377
f 381/473/385 396/496/408 383/486/398
f 397/487/399 383/486/398 396/496/408
f 398/491/403 397/487/399 396/496/408
f 386/478/390 385/477/389 397/487/399
f 401/490/402 400/489/401 397/487/399
f 386/478/390 402/492/404 390/480/392
f 392/481/393 94/114/89 68/107/82
f 403/494/406 368/458/372 75/109/84
f 404/495/407 375/466/380 393/484/396
f 381/473/385 405/497/409 396/496/408
f 392/481/393 103/126/99 94/114/89
f 407/498/410 403/494/406 104/133/105
f 408/499/411 393/484/396 407/498/410
f 409/500/412 377/469/383 404/495/407
f 411/502/414 398/491/403 405/497/409
f 412/649/536 401/490/402 411/502/414
f 406/1298/1037 422/508/420 373/463/377
f 414/505/417 394/483/395 395/485/397
f 415/513/418 379/468/382 409/500/412
f 410/501/413 379/472/382 415/506/418
f 417/509/421 407/498/410 110/504/416
f 419/511/423 408/499/411 417/509/421
f 418/525/436 413/503/415 414/505/417
f 420/510/422 404/495/407 408/499/411
f 421/512/424 409/500/412 420/510/422
f 418/525/436 414/505/417 422/508/420
f 416/507/419 423/514/425 405/497/409
f 411/502/414 405/497/409 423/514/425
f 412/649/536 411/502/414 424/515/426
f 425/516/427 173/215/171 103/126/99
f 177/222/177 173/215/171 425/516/427
f 179/225/180 427/518/429 417/509/421
f 180/226/181 428/522/433 427/518/429
f 180/519/430 174/220/175 426/520/431
f 425/516/427 413/503/415 418/525/436
f 177/222/177 425/516/427 418/525/436
f 427/518/429 429/523/434 419/511/423
f 428/522/433 430/529/440 429/523/434
f 178/223/178 177/222/177 431/526/437
f 426/517/428 178/223/178 432/527/438
f 429/523/434 434/530/441 420/510/422
f 430/529/440 435/2364/442 434/530/441
f 430/524/435 426/520/431 433/531/439
f 436/533/443 421/512/424 420/510/422
f 437/541/444 436/533/443 434/530/441
f 431/526/437 418/525/436 422/508/420
f 421/540/424 439/539/446 415/506/418
f 436/533/443 440/542/447 439/2365/446
f 437/541/444 441/2366/448 440/542/447
f 437/543/444 435/532/442 438/537/445
f 416/507/419 415/506/418 439/539/446
f 442/545/449 416/507/419 439/539/446
f 443/547/450 442/545/449 440/546/447
f 438/537/445 433/531/439 444/550/451
f 441/544/448 438/537/445 445/551/452
f 443/547/450 447/557/454 442/545/449
f 443/553/450 441/544/448 446/552/453
f 448/555/455 424/515/426 423/514/425
f 449/556/456 448/555/455 442/545/449
f 450/692/571 412/649/536 424/515/426
f 451/558/457 450/692/571 424/515/426
f 452/559/458 451/558/457 448/555/455
f 446/552/453 445/551/452 453/560/459
f 455/562/461 447/554/454 446/552/453
f 449/2367/456 447/554/454 455/562/461
f 452/563/458 449/2367/456 455/562/461
f 455/562/461 454/561/460 457/565/463
f 456/564/462 455/562/461 457/565/463
f 227/287/228 226/286/227 460/568/466
f 224/284/225 462/571/469 460/570/468
f 461/569/467 460/568/466 463/572/470
f 462/571/469 463/577/475 460/570/468
f 214/789/627 465/605/496 213/268/215
f 464/573/471 463/572/470 467/574/472
f 469/576/474 467/583/472 463/577/475
f 470/578/476 469/576/474 462/571/469
f 213/268/215 470/578/476 225/285/226
f 474/582/477 473/584/480 471/592/478
f 474/579/477 468/575/473 467/574/472
f 474/579/477 472/581/479 466/585/481
f 469/576/474 473/584/480 467/583/472
f 476/588/484 477/587/483 475/597/491
f 479/586/482 478/2368/485 477/587/483
f 479/589/482 472/581/479 471/580/478
f 480/591/486 478/603/485 471/592/478
f 469/576/474 481/593/487 480/591/486
f 482/594/488 357/447/362 358/448/363
f 485/596/490 484/598/492 482/594/488
f 485/596/490 476/588/484 475/597/491
f 486/599/493 484/609/492 475/600/491
f 487/602/494 486/599/493 477/601/483
f 480/591/486 490/604/495 487/602/494
f 213/268/215 488/606/497 470/578/476
f 489/608/498 362/455/369 482/607/488
f 486/599/493 490/604/495 489/608/498
f 490/604/495 491/610/499 365/611/500
f 492/612/501 249/315/250 227/287/228
f 494/614/503 492/612/501 461/569/467
f 494/614/503 493/613/502 492/612/501
f 496/615/504 468/575/473 466/585/481
f 496/615/504 494/614/503 464/573/471
f 497/617/506 496/615/504 495/616/505
f 499/618/507 495/616/505 466/585/481
f 504/622/511 502/623/512 503/624/513
f 505/625/514 498/638/510 506/626/509
f 506/626/509 479/586/482 476/588/484
f 499/618/507 472/581/479 479/589/482
f 506/620/509 500/619/508 499/618/507
f 507/627/515 483/595/489 358/448/363
f 507/627/515 389/479/391 390/480/392
f 509/630/518 508/628/516 390/480/392
f 510/631/519 485/596/490 483/595/489
f 502/623/512 476/588/484 485/596/490
f 501/629/517 510/631/519 507/627/515
f 501/629/517 503/624/513 502/623/512
f 493/613/502 253/319/254 249/315/250
f 497/617/506 511/632/520 494/614/503
f 514/633/521 513/637/525 400/489/401
f 515/634/522 503/624/513 501/629/517
f 516/636/524 515/634/522 512/635/523
f 516/636/524 513/637/525 514/633/521
f 517/639/526 505/625/514 515/634/522
f 512/635/523 501/629/517 509/630/518
f 509/630/518 513/637/525 512/635/523
f 513/637/525 509/630/518 402/492/404
f 511/632/520 518/640/527 493/613/502
f 497/617/506 495/616/505 519/641/528
f 500/619/508 519/641/528 495/616/505
f 521/643/530 500/619/508 498/621/510
f 533/644/531 517/639/526 516/636/524
f 518/640/527 262/328/262 253/319/254
f 518/640/527 263/329/263 262/328/262
f 520/642/529 522/645/532 511/632/520
f 514/633/521 401/490/402 412/649/536
f 522/645/532 523/646/533 518/640/527
f 524/648/535 525/647/534 522/645/532
f 521/2369/530 498/638/510 526/657/544
f 516/636/524 514/633/521 527/650/537
f 526/657/544 498/638/510 533/644/531
f 529/652/539 279/346/279 263/329/263
f 525/647/534 529/652/539 523/646/533
f 525/647/534 524/648/535 530/653/540
f 530/653/540 524/648/535 532/655/542
f 532/655/542 519/641/528 521/643/530
f 535/656/543 521/2369/530 526/657/544
f 533/644/531 534/658/545 526/657/544
f 330/412/332 279/346/279 529/652/539
f 331/413/333 330/412/332 536/660/546
f 329/411/331 331/2352/1846 537/662/548
f 325/406/327 329/411/331 538/663/549
f 531/654/541 530/653/540 540/666/552
f 536/660/546 529/652/539 531/654/541
f 542/667/553 540/666/552 541/668/554
f 537/661/547 536/660/546 542/667/553
f 573/2370/1713 315/2345/317 332/665/551
f 540/666/552 530/653/540 532/655/542
f 541/668/554 540/666/552 544/671/556
f 546/673/558 543/670/555 541/674/554
f 547/676/559 538/663/549 543/670/555
f 551/677/560 534/658/545 533/644/531
f 551/677/560 548/678/561 549/679/562
f 552/680/563 549/679/562 550/681/564
f 554/683/566 534/658/545 551/677/560
f 554/683/566 551/677/560 552/680/563
f 544/671/556 532/655/542 554/684/566
f 555/685/567 552/680/563 553/682/565
f 545/672/557 544/671/556 555/686/567
f 557/689/569 546/673/558 545/675/557
f 558/691/570 527/650/537 412/649/536
f 558/691/570 450/692/571 451/558/457
f 559/693/572 451/558/457 452/559/458
f 561/695/574 528/651/538 527/650/537
f 548/678/561 533/644/531 561/695/574
f 561/695/574 558/691/570 559/693/572
f 549/679/562 548/678/561 561/695/574
f 562/696/575 559/693/572 560/694/573
f 550/681/564 549/679/562 562/696/575
f 564/698/577 553/702/565 550/699/564
f 565/701/578 556/690/568 553/702/565
f 557/689/569 556/690/568 565/701/578
f 567/704/580 547/676/559 557/689/569
f 568/705/581 560/2371/573 452/563/458
f 568/705/581 563/700/576 560/2371/573
f 564/698/577 563/700/576 568/705/581
f 570/707/583 565/701/578 564/698/577
f 566/703/579 565/701/578 570/707/583
f 567/704/580 566/703/579 571/708/584
f 572/709/585 568/705/581 456/564/462
f 572/709/585 569/706/582 568/705/581
f 574/710/586 572/709/585 457/565/463
f 574/710/586 570/707/583 572/709/585
f 571/708/584 570/707/583 574/710/586
f 567/704/580 571/708/584 575/711/587
f 539/664/550 567/704/580 576/712/588
f 577/713/589 232/294/234 233/295/235
f 578/714/590 233/295/235 234/296/236
f 579/715/591 234/296/236 228/289/230
f 581/717/593 578/714/590 579/715/591
f 582/718/594 579/715/591 580/716/592
f 583/719/595 580/716/592 228/289/230
f 585/721/597 582/718/594 583/719/595
f 586/722/598 583/719/595 584/720/596
f 589/725/601 586/722/598 587/723/599
f 590/726/602 587/723/599 588/724/600
f 593/729/605 590/726/602 591/727/603
f 594/730/606 591/727/603 592/728/604
f 577/733/589 597/739/609 235/303/237
f 581/738/593 598/745/610 597/739/609
f 585/744/597 599/751/611 598/745/610
f 589/750/601 600/769/621 599/751/611
f 601/753/612 600/772/621 589/754/601
f 593/756/605 602/774/613 601/757/612
f 594/730/606 603/764/616 602/2372/613
f 604/762/614 603/764/616 594/730/606
f 605/763/615 604/762/614 595/731/607
f 606/765/617 604/762/614 605/763/615
f 607/766/618 606/765/617 605/763/615
f 610/768/620 202/267/214 597/739/609
f 599/751/611 611/770/622 610/768/620
f 612/775/623 611/792/622 602/776/613
f 613/778/624 612/775/623 603/777/616
f 607/780/618 614/794/625 613/781/624
f 609/813/626 615/796/630 614/798/625
f 616/790/628 214/789/627 610/768/620
f 617/800/629 616/790/628 612/2373/623
f 615/2374/630 618/801/632 617/800/629
f 619/799/631 214/789/627 616/790/628
f 620/803/634 596/732/608 592/728/604
f 622/806/637 605/763/615 596/732/608
f 623/805/636 622/806/637 596/732/608
f 608/767/619 605/763/615 622/806/637
f 624/807/638 622/806/637 623/805/636
f 609/809/626 608/767/619 624/807/638
f 626/810/640 624/807/638 625/808/639
f 630/827/655 592/728/604 588/724/600
f 631/816/644 592/728/604 630/827/655
f 632/817/645 620/803/634 631/816/644
f 632/817/645 633/818/646 623/805/636
f 625/808/639 623/805/636 633/818/646
f 635/820/648 625/808/639 634/819/647
f 629/815/643 228/289/230 254/320/255
f 636/865/690 588/724/600 629/815/643
f 630/827/655 588/724/600 636/865/690
f 637/821/649 631/816/644 630/827/655
f 632/817/645 631/816/644 637/821/649
f 639/823/651 632/817/645 638/822/650
f 640/824/652 634/819/647 633/818/646
f 635/820/648 634/819/647 640/824/652
f 642/828/656 630/827/655 636/865/690
f 643/830/658 637/821/649 630/827/655
f 644/826/654 643/830/658 630/827/655
f 645/829/657 638/822/650 637/821/649
f 646/831/659 645/829/657 643/830/658
f 647/833/661 639/823/651 638/822/650
f 648/832/660 647/833/661 638/822/650
f 646/831/659 648/832/660 645/829/657
f 639/823/651 650/834/662 640/824/652
f 647/833/661 651/835/663 650/834/662
f 648/832/660 652/2375/669 651/835/663
f 653/2376/664 652/2375/669 648/832/660
f 654/840/666 650/834/662 651/835/663
f 652/2375/669 655/841/667 651/835/663
f 653/836/664 649/839/665 689/844/670
f 658/848/673 656/842/668 689/844/670
f 657/845/671 656/842/668 658/848/673
f 660/850/675 659/855/680 254/320/255
f 661/851/676 660/850/675 288/354/287
f 662/852/677 661/851/676 293/359/292
f 663/853/678 662/852/677 294/360/293
f 664/860/685 629/815/643 254/320/255
f 665/854/679 664/860/685 254/320/255
f 666/856/681 665/854/679 659/855/680
f 667/857/682 666/856/681 660/850/675
f 668/858/683 667/857/682 661/851/676
f 669/859/684 636/865/690 629/815/643
f 670/861/686 669/859/684 664/860/685
f 671/862/687 670/861/686 665/854/679
f 672/863/688 671/862/687 666/856/681
f 673/864/689 642/828/656 636/865/690
f 674/866/691 673/864/689 669/859/684
f 675/867/692 674/866/691 670/861/686
f 676/868/693 644/826/654 642/828/656
f 677/869/694 676/868/693 673/864/689
f 678/870/695 646/831/659 644/826/654
f 663/871/678 303/890/302 679/872/696
f 663/2377/678 295/2378/294 303/2379/302
f 668/874/683 679/872/696 680/875/697
f 668/2380/683 662/2381/677 679/2382/696
f 672/877/688 680/875/697 681/878/698
f 672/2383/688 667/2384/682 680/2385/697
f 675/880/692 681/878/698 682/881/699
f 675/2386/692 671/2387/687 681/2388/698
f 677/883/694 682/895/699 683/884/700
f 677/2389/694 674/2390/691 682/2391/699
f 678/886/695 684/897/701 649/839/665
f 678/887/695 676/2392/693 683/888/700
f 303/2393/302 315/2394/317 685/2395/702
f 679/872/696 685/891/702 686/892/703
f 680/875/697 686/892/703 687/893/704
f 681/878/698 687/893/704 688/894/705
f 682/2396/699 688/2397/705 689/2398/670
f 684/889/701 683/888/700 689/2399/670
f 689/844/670 690/849/674 658/848/673
f 686/892/703 315/898/317 690/849/674
f 315/898/317 788/1954/1591 690/849/674
f 691/899/706 627/811/641 628/812/642
f 626/814/640 694/903/709 615/796/630
f 691/899/706 695/905/711 694/2400/709
f 696/904/710 695/905/711 691/899/706
f 693/901/708 697/907/713 696/904/710
f 698/906/712 696/904/710 697/907/713
f 694/903/709 701/911/716 618/910/632
f 695/912/711 702/927/728 701/911/716
f 703/913/717 702/927/728 695/912/711
f 704/918/718 703/913/717 698/914/712
f 705/916/719 704/915/718 699/908/714
f 700/909/715 706/920/722 705/916/719
f 707/917/720 703/913/717 704/918/718
f 705/916/719 708/922/721 704/915/718
f 710/923/724 705/916/719 709/921/723
f 713/942/727 619/799/631 618/801/632
f 707/917/720 714/928/729 713/926/727
f 708/919/721 715/930/730 714/928/729
f 710/929/724 716/932/732 715/930/730
f 711/933/725 716/932/732 710/929/724
f 718/934/733 711/933/725 717/939/731
f 714/2401/729 722/2402/737 721/2403/736
f 723/945/738 722/944/737 715/930/730
f 716/932/732 724/946/739 723/945/738
f 718/934/733 725/947/740 724/946/739
f 719/938/734 725/947/740 718/934/733
f 720/940/735 726/949/742 719/938/734
f 727/948/741 719/938/734 726/949/742
f 729/951/744 721/943/736 722/944/737
f 723/945/738 730/952/745 729/951/744
f 731/953/746 730/952/745 724/946/739
f 725/947/740 732/1017/800 731/953/746
f 733/954/747 732/1017/800 725/947/740
f 693/901/708 628/812/642 635/820/648
f 734/955/748 735/957/750 697/907/713
f 700/909/715 697/907/713 735/957/750
f 736/959/752 706/920/722 700/909/715
f 737/956/749 709/921/723 706/920/722
f 737/956/749 706/920/722 736/959/752
f 738/962/755 727/948/741 728/950/743
f 736/959/752 740/967/760 737/956/749
f 712/925/726 737/956/749 740/967/760
f 741/961/754 726/949/742 720/940/735
f 742/960/753 728/950/743 726/949/742
f 743/963/756 635/820/648 641/825/653
f 743/963/756 744/964/757 735/957/750
f 739/958/751 735/957/750 744/964/757
f 736/959/752 739/958/751 745/965/758
f 747/968/761 748/998/784 717/931/731
f 749/970/762 717/931/731 748/998/784
f 750/972/763 749/971/762 748/1003/784
f 751/973/764 742/960/753 741/961/754
f 752/1133/900 738/962/755 742/960/753
f 742/960/753 753/974/765 752/1133/900
f 751/973/764 754/1014/797 753/974/765
f 755/975/766 743/963/756 641/825/653
f 756/976/767 755/975/766 650/834/662
f 655/841/667 756/976/767 654/840/666
f 743/963/756 757/977/768 744/964/757
f 755/975/766 758/978/769 757/977/768
f 756/980/767 759/979/770 758/2404/769
f 655/846/667 760/981/771 759/979/770
f 745/965/758 744/964/757 757/977/768
f 762/983/773 761/982/772 758/978/769
f 763/990/777 746/966/759 745/965/758
f 764/985/774 763/990/777 745/965/758
f 761/982/772 764/985/774 757/977/768
f 760/981/771 657/845/671 658/848/673
f 762/987/773 759/979/770 765/986/775
f 764/992/774 767/997/783 763/2405/777
f 768/991/778 767/997/783 764/992/774
f 770/994/780 769/993/779 740/967/760
f 767/2406/783 770/994/780 763/990/777
f 771/847/672 765/986/775 658/848/673
f 766/988/776 765/986/775 771/847/672
f 768/991/778 766/988/776 772/995/781
f 770/1000/780 774/999/785 769/1004/779
f 767/997/783 775/1001/786 774/999/785
f 776/1002/787 750/972/763 748/1003/784
f 777/1005/788 776/1002/787 769/1004/779
f 772/995/781 771/847/672 783/1170/932
f 773/996/782 783/1170/932 778/1007/790
f 773/996/782 772/995/781 783/1170/932
f 775/1001/786 773/996/782 778/1007/790
f 776/1002/787 780/1008/791 750/972/763
f 777/1005/788 781/1009/792 780/1008/791
f 777/1005/788 774/999/785 779/1006/789
f 782/1010/793 751/973/764 750/972/763
f 779/1006/789 783/1170/932 784/1012/795
f 779/1006/789 778/1007/790 783/1170/932
f 781/1009/792 917/1013/796 785/1011/794
f 781/1009/792 779/1006/789 784/1012/795
f 782/1010/793 786/1015/798 754/1014/797
f 782/1010/793 780/1008/791 785/1011/794
f 771/847/672 690/849/674 788/1954/1591
f 721/941/736 787/802/633 619/799/631
f 789/1027/799 721/941/736 729/2407/744
f 731/953/746 790/1018/801 789/1016/799
f 732/1017/800 791/1019/802 790/1018/801
f 733/954/747 792/1023/806 791/1019/802
f 793/1020/803 792/1023/806 733/954/747
f 794/1021/804 792/1023/806 793/1020/803
f 789/1027/799 801/1029/811 721/941/736
f 794/1021/804 796/1024/807 790/1018/801
f 795/1022/805 796/1024/807 794/1021/804
f 797/1025/808 789/1016/799 790/1018/801
f 796/2408/807 798/2409/809 797/2410/808
f 795/1022/805 799/1032/814 798/1026/809
f 803/1034/816 802/1028/810 789/1027/799
f 804/1041/812 803/1034/816 789/1027/799
f 801/2411/811 808/1037/819 787/1842/633
f 805/1033/815 808/2412/819 801/1029/811
f 806/1035/817 805/1033/815 802/1028/810
f 800/1031/813 807/1043/823 797/1025/808
f 808/1037/819 809/1044/824 816/1046/826
f 810/1036/818 809/1044/824 808/1037/819
f 811/1055/820 810/1036/818 805/1038/815
f 812/1040/821 811/1039/820 806/1035/817
f 803/1034/816 813/1066/841 812/1040/821
f 803/1034/816 814/1069/844 813/1066/841
f 803/1034/816 815/1042/822 814/1069/844
f 808/1037/819 816/1046/826 787/1842/633
f 809/1044/824 818/1047/827 817/1045/825
f 818/1047/827 822/1050/830 819/1049/829
f 810/1036/818 822/1050/830 818/1047/827
f 823/1051/828 820/1053/832 819/2413/829
f 823/1051/828 824/1059/835 821/1052/831
f 824/1059/835 825/1061/837 821/1052/831
f 826/1054/833 822/1050/830 810/1036/818
f 826/1056/833 827/1058/834 823/1051/828
f 811/1055/820 827/2414/834 826/1054/833
f 827/1058/834 828/1060/836 824/1059/835
f 828/1060/836 829/1063/839 825/1061/837
f 831/1064/840 827/2415/834 811/1039/820
f 831/1065/840 832/1067/842 828/1060/836
f 813/2416/841 832/2417/845 831/2418/840
f 832/1067/842 833/1068/843 829/1063/839
f 833/1068/843 834/1080/853 830/1062/838
f 814/1069/844 835/1071/846 832/1070/845
f 815/1042/822 836/1084/857 835/1071/846
f 815/1042/822 837/1072/847 836/1084/857
f 807/1043/823 838/1092/863 804/1030/812
f 819/1049/829 840/1075/849 839/1073/848
f 820/1074/832 841/1077/850 840/1075/849
f 833/1068/843 832/1067/842 842/1078/851
f 834/1080/853 833/1068/843 843/1079/852
f 835/1071/846 845/1085/858 842/1082/855
f 845/1083/856 846/1087/860 843/1079/852
f 836/1084/857 846/1088/861 845/1085/858
f 847/1110/859 844/1109/854 843/2419/852
f 837/1072/847 848/1815/862 846/1088/861
f 804/1041/812 849/1817/864 848/1815/862
f 738/962/755 793/1020/803 727/948/741
f 795/1022/805 793/1020/803 738/962/755
f 851/1094/865 738/962/755 850/1115/884
f 852/1096/867 851/1094/865 850/1115/884
f 854/1097/868 853/1095/866 851/1094/865
f 853/1095/866 799/1032/814 795/1022/805
f 800/1031/813 799/1032/814 853/1095/866
f 856/1099/870 853/1095/866 855/1098/869
f 859/1102/873 807/1043/823 800/1031/813
f 858/1101/872 860/1103/874 859/1102/873
f 859/1102/873 861/1104/875 807/1043/823
f 860/1103/874 862/1111/880 861/1104/875
f 860/1103/874 863/1122/891 862/1111/880
f 825/1061/837 864/1105/876 821/1052/831
f 830/1062/838 865/1106/877 864/1105/876
f 863/1122/891 866/1113/882 862/1111/880
f 867/1127/896 841/1077/850 821/1076/831
f 869/1108/879 868/2420/878 844/1109/854
f 861/1104/875 870/1112/881 838/1092/863
f 862/1111/880 871/1114/883 870/1112/881
f 866/1113/882 872/1132/899 871/1114/883
f 738/962/755 873/1116/885 850/1115/884
f 852/1096/867 874/1117/886 854/1097/868
f 854/1097/868 875/1118/887 855/1098/869
f 857/1100/871 855/1098/869 875/1118/887
f 857/1100/871 877/1120/889 858/1101/872
f 878/1121/890 860/1103/874 858/1101/872
f 879/1126/895 863/1122/891 878/1121/890
f 864/1105/876 881/1124/893 880/1123/892
f 834/1080/853 882/1150/917 865/1106/877
f 883/1125/894 866/1113/882 863/1122/891
f 884/1129/897 882/1150/917 834/1080/853
f 869/1108/879 884/1131/897 868/2420/878
f 754/1014/797 886/1136/903 753/974/765
f 887/1134/901 852/1096/867 873/1116/885
f 888/1135/902 887/1134/901 753/974/765
f 852/1096/867 890/1137/904 874/1117/886
f 888/1135/902 891/1139/906 887/1134/901
f 888/1135/902 886/1136/903 889/1138/905
f 887/1134/901 892/1145/912 890/1137/904
f 895/1140/907 892/1145/912 887/1134/901
f 891/1139/906 889/1138/905 919/1141/908
f 893/1142/909 876/1119/888 875/1118/887
f 892/1145/912 893/1142/909 890/1137/904
f 898/1143/910 895/1140/907 919/1141/908
f 892/1145/912 896/1146/913 893/1142/909
f 893/1142/909 899/1147/914 878/1121/890
f 896/1146/913 895/1140/907 898/1143/910
f 894/1144/911 897/1154/921 901/1148/915
f 899/1147/914 879/1126/895 878/1121/890
f 896/1146/913 902/1149/916 899/1147/914
f 896/1146/913 898/1143/910 901/1148/915
f 865/1106/877 903/1151/918 881/1124/893
f 903/1151/918 904/1194/952 881/1124/893
f 905/1152/919 904/1194/952 903/1151/918
f 897/1155/921 900/1203/958 906/1156/922
f 908/1158/923 883/1125/894 879/1126/895
f 902/1149/916 908/1158/923 899/1147/914
f 910/1160/925 905/1152/919 882/1150/917
f 885/1130/898 911/1162/926 909/1161/924
f 911/2421/926 912/1210/964 910/1160/925
f 914/1166/927 913/1930/930 901/2422/915
f 907/1157/920 906/1156/922 912/1165/928
f 915/1932/1569 872/1132/899 883/1125/894
f 908/1158/923 915/1932/1569 883/1125/894
f 902/1149/916 901/1148/915 913/1168/930
f 918/1169/931 886/1136/903 754/1014/797
f 786/1015/798 785/1011/794 917/1013/796
f 784/1012/795 894/1144/911 919/1141/908
f 918/1169/931 919/1141/908 889/1138/905
f 919/1141/908 918/1169/931 917/1013/796
f 788/1954/1591 920/1171/933 783/1170/932
f 783/1170/932 771/847/672 788/1954/1591
f 788/1954/1591 921/1173/935 920/1171/933
f 924/1175/937 894/2423/911 920/1176/933
f 894/2423/911 924/1175/937 897/1155/921
f 927/1178/938 926/1181/941 922/1172/934
f 927/1178/938 922/1172/934 921/1173/935
f 928/1180/940 923/1174/936 922/1172/934
f 929/1182/942 924/1175/937 923/1177/936
f 930/1184/943 900/1203/958 897/1155/921
f 935/1185/944 934/1191/950 925/1179/939
f 921/1173/935 788/1954/1591 931/1186/945
f 881/1124/893 936/1188/947 880/1123/892
f 937/1187/946 932/1190/949 880/1123/892
f 937/2424/946 938/1193/951 933/1192/948
f 934/1191/950 938/1193/951 926/1181/941
f 934/1191/950 927/1178/938 925/1179/939
f 904/1194/952 939/1196/954 936/1188/947
f 940/1195/953 937/1187/946 936/1188/947
f 938/1193/951 940/2425/953 928/1180/940
f 938/1193/951 928/1180/940 926/1181/941
f 905/1152/919 941/1199/956 939/1196/954
f 942/1198/955 940/1195/953 939/1196/954
f 942/2426/955 941/2427/959 929/2428/942
f 942/1200/955 929/1182/942 928/1183/940
f 943/1202/957 906/1156/922 900/1203/958
f 930/1184/943 929/1182/942 941/1204/959
f 944/1206/960 867/1127/896 932/1205/949
f 945/1207/961 944/1206/960 933/1192/948
f 935/1185/944 946/1957/1594 945/1207/961
f 946/1957/1594 935/1185/944 931/1186/945
f 947/1208/962 941/1199/1847 905/1152/919
f 948/1209/963 947/1208/962 910/1160/925
f 948/1211/965 912/1165/928 906/1156/922
f 943/1202/957 941/1204/959 947/1212/966
f 951/1247/990 333/415/335 949/1213/967
f 359/449/364 952/1217/970 949/1214/967
f 363/1216/969 953/1218/971 952/1217/970
f 954/1221/974 953/1218/971 950/1215/968
f 956/1220/973 955/1219/972 953/1218/971
f 958/1223/976 957/1222/975 952/1217/970
f 959/1233/979 958/1223/976 955/1219/972
f 961/1224/977 959/1233/979 955/1219/972
f 961/1225/977 962/1229/981 960/1226/978
f 963/2429/980 961/1224/977 956/1220/973
f 963/1228/980 964/1259/1002 962/1229/981
f 951/1247/990 949/1213/967 965/2430/1848
f 966/1230/982 965/1241/987 949/1214/967
f 967/1231/983 966/1230/982 957/1222/975
f 969/1232/984 967/1231/983 958/1223/976
f 969/1234/984 970/1261/1004 968/1235/985
f 960/1226/978 970/1261/1004 969/1234/984
f 973/1242/988 971/1240/986 966/1230/982
f 973/1245/988 974/1271/1012 972/2431/989
f 968/1244/985 974/1271/1012 973/1245/988
f 951/1247/990 965/2430/1848 975/1248/991
f 977/1250/993 975/1252/996 965/1241/987
f 972/2431/989 978/1255/998 977/1254/994
f 974/1271/1012 978/1255/998 972/2431/989
f 980/1253/997 979/1451/1164 977/1254/994
f 981/1257/1000 372/462/376 951/1247/990
f 962/1229/981 984/1260/1003 982/1258/1001
f 984/1260/1003 983/1266/1009 982/1258/1001
f 964/1259/1002 985/1278/1019 984/1260/1003
f 970/1261/1004 988/1263/1006 986/1262/1005
f 982/1258/1001 988/1263/1006 970/1261/1004
f 988/1263/1006 989/1265/1008 987/1264/1007
f 989/1265/1008 988/1263/1006 982/1258/1001
f 990/1267/1010 974/1271/1012 968/1244/985
f 991/1269/1011 990/1267/1010 986/1268/1005
f 981/1257/1000 951/1247/990 976/1249/992
f 974/1271/1012 994/2432/1849 992/1272/1013
f 990/1267/1010 994/2432/1849 974/1271/1012
f 994/2432/1849 1000/1273/1014 992/1272/1013
f 1000/1273/1014 994/2432/1849 990/1267/1010
f 992/1272/1013 995/1275/1016 980/1253/997
f 996/1283/1023 995/1275/1016 993/1274/1015
f 998/1277/1018 997/1276/1017 984/1260/1003
f 391/1529/1238 999/1290/1029 373/463/377
f 1005/1289/1028 406/1298/1037 373/463/377
f 999/1290/1029 1005/1289/1028 373/463/377
f 1003/1282/1022 993/1274/1015 1000/1273/1014
f 1003/1282/1022 1004/1294/1033 996/1283/1023
f 997/1276/1017 1006/1286/1026 983/1266/1009
f 989/1265/1008 1008/1284/1024 1001/1279/1020
f 1008/1284/1024 989/1265/1008 983/1266/1009
f 998/1277/1018 1010/1291/1030 997/1276/1017
f 991/1269/1011 1012/1299/1038 1002/1281/1021
f 1012/1299/1038 991/1269/1011 1007/1287/1025
f 1013/1293/1032 1003/1282/1022 1002/1281/1021
f 1011/1292/1031 406/1298/1037 1005/1289/1028
f 1018/1302/1040 1016/1297/1036 1011/1292/1031
f 1013/1293/1032 1019/1557/1265 1004/1294/1033
f 453/560/459 444/550/451 1020/1304/1041
f 458/566/464 453/560/459 1021/1305/1042
f 1020/1303/1041 432/527/438 1022/1306/1043
f 431/526/437 422/508/420 406/1298/1037
f 1022/1306/1043 431/526/437 1024/1308/1045
f 1027/1311/1048 1023/1307/1044 458/566/464
f 1028/1313/1050 1021/1305/1042 1020/1304/1041
f 1029/1312/1049 1025/1309/1046 1021/1305/1042
f 1026/1310/1047 1025/1309/1046 1029/1312/1049
f 1010/1291/1030 1030/1316/1053 1006/1286/1026
f 1033/1315/1052 1031/1318/1055 1030/1316/1053
f 1034/1317/1054 1032/2433/1051 1031/1318/1055
f 1034/1319/1054 1027/1311/1048 1026/1310/1047
f 1035/1320/1056 1033/1315/1052 1010/1291/1030
f 1036/1321/1057 1034/1317/1054 1033/1315/1052
f 1037/2434/1850 1020/1303/1041 1022/1306/1043
f 1038/1323/1058 1028/1313/1050 1020/1304/1041
f 1040/1325/1060 1029/1312/1049 1028/1313/1050
f 1039/1326/1061 1008/1284/1024 1030/1316/1053
f 1041/2435/1062 1040/2436/1060 1039/1326/1061
f 1041/2435/1062 1039/1326/1061 1031/1318/1055
f 1041/1330/1062 1032/1314/1051 1029/1312/1049
f 1024/1308/1045 406/1298/1037 1016/1297/1036
f 1042/1339/1068 1037/2434/1850 1022/1306/1043
f 1044/1331/1063 1038/1323/1058 1037/1324/1059
f 1043/1333/1065 1012/1299/1038 1015/1301/1035
f 1045/2437/1066 1044/2438/1063 1043/2439/1065
f 1045/1335/1066 1043/1333/1065 1039/1334/1061
f 1045/1337/1066 1040/1325/1060 1038/1323/1058
f 1047/1340/1069 1013/1293/1032 1017/1300/1039
f 1048/1341/1070 1047/1340/1069 1043/1333/1065
f 1048/2440/1851 1044/1331/1063 1042/1332/1064
f 1024/1308/1045 1016/1297/1036 1018/1302/1040
f 1046/1338/1067 1024/1308/1045 1049/1343/1071
f 1050/1574/1280 1042/1339/1068 1046/1338/1067
f 1051/1344/1072 1019/1557/1265 1013/1293/1032
f 1052/1345/1073 1051/1344/1072 1047/1340/1069
f 1052/1346/1074 1048/2440/1851 1042/1332/1064
f 1053/1348/1076 950/1215/968 365/611/500
f 470/578/476 1054/1349/1077 481/593/487
f 1053/1348/1076 1055/1350/1078 954/1221/974
f 491/610/499 1056/1351/1079 1055/1350/1078
f 481/593/487 1057/1352/1080 1056/1351/1079
f 1058/1353/1081 956/1220/973 954/1221/974
f 1055/1350/1078 1059/1354/1082 1058/1353/1081
f 1060/1355/1083 963/2429/980 956/1220/973
f 1061/1356/1084 964/1259/1002 963/1228/980
f 1058/1353/1081 1062/1360/1086 1060/1355/1083
f 1063/1358/1085 1061/1356/1084 1060/1357/1083
f 1059/1354/1082 1064/1368/1088 1062/1360/1086
f 1065/1361/1087 1063/1358/1085 1062/1359/1086
f 1059/1354/1082 1066/1363/1089 1064/1368/1088
f 1056/1351/1079 1067/1364/1090 1066/1363/1089
f 1065/2441/1087 1064/2442/1088 1068/2443/1091
f 1066/1363/1089 1070/1371/1094 1068/1367/1091
f 1071/1369/1093 1069/1366/1092 1068/1365/1091
f 1067/1364/1090 1072/1372/1095 1070/1371/1094
f 1057/1352/1080 1073/1373/1096 1072/1372/1095
f 1071/1374/1093 1070/2444/1094 1074/1375/1097
f 1072/1372/1095 1076/1380/1100 1074/1377/1097
f 1077/1378/1099 1075/1376/1098 1074/1375/1097
f 1073/1373/1096 1078/1381/1101 1076/1380/1100
f 488/606/497 1079/1382/1102 1054/1349/1077
f 1077/1378/1099 1076/1379/1100 1080/1383/1103
f 1054/1349/1077 1082/1386/1106 1078/1381/1101
f 1081/1384/1104 1080/1383/1103 1083/1387/1107
f 1078/1381/1101 1085/1390/1110 1083/1389/1109
f 1087/1392/1112 985/1278/1019 964/1259/1002
f 1088/1393/1113 1087/1392/1112 1061/1356/1084
f 1089/1394/1114 1088/1393/1113 1063/1358/1085
f 1089/1394/1114 1065/1361/1087 1069/1366/1092
f 1091/1396/1116 1090/1395/1115 1069/1366/1092
f 1091/1397/1116 1071/1374/1093 1075/1376/1098
f 1093/1399/1118 1092/1398/1117 1075/1376/1098
f 1093/1399/1118 1077/1378/1099 1081/1384/1104
f 1094/1400/1119 1081/1384/1104 1084/1388/1108
f 1096/1402/1121 998/1277/1018 985/1278/1019
f 1088/1393/1113 1096/1402/1121 1087/1392/1112
f 1097/1403/1122 1094/1400/1119 1098/1404/1123
f 1100/1406/1125 1099/1405/1124 1088/1393/1113
f 1090/1395/1115 1100/1406/1125 1089/1394/1114
f 1091/1396/1116 1101/1407/1126 1090/1395/1115
f 1093/1399/1118 1103/1440/1154 1102/1408/1127
f 1103/1440/1154 1093/1399/1118 1097/1403/1122
f 1099/1405/1124 1104/1409/1128 1096/1402/1121
f 1104/1409/1128 1014/1295/1034 998/1277/1018
f 1106/1437/1130 1091/1397/1116 1102/1408/1127
f 574/710/586 459/567/465 1023/1307/1044
f 575/711/587 574/710/586 1108/1413/1132
f 1107/1412/1131 1109/1435/1151 332/665/551
f 573/2370/1713 332/665/551 1109/1435/1151
f 1108/1413/1132 1023/1307/1044 1110/1414/1133
f 575/711/587 1108/1413/1132 1111/1415/1134
f 1112/1416/1135 1035/1320/1056 1014/1295/1034
f 1112/1416/1135 1113/1420/1136 1036/1321/1057
f 1099/1405/1124 1114/1419/1138 1104/1409/1128
f 1115/1418/1137 1112/1416/1135 1104/1409/1128
f 1115/1418/1137 1116/2445/1139 1113/1420/1136
f 1110/1414/1133 1027/1311/1048 1113/1417/1136
f 1100/1406/1125 1114/1419/1138 1099/1405/1124
f 1111/1415/1134 1110/1414/1133 1117/1422/1140
f 575/711/587 1111/1415/1134 1118/1423/1141
f 576/712/588 575/711/587 1119/1424/1142
f 1107/1412/1131 576/712/588 1120/1425/1143
f 1121/1427/1145 1116/2445/1139 1115/1418/1137
f 1122/1426/1144 1115/1418/1137 1100/1406/1125
f 1122/1426/1144 1123/1431/1146 1121/1427/1145
f 1117/1422/1140 1116/1421/1139 1121/1428/1145
f 1106/1411/1130 1124/1430/1147 1122/1426/1144
f 1124/1430/1147 1125/2446/1148 1123/1431/1146
f 1118/1423/1141 1117/1422/1140 1123/1429/1146
f 1126/1433/1149 1119/1424/1142 1118/1423/1141
f 1128/1436/1152 1124/1439/1147 1106/1437/1130
f 1129/1438/1153 1125/2447/1148 1124/1439/1147
f 1128/2448/1152 1130/2449/1155 1129/2450/1153
f 1126/1433/1149 1125/1432/1148 1129/1441/1153
f 1131/1443/1156 1120/1425/1143 1126/1433/1149
f 1127/1434/1150 1120/1425/1143 1131/1443/1156
f 1132/1444/1157 1128/1436/1152 1103/1440/1154
f 1133/1445/1158 1130/2451/1155 1128/1436/1152
f 1131/1443/1156 1130/1442/1155 1133/1446/1159
f 1127/1434/1150 1131/1443/1156 1134/1447/1160
f 1135/1448/1161 1132/1444/1157 1097/1403/1122
f 1136/1449/1162 1133/1445/1158 1132/1444/1157
f 1134/1447/1160 1133/1446/1159 1136/2452/1852
f 1127/1434/1150 1137/1733/1408 1109/1435/1151
f 573/2370/1713 1109/1435/1151 1137/1733/1408
f 979/1251/995 1138/1453/1166 975/1252/996
f 1139/1450/1163 1138/1456/1169 979/1451/1164
f 1138/1453/1166 1141/1459/1853 1140/1454/1167
f 1142/1455/1168 1141/2453/1172 1138/1456/1169
f 1143/1461/1170 1141/2453/1172 1142/1455/1168
f 1144/1462/1174 976/1249/992 1140/1452/1165
f 1141/1459/1853 1145/1458/1176 1140/1454/1167
f 1143/1457/1170 1146/1465/1178 1145/1458/1171
f 1147/1460/1173 1146/1468/1181 1143/1461/1170
f 1145/1458/1176 1149/1466/1179 1148/1464/1177
f 1146/1465/1178 1150/1474/1186 1149/1466/1179
f 1151/1467/1180 1150/2454/1186 1146/1468/1181
f 1152/1469/1182 1150/2455/1186 1151/1470/1180
f 1154/1472/1184 1152/1469/1182 1153/1471/1183
f 1149/1466/1179 1156/1475/1187 1148/1464/1177
f 1150/1474/1186 1157/1477/1188 1156/1475/1187
f 1152/1476/1182 1158/1479/1189 1157/1477/1188
f 1154/1478/1184 1159/1487/1197 1158/1479/1189
f 1155/1473/1185 1159/2456/1197 1154/1472/1184
f 1160/1480/1190 1159/2456/1197 1155/1473/1185
f 1163/1482/1192 1144/1462/1174 1148/1463/1175
f 1156/1475/1187 1164/1485/1195 1162/1484/1194
f 1157/1477/1188 1165/1486/1196 1164/1485/1195
f 1158/1479/1189 1166/1488/1198 1165/1486/1196
f 1159/1487/1197 1167/1490/1200 1166/1488/1198
f 1163/1482/1192 1162/1483/1193 1168/1491/1201
f 1164/1485/1195 1170/1497/1207 1168/1493/1203
f 1171/1494/1204 1169/1524/1202 1168/1495/1205
f 1165/1486/1196 1172/1500/1210 1170/1497/1207
f 1173/1498/1208 1171/1494/1204 1170/1496/1206
f 1166/1488/1198 1174/1502/1213 1172/1500/1210
f 1174/1501/1211 1175/1527/1236 1173/1498/1208
f 995/1275/1016 1176/1506/1217 1139/1450/1163
f 995/1275/1016 1177/1503/1214 1176/1506/1217
f 1178/1504/1215 981/1257/1000 976/1249/992
f 1179/1505/1216 1142/1455/1168 1139/1450/1163
f 1177/1503/1214 1180/1508/1219 1179/1505/1216
f 1181/1507/1218 1179/1505/1216 1180/1508/1219
f 1183/1510/1221 1147/1460/1173 1142/1455/1168
f 1184/1511/1222 1151/1467/1180 1147/1460/1173
f 1153/1471/1183 1151/1470/1180 1184/1512/1222
f 1155/1473/1185 1153/1471/1183 1185/1513/1223
f 1187/1515/1225 1185/1513/1223 1186/1514/1224
f 1188/1517/1227 1187/1515/1225 1186/1514/1224
f 1189/1521/1231 387/1256/999 1178/1504/1215
f 1161/1481/1191 1155/1473/1185 1190/1516/1226
f 1192/1536/1245 1191/1518/1228 1190/1516/1226
f 1193/1519/1229 1178/1504/1215 1144/1462/1174
f 1193/1519/1229 1189/1521/1231 1178/1504/1215
f 1193/1519/1229 1163/1482/1192 1169/1492/1202
f 1194/1520/1230 1193/1519/1229 1195/1522/1232
f 1196/1523/1233 1195/1564/1232 1169/1524/1202
f 1197/1525/1234 1196/1523/1233 1171/1494/1204
f 1198/1526/1235 1197/1525/1234 1173/1498/1208
f 1201/1530/1239 1177/1503/1214 996/1283/1023
f 996/1283/1023 1202/1531/1240 1201/1530/1239
f 1182/1509/1220 1203/1533/1242 1183/1510/1221
f 1183/1510/1221 1204/1534/1243 1184/1511/1222
f 1186/1514/1224 1184/1512/1222 1204/1552/1243
f 1189/1521/1231 1207/1532/1241 387/1256/999
f 1206/1537/1246 1190/1516/1226 1188/1517/1227
f 1194/1520/1230 1205/1535/1244 1189/1521/1231
f 1202/1531/1240 1208/1543/1252 1180/1508/1219
f 1213/1538/1247 1180/1508/1219 1208/1543/1252
f 1209/1539/1248 1186/1514/1224 1204/1552/1243
f 1197/1525/1234 1210/1540/1249 1196/1523/1233
f 1200/1528/1237 1009/1288/1027 999/1290/1029
f 1211/1542/1251 1208/1543/1252 1202/1531/1240
f 1213/1538/1247 1214/1544/1253 1203/1533/1242
f 1215/1545/1254 1214/1544/1253 1213/1538/1247
f 1216/1555/1263 1206/1537/1246 1188/1517/1227
f 1192/1536/1245 1206/1537/1246 1216/1555/1263
f 1196/1523/1233 1217/1546/1255 1195/1564/1232
f 1218/1549/1258 1200/1528/1237 1212/1541/1250
f 1211/1542/1251 1219/1561/1269 1213/1538/1247
f 1215/1545/1254 1213/1538/1247 1219/1561/1269
f 1215/1545/1254 1221/1585/1261 1204/1534/1243
f 1222/1551/1260 1209/1539/1248 1204/1552/1243
f 1205/1535/1244 1220/1550/1259 1207/1532/1241
f 1223/1554/1262 1188/1517/1227 1209/1539/1248
f 1218/1549/1258 1018/1302/1040 1009/1288/1027
f 1004/1294/1033 1225/1558/1266 1202/1531/1240
f 1225/1558/1266 1226/1560/1268 1211/1542/1251
f 1227/1559/1267 1212/1541/1250 1220/1550/1259
f 1198/1526/1235 1229/1547/1256 1210/1540/1249
f 1049/1343/1071 1018/1302/1040 1230/1565/1271
f 1050/1574/1280 1046/1338/1067 1231/1566/1272
f 1051/1344/1072 1232/1567/1273 1225/1558/1266
f 1052/1345/1073 1233/1569/1275 1232/1567/1273
f 1232/1567/1273 1234/1570/1276 1226/1560/1268
f 1233/1569/1275 1235/1576/1282 1234/1570/1276
f 1049/1343/1071 1230/1565/1271 1227/1559/1267
f 1231/1566/1272 1049/1343/1071 1236/1572/1278
f 1050/1574/1280 1231/1566/1272 1237/1573/1279
f 1234/1570/1276 1239/1577/1283 1219/1561/1269
f 1235/1576/1282 1240/2457/1285 1239/1577/1283
f 1235/1571/1277 1050/1347/1075 1238/1578/1284
f 1241/1580/1286 1215/1545/1254 1219/1561/1269
f 1242/1586/1287 1241/1580/1286 1239/1577/1283
f 1236/1572/1278 1227/1559/1267 1220/1550/1259
f 1241/1580/1286 1244/1587/1289 1221/1585/1261
f 1242/1586/1287 1245/2458/1290 1244/1587/1289
f 1242/1588/1287 1240/1579/1285 1243/1584/1288
f 1246/1590/1291 1222/1551/1260 1221/1553/1261
f 1247/1592/1292 1246/1590/1291 1244/1591/1289
f 1236/1572/1278 1220/1550/1259 1205/1535/1244
f 1237/1573/1279 1236/1572/1278 1248/1594/1293
f 1238/1575/1281 1237/1573/1279 1249/1595/1294
f 1243/1584/1288 1238/1578/1284 1250/1597/1296
f 1245/1589/1290 1243/1584/1288 1251/1598/1297
f 1246/1590/1291 1253/1600/1299 1223/1554/1262
f 1247/1592/1292 1254/1605/1300 1253/1600/1299
f 1247/1601/1292 1245/1589/1290 1252/1599/1298
f 1255/1603/1301 1216/1555/1263 1223/1554/1262
f 1256/1604/1302 1255/1603/1301 1253/1600/1299
f 1257/1606/1303 1224/1556/1264 1216/1555/1263
f 1258/1607/1304 1257/1606/1303 1255/1603/1301
f 1248/1594/1293 1205/1535/1244 1194/1520/1230
f 1249/1595/1294 1248/1594/1293 1259/1608/1305
f 1250/1596/1295 1249/1595/1294 1260/1609/1306
f 1251/1598/1297 1250/1597/1296 1261/1611/1307
f 1252/1599/1298 1251/1598/1297 1262/1612/1308
f 1254/1602/1300 1252/1599/1298 1263/1613/1309
f 1256/1615/1311 1254/1602/1300 1264/1614/1310
f 1258/1769/1434 1256/1615/1311 1265/1616/1312
f 1259/1608/1305 1194/1520/1230 1228/1562/1270
f 1266/1617/1313 1260/1609/1306 1259/1608/1305
f 1267/1618/1314 1261/1610/1307 1260/1609/1306
f 1217/1546/1255 1268/1620/1315 1266/1619/1313
f 1268/1620/1315 1269/1625/1316 1267/1621/1314
f 1262/1612/1308 1261/1611/1307 1267/1622/1314
f 1270/1624/1317 1268/1620/1315 1217/1546/1255
f 1270/1624/1317 1271/1779/1318 1269/1625/1316
f 1263/1613/1309 1262/1612/1308 1269/1623/1316
f 1264/1614/1854 1263/1613/1309 1271/1626/1318
f 1265/1616/1855 1264/1614/1854 1271/1626/1318
f 1084/1388/1108 1083/1387/1107 1273/1628/1320
f 1085/1390/1110 1273/1633/1325 1083/1389/1109
f 1276/1630/1322 1274/1629/1321 1273/1628/1320
f 1277/1632/1324 1275/2459/1856 1273/1633/1325
f 1082/1386/1106 1277/1632/1324 1085/1390/1110
f 1281/2460/1326 1280/2461/1329 1278/2462/1327
f 1281/1634/1326 1276/1630/1322 1275/1631/1323
f 1277/1632/1324 1280/1646/1329 1275/2459/1856
f 1079/1382/1102 1282/1638/1330 1082/1386/1106
f 1286/1639/1331 1285/2463/1334 1283/1640/1332
f 1286/1642/1331 1279/1636/1328 1278/1635/1327
f 1287/1644/1335 1285/1658/1334 1278/1645/1327
f 1288/1647/1336 1287/1644/1335 1280/1646/1329
f 1282/1638/1330 1288/1647/1336 1277/1632/1324
f 1289/1648/1337 1160/1480/1190 1161/1481/1191
f 1292/1650/1339 1291/1652/1341 1289/1648/1337
f 1294/1651/1340 1293/2464/1342 1291/1652/1341
f 1294/1651/1340 1284/1641/1333 1283/1640/1332
f 1295/1656/1343 1293/1665/1342 1283/1657/1332
f 1296/1659/1344 1295/1656/1343 1285/1658/1334
f 1297/1660/1345 1296/1659/1344 1287/1644/1335
f 1282/1638/1330 1297/1660/1345 1288/1647/1336
f 465/605/496 1298/1661/1346 1079/1382/1102
f 1299/1663/1348 1167/1490/1200 1289/1662/1347
f 1300/1666/1350 1299/1663/1348 1293/1665/1342
f 1301/1667/1351 1300/1666/1350 1295/1656/1343
f 1302/1668/1352 1301/1667/1351 1296/1659/1344
f 1303/1669/1353 1302/1668/1352 1297/1660/1345
f 1298/1661/1346 1304/1679/1361 1303/1669/1353
f 1305/1670/1354 1304/1679/1361 1298/1661/1346
f 1306/1671/1356 1175/1527/1236 1174/1501/1211
f 1307/1673/1357 1174/1502/1213 1299/1663/1355
f 1308/1674/1358 1307/1673/1357 1301/1667/1351
f 1308/1675/1358 1309/1678/1360 1306/1671/1356
f 1310/1676/1359 1308/1674/1358 1302/1668/1352
f 1310/1677/1359 1311/1696/1376 1309/1678/1360
f 1304/2465/1361 1311/1696/1376 1310/1677/1359
f 1312/1680/1362 1311/2466/1376 1304/1679/1361
f 1095/1401/1120 1084/1388/1108 1274/1629/1321
f 1314/1682/1364 1313/1681/1363 1274/1629/1321
f 1316/1683/1365 1281/1634/1326 1279/1636/1328
f 1316/1683/1365 1314/1682/1364 1276/1630/1322
f 1319/1685/1367 1286/1639/1331 1284/1641/1333
f 1319/1687/1367 1315/1684/1366 1279/1636/1328
f 1319/1685/1367 1317/1686/1368 1318/1706/1384
f 1290/1649/1338 1161/1481/1191 1191/1518/1228
f 1321/1689/1370 1292/1650/1339 1290/1649/1338
f 1322/1690/1371 1294/1651/1340 1292/1650/1339
f 1322/1690/1371 1317/1686/1368 1284/1641/1333
f 1323/1691/1372 1322/1690/1371 1321/1689/1370
f 1323/1691/1372 1318/1706/1384 1317/1686/1368
f 1086/2467/1111 1324/2468/1373 465/2469/496
f 1324/2470/1373 1325/1697/1377 1305/1699/1354
f 1326/1693/1374 1198/1526/1235 1175/1527/1236
f 1328/1727/1402 1199/1548/1257 1326/1693/1374
f 1312/1695/1362 1329/1700/1378 1309/1678/1360
f 1325/1697/1377 1329/2471/1378 1312/1698/1362
f 1329/1700/1378 1330/1702/1380 1327/1694/1375
f 1331/1701/1379 1326/1693/1374 1327/1694/1375
f 1332/1703/1381 1328/1727/1402 1326/1693/1374
f 1098/1404/1123 1095/1401/1120 1313/1681/1363
f 1333/1704/1382 1313/1681/1363 1314/1682/1364
f 1336/1709/1386 1320/1688/1369 1192/1536/1245
f 1337/1710/1387 1314/1682/1364 1334/1705/1383
f 1338/1722/1397 1321/1689/1370 1336/1709/1386
f 1323/1691/1372 1321/1689/1370 1338/1722/1397
f 1339/1711/1388 1323/1691/1372 1338/1722/1397
f 1334/1705/1383 1315/1684/1366 1340/1714/1390
f 1335/1708/1385 1340/1714/1390 1315/1684/1366
f 1105/1410/1129 1098/1404/1123 1333/1704/1382
f 1342/1715/1391 1333/1704/1382 1337/1710/1387
f 1344/1717/1393 1337/1710/1387 1343/1716/1392
f 1343/1716/1392 1340/1714/1390 1345/1721/1396
f 1341/1712/1389 1318/1706/1384 1346/1718/1394
f 1341/1713/1389 1345/1721/1396 1340/1714/1390
f 1348/1723/1398 1336/1709/1386 1224/1556/1264
f 1349/1725/1400 1338/1722/1397 1348/1723/1398
f 1350/1724/1399 1339/1711/1388 1338/1722/1397
f 1350/1724/1399 1346/1718/1394 1318/1706/1384
f 1388/1726/1401 1229/1547/1256 1199/1548/1257
f 1615/2152/1732 1388/1726/1401 1328/1727/1402
f 1135/1448/1161 1105/1410/1129 1342/1715/1391
f 1136/1449/1162 1135/1448/1161 1351/1728/1403
f 1134/1447/1160 1136/2452/1852 1352/1730/1405
f 1127/1434/1150 1134/1447/1160 1353/1731/1406
f 1351/1728/1403 1342/1715/1391 1344/1717/1393
f 1352/1729/1404 1351/1728/1403 1355/1734/1409
f 1343/1716/1392 1345/1721/1396 1357/1737/1412
f 1355/1734/1409 1344/1717/1393 1343/1716/1392
f 1359/1738/1413 1357/1737/1412 1358/1739/1414
f 1356/1735/1410 1355/1734/1409 1359/1738/1413
f 1361/1741/1416 1353/1731/1406 1356/1736/1411
f 1347/1719/1395 1346/1718/1394 1362/1743/1417
f 1357/1737/1412 1345/1721/1396 1347/1720/1395
f 1364/1744/1418 1362/1743/1417 1363/1746/1419
f 1358/1739/1414 1357/1737/1412 1364/1745/1418
f 1366/1749/1421 1360/1742/1415 1358/1750/1414
f 1361/1741/1416 1360/1742/1415 1366/1749/1421
f 1348/1723/1398 1224/1556/1264 1257/1606/1303
f 1368/1753/1423 1257/1606/1303 1258/1607/1304
f 1349/1725/1400 1348/1723/1398 1368/1753/1423
f 1370/1755/1425 1368/1753/1423 1369/1754/1424
f 1350/1724/1399 1349/1725/1400 1370/1755/1425
f 1362/1743/1417 1346/1718/1394 1350/1724/1399
f 1372/1757/1427 1370/1755/1425 1371/1756/1426
f 1363/1746/1419 1362/1743/1417 1372/1757/1427
f 1374/1762/1429 1365/1751/1420 1363/1763/1419
f 1375/1765/1430 1366/1749/1421 1365/1751/1420
f 1376/1766/1431 1367/1752/1422 1366/1749/1421
f 1377/1767/1432 1354/1732/1407 1367/1752/1422
f 1378/2472/1716 573/2370/1713 1137/1733/1408
f 1379/1768/1433 1369/2473/1857 1258/1769/1434
f 1379/1768/1433 1371/1771/1436 1369/2473/1857
f 1380/1770/1435 1373/1764/1428 1371/1771/1436
f 1381/1772/1437 1374/1762/1429 1373/1764/1428
f 1382/1773/1438 1375/1765/1430 1374/1762/1429
f 1383/1774/1439 1376/1766/1431 1375/1765/1430
f 1385/1775/1440 1384/1777/1442 1137/1733/1408
f 1385/1775/1440 1377/1767/1432 1376/1766/1431
f 1387/1794/1441 1386/1793/1455 1378/2474/1716
f 1387/1776/1441 1378/2472/1716 1137/1733/1408
f 1271/1626/1318 1379/1768/1445 1265/1616/1855
f 1272/1627/1319 1389/1778/1443 1270/1624/1317
f 1389/1778/1443 1390/2475/1444 1271/1779/1318
f 1390/1780/1444 1380/1770/1858 1379/1768/1445
f 1388/1726/1401 1391/1781/1446 1272/1627/1319
f 1390/1780/1444 1381/1772/1437 1380/1770/1858
f 1390/1780/1444 1382/1773/1438 1381/1772/1437
f 1615/2152/1732 1391/1781/1446 1388/1726/1401
f 1392/1782/1447 1393/1784/1449 1389/1778/1443
f 1394/1783/1448 1390/2475/1444 1389/1778/1443
f 1394/1785/1448 1383/1774/1439 1382/1773/1438
f 1395/1786/1450 1396/1788/1452 1393/1784/1449
f 1397/1787/1451 1394/1783/1448 1393/1784/1449
f 1397/2476/1451 1396/2477/1452 1384/2478/1442
f 1397/1789/1451 1385/1775/1440 1383/1774/1439
f 1399/1790/1453 1396/1788/1452 1395/1786/1450
f 1399/1792/1453 1398/2479/1454 1386/1793/1455
f 1399/1795/1453 1387/1776/1441 1384/1777/1442
f 1557/1797/1456 1086/1391/1111 214/789/627
f 315/898/317 1400/1953/1590 788/1954/1591
f 1400/1953/1590 315/898/317 1733/1800/1459
f 816/1046/826 1401/1802/1461 787/1842/633
f 817/1045/825 1402/1803/1462 1401/1802/1461
f 839/1073/848 1403/1820/1476 1402/1803/1462
f 1404/1804/1463 1403/1820/1476 839/1073/848
f 841/1077/850 1405/1886/1527 1404/1804/1463
f 1406/1805/1464 1403/1820/1476 1404/1804/1463
f 1407/1806/1465 1404/1804/1463 1405/1886/1527
f 1408/1904/1478 1407/1806/1465 1405/1886/1527
f 1412/1807/1466 1409/1833/1488 1410/1808/1467
f 1414/2480/1469 1413/1809/1468 1410/1808/1467
f 1414/1810/1469 847/1110/859 846/1813/1471
f 848/1815/862 1415/1818/1474 1413/1816/1473
f 1407/1806/1465 1417/1845/1479 1406/1805/1464
f 1418/2481/1480 1417/1845/1479 1407/1806/1465
f 1419/1821/1477 1418/1825/1480 1407/1822/1465
f 1420/1829/1484 1419/1821/1477 1408/1823/1478
f 1421/1826/1481 1418/1825/1480 1419/1821/1477
f 1423/1828/1483 1422/1827/1482 1419/1821/1477
f 1424/1835/1491 1423/1828/1483 1420/1829/1484
f 1425/1830/1485 1421/1826/1481 1422/1827/1482
f 1427/1832/1487 1426/1831/1486 1422/1827/1482
f 1427/1832/1487 1410/1808/1467 1409/1833/1488
f 1428/1834/1490 1427/1832/1487 1423/1828/1483
f 1428/1834/1490 1411/2482/1470 1410/1808/1467
f 1429/1836/1492 1426/1855/1501 1409/1837/1493
f 1430/1839/1495 1429/1836/1492 1412/1838/1494
f 1415/1818/1474 1431/1858/1504 1430/1839/1495
f 849/1817/864 1431/1858/1504 1415/1818/1474
f 1434/1843/1497 1401/1802/1461 1402/1803/1462
f 1435/1844/1498 1434/1843/1497 1406/1805/1464
f 1436/1846/1499 1435/1844/1498 1417/1845/1479
f 1437/1854/1500 1436/1849/1499 1425/1848/1485
f 1429/1836/1492 1438/1856/1502 1437/1854/1500
f 1443/1857/1503 1438/1856/1502 1430/1839/1495
f 1439/1864/1505 1443/1866/1503 1431/2483/1504
f 1432/1840/1496 1439/1864/1505 849/1093/864
f 1440/1868/1506 1433/1799/1458 1401/2484/1461
f 1441/1861/1507 1440/1868/1506 1435/1862/1498
f 1436/1849/1499 1442/1863/1508 1441/1861/1507
f 1443/1857/1503 1442/1863/1508 1438/1856/1502
f 1439/1864/1505 1446/1871/1512 1445/1865/1509
f 1444/1867/1510 1446/1871/1512 1439/1864/1505
f 1445/1869/1509 1433/1799/1458 1442/1863/1508
f 1448/1870/1511 1447/1873/1514 1446/1871/1512
f 1446/1871/1512 1449/1874/1515 1451/1872/1513
f 1447/1873/1514 1450/1877/1518 1449/1874/1515
f 1448/1870/1511 1450/1877/1518 1447/1873/1514
f 1451/1872/1513 1452/1880/1521 1456/1882/1523
f 1453/1875/1516 1452/1880/1521 1451/1872/1513
f 1454/1876/1517 1453/1875/1516 1449/1874/1515
f 1677/1878/1519 1556/1798/1457 1433/1799/1458
f 1445/1869/1509 1672/2485/1749 1677/1878/1519
f 1445/1865/1509 1455/1879/1520 1672/2196/1749
f 1451/1872/1513 1456/1882/1523 1455/1879/1520
f 1452/1880/1521 1458/1885/1526 1457/1881/1522
f 1460/1883/1524 1458/1885/1526 1452/1880/1521
f 1460/1883/1524 1461/1900/1541 1459/1884/1525
f 1454/1876/1517 1461/1900/1541 1460/1883/1524
f 1463/1887/1528 1414/1810/1469 1411/1812/1470
f 1463/1887/1528 869/1108/879 847/1110/859
f 872/1132/899 1464/1892/1533 871/1114/883
f 1428/1834/1490 1462/2486/1529 1411/2482/1470
f 1465/1889/1530 1432/1840/1496 838/1092/863
f 1466/1890/1531 1465/1889/1530 870/1112/881
f 1467/1891/1532 1466/1890/1531 871/1114/883
f 1469/1894/1535 1444/1867/1510 1432/1840/1496
f 1470/1895/1536 1469/1894/1535 1465/1889/1530
f 1469/1894/1535 1471/1898/1539 1448/1870/1511
f 1472/1896/1537 1471/1898/1539 1469/1894/1535
f 1448/1870/1511 1471/1898/1539 1473/1897/1538
f 1471/1898/1539 1475/2487/1859 1474/1899/1540
f 1472/1896/1537 1475/2487/1859 1471/1898/1539
f 1474/1899/1540 1476/1902/1543 1473/1897/1538
f 1461/1900/1541 1478/1903/1544 1477/1901/1542
f 1473/1897/1538 1478/1903/1544 1461/1900/1541
f 1479/1905/1545 1405/1886/1527 867/1127/896
f 1480/1959/1547 1408/1904/1478 1479/1905/1545
f 1463/1887/1528 1462/1888/1529 1481/1920/1550
f 1463/1887/1528 885/1130/898 869/1108/879
f 1482/1911/1551 1464/1892/1533 872/1132/899
f 1483/1906/1546 1420/1829/1484 1408/1823/1478
f 1424/1835/1491 1420/1829/1484 1483/1906/1546
f 1428/1834/1490 1481/1910/1550 1462/2486/1529
f 1428/1834/1490 1424/1835/1491 1484/1908/1548
f 1464/1892/1533 1486/1912/1552 1467/1891/1532
f 1486/1912/1552 1487/1913/1553 1468/1893/1534
f 1468/1893/1534 1488/1914/1554 1470/1895/1536
f 1489/1916/1556 1472/1896/1537 1488/1914/1554
f 1475/2487/1859 1491/1915/1555 1474/1899/1540
f 1491/1915/1555 1475/2487/1859 1472/1896/1537
f 1492/1918/1558 1476/1902/1543 1474/1899/1540
f 1496/1921/1560 1481/1920/1550 1494/1922/1561
f 911/1162/926 885/1130/898 1496/1921/1560
f 1497/1923/1562 1494/1922/1561 1495/2488/1563
f 912/1927/1565 911/1162/926 1497/1923/1562
f 914/1166/927 912/1165/928 1498/1931/1568
f 1485/1909/1549 1494/2489/1561 1481/1910/1550
f 1495/1925/1563 1494/2489/1561 1485/1909/1549
f 1503/2490/1571 1502/1938/1575 913/1168/930
f 1499/1929/1567 1498/1931/1568 1501/1935/1572
f 908/1158/923 1504/1936/1573 1486/1912/1552
f 916/1167/929 1505/1937/1574 1504/1936/1573
f 1505/1937/1574 916/1167/929 913/1168/930
f 1503/2490/1571 1506/1939/1576 1502/1938/1575
f 1506/1989/1576 1503/1934/1571 1501/1935/1572
f 1506/1939/1576 1507/1944/1581 1508/1940/1577
f 1504/1936/1573 1509/1941/1578 1488/1914/1554
f 1505/1937/1574 1510/1942/1579 1509/1941/1578
f 1510/1942/1579 1505/1937/1574 1502/1938/1575
f 1512/1943/1580 1511/1945/1582 1508/1940/1577
f 1491/1915/1555 1489/1916/1556 1488/1914/1554
f 1510/1942/1579 1491/1915/1555 1509/1941/1578
f 1514/1946/1583 1513/1947/1584 1511/1945/1582
f 1491/1915/1555 1492/1918/1558 1490/1917/1557
f 1513/1947/1584 1510/1942/1579 1511/1945/1582
f 1514/1946/1583 1516/1949/1586 1515/1948/1585
f 1478/1903/1544 1519/1951/1588 1493/1919/1559
f 1519/1951/1588 1478/1903/1544 1492/1918/1558
f 1517/1950/1587 1519/1951/1588 1492/1918/1558
f 1520/1952/1589 1518/2007/1631 1517/1950/1587
f 1520/1952/1589 1517/1950/1587 1515/1948/1585
f 1400/1953/1590 1521/1958/1595 931/1186/945
f 944/1206/960 1522/1955/1592 1479/1905/1545
f 945/1207/961 1523/1963/1599 1522/1955/1592
f 1529/1956/1593 1523/1963/1599 945/1207/961
f 946/1957/1594 931/1186/945 1521/1958/1595
f 1525/1961/1597 1524/1960/1596 1479/1905/1545
f 1526/1962/1598 1525/1961/1597 1522/1955/1592
f 1528/1964/1600 1498/1926/1564 1495/1925/1563
f 1400/1953/1590 1544/1966/1602 1521/1958/1595
f 1524/1967/1596 1530/1969/1603 1483/1906/1546
f 1525/1961/1597 1531/1970/1604 1530/2491/1603
f 1526/1962/1598 1532/1971/1605 1531/1970/1604
f 1526/1962/1598 1523/1963/1599 1529/1956/1593
f 1533/1972/1606 1483/1906/1546 1530/1969/1603
f 1535/1974/1608 1534/1973/1607 1530/1969/1603
f 1500/1933/1570 1484/1908/1548 1533/1972/1606
f 1527/1965/1601 1495/1925/1563 1500/1933/1570
f 1537/1977/1611 1536/1976/1609 1533/1972/1606
f 1528/1978/1612 1538/1979/1613 1501/1935/1572
f 1538/1979/1613 1528/1978/1612 1527/1980/1614
f 1529/1956/1593 1544/1966/1602 1539/1992/1620
f 1532/1971/1605 1539/1992/1620 1540/1982/1616
f 1532/1971/1605 1529/1956/1593 1539/1992/1620
f 1535/1983/1608 1540/1982/1616 1541/1984/1617
f 1535/2492/1608 1531/2493/1604 1540/2494/1616
f 1537/2495/1611 1541/1995/1617 1542/1990/1618
f 1537/2495/1611 1534/2496/1607 1541/1995/1617
f 1538/1979/1613 1543/1991/1619 1506/1989/1576
f 1538/1979/1613 1536/1981/1615 1542/1990/1618
f 1539/1992/1620 1544/1966/1602 1545/1993/1621
f 1540/1982/1616 1545/1993/1621 1546/1994/1622
f 1541/1995/1617 1546/1999/1622 1547/1996/1623
f 1543/1991/1619 1547/1996/1623 1507/1997/1581
f 1547/1996/1623 1543/1991/1619 1542/1990/1618
f 1546/1994/1622 1548/1998/1624 1549/2001/1625
f 1547/2497/1623 1549/2001/1625 1507/1944/1581
f 1549/2001/1625 1552/2004/1628 1512/1943/1580
f 1553/2005/1629 1516/1949/1586 1512/1943/1580
f 1555/2275/1807 1554/2006/1630 1551/2003/1627
f 1553/2005/1629 1554/2006/1630 1518/2007/1631
f 1556/1798/1457 1558/2010/1634 1557/1797/1456
f 1086/1391/1111 1560/2015/1638 1324/1692/1373
f 1086/1391/1111 1561/2017/1640 1560/2015/1638
f 1562/2008/1632 1561/2017/1640 1086/1391/1111
f 1563/2021/1644 1562/2008/1632 1557/1797/1456
f 1564/2009/1633 1563/2021/1644 1557/1797/1456
f 1558/2498/1634 1565/2023/1646 1564/2025/1633
f 1566/2011/1635 1565/2027/1646 1558/2010/1634
f 1556/2499/1457 1567/2031/1651 1566/2033/1635
f 1568/2012/1636 1567/2035/1651 1556/2013/1457
f 1569/2016/1639 1325/2037/1377 1324/1692/1373
f 1560/2500/1638 1570/2039/1654 1569/2041/1639
f 1571/2018/1641 1570/2045/1654 1560/2015/1638
f 1561/2501/1640 1572/2047/1658 1571/2049/1641
f 1573/2019/1642 1572/2053/1658 1561/2017/1640
f 1562/2502/1632 1574/2055/1662 1573/2057/1642
f 1575/2020/1643 1574/2064/1662 1562/2008/1632
f 1563/2503/1644 1576/2066/1669 1575/2068/1643
f 1577/2022/1645 1576/2072/1669 1563/2021/1644
f 1564/2025/1633 1578/2024/1647 1577/2075/1645
f 1565/2023/1646 1579/2081/1678 1578/2024/1647
f 1565/2023/1646 1580/2083/1650 1579/2081/1678
f 1582/2026/1648 1580/2504/1650 1565/2027/1646
f 1582/2028/1648 1583/2087/1682 1581/2029/1649
f 1567/2031/1651 1583/2505/1682 1582/2032/1648
f 1584/2034/1652 1583/2506/1682 1567/2035/1651
f 1585/2036/1653 1329/2507/1378 1325/2037/1377
f 1585/2038/1653 1586/2042/1655 1330/1702/1380
f 1570/2039/1654 1586/2508/1655 1585/2040/1653
f 1586/2042/1655 1587/2043/1656 1331/1701/1379
f 1588/2044/1657 1586/2509/1655 1570/2045/1654
f 1588/2046/1657 1589/2050/1659 1587/2043/1656
f 1572/2047/1658 1589/2510/1659 1588/2048/1657
f 1589/2050/1659 1590/2051/1660 1332/1703/1381
f 1590/2051/1660 1591/2059/1664 1328/1727/1402
f 1592/2052/1661 1589/2511/1659 1572/2053/1658
f 1592/2054/1661 1593/2058/1663 1590/2051/1660
f 1574/2055/1662 1593/2512/1663 1592/2056/1661
f 1593/2058/1663 1594/2060/1665 1591/2059/1664
f 1594/2060/1665 1595/2062/1667 1328/1727/1402
f 1597/2063/1668 1593/2513/1663 1574/2064/1662
f 1597/2065/1668 1598/2069/1670 1594/2060/1665
f 1576/2066/1669 1598/2514/1670 1597/2067/1668
f 1598/2069/1670 1599/2070/1671 1595/2062/1667
f 1599/2070/1671 1600/2077/1674 1596/2061/1666
f 1600/2077/1674 1601/2079/1676 1596/2061/1666
f 1602/2071/1672 1598/2515/1670 1576/2072/1669
f 1602/2073/1672 1603/2076/1673 1599/2070/1671
f 1578/2024/1647 1603/2516/1673 1602/2074/1672
f 1603/2076/1673 1604/2078/1675 1600/2077/1674
f 1604/2078/1675 1605/2085/1680 1601/2079/1676
f 1606/2082/1677 1603/2076/1673 1578/2517/1647
f 1606/2082/1677 1607/2084/1679 1604/2078/1675
f 1580/2030/1650 1607/2084/1679 1606/2082/1677
f 1607/2084/1679 1608/2086/1681 1605/2085/1680
f 1581/2029/1649 1608/2086/1681 1607/2084/1679
f 1559/2222/1637 1609/2089/1683 1568/2091/1636
f 1584/2088/1652 1612/2093/1685 1608/2086/1681
f 1609/2089/1683 1612/2518/1685 1584/2090/1652
f 1613/2092/1684 1610/2095/1687 1608/2086/1681
f 1613/2092/1684 1614/2099/1691 1611/2094/1686
f 1608/2086/1681 1616/2096/1688 1605/2085/1680
f 1601/2079/1676 1656/2097/1689 1596/2061/1666
f 1611/2094/1686 1618/2100/1692 1617/2098/1690
f 1614/2099/1691 1619/2117/1707 1618/2100/1692
f 1605/2085/1680 1620/2101/1693 1601/2079/1676
f 1616/2096/1688 1621/2125/1712 1620/2101/1693
f 1621/2125/1712 1616/2096/1688 1617/2098/1690
f 1656/2097/1689 1615/2152/1732 1328/1727/1402
f 1639/1801/1460 1748/2106/1697 1733/1800/1459
f 1639/2103/1460 1625/2105/1696 1624/2122/1698
f 1748/2106/1697 1639/1801/1460 1624/2107/1698
f 1630/2109/1700 1627/2111/1702 1617/2098/1690
f 1631/2110/1701 1628/2113/1704 1627/2111/1702
f 1632/2112/1703 1629/2519/1705 1628/2113/1704
f 1632/2114/1703 1625/2105/1696 1623/2104/1695
f 1634/2118/1708 1630/2109/1700 1618/2100/1692
f 1635/2119/1709 1631/2110/1701 1630/2109/1700
f 1636/2120/1710 1632/2112/1703 1631/2110/1701
f 1636/2121/1710 1635/2520/1709 1626/2108/1699
f 1624/2122/1698 1625/2105/1696 1632/2114/1703
f 1622/2102/1694 1663/2124/1711 1656/2097/1689
f 1620/2101/1693 1637/2184/1744 1663/2124/1711
f 1621/2125/1712 1627/2111/1702 1620/2101/1693
f 1628/2113/1704 1637/2184/1744 1620/2101/1693
f 1640/2128/1715 1638/2127/1714 573/2126/1713
f 1644/2133/1720 1639/1801/1460 1638/2127/1714
f 1646/2159/1721 1645/2158/1723 1640/2128/1715
f 1646/2159/1721 1640/2128/1715 1378/2129/1716
f 1648/2166/1722 1647/2165/1725 1641/2130/1717
f 1648/2166/1722 1641/2130/1717 1640/2128/1715
f 1650/2174/1724 1649/2173/1727 1642/2131/1718
f 1650/2174/1724 1642/2131/1718 1641/2130/1717
f 1652/2181/1726 1651/2180/1729 1643/2132/1719
f 1652/2181/1726 1643/2132/1719 1642/2131/1718
f 1654/2188/1728 1653/2150/1730 1644/2133/1720
f 1654/2188/1728 1644/2133/1720 1643/2132/1719
f 1655/2151/1731 1629/2193/1705 1623/2134/1695
f 1623/2134/1695 1644/2133/1720 1653/2150/1730
f 1656/2097/1689 1657/2153/1733 1391/1781/1446
f 1657/2153/1733 1658/2154/1734 1392/1782/1447
f 1658/2154/1734 1659/2156/1736 1395/1786/1450
f 1660/2155/1735 1398/1791/1454 1395/1786/1450
f 1660/2157/1735 1659/2521/1736 1645/2158/1723
f 1660/2160/1735 1646/2135/1721 1386/2137/1455
f 1662/2162/1737 1659/2156/1736 1658/2154/1734
f 1662/2164/1737 1661/2522/1738 1647/2165/1725
f 1662/2167/1737 1648/2138/1722 1645/2140/1723
f 1663/2124/1711 1664/2169/1739 1657/2153/1733
f 1664/2169/1739 1665/2171/1741 1658/2154/1734
f 1666/2170/1740 1661/2163/1738 1658/2154/1734
f 1666/2172/1740 1665/2523/1741 1649/2173/1727
f 1666/2175/1740 1650/2141/1724 1647/2143/1725
f 1668/2177/1742 1665/2171/1741 1664/2169/1739
f 1668/2179/1742 1667/2524/1743 1651/2180/1729
f 1668/2182/1742 1652/2144/1726 1649/2146/1727
f 1637/2184/1744 1669/2186/1746 1664/2169/1739
f 1670/2185/1745 1667/2178/1743 1664/2169/1739
f 1670/2187/1745 1669/2525/1746 1653/2150/1730
f 1670/2189/1745 1654/2147/1728 1651/2149/1729
f 1671/2191/1747 1669/2186/1746 1637/2184/1744
f 1671/2191/1747 1628/2113/1704 1629/2519/1705
f 1671/2192/1747 1655/2151/1731 1653/2150/1730
f 1674/2195/1748 1673/2205/1754 1672/2196/1749
f 1675/2197/1750 1674/2195/1748 1456/1882/1523
f 1676/2198/1751 1675/2197/1750 1457/1881/1522
f 1679/2215/1753 1678/2199/1752 1672/2196/1749
f 1680/2204/1755 1679/2215/1753 1673/2205/1754
f 1674/2195/1748 1681/2208/1758 1680/2204/1755
f 1684/2206/1756 1681/2208/1758 1674/2195/1748
f 1684/2206/1756 1685/2209/1759 1682/2207/1757
f 1676/2198/1751 1685/2209/1759 1684/2206/1756
f 1685/2209/1759 1686/2258/1792 1683/2210/1760
f 1459/1884/1525 1686/2258/1792 1685/2209/1759
f 1677/2200/1519 1687/2221/1768 1556/2223/1457
f 1677/2200/1519 1688/2225/1770 1687/2221/1768
f 1689/2227/1761 1688/2225/1770 1677/2200/1519
f 1690/2214/1762 1689/2227/1761 1678/2199/1752
f 1679/2215/1753 1691/2218/1765 1690/2214/1762
f 1694/2216/1763 1691/2218/1765 1679/2215/1753
f 1694/2216/1763 1695/2219/1766 1692/2217/1764
f 1695/2219/1766 1694/2216/1763 1680/2204/1755
f 1695/2526/1766 1682/2527/1757 1693/2270/1767
f 1687/2221/1768 1696/2239/1780 1559/2222/1637
f 1697/2224/1769 1696/2239/1780 1687/2221/1768
f 1688/2225/1770 1698/2229/1773 1697/2224/1769
f 1702/2226/1771 1698/2229/1773 1688/2225/1770
f 1702/2226/1771 1703/2528/1775 1699/2228/1772
f 1689/2227/1761 1703/2528/1775 1702/2226/1771
f 1704/2237/1778 1701/2248/1787 1700/2230/1774
f 1705/2233/1776 1703/2528/1775 1689/2227/1761
f 1705/2234/1776 1706/2236/1777 1700/2230/1774
f 1706/2235/1777 1705/2233/1776 1690/2214/1762
f 1706/2236/1777 1692/2529/1764 1704/2237/1778
f 1692/2529/1764 1707/2272/1804 1704/2237/1778
f 1693/2270/1767 1707/2272/1804 1692/2529/1764
f 1708/2238/1779 1609/2089/1683 1559/2222/1637
f 1696/2239/1780 1709/2252/1783 1708/2238/1779
f 1713/2240/1781 1709/2252/1783 1696/2239/1780
f 1713/2241/1781 1714/2244/1784 1710/2242/1782
f 1698/2229/1773 1714/2246/1784 1713/2240/1781
f 1714/2244/1784 1699/2231/1772 1711/2245/1785
f 1699/2231/1772 1715/2249/1788 1712/2247/1786
f 1700/2230/1774 1715/2249/1788 1699/2231/1772
f 1716/2250/1789 1612/2518/1685 1609/2089/1683
f 1716/2251/1789 1717/2253/1790 1613/2092/1684
f 1709/2243/1783 1717/2253/1790 1716/2251/1789
f 1717/2253/1790 1710/2242/1782 1614/2099/1691
f 1710/2242/1782 1711/2245/1785 1614/2099/1691
f 1477/1901/1542 1718/2257/1791 1459/1884/1525
f 1715/2249/1788 1719/2264/1798 1712/2247/1786
f 1719/2264/1798 1715/2249/1788 1701/2248/1787
f 1711/2245/1785 1720/2266/1800 1614/2099/1691
f 1720/2266/1800 1711/2245/1785 1712/2247/1786
f 1721/2259/1793 1718/2257/1791 1477/1901/1542
f 1686/2258/1792 1723/2260/1794 1683/2210/1760
f 1723/2260/1794 1686/2258/1792 1721/2259/1793
f 1682/2527/1757 1724/2268/1796 1693/2270/1767
f 1724/2262/1796 1682/2207/1757 1683/2210/1760
f 1727/2267/1801 1721/2259/1793 1517/1950/1587
f 1704/2237/1778 1729/2295/1825 1725/2263/1797
f 1730/2271/1803 1707/2272/1804 1693/2270/1767
f 1730/2271/1803 1729/2295/1825 1704/2237/1778
f 1732/2274/1806 1727/2267/1801 1518/2007/1631
f 1555/2275/1807 1551/2003/1627 1731/2273/1805
f 1731/2273/1805 1737/2277/1809 1736/2281/1813
f 1738/2278/1810 1735/2280/1812 1722/2261/1795
f 1732/2274/1806 1738/2278/1810 1727/2267/1801
f 1739/2279/1811 1736/2281/1813 1735/2280/1812
f 1555/2275/1807 1739/2279/1811 1738/2278/1810
f 1739/2279/1811 1555/2275/1807 1731/2273/1805
f 1741/2290/1821 1740/2282/1814 1733/1800/1459
f 1550/2002/1626 1733/1800/1459 1740/2282/1814
f 1734/2276/1808 1745/2284/1816 1744/2289/1820
f 1734/2276/1808 1550/2002/1626 1742/2283/1815
f 1746/2286/1817 1743/2288/1819 1728/2285/1802
f 1747/2287/1818 1744/2289/1820 1743/2288/1819
f 1737/2277/1809 1747/2287/1818 1746/2286/1817
f 1747/2287/1818 1737/2277/1809 1734/2276/1808
f 1741/2290/1821 1733/1800/1459 1748/2106/1697
f 1729/2295/1825 1750/2306/1828 1725/2263/1797
f 1740/2282/1814 1752/2293/1824 1751/2292/1823
f 1753/2296/1826 1750/2306/1828 1729/2295/1825
f 1744/2289/1820 1753/2299/1826 1743/2288/1819
f 1754/2297/1827 1751/2292/1823 1750/2298/1828
f 1745/2284/1816 1754/2297/1827 1753/2299/1826
f 1754/2297/1827 1745/2284/1816 1742/2283/1815
f 1748/2106/1697 1758/2300/1829 1757/2305/1834
f 1719/2264/1798 1725/2263/1797 1726/2265/1799
f 1759/2530/1833 1756/2311/1832 1755/2301/1830
f 1760/2302/1831 1757/2305/1834 1756/2303/1832
f 1760/2302/1831 1759/2304/1833 1749/2291/1822
f 1760/2302/1831 1741/2290/1821 1748/2106/1697
f 1750/2306/1828 1761/2308/1836 1755/2301/1830
f 1751/2292/1823 1761/2309/1836 1750/2298/1828
f 1762/2307/1835 1759/2530/1833 1755/2301/1830
f 1752/2293/1824 1762/2310/1835 1761/2309/1836
f 1762/2310/1835 1752/2293/1824 1749/2291/1822
f 1756/2311/1832 1633/2116/1706 1619/2117/1707
f 1763/2312/1837 1634/2118/1708 1633/2116/1706
f 1757/2305/1834 1763/2314/1837 1756/2303/1832
f 1764/2313/1838 1635/2119/1709 1634/2118/1708
f 1758/2300/1829 1764/2531/1838 1763/2314/1837
f 1764/2531/1838 1758/2300/1829 1626/2108/1699
