# Blender 5.2.2 LTS
# www.blender.org
mtllib right_finger4_lower.mtl
o right_finger4_lower
v -0.003796 -0.002877 -0.013923
v -0.003921 -0.002973 -0.013546
v -0.003920 -0.003054 -0.013039
v -0.003545 -0.003396 -0.012682
v -0.003158 -0.003477 -0.013324
v -0.003332 -0.003494 -0.013100
v -0.003023 -0.003770 -0.012566
v -0.002888 -0.003450 -0.013432
v -0.002759 -0.003845 -0.012900
v -0.003216 -0.003676 -0.005550
v -0.002771 -0.003942 -0.005731
v -0.004301 -0.002703 -0.004637
v -0.003762 -0.003263 -0.005182
v -0.004152 -0.002774 -0.004184
v -0.003747 -0.003168 -0.004536
v -0.003452 -0.003173 -0.004395
v -0.003277 -0.003534 -0.004930
v -0.005219 -0.000024 -0.016706
v -0.005205 -0.000324 -0.016390
v -0.005243 -0.000420 -0.016063
v -0.005275 -0.000473 -0.015801
v -0.005324 -0.000139 -0.016064
v -0.004884 -0.001370 -0.015342
v -0.004938 -0.001457 -0.014987
v -0.004925 -0.001591 -0.014592
v -0.004940 -0.000928 -0.015828
v -0.005117 -0.001066 -0.015098
v -0.005003 -0.000588 -0.016199
v -0.005218 -0.000768 -0.015001
v -0.004995 -0.000338 -0.016514
v -0.004550 -0.002059 -0.014656
v -0.004652 -0.001636 -0.015150
v -0.004647 -0.001401 -0.015454
v -0.004595 -0.000775 -0.016119
v -0.004232 -0.002385 -0.014414
v -0.004371 -0.002459 -0.014011
v -0.004229 -0.002143 -0.014720
v -0.004241 -0.001628 -0.015271
v -0.003430 -0.002766 -0.014136
v -0.004666 -0.002092 -0.013891
v -0.004212 -0.002734 -0.013351
v -0.004477 -0.002384 -0.013684
v -0.005262 -0.000896 -0.003066
v -0.004883 -0.001833 -0.003782
v -0.005030 -0.001520 -0.003750
v -0.005431 0.000010 -0.002272
v -0.004846 -0.001714 -0.003103
v -0.005155 -0.001212 -0.003160
v -0.004636 -0.002048 -0.003454
v -0.004625 -0.001562 -0.002747
v -0.004609 -0.002285 -0.004161
v -0.004361 -0.002118 -0.003347
v -0.004179 -0.002518 -0.003782
v -0.003895 -0.002326 -0.003470
v -0.005331 -0.000606 -0.002445
v -0.005195 -0.000699 -0.002055
v -0.005243 -0.000407 -0.001796
v -0.005410 0.000165 -0.001705
v -0.005259 -0.000077 -0.001457
v -0.004941 -0.001357 -0.002733
v -0.004996 -0.001022 -0.002352
v -0.005025 -0.000536 -0.001756
v -0.004975 -0.000243 -0.001421
v -0.004705 -0.001154 -0.002354
v -0.004323 -0.001157 -0.002300
v -0.000721 -0.002593 -0.014190
v -0.002463 -0.004067 -0.012234
v -0.002061 -0.004188 -0.012519
v -0.001896 -0.004291 -0.011912
v -0.001967 -0.003917 -0.012989
v -0.001766 -0.004238 -0.012549
v -0.001220 -0.004441 -0.011881
v -0.000888 -0.003918 -0.012975
v -0.001343 -0.003380 -0.013508
v -0.001048 -0.004174 -0.012723
v -0.000440 -0.004402 -0.012353
v -0.000231 -0.004519 -0.011922
v -0.000720 -0.004506 -0.011629
v -0.000706 -0.003553 -0.013223
v -0.000978 -0.003041 -0.013735
v -0.000832 -0.003307 -0.013351
v -0.000682 -0.003204 -0.012884
v -0.000691 -0.003030 -0.012731
v -0.000540 -0.003664 -0.013031
v -0.000495 -0.003551 -0.012776
v -0.000408 -0.003548 -0.012310
v -0.000586 -0.003377 -0.012369
v -0.000761 -0.002996 -0.013464
v -0.000628 -0.002853 -0.013117
v 0.001297 -0.004208 -0.012660
v 0.000012 -0.003794 -0.012923
v -0.000150 -0.003655 -0.012583
v -0.001395 -0.004424 -0.006235
v -0.000599 -0.004523 -0.006316
v -0.000687 -0.003237 -0.005508
v -0.000427 -0.003594 -0.005718
v -0.000624 -0.002908 -0.005045
v -0.000154 -0.003704 -0.006267
v -0.002109 -0.004238 -0.005937
v -0.000946 -0.004406 -0.005721
v -0.000692 -0.003068 -0.005132
v -0.000601 -0.003418 -0.005509
v -0.000166 -0.004016 -0.005433
v -0.000143 -0.003796 -0.005672
v -0.002709 -0.003890 -0.005229
v -0.002743 -0.003679 -0.004888
v -0.003287 -0.002925 -0.004069
v -0.001931 -0.004243 -0.005607
v -0.001349 -0.004132 -0.005291
v -0.001397 -0.003162 -0.004326
v -0.001161 -0.003451 -0.004663
v -0.000466 -0.004303 -0.005557
v -0.000916 -0.003858 -0.005050
v -0.000742 -0.003269 -0.005038
v -0.000883 -0.003335 -0.004768
v -0.000938 -0.003048 -0.004378
v -0.000767 -0.003012 -0.004613
v -0.000834 -0.002626 -0.003842
v -0.000645 -0.003639 -0.005051
v -0.000572 -0.002681 -0.004072
v -0.000347 -0.003856 -0.005256
v -0.001358 -0.002767 -0.014130
v -0.000392 -0.001988 -0.014915
v -0.000382 -0.002300 -0.014518
v -0.000139 -0.002438 -0.014107
v -0.000439 -0.002544 -0.013962
v -0.000484 -0.002658 -0.013360
v -0.000303 -0.002511 -0.013394
v -0.000446 -0.002705 -0.004499
v -0.000229 -0.002547 -0.005233
v -0.000373 -0.002059 -0.003207
v -0.000063 -0.002482 -0.004956
v -0.000185 -0.002575 -0.004112
v -0.000233 -0.002435 -0.003690
v -0.005245 0.000327 -0.017034
v -0.005224 0.000659 -0.017391
v -0.005222 0.001035 -0.017765
v -0.005330 0.001123 -0.017474
v -0.005207 0.001488 -0.018131
v -0.005307 0.001686 -0.017949
v -0.005370 0.001590 -0.017498
v -0.004959 0.000139 -0.017019
v -0.005000 0.000733 -0.017602
v -0.004998 0.001381 -0.018160
v -0.004956 0.001702 -0.018219
v -0.005046 0.002572 -0.018194
v -0.004669 0.000916 -0.017817
v -0.004627 0.001191 -0.018051
v -0.004597 0.002014 -0.018214
v -0.004840 0.002833 -0.018139
v -0.004603 0.002718 -0.017947
v -0.004529 0.002769 -0.017491
v -0.004404 0.002317 -0.018118
v -0.004216 0.002386 -0.017497
v -0.004404 0.002590 -0.017245
v -0.003142 0.001555 -0.018193
v -0.003885 0.001855 -0.018142
v -0.003853 0.001995 -0.017957
v -0.003649 0.002023 -0.017489
v -0.003795 0.002084 -0.017223
v -0.004028 0.002226 -0.017269
v -0.002859 0.001728 -0.018141
v -0.003136 0.001844 -0.017955
v -0.003269 0.001934 -0.017521
v -0.002950 0.001921 -0.017529
v -0.005354 0.000214 -0.016404
v -0.005371 0.000648 -0.016592
v -0.004608 0.002745 -0.008373
v -0.004524 0.002509 -0.000634
v -0.003686 0.001971 -0.000660
v -0.004370 0.002346 -0.000360
v -0.003022 0.001920 -0.000629
v -0.003349 0.001913 -0.000631
v -0.005470 0.000704 -0.001778
v -0.004661 0.002687 -0.000350
v -0.003962 0.002063 -0.000342
v -0.004140 0.002170 -0.000593
v -0.005267 0.000266 -0.001112
v -0.005446 0.000637 -0.001312
v -0.005270 0.000614 -0.000764
v -0.005335 0.000898 -0.000616
v -0.005279 0.001076 -0.000309
v -0.005472 0.001696 -0.000592
v -0.005418 0.001689 -0.000218
v -0.005031 0.000129 -0.001076
v -0.004952 0.000408 -0.000767
v -0.005036 0.000803 -0.000396
v -0.004990 0.001327 0.000061
v -0.004642 0.001100 -0.000066
v -0.004596 0.000875 -0.000262
v -0.003507 0.001880 -0.000224
v -0.002805 0.001895 -0.000199
v -0.005373 0.005017 -0.017498
v -0.005199 0.005402 -0.018144
v -0.005307 0.005286 -0.017948
v -0.005336 0.005409 -0.017477
v -0.005011 0.004713 -0.018205
v -0.004777 0.003141 -0.017968
v -0.004644 0.003023 -0.017491
v -0.004726 0.003338 -0.017531
v -0.004906 0.003917 -0.018139
v -0.004807 0.003845 -0.017951
v -0.004751 0.003677 -0.017541
v -0.004683 0.004140 -0.017510
v -0.004752 0.004420 -0.018151
v -0.004675 0.004329 -0.017954
v -0.004496 0.005345 -0.018206
v -0.004490 0.004546 -0.017540
v -0.004352 0.005073 -0.018146
v -0.004241 0.004987 -0.017946
v -0.004347 0.004741 -0.017157
v -0.004199 0.004890 -0.017513
v -0.003712 0.005391 -0.018136
v -0.003974 0.005062 -0.017514
v -0.003738 0.005199 -0.017499
v -0.003492 0.005380 -0.017937
v -0.003535 0.005278 -0.017217
v -0.003158 0.005542 -0.018122
v -0.003255 0.005332 -0.017464
v -0.002810 0.005438 -0.017964
v -0.002730 0.005324 -0.017482
v -0.002935 0.005338 -0.017127
v -0.004795 0.003329 -0.010911
v -0.004799 0.003669 -0.012383
v -0.004763 0.004019 -0.011939
v -0.004644 0.004335 -0.012983
v -0.004736 0.003000 -0.007869
v -0.004276 0.004961 -0.000606
v -0.003870 0.005213 -0.000531
v -0.004826 0.003241 -0.007199
v -0.004852 0.003672 -0.008678
v -0.004705 0.004342 -0.006624
v -0.003646 0.005287 -0.000585
v -0.005480 0.004975 -0.000633
v -0.005431 0.005381 -0.000620
v -0.004896 0.003563 -0.006989
v -0.004879 0.003846 -0.006318
v -0.004805 0.004074 -0.007071
v -0.004615 0.004602 -0.000687
v -0.004469 0.004783 -0.000611
v -0.004064 0.005109 -0.000588
v -0.003338 0.005330 -0.000623
v -0.004930 0.003358 -0.000629
v -0.004822 0.004248 -0.000649
v -0.003018 0.005325 -0.000633
v -0.005409 0.005294 -0.000213
v -0.004923 0.003090 -0.000235
v -0.005016 0.003506 -0.000216
v -0.004941 0.003825 -0.000655
v -0.004951 0.004097 -0.000169
v -0.004864 0.003079 -0.000600
v -0.004652 0.004657 -0.000206
v -0.004237 0.005081 -0.000174
v -0.003772 0.005325 -0.000144
v -0.003165 0.005396 -0.000219
v -0.005146 0.005547 -0.018133
v -0.005232 0.005634 -0.017784
v -0.004982 0.005712 -0.017950
v -0.005011 0.005776 -0.017176
v -0.004726 0.005822 -0.017594
v -0.003184 0.005637 -0.018117
v -0.004308 0.005840 -0.017237
v -0.002624 0.005733 -0.017960
v -0.005298 0.005634 -0.000610
v -0.004734 0.005818 -0.000544
v -0.004332 0.005828 -0.000920
v -0.005044 0.005774 -0.000619
v -0.005246 0.005591 -0.000069
v -0.004908 0.005764 -0.000223
v -0.002571 0.005771 -0.000222
v -0.002412 0.001940 -0.017950
v -0.002638 0.001965 -0.017498
v -0.002031 0.001636 -0.018211
v -0.002255 0.001890 -0.018144
v -0.002362 0.002053 -0.017521
v -0.002142 0.002169 -0.017582
v -0.001599 0.002307 -0.018169
v -0.001691 0.002466 -0.018006
v -0.001946 0.002315 -0.017559
v -0.001767 0.002489 -0.017574
v -0.001389 0.002728 -0.018134
v -0.001628 0.002673 -0.017514
v -0.001290 0.002168 -0.018223
v 0.004546 0.000934 -0.017829
v -0.000798 0.002839 -0.018227
v 0.001079 0.002107 -0.018224
v -0.002714 0.001981 -0.000628
v -0.002455 0.002080 -0.000372
v -0.002257 0.002199 -0.000646
v -0.001677 0.002737 -0.007971
v -0.002050 0.002367 -0.000634
v -0.001891 0.002538 -0.000667
v -0.002014 0.002322 -0.000217
v -0.001688 0.002717 -0.000218
v -0.001727 0.002771 -0.000622
v 0.004609 0.001103 -0.000070
v -0.002306 0.005443 -0.018136
v -0.001891 0.005107 -0.018132
v -0.002324 0.005282 -0.017926
v -0.002027 0.005011 -0.017535
v -0.002357 0.005214 -0.017499
v -0.001940 0.005031 -0.017961
v -0.001806 0.004812 -0.017500
v -0.001327 0.003049 -0.017961
v -0.001465 0.002949 -0.017528
v -0.001493 0.004719 -0.018139
v -0.001608 0.004681 -0.017947
v -0.001446 0.004280 -0.017516
v -0.001647 0.004620 -0.017519
v -0.001617 0.005369 -0.018202
v -0.001141 0.003040 -0.018148
v -0.001398 0.003137 -0.017158
v -0.001214 0.003478 -0.017961
v -0.001351 0.003347 -0.017465
v -0.001084 0.004105 -0.018147
v -0.001352 0.003941 -0.017472
v -0.001337 0.003684 -0.017077
v -0.001293 0.004173 -0.017950
v -0.000836 0.004863 -0.018224
v -0.002655 0.005290 -0.012491
v -0.002249 0.005114 -0.012042
v -0.002026 0.004961 -0.012546
v -0.001523 0.002956 -0.011484
v -0.001489 0.004084 -0.007778
v -0.002470 0.005222 -0.010656
v -0.001455 0.003212 -0.008693
v -0.001557 0.003022 -0.006805
v -0.001423 0.003839 -0.007974
v -0.001591 0.004326 -0.007412
v -0.001784 0.004556 -0.000709
v -0.001407 0.003542 -0.007370
v -0.001465 0.003337 -0.007092
v -0.001441 0.003681 -0.007137
v -0.001564 0.004019 -0.000668
v -0.002412 0.005134 -0.000612
v -0.002753 0.005277 -0.000357
v -0.001911 0.004723 -0.000598
v -0.002097 0.004909 -0.000628
v -0.001517 0.003677 -0.000693
v -0.001666 0.004333 -0.000630
v -0.002135 0.005025 -0.000227
v -0.001717 0.004527 -0.000217
v -0.001562 0.003176 -0.000583
v -0.001523 0.003163 -0.000220
v -0.001495 0.003873 -0.000221
v -0.001939 0.005593 -0.018137
v 0.004465 0.005736 -0.017952
v 0.004660 0.005814 -0.017629
v -0.005249 0.001426 -0.000012
v -0.005297 0.002583 -0.000008
v -0.004981 0.001686 0.000134
v -0.005029 0.002404 0.000096
v -0.004668 0.002035 0.000122
v -0.004799 0.002634 -0.000012
v -0.004188 0.001586 0.000105
v -0.004452 0.002249 -0.000018
v -0.003993 0.001866 0.000012
v -0.003171 0.001748 0.000005
v -0.002088 0.001559 0.000121
v -0.005271 0.005294 0.000021
v -0.005121 0.003203 -0.000024
v -0.005094 0.004193 0.000006
v -0.004979 0.005277 0.000128
v -0.004758 0.004715 0.000005
v -0.004572 0.005367 0.000106
v -0.004395 0.005112 0.000016
v -0.003884 0.005438 0.000007
v -0.003137 0.005511 -0.000027
v -0.004881 0.005608 0.000038
v -0.002428 0.005648 -0.000010
v 0.000896 0.001354 0.000082
v -0.002390 0.001863 0.000018
v -0.001950 0.002237 -0.000001
v -0.001796 0.001950 0.000130
v -0.001536 0.002668 0.000023
v -0.001286 0.002079 0.000170
v 0.001919 0.001578 0.000125
v 0.000997 0.001990 0.000173
v -0.002607 0.005392 -0.000012
v -0.001740 0.005378 0.000122
v -0.001936 0.005057 0.000018
v -0.001379 0.003475 0.000002
v -0.001467 0.004403 0.000022
v -0.001162 0.003489 0.000120
v -0.001237 0.004798 0.000151
v -0.000747 0.004956 0.000176
v 0.000692 -0.002670 -0.014142
v 0.001047 -0.003052 -0.013827
v 0.000826 -0.003850 -0.013004
v 0.000131 -0.003642 -0.012613
v 0.000912 -0.004401 -0.012292
v 0.000712 -0.004498 -0.011634
v 0.001537 -0.003990 -0.012912
v 0.000726 -0.003339 -0.013410
v 0.000539 -0.003626 -0.013051
v 0.000374 -0.003499 -0.012589
v 0.000715 -0.002967 -0.013765
v 0.000596 -0.003047 -0.013264
v 0.000507 -0.003277 -0.012701
v 0.000507 -0.003309 -0.005721
v 0.000530 -0.002989 -0.012698
v 0.000949 -0.003351 -0.013503
v 0.001222 -0.004423 -0.011923
v 0.001805 -0.004201 -0.012542
v 0.001729 -0.004307 -0.011877
v 0.002164 -0.004158 -0.011965
v 0.002484 -0.003811 -0.013019
v 0.002712 -0.003896 -0.012242
v 0.003216 -0.002913 -0.013989
v 0.000421 -0.004523 -0.006236
v 0.000132 -0.003685 -0.006294
v 0.000368 -0.003545 -0.005850
v 0.000516 -0.003019 -0.005150
v 0.001068 -0.004464 -0.006285
v 0.001724 -0.004323 -0.006168
v 0.000928 -0.004414 -0.005780
v 0.000123 -0.003756 -0.005749
v 0.001979 -0.004200 -0.005577
v 0.002182 -0.004170 -0.005913
v 0.000392 -0.004255 -0.005508
v 0.000181 -0.003998 -0.005428
v 0.000331 -0.003924 -0.005270
v 0.000415 -0.003659 -0.005339
v 0.000510 -0.003676 -0.005167
v 0.000721 -0.003415 -0.004802
v 0.000584 -0.003319 -0.005084
v 0.000687 -0.003087 -0.004520
v 0.000620 -0.002716 -0.004024
v 0.001059 -0.004289 -0.005512
v 0.001142 -0.004074 -0.005235
v 0.000927 -0.003796 -0.005003
v 0.000946 -0.003413 -0.004651
v 0.000950 -0.003049 -0.004277
v 0.001331 -0.003267 -0.004431
v 0.002057 -0.003971 -0.005170
v 0.002412 -0.003599 -0.004752
v 0.002779 -0.003809 -0.005187
v 0.003145 -0.003490 -0.004789
v 0.000290 -0.002372 -0.014419
v 0.000189 -0.002425 -0.014188
v 0.001139 -0.002423 -0.014478
v 0.000264 -0.002547 -0.013559
v 0.000078 -0.002454 -0.013734
v 0.000464 -0.002696 -0.013718
v 0.000426 -0.002719 -0.012974
v 0.000041 -0.002490 -0.004945
v 0.000190 -0.002579 -0.004828
v 0.000391 -0.002766 -0.004560
v 0.000165 -0.002592 -0.004135
v 0.000319 -0.002505 -0.003803
v 0.000860 -0.002457 -0.003618
v 0.003861 -0.002570 -0.014285
v 0.003920 -0.002748 -0.013989
v 0.002759 -0.003821 -0.012865
v 0.003140 -0.003443 -0.013356
v 0.003099 -0.003652 -0.012808
v 0.003502 -0.003094 -0.013713
v 0.003500 -0.003352 -0.012713
v 0.003551 -0.003247 -0.013298
v 0.003866 -0.003006 -0.013320
v 0.002753 -0.003902 -0.005504
v 0.003551 -0.003358 -0.005441
v 0.004000 -0.002940 -0.005001
v 0.003210 -0.003616 -0.005334
v 0.003131 -0.003213 -0.004393
v 0.003585 -0.003188 -0.004558
v 0.003861 -0.003011 -0.004600
v 0.003824 -0.002587 -0.003778
v 0.004130 -0.002562 -0.003902
v 0.005024 0.000063 -0.016863
v 0.005185 0.000175 -0.016833
v 0.004271 -0.001593 -0.015287
v 0.004593 -0.000928 -0.015955
v 0.004250 -0.002324 -0.014413
v 0.004248 -0.002476 -0.014054
v 0.004329 -0.002013 -0.014822
v 0.004275 -0.000387 -0.016510
v 0.004550 -0.001995 -0.014652
v 0.004861 -0.001520 -0.014543
v 0.004638 -0.001513 -0.015273
v 0.004982 -0.001193 -0.015039
v 0.004668 -0.000417 -0.016443
v 0.004878 -0.001240 -0.015425
v 0.004898 -0.000954 -0.015776
v 0.005127 -0.000717 -0.015022
v 0.004943 -0.000436 -0.016306
v 0.005128 -0.000480 -0.015796
v 0.005195 -0.000046 -0.016308
v 0.005214 -0.000286 -0.015462
v 0.005253 0.000030 -0.015907
v 0.004201 -0.002628 -0.013405
v 0.004556 -0.002119 -0.013888
v 0.004672 -0.002038 -0.004214
v 0.004425 -0.002419 -0.004294
v 0.004913 -0.001578 -0.003550
v 0.005161 -0.000919 -0.003137
v 0.004204 -0.002634 -0.004242
v 0.004475 -0.001893 -0.003157
v 0.004229 -0.001491 -0.002642
v 0.004548 -0.002081 -0.003508
v 0.004918 -0.001459 -0.003102
v 0.005274 -0.000453 -0.002417
v 0.005343 0.000034 -0.001949
v 0.004663 -0.001354 -0.002580
v 0.004643 -0.000782 -0.001964
v 0.004902 -0.001203 -0.002572
v 0.005220 -0.000259 -0.001729
v 0.004996 -0.000600 -0.001905
v 0.005012 0.000120 -0.001101
v 0.005224 0.000242 -0.001139
v 0.001939 0.001601 -0.018208
v 0.004938 0.001387 -0.018163
v 0.004579 0.001202 -0.018057
v 0.001124 0.002881 -0.018155
v 0.001286 0.002906 -0.017986
v 0.001545 0.002269 -0.018144
v 0.001579 0.002443 -0.017965
v 0.001702 0.002453 -0.017481
v 0.001469 0.002740 -0.017537
v 0.002173 0.001835 -0.018159
v 0.002189 0.002012 -0.017965
v 0.002026 0.002178 -0.017543
v 0.002322 0.002038 -0.017502
v 0.002847 0.001736 -0.018141
v 0.002784 0.001850 -0.017963
v 0.002621 0.001957 -0.017495
v 0.001635 0.002665 -0.007121
v 0.001944 0.002299 -0.009654
v 0.002147 0.002155 -0.009799
v 0.002711 0.001957 -0.000605
v 0.002439 0.002047 -0.000656
v 0.001976 0.002349 -0.000361
v 0.001826 0.002503 -0.000619
v 0.002198 0.002176 -0.000590
v 0.001667 0.002705 -0.000323
v 0.002346 0.002025 -0.000219
v 0.002794 0.001890 -0.000224
v 0.000621 0.004996 -0.018226
v 0.000829 0.004333 -0.018208
v 0.001324 0.003060 -0.017521
v 0.001021 0.003488 -0.018143
v 0.001151 0.003477 -0.017958
v 0.001253 0.003345 -0.017521
v 0.001230 0.003672 -0.017510
v 0.001143 0.004334 -0.018142
v 0.001237 0.004229 -0.017947
v 0.001265 0.003992 -0.017516
v 0.001343 0.004264 -0.017529
v 0.001505 0.005366 -0.018206
v 0.001453 0.004491 -0.017594
v 0.001597 0.005058 -0.018148
v 0.001751 0.005006 -0.017963
v 0.001734 0.004855 -0.017584
v 0.001594 0.004690 -0.017255
v 0.002231 0.005389 -0.018137
v 0.002064 0.005113 -0.017568
v 0.002499 0.005368 -0.017892
v 0.002398 0.005271 -0.017522
v 0.002790 0.005543 -0.018123
v 0.002639 0.005328 -0.017248
v 0.001371 0.003975 -0.006699
v 0.001499 0.002904 -0.006754
v 0.002457 0.005239 -0.006157
v 0.001372 0.003358 -0.005231
v 0.001348 0.003665 -0.006075
v 0.001667 0.004636 -0.007544
v 0.002072 0.004970 -0.000662
v 0.001414 0.003130 -0.005802
v 0.001532 0.004378 -0.004936
v 0.001889 0.004806 -0.000640
v 0.002267 0.005138 -0.005144
v 0.002687 0.005298 -0.005058
v 0.001443 0.004175 -0.004733
v 0.001545 0.002956 -0.000619
v 0.001725 0.004606 -0.000649
v 0.002407 0.005190 -0.000584
v 0.001387 0.003544 -0.000625
v 0.001330 0.003502 -0.000229
v 0.001411 0.003874 -0.000605
v 0.001366 0.003917 -0.000226
v 0.001460 0.003162 -0.000304
v 0.001508 0.004210 -0.000551
v 0.001637 0.004591 -0.000221
v 0.002075 0.005069 -0.000175
v 0.002530 0.005321 -0.000145
v 0.002700 0.005291 -0.000619
v 0.002539 0.005842 -0.017229
v 0.001971 0.005599 -0.018134
v 0.003668 0.005630 -0.018118
v 0.003375 0.005774 -0.000226
v 0.003735 0.001614 -0.018202
v 0.002955 0.001927 -0.017494
v 0.003631 0.001835 -0.018149
v 0.003513 0.001935 -0.017941
v 0.003293 0.001959 -0.017496
v 0.003576 0.002041 -0.017533
v 0.003846 0.002078 -0.018083
v 0.003787 0.002143 -0.017519
v 0.004370 0.002266 -0.018156
v 0.004960 0.001678 -0.018214
v 0.004639 0.002116 -0.018216
v 0.004285 0.002445 -0.017944
v 0.004123 0.002393 -0.017508
v 0.004596 0.002772 -0.018132
v 0.004418 0.002762 -0.017565
v 0.004953 0.000483 -0.017337
v 0.004983 0.000924 -0.017763
v 0.005036 0.002965 -0.018193
v 0.005185 0.000463 -0.017169
v 0.005185 0.000815 -0.017523
v 0.005270 0.000480 -0.016718
v 0.005185 0.001121 -0.017831
v 0.005272 0.000952 -0.017181
v 0.005174 0.001481 -0.018122
v 0.005255 0.001688 -0.017923
v 0.005188 0.005295 -0.018133
v 0.003318 0.001947 -0.009946
v 0.004019 0.002235 -0.009806
v 0.002971 0.001922 -0.009806
v 0.003608 0.002020 -0.009968
v 0.004221 0.002412 -0.009943
v 0.004409 0.002628 -0.010182
v 0.003888 0.002082 -0.000362
v 0.005378 0.000694 -0.001358
v 0.003004 0.001913 -0.000581
v 0.003336 0.001923 -0.000590
v 0.004460 0.002553 -0.000605
v 0.003638 0.001987 -0.000615
v 0.004211 0.002294 -0.000612
v 0.004601 0.002758 -0.000632
v 0.003496 0.001890 -0.000200
v 0.004301 0.002302 -0.000219
v 0.004674 0.002749 -0.000229
v 0.004641 0.000890 -0.000258
v 0.005005 0.000953 -0.000258
v 0.005235 0.000955 -0.000419
v 0.005343 0.001107 -0.000697
v 0.005384 0.001596 -0.000637
v 0.005345 0.001695 -0.000216
v 0.003145 0.005444 -0.017965
v 0.002967 0.005352 -0.017474
v 0.003646 0.005448 -0.018136
v 0.003269 0.005324 -0.017501
v 0.004064 0.005108 -0.018132
v 0.003635 0.005290 -0.017925
v 0.003849 0.005093 -0.017549
v 0.003481 0.005271 -0.017490
v 0.004015 0.005040 -0.017960
v 0.004138 0.004858 -0.017565
v 0.004638 0.003050 -0.017954
v 0.004458 0.004730 -0.018139
v 0.004353 0.004692 -0.017947
v 0.004312 0.004656 -0.017536
v 0.004413 0.005328 -0.018213
v 0.004804 0.003037 -0.018145
v 0.004571 0.003093 -0.017532
v 0.004751 0.003480 -0.017962
v 0.004632 0.003354 -0.017500
v 0.004863 0.004112 -0.018142
v 0.004621 0.003975 -0.017455
v 0.004653 0.003673 -0.017240
v 0.004674 0.004184 -0.017950
v 0.004524 0.004311 -0.017512
v 0.004978 0.005261 -0.018209
v 0.005248 0.005370 -0.017949
v 0.005265 0.005092 -0.017608
v 0.003020 0.005335 -0.005249
v 0.003755 0.005180 -0.009806
v 0.004001 0.005028 -0.010137
v 0.004494 0.004502 -0.010006
v 0.004628 0.003031 -0.009854
v 0.003343 0.005321 -0.000720
v 0.004211 0.004890 -0.006533
v 0.004524 0.002809 -0.010576
v 0.004383 0.004704 -0.006927
v 0.004704 0.003336 -0.009849
v 0.004785 0.003666 -0.004430
v 0.004645 0.004294 -0.005358
v 0.005350 0.005370 -0.000595
v 0.005382 0.004999 -0.000602
v 0.003943 0.005130 -0.000636
v 0.004562 0.004552 -0.000649
v 0.004719 0.003019 -0.000681
v 0.004807 0.003340 -0.000723
v 0.004744 0.004009 -0.004223
v 0.003002 0.005334 -0.000631
v 0.003589 0.005282 -0.000354
v 0.004696 0.004304 -0.000620
v 0.003137 0.005400 -0.000219
v 0.004157 0.005061 -0.000234
v 0.004300 0.004867 -0.000642
v 0.004590 0.004626 -0.000231
v 0.004955 0.003635 -0.000114
v 0.004854 0.003669 -0.000313
v 0.004803 0.003998 -0.000577
v 0.004804 0.004192 -0.000203
v 0.005346 0.005262 -0.000228
v 0.004274 0.005842 -0.017266
v 0.004971 0.005568 -0.018144
v 0.004981 0.005741 -0.017438
v 0.005154 0.005554 -0.018091
v 0.005183 0.005590 -0.017529
v 0.004339 0.005831 -0.000959
v 0.005251 0.005622 -0.000618
v 0.004721 0.005817 -0.000526
v 0.005029 0.005762 -0.000625
v 0.004952 0.005745 -0.000210
v 0.005211 0.005580 -0.000068
v 0.000804 0.003635 0.000144
v 0.001241 0.002589 0.000129
v 0.001635 0.002019 0.000138
v 0.001482 0.002726 0.000000
v 0.001863 0.002266 -0.000009
v 0.002313 0.001876 0.000015
v 0.000422 0.004178 0.000177
v 0.001289 0.005356 0.000144
v 0.001164 0.003506 0.000023
v 0.001301 0.004082 0.000000
v 0.001215 0.004541 0.000120
v 0.001590 0.004732 0.000013
v 0.001790 0.005384 0.000094
v 0.001912 0.005102 0.000020
v 0.002412 0.005435 0.000008
v 0.001856 0.005633 0.000009
v 0.004898 0.001334 0.000059
v 0.003130 0.001750 0.000005
v 0.003695 0.001565 0.000095
v 0.003911 0.001857 0.000016
v 0.004368 0.002216 -0.000001
v 0.004947 0.001707 0.000138
v 0.004636 0.002020 0.000128
v 0.004783 0.002684 -0.000001
v 0.004996 0.002248 0.000120
v 0.005226 0.001533 0.000023
v 0.003433 0.005504 -0.000030
v 0.004314 0.005089 -0.000006
v 0.004192 0.005405 0.000075
v 0.004781 0.004620 0.000010
v 0.005007 0.004905 0.000103
v 0.004945 0.005351 0.000115
v 0.005068 0.003248 0.000028
v 0.005080 0.003854 0.000011
v 0.005258 0.003581 -0.000044
v 0.005232 0.005307 0.000014
v 0.003680 0.005655 -0.000028
v 0.004953 0.005619 0.000013
vn -0.5751 -0.7817 -0.2415
vn -0.3283 -0.7984 -0.5047
vn -0.4986 -0.8326 -0.2411
vn -0.6729 -0.7370 -0.0639
vn -0.6156 -0.7864 -0.0504
vn -0.2820 -0.8240 -0.4914
vn -0.1058 -0.7723 -0.6263
vn -0.5008 -0.8621 -0.0771
vn -0.3023 -0.8834 -0.3580
vn -0.6334 -0.7713 0.0624
vn -0.7370 -0.6737 0.0536
vn -0.5329 -0.8434 0.0685
vn -0.4383 -0.8959 0.0720
vn -0.4597 -0.8214 0.3376
vn -0.5225 -0.7771 0.3509
vn -0.2015 -0.7862 0.5842
vn -0.4056 -0.8604 0.3084
vn -0.3030 -0.8929 0.3330
vn -0.1523 -0.8084 0.5686
vn -0.9777 -0.1868 -0.0962
vn -0.7267 -0.5509 -0.4103
vn -0.8465 -0.4702 -0.2498
vn -0.9274 -0.3497 -0.1328
vn -0.9117 -0.3956 -0.1109
vn -0.6349 -0.6504 -0.4170
vn -0.7947 -0.5619 -0.2297
vn -0.8689 -0.4873 -0.0869
vn -0.5228 -0.6587 -0.5411
vn -0.2656 -0.7141 -0.6476
vn -0.4422 -0.7234 -0.5303
vn -0.9638 -0.2661 -0.0163
vn -0.3796 -0.6604 -0.6479
vn -0.8389 -0.5404 -0.0648
vn -0.5830 -0.7148 -0.3862
vn -0.6736 -0.7061 -0.2185
vn -0.2373 -0.7340 -0.6363
vn -0.4102 -0.7429 -0.5291
vn -0.1910 -0.7462 -0.6377
vn -0.3629 -0.7927 -0.4897
vn -0.0702 -0.7364 -0.6729
vn -0.0761 -0.7245 -0.6851
vn -0.0668 -0.7801 -0.6221
vn -0.1078 -0.7222 -0.6832
vn -0.0663 -0.6653 -0.7437
vn -0.8971 -0.4293 0.1045
vn -0.7974 -0.6009 -0.0557
vn -0.7376 -0.6723 -0.0632
vn -0.9593 -0.2820 0.0144
vn -0.9090 -0.4154 0.0339
vn -0.8515 -0.5170 0.0869
vn -0.9875 -0.1470 0.0573
vn -0.9308 -0.3420 0.1291
vn -0.7728 -0.6235 0.1183
vn -0.6547 -0.6646 0.3601
vn -0.5929 -0.7303 0.3393
vn -0.3896 -0.7794 0.4906
vn -0.2830 -0.7647 0.5789
vn -0.2548 -0.7246 0.6403
vn -0.0878 -0.7405 0.6662
vn -0.0848 -0.7400 0.6672
vn -0.6735 -0.6160 0.4086
vn -0.7668 -0.4820 0.4239
vn -0.9628 -0.2217 0.1548
vn -0.9168 -0.3009 0.2626
vn -0.6400 -0.6262 0.4454
vn -0.5530 -0.6849 0.4745
vn -0.2587 -0.6937 0.6722
vn -0.3321 -0.6928 0.6401
vn -0.2203 -0.7243 0.6534
vn -0.3999 -0.9147 -0.0581
vn -0.2456 -0.9283 -0.2793
vn -0.2762 -0.9599 -0.0483
vn -0.1378 -0.9209 -0.3645
vn -0.1437 -0.9841 -0.1047
vn 0.0793 -0.6631 -0.7443
vn -0.0153 -0.7996 -0.6004
vn 0.0678 -0.7239 -0.6866
vn 0.1206 -0.6849 -0.7186
vn -0.0293 -0.9270 -0.3738
vn -0.0132 -0.9907 -0.1353
vn -0.0794 -0.9963 -0.0333
vn 0.4044 -0.7023 -0.5858
vn 0.6987 -0.3072 -0.6461
vn 0.2713 -0.8181 -0.5071
vn 0.8021 -0.5234 -0.2875
vn 0.9622 0.2284 -0.1481
vn 0.9887 -0.1480 -0.0214
vn 0.5320 -0.3199 -0.7840
vn 0.2062 -0.4726 -0.8568
vn 0.8611 0.3385 -0.3794
vn 0.1016 -0.3461 -0.9327
vn 0.6605 0.7160 -0.2260
vn -0.0505 0.9357 -0.3491
vn 0.2862 0.8568 -0.4289
vn 0.5374 0.8427 -0.0323
vn 0.1859 0.9737 -0.1318
vn -0.1734 -0.9828 0.0637
vn -0.3205 -0.9445 0.0724
vn -0.0536 -0.9954 0.0795
vn 0.9757 0.2150 0.0431
vn 0.8087 0.5875 -0.0282
vn 0.8181 -0.5727 0.0510
vn 0.8248 -0.5635 -0.0468
vn 0.6529 0.7429 0.1480
vn 0.1863 0.9811 0.0528
vn -0.2017 -0.9282 0.3127
vn -0.0568 -0.9394 0.3382
vn 0.9539 -0.2877 0.0860
vn 0.8748 0.4613 0.1481
vn 0.0343 -0.9940 0.1038
vn -0.0251 -0.7955 0.6054
vn 0.1914 -0.6120 0.7674
vn 0.0753 -0.7579 0.6480
vn 0.2758 -0.6415 0.7158
vn 0.4349 -0.7327 0.5235
vn 0.6301 -0.5062 0.5888
vn 0.7388 -0.6182 0.2683
vn 0.9630 -0.0129 0.2692
vn 0.3142 -0.8171 0.4833
vn 0.1017 -0.7148 0.6919
vn 0.8650 0.3950 0.3094
vn 0.8458 0.2048 0.4926
vn 0.3562 -0.8409 0.4074
vn 0.2752 -0.5492 0.7891
vn 0.1054 -0.4853 0.8680
vn 0.6027 0.7430 0.2910
vn 0.6816 0.6486 0.3389
vn 0.7982 0.4022 0.4484
vn 0.0101 -0.7376 -0.6752
vn 0.1235 -0.9738 -0.1909
vn 0.4193 -0.8927 -0.1651
vn 0.7144 -0.6984 -0.0442
vn 0.4926 -0.8697 -0.0316
vn 0.5514 -0.8310 0.0737
vn 0.4756 -0.8795 -0.0158
vn 0.1377 -0.9856 -0.0977
vn 0.0088 -0.7336 0.6796
vn 0.1307 -0.9744 0.1828
vn 0.0427 -0.8704 0.4905
vn -0.0504 -0.6815 0.7300
vn -0.9939 -0.0743 -0.0821
vn -0.9544 -0.2236 -0.1979
vn -0.9688 -0.1593 -0.1900
vn -0.9926 -0.0517 -0.1098
vn -0.9666 -0.1671 -0.1941
vn -0.9385 -0.1353 -0.3177
vn -0.2161 -0.6924 -0.6884
vn -0.3929 -0.6530 -0.6475
vn -0.2393 -0.6723 -0.7005
vn -0.3876 -0.6597 -0.6438
vn -0.3420 -0.6186 -0.7073
vn -0.1829 -0.4203 -0.8888
vn -0.3266 -0.2873 -0.9004
vn -0.0380 -0.5868 -0.8088
vn 0.0943 0.0497 -0.9943
vn -0.1314 -0.0619 -0.9894
vn -0.1259 0.0381 -0.9913
vn 0.1957 0.1815 -0.9637
vn 0.2053 0.0581 -0.9770
vn 0.7886 0.4789 -0.3857
vn 0.6748 0.6508 -0.3480
vn 0.7426 0.2914 -0.6030
vn 0.6748 0.7304 -0.1056
vn 0.0037 0.0848 -0.9964
vn 0.0547 0.2135 -0.9754
vn 0.3983 0.8163 -0.4184
vn 0.5693 0.8201 0.0577
vn 0.3509 0.9329 -0.0807
vn -0.0287 0.3116 -0.9498
vn 0.0586 0.9447 -0.3225
vn 0.3335 0.7379 -0.5867
vn 0.1373 0.9871 -0.0826
vn -0.0597 0.9952 -0.0772
vn -0.9813 -0.1540 -0.1156
vn -0.9417 -0.2658 -0.2062
vn 0.8619 0.5071 0.0089
vn 0.7788 0.6268 0.0235
vn 0.8543 0.5137 -0.0794
vn 0.7609 0.6488 -0.0017
vn 0.2627 0.9643 0.0344
vn 0.6613 0.7314 0.1663
vn -0.9986 -0.0496 0.0187
vn -0.0960 0.9941 0.0503
vn 0.0607 0.9968 0.0514
vn -0.9970 0.0396 -0.0663
vn -0.9966 0.0484 0.0666
vn 0.8096 0.5539 0.1943
vn 0.5627 0.8266 -0.0088
vn 0.4413 0.8697 0.2212
vn 0.4623 0.8863 0.0285
vn -0.9164 -0.2915 0.2742
vn -0.9712 -0.1788 0.1575
vn -0.7005 -0.5112 0.4980
vn -0.8433 -0.3712 0.3887
vn -0.9937 -0.0624 0.0933
vn -0.9261 -0.0933 0.3656
vn -0.3787 -0.6484 0.6604
vn -0.4561 -0.6433 0.6149
vn -0.2431 -0.6865 0.6852
vn -0.4449 -0.6270 0.6394
vn -0.3317 -0.6531 0.6808
vn -0.2088 -0.4130 0.8865
vn -0.7017 -0.4750 0.5310
vn -0.0512 -0.5924 0.8040
vn -0.0516 -0.7127 0.6996
vn -0.1712 0.9340 0.3137
vn 0.1359 0.9540 0.2673
vn -0.9503 -0.1038 -0.2934
vn -0.9030 0.2351 -0.3595
vn -0.9483 0.1316 -0.2889
vn -0.9677 0.2490 -0.0392
vn -0.1042 0.0780 -0.9915
vn 0.9250 0.1593 -0.3449
vn 0.9447 -0.0854 -0.3167
vn 0.8649 -0.1204 -0.4873
vn 0.9969 -0.0267 -0.0738
vn -0.1002 -0.0214 -0.9947
vn 0.4157 -0.0176 -0.9093
vn 0.8666 -0.3870 -0.3149
vn 0.7799 -0.3843 -0.4940
vn 0.9545 -0.2904 -0.0676
vn 0.0331 0.0965 -0.9948
vn 0.8431 -0.5340 -0.0640
vn 0.6181 -0.6894 -0.3778
vn 0.5696 -0.5944 -0.5677
vn 0.1509 -0.1338 -0.9795
vn 0.1322 -0.0755 -0.9883
vn 0.6851 -0.7215 -0.1009
vn 0.7588 -0.6512 0.0135
vn 0.5466 -0.8321 -0.0935
vn 0.0911 -0.1238 -0.9881
vn 0.4109 -0.9091 -0.0687
vn 0.2671 -0.9156 -0.3004
vn 0.1181 -0.9896 -0.0819
vn 0.0568 -0.8443 -0.5329
vn -0.1066 -0.9394 -0.3259
vn -0.1662 -0.9812 -0.0981
vn -0.0302 -0.9995 0.0041
vn 0.9995 -0.0304 0.0115
vn 0.9854 0.1700 0.0120
vn 0.9857 0.1458 -0.0844
vn 0.9186 -0.3951 0.0078
vn 0.9745 -0.2242 0.0114
vn 0.9273 0.3741 0.0120
vn 0.9383 0.3366 -0.0790
vn 0.3645 -0.9312 0.0034
vn 0.9995 -0.0308 0.0118
vn 0.9675 0.2521 0.0203
vn 0.9038 -0.4279 0.0102
vn 0.2375 -0.9697 0.0578
vn 0.2735 -0.9616 0.0214
vn 0.9610 -0.2760 0.0186
vn 0.9829 -0.1836 0.0144
vn 0.9994 0.0241 0.0243
vn 0.8190 -0.5705 0.0609
vn 0.7144 -0.6973 0.0586
vn 0.6335 -0.7705 0.0706
vn 0.5061 -0.8595 0.0712
vn 0.0766 -0.9953 0.0596
vn 0.9862 0.1459 0.0778
vn 0.9155 -0.3957 0.0724
vn -0.1186 -0.9920 0.0442
vn -0.9372 0.1833 0.2967
vn 0.9416 0.0251 0.3357
vn 0.9298 0.3627 0.0627
vn 0.9891 -0.1257 0.0762
vn 0.8658 0.3562 0.3515
vn 0.8540 -0.2836 0.4362
vn 0.7629 -0.5678 0.3091
vn 0.5305 -0.7795 0.3331
vn 0.0008 -0.9371 0.3490
vn -0.4656 0.5088 -0.7241
vn -0.7278 0.6653 -0.1665
vn -0.2098 0.8982 -0.3863
vn -0.3526 0.9356 -0.0154
vn -0.1118 0.9847 -0.1339
vn -0.0008 0.5281 -0.8492
vn 0.0072 0.9114 -0.4115
vn -0.0011 0.0535 -0.9986
vn -0.7146 0.6968 0.0610
vn -0.0156 0.9997 -0.0199
vn -0.0670 0.9950 0.0742
vn -0.9518 0.3025 0.0506
vn -0.3250 0.9443 0.0524
vn -0.5922 0.6073 0.5296
vn -0.3364 0.8782 -0.3399
vn -0.0745 0.8260 -0.5587
vn -0.0429 -0.0204 -0.9989
vn -0.4039 0.9101 -0.0925
vn -0.2108 0.9748 -0.0726
vn -0.5512 0.8324 -0.0570
vn -0.2941 0.2899 -0.9107
vn -0.3928 0.7626 -0.5140
vn -0.6381 0.7684 -0.0488
vn -0.6687 0.5789 -0.4666
vn -0.7390 0.6672 -0.0938
vn -0.8261 0.5592 -0.0697
vn -0.0600 0.0491 -0.9970
vn -0.4528 0.3107 -0.8357
vn 0.0548 0.0263 -0.9982
vn -0.4438 0.8689 0.2192
vn -0.2966 0.9538 0.0476
vn -0.5603 0.8279 0.0237
vn -0.7692 0.6380 0.0352
vn -0.8584 0.5129 -0.0100
vn -0.6533 0.6953 0.2996
vn -0.6888 0.7225 0.0595
vn -0.8061 0.4808 0.3450
vn -0.8816 0.4670 0.0681
vn 0.0612 -0.6835 0.7274
vn 0.0455 -0.5876 0.8079
vn -0.3393 -0.7541 -0.5623
vn -0.4132 -0.8294 -0.3761
vn -0.5962 -0.7975 -0.0923
vn -0.4119 -0.9068 -0.0898
vn -0.6147 -0.7219 -0.3179
vn -0.7284 -0.6829 -0.0546
vn -0.8124 0.3659 -0.4539
vn -0.9075 0.4095 -0.0936
vn -0.7370 -0.5841 -0.3401
vn -0.5732 -0.6649 -0.4789
vn -0.6755 -0.5248 -0.5181
vn -0.8120 -0.5789 -0.0741
vn -0.9039 -0.4134 -0.1100
vn -0.0596 0.0800 -0.9950
vn -0.1227 -0.1354 -0.9832
vn -0.0380 0.0211 -0.9991
vn -0.4310 0.1595 -0.8881
vn -0.9155 0.0704 -0.3961
vn -0.9832 0.1558 -0.0957
vn -0.9826 -0.1503 -0.1092
vn -0.9999 -0.0105 0.0015
vn -0.8373 -0.3265 -0.4386
vn -0.7325 -0.1904 -0.6536
vn -0.0755 0.0265 -0.9968
vn -0.2390 -0.0236 -0.9707
vn -0.0394 -0.0050 -0.9992
vn 0.0576 0.0870 -0.9945
vn -0.2231 -0.9748 -0.0031
vn -0.5254 -0.8509 -0.0065
vn -0.3894 -0.9211 -0.0044
vn -0.6276 -0.7785 -0.0062
vn -0.9065 0.4221 -0.0087
vn -0.9599 0.2804 -0.0009
vn -0.9601 0.2794 -0.0114
vn -0.9556 -0.2936 -0.0249
vn -0.9862 -0.1645 -0.0200
vn -0.9377 0.3472 -0.0103
vn -0.8397 -0.5424 0.0254
vn -0.9143 -0.4049 -0.0118
vn -0.9973 0.0433 -0.0601
vn -0.9829 0.1799 -0.0385
vn -0.9968 -0.0636 -0.0494
vn -0.9717 -0.2346 0.0289
vn -0.2992 -0.9322 0.2035
vn -0.4650 -0.8849 0.0270
vn -0.7533 -0.6561 0.0451
vn -0.6520 -0.7550 0.0697
vn -0.9260 -0.3764 0.0303
vn -0.5626 -0.7599 0.3257
vn -0.8137 -0.4813 0.3260
vn -0.9694 0.2391 0.0559
vn -0.9441 0.1997 0.2622
vn -0.9994 -0.0191 0.0273
vn -0.9624 -0.1245 0.2414
vn -0.0276 0.5129 -0.8580
vn 0.0715 0.9052 -0.4189
vn 0.2386 0.9397 -0.2449
vn 0.0146 0.9998 0.0122
vn -0.0096 0.9999 0.0112
vn 0.0853 0.9921 0.0920
vn -0.6335 -0.2793 0.7216
vn -0.6264 0.0358 0.7787
vn -0.1988 -0.0702 0.9775
vn -0.0823 0.1238 0.9889
vn 0.2549 0.2132 0.9432
vn 0.1273 0.1539 0.9799
vn 0.0536 0.0174 0.9984
vn 0.6249 0.6846 0.3753
vn 0.7544 0.5177 0.4035
vn 0.2775 0.3142 0.9079
vn 0.1240 0.2605 0.9575
vn -0.0201 0.8779 0.4784
vn 0.3636 0.8145 0.4520
vn -0.0590 -0.0450 0.9972
vn -0.8560 0.1042 0.5064
vn 0.0933 0.0221 0.9954
vn 0.8081 0.1998 0.5541
vn 0.2755 -0.1554 0.9487
vn -0.3183 0.1269 0.9395
vn -0.1357 0.0683 0.9884
vn 0.4565 -0.3437 0.8207
vn 0.1087 0.0860 0.9903
vn 0.3591 -0.4318 0.8274
vn 0.2975 -0.8347 0.4635
vn 0.1787 -0.2858 0.9415
vn -0.0205 -0.8747 0.4843
vn -0.1017 0.5993 0.7940
vn -0.0520 0.5472 0.8354
vn -0.1682 0.9364 0.3079
vn 0.0179 -0.1974 0.9802
vn -0.0010 0.9442 0.3293
vn 0.0004 -0.3562 0.9344
vn -0.0008 0.4822 0.8761
vn -0.1189 0.2413 0.9631
vn -0.3673 0.7965 0.4804
vn -0.4705 0.4854 0.7369
vn -0.1652 0.1564 0.9738
vn -0.5213 0.2684 0.8101
vn -0.0719 0.0148 0.9973
vn 0.0602 -0.0509 0.9969
vn 0.0217 -0.0440 0.9988
vn -0.3358 -0.8416 0.4231
vn -0.5793 -0.6225 0.5262
vn -0.0933 0.1390 0.9859
vn -0.0794 0.0019 0.9968
vn -0.2020 -0.1902 0.9607
vn -0.8955 0.0436 0.4430
vn -0.7727 -0.3095 0.5542
vn -0.1459 -0.0624 0.9873
vn -0.3590 -0.0945 0.9285
vn -0.4629 0.0169 0.8863
vn -0.4001 0.0337 0.9159
vn -0.0196 0.0449 0.9988
vn 0.0622 0.1812 0.9815
vn -0.3171 0.9337 -0.1665
vn 0.0796 -0.9956 -0.0488
vn 0.0688 -0.9553 -0.2874
vn -0.6988 0.6961 -0.1646
vn -0.9354 -0.2830 -0.2118
vn -0.8882 -0.1872 -0.4196
vn -0.9476 0.0743 -0.3108
vn -0.9692 0.2072 -0.1329
vn -0.5663 -0.6554 -0.4997
vn -0.9860 -0.1620 -0.0404
vn -0.9717 0.2283 0.0606
vn -0.4827 -0.5656 -0.6686
vn -0.1615 -0.7097 -0.6858
vn -0.1013 -0.6205 -0.7777
vn 0.1656 -0.9820 -0.0911
vn 0.2098 -0.9272 -0.3103
vn 0.2690 -0.9614 -0.0572
vn 0.0583 -0.8510 -0.5218
vn 0.1424 -0.8161 -0.5601
vn 0.0280 -0.7483 -0.6627
vn -0.3143 0.9483 0.0444
vn -0.7569 0.6456 0.1017
vn 0.1505 -0.9866 0.0629
vn 0.2415 -0.9689 0.0535
vn 0.3608 -0.9309 -0.0561
vn 0.4609 -0.8867 -0.0355
vn 0.4107 -0.9011 0.1395
vn 0.0697 -0.9553 0.2873
vn -0.3883 0.8605 0.3297
vn 0.0115 0.8697 0.4935
vn 0.2181 -0.9292 0.2982
vn 0.3533 -0.9342 0.0492
vn -0.0810 -0.7217 0.6874
vn -0.2102 -0.4547 0.8655
vn -0.8439 0.3970 0.3608
vn -0.7745 0.4069 0.4844
vn -0.7654 0.3796 0.5196
vn -0.8602 0.1651 0.4826
vn -0.9441 -0.0015 0.3296
vn -0.9357 -0.3402 0.0936
vn -0.9317 -0.1469 0.3323
vn -0.6504 -0.6284 0.4267
vn 0.0438 -0.8611 0.5065
vn -0.0205 -0.7519 0.6589
vn -0.2549 -0.6168 0.7447
vn -0.2199 -0.6349 0.7406
vn -0.4401 -0.6001 0.6679
vn -0.2972 -0.6580 0.6918
vn -0.2682 -0.7337 0.6243
vn -0.0639 -0.7106 0.7007
vn 0.1366 -0.8368 0.5302
vn 0.0800 -0.7672 0.6364
vn 0.3043 -0.8822 0.3592
vn 0.3107 -0.8488 0.4278
vn 0.0834 -0.8331 -0.5468
vn -0.1375 -0.8702 -0.4731
vn -0.2241 -0.9449 -0.2385
vn -0.2913 -0.7770 -0.5581
vn -0.0389 -0.7292 -0.6832
vn 0.0448 -0.6776 -0.7341
vn 0.0605 -0.7403 -0.6696
vn -0.1973 -0.9787 -0.0560
vn -0.5411 -0.8396 -0.0478
vn -0.6706 -0.7137 -0.2024
vn -0.8235 -0.5664 -0.0313
vn -0.2133 -0.9390 -0.2699
vn -0.6733 -0.7298 0.1186
vn -0.6343 -0.7730 -0.0133
vn -0.2171 -0.9616 -0.1679
vn -0.2038 -0.9611 0.1863
vn -0.1223 -0.9114 0.3930
vn -0.3237 -0.8061 0.4954
vn -0.0549 -0.7485 0.6608
vn 0.0743 -0.7255 0.6842
vn 0.2804 -0.8306 -0.4810
vn 0.3499 -0.8951 -0.2765
vn 0.3190 -0.8112 -0.4901
vn 0.6355 -0.7714 -0.0328
vn 0.5228 -0.8422 -0.1317
vn 0.5377 -0.8081 -0.2407
vn 0.2420 -0.7697 -0.5907
vn 0.6564 -0.7400 -0.1469
vn 0.6389 -0.7685 0.0352
vn 0.5399 -0.8334 0.1180
vn 0.1408 -0.7716 0.6203
vn 0.6997 -0.7129 0.0468
vn 0.4333 -0.8287 0.3543
vn 0.1746 -0.7674 0.6169
vn 0.4705 -0.7791 0.4143
vn 0.5919 -0.7907 0.1561
vn 0.0296 -0.7070 -0.7066
vn 0.1103 -0.7256 -0.6792
vn 0.1746 -0.7120 -0.6801
vn 0.6406 -0.7328 -0.2294
vn 0.4476 -0.7888 -0.4213
vn 0.2800 -0.7525 -0.5961
vn 0.4723 -0.7201 -0.5083
vn 0.6747 -0.6691 -0.3118
vn 0.8348 -0.5481 -0.0512
vn 0.8908 -0.4502 -0.0612
vn 0.8918 -0.4356 -0.1220
vn 0.7112 -0.6163 -0.3383
vn 0.6212 -0.6019 -0.5019
vn 0.5674 -0.6414 -0.5164
vn 0.9114 -0.3573 -0.2042
vn 0.1628 -0.7122 -0.6829
vn 0.3810 -0.6980 -0.6063
vn 0.9154 -0.3609 -0.1785
vn 0.8139 -0.4662 -0.3467
vn 0.7591 -0.6471 -0.0707
vn 0.4888 -0.7812 -0.3884
vn 0.7678 -0.6325 0.1020
vn 0.8804 -0.4694 0.0670
vn 0.8540 -0.5189 0.0383
vn 0.9453 -0.3231 0.0452
vn 0.9512 -0.2944 0.0927
vn 0.9656 -0.2575 -0.0366
vn 0.9773 -0.2067 -0.0467
vn 0.6568 -0.7218 0.2184
vn 0.3776 -0.7340 0.5646
vn 0.6417 -0.6955 0.3234
vn 0.7976 -0.5562 0.2334
vn 0.9822 -0.1659 0.0880
vn 0.9870 -0.1528 -0.0498
vn 0.2950 -0.7256 0.6217
vn 0.1764 -0.7212 0.6699
vn 0.6219 -0.6396 0.4518
vn 0.7911 -0.4831 0.3753
vn 0.4314 -0.6918 0.5791
vn 0.3089 -0.6929 0.6515
vn 0.4775 -0.6469 0.5946
vn 0.0309 -0.0455 -0.9985
vn 0.1669 -0.4177 -0.8931
vn 0.0368 -0.5879 -0.8081
vn 0.3178 0.3506 -0.8810
vn 0.2584 0.0707 -0.9634
vn 0.8002 0.3724 -0.4701
vn 0.6850 0.2926 -0.6672
vn 0.1789 0.4165 -0.8914
vn 0.6922 0.5969 -0.4057
vn 0.5424 0.8362 -0.0812
vn 0.7094 0.6989 -0.0916
vn 0.0013 0.4007 -0.9162
vn 0.0702 0.9287 -0.3641
vn 0.3949 0.8182 -0.4178
vn 0.3433 0.9364 -0.0732
vn 0.8252 0.5648 -0.0089
vn 0.8641 0.4995 -0.0621
vn 0.5122 0.8588 -0.0050
vn 0.3912 0.9188 0.0525
vn 0.2286 0.9716 0.0614
vn 0.7518 0.6592 -0.0152
vn 0.6369 0.7709 -0.0068
vn 0.6738 0.7201 0.1657
vn 0.5690 0.8214 0.0401
vn 0.8245 0.5284 0.2025
vn 0.4432 0.8319 0.3338
vn 0.1451 0.9520 0.2694
vn 0.0083 0.0296 -0.9995
vn 0.1723 -0.0161 -0.9849
vn 0.5439 0.0616 -0.8369
vn 0.9185 0.0597 -0.3910
vn 0.8254 0.0247 -0.5640
vn 0.9390 0.3336 -0.0835
vn 0.8820 -0.3004 -0.3631
vn 0.7764 -0.3172 -0.5446
vn 0.9962 -0.0302 -0.0821
vn 0.9226 -0.3731 -0.0986
vn 0.8439 -0.5310 -0.0759
vn 0.5569 -0.5627 -0.6110
vn 0.5857 -0.6949 -0.4173
vn 0.7895 -0.6137 -0.0018
vn 0.7114 -0.6932 -0.1159
vn 0.1579 -0.1361 -0.9780
vn 0.5077 -0.8579 -0.0794
vn 0.0432 0.0257 -0.9987
vn 0.3937 -0.9158 -0.0790
vn 0.2665 -0.9210 -0.2840
vn 0.1537 -0.9878 -0.0268
vn 0.9845 -0.1751 -0.0097
vn 0.9799 -0.1818 -0.0821
vn 0.9910 0.1335 -0.0079
vn 0.9817 0.1652 -0.0942
vn 0.8054 -0.5926 -0.0095
vn 0.9547 0.2974 -0.0096
vn 0.9487 -0.3158 -0.0121
vn 0.8941 0.4479 -0.0101
vn 0.8794 -0.4759 -0.0099
vn 0.7104 -0.7033 0.0242
vn 0.6180 -0.7843 0.0540
vn 0.5025 -0.8646 -0.0056
vn 0.3564 -0.9343 -0.0045
vn 0.1945 -0.9809 -0.0033
vn 0.9109 0.4125 -0.0117
vn 0.8272 -0.5584 0.0626
vn 0.4090 -0.9123 0.0201
vn 0.9817 -0.1799 0.0621
vn 0.9997 -0.0208 -0.0091
vn 0.9238 0.1292 0.3603
vn 0.9965 0.0670 0.0506
vn 0.9301 0.3138 0.1907
vn 0.9252 -0.3749 0.0596
vn 0.9284 -0.2233 0.2970
vn 0.8068 -0.5129 0.2933
vn 0.2414 -0.9688 0.0570
vn 0.5462 -0.7633 0.3451
vn 0.0324 0.5074 -0.8611
vn 0.0102 -0.0341 -0.9994
vn -0.0078 0.8602 -0.5100
vn 0.0016 0.9427 0.3337
vn -0.0292 0.0314 -0.9991
vn -0.2904 0.8952 -0.3381
vn 0.0053 0.8489 -0.5285
vn -0.0162 0.9972 -0.0726
vn -0.3669 0.9259 -0.0904
vn -0.1784 0.9819 -0.0637
vn -0.4199 0.6435 -0.6400
vn -0.5149 0.8544 -0.0693
vn -0.0058 0.2306 -0.9730
vn -0.3014 0.3236 -0.8969
vn -0.0525 0.0587 -0.9969
vn -0.6896 0.6020 -0.4025
vn -0.6851 0.7248 -0.0734
vn -0.8516 0.5173 -0.0846
vn -0.1935 0.1123 -0.9747
vn 0.2386 -0.6913 -0.6821
vn 0.2534 -0.6606 -0.7067
vn 0.4257 -0.6492 -0.6303
vn 0.4139 -0.6466 -0.6408
vn 0.3623 -0.6083 -0.7062
vn 0.9891 -0.1218 -0.0831
vn 0.9674 -0.1831 -0.1751
vn 0.9917 -0.0874 -0.0948
vn 0.3394 -0.3160 -0.8860
vn 0.9704 -0.1658 -0.1757
vn 0.9786 -0.0412 -0.2014
vn 0.1780 -0.0692 -0.9816
vn 0.3245 0.1042 -0.9401
vn 0.8289 -0.0397 -0.5580
vn 0.9548 -0.1074 -0.2771
vn 0.9402 0.0645 -0.3345
vn -0.1588 0.9873 0.0022
vn 0.1859 0.9795 -0.0775
vn 0.0373 0.9993 0.0007
vn -0.7945 0.6072 0.0086
vn 0.0477 0.9975 0.0520
vn -0.1046 0.9925 0.0639
vn -0.3211 0.9470 0.0045
vn -0.8801 0.4746 0.0100
vn -0.7617 0.6461 0.0477
vn 0.9888 -0.1173 0.0923
vn -0.3016 0.9524 0.0449
vn -0.4473 0.8649 0.2277
vn -0.5993 0.8005 0.0071
vn -0.6300 0.7751 0.0485
vn -0.7048 0.7094 0.0081
vn -0.1573 0.9383 0.3078
vn -0.8387 0.4479 0.3099
vn -0.6379 0.7008 0.3192
vn -0.8604 0.5015 0.0901
vn 0.3055 -0.6225 0.7205
vn 0.9516 -0.2330 0.2005
vn 0.4666 -0.5936 0.6556
vn 0.9661 -0.1519 0.2086
vn 0.9497 -0.2003 0.2406
vn 0.9949 -0.0597 0.0809
vn 0.9987 0.0352 0.0359
vn 0.0612 -0.8633 -0.5009
vn -0.0976 -0.9446 -0.3133
vn -0.0090 -0.9964 -0.0840
vn -0.3395 -0.7647 -0.5476
vn -0.4162 -0.8357 -0.3583
vn -0.5477 -0.8328 -0.0803
vn -0.3407 -0.9365 -0.0825
vn -0.6163 -0.7312 -0.2922
vn -0.7042 -0.7082 -0.0503
vn -0.7270 0.4309 -0.5345
vn -0.8396 0.3624 -0.4046
vn -0.7394 -0.5971 -0.3109
vn -0.5804 -0.6767 -0.4531
vn -0.6842 -0.5417 -0.4882
vn -0.7992 -0.5985 -0.0551
vn -0.0634 0.1087 -0.9920
vn -0.1325 -0.1505 -0.9797
vn -0.0281 0.0797 -0.9964
vn -0.9393 0.3319 -0.0874
vn -0.7423 0.2940 -0.6021
vn -0.9352 0.0669 -0.3478
vn -0.9866 0.1359 -0.0901
vn -0.9828 -0.1668 -0.0794
vn -0.8536 -0.3327 -0.4008
vn -0.7634 -0.1951 -0.6157
vn -0.9003 -0.4263 -0.0877
vn -0.1897 0.0621 -0.9799
vn -0.1674 0.0561 -0.9843
vn -0.3143 -0.0271 -0.9489
vn 0.1610 0.0782 -0.9839
vn 0.0338 -0.9994 -0.0010
vn -0.4566 -0.8896 0.0042
vn -0.5747 -0.8183 0.0051
vn -0.9467 0.3221 0.0098
vn -0.1746 -0.9789 -0.1060
vn -0.1134 -0.9930 0.0326
vn -0.6681 -0.7441 0.0065
vn -0.8556 -0.5175 0.0082
vn -0.7712 -0.6365 0.0081
vn -0.9989 -0.0222 0.0403
vn -0.9872 0.1592 0.0101
vn -0.9278 -0.3730 0.0094
vn 0.9995 0.0228 -0.0219
vn -0.4744 -0.8793 0.0410
vn -0.9412 0.3338 0.0528
vn -0.9799 0.1928 0.0504
vn -0.9994 -0.0321 0.0115
vn -0.9775 -0.2105 0.0123
vn 0.0717 -0.9949 0.0708
vn -0.3069 -0.9287 0.2084
vn -0.6856 -0.7245 0.0715
vn 0.0231 -0.9531 0.3017
vn -0.7634 -0.5479 0.3421
vn -0.5321 -0.7967 0.2866
vn -0.7718 0.0837 0.6304
vn -0.9460 -0.1944 0.2594
vn -0.8909 -0.2299 0.3916
vn -0.9761 -0.2104 0.0545
vn -0.9289 -0.2624 0.2613
vn -0.9129 -0.4023 0.0687
vn -0.8325 -0.5492 0.0731
vn 0.9636 0.1369 0.2297
vn 0.9704 0.2388 0.0356
vn 0.1464 0.2197 -0.9645
vn -0.0097 0.0946 -0.9955
vn 0.6611 0.7080 -0.2486
vn 0.1509 0.9060 -0.3954
vn 0.4048 0.9113 -0.0749
vn 0.2932 0.1992 -0.9351
vn 0.9693 0.1813 -0.1659
vn 0.8052 0.5920 -0.0354
vn 0.0265 0.9992 -0.0298
vn 0.3729 0.9266 0.0489
vn 0.7646 0.6423 0.0530
vn 0.2348 0.9293 0.2851
vn 0.9314 0.2891 0.2212
vn 0.2215 0.1134 0.9686
vn 0.1628 0.1294 0.9781
vn 0.4921 0.5075 0.7074
vn 0.6077 0.3317 0.7216
vn 0.2441 0.5106 0.8245
vn 0.0281 0.0007 0.9996
vn 0.2030 0.0132 0.9791
vn 0.5870 0.0821 0.8055
vn 0.3768 -0.1390 0.9158
vn 0.2620 -0.0947 0.9604
vn 0.8488 -0.2923 0.4406
vn 0.2567 -0.1177 0.9593
vn 0.1180 0.0623 0.9911
vn 0.7080 -0.5204 0.4774
vn 0.3595 -0.4045 0.8409
vn 0.3133 -0.8237 0.4726
vn 0.1803 -0.2634 0.9477
vn 0.0397 0.6160 0.7867
vn 0.1759 -0.4126 0.8938
vn -0.0054 0.8775 0.4795
vn -0.0172 0.1155 0.9932
vn 0.0117 0.4410 0.8974
vn -0.0908 0.2673 0.9593
vn -0.3461 0.8099 0.4736
vn -0.6047 0.6586 0.4479
vn 0.1509 -0.0811 0.9852
vn -0.1387 0.0887 0.9864
vn -0.5270 0.2831 0.8013
vn 0.1943 0.0951 0.9763
vn 0.3722 -0.2677 0.8887
vn 0.9608 -0.0763 0.2667
vn 0.9207 -0.1349 0.3662
vn -0.1487 -0.8728 0.4650
vn -0.5485 -0.6963 0.4629
vn -0.7375 -0.4334 0.5179
vn 0.1207 -0.0713 0.9901
vn -0.1314 -0.2240 0.9657
vn -0.2549 -0.1314 0.9580
vn 0.1146 0.1453 0.9827
vn -0.4810 0.1566 0.8626
vn -0.5390 -0.1383 0.8309
vn 0.8985 0.0011 0.4391
vn 0.3294 0.0263 0.9438
vn 0.3120 0.0122 0.9500
vn 0.3606 0.1362 0.9227
vn 0.2823 -0.0204 0.9591
vn 0.0086 0.8647 0.5022
vn -0.0212 -0.0269 0.9994
vn -0.0775 0.1574 0.9845
vn -0.0875 0.0110 0.9961
vn 0.1548 0.3441 0.9261
vn 0.4105 0.8735 0.2618
vn 0.1367 0.8642 0.4843
vn 0.3428 0.3085 0.8873
vn 0.3651 -0.4225 0.8296
vn -0.9344 -0.2214 -0.2789
vn 0.3694 -0.8068 -0.4611
vn -0.0885 0.1802 -0.9796
vn -0.2072 -0.1337 -0.9691
vn -0.0002 0.9993 -0.0363
vn -0.0370 0.6030 -0.7969
vn -0.1159 -0.3472 -0.9306
vn -0.2361 -0.4823 -0.8436
vn -0.3621 0.8582 -0.3637
vn -0.3322 -0.6380 -0.6947
vn -0.0004 0.7721 0.6355
vn -0.0516 0.7935 0.6064
vn -0.4198 -0.2769 0.8644
vn -0.3887 -0.0978 0.9162
vn 0.2043 -0.0929 -0.9745
vn 0.3737 -0.7931 -0.4809
vn -0.3472 0.7521 -0.5602
vn 0.9767 -0.1463 -0.1571
vn -0.2008 -0.1358 -0.9702
vn -0.2395 0.2818 0.9291
vn 0.9073 0.0970 0.4092
vt 0.510106 0.340273
vt 0.506838 0.349940
vt 0.495419 0.328700
vt 0.510157 0.327314
vt 0.500808 0.318072
vt 0.490969 0.334428
vt 0.484046 0.337185
vt 0.487731 0.314965
vt 0.481024 0.323476
vt 0.545722 0.134616
vt 0.560845 0.120620
vt 0.551331 0.335425
vt 0.492846 0.135693
vt 0.506534 0.126423
vt 0.481639 0.140209
vt 0.519951 0.112698
vt 0.506099 0.109942
vt 0.516205 0.101090
vt 0.498572 0.106327
vt 0.494327 0.119904
vt 0.480050 0.127414
vt 0.480788 0.118758
vt 0.627935 0.412538
vt 0.623025 0.420878
vt 0.620639 0.412521
vt 0.619323 0.405803
vt 0.603940 0.387859
vt 0.595838 0.394131
vt 0.593689 0.385058
vt 0.590245 0.374970
vt 0.607194 0.406539
vt 0.541051 0.413818
vt 0.535670 0.416962
vt 0.536062 0.408849
vt 0.615968 0.416026
vt 0.611698 0.385362
vt 0.541184 0.421978
vt 0.577064 0.357084
vt 0.577729 0.376645
vt 0.567231 0.360181
vt 0.533583 0.386702
vt 0.527531 0.389551
vt 0.527833 0.381702
vt 0.588676 0.389255
vt 0.525536 0.368948
vt 0.517389 0.370552
vt 0.517618 0.362666
vt 0.521248 0.352332
vt 0.497396 0.355407
vt 0.517329 0.384785
vt 0.460847 0.325695
vt 0.525775 0.406725
vt 0.526462 0.450633
vt 0.600224 0.082738
vt 0.569325 0.351808
vt 0.559978 0.343350
vt 0.553418 0.348361
vt 0.608462 0.080328
vt 0.592168 0.097847
vt 0.583959 0.098686
vt 0.631812 0.060005
vt 0.615958 0.064459
vt 0.571992 0.108404
vt 0.586929 0.081341
vt 0.578074 0.090349
vt 0.558801 0.109061
vt 0.528106 0.082687
vt 0.527559 0.100666
vt 0.516747 0.090908
vt 0.521133 0.079919
vt 0.527522 0.064753
vt 0.533269 0.073820
vt 0.509359 0.082958
vt 0.494212 0.098064
vt 0.613357 0.054489
vt 0.620886 0.047885
vt 0.635744 0.045537
vt 0.629317 0.039215
vt 0.596186 0.071854
vt 0.604802 0.062118
vt 0.535629 0.031264
vt 0.542574 0.040827
vt 0.537098 0.039741
vt 0.529315 0.054842
vt 0.535459 0.064457
vt 0.473624 0.306371
vt 0.463440 0.313583
vt 0.459302 0.298049
vt 0.455928 0.314346
vt 0.442129 0.297179
vt 0.433262 0.325282
vt 0.437538 0.318765
vt 0.444462 0.355173
vt 0.444514 0.339090
vt 0.422177 0.309206
vt 0.416921 0.298154
vt 0.429421 0.290701
vt 0.434944 0.344957
vt 0.431403 0.335063
vt 0.428082 0.356708
vt 0.104781 0.701074
vt 0.109819 0.686184
vt 0.112729 0.698035
vt 0.105319 0.682348
vt 0.099528 0.728053
vt 0.108450 0.733072
vt 0.105618 0.737193
vt 0.121579 0.689771
vt 0.118909 0.694678
vt 0.101840 0.751145
vt 0.293077 0.912575
vt 0.305951 0.916579
vt 0.291819 0.919102
vt 0.295501 0.900701
vt 0.301979 0.907812
vt 0.446806 0.152892
vt 0.464929 0.145368
vt 0.426523 0.154893
vt 0.107446 0.497672
vt 0.113988 0.672966
vt 0.098820 0.486003
vt 0.100919 0.692306
vt 0.297707 0.732254
vt 0.304453 0.746392
vt 0.460393 0.136921
vt 0.435338 0.139759
vt 0.102975 0.488140
vt 0.112025 0.497628
vt 0.116550 0.502942
vt 0.400455 0.152824
vt 0.445453 0.128854
vt 0.434227 0.122755
vt 0.422999 0.135578
vt 0.079196 0.718532
vt 0.096589 0.716986
vt 0.087941 0.726584
vt 0.086325 0.559024
vt 0.086325 0.568338
vt 0.079056 0.565835
vt 0.101352 0.474891
vt 0.108075 0.485642
vt 0.102241 0.468841
vt 0.109714 0.478698
vt 0.431357 0.092264
vt 0.446066 0.104487
vt 0.434270 0.105835
vt 0.117491 0.485831
vt 0.424680 0.098102
vt 0.429862 0.111843
vt 0.085082 0.740909
vt 0.096589 0.739989
vt 0.088119 0.746196
vt 0.274002 0.586012
vt 0.274002 0.575224
vt 0.278662 0.579137
vt 0.299942 0.720511
vt 0.292418 0.715118
vt 0.419246 0.375409
vt 0.413094 0.354606
vt 0.420851 0.350888
vt 0.429378 0.338045
vt 0.096004 0.698609
vt 0.093316 0.714047
vt 0.422097 0.335474
vt 0.417359 0.336390
vt 0.421452 0.109006
vt 0.415795 0.127798
vt 0.411503 0.120729
vt 0.419219 0.076167
vt 0.414715 0.099137
vt 0.415876 0.088402
vt 0.525245 0.001968
vt 0.648077 0.426014
vt 0.648136 0.446460
vt 0.639687 0.437322
vt 0.672109 0.449186
vt 0.660142 0.448561
vt 0.669270 0.465372
vt 0.534411 0.430015
vt 0.541598 0.430461
vt 0.535060 0.445095
vt 0.540835 0.439693
vt 0.540515 0.449352
vt 0.870420 0.475551
vt 0.861897 0.469801
vt 0.873185 0.470208
vt 0.865668 0.485018
vt 0.854329 0.475459
vt 0.886555 0.485781
vt 0.878584 0.476629
vt 0.900830 0.474293
vt 0.894385 0.490713
vt 0.907528 0.479568
vt 0.061735 0.927617
vt 0.071916 0.931985
vt 0.058928 0.932513
vt 0.070023 0.916163
vt 0.874883 0.522979
vt 0.882577 0.503973
vt 0.129368 0.916290
vt 0.138590 0.928119
vt 0.124518 0.932148
vt 0.134177 0.910506
vt 0.143850 0.916188
vt 0.879346 0.530201
vt 0.156909 0.928161
vt 0.137743 0.932863
vt 0.153557 0.917032
vt 0.161702 0.917274
vt 0.636972 0.421213
vt 0.630688 0.428947
vt 0.060111 0.682952
vt 0.064869 0.909713
vt 0.060352 0.915989
vt 0.065365 0.485134
vt 0.144034 0.486068
vt 0.126613 0.478293
vt 0.649596 0.047384
vt 0.161020 0.485331
vt 0.152648 0.485361
vt 0.759535 0.449200
vt 0.758545 0.018134
vt 0.060849 0.477887
vt 0.132465 0.484286
vt 0.137012 0.477909
vt 0.140136 0.909359
vt 0.638099 0.030388
vt 0.647843 0.035485
vt 0.646972 0.021488
vt 0.654316 0.017699
vt 0.674877 0.017079
vt 0.674632 0.007537
vt 0.536833 0.022576
vt 0.542783 0.032258
vt 0.274002 0.597600
vt 0.274002 0.588951
vt 0.279585 0.593175
vt 0.084705 0.533599
vt 0.077989 0.529243
vt 0.084705 0.522448
vt 0.655008 0.476080
vt 0.660952 0.468675
vt 0.667953 0.474784
vt 0.677746 0.476869
vt 0.666438 0.486031
vt 0.660858 0.484896
vt 0.519567 0.053446
vt 0.166597 0.474364
vt 0.148637 0.474958
vt 0.674460 0.460718
vt 0.769096 0.465737
vt 0.766301 0.460694
vt 0.769493 0.448671
vt 0.973152 0.470338
vt 0.051014 0.928180
vt 0.033041 0.927797
vt 0.031252 0.932598
vt 0.037254 0.917329
vt 0.955499 0.475147
vt 0.935222 0.477848
vt 0.020618 0.927945
vt 0.018328 0.932971
vt 0.025401 0.916570
vt 0.971669 0.488307
vt 0.014929 0.917408
vt 0.003595 0.927869
vt 0.001469 0.932990
vt 0.964764 0.491993
vt 0.948071 0.481773
vt 0.006019 0.916799
vt 0.009856 0.907663
vt 0.741777 0.916609
vt 0.742865 0.927700
vt 0.735900 0.916750
vt 0.972910 0.508340
vt 0.729781 0.916442
vt 0.723455 0.927738
vt 0.717354 0.915657
vt 0.714842 0.932574
vt 0.706012 0.928562
vt 0.703939 0.916222
vt 0.709114 0.907117
vt 0.036985 0.785472
vt 0.045532 0.747836
vt 0.045911 0.917033
vt 0.019949 0.800900
vt 0.027977 0.774180
vt 0.053621 0.670064
vt 0.053919 0.915993
vt 0.730101 0.482774
vt 0.036556 0.690785
vt 0.047418 0.652932
vt 0.019190 0.638363
vt 0.724340 0.484226
vt 0.724486 0.909283
vt 0.026126 0.649757
vt 0.031899 0.630482
vt 0.039200 0.647595
vt 0.011919 0.486679
vt 0.007222 0.484784
vt 0.740659 0.484560
vt 0.745692 0.484600
vt 0.745582 0.907443
vt 0.735135 0.484172
vt 0.716432 0.485259
vt 0.043830 0.485022
vt 0.021041 0.485635
vt 0.708271 0.485560
vt 0.766568 0.007404
vt 0.040044 0.474479
vt 0.050941 0.484261
vt 0.031915 0.485738
vt 0.050659 0.474940
vt 0.024909 0.473335
vt 0.010478 0.474372
vt 0.750392 0.474162
vt 0.739487 0.473559
vt 0.711898 0.474990
vt 0.772713 0.465457
vt 0.775074 0.456532
vt 0.010042 0.461186
vt 0.005857 0.465902
vt 0.003634 0.456980
vt 0.976868 0.471694
vt 0.009275 0.441406
vt 0.016575 0.452064
vt 0.056001 0.465432
vt 0.979207 0.521831
vt 0.070300 0.461381
vt 0.976786 0.522502
vt 0.001469 0.018036
vt 0.027252 0.442938
vt 0.015888 0.016317
vt 0.775074 0.017576
vt 0.768825 0.017810
vt 0.007946 0.018244
vt 0.773886 0.003772
vt 0.002766 0.004228
vt 0.175431 0.928045
vt 0.163962 0.932932
vt 0.876957 0.551386
vt 0.176735 0.917085
vt 0.169675 0.916474
vt 0.182358 0.918626
vt 0.196203 0.933651
vt 0.179424 0.933023
vt 0.187382 0.918035
vt 0.193858 0.929450
vt 0.191971 0.918418
vt 0.208606 0.917033
vt 0.203383 0.929572
vt 0.204133 0.918538
vt 0.894144 0.562406
vt 0.890555 0.570309
vt 0.904944 0.567759
vt 0.889055 0.630845
vt 0.175534 0.478769
vt 0.168886 0.485324
vt 0.180568 0.485767
vt 0.206704 0.486421
vt 0.210943 0.673133
vt 0.186824 0.474818
vt 0.185868 0.485467
vt 0.210969 0.474986
vt 0.202590 0.485538
vt 0.201394 0.474882
vt 0.212387 0.485306
vt 0.670116 0.722059
vt 0.664836 0.721308
vt 0.693154 0.933028
vt 0.693691 0.927619
vt 0.686216 0.917590
vt 0.694483 0.916671
vt 0.684036 0.928501
vt 0.680685 0.916671
vt 0.217692 0.928522
vt 0.209608 0.932914
vt 0.215387 0.917446
vt 0.259771 0.928243
vt 0.271064 0.932966
vt 0.260545 0.933176
vt 0.258299 0.917292
vt 0.249318 0.917234
vt 0.269225 0.928586
vt 0.972336 0.561889
vt 0.965686 0.554872
vt 0.974256 0.544270
vt 0.912885 0.574104
vt 0.913266 0.569314
vt 0.924237 0.572193
vt 0.228468 0.928582
vt 0.225370 0.915880
vt 0.240521 0.916091
vt 0.233982 0.905994
vt 0.274002 0.522741
vt 0.279111 0.525219
vt 0.274002 0.540603
vt 0.246307 0.928345
vt 0.244241 0.933391
vt 0.907714 0.582870
vt 0.940102 0.575523
vt 0.959419 0.581856
vt 0.972339 0.641683
vt 0.701150 0.788667
vt 0.690808 0.777196
vt 0.696150 0.741775
vt 0.685325 0.790071
vt 0.216052 0.762965
vt 0.220106 0.908001
vt 0.222664 0.691646
vt 0.245043 0.668318
vt 0.238652 0.673332
vt 0.218111 0.643362
vt 0.257998 0.487644
vt 0.251401 0.658965
vt 0.263445 0.916802
vt 0.231111 0.657870
vt 0.225974 0.650751
vt 0.234716 0.651923
vt 0.243959 0.486592
vt 0.701482 0.478556
vt 0.692919 0.485074
vt 0.267940 0.790164
vt 0.262459 0.484811
vt 0.685025 0.485473
vt 0.252132 0.485629
vt 0.270539 0.475310
vt 0.257183 0.475078
vt 0.222447 0.484365
vt 0.222080 0.475096
vt 0.235167 0.487203
vt 0.240163 0.475164
vt 0.978097 0.553640
vt 0.251494 0.460964
vt 0.256472 0.452693
vt 0.247787 0.026652
vt 0.026170 0.025912
vt 0.257544 0.015591
vt 0.667640 0.002282
vt 0.697247 0.002192
vt 0.645917 0.476446
vt 0.652317 0.469504
vt 0.627537 0.475522
vt 0.622734 0.468787
vt 0.621648 0.481544
vt 0.637123 0.484580
vt 0.648798 0.496656
vt 0.071916 0.469378
vt 0.062218 0.469208
vt 0.631633 0.490233
vt 0.641636 0.501784
vt 0.157235 0.469152
vt 0.136226 0.468886
vt 0.650415 0.550326
vt 0.766358 0.001469
vt 0.606983 0.473545
vt 0.047837 0.469508
vt 0.022516 0.468841
vt 0.553542 0.470621
vt 0.581733 0.474664
vt 0.554207 0.478050
vt 0.009017 0.468975
vt 0.568533 0.483471
vt 0.552058 0.488482
vt 0.753021 0.468778
vt 0.558584 0.492918
vt 0.727440 0.472956
vt 0.743478 0.468675
vt 0.550466 0.506128
vt 0.730197 0.469101
vt 0.711083 0.470112
vt 0.545897 0.471399
vt 0.545722 0.480704
vt 0.074795 0.002612
vt 0.011419 0.008119
vt 0.012091 0.001469
vt 0.548896 0.525242
vt 0.545722 0.543423
vt 0.071141 0.008036
vt 0.656929 0.626485
vt 0.645022 0.522746
vt 0.642423 0.542746
vt 0.177199 0.468841
vt 0.188477 0.469298
vt 0.640574 0.557933
vt 0.633067 0.554171
vt 0.622241 0.564918
vt 0.637533 0.571016
vt 0.651712 0.652719
vt 0.640808 0.629321
vt 0.697613 0.469802
vt 0.685823 0.475251
vt 0.680685 0.469047
vt 0.553048 0.560867
vt 0.552174 0.538737
vt 0.561068 0.555734
vt 0.229841 0.469461
vt 0.209511 0.468841
vt 0.253655 0.469002
vt 0.271064 0.469092
vt 0.568105 0.573450
vt 0.577969 0.567444
vt 0.601689 0.569289
vt 0.601547 0.574804
vt 0.564308 0.586036
vt 0.554960 0.638247
vt 0.309134 0.908676
vt 0.392827 0.290753
vt 0.387627 0.307607
vt 0.315356 0.908134
vt 0.306117 0.689703
vt 0.298452 0.693418
vt 0.291453 0.684202
vt 0.300429 0.675270
vt 0.294978 0.672355
vt 0.307939 0.702527
vt 0.307748 0.675220
vt 0.300188 0.496879
vt 0.090377 0.505147
vt 0.090092 0.516303
vt 0.090092 0.487227
vt 0.379741 0.298156
vt 0.364672 0.314004
vt 0.366702 0.296995
vt 0.377645 0.317047
vt 0.347044 0.326289
vt 0.371371 0.323545
vt 0.311748 0.747217
vt 0.317984 0.735935
vt 0.294375 0.500126
vt 0.383900 0.154046
vt 0.367038 0.151069
vt 0.355479 0.299264
vt 0.341306 0.306402
vt 0.340490 0.134181
vt 0.387451 0.141168
vt 0.311755 0.733297
vt 0.304981 0.731218
vt 0.360458 0.136009
vt 0.355241 0.144580
vt 0.401046 0.134288
vt 0.086060 0.754844
vt 0.091488 0.761337
vt 0.291414 0.487058
vt 0.289375 0.497503
vt 0.283147 0.489283
vt 0.284802 0.485255
vt 0.290850 0.482687
vt 0.319380 0.722908
vt 0.299856 0.480602
vt 0.307601 0.482306
vt 0.297205 0.473405
vt 0.305645 0.466216
vt 0.384040 0.134362
vt 0.381790 0.127328
vt 0.077989 0.519509
vt 0.077989 0.498868
vt 0.084066 0.503885
vt 0.663438 0.756430
vt 0.670793 0.748344
vt 0.669014 0.757645
vt 0.386022 0.103161
vt 0.392773 0.109369
vt 0.386371 0.112614
vt 0.677747 0.742911
vt 0.677747 0.763306
vt 0.358342 0.125675
vt 0.349036 0.115076
vt 0.339775 0.126116
vt 0.330228 0.116029
vt 0.419213 0.365172
vt 0.402088 0.362586
vt 0.404706 0.356677
vt 0.392027 0.355407
vt 0.380427 0.364052
vt 0.291000 0.450552
vt 0.383230 0.347222
vt 0.327700 0.351305
vt 0.407581 0.345085
vt 0.402886 0.340556
vt 0.315252 0.701312
vt 0.315517 0.712179
vt 0.397889 0.344578
vt 0.398890 0.325558
vt 0.408870 0.120445
vt 0.314773 0.682288
vt 0.314305 0.467242
vt 0.319379 0.474072
vt 0.405105 0.117425
vt 0.405797 0.099699
vt 0.401817 0.091231
vt 0.400106 0.110518
vt 0.394243 0.096816
vt 0.387968 0.086496
vt 0.376439 0.107033
vt 0.301274 0.061709
vt 0.330020 0.334981
vt 0.340023 0.322337
vt 0.320523 0.344190
vt 0.320779 0.318567
vt 0.331231 0.320912
vt 0.319385 0.333543
vt 0.310995 0.358957
vt 0.311174 0.334168
vt 0.319750 0.132721
vt 0.328646 0.129926
vt 0.330403 0.105991
vt 0.308017 0.121575
vt 0.318790 0.110189
vt 0.312312 0.090437
vt 0.304485 0.093600
vt 0.311623 0.111302
vt 0.298860 0.416451
vt 0.299820 0.384850
vt 0.291119 0.402092
vt 0.301047 0.353058
vt 0.300865 0.362276
vt 0.298646 0.372825
vt 0.290402 0.384493
vt 0.292975 0.368480
vt 0.519785 0.809175
vt 0.516572 0.828710
vt 0.504314 0.825938
vt 0.495869 0.838627
vt 0.504204 0.844573
vt 0.497103 0.848475
vt 0.283343 0.397492
vt 0.284063 0.388440
vt 0.281850 0.411203
vt 0.477556 0.857972
vt 0.288853 0.414716
vt 0.279405 0.425578
vt 0.476491 0.870970
vt 0.466408 0.871047
vt 0.460752 0.884434
vt 0.302368 0.336434
vt 0.309599 0.351338
vt 0.529029 0.813392
vt 0.541432 0.582008
vt 0.542783 0.794606
vt 0.532960 0.796810
vt 0.527980 0.563986
vt 0.506316 0.545012
vt 0.518132 0.561963
vt 0.489387 0.534458
vt 0.477471 0.516056
vt 0.483646 0.838183
vt 0.472583 0.849430
vt 0.302614 0.102261
vt 0.296833 0.103646
vt 0.079056 0.582028
vt 0.079056 0.571277
vt 0.083811 0.578785
vt 0.295237 0.074735
vt 0.519318 0.543885
vt 0.283640 0.073443
vt 0.293490 0.083639
vt 0.503284 0.533548
vt 0.465007 0.504063
vt 0.464467 0.860782
vt 0.290089 0.060141
vt 0.290247 0.044561
vt 0.283882 0.059967
vt 0.472565 0.498453
vt 0.281107 0.043092
vt 0.275151 0.038706
vt 0.280248 0.022782
vt 0.274731 0.023780
vt 0.876153 0.652840
vt 0.870800 0.729491
vt 0.866137 0.720311
vt 0.859485 0.719473
vt 0.893269 0.642760
vt 0.908881 0.631985
vt 0.909668 0.636108
vt 0.882189 0.658810
vt 0.897857 0.643600
vt 0.868925 0.451157
vt 0.857747 0.462146
vt 0.860634 0.449719
vt 0.879680 0.676048
vt 0.888522 0.461505
vt 0.873008 0.466863
vt 0.873328 0.461877
vt 0.876467 0.449962
vt 0.841273 0.651109
vt 0.846620 0.915915
vt 0.839385 0.917290
vt 0.867660 0.253206
vt 0.869992 0.019452
vt 0.876910 0.017991
vt 0.854329 0.018770
vt 0.862421 0.249592
vt 0.858008 0.012111
vt 0.863806 0.017875
vt 0.845351 0.484961
vt 0.840250 0.477381
vt 0.867384 0.008345
vt 0.878828 0.008231
vt 0.962837 0.619093
vt 0.945930 0.624422
vt 0.924391 0.629343
vt 0.820705 0.927982
vt 0.835935 0.933037
vt 0.820472 0.932688
vt 0.831291 0.916867
vt 0.835219 0.928737
vt 0.801447 0.927730
vt 0.798802 0.932698
vt 0.815687 0.916552
vt 0.846932 0.928253
vt 0.800515 0.917059
vt 0.794643 0.918740
vt 0.780109 0.932926
vt 0.781376 0.928218
vt 0.789508 0.910083
vt 0.785219 0.918517
vt 0.964500 0.644025
vt 0.991277 0.451302
vt 0.990642 0.461039
vt 0.982677 0.450885
vt 0.972977 0.660240
vt 0.974061 0.449673
vt 0.971312 0.459132
vt 0.967934 0.442613
vt 0.807904 0.640284
vt 0.807492 0.916725
vt 0.823669 0.602749
vt 0.824024 0.916834
vt 0.790891 0.661922
vt 0.829480 0.617349
vt 0.802760 0.590025
vt 0.835223 0.641707
vt 0.797535 0.595238
vt 0.786460 0.485492
vt 0.987038 0.018811
vt 0.991824 0.018237
vt 0.980762 0.133339
vt 0.975580 0.159205
vt 0.969938 0.131066
vt 0.833898 0.484915
vt 0.791643 0.485705
vt 0.978346 0.016779
vt 0.810501 0.484539
vt 0.815844 0.624325
vt 0.820019 0.474915
vt 0.818926 0.485029
vt 0.828673 0.476848
vt 0.801867 0.483158
vt 0.809420 0.474834
vt 0.792067 0.474744
vt 0.998531 0.007537
vt 0.970777 0.017619
vt 0.987027 0.006383
vt 0.187756 0.465726
vt 0.087807 0.465902
vt 0.978354 0.653588
vt 0.976942 0.674521
vt 0.231123 0.465255
vt 0.223128 0.007958
vt 0.876524 0.698745
vt 0.907133 0.460515
vt 0.890226 0.466044
vt 0.892633 0.449401
vt 0.908512 0.450036
vt 0.901257 0.449263
vt 0.915731 0.463932
vt 0.913913 0.449563
vt 0.888480 0.701565
vt 0.882221 0.696080
vt 0.893240 0.714952
vt 0.889363 0.721836
vt 0.897969 0.712780
vt 0.926900 0.460088
vt 0.782713 0.460089
vt 0.781675 0.448920
vt 0.790628 0.450450
vt 0.906178 0.720715
vt 0.280938 0.437820
vt 0.859282 0.730637
vt 0.275024 0.433508
vt 0.275219 0.424829
vt 0.274779 0.442652
vt 0.279845 0.448837
vt 0.274550 0.450633
vt 0.452922 0.881495
vt 0.453361 0.893012
vt 0.440820 0.893321
vt 0.873221 0.735531
vt 0.864280 0.735799
vt 0.444358 0.902033
vt 0.421997 0.912233
vt 0.878187 0.730053
vt 0.075050 0.468841
vt 0.075050 0.561399
vt 0.074854 0.528470
vt 0.427320 0.917325
vt 0.329829 0.917406
vt 0.897672 0.256340
vt 0.884100 0.449632
vt 0.888730 0.252957
vt 0.787745 0.261745
vt 0.884394 0.017233
vt 0.892874 0.017276
vt 0.905091 0.256731
vt 0.792147 0.271834
vt 0.786403 0.016977
vt 0.448166 0.488939
vt 0.900610 0.017739
vt 0.906859 0.011113
vt 0.915511 0.252317
vt 0.915252 0.017279
vt 0.921631 0.016932
vt 0.920760 0.255699
vt 0.289249 0.001474
vt 0.896744 0.007228
vt 0.791106 0.007404
vt 0.780200 0.017088
vt 0.780301 0.007055
vt 0.791428 0.017696
vt 0.279906 0.001469
vt 0.459793 0.483351
vt 0.274002 0.005588
vt 0.437665 0.472019
vt 0.441604 0.464910
vt 0.425155 0.470469
vt 0.338195 0.469389
vt 0.963695 0.464997
vt 0.954746 0.460849
vt 0.959470 0.448309
vt 0.941896 0.465068
vt 0.942340 0.459646
vt 0.937108 0.449914
vt 0.946397 0.448557
vt 0.932777 0.460352
vt 0.929883 0.450161
vt 0.790555 0.464964
vt 0.797608 0.460434
vt 0.839935 0.460361
vt 0.850992 0.465081
vt 0.840729 0.465278
vt 0.839121 0.449840
vt 0.849359 0.460661
vt 0.971414 0.715995
vt 0.965852 0.707087
vt 0.974531 0.696392
vt 0.798842 0.449654
vt 0.797000 0.465343
vt 0.808397 0.460705
vt 0.805409 0.448859
vt 0.821275 0.447751
vt 0.826467 0.460428
vt 0.824323 0.465378
vt 0.829975 0.449228
vt 0.912956 0.726050
vt 0.911087 0.731971
vt 0.940411 0.727520
vt 0.969713 0.730448
vt 0.970662 0.735799
vt 0.961363 0.135883
vt 0.941483 0.252083
vt 0.935219 0.260426
vt 0.797704 0.253432
vt 0.951782 0.448915
vt 0.954327 0.020052
vt 0.930896 0.168238
vt 0.835421 0.257416
vt 0.840957 0.178708
vt 0.844534 0.450560
vt 0.813522 0.442251
vt 0.805372 0.253335
vt 0.830208 0.138610
vt 0.335009 0.904017
vt 0.939134 0.017686
vt 0.797899 0.018998
vt 0.805935 0.020108
vt 0.814023 0.114874
vt 0.822865 0.109591
vt 0.963054 0.017866
vt 0.948165 0.010604
vt 0.930185 0.017657
vt 0.959660 0.007328
vt 0.845684 0.018078
vt 0.839115 0.007595
vt 0.850889 0.007639
vt 0.813271 0.004587
vt 0.814273 0.009670
vt 0.822729 0.016414
vt 0.827703 0.006893
vt 0.830719 0.017522
vt 0.837254 0.018277
vt 0.331500 0.459821
vt 0.328731 0.469183
vt 0.977608 0.730263
vt 0.979194 0.696953
vt 0.269098 0.464542
vt 0.264428 0.465892
vt 0.264677 0.447811
vt 0.977304 0.734932
vt 0.323235 0.916316
vt 0.327895 0.912702
vt 0.269814 0.450155
vt 0.322318 0.901939
vt 0.246599 0.443440
vt 0.265401 0.018099
vt 0.271064 0.017947
vt 0.263433 0.007517
vt 0.323435 0.455690
vt 0.322318 0.469750
vt 0.625597 0.635833
vt 0.640326 0.645652
vt 0.851390 0.469377
vt 0.839801 0.469084
vt 0.633988 0.651625
vt 0.644177 0.662940
vt 0.584693 0.615576
vt 0.598711 0.625111
vt 0.602034 0.634280
vt 0.819995 0.468446
vt 0.587373 0.638039
vt 0.575711 0.636006
vt 0.805225 0.469039
vt 0.570907 0.645689
vt 0.554419 0.651059
vt 0.779669 0.473640
vt 0.788487 0.468771
vt 0.561604 0.654081
vt 0.975242 0.005569
vt 0.991218 0.001469
vt 0.553300 0.667001
vt 0.184287 0.002004
vt 0.548005 0.652885
vt 0.659192 0.728751
vt 0.887267 0.002217
vt 0.866390 0.002384
vt 0.652782 0.698096
vt 0.647742 0.683766
vt 0.645348 0.703775
vt 0.907230 0.001469
vt 0.918920 0.001588
vt 0.649744 0.730145
vt 0.641614 0.722342
vt 0.789295 0.001590
vt 0.778012 0.001486
vt 0.668679 0.731388
vt 0.635945 0.731631
vt 0.654209 0.737230
vt 0.668579 0.737327
vt 0.422664 0.459705
vt 0.426851 0.453572
vt 0.978221 0.001724
vt 0.952069 0.002442
vt 0.929839 0.001469
vt 0.851390 0.001847
vt 0.838681 0.001469
vt 0.568070 0.733073
vt 0.562961 0.715476
vt 0.575172 0.727194
vt 0.556678 0.731659
vt 0.624600 0.726420
vt 0.610358 0.733936
vt 0.090377 0.484288
vt 0.087039 0.478995
vt 0.090377 0.468841
vt 0.600292 0.731234
vt 0.594872 0.734495
vt 0.374493 0.455194
vt 0.601854 0.738952
vt 0.557821 0.739008
vt 0.230898 0.002894
vt 0.551973 0.693141
vt 0.548217 0.699503
vt 0.554927 0.712458
vt 0.549731 0.732025
vt 0.270046 0.003900
vt 0.263449 0.001824
vt 0.550767 0.738625
vt 0.535037 0.377614
vt 0.534687 0.399250
vt 0.565380 0.098798
vt 0.541538 0.047336
vt 0.536653 0.054830
vt 0.113290 0.716986
vt 0.114754 0.730113
vt 0.106151 0.707931
vt 0.118564 0.683299
vt 0.118246 0.671407
vt 0.290931 0.902120
vt 0.440224 0.112998
vt 0.077989 0.556086
vt 0.077989 0.543987
vt 0.086325 0.548183
vt 0.081185 0.732402
vt 0.074918 0.725004
vt 0.093316 0.472167
vt 0.426119 0.122911
vt 0.657724 0.456009
vt 0.858827 0.483943
vt 0.069443 0.478144
vt 0.658777 0.009878
vt 0.542781 0.023535
vt 0.080023 0.541048
vt 0.651431 0.012139
vt 0.085381 0.598541
vt 0.085381 0.606473
vt 0.079056 0.599456
vt 0.534626 0.014761
vt 0.274002 0.567436
vt 0.278522 0.560637
vt 0.278522 0.572285
vt 0.745669 0.932838
vt 0.729106 0.932784
vt 0.002592 0.484706
vt 0.883505 0.545652
vt 0.884936 0.541628
vt 0.898323 0.560026
vt 0.274002 0.543542
vt 0.277616 0.555645
vt 0.274002 0.557698
vt 0.682786 0.932899
vt 0.955782 0.565055
vt 0.082767 0.468841
vt 0.082767 0.495930
vt 0.077989 0.484623
vt 0.267510 0.485558
vt 0.202256 0.442546
vt 0.124518 0.469559
vt 0.584071 0.478329
vt 0.083770 0.595602
vt 0.079056 0.594106
vt 0.083770 0.584967
vt 0.553268 0.508977
vt 0.199142 0.469348
vt 0.389430 0.325955
vt 0.099528 0.771889
vt 0.274002 0.519803
vt 0.274002 0.453572
vt 0.278739 0.501931
vt 0.105501 0.764781
vt 0.319380 0.920052
vt 0.112351 0.769863
vt 0.111751 0.775555
vt 0.121579 0.769980
vt 0.391635 0.345689
vt 0.119027 0.778354
vt 0.304473 0.725140
vt 0.313353 0.725151
vt 0.083676 0.758251
vt 0.083752 0.779326
vt 0.659700 0.749053
vt 0.656694 0.741947
vt 0.660669 0.764117
vt 0.319379 0.697221
vt 0.315252 0.453572
vt 0.489762 0.857431
vt 0.536124 0.811698
vt 0.496783 0.519979
vt 0.851390 0.932826
vt 0.849227 0.478389
vt 0.850477 0.715895
vt 0.924255 0.632640
vt 0.946003 0.632448
vt 0.994510 0.465830
vt 0.978075 0.465458
vt 0.782192 0.486098
vt 0.910263 0.465774
vt 0.922494 0.449049
vt 0.778012 0.465507
vt 0.436508 0.909907
vt 0.782552 0.255599
vt 0.917337 0.007183
vt 0.926900 0.007165
vt 0.931441 0.464766
vt 0.956197 0.717157
vt 0.845998 0.168632
vt 0.933832 0.007321
vt 0.622084 0.642078
vt 0.854933 0.003196
vt 0.778891 0.468645
vt 0.556126 0.670006
vt 0.636366 0.715598
vt 0.330405 0.453611
s 1
usemtl right_finger4_lower_mat
f 2/1/1 1/2/2 6/3/3
f 3/4/4 6/3/3 4/5/5
f 5/6/6 1/2/2 8/7/7
f 4/5/5 6/3/3 7/8/8
f 6/3/3 5/6/6 9/9/9
f 7/8/8 6/3/3 9/9/9
f 13/10/10 12/11/11 3/12/4
f 4/5/5 10/13/12 13/14/10
f 7/8/8 11/15/13 10/13/12
f 12/16/11 15/17/14 14/18/15
f 16/19/16 15/17/14 17/20/17
f 17/20/17 10/13/12 105/21/18
f 17/20/17 105/21/18 106/22/19
f 16/19/16 17/20/17 106/22/19
f 22/23/20 19/24/21 20/25/22
f 22/23/20 20/25/22 21/26/23
f 27/27/24 23/28/25 24/29/26
f 27/27/24 24/29/26 25/30/27
f 21/26/23 26/31/28 23/28/25
f 19/32/21 30/33/29 28/34/30
f 20/25/22 28/35/30 26/31/28
f 29/36/31 21/26/23 27/27/24
f 30/33/29 19/32/21 18/37/32
f 40/38/33 31/39/34 36/40/35
f 23/41/25 33/42/36 32/43/37
f 24/29/26 32/44/37 31/39/34
f 31/45/34 37/46/38 35/47/39
f 36/48/35 31/45/34 35/47/39
f 39/49/40 35/47/39 37/46/38
f 39/49/40 37/46/38 38/50/41
f 70/51/42 38/50/41 34/52/43
f 39/49/40 38/50/41 70/51/42
f 70/51/42 34/52/43 147/53/44
f 29/36/31 27/27/24 48/54/45
f 40/38/33 36/40/35 42/55/46
f 42/55/46 36/40/35 41/56/47
f 42/55/46 41/56/47 12/11/11
f 36/48/35 1/2/2 2/1/1
f 41/56/47 2/57/1 3/12/4
f 21/26/23 29/36/31 43/58/48
f 48/54/45 25/30/27 45/59/49
f 45/59/49 25/30/27 44/60/50
f 46/61/51 21/26/23 55/62/52
f 44/60/50 40/38/33 51/63/53
f 42/55/46 12/11/11 51/63/53
f 40/38/33 42/55/46 51/63/53
f 45/59/49 47/64/54 48/54/45
f 47/64/54 44/60/50 49/65/55
f 12/11/11 14/66/15 51/63/53
f 49/67/55 51/68/53 53/69/56
f 49/67/55 53/69/56 52/70/57
f 50/71/58 47/72/54 52/70/57
f 50/71/58 52/70/57 54/73/59
f 107/74/60 14/18/15 16/19/16
f 54/73/59 53/69/56 107/74/60
f 55/62/52 56/75/61 57/76/62
f 46/61/51 57/76/62 58/77/63
f 58/77/63 57/76/62 59/78/64
f 55/62/52 48/54/45 60/79/65
f 56/75/61 55/62/52 61/80/66
f 63/81/67 57/82/62 62/83/68
f 64/84/69 60/85/65 50/71/58
f 62/83/68 64/84/69 63/81/67
f 7/8/8 9/9/9 67/86/70
f 39/49/40 70/51/42 8/7/7
f 9/9/9 70/51/42 68/87/71
f 67/86/70 9/9/9 68/87/71
f 67/86/70 68/87/71 69/88/72
f 70/51/42 9/9/9 8/7/7
f 69/88/72 71/89/73 72/90/74
f 70/51/42 73/91/75 75/92/76
f 75/92/76 71/89/73 70/51/42
f 70/51/42 122/93/77 74/94/78
f 71/89/73 75/92/76 76/95/79
f 72/90/74 76/95/79 77/96/80
f 72/90/74 77/96/80 78/97/81
f 74/94/78 80/98/82 81/99/83
f 122/93/77 66/100/84 80/98/82
f 88/101/85 82/102/86 81/103/83
f 83/104/87 82/102/86 88/101/85
f 73/105/75 79/106/88 84/107/89
f 84/108/90 79/109/88 81/103/83
f 91/110/91 73/105/75 84/107/89
f 85/111/92 91/112/93 84/113/94
f 86/114/95 92/115/96 85/111/92
f 11/15/13 7/8/8 67/86/70
f 93/116/97 99/117/98 69/88/72
f 93/116/97 78/97/81 94/118/99
f 95/119/100 87/120/101 82/102/86
f 97/121/102 83/104/87 89/122/103
f 78/97/81 77/96/80 94/118/99
f 96/123/104 98/124/105 86/114/95
f 99/117/98 11/15/13 67/86/70
f 108/125/106 99/117/98 93/116/97
f 100/126/107 93/116/97 94/118/99
f 101/127/108 95/119/100 83/104/87
f 102/128/109 96/129/104 87/120/101
f 100/126/107 94/118/99 410/130/110
f 105/21/18 11/15/13 108/125/106
f 105/21/18 108/125/106 109/131/111
f 109/131/111 108/125/106 100/126/107
f 113/132/112 109/131/111 112/133/113
f 111/134/114 109/135/111 113/136/112
f 116/137/115 111/138/114 115/139/116
f 117/140/117 114/141/118 101/127/108
f 117/140/117 116/142/115 115/143/116
f 118/144/119 110/145/120 116/146/115
f 102/128/109 119/147/121 96/129/104
f 119/147/121 114/141/118 115/143/122
f 117/140/117 101/127/108 97/121/102
f 120/148/123 116/146/115 117/149/117
f 121/150/124 112/151/113 103/152/125
f 104/153/126 121/154/127 103/155/128
f 121/156/127 96/123/104 119/157/121
f 122/93/77 70/51/42 147/53/44
f 122/93/77 123/158/129 66/100/84
f 125/159/130 126/160/131 66/100/84
f 66/100/84 88/161/85 80/98/82
f 127/162/132 88/101/85 126/163/131
f 127/164/132 126/160/131 128/165/133
f 129/166/134 128/165/133 130/167/135
f 132/168/136 130/167/135 128/165/133
f 131/169/137 107/74/60 110/145/120
f 129/166/134 120/148/123 117/149/117
f 129/166/134 130/167/135 132/168/136
f 133/170/138 129/166/134 132/168/136
f 118/144/119 133/170/138 134/171/139
f 131/169/137 118/144/119 134/171/139
f 190/172/140 54/73/59 131/169/137
f 167/173/141 136/174/142 135/175/143
f 141/176/144 138/177/145 167/173/141
f 141/176/144 139/178/146 138/177/145
f 142/179/147 18/37/32 135/180/148
f 143/181/149 135/180/148 136/182/150
f 143/181/149 136/182/150 137/183/151
f 144/184/152 137/185/151 139/186/153
f 147/53/44 142/179/147 143/181/149
f 148/187/154 143/188/149 144/184/152
f 149/189/155 145/190/156 146/191/157
f 153/192/158 149/189/155 150/193/159
f 151/194/160 153/195/161 150/196/162
f 151/194/160 154/197/163 153/195/161
f 156/198/164 144/184/152 145/190/156
f 157/199/165 145/190/156 149/189/155
f 157/199/165 149/189/155 153/192/158
f 154/200/163 158/201/166 153/202/161
f 161/203/167 159/204/168 154/200/163
f 162/205/169 156/198/164 157/199/165
f 163/206/170 157/207/171 158/201/166
f 164/208/172 158/201/166 159/204/168
f 165/209/173 163/206/170 164/208/172
f 166/210/174 18/211/175 22/23/20
f 167/173/141 135/175/143 166/210/174
f 168/212/176 155/213/177 152/214/178
f 169/215/179 154/197/163 155/213/177
f 164/208/172 159/204/168 170/216/180
f 166/210/174 22/23/20 46/61/51
f 161/203/167 154/200/163 171/217/181
f 141/176/144 167/173/141 174/218/182
f 172/219/183 164/208/172 173/220/184
f 167/173/141 46/61/51 174/218/182
f 193/221/185 174/218/182 234/222/186
f 175/223/187 169/215/179 168/212/176
f 177/224/188 176/225/189 160/226/190
f 170/216/180 160/226/190 176/225/189
f 58/77/63 59/78/64 178/227/191
f 174/218/182 46/61/51 58/77/63
f 58/77/63 178/227/191 179/228/192
f 179/228/192 178/227/191 180/229/193
f 179/228/192 180/229/193 181/230/194
f 179/228/192 181/230/194 183/231/195
f 183/231/195 181/230/194 184/232/196
f 185/233/197 59/234/198 63/81/67
f 186/235/199 178/236/200 185/237/197
f 180/238/193 186/239/199 187/240/201
f 188/241/202 182/242/203 187/243/201
f 187/243/201 186/244/199 190/245/140
f 189/246/204 187/243/201 190/245/140
f 190/172/140 63/81/67 65/247/205
f 192/248/206 173/220/184 191/249/207
f 140/250/208 141/176/144 193/221/185
f 194/251/209 140/250/208 195/252/210
f 195/252/210 193/221/185 196/253/211
f 146/191/157 139/186/153 194/254/212
f 198/255/213 152/214/178 151/194/160
f 202/256/214 150/196/162 201/257/215
f 203/258/216 198/255/213 202/256/214
f 197/259/217 201/260/218 146/191/157
f 206/261/219 201/257/215 205/262/220
f 206/261/219 204/263/221 202/256/214
f 194/254/212 207/264/222 197/259/217
f 204/263/221 206/261/219 208/265/223
f 210/266/224 205/262/220 209/267/225
f 210/266/224 208/265/223 206/261/219
f 207/264/222 209/268/226 205/269/227
f 212/270/228 211/271/229 208/265/223
f 212/272/228 210/273/224 214/274/230
f 207/264/222 213/275/231 209/268/226
f 214/274/230 210/273/224 215/276/232
f 216/277/233 215/276/232 210/273/224
f 215/276/232 216/277/233 219/278/234
f 216/277/233 218/279/235 220/280/236
f 219/278/234 220/280/236 221/281/237
f 222/282/238 219/278/234 221/281/237
f 224/283/239 223/284/240 200/285/241
f 204/263/221 224/283/239 203/258/216
f 226/286/242 225/287/243 204/263/221
f 227/288/244 152/214/178 199/289/245
f 223/284/240 227/288/244 199/289/245
f 229/290/246 214/274/230 215/276/232
f 196/253/211 193/221/185 234/222/186
f 231/291/247 230/292/248 223/284/240
f 232/293/249 225/287/243 226/286/242
f 233/294/250 229/290/246 217/295/251
f 238/296/252 231/291/247 225/287/243
f 238/296/252 237/297/253 236/298/254
f 239/299/255 232/293/249 208/265/223
f 239/299/255 211/271/229 240/300/256
f 228/301/257 240/302/256 211/303/229
f 241/304/258 228/301/257 214/274/230
f 242/305/259 233/294/250 219/278/234
f 243/306/260 230/292/248 236/298/254
f 237/297/253 238/296/252 244/307/261
f 232/293/249 244/307/261 238/296/252
f 239/299/255 244/307/261 232/293/249
f 245/308/262 242/305/259 222/282/238
f 234/222/186 184/232/196 246/309/263
f 248/310/264 251/311/265 243/306/260
f 249/312/266 243/306/260 236/298/254
f 249/312/266 248/310/264 243/306/260
f 251/311/265 175/223/187 227/288/244
f 247/313/267 175/223/187 251/311/265
f 251/311/265 227/288/244 230/292/248
f 250/314/268 249/312/266 244/307/261
f 252/315/269 244/307/261 239/299/255
f 252/315/269 239/299/255 240/300/256
f 228/301/257 252/316/269 240/302/256
f 253/317/270 241/304/258 229/290/246
f 233/294/250 253/317/270 229/290/246
f 255/318/271 233/294/250 242/305/259
f 255/318/271 242/305/259 245/308/262
f 256/319/272 195/252/210 257/320/273
f 258/321/274 256/322/272 257/323/273
f 256/324/272 207/264/222 194/254/212
f 259/325/275 260/326/276 258/321/274
f 258/321/274 261/327/277 256/322/272
f 261/328/277 213/275/231 207/264/222
f 260/326/276 263/329/278 258/321/274
f 261/328/277 218/330/279 213/275/231
f 259/325/275 257/323/273 264/331/280
f 262/332/281 260/326/276 265/333/282
f 264/334/280 196/253/211 235/335/283
f 265/333/282 259/325/275 267/336/284
f 268/337/285 235/335/283 246/309/263
f 268/338/285 267/336/284 264/331/280
f 271/339/286 162/340/287 163/206/170
f 165/209/173 271/339/286 163/206/170
f 162/205/169 273/341/288 156/198/164
f 275/342/289 271/339/286 272/343/290
f 276/344/291 271/339/286 275/342/289
f 271/339/286 277/345/292 274/346/293
f 279/347/294 271/339/286 276/344/291
f 278/348/295 279/347/294 280/349/296
f 282/350/297 278/351/295 280/352/296
f 277/353/292 283/354/298 273/341/288
f 281/355/299 283/354/298 277/353/292
f 286/356/300 273/341/288 283/354/298
f 288/357/301 272/343/290 287/358/302
f 289/359/303 275/342/289 288/357/301
f 279/347/294 276/344/291 289/359/303
f 287/358/302 165/209/173 172/219/183
f 292/360/304 290/361/305 280/352/296
f 192/248/206 287/358/302 172/219/183
f 192/248/206 288/357/301 287/358/302
f 293/362/306 291/363/307 289/359/303
f 294/364/308 291/365/307 293/366/306
f 294/364/308 295/367/309 292/360/304
f 189/246/204 634/368/310 296/369/311
f 220/280/236 218/279/235 297/370/312
f 299/371/313 300/372/314 301/373/315
f 301/373/315 220/280/236 299/371/313
f 300/372/314 302/374/316 303/375/317
f 300/372/314 299/371/313 302/374/316
f 304/376/318 281/377/299 278/351/295
f 304/376/318 282/350/297 305/378/319
f 307/379/320 298/380/321 306/381/322
f 309/382/323 307/379/320 308/383/324
f 309/382/323 302/384/316 307/379/320
f 310/385/325 298/386/326 297/387/327
f 311/388/328 304/389/318 313/390/329
f 313/391/329 305/378/319 314/392/330
f 313/391/329 314/392/330 316/393/331
f 316/393/331 314/392/330 317/394/332
f 318/395/333 315/396/334 313/397/329
f 318/398/333 306/381/322 315/399/334
f 308/383/324 318/398/333 316/393/331
f 311/388/328 285/400/335 283/354/298
f 315/401/336 285/400/335 311/388/328
f 319/402/337 315/401/336 310/385/325
f 549/403/338 319/402/337 310/385/325
f 320/404/339 222/282/238 221/281/237
f 301/373/315 321/405/340 325/406/341
f 325/406/341 320/404/339 301/373/315
f 300/372/314 303/375/317 322/407/342
f 322/407/342 301/373/315 300/372/314
f 305/378/319 282/350/297 323/408/343
f 312/409/344 305/378/319 323/408/343
f 312/409/344 323/408/343 326/410/345
f 326/410/345 314/392/330 312/409/344
f 324/411/346 316/393/331 328/412/347
f 323/408/343 290/361/305 327/413/348
f 330/414/349 308/383/324 329/415/350
f 303/416/317 309/382/323 330/414/349
f 328/412/347 317/394/332 331/417/351
f 326/410/345 327/413/348 332/418/352
f 324/411/346 328/412/347 333/419/353
f 324/411/346 333/419/353 334/420/354
f 331/417/351 326/410/345 332/418/352
f 333/419/353 331/417/351 332/418/352
f 320/404/339 325/406/341 336/421/355
f 336/421/355 222/282/238 320/404/339
f 335/422/356 325/406/341 321/405/340
f 322/423/342 303/416/317 337/424/357
f 335/422/356 322/407/342 338/425/358
f 329/415/350 334/420/354 340/426/359
f 341/427/360 337/424/357 342/428/361
f 327/413/348 295/367/309 343/429/362
f 344/430/363 295/367/309 294/364/308
f 332/418/352 327/413/348 343/429/362
f 339/431/364 344/430/363 345/432/365
f 340/426/359 345/432/365 342/428/361
f 346/433/366 297/387/327 261/328/277
f 346/433/366 549/403/338 310/385/325
f 260/326/276 347/434/367 263/329/278
f 262/332/281 348/435/368 260/326/276
f 703/436/369 262/332/281 266/437/370
f 705/438/371 266/437/370 265/333/282
f 184/232/196 349/439/372 350/440/373
f 351/441/374 349/442/372 188/241/202
f 352/443/375 350/444/373 351/441/374
f 354/445/376 352/443/375 353/446/377
f 353/446/377 351/441/374 355/447/378
f 356/448/379 175/223/187 354/449/380
f 356/450/381 353/446/377 357/451/382
f 358/452/383 191/249/207 357/453/384
f 355/447/378 188/241/202 359/454/385
f 184/232/196 350/440/373 360/455/386
f 361/456/387 350/444/373 352/443/375
f 361/457/388 247/313/267 248/310/264
f 362/458/389 248/310/264 250/314/268
f 360/459/390 361/456/387 362/460/389
f 360/459/390 362/460/389 363/461/391
f 354/449/380 175/223/187 247/313/267
f 354/449/380 247/313/267 361/457/388
f 252/315/269 364/462/392 250/314/268
f 363/461/391 364/463/392 365/464/393
f 253/317/270 364/465/392 252/316/269
f 365/464/393 364/463/392 366/466/394
f 254/467/395 366/468/394 253/317/270
f 365/464/393 366/466/394 367/469/396
f 367/470/396 255/318/271 368/471/397
f 268/337/285 246/309/263 360/455/386
f 268/472/285 363/461/391 369/473/398
f 370/474/399 269/475/400 369/476/398
f 369/473/398 368/477/401 370/478/399
f 370/474/399 270/479/402 269/475/400
f 188/241/202 189/246/204 371/480/403
f 358/481/404 359/454/385 372/482/405
f 372/483/406 288/357/301 192/248/206
f 373/484/407 288/357/301 372/483/406
f 372/482/405 359/454/385 374/485/408
f 373/486/407 374/485/408 375/487/409
f 374/485/408 359/454/385 376/488/410
f 359/454/385 371/480/403 377/489/411
f 376/488/410 377/489/411 378/490/412
f 368/471/397 336/421/355 379/491/413
f 379/491/413 341/492/360 381/493/414
f 380/494/415 379/495/416 381/496/417
f 382/497/418 344/430/363 375/498/409
f 383/499/419 345/432/365 382/497/418
f 381/500/414 342/428/361 383/499/419
f 385/501/420 381/496/417 383/502/421
f 380/494/415 381/496/417 385/501/420
f 382/503/422 376/488/410 384/504/423
f 385/501/420 382/503/422 384/504/423
f 380/494/415 386/505/424 716/506/425
f 370/478/399 368/477/401 379/495/416
f 370/478/399 379/495/416 380/494/415
f 390/507/426 91/112/93 92/115/96
f 392/508/427 77/96/80 391/509/428
f 396/510/429 91/112/93 390/507/426
f 398/511/430 394/512/431 395/513/432
f 399/514/433 395/513/432 396/515/429
f 398/511/430 397/516/434 394/512/431
f 401/517/435 398/511/430 399/514/433
f 401/517/435 399/514/433 400/518/436
f 402/519/437 388/520/438 389/521/439
f 403/522/440 391/509/428 404/523/441
f 403/522/440 404/523/441 405/524/442
f 404/523/441 90/525/443 407/526/444
f 393/527/445 407/526/444 90/525/443
f 411/528/446 92/115/96 98/124/105
f 412/529/447 390/507/426 411/528/446
f 400/518/436 396/515/429 412/530/447
f 414/531/448 392/508/427 403/522/440
f 415/532/449 414/531/448 405/524/442
f 406/533/450 408/534/451 461/535/452
f 100/126/107 410/130/110 416/536/453
f 417/537/454 98/124/105 104/538/455
f 412/529/447 411/528/446 417/537/454
f 416/536/453 415/532/449 418/539/456
f 415/532/449 406/533/450 419/540/457
f 420/541/458 100/126/107 416/536/453
f 421/542/459 112/151/113 420/543/458
f 423/544/460 417/545/454 421/546/461
f 423/544/460 422/547/462 424/548/463
f 423/549/460 412/529/447 417/537/454
f 426/550/464 423/544/460 424/548/463
f 413/551/465 400/518/436 426/550/464
f 413/551/465 425/552/466 427/553/467
f 420/541/458 416/536/453 429/554/468
f 420/541/458 429/554/468 430/555/469
f 422/556/470 430/557/469 431/558/471
f 425/559/472 431/560/471 432/561/473
f 433/562/474 427/563/467 432/564/473
f 432/561/473 430/565/469 434/566/475
f 430/555/469 418/539/456 435/567/476
f 436/568/477 430/555/469 435/567/476
f 435/567/476 461/535/452 437/569/478
f 436/568/477 437/569/478 438/570/479
f 124/571/480 123/158/129 439/572/481
f 440/573/482 124/571/480 439/572/481
f 440/573/482 439/572/481 387/574/483
f 439/572/481 123/158/129 441/575/484
f 123/158/129 147/53/44 284/576/485
f 441/575/484 388/577/438 387/574/483
f 441/575/484 409/578/486 393/527/445
f 443/579/487 440/573/482 442/580/488
f 125/159/130 440/573/482 443/579/487
f 444/581/489 387/582/483 397/516/434
f 444/583/489 440/573/482 387/574/483
f 444/581/489 397/516/434 398/511/430
f 442/580/488 444/583/489 445/584/490
f 443/579/487 442/580/488 446/585/491
f 132/168/136 443/579/487 446/585/491
f 445/586/490 413/551/465 448/587/492
f 448/587/492 447/588/493 445/586/490
f 133/170/138 447/589/494 449/590/495
f 134/171/139 449/590/495 450/591/496
f 448/587/492 413/551/465 427/553/467
f 449/590/495 448/592/492 428/593/497
f 450/591/496 449/590/495 428/593/497
f 450/591/496 428/593/497 451/594/498
f 451/594/498 433/562/474 434/595/475
f 131/169/137 451/594/498 499/596/499
f 131/169/137 499/596/499 190/172/140
f 407/526/444 455/597/500 454/598/501
f 409/578/486 455/597/500 393/527/445
f 409/578/486 457/599/502 455/597/500
f 458/600/503 456/601/504 459/602/505
f 409/578/486 452/603/506 457/599/502
f 456/601/504 461/535/452 408/534/451
f 460/604/507 462/605/508 458/600/503
f 462/605/508 464/606/509 456/601/504
f 464/606/509 437/569/478 461/535/452
f 436/568/477 438/570/479 465/607/510
f 499/596/499 436/568/477 465/607/510
f 438/570/479 437/569/478 464/606/509
f 463/608/511 466/609/512 464/606/509
f 468/610/513 465/607/510 466/609/512
f 469/611/514 466/609/512 467/612/515
f 284/576/485 477/613/516 123/158/129
f 472/614/517 409/578/486 473/615/518
f 477/613/516 473/615/518 409/578/486
f 475/616/519 452/603/506 474/617/520
f 452/603/506 476/618/521 474/617/520
f 472/614/517 476/618/521 452/603/506
f 476/618/521 480/619/522 478/620/523
f 492/621/524 478/622/523 479/623/525
f 472/614/517 480/619/522 476/618/521
f 479/623/525 478/622/523 481/624/526
f 473/615/518 480/619/522 472/614/517
f 481/624/526 480/625/522 483/626/527
f 480/619/522 484/627/528 483/628/527
f 473/615/518 486/629/529 484/627/528
f 481/624/526 483/626/527 487/630/530
f 482/631/531 470/632/532 486/629/529
f 487/630/530 486/633/529 488/634/533
f 488/634/533 486/633/529 471/635/534
f 491/636/535 453/637/536 475/616/519
f 492/621/524 475/638/519 478/622/523
f 463/639/511 460/640/507 491/641/535
f 494/642/537 491/641/535 492/621/524
f 494/642/537 463/639/511 491/641/535
f 495/643/538 493/644/539 479/623/525
f 496/645/540 495/643/538 481/624/526
f 502/646/541 485/647/542 489/648/543
f 497/649/544 469/611/514 467/612/515
f 497/649/544 463/608/511 494/650/537
f 494/651/537 469/652/514 497/653/544
f 498/654/545 468/610/513 469/611/514
f 493/644/539 500/655/546 494/642/537
f 501/656/547 498/654/545 500/657/546
f 496/645/540 501/658/547 495/643/538
f 503/659/548 502/646/541 490/660/549
f 504/661/550 499/596/499 498/654/545
f 499/596/499 504/661/550 505/662/551
f 506/663/552 498/654/545 501/656/547
f 507/664/553 501/658/547 502/646/541
f 508/665/554 505/662/551 506/663/552
f 507/666/553 508/665/554 506/663/552
f 509/667/555 505/662/551 508/665/554
f 503/659/548 507/664/553 502/646/541
f 510/668/556 509/667/555 507/666/553
f 511/669/557 144/184/152 273/341/288
f 148/187/154 512/670/558 513/671/559
f 513/671/559 284/672/485 148/187/154
f 516/673/560 286/356/300 514/674/561
f 515/675/562 516/673/560 514/674/563
f 520/676/564 511/669/557 286/356/300
f 520/676/564 286/356/300 516/673/560
f 517/677/565 520/676/564 516/673/560
f 522/678/566 517/679/565 518/680/567
f 524/681/568 511/669/557 520/676/564
f 525/682/569 520/683/564 521/684/570
f 523/685/571 525/682/569 521/684/570
f 527/686/572 518/687/567 519/688/573
f 529/689/574 523/685/571 522/678/566
f 531/690/575 530/691/576 523/685/571
f 533/692/577 528/693/578 518/680/567
f 532/694/579 529/689/574 528/693/578
f 534/695/580 531/690/575 529/689/574
f 533/696/577 527/686/572 535/697/581
f 536/698/582 531/690/575 534/695/580
f 537/699/583 531/690/575 536/698/582
f 549/403/338 538/700/584 319/402/337
f 319/402/337 538/700/584 285/400/335
f 539/701/585 286/356/300 538/700/584
f 541/702/586 286/356/300 539/701/585
f 542/703/587 514/704/563 541/705/588
f 542/703/587 540/706/589 515/707/562
f 546/708/590 541/705/588 545/709/591
f 546/708/590 544/710/592 542/703/587
f 540/706/589 517/711/565 515/707/562
f 548/712/593 546/708/590 550/713/594
f 551/714/595 546/708/590 545/709/591
f 552/715/596 550/713/594 546/708/590
f 554/716/597 550/713/594 553/717/598
f 549/403/338 551/718/599 539/701/585
f 553/719/598 552/720/596 556/721/600
f 549/403/338 555/722/601 551/718/599
f 558/723/602 552/720/596 557/724/603
f 558/723/602 557/724/603 560/725/604
f 561/726/605 544/710/592 547/727/606
f 544/710/592 564/728/607 543/729/608
f 566/730/609 550/713/594 554/716/597
f 564/728/607 568/731/610 540/706/589
f 573/732/611 561/726/605 548/712/593
f 562/733/612 540/706/589 568/731/610
f 569/734/613 548/712/593 550/713/594
f 570/735/614 566/730/609 553/717/598
f 567/736/615 570/737/614 553/719/598
f 567/736/615 556/721/600 571/738/616
f 563/739/617 571/738/616 556/721/600
f 563/739/617 560/725/604 572/740/618
f 568/731/610 574/741/619 562/733/612
f 575/742/620 569/734/613 566/730/609
f 571/738/616 563/739/617 576/743/621
f 572/740/618 576/743/621 563/739/617
f 579/744/622 565/745/623 561/726/605
f 579/744/622 578/746/624 577/747/625
f 574/741/619 535/697/581 527/686/572
f 581/748/626 535/697/581 574/741/619
f 581/748/626 564/728/607 577/747/625
f 581/748/626 577/747/625 578/746/624
f 582/749/627 561/726/605 573/732/611
f 580/750/628 579/744/622 582/749/627
f 575/742/620 583/751/629 582/749/627
f 583/751/629 575/742/620 570/735/614
f 567/736/615 583/752/629 570/737/614
f 567/736/615 571/738/616 576/743/621
f 586/753/630 584/754/631 576/743/621
f 347/434/367 588/755/632 346/756/366
f 588/757/632 555/722/601 549/403/338
f 588/757/632 559/758/633 555/722/601
f 347/434/367 589/759/634 588/755/632
f 590/760/635 705/438/371 270/479/402
f 591/761/636 512/670/558 511/669/557
f 594/762/637 524/763/638 525/682/569
f 592/764/639 594/762/637 525/682/569
f 596/765/640 594/762/637 595/766/641
f 597/767/642 596/765/640 598/768/643
f 597/769/642 591/761/636 593/770/644
f 599/771/645 601/772/646 591/761/636
f 602/773/647 599/771/645 597/769/642
f 598/768/643 602/774/647 597/767/642
f 602/775/647 603/776/648 605/777/649
f 604/778/650 601/772/646 599/771/645
f 606/779/651 470/632/532 482/631/531
f 513/671/559 607/780/652 284/672/485
f 470/632/532 609/781/653 471/782/534
f 606/779/651 610/783/654 609/781/653
f 607/784/652 612/785/655 610/783/654
f 611/786/656 609/787/657 613/788/658
f 512/670/558 614/789/659 612/790/655
f 512/670/558 612/790/655 607/780/652
f 613/788/658 610/791/660 615/792/661
f 600/793/662 614/789/659 512/670/558
f 616/794/663 600/795/662 608/796/664
f 615/792/661 614/797/665 616/798/666
f 617/799/667 596/765/640 595/766/641
f 490/660/549 471/635/534 611/786/656
f 530/691/576 592/764/639 526/800/668
f 619/801/669 617/799/667 592/764/639
f 605/777/649 603/776/648 622/802/670
f 625/803/671 617/799/667 619/801/669
f 626/804/672 620/805/673 617/799/667
f 674/806/674 622/802/670 627/807/675
f 613/788/658 624/808/676 611/786/656
f 628/809/677 623/810/678 620/805/673
f 618/811/679 623/810/678 629/812/680
f 627/813/675 621/814/681 629/812/680
f 634/815/310 190/172/140 499/596/499
f 631/816/682 625/803/671 537/699/583
f 631/816/682 628/809/677 626/804/672
f 631/816/682 623/810/678 628/809/677
f 633/817/683 629/818/680 632/819/684
f 499/596/499 505/662/551 634/815/310
f 633/817/683 630/820/685 627/807/675
f 635/821/686 634/815/310 509/667/555
f 503/659/548 510/822/687 507/664/553
f 624/808/676 510/822/687 503/659/548
f 636/823/688 509/667/555 510/668/556
f 637/824/689 636/825/690 510/822/687
f 638/826/691 637/824/689 624/808/676
f 638/826/691 636/825/690 637/824/689
f 680/827/692 638/826/691 613/788/658
f 557/724/603 559/828/693 640/829/694
f 557/724/603 640/829/694 641/830/695
f 640/829/694 559/828/693 642/831/696
f 645/832/697 646/833/698 647/834/699
f 647/834/699 640/829/694 645/832/697
f 646/833/698 648/835/700 649/836/701
f 646/833/698 645/832/697 648/835/700
f 604/837/702 602/775/647 650/838/703
f 652/839/704 644/840/705 651/841/706
f 653/842/707 648/843/700 652/839/704
f 654/844/708 644/845/709 642/846/710
f 656/847/711 650/838/703 605/777/649
f 655/848/712 650/838/703 657/849/713
f 657/849/713 656/847/711 658/850/714
f 657/849/713 658/850/714 660/851/715
f 662/852/716 659/853/717 657/849/713
f 662/852/716 651/841/706 659/853/717
f 663/854/718 662/852/716 660/851/715
f 653/842/707 662/852/716 663/854/718
f 655/855/719 608/856/720 601/772/646
f 659/857/721 608/856/720 655/855/719
f 664/858/722 659/857/721 654/844/708
f 616/859/663 608/856/664 664/858/722
f 560/725/604 641/830/695 667/860/723
f 647/834/699 646/833/698 668/861/724
f 668/861/724 646/833/698 669/862/725
f 658/850/714 656/847/711 671/863/726
f 667/860/723 643/864/727 672/865/728
f 669/862/725 649/836/701 673/866/729
f 674/806/674 605/777/649 622/802/670
f 653/842/707 670/867/730 675/868/731
f 675/868/731 649/869/701 653/842/707
f 671/863/726 605/777/649 674/806/674
f 661/870/732 658/850/714 676/871/733
f 663/854/718 660/851/715 678/872/734
f 678/872/734 670/867/730 663/854/718
f 680/827/692 613/788/658 666/873/735
f 668/861/724 669/862/725 681/874/736
f 676/871/733 683/875/737 684/876/738
f 660/851/715 677/877/739 685/878/740
f 572/740/618 667/860/723 686/879/741
f 672/865/728 647/834/699 687/880/742
f 681/874/736 673/866/729 691/881/743
f 683/875/737 674/806/674 630/820/685
f 689/882/744 586/753/630 686/879/741
f 689/882/744 686/879/741 672/865/728
f 687/880/742 668/861/724 681/874/736
f 691/883/743 692/884/745 690/885/746
f 684/876/738 633/817/683 693/886/747
f 677/877/739 684/876/738 694/887/748
f 694/887/748 684/876/738 693/886/749
f 695/888/750 677/877/739 694/887/748
f 695/888/750 694/887/748 696/889/751
f 688/890/752 685/878/740 695/888/750
f 682/891/753 696/889/751 692/884/745
f 697/892/754 638/826/691 680/827/692
f 697/892/754 680/827/692 679/893/755
f 699/894/756 642/846/710 589/895/757
f 701/896/758 699/897/759 347/434/367
f 700/898/760 347/434/367 348/435/368
f 701/899/761 664/858/722 699/894/756
f 701/900/758 665/901/762 616/798/666
f 702/902/763 701/896/758 700/898/760
f 702/903/763 679/893/755 665/901/762
f 703/436/369 348/435/368 698/904/764
f 705/438/371 700/898/760 348/435/368
f 706/905/765 704/906/766 700/898/760
f 707/907/767 706/905/765 705/438/371
f 708/908/768 679/893/755 704/909/766
f 707/907/767 704/906/766 706/905/765
f 710/910/769 378/490/412 711/911/770
f 713/912/771 535/697/581 712/913/772
f 713/914/771 711/911/770 714/915/773
f 716/506/425 715/916/774 709/917/775
f 709/917/775 710/910/769 717/918/776
f 580/750/628 717/919/776 578/746/624
f 709/917/775 717/918/776 718/920/777
f 719/921/778 709/917/775 718/920/777
f 712/913/772 535/697/581 581/748/626
f 712/913/772 578/746/624 717/919/776
f 583/751/629 718/922/779 580/750/628
f 719/921/778 718/920/777 720/923/780
f 716/506/425 720/923/780 721/924/781
f 584/925/631 720/926/782 583/751/629
f 721/924/781 720/923/780 722/927/783
f 585/928/784 722/929/783 584/754/631
f 721/924/781 722/927/783 723/930/785
f 724/931/786 270/479/402 370/474/399
f 370/478/399 716/506/425 724/932/786
f 377/489/411 371/480/403 725/933/787
f 726/934/788 537/699/583 714/935/773
f 377/489/411 725/933/787 727/936/789
f 726/937/790 727/936/789 728/938/791
f 728/939/792 623/810/678 631/816/682
f 729/940/793 623/810/678 728/939/792
f 727/936/789 725/933/787 730/941/794
f 728/938/791 730/941/794 731/942/795
f 732/943/796 632/819/684 729/944/793
f 725/933/787 296/369/311 635/945/686
f 731/942/795 730/941/794 733/946/797
f 734/947/798 635/945/686 636/948/688
f 639/949/799 734/950/800 636/825/690
f 723/951/785 689/882/744 735/952/801
f 687/880/742 736/953/802 735/952/801
f 736/954/802 692/884/745 738/955/803
f 739/956/804 736/957/805 738/958/806
f 740/959/807 736/957/805 739/956/804
f 732/960/796 733/946/797 741/961/808
f 742/962/809 693/963/747 741/964/808
f 738/958/806 693/965/747 742/966/809
f 739/956/804 738/958/806 742/966/809
f 743/967/810 639/949/799 697/892/754
f 741/961/811 734/947/798 743/968/812
f 744/969/813 742/966/814 743/968/812
f 745/970/815 590/760/635 724/931/786
f 724/932/786 735/971/816 745/972/817
f 745/972/817 735/971/816 737/973/818
f 745/970/815 707/907/767 590/760/635
f 746/974/819 737/973/818 740/959/807
f 708/975/820 707/907/767 746/976/821
f 708/977/822 740/959/807 744/969/813
f 3/4/4 2/1/1 6/3/3
f 5/6/6 6/3/3 1/2/2
f 39/49/40 8/7/7 1/2/2
f 4/5/5 7/8/8 10/13/12
f 3/12/4 12/11/11 41/56/47
f 13/14/10 3/4/4 4/5/5
f 12/16/11 13/14/10 15/17/14
f 16/19/16 14/18/15 15/17/14
f 13/14/10 10/13/12 17/20/17
f 15/17/14 13/14/10 17/20/17
f 10/13/12 11/15/13 105/21/18
f 22/23/20 18/211/175 19/24/21
f 27/27/24 21/26/23 23/28/25
f 20/25/22 19/24/21 28/35/30
f 21/26/23 20/25/22 26/31/28
f 40/38/33 25/30/27 31/39/34
f 24/978/26 23/41/25 32/43/37
f 25/30/27 24/29/26 31/39/34
f 33/42/36 23/41/25 26/979/28
f 34/52/43 26/979/28 28/34/30
f 34/52/43 33/42/36 26/979/28
f 34/52/43 28/34/30 30/33/29
f 30/33/29 142/179/147 34/52/43
f 37/46/38 31/45/34 32/43/37
f 38/50/41 32/43/37 33/42/36
f 38/50/41 37/46/38 32/43/37
f 34/52/43 38/50/41 33/42/36
f 1/2/2 36/48/35 35/47/39
f 39/49/40 1/2/2 35/47/39
f 48/54/45 27/27/24 25/30/27
f 41/56/47 36/40/35 2/57/1
f 43/58/48 29/36/31 48/54/45
f 44/60/50 25/30/27 40/38/33
f 55/62/52 21/26/23 43/58/48
f 46/61/51 22/23/20 21/26/23
f 45/59/49 44/60/50 47/64/54
f 44/60/50 51/63/53 49/65/55
f 51/63/53 14/66/15 53/980/56
f 47/72/54 49/67/55 52/70/57
f 52/70/57 53/69/56 54/73/59
f 107/74/60 53/69/56 14/18/15
f 65/247/205 50/71/58 54/73/59
f 46/61/51 55/62/52 57/76/62
f 48/54/45 47/64/54 60/79/65
f 55/62/52 43/58/48 48/54/45
f 55/62/52 60/79/65 61/80/66
f 62/83/68 57/82/62 56/981/61
f 63/81/67 59/234/198 57/82/62
f 60/85/65 47/72/54 50/71/58
f 61/982/66 60/85/65 64/84/69
f 56/981/61 61/982/66 64/84/69
f 62/83/68 56/981/61 64/84/69
f 65/247/205 64/84/69 50/71/58
f 63/81/67 64/84/69 65/247/205
f 190/172/140 65/247/205 54/73/59
f 8/7/7 9/9/9 5/6/6
f 70/51/42 71/89/73 68/87/71
f 69/88/72 68/87/71 71/89/73
f 70/51/42 74/94/78 73/91/75
f 72/90/74 71/89/73 76/95/79
f 73/105/75 74/983/78 79/106/88
f 74/94/78 122/93/77 80/98/82
f 74/983/78 81/984/83 79/106/88
f 88/101/85 81/103/83 80/985/82
f 82/102/86 84/108/90 81/103/83
f 82/102/86 85/986/92 84/108/90
f 87/120/101 86/987/95 85/986/92
f 82/102/86 87/120/101 85/986/92
f 83/104/87 88/101/85 89/122/103
f 76/95/79 75/92/76 90/525/443
f 85/111/92 92/115/96 91/112/93
f 93/116/97 69/88/72 72/90/74
f 93/116/97 72/90/74 78/97/81
f 83/104/87 95/119/100 82/102/86
f 87/988/101 96/123/104 86/114/95
f 86/114/95 98/124/105 92/115/96
f 67/86/70 69/88/72 99/117/98
f 100/126/107 108/125/106 93/116/97
f 95/119/100 102/128/109 87/120/101
f 97/121/102 101/127/108 83/104/87
f 96/123/104 104/538/126 98/124/105
f 107/74/60 16/19/16 106/22/19
f 11/15/13 99/117/98 108/125/106
f 107/74/60 106/22/19 109/131/111
f 106/22/19 105/21/18 109/131/111
f 107/74/60 109/131/111 110/145/120
f 111/989/114 110/145/120 109/131/111
f 112/133/113 109/131/111 100/126/107
f 116/990/115 110/991/120 111/992/114
f 101/127/108 114/141/118 95/119/100
f 117/140/117 115/143/116 114/141/118
f 119/993/823 111/134/114 113/136/112
f 102/128/109 114/141/118 119/147/121
f 114/141/118 102/128/109 95/119/100
f 119/993/823 115/994/116 111/134/114
f 120/148/123 118/144/119 116/146/115
f 121/150/124 113/136/112 112/151/113
f 121/156/127 104/538/126 96/123/104
f 121/150/124 119/993/823 113/136/112
f 123/158/129 122/93/77 147/53/44
f 66/100/84 123/158/129 124/571/480
f 125/159/130 66/100/84 124/571/480
f 66/100/84 126/160/131 88/161/85
f 127/162/132 89/122/103 88/101/85
f 125/159/130 128/165/133 126/160/131
f 127/162/132 97/121/102 89/122/103
f 127/162/132 129/995/134 97/121/102
f 129/166/134 127/164/132 128/165/133
f 125/159/130 132/168/136 128/165/133
f 131/169/137 54/73/59 107/74/60
f 118/144/119 131/169/137 110/145/120
f 129/166/134 117/149/117 97/996/102
f 133/170/138 120/148/123 129/166/134
f 118/144/119 120/148/123 133/170/138
f 138/177/145 137/997/824 136/174/142
f 167/173/141 138/177/145 136/174/142
f 138/177/145 139/178/146 137/997/824
f 141/176/144 140/250/208 139/178/146
f 142/179/147 30/33/29 18/37/32
f 143/181/149 142/179/147 135/180/148
f 144/184/152 143/188/149 137/185/151
f 145/190/156 144/184/152 139/186/153
f 146/191/157 145/190/156 139/186/153
f 148/187/154 147/998/44 143/188/149
f 150/193/159 149/189/155 146/191/157
f 147/53/44 34/52/43 142/179/147
f 151/194/160 152/214/178 154/197/163
f 152/214/178 155/213/177 154/197/163
f 157/199/165 156/198/164 145/190/156
f 153/202/161 158/201/166 157/207/171
f 154/200/163 159/204/168 158/201/166
f 161/203/167 160/226/190 159/204/168
f 163/206/170 162/340/287 157/207/171
f 164/208/172 163/206/170 158/201/166
f 166/210/174 135/175/143 18/211/175
f 168/212/176 169/215/179 155/213/177
f 170/216/180 159/204/168 160/226/190
f 167/173/141 166/210/174 46/61/51
f 169/215/179 171/999/181 154/197/163
f 172/219/183 165/209/173 164/208/172
f 193/221/185 141/176/144 174/218/182
f 173/220/184 164/208/172 170/216/180
f 161/203/167 177/224/188 160/226/190
f 177/224/188 161/203/167 171/217/181
f 174/218/182 58/77/63 179/228/192
f 184/232/196 181/230/194 182/1000/203
f 183/231/195 174/218/182 179/228/192
f 183/231/195 234/222/186 174/218/182
f 185/233/197 178/1001/200 59/234/198
f 186/239/199 180/238/193 178/1002/200
f 187/1003/201 181/230/194 180/229/193
f 182/1004/203 181/1005/194 187/1006/201
f 186/1007/199 185/233/197 63/81/67
f 189/246/204 188/241/202 187/243/201
f 190/172/140 186/1007/199 63/81/67
f 171/999/181 169/215/179 175/223/187
f 176/225/189 177/224/188 171/217/181
f 191/249/207 170/216/180 176/225/189
f 191/249/207 173/220/184 170/216/180
f 192/248/206 172/219/183 173/220/184
f 194/251/209 139/178/146 140/250/208
f 195/252/210 140/250/208 193/221/185
f 194/254/212 197/259/217 146/191/157
f 150/1008/162 198/1009/213 151/1010/160
f 198/255/213 199/289/245 152/214/178
f 200/285/241 199/289/245 198/255/213
f 201/260/218 150/193/159 146/191/157
f 202/256/214 198/255/213 150/196/162
f 203/258/216 200/285/241 198/255/213
f 202/256/214 204/263/221 203/258/216
f 197/259/217 205/269/227 201/260/218
f 206/261/219 202/256/214 201/257/215
f 197/259/217 207/264/222 205/269/227
f 210/266/224 206/261/219 205/262/220
f 210/266/224 212/270/228 208/265/223
f 210/273/224 209/1011/225 213/1012/825
f 216/277/233 210/273/224 213/1012/825
f 216/277/233 213/1012/825 218/279/235
f 217/295/251 215/276/232 219/278/234
f 219/278/234 216/277/233 220/280/236
f 200/285/241 223/284/240 199/289/245
f 203/258/216 224/283/239 200/285/241
f 204/263/221 225/287/243 224/283/239
f 226/286/242 204/263/221 208/265/223
f 227/288/244 168/212/176 152/214/178
f 212/270/228 228/1013/257 211/271/229
f 228/301/257 212/272/228 214/274/230
f 217/295/251 229/290/246 215/276/232
f 223/284/240 230/292/248 227/288/244
f 224/283/239 231/291/247 223/284/240
f 225/287/243 231/291/247 224/283/239
f 208/265/223 232/293/249 226/286/242
f 219/278/234 233/294/250 217/295/251
f 235/335/283 196/253/211 234/222/186
f 231/291/247 236/298/254 230/292/248
f 238/296/252 236/298/254 231/291/247
f 232/293/249 238/296/252 225/287/243
f 239/299/255 208/265/223 211/271/229
f 229/290/246 241/304/258 214/274/230
f 222/282/238 242/305/259 219/278/234
f 227/288/244 175/223/187 168/212/176
f 234/222/186 183/231/195 184/232/196
f 235/335/283 234/222/186 246/309/263
f 248/310/264 247/313/267 251/311/265
f 237/297/253 249/312/266 236/298/254
f 249/312/266 250/314/268 248/310/264
f 243/306/260 251/311/265 230/292/248
f 249/312/266 237/297/253 244/307/261
f 252/315/269 250/314/268 244/307/261
f 228/301/257 253/317/270 252/316/269
f 253/317/270 228/301/257 241/304/258
f 233/294/250 254/467/395 253/317/270
f 255/318/271 254/467/395 233/294/250
f 256/319/272 194/251/209 195/252/210
f 257/320/273 195/252/210 196/253/211
f 257/323/273 259/325/275 258/321/274
f 256/324/272 261/328/277 207/264/222
f 258/321/274 263/329/278 261/327/277
f 264/334/280 257/320/273 196/253/211
f 265/333/282 260/326/276 259/325/275
f 266/437/370 262/332/281 265/333/282
f 267/336/284 259/325/275 264/331/280
f 268/337/285 264/334/280 235/335/283
f 268/338/285 269/475/400 267/336/284
f 269/475/400 265/333/282 267/336/284
f 269/475/400 270/479/402 265/333/282
f 165/209/173 272/343/290 271/339/286
f 156/198/164 273/341/288 144/184/152
f 162/205/169 274/1014/826 273/341/288
f 271/339/286 274/346/293 162/340/287
f 274/1014/826 277/353/292 273/341/288
f 271/1015/286 278/1016/295 277/353/292
f 279/347/294 278/348/295 271/339/286
f 281/355/299 277/353/292 278/1016/295
f 148/187/154 284/672/485 147/998/44
f 285/400/335 286/356/300 283/354/298
f 287/358/302 272/343/290 165/209/173
f 288/357/301 275/342/289 272/343/290
f 289/359/303 276/344/291 275/342/289
f 280/352/296 290/361/305 282/350/297
f 291/363/307 279/347/294 289/359/303
f 280/349/296 279/347/294 291/363/307
f 292/360/304 280/352/296 291/365/307
f 293/362/306 289/359/303 288/357/301
f 294/1017/308 292/1018/304 291/1019/307
f 292/360/304 295/367/309 290/361/305
f 189/246/204 190/245/140 634/368/310
f 297/370/312 298/1020/321 299/371/313
f 299/371/313 220/280/236 297/370/312
f 301/373/315 221/281/237 220/280/236
f 302/374/316 299/371/313 298/1020/321
f 304/376/318 278/351/295 282/350/297
f 307/379/320 302/384/316 298/380/321
f 309/382/323 303/416/317 302/384/316
f 310/385/325 306/1021/827 298/386/326
f 281/355/299 311/388/328 283/354/298
f 304/389/318 311/388/328 281/355/299
f 313/391/329 304/376/318 305/378/319
f 314/392/330 305/378/319 312/409/344
f 315/1022/334 311/1023/328 313/1024/329
f 318/398/333 313/391/329 316/393/331
f 318/398/333 307/379/320 306/381/322
f 308/383/324 307/379/320 318/398/333
f 310/385/325 315/401/336 306/1021/827
f 315/401/336 319/402/337 285/400/335
f 301/373/315 320/404/339 221/281/237
f 322/407/342 321/405/340 301/373/315
f 324/411/346 308/383/324 316/393/331
f 323/408/343 282/350/297 290/361/305
f 328/412/347 316/393/331 317/394/332
f 326/410/345 323/408/343 327/413/348
f 329/415/350 308/383/324 324/411/346
f 330/414/349 309/382/323 308/383/324
f 326/410/345 331/417/351 314/392/330
f 317/394/332 314/392/330 331/417/351
f 329/415/350 324/411/346 334/420/354
f 331/417/351 333/419/353 328/412/347
f 336/421/355 245/308/262 222/282/238
f 336/421/355 325/406/341 335/422/356
f 335/422/356 321/405/340 322/407/342
f 338/1025/358 322/423/342 337/424/357
f 339/431/364 333/419/353 332/418/352
f 334/420/354 333/419/353 339/431/364
f 337/424/357 303/416/317 330/414/349
f 330/414/349 329/415/350 340/426/359
f 336/421/355 335/422/356 341/492/360
f 255/318/271 245/308/262 336/421/355
f 337/424/357 330/414/349 342/428/361
f 341/427/360 338/1025/358 337/424/357
f 341/492/360 335/422/356 338/425/358
f 327/413/348 290/361/305 295/367/309
f 344/430/363 343/429/362 295/367/309
f 339/431/364 332/418/352 343/429/362
f 339/431/364 343/429/362 344/430/363
f 334/420/354 339/431/364 345/432/365
f 340/426/359 334/420/354 345/432/365
f 342/428/361 330/414/349 340/426/359
f 261/328/277 297/387/327 218/330/279
f 263/329/278 346/756/366 261/327/277
f 346/433/366 310/385/325 297/387/327
f 263/329/278 347/434/367 346/756/366
f 260/326/276 348/435/368 347/434/367
f 703/436/369 587/1026/828 262/332/281
f 270/479/402 705/438/371 265/333/282
f 184/232/196 182/1000/203 349/439/372
f 349/442/372 182/242/203 188/241/202
f 351/441/374 350/444/373 349/442/372
f 353/446/377 352/443/375 351/441/374
f 355/447/378 351/441/374 188/241/202
f 356/448/379 171/999/181 175/223/187
f 356/450/381 354/445/376 353/446/377
f 357/451/382 353/446/377 355/447/378
f 356/1027/379 357/453/384 176/225/189
f 356/1027/379 176/225/189 171/217/181
f 357/453/384 191/249/207 176/225/189
f 358/481/404 357/451/382 355/447/378
f 358/452/383 192/248/206 191/249/207
f 358/481/404 355/447/378 359/454/385
f 246/309/263 184/232/196 360/455/386
f 362/458/389 361/457/388 248/310/264
f 360/459/390 350/444/373 361/456/387
f 354/445/376 361/456/387 352/443/375
f 364/463/392 362/460/389 250/1028/268
f 363/461/391 362/460/389 364/463/392
f 253/1029/270 366/1030/394 364/1031/392
f 254/1032/395 367/469/396 366/466/394
f 367/470/396 254/467/395 255/318/271
f 268/338/285 369/476/398 269/475/400
f 268/472/285 360/459/390 363/461/391
f 369/473/398 363/461/391 365/464/393
f 369/473/398 365/464/393 367/469/396
f 369/473/398 367/469/396 368/477/401
f 359/454/385 188/241/202 371/480/403
f 358/452/383 372/483/406 192/248/206
f 373/484/407 293/362/306 288/357/301
f 373/486/407 372/482/405 374/485/408
f 373/1033/407 294/364/308 293/366/306
f 373/1033/407 375/498/409 294/364/308
f 375/487/409 374/485/408 376/488/410
f 371/480/403 189/246/204 296/369/311
f 376/488/410 359/454/385 377/489/411
f 336/421/355 341/492/360 379/491/413
f 368/471/397 255/318/271 336/421/355
f 341/427/360 342/428/361 381/500/414
f 375/498/409 344/430/363 294/364/308
f 382/497/418 345/432/365 344/430/363
f 383/499/419 342/428/361 345/432/365
f 382/503/422 375/487/409 376/488/410
f 385/501/420 383/502/421 382/503/422
f 384/504/423 376/488/410 386/505/424
f 386/505/424 385/501/420 384/504/423
f 380/494/415 385/501/420 386/505/424
f 386/505/424 376/488/410 378/490/412
f 370/478/399 380/494/415 716/506/425
f 75/92/76 73/91/75 389/1034/439
f 91/110/829 389/1035/829 73/105/829
f 391/509/428 76/95/79 90/525/443
f 391/509/428 77/96/80 76/95/79
f 393/1036/445 75/1037/76 389/1038/439
f 75/92/76 393/527/445 90/525/443
f 91/110/830 395/1039/831 389/1035/439
f 396/510/429 395/1040/832 91/112/93
f 399/514/433 398/511/430 395/513/432
f 400/518/436 399/514/433 396/515/429
f 389/1035/439 395/1039/831 394/1041/833
f 402/1042/437 394/1041/833 397/1043/434
f 402/1042/437 389/1035/439 394/1041/833
f 388/577/438 397/1044/434 387/574/483
f 388/1045/438 402/1042/437 397/1043/434
f 403/522/440 392/508/427 391/509/428
f 389/1034/439 388/577/438 393/527/445
f 404/523/441 391/509/428 90/525/443
f 406/533/450 405/524/442 404/523/441
f 406/533/450 404/523/441 454/598/501
f 454/598/501 404/523/441 407/526/444
f 408/534/451 406/533/450 454/598/501
f 410/130/110 94/118/99 77/96/80
f 411/528/446 390/507/426 92/115/96
f 392/508/427 410/130/110 77/96/80
f 412/529/447 396/510/429 390/507/426
f 413/551/465 401/517/435 400/518/436
f 405/524/442 414/531/448 403/522/440
f 415/532/449 405/524/442 406/533/450
f 417/537/454 411/528/446 98/124/105
f 417/537/454 104/538/455 103/1046/834
f 414/531/448 410/130/110 392/508/427
f 416/536/453 410/130/110 414/531/448
f 416/536/453 414/531/448 415/532/449
f 419/540/457 418/539/456 415/532/449
f 419/540/457 406/533/450 461/535/452
f 420/541/458 112/133/113 100/126/107
f 421/1047/835 417/537/454 103/1046/834
f 421/542/459 103/152/125 112/151/113
f 423/544/460 421/546/461 422/547/462
f 422/1048/470 421/542/459 420/543/458
f 400/518/436 412/530/447 423/544/460
f 426/550/464 400/518/436 423/544/460
f 426/550/464 424/548/463 425/552/466
f 413/551/465 426/550/464 425/552/466
f 422/1048/470 420/543/458 430/1049/469
f 431/560/471 424/1050/836 422/1051/837
f 425/559/472 424/1050/836 431/560/471
f 427/1052/467 425/559/472 432/561/473
f 428/593/497 427/563/467 433/562/474
f 432/561/473 431/560/471 430/565/469
f 434/595/475 433/562/474 432/564/473
f 429/554/468 416/536/453 418/539/456
f 430/555/469 429/554/468 418/539/456
f 436/568/477 434/595/475 430/555/469
f 461/535/452 418/539/456 419/540/457
f 435/567/476 418/539/456 461/535/452
f 436/568/477 435/567/476 437/569/478
f 440/573/482 125/159/130 124/571/480
f 441/575/484 387/574/483 439/572/481
f 441/575/484 393/527/445 388/577/438
f 123/158/129 409/578/486 441/575/484
f 444/583/489 442/580/488 440/573/482
f 445/586/490 444/581/489 398/511/430
f 445/586/490 398/511/430 401/517/435
f 132/168/136 125/159/130 443/579/487
f 445/586/490 401/517/435 413/551/465
f 446/585/491 442/580/488 447/589/493
f 445/586/490 447/588/493 442/1053/488
f 133/170/138 132/168/136 447/589/494
f 134/171/139 133/170/138 449/590/495
f 446/585/491 447/589/494 132/168/136
f 449/590/495 447/589/493 448/592/492
f 448/587/492 427/553/467 428/1054/497
f 451/594/498 134/171/139 450/591/496
f 131/169/137 134/171/139 451/594/498
f 451/594/498 428/593/497 433/562/474
f 436/568/477 451/594/498 434/595/475
f 499/596/499 451/594/498 436/568/477
f 407/526/444 393/527/445 455/597/500
f 456/601/504 408/534/451 454/598/501
f 456/601/504 454/598/501 455/597/500
f 459/602/505 456/601/504 455/597/500
f 459/602/505 455/597/500 457/599/502
f 460/604/507 459/602/505 457/599/502
f 460/604/507 458/600/503 459/602/505
f 453/637/536 457/599/502 452/603/506
f 460/604/507 457/599/502 453/637/536
f 460/604/507 463/608/511 462/605/508
f 456/601/504 464/606/509 461/535/452
f 458/600/503 462/605/508 456/601/504
f 466/609/512 438/570/479 464/606/509
f 466/609/512 465/607/510 438/570/479
f 463/608/511 464/606/509 462/605/508
f 463/608/511 467/612/515 466/609/512
f 469/611/514 468/610/513 466/609/512
f 123/158/129 477/613/516 409/578/486
f 409/578/486 472/614/517 452/603/506
f 475/616/519 453/637/536 452/603/506
f 478/620/523 474/617/520 476/618/521
f 475/616/519 474/617/520 478/620/523
f 481/624/526 478/622/523 480/625/522
f 473/615/518 477/613/516 482/631/531
f 480/619/522 473/615/518 484/627/528
f 473/615/518 482/631/531 486/629/529
f 487/630/530 483/626/527 484/1055/528
f 487/630/530 484/1055/528 486/633/529
f 485/647/542 481/624/526 487/630/530
f 489/648/543 485/647/542 487/630/530
f 471/782/534 486/629/529 470/632/532
f 490/660/549 487/630/530 488/634/533
f 490/660/549 489/648/543 487/630/530
f 491/641/535 460/640/507 453/1056/536
f 492/621/524 491/641/535 475/638/519
f 493/644/539 494/642/537 492/621/524
f 479/623/525 493/644/539 492/621/524
f 481/624/526 495/643/538 479/623/525
f 485/647/542 496/645/540 481/624/526
f 490/660/549 502/646/541 489/648/543
f 468/610/513 499/596/499 465/607/510
f 463/608/511 497/649/544 467/612/515
f 498/654/545 499/596/499 468/610/513
f 500/657/546 469/611/514 494/650/537
f 500/657/546 498/654/545 469/611/514
f 493/644/539 495/643/538 500/655/546
f 501/658/547 500/655/546 495/643/538
f 502/646/541 501/658/547 496/645/540
f 502/646/541 496/645/540 485/647/542
f 506/663/552 504/661/550 498/654/545
f 507/664/553 506/1057/552 501/658/547
f 505/662/551 504/661/550 506/663/552
f 509/667/555 508/665/554 507/666/553
f 286/356/300 511/669/557 273/341/288
f 148/187/154 144/184/152 512/670/558
f 511/669/557 512/670/558 144/184/152
f 515/707/562 517/711/565 516/1058/560
f 519/688/573 518/687/567 517/711/565
f 517/679/565 521/684/570 520/683/564
f 522/678/566 521/684/570 517/679/565
f 521/684/570 522/678/566 523/685/571
f 525/682/569 524/763/638 520/683/564
f 523/685/571 526/800/668 525/682/569
f 528/693/578 522/678/566 518/680/567
f 528/693/578 529/689/574 522/678/566
f 523/685/571 530/691/576 526/800/668
f 529/689/574 531/690/575 523/685/571
f 533/696/577 532/1059/579 528/1060/578
f 533/696/577 518/687/567 527/686/572
f 532/694/579 534/695/580 529/689/574
f 532/1059/579 533/696/577 535/697/581
f 536/698/582 534/695/580 532/694/579
f 537/699/583 530/691/576 531/690/575
f 538/700/584 286/356/300 285/400/335
f 541/702/586 514/674/561 286/356/300
f 542/1061/587 515/675/562 514/674/563
f 542/703/587 543/729/608 540/706/589
f 542/703/587 544/710/592 543/729/608
f 539/701/585 545/1062/838 541/702/586
f 546/708/590 542/703/587 541/705/588
f 546/708/590 547/727/606 544/710/592
f 546/708/590 548/712/593 547/727/606
f 538/700/584 549/403/338 539/701/585
f 540/706/589 519/688/573 517/711/565
f 539/701/585 551/718/599 545/1062/838
f 551/714/595 552/715/596 546/708/590
f 552/715/596 553/717/598 550/713/594
f 552/720/596 551/1063/595 555/1064/839
f 557/724/603 552/720/596 555/1064/839
f 558/723/602 556/721/600 552/720/596
f 557/724/603 555/1064/839 559/828/693
f 548/712/593 561/726/605 547/727/606
f 519/688/573 562/733/612 527/686/572
f 562/733/612 519/688/573 540/706/589
f 558/723/602 563/739/617 556/721/600
f 563/739/617 558/723/602 560/725/604
f 543/729/608 564/728/607 540/706/589
f 544/710/592 565/745/623 564/728/607
f 561/726/605 565/745/623 544/710/592
f 553/717/598 566/730/609 554/716/597
f 556/721/600 567/736/615 553/719/598
f 569/734/613 573/732/611 548/712/593
f 566/730/609 569/734/613 550/713/594
f 562/733/612 574/741/619 527/686/572
f 575/742/620 566/730/609 570/735/614
f 565/745/623 577/747/625 564/728/607
f 579/744/622 577/747/625 565/745/623
f 579/744/622 580/750/628 578/746/624
f 568/731/610 581/748/626 574/741/619
f 581/748/626 568/731/610 564/728/607
f 582/749/627 579/744/622 561/726/605
f 569/734/613 582/749/627 573/732/611
f 582/749/627 583/751/629 580/750/628
f 575/742/620 582/749/627 569/734/613
f 567/1065/615 584/925/631 583/751/629
f 584/754/631 567/736/615 576/743/621
f 572/740/618 586/753/630 576/743/621
f 586/753/630 585/928/784 584/754/631
f 262/332/281 587/1026/828 348/435/368
f 346/433/366 588/757/632 549/403/338
f 588/757/632 589/895/757 559/758/633
f 705/438/371 703/436/369 266/437/370
f 524/681/568 591/761/636 511/669/557
f 526/800/668 592/764/639 525/682/569
f 524/681/568 593/770/644 591/761/636
f 594/762/637 593/1066/840 524/763/638
f 592/764/639 595/766/641 594/762/637
f 597/767/642 593/1066/840 594/762/637
f 597/767/642 594/762/637 596/765/640
f 597/769/642 599/771/645 591/761/636
f 591/761/636 600/793/662 512/670/558
f 591/761/636 601/772/646 600/793/662
f 598/768/643 603/1067/648 602/774/647
f 604/837/702 599/1068/645 602/775/647
f 477/613/516 284/576/485 606/779/651
f 606/779/651 482/631/531 477/613/516
f 606/779/651 284/576/485 607/784/652
f 513/671/559 512/670/558 607/780/652
f 601/772/646 608/856/720 600/793/662
f 470/632/532 606/779/651 609/781/653
f 606/779/651 607/784/652 610/783/654
f 611/786/656 471/635/534 609/787/657
f 613/788/658 609/787/657 610/791/660
f 615/792/661 610/791/660 612/1069/841
f 615/792/661 612/1069/841 614/797/665
f 616/859/663 614/789/659 600/793/662
f 592/764/639 617/799/667 595/766/641
f 598/768/643 618/811/679 603/1067/648
f 490/660/549 488/634/533 471/635/534
f 530/691/576 619/801/669 592/764/639
f 617/799/667 620/805/673 596/765/640
f 598/768/643 596/765/640 620/805/673
f 621/814/681 603/1067/648 618/811/679
f 622/802/670 603/776/648 621/1070/681
f 620/805/673 623/810/678 598/768/643
f 618/811/679 598/768/643 623/810/678
f 611/786/656 624/808/676 490/660/549
f 530/691/576 625/803/671 619/801/669
f 625/803/671 626/804/672 617/799/667
f 627/807/675 622/802/670 621/1070/681
f 624/808/676 503/659/548 490/660/549
f 626/804/672 628/809/677 620/805/673
f 618/811/679 629/812/680 621/814/681
f 630/820/685 674/806/674 627/807/675
f 537/699/583 625/803/671 530/691/576
f 631/816/682 626/804/672 625/803/671
f 632/1071/684 629/812/680 623/810/678
f 633/1072/683 627/813/675 629/812/680
f 634/815/310 505/662/551 509/667/555
f 296/369/311 634/368/310 635/945/686
f 636/823/688 635/821/686 509/667/555
f 624/808/676 637/824/689 510/822/687
f 613/788/658 638/826/691 624/808/676
f 638/826/691 639/949/799 636/825/690
f 560/725/604 557/724/603 641/830/695
f 643/864/727 641/830/695 640/829/694
f 642/831/696 644/1073/705 645/832/697
f 645/832/697 640/829/694 642/831/696
f 647/834/699 643/864/727 640/829/694
f 648/835/700 645/832/697 644/1073/705
f 605/777/649 650/838/703 602/775/647
f 652/839/704 648/843/700 644/840/705
f 653/842/707 649/869/701 648/843/700
f 654/844/708 651/1074/842 644/845/709
f 604/778/650 655/855/719 601/772/646
f 650/838/703 655/848/712 604/837/702
f 657/849/713 650/838/703 656/847/711
f 659/853/717 655/848/712 657/849/713
f 661/870/732 660/851/715 658/850/714
f 662/852/716 657/849/713 660/851/715
f 662/852/716 652/839/704 651/841/706
f 653/842/707 652/839/704 662/852/716
f 654/844/708 659/857/721 651/1074/842
f 664/858/722 608/856/720 659/857/721
f 616/798/666 665/901/762 615/792/661
f 615/792/661 666/873/735 613/788/658
f 666/873/735 615/792/661 665/901/762
f 667/860/723 641/830/695 643/864/727
f 669/862/725 646/833/698 649/836/701
f 653/842/707 663/854/718 670/867/730
f 671/863/726 656/847/711 605/777/649
f 672/865/728 643/864/727 647/834/699
f 675/868/731 673/1075/729 649/869/701
f 676/871/733 658/850/714 671/863/726
f 677/877/739 661/870/732 676/871/733
f 660/851/715 661/870/732 677/877/739
f 665/901/762 679/893/755 666/873/735
f 572/740/618 560/725/604 667/860/723
f 675/868/731 670/867/730 682/891/753
f 681/874/736 669/862/725 673/866/729
f 683/875/737 671/863/726 674/806/674
f 676/871/733 671/863/726 683/875/737
f 677/877/739 676/871/733 684/876/738
f 678/872/734 660/851/715 685/878/740
f 678/872/734 682/891/753 670/867/730
f 686/879/741 667/860/723 672/865/728
f 687/880/742 647/834/699 668/861/724
f 691/883/743 673/1075/729 675/868/731
f 688/890/752 678/872/734 685/878/740
f 682/891/753 678/872/734 688/890/752
f 679/893/755 680/827/692 666/873/735
f 586/753/630 572/740/618 686/879/741
f 689/882/744 585/928/784 586/753/630
f 687/880/742 681/874/736 690/1076/746
f 689/882/744 672/865/728 687/880/742
f 690/1076/746 681/874/736 691/881/743
f 633/817/683 683/875/737 630/820/685
f 684/876/738 683/875/737 633/817/683
f 695/888/750 685/878/740 677/877/739
f 696/889/751 688/890/752 695/888/750
f 682/891/753 691/883/743 675/868/731
f 682/891/753 688/890/752 696/889/751
f 692/884/745 691/883/743 682/891/753
f 693/886/749 696/889/751 694/887/748
f 697/892/754 639/949/799 638/826/691
f 589/895/757 642/846/710 559/758/633
f 587/1026/828 698/904/764 348/435/368
f 699/894/756 654/844/708 642/846/710
f 347/434/367 699/897/759 589/759/634
f 699/894/756 664/858/722 654/844/708
f 700/898/760 701/896/758 347/434/367
f 701/899/761 616/859/663 664/858/722
f 701/900/758 702/903/763 665/901/762
f 703/436/369 698/904/764 587/1026/828
f 702/903/763 704/909/766 679/893/755
f 700/898/760 704/906/766 702/902/763
f 703/436/369 705/438/371 348/435/368
f 705/438/371 706/905/765 700/898/760
f 590/760/635 707/907/767 705/438/371
f 708/908/768 697/892/754 679/893/755
f 707/907/767 708/975/820 704/906/766
f 710/910/769 709/917/775 378/490/412
f 711/911/770 378/490/412 377/489/411
f 713/914/771 710/910/769 711/911/770
f 713/912/771 532/1059/579 535/697/581
f 713/914/771 712/1077/772 710/910/769
f 714/915/773 711/911/770 377/489/411
f 713/1078/771 714/935/773 536/698/582
f 713/1078/771 536/698/582 532/694/579
f 714/935/773 537/699/583 536/698/582
f 386/505/424 378/490/412 715/916/774
f 716/506/425 386/505/424 715/916/774
f 715/916/774 378/490/412 709/917/775
f 580/750/628 718/922/779 717/919/776
f 719/921/778 716/506/425 709/917/775
f 712/913/772 581/748/626 578/746/624
f 712/1077/772 717/918/776 710/910/769
f 583/751/629 720/926/782 718/922/779
f 716/506/425 719/921/778 720/923/780
f 584/925/631 722/1079/783 720/926/782
f 585/1080/784 723/930/785 722/927/783
f 724/931/786 590/760/635 270/479/402
f 724/932/786 716/506/425 721/924/781
f 724/932/786 721/924/781 723/930/785
f 725/933/787 371/480/403 296/369/311
f 726/937/790 714/915/773 377/489/411
f 726/934/788 631/816/682 537/699/583
f 726/937/790 377/489/411 727/936/789
f 726/934/788 728/939/792 631/816/682
f 729/940/793 632/1071/684 623/810/678
f 728/938/791 727/936/789 730/941/794
f 729/1081/843 728/938/791 731/942/795
f 732/943/796 633/817/683 632/819/684
f 732/960/796 729/1081/843 731/942/795
f 732/960/796 731/942/795 733/946/797
f 734/947/798 725/933/787 635/945/686
f 730/941/794 725/933/787 734/947/798
f 733/946/797 730/941/794 734/947/798
f 723/951/785 585/928/784 689/882/744
f 687/880/742 690/1076/746 736/953/802
f 735/952/801 689/882/744 687/880/742
f 737/973/818 735/971/816 736/957/805
f 690/885/746 692/884/745 736/954/802
f 732/943/796 693/886/747 633/817/683
f 692/884/745 696/889/751 738/955/803
f 740/959/807 737/973/818 736/957/805
f 732/960/796 741/961/808 693/965/747
f 738/955/803 696/889/751 693/886/749
f 743/967/810 734/950/800 639/949/799
f 741/961/811 733/946/797 734/947/798
f 742/966/814 741/961/811 743/968/812
f 697/892/754 744/1082/844 743/967/810
f 744/969/813 739/956/804 742/966/814
f 744/969/813 740/959/807 739/956/804
f 724/932/786 723/930/785 735/971/816
f 745/970/815 746/976/821 707/907/767
f 746/974/819 745/972/817 737/973/818
f 708/908/768 744/1082/844 697/892/754
f 708/977/822 746/974/819 740/959/807
