# Blender 5.2.2 LTS
# www.blender.org
mtllib right_finger1_middle.mtl
o right_finger1_middle
v -0.004185 -0.003150 -0.014857
v -0.004209 -0.002836 -0.016131
v -0.004252 -0.002892 -0.015897
v -0.004211 -0.003075 -0.015349
v -0.004300 -0.002965 -0.015061
v -0.003823 -0.003487 -0.015419
v -0.003893 -0.003487 -0.015165
v -0.003829 -0.003588 -0.014896
v -0.003887 -0.003545 -0.014388
v -0.003884 -0.003235 -0.015789
v -0.003925 -0.003331 -0.015546
v -0.004053 -0.003332 -0.014799
v -0.003990 -0.002909 -0.016179
v -0.004006 -0.003068 -0.015910
v -0.004122 -0.003126 -0.015572
v -0.003487 -0.003851 -0.015071
v -0.003514 -0.003889 -0.014838
v -0.003535 -0.003914 -0.014488
v -0.003618 -0.003570 -0.015467
v -0.003612 -0.003700 -0.015198
v -0.003714 -0.003737 -0.014427
v -0.003645 -0.003271 -0.015855
v -0.003645 -0.003419 -0.015659
v -0.003650 -0.003076 -0.016069
v -0.003132 -0.004186 -0.014714
v -0.003158 -0.004213 -0.014486
v -0.003173 -0.004229 -0.014062
v -0.003272 -0.003925 -0.015117
v -0.003260 -0.004051 -0.014844
v -0.003357 -0.004080 -0.014095
v -0.003314 -0.003619 -0.015516
v -0.003305 -0.003775 -0.015312
v -0.003335 -0.003396 -0.015766
v -0.003260 -0.003057 -0.016121
v -0.002925 -0.004253 -0.014757
v -0.002931 -0.004336 -0.014495
v -0.002892 -0.004412 -0.014145
v -0.002964 -0.003969 -0.015164
v -0.002955 -0.004120 -0.014955
v -0.002993 -0.003748 -0.015414
v -0.002856 -0.003520 -0.015657
v -0.004273 -0.003186 -0.005107
v -0.004117 -0.003392 -0.005456
v -0.003222 -0.004267 -0.006171
v -0.003431 -0.004100 -0.006163
v -0.002969 -0.004382 -0.013726
v -0.004419 -0.002965 -0.004806
v -0.003954 -0.003590 -0.005474
v -0.003609 -0.003946 -0.005723
v -0.003000 -0.004425 -0.006255
v -0.003786 -0.003771 -0.005811
v -0.003172 -0.004289 -0.005782
v -0.002811 -0.004546 -0.006204
v -0.002793 -0.004532 -0.005831
v -0.004234 -0.003197 -0.004661
v -0.004211 -0.003169 -0.004428
v -0.004177 -0.003113 -0.004214
v -0.004369 -0.002977 -0.004394
v -0.004274 -0.002944 -0.004088
v -0.004231 -0.002824 -0.003863
v -0.003915 -0.003590 -0.005035
v -0.003887 -0.003550 -0.004779
v -0.003849 -0.003485 -0.004565
v -0.004099 -0.003400 -0.005078
v -0.003971 -0.003328 -0.004438
v -0.003972 -0.003172 -0.004188
v -0.003981 -0.002958 -0.003945
v -0.003566 -0.003952 -0.005407
v -0.003545 -0.003905 -0.005129
v -0.003506 -0.003839 -0.004915
v -0.003770 -0.003774 -0.005428
v -0.003631 -0.003690 -0.004789
v -0.003630 -0.003531 -0.004539
v -0.003633 -0.003334 -0.004314
v -0.003550 -0.003094 -0.004050
v -0.003178 -0.004239 -0.005481
v -0.003148 -0.004180 -0.005267
v -0.003280 -0.004037 -0.005140
v -0.003281 -0.003880 -0.004890
v -0.003289 -0.003683 -0.004663
v -0.002774 -0.004496 -0.005623
v -0.002909 -0.004368 -0.005495
v -0.002923 -0.004223 -0.005244
v -0.002945 -0.004023 -0.005007
v -0.003004 -0.003659 -0.004620
v -0.004843 -0.001424 -0.017151
v -0.004871 -0.001441 -0.016918
v -0.004833 -0.001058 -0.017871
v -0.004865 -0.001127 -0.017649
v -0.004898 -0.001206 -0.017329
v -0.004933 -0.001177 -0.016905
v -0.004837 -0.000731 -0.018229
v -0.004872 -0.000842 -0.017993
v -0.004936 -0.000853 -0.017667
v -0.004962 -0.000880 -0.017219
v -0.004839 -0.000382 -0.018582
v -0.004877 -0.000497 -0.018347
v -0.004945 -0.000518 -0.018017
v -0.004980 -0.000514 -0.017615
v -0.004838 -0.000031 -0.018931
v -0.004877 -0.000147 -0.018697
v -0.004947 -0.000169 -0.018369
v -0.004985 -0.000138 -0.017993
v -0.004530 -0.002138 -0.016832
v -0.004577 -0.001794 -0.017195
v -0.004617 -0.001915 -0.016954
v -0.004604 -0.001476 -0.017553
v -0.004690 -0.001566 -0.017316
v -0.004665 -0.001144 -0.017924
v -0.004687 -0.001311 -0.017685
v -0.004791 -0.001374 -0.017454
v -0.004660 -0.000800 -0.018298
v -0.004666 -0.000963 -0.018107
v -0.004661 -0.000450 -0.018650
v -0.004666 -0.000615 -0.018464
v -0.004661 -0.000100 -0.019000
v -0.004666 -0.000265 -0.018815
v -0.004325 -0.002206 -0.016900
v -0.004342 -0.001859 -0.017261
v -0.004344 -0.002025 -0.017071
v -0.004331 -0.001666 -0.017455
v -0.004363 -0.001311 -0.017832
v -0.004371 -0.000945 -0.018215
v -0.004355 -0.000638 -0.018524
v -0.004355 -0.000293 -0.018869
v -0.004029 -0.002339 -0.016820
v -0.003965 -0.002070 -0.017106
v -0.004002 -0.001699 -0.017472
v -0.003947 -0.001361 -0.017818
v -0.003999 0.000195 -0.019373
v -0.004896 -0.001424 -0.016458
v -0.004490 -0.002418 -0.016459
v -0.004509 -0.002508 -0.016049
v -0.004471 -0.002649 -0.015574
v -0.004551 -0.002494 -0.015372
v -0.004563 -0.002234 -0.016587
v -0.004635 -0.002227 -0.016262
v -0.004656 -0.002234 -0.015867
v -0.004713 -0.001935 -0.016617
v -0.004755 -0.001945 -0.016224
v -0.004843 -0.001654 -0.016302
v -0.004310 -0.002514 -0.016510
v -0.004315 -0.002654 -0.016251
v -0.004325 -0.002357 -0.016700
v -0.003989 -0.002717 -0.016399
v -0.003673 -0.002733 -0.016435
v -0.004947 -0.001526 -0.009814
v -0.005004 -0.001199 -0.009882
v -0.005041 -0.000871 -0.009969
v -0.005155 -0.000106 -0.002524
v -0.004722 -0.002240 -0.009889
v -0.004824 -0.001963 -0.010018
v -0.004535 -0.002769 -0.004768
v -0.004891 -0.001752 -0.009969
v -0.005072 -0.001215 -0.003361
v -0.005117 -0.000870 -0.003026
v -0.004942 -0.001810 -0.003701
v -0.005009 -0.001540 -0.003679
v -0.005139 -0.000525 -0.002994
v -0.004650 -0.002548 -0.004412
v -0.004769 -0.002281 -0.004394
v -0.004863 -0.002045 -0.004073
v -0.004918 -0.001810 -0.003336
v -0.004881 -0.001773 -0.003028
v -0.005004 -0.001542 -0.003328
v -0.004982 -0.001529 -0.002994
v -0.005061 -0.001216 -0.002980
v -0.004622 -0.002541 -0.004036
v -0.004576 -0.002494 -0.003728
v -0.004532 -0.002424 -0.003514
v -0.004753 -0.002294 -0.004028
v -0.004719 -0.002276 -0.003694
v -0.004617 -0.002240 -0.003387
v -0.004571 -0.002119 -0.003162
v -0.004842 -0.002048 -0.003680
v -0.004789 -0.002023 -0.003347
v -0.004679 -0.001947 -0.003037
v -0.004514 -0.002775 -0.004380
v -0.004462 -0.002746 -0.004047
v -0.004346 -0.002658 -0.003738
v -0.004329 -0.002483 -0.003487
v -0.004322 -0.002274 -0.003259
v -0.004339 -0.001953 -0.002924
v -0.003994 -0.002653 -0.003625
v -0.004020 -0.002282 -0.003239
v -0.003956 -0.001950 -0.002901
v -0.003604 -0.002631 -0.003585
v -0.004847 -0.001711 -0.002813
v -0.004906 -0.001507 -0.002686
v -0.004863 -0.001388 -0.002461
v -0.005022 -0.001203 -0.002646
v -0.004927 -0.001164 -0.002336
v -0.004877 -0.001039 -0.002111
v -0.005097 -0.000870 -0.002630
v -0.005047 -0.000854 -0.002296
v -0.004941 -0.000814 -0.001986
v -0.004885 -0.000689 -0.001761
v -0.005136 -0.000524 -0.002626
v -0.005117 -0.000520 -0.002280
v -0.005060 -0.000504 -0.001946
v -0.004948 -0.000464 -0.001636
v -0.004889 -0.000339 -0.001411
v -0.005148 -0.000174 -0.002276
v -0.005127 -0.000170 -0.001930
v -0.005068 -0.000154 -0.001596
v -0.004953 -0.000114 -0.001286
v -0.004892 0.000011 -0.001061
v -0.004666 -0.001779 -0.002786
v -0.004674 -0.001599 -0.002603
v -0.004669 -0.001434 -0.002417
v -0.004681 -0.001250 -0.002250
v -0.004673 -0.001084 -0.002066
v -0.004685 -0.000901 -0.001899
v -0.004677 -0.000734 -0.001716
v -0.004688 -0.000551 -0.001549
v -0.004678 -0.000385 -0.001365
v -0.004689 -0.000201 -0.001199
v -0.004679 -0.000035 -0.001015
v -0.004394 -0.001512 -0.002466
v -0.004322 -0.001239 -0.002187
v -0.004366 -0.000885 -0.001838
v -0.004366 -0.000536 -0.001487
v -0.004295 -0.000260 -0.001207
v -0.004367 0.000085 -0.000865
v -0.004347 0.000338 -0.000605
v -0.002480 -0.004581 -0.014375
v -0.002520 -0.004618 -0.014141
v -0.002618 -0.004310 -0.014786
v -0.002619 -0.004458 -0.014505
v -0.002592 -0.003986 -0.015182
v -0.002244 -0.004627 -0.014415
v -0.002255 -0.004718 -0.014148
v -0.002557 -0.004223 -0.014918
v -0.002272 -0.004491 -0.014613
v -0.001802 -0.004895 -0.014033
v -0.001830 -0.004689 -0.014423
v -0.001418 -0.004968 -0.014063
v -0.001809 -0.004611 -0.014530
v -0.001289 -0.004307 -0.014853
v -0.001303 -0.003792 -0.015361
v -0.001190 -0.003011 -0.016148
v -0.001061 -0.004786 -0.014370
v -0.001225 -0.004843 -0.014289
v -0.001227 -0.003418 -0.015730
v -0.000723 -0.005010 -0.014081
v -0.000823 -0.004670 -0.014481
v -0.000886 -0.004311 -0.014809
v -0.000947 -0.003767 -0.015316
v -0.000894 -0.004117 -0.014960
v -0.000900 -0.003407 -0.015685
v -0.000841 -0.003108 -0.016023
v -0.000528 -0.004662 -0.014465
v -0.000469 -0.004846 -0.014291
v -0.000580 -0.004273 -0.014751
v -0.000541 -0.004455 -0.014607
v -0.000706 -0.003888 -0.015074
v -0.000587 -0.004023 -0.014828
v -0.000466 -0.003960 -0.014513
v -0.000431 -0.003932 -0.014094
v -0.000704 -0.003548 -0.015427
v -0.000662 -0.003663 -0.015193
v -0.000552 -0.003693 -0.014865
v -0.000504 -0.003682 -0.014523
v -0.000490 -0.003668 -0.013995
v -0.000576 -0.003221 -0.015807
v -0.000583 -0.003362 -0.015545
v -0.000490 -0.003406 -0.015217
v -0.000446 -0.003418 -0.014874
v -0.000426 -0.003412 -0.014393
v -0.000254 -0.002908 -0.016194
v -0.000180 -0.004635 -0.014438
v -0.000376 -0.004269 -0.014673
v -0.000210 -0.004361 -0.014498
v -0.000112 -0.004255 -0.014174
v -0.000408 -0.004157 -0.014687
v -0.000333 -0.004161 -0.014484
v -0.000284 -0.004123 -0.014029
v -0.000354 -0.003165 -0.015761
v -0.000329 -0.003208 -0.015535
v -0.000299 -0.003225 -0.015218
v -0.000277 -0.003226 -0.014872
v -0.000192 -0.003066 -0.015890
v -0.000115 -0.003116 -0.015561
v -0.000091 -0.003129 -0.015193
v -0.002542 -0.004642 -0.013706
v -0.002753 -0.004522 -0.013724
v -0.002191 -0.004799 -0.013771
v -0.002293 -0.004770 -0.013381
v -0.001761 -0.004957 -0.013825
v -0.001834 -0.004955 -0.013416
v -0.001881 -0.004971 -0.006910
v -0.002059 -0.004873 -0.013381
v -0.001538 -0.005043 -0.013387
v -0.001220 -0.005069 -0.013799
v -0.001207 -0.005119 -0.013363
v -0.000726 -0.005125 -0.013794
v -0.000712 -0.005178 -0.013464
v -0.000859 -0.005176 -0.013059
v -0.000504 -0.005208 -0.013054
v -0.000441 -0.003940 -0.010887
v -0.000422 -0.003424 -0.010455
v 0.000019 -0.005142 -0.013792
v 0.000006 -0.005203 -0.013457
v -0.000161 -0.005220 -0.013047
v -0.000092 -0.004221 -0.013733
v -0.000097 -0.004226 -0.011396
v -0.000295 -0.004130 -0.011384
v -0.002598 -0.004663 -0.006543
v -0.002313 -0.004803 -0.006631
v -0.001576 -0.005059 -0.006902
v -0.001235 -0.005135 -0.006916
v -0.000882 -0.005188 -0.006920
v -0.000499 -0.003703 -0.005709
v -0.000145 -0.005228 -0.006898
v -0.000117 -0.004252 -0.006258
v -0.000075 -0.003166 -0.004829
v -0.002453 -0.004720 -0.006179
v -0.002560 -0.004626 -0.005836
v -0.002113 -0.004891 -0.006562
v -0.002097 -0.004878 -0.006180
v -0.002022 -0.004859 -0.005963
v -0.002232 -0.004729 -0.005847
v -0.001866 -0.004968 -0.006485
v -0.001866 -0.004941 -0.006180
v -0.001962 -0.004672 -0.005669
v -0.001564 -0.005043 -0.006484
v -0.001564 -0.004994 -0.006177
v -0.001471 -0.004906 -0.005934
v -0.001572 -0.004757 -0.005745
v -0.001224 -0.005107 -0.006484
v -0.001224 -0.005035 -0.006176
v -0.000923 -0.004776 -0.005756
v -0.000716 -0.005165 -0.006493
v -0.000767 -0.005069 -0.006179
v -0.000847 -0.004923 -0.005929
v -0.000526 -0.005217 -0.006913
v -0.000436 -0.004768 -0.005758
v -0.000452 -0.003962 -0.006178
v -0.000463 -0.003979 -0.005794
v -0.000417 -0.003444 -0.005418
v 0.000012 -0.005183 -0.006492
v 0.000032 -0.005082 -0.006182
v 0.000368 -0.004932 -0.005942
v -0.000136 -0.004296 -0.005831
v -0.000318 -0.004153 -0.006150
v -0.000327 -0.004172 -0.005829
v -0.000253 -0.003260 -0.005128
v -0.002566 -0.004538 -0.005600
v -0.002630 -0.004329 -0.005324
v -0.002396 -0.004189 -0.005155
v -0.002257 -0.004576 -0.005590
v -0.002270 -0.004413 -0.005393
v -0.001747 -0.004441 -0.005408
v -0.001270 -0.004633 -0.005607
v -0.001271 -0.003947 -0.004919
v -0.001298 -0.003273 -0.004240
v -0.000877 -0.004583 -0.005567
v -0.000897 -0.004342 -0.005346
v -0.000923 -0.004042 -0.005061
v -0.000952 -0.003697 -0.004700
v -0.000924 -0.003311 -0.004301
v -0.000100 -0.002398 -0.003369
v -0.000532 -0.004568 -0.005585
v -0.000560 -0.004324 -0.005453
v -0.000700 -0.004186 -0.005260
v -0.000514 -0.004044 -0.005478
v -0.000676 -0.003969 -0.005147
v -0.000740 -0.003837 -0.004921
v -0.000518 -0.003708 -0.005439
v -0.000576 -0.003683 -0.005102
v -0.000671 -0.003631 -0.004793
v -0.000607 -0.003349 -0.004442
v -0.000434 -0.003432 -0.005082
v -0.000479 -0.003404 -0.004750
v -0.000572 -0.003171 -0.004198
v -0.000398 -0.002848 -0.003834
v -0.000185 -0.004579 -0.005624
v -0.000212 -0.004374 -0.005609
v -0.000352 -0.004205 -0.005621
v -0.000270 -0.003245 -0.004737
v -0.000309 -0.003207 -0.004433
v -0.000342 -0.003138 -0.004224
v -0.000108 -0.003124 -0.004400
v -0.000188 -0.003031 -0.004099
v 0.000439 -0.002516 -0.016628
v -0.000013 -0.002725 -0.016410
v 0.000274 -0.002656 -0.003635
v 0.004261 0.000466 -0.000523
v 0.003931 -0.001888 -0.002880
v -0.004837 0.000670 -0.019626
v -0.004832 0.001032 -0.019904
v -0.004874 0.000907 -0.019726
v -0.004860 0.001341 -0.019939
v -0.004937 0.001234 -0.019721
v -0.004955 0.001664 -0.019722
v -0.004872 0.002412 -0.019932
v -0.004660 0.000603 -0.019694
v -0.004659 0.000991 -0.019967
v -0.004666 0.000796 -0.019840
v -0.004663 0.001256 -0.020025
v -0.004659 0.001716 -0.020048
v -0.004668 0.002321 -0.020029
v -0.004371 0.000539 -0.019695
v -0.004315 0.000976 -0.020004
v -0.004365 0.000759 -0.019879
v -0.004364 0.001251 -0.020061
v -0.004366 0.001579 -0.020074
v -0.004375 0.001923 -0.020052
v -0.004404 0.002263 -0.020022
v -0.004404 0.002602 -0.019952
v -0.004279 0.002690 -0.019725
v -0.003985 0.000546 -0.019717
v -0.003928 0.000745 -0.019883
v -0.004024 0.001249 -0.020061
v -0.004027 0.001576 -0.020046
v -0.004056 0.001915 -0.019966
v -0.003940 0.002023 -0.019729
v -0.004182 0.002232 -0.019932
v -0.004084 0.002258 -0.019721
v -0.004243 0.002446 -0.019897
v -0.004186 0.002475 -0.019713
v -0.002856 0.000958 -0.019988
v -0.003297 0.001206 -0.020027
v -0.003675 0.001554 -0.019968
v -0.003561 0.001679 -0.019730
v -0.003815 0.001783 -0.019918
v -0.003752 0.001846 -0.019721
v -0.003318 0.001444 -0.019945
v -0.003289 0.001561 -0.019726
v -0.002973 0.001390 -0.019933
v -0.002968 0.001486 -0.019721
v -0.004838 0.000319 -0.019281
v -0.004877 0.000203 -0.019047
v -0.004946 0.000181 -0.018719
v -0.004977 0.000183 -0.018391
v -0.004876 0.000554 -0.019396
v -0.004945 0.000531 -0.019069
v -0.004976 0.000525 -0.018725
v -0.004990 0.000421 -0.018195
v -0.004944 0.000882 -0.019415
v -0.004978 0.000901 -0.019076
v -0.004977 0.001264 -0.019423
v -0.004986 0.001240 -0.019039
v -0.005004 0.003675 -0.019045
v -0.005196 0.003624 -0.001265
v -0.004660 0.000251 -0.019349
v -0.004666 0.000086 -0.019164
v -0.004666 0.000437 -0.019513
v -0.004355 0.000061 -0.019222
v -0.004229 0.002706 -0.019344
v -0.004243 0.002675 -0.016752
v -0.003897 0.002058 -0.019316
v -0.003902 0.002031 -0.016531
v -0.004048 0.002266 -0.019342
v -0.004066 0.002257 -0.016873
v -0.004160 0.002480 -0.019361
v -0.003517 0.001725 -0.019311
v -0.003722 0.001876 -0.019333
v -0.003734 0.001862 -0.016494
v -0.003269 0.001604 -0.019322
v -0.002955 0.001517 -0.019340
v -0.004175 0.002460 -0.016802
v -0.003532 0.001706 -0.015316
v -0.003286 0.001588 -0.014730
v -0.002969 0.001505 -0.014091
v -0.004297 0.002359 -0.000969
v -0.004332 0.002665 -0.007693
v -0.004126 0.002180 -0.007423
v -0.003567 0.001683 -0.009456
v -0.003779 0.001821 -0.009026
v -0.003293 0.001570 -0.010513
v -0.002971 0.001494 -0.010087
v -0.003969 0.001978 -0.007115
v -0.004398 0.002650 -0.000955
v -0.003611 0.001663 -0.003045
v -0.003323 0.001547 -0.002975
v -0.002972 0.001485 -0.006239
v -0.004168 0.002132 -0.000942
v -0.003830 0.001780 -0.000911
v -0.002976 0.001479 -0.002660
v -0.005156 0.000176 -0.001926
v -0.005134 0.000180 -0.001580
v -0.005073 0.000196 -0.001246
v -0.004956 0.000235 -0.000935
v -0.004895 0.000360 -0.000711
v -0.005170 0.000667 -0.001780
v -0.005162 0.000526 -0.001576
v -0.005140 0.000530 -0.001230
v -0.005078 0.000546 -0.000897
v -0.004958 0.000585 -0.000591
v -0.004891 0.000710 -0.000388
v -0.005175 0.000904 -0.001252
v -0.005144 0.000879 -0.000883
v -0.005072 0.000893 -0.000567
v -0.004938 0.000924 -0.000330
v -0.005171 0.001291 -0.000873
v -0.005121 0.001362 -0.000543
v -0.004961 0.001316 -0.000273
v -0.004978 0.002175 -0.000283
v -0.005191 0.003952 -0.000880
v -0.004691 0.000148 -0.000848
v -0.004681 0.000315 -0.000665
v -0.004692 0.000501 -0.000501
v -0.004680 0.000684 -0.000331
v -0.004691 0.000923 -0.000212
v -0.004699 0.001233 -0.000141
v -0.004703 0.001575 -0.000123
v -0.004707 0.001920 -0.000142
v -0.004735 0.002437 -0.000185
v -0.004303 0.000684 -0.000299
v -0.004370 0.000922 -0.000176
v -0.004373 0.001232 -0.000101
v -0.004379 0.001569 -0.000105
v -0.004396 0.001901 -0.000171
v -0.004328 0.002325 -0.000554
v -0.004428 0.002240 -0.000278
v -0.004432 0.002635 -0.000554
v -0.004532 0.002618 -0.000297
v -0.003938 0.000471 -0.000479
v -0.004018 0.000938 -0.000168
v -0.004030 0.001228 -0.000117
v -0.004049 0.001550 -0.000170
v -0.004009 0.001940 -0.000943
v -0.004030 0.001919 -0.000566
v -0.004103 0.001846 -0.000301
v -0.004183 0.002111 -0.000574
v -0.004225 0.002074 -0.000360
v -0.003684 0.001216 -0.000156
v -0.003601 0.001636 -0.000931
v -0.003627 0.001609 -0.000557
v -0.003711 0.001515 -0.000283
v -0.003842 0.001762 -0.000575
v -0.003878 0.001722 -0.000363
v -0.002824 0.000663 -0.000323
v -0.003328 0.001184 -0.000181
v -0.003312 0.001520 -0.000910
v -0.003316 0.001493 -0.000562
v -0.003333 0.001402 -0.000312
v -0.002778 0.000897 -0.000206
v -0.002975 0.001170 -0.000197
v -0.002982 0.001461 -0.000916
v -0.002975 0.001439 -0.000569
v -0.002976 0.001360 -0.000326
v -0.004967 0.004243 -0.019719
v -0.004870 0.004285 -0.019939
v -0.004851 0.004580 -0.019896
v -0.004909 0.004625 -0.019714
v -0.004690 0.002973 -0.020012
v -0.004671 0.003760 -0.020021
v -0.004670 0.004025 -0.020033
v -0.004671 0.004367 -0.020019
v -0.004678 0.004681 -0.019938
v -0.004791 0.004796 -0.019720
v -0.004574 0.004847 -0.019884
v -0.004619 0.004913 -0.019708
v -0.004462 0.002971 -0.019943
v -0.004323 0.002984 -0.019726
v -0.004456 0.003316 -0.019945
v -0.004314 0.003290 -0.019727
v -0.004384 0.003675 -0.019959
v -0.004247 0.003574 -0.019723
v -0.004377 0.004034 -0.020028
v -0.004370 0.004370 -0.020045
v -0.004366 0.004668 -0.020002
v -0.004257 0.004861 -0.019915
v -0.004257 0.004970 -0.019717
v -0.004190 0.003826 -0.019907
v -0.004085 0.004083 -0.019944
v -0.003997 0.003995 -0.019721
v -0.004047 0.004388 -0.020011
v -0.004029 0.004669 -0.020002
v -0.003872 0.004221 -0.019894
v -0.003829 0.004179 -0.019711
v -0.003737 0.004432 -0.019930
v -0.003652 0.004353 -0.019718
v -0.003688 0.004684 -0.019969
v -0.003523 0.004879 -0.019895
v -0.003487 0.004545 -0.019887
v -0.003236 0.004627 -0.019710
v -0.003333 0.004718 -0.019907
v -0.002584 0.004992 -0.019725
v -0.002970 0.004805 -0.019885
v -0.002944 0.004718 -0.019709
v -0.002681 0.004919 -0.019879
v -0.004998 0.004058 -0.019383
v -0.004983 0.004363 -0.019373
v -0.004995 0.004392 -0.018093
v -0.004936 0.004647 -0.019389
v -0.004930 0.004704 -0.018387
v -0.004947 0.004667 -0.017965
v -0.004848 0.004856 -0.018033
v -0.004836 0.004845 -0.019341
v -0.004644 0.004959 -0.019338
v -0.004663 0.004964 -0.018186
v -0.004263 0.002986 -0.019332
v -0.004283 0.002987 -0.016800
v -0.004251 0.003282 -0.019327
v -0.004273 0.003300 -0.016405
v -0.004198 0.003527 -0.019332
v -0.004234 0.003569 -0.013894
v -0.004249 0.005022 -0.019430
v -0.004358 0.005026 -0.019014
v -0.004358 0.005030 -0.014510
v -0.004099 0.003755 -0.019375
v -0.003966 0.003970 -0.019334
v -0.003984 0.004009 -0.014605
v -0.003984 0.005054 -0.019075
v -0.003801 0.004168 -0.019336
v -0.003619 0.004326 -0.019321
v -0.003654 0.004332 -0.014595
v -0.003641 0.005060 -0.018698
v -0.003402 0.004471 -0.019348
v -0.003194 0.004592 -0.019415
v -0.003184 0.004577 -0.018956
v -0.002224 0.005047 -0.019420
v -0.002934 0.004665 -0.019414
v -0.002924 0.004643 -0.018923
v 0.001776 0.005097 -0.018689
v -0.004989 0.004664 -0.013281
v -0.004878 0.004869 -0.012485
v -0.004662 0.004975 -0.014401
v -0.004127 0.003793 -0.014582
v -0.004028 0.005046 -0.011241
v -0.003831 0.004184 -0.014635
v -0.003416 0.004484 -0.014543
v -0.003194 0.004588 -0.013685
v -0.002934 0.004648 -0.013258
v -0.004674 0.004987 -0.008405
v -0.004048 0.004018 -0.007661
v -0.003879 0.004201 -0.007495
v -0.005091 0.004368 -0.008986
v -0.005023 0.004667 -0.009411
v -0.004908 0.004882 -0.006468
v -0.004379 0.002976 -0.007314
v -0.004357 0.003313 -0.007299
v -0.004365 0.005031 -0.006928
v -0.004177 0.003837 -0.007471
v -0.003671 0.004367 -0.007197
v -0.003463 0.004507 -0.004234
v -0.002950 0.004650 -0.007012
v -0.005195 0.004008 -0.001251
v -0.005175 0.004350 -0.000950
v -0.005055 0.004671 -0.005597
v -0.004274 0.003628 -0.007295
v -0.004044 0.004043 -0.005967
v -0.003237 0.004599 -0.003661
v -0.005097 0.004667 -0.000942
v -0.004938 0.004887 -0.000922
v -0.004693 0.004993 -0.000946
v -0.004446 0.002979 -0.000937
v -0.004424 0.003314 -0.000932
v -0.004340 0.003622 -0.000941
v -0.004221 0.003868 -0.000962
v -0.004373 0.005027 -0.000907
v -0.004078 0.004063 -0.000930
v -0.003881 0.004232 -0.003752
v -0.003985 0.005038 -0.001239
v -0.003675 0.004390 -0.003580
v -0.002977 0.004650 -0.000962
v -0.005139 0.003964 -0.000547
v -0.004984 0.003947 -0.000281
v -0.005116 0.004366 -0.000548
v -0.004967 0.004365 -0.000284
v -0.005051 0.004671 -0.000559
v -0.004932 0.004664 -0.000316
v -0.004918 0.004878 -0.000574
v -0.004876 0.004845 -0.000373
v -0.004764 0.003263 -0.000196
v -0.004711 0.004023 -0.000165
v -0.004701 0.004366 -0.000151
v -0.004690 0.004671 -0.000199
v -0.004682 0.004966 -0.000567
v -0.004675 0.004878 -0.000330
v -0.004478 0.002975 -0.000557
v -0.004570 0.002974 -0.000304
v -0.004459 0.003318 -0.000554
v -0.004558 0.003323 -0.000299
v -0.004384 0.003639 -0.000548
v -0.004504 0.003668 -0.000284
v -0.004268 0.003911 -0.000543
v -0.004394 0.004024 -0.000256
v -0.004374 0.004369 -0.000166
v -0.004370 0.004674 -0.000179
v -0.004325 0.004994 -0.000561
v -0.004292 0.004886 -0.000308
v -0.004103 0.004101 -0.000557
v -0.004167 0.004164 -0.000328
v -0.003893 0.004248 -0.000956
v -0.003928 0.004289 -0.000548
v -0.004035 0.004400 -0.000275
v -0.004027 0.004685 -0.000214
v -0.003682 0.004404 -0.000912
v -0.003696 0.004435 -0.000562
v -0.003721 0.004527 -0.000330
v -0.003688 0.004717 -0.000260
v -0.002912 0.005009 -0.000571
v -0.003593 0.004903 -0.000349
v -0.003474 0.004520 -0.000881
v -0.003283 0.004637 -0.000563
v -0.003509 0.004590 -0.000379
v -0.003244 0.004606 -0.000934
v -0.003352 0.004729 -0.000344
v -0.002469 0.005041 -0.000871
v -0.002967 0.004692 -0.000571
v -0.002981 0.004786 -0.000366
v -0.002856 0.004926 -0.000372
v -0.002392 0.001192 -0.020017
v -0.002625 0.001377 -0.019929
v -0.002624 0.001467 -0.019719
v -0.001258 0.000984 -0.020002
v -0.002274 0.001404 -0.019934
v -0.002273 0.001513 -0.019720
v -0.001525 0.001276 -0.020047
v -0.001927 0.001470 -0.019948
v -0.001922 0.001628 -0.019724
v -0.001751 0.001762 -0.019622
v -0.001588 0.001571 -0.019985
v -0.001701 0.001701 -0.019830
v -0.001473 0.001802 -0.019919
v -0.001576 0.001864 -0.019720
v -0.001017 0.001249 -0.020067
v -0.001232 0.001585 -0.020048
v -0.001221 0.001933 -0.019971
v -0.001369 0.002055 -0.019749
v -0.001103 0.002263 -0.019942
v -0.001231 0.002308 -0.019725
v -0.001040 0.002518 -0.019916
v -0.001106 0.002639 -0.019735
v -0.000680 0.001623 -0.020092
v -0.000874 0.001930 -0.020065
v -0.000852 0.002278 -0.020043
v -0.000863 0.002635 -0.019996
v -0.000999 0.002754 -0.019872
v -0.000501 0.002343 -0.020086
v 0.001694 0.000772 -0.019869
v 0.001110 0.001256 -0.020064
v 0.000656 0.001640 -0.020094
v -0.000165 0.002580 -0.020093
v -0.002618 0.001494 -0.019378
v -0.002628 0.001491 -0.014442
v -0.002269 0.001548 -0.019365
v -0.001982 0.001653 -0.019343
v -0.002006 0.001660 -0.014790
v -0.001751 0.001786 -0.019423
v -0.001546 0.001957 -0.019398
v -0.001579 0.001939 -0.018991
v -0.001417 0.002140 -0.017873
v -0.001410 0.002115 -0.019445
v -0.001285 0.002323 -0.019386
v -0.001296 0.002352 -0.017641
v -0.001159 0.002639 -0.019391
v -0.001190 0.002647 -0.017428
v -0.001625 0.001974 -0.010779
v -0.001250 0.002654 -0.011084
v -0.002630 0.001490 -0.008571
v -0.002300 0.001555 -0.011681
v -0.002028 0.001676 -0.008830
v -0.001815 0.001813 -0.009010
v -0.002306 0.001563 -0.006790
v -0.001488 0.002190 -0.007211
v -0.001412 0.002441 -0.000965
v -0.001343 0.002663 -0.000965
v -0.002638 0.001491 -0.002494
v -0.002326 0.001571 -0.000988
v -0.002066 0.001693 -0.000994
v -0.001860 0.001840 -0.000963
v -0.001676 0.002025 -0.000967
v -0.001529 0.002224 -0.000926
v -0.002546 0.001171 -0.000181
v -0.002635 0.001480 -0.000883
v -0.002630 0.001457 -0.000564
v -0.002626 0.001370 -0.000317
v -0.002303 0.001535 -0.000552
v -0.002278 0.001427 -0.000290
v -0.001924 0.001224 -0.000137
v -0.002020 0.001658 -0.000543
v -0.001916 0.001541 -0.000252
v -0.001824 0.001822 -0.000558
v -0.001770 0.001765 -0.000325
v -0.001533 0.000919 -0.000172
v -0.001574 0.001232 -0.000100
v -0.001568 0.001566 -0.000135
v -0.001638 0.001995 -0.000546
v -0.001536 0.001891 -0.000258
v -0.001366 0.002391 -0.000544
v -0.001428 0.002145 -0.000321
v -0.001198 0.001227 -0.000077
v -0.001236 0.001584 -0.000073
v -0.001221 0.001924 -0.000124
v -0.001217 0.002285 -0.000237
v -0.001285 0.002668 -0.000541
v -0.001136 0.002637 -0.000257
v -0.000875 0.001576 -0.000043
v -0.000882 0.002278 -0.000088
v -0.000409 0.001631 -0.000032
v -0.000536 0.002200 -0.000036
v -0.002626 0.004826 -0.019881
v -0.002627 0.004739 -0.019707
v -0.002286 0.004794 -0.019887
v -0.002317 0.004698 -0.019709
v -0.001729 0.004881 -0.019895
v -0.001790 0.004523 -0.019895
v -0.001855 0.004467 -0.019714
v -0.001932 0.004704 -0.019912
v -0.002053 0.004607 -0.019715
v -0.001933 0.004990 -0.019713
v -0.001409 0.004185 -0.019907
v -0.001467 0.004131 -0.019717
v -0.001536 0.004411 -0.019941
v -0.001640 0.004317 -0.019723
v -0.001572 0.004677 -0.019978
v -0.001069 0.002974 -0.019687
v -0.001020 0.003430 -0.019909
v -0.001080 0.003309 -0.019733
v -0.001071 0.003694 -0.019935
v -0.001173 0.003647 -0.019723
v -0.001185 0.004040 -0.019959
v -0.001300 0.003933 -0.019727
v -0.001213 0.004374 -0.020023
v -0.001224 0.004667 -0.020012
v -0.001190 0.004875 -0.019918
v -0.000822 0.003014 -0.019990
v -0.000986 0.002973 -0.019858
v -0.000991 0.003192 -0.019869
v -0.000842 0.003674 -0.020036
v -0.000864 0.004026 -0.020056
v -0.000873 0.004366 -0.020064
v -0.000844 0.004664 -0.020028
v -0.000515 0.003270 -0.020068
v -0.000557 0.004019 -0.020084
v -0.000472 0.004348 -0.020079
v -0.000152 0.003921 -0.020095
v -0.002628 0.004683 -0.019414
v -0.002623 0.004659 -0.019000
v -0.002621 0.004654 -0.017332
v 0.002856 0.005091 -0.007085
v -0.002330 0.004643 -0.019414
v -0.002337 0.004619 -0.018973
v -0.002311 0.004604 -0.017196
v -0.001885 0.004429 -0.019353
v -0.001919 0.004430 -0.017329
v -0.002090 0.004560 -0.019415
v -0.002090 0.004537 -0.018951
v -0.001494 0.004101 -0.019363
v -0.001508 0.004078 -0.016942
v -0.001679 0.004278 -0.019345
v -0.001695 0.004265 -0.017288
v -0.001101 0.002977 -0.019410
v -0.001113 0.002975 -0.018416
v -0.001137 0.002978 -0.017350
v -0.001122 0.003314 -0.019395
v -0.001137 0.003317 -0.018353
v -0.001159 0.003319 -0.017124
v -0.001213 0.003638 -0.019396
v -0.001235 0.003632 -0.017767
v -0.001341 0.003888 -0.019313
v -0.002134 0.004517 -0.012565
v -0.002363 0.004603 -0.012201
v -0.001925 0.004400 -0.012833
v -0.001720 0.004245 -0.012960
v -0.002640 0.004653 -0.012195
v -0.001928 0.004375 -0.010272
v -0.001553 0.004023 -0.009083
v -0.001732 0.004214 -0.009339
v -0.001222 0.002976 -0.009200
v -0.001244 0.003312 -0.009142
v -0.001323 0.003622 -0.009150
v -0.002652 0.004648 -0.007156
v -0.002380 0.004590 -0.007679
v -0.001420 0.003836 -0.009247
v -0.002187 0.004479 -0.003249
v -0.001952 0.004333 -0.003281
v -0.001773 0.004192 -0.003599
v -0.001304 0.002979 -0.000957
v -0.001321 0.003295 -0.000957
v -0.002674 0.004640 -0.000957
v -0.002423 0.004577 -0.000959
v -0.001471 0.003797 -0.003293
v -0.001616 0.004013 -0.003267
v -0.001364 0.003566 -0.003316
v -0.002657 0.004682 -0.000568
v -0.002632 0.004780 -0.000361
v -0.002194 0.004470 -0.000910
v -0.002354 0.004601 -0.000568
v -0.002119 0.004538 -0.000356
v -0.002271 0.004710 -0.000327
v -0.002185 0.005011 -0.000573
v -0.002120 0.004905 -0.000343
v -0.001782 0.004170 -0.000942
v -0.001767 0.004183 -0.000566
v -0.001727 0.004223 -0.000346
v -0.001972 0.004328 -0.000945
v -0.001949 0.004352 -0.000556
v -0.001864 0.004432 -0.000292
v -0.001914 0.004692 -0.000232
v -0.001481 0.003774 -0.000947
v -0.001458 0.003789 -0.000560
v -0.001403 0.003839 -0.000330
v -0.001621 0.003987 -0.000941
v -0.001595 0.004006 -0.000552
v -0.001511 0.004088 -0.000274
v -0.001552 0.004391 -0.000168
v -0.001571 0.004682 -0.000171
v -0.001523 0.004903 -0.000302
v -0.001253 0.002978 -0.000543
v -0.001110 0.002977 -0.000263
v -0.001269 0.003296 -0.000542
v -0.001127 0.003321 -0.000259
v -0.001380 0.003552 -0.000953
v -0.001335 0.003579 -0.000541
v -0.001204 0.003684 -0.000241
v -0.001212 0.004037 -0.000134
v -0.001221 0.004372 -0.000093
v -0.001157 0.004677 -0.000134
v -0.000838 0.003246 -0.000096
v -0.000871 0.003676 -0.000085
v -0.000874 0.004026 -0.000057
v -0.000818 0.004362 -0.000055
v 0.002213 0.005035 -0.000561
v -0.000534 0.003960 -0.000035
v 0.000020 0.003935 -0.000024
v 0.000515 -0.005005 -0.014079
v 0.000188 -0.004631 -0.014435
v 0.000377 -0.004848 -0.014281
v 0.000399 -0.004256 -0.014653
v 0.000234 -0.004357 -0.014492
v 0.000148 -0.004259 -0.014172
v 0.000437 -0.004154 -0.014667
v 0.000368 -0.004170 -0.014475
v 0.000333 -0.004151 -0.014168
v 0.000557 -0.003201 -0.015772
v 0.000361 -0.003189 -0.015521
v 0.000329 -0.003206 -0.015053
v 0.000183 -0.002910 -0.016174
v 0.000209 -0.003061 -0.015879
v 0.000138 -0.003120 -0.015465
v 0.000531 -0.004652 -0.014459
v 0.000594 -0.004255 -0.014733
v 0.000549 -0.004440 -0.014597
v 0.000729 -0.003867 -0.015051
v 0.000614 -0.004013 -0.014810
v 0.000508 -0.003969 -0.014506
v 0.000478 -0.003951 -0.014116
v 0.000725 -0.003521 -0.015403
v 0.000692 -0.003638 -0.015173
v 0.000595 -0.003678 -0.014854
v 0.000555 -0.003677 -0.014520
v 0.000543 -0.003672 -0.014177
v 0.000604 -0.003339 -0.015524
v 0.000526 -0.003380 -0.015206
v 0.000490 -0.003395 -0.014870
v 0.000475 -0.003393 -0.014533
v 0.000815 -0.003070 -0.016032
v 0.000543 -0.003072 -0.015981
v 0.000997 -0.004988 -0.014074
v 0.000880 -0.004572 -0.014558
v 0.000890 -0.004294 -0.014794
v 0.000910 -0.004080 -0.014965
v 0.000959 -0.003744 -0.015292
v 0.000937 -0.003393 -0.015675
v 0.001185 -0.003125 -0.016004
v 0.001097 -0.004827 -0.014302
v 0.001226 -0.004212 -0.014907
v 0.001253 -0.003783 -0.015327
v 0.001243 -0.003416 -0.015704
v 0.001542 -0.004942 -0.014051
v 0.001540 -0.004458 -0.014679
v 0.001631 -0.003471 -0.015663
v 0.001780 -0.004909 -0.014014
v 0.001700 -0.004761 -0.014314
v 0.001924 -0.004805 -0.014145
v 0.002246 -0.004618 -0.014404
v 0.002258 -0.004715 -0.014142
v 0.002026 -0.004426 -0.014696
v 0.002273 -0.004476 -0.014599
v 0.002483 -0.004575 -0.014367
v 0.002525 -0.004618 -0.014138
v 0.002620 -0.004294 -0.014769
v 0.002622 -0.004450 -0.014495
v 0.002794 -0.004471 -0.014150
v 0.002977 -0.003685 -0.015436
v 0.000176 -0.005218 -0.013061
v 0.000131 -0.004228 -0.013740
v 0.000151 -0.004229 -0.011503
v 0.000326 -0.004141 -0.013871
v 0.000301 -0.003224 -0.010557
v 0.000087 -0.003161 -0.005163
v 0.000793 -0.005112 -0.013807
v 0.000750 -0.005171 -0.013478
v 0.000519 -0.005205 -0.013057
v 0.000333 -0.004148 -0.011315
v 0.000474 -0.003961 -0.011916
v 0.000447 -0.004005 -0.011390
v 0.000533 -0.003687 -0.011340
v 0.000460 -0.003404 -0.011384
v 0.000867 -0.005174 -0.013063
v 0.001221 -0.005066 -0.013796
v 0.001213 -0.005118 -0.013374
v 0.001755 -0.004954 -0.013854
v 0.001545 -0.005042 -0.013392
v 0.001826 -0.004960 -0.013416
v 0.002085 -0.004841 -0.013784
v 0.002068 -0.004873 -0.013377
v 0.002298 -0.004772 -0.013434
v 0.002534 -0.004653 -0.013749
v 0.002768 -0.004522 -0.013732
v 0.000173 -0.005226 -0.007223
v 0.000136 -0.004237 -0.010846
v 0.000530 -0.005213 -0.006915
v 0.000485 -0.003955 -0.010574
v 0.000546 -0.003682 -0.009847
v 0.000464 -0.003410 -0.009827
v 0.000882 -0.005183 -0.006908
v 0.001233 -0.005129 -0.006896
v 0.001571 -0.005054 -0.006879
v 0.001875 -0.004967 -0.006859
v 0.002098 -0.004887 -0.006585
v 0.002328 -0.004787 -0.006894
v 0.002601 -0.004652 -0.006479
v 0.000779 -0.004752 -0.005744
v 0.000129 -0.004260 -0.006269
v 0.000139 -0.004316 -0.005827
v 0.000270 -0.003245 -0.005201
v 0.000769 -0.005154 -0.006479
v 0.000832 -0.005054 -0.006167
v 0.000339 -0.004166 -0.006235
v 0.000387 -0.004213 -0.005799
v 0.000487 -0.003969 -0.006162
v 0.000514 -0.003980 -0.005782
v 0.000539 -0.003695 -0.005806
v 0.000449 -0.003430 -0.005499
v 0.001219 -0.004896 -0.005921
v 0.001224 -0.005100 -0.006485
v 0.001223 -0.005027 -0.006178
v 0.001723 -0.004652 -0.005652
v 0.001786 -0.004978 -0.006404
v 0.001816 -0.004927 -0.006118
v 0.001779 -0.004866 -0.005943
v 0.002113 -0.004834 -0.006160
v 0.001937 -0.004761 -0.005845
v 0.002277 -0.004685 -0.005834
v 0.002575 -0.004649 -0.006136
v 0.002568 -0.004607 -0.005833
v 0.000279 -0.004586 -0.005625
v 0.000160 -0.004412 -0.005619
v 0.000297 -0.003236 -0.004730
v 0.000149 -0.003118 -0.004384
v 0.000196 -0.003032 -0.004109
v 0.000100 -0.003155 -0.004728
v 0.000534 -0.004307 -0.005509
v 0.000703 -0.004177 -0.005278
v 0.000580 -0.003996 -0.005455
v 0.000701 -0.003957 -0.005151
v 0.000755 -0.003833 -0.004942
v 0.000565 -0.003693 -0.005435
v 0.000610 -0.003679 -0.005114
v 0.000691 -0.003647 -0.004852
v 0.000473 -0.003424 -0.005077
v 0.000545 -0.003409 -0.004723
v 0.000561 -0.003281 -0.004424
v 0.000569 -0.003155 -0.004199
v 0.000221 -0.002868 -0.003870
v 0.000875 -0.004578 -0.005575
v 0.000882 -0.004386 -0.005417
v 0.000921 -0.004217 -0.005233
v 0.000929 -0.004032 -0.005066
v 0.000934 -0.003857 -0.004882
v 0.000903 -0.003646 -0.004700
v 0.000991 -0.003519 -0.004536
v 0.000757 -0.003478 -0.004597
v 0.000870 -0.003369 -0.004409
v 0.000878 -0.003183 -0.004186
v 0.001290 -0.004527 -0.005515
v 0.001257 -0.004179 -0.005167
v 0.001250 -0.003691 -0.004685
v 0.001225 -0.003362 -0.004356
v 0.000804 -0.002998 -0.003987
v 0.001727 -0.004453 -0.005439
v 0.001665 -0.003492 -0.004476
v 0.002268 -0.004558 -0.005595
v 0.002195 -0.004366 -0.005356
v 0.002568 -0.004524 -0.005604
v 0.002602 -0.004387 -0.005424
v 0.002600 -0.004179 -0.005179
v 0.003156 -0.003306 -0.004297
v 0.002927 -0.004244 -0.014743
v 0.002934 -0.004334 -0.014488
v 0.002975 -0.003988 -0.015095
v 0.003152 -0.004158 -0.014737
v 0.003164 -0.004217 -0.014482
v 0.003166 -0.004248 -0.014115
v 0.003274 -0.003913 -0.015099
v 0.003482 -0.003967 -0.014550
v 0.003370 -0.004084 -0.014094
v 0.003307 -0.003656 -0.015423
v 0.003363 -0.003281 -0.015828
v 0.003638 -0.002479 -0.016636
v 0.003558 -0.003765 -0.015134
v 0.003522 -0.003893 -0.014833
v 0.003551 -0.003922 -0.014181
v 0.003623 -0.003558 -0.015447
v 0.003836 -0.003600 -0.014919
v 0.003731 -0.003741 -0.014445
v 0.003638 -0.003317 -0.015745
v 0.003686 -0.002998 -0.016100
v 0.003895 -0.003395 -0.015478
v 0.003863 -0.003528 -0.015183
v 0.003897 -0.003556 -0.014540
v 0.003958 -0.003189 -0.015782
v 0.004154 -0.003199 -0.015288
v 0.004057 -0.003357 -0.014797
v 0.003979 -0.002909 -0.016141
v 0.004195 -0.003022 -0.015802
v 0.004168 -0.003142 -0.015524
v 0.004200 -0.003161 -0.014909
v 0.004243 -0.002763 -0.016169
v 0.004395 -0.002812 -0.015572
v 0.004331 -0.002954 -0.015163
v 0.002972 -0.004390 -0.013796
v 0.002997 -0.004417 -0.006208
v 0.003774 -0.003768 -0.005819
v 0.003942 -0.003584 -0.005783
v 0.004103 -0.003390 -0.005463
v 0.004252 -0.003191 -0.005131
v 0.004400 -0.002968 -0.004833
v 0.002801 -0.004542 -0.006191
v 0.002790 -0.004523 -0.005831
v 0.003058 -0.004356 -0.005816
v 0.003208 -0.004265 -0.006161
v 0.003411 -0.004105 -0.005869
v 0.003601 -0.003937 -0.005829
v 0.002783 -0.004463 -0.005598
v 0.002920 -0.004210 -0.005254
v 0.002975 -0.003918 -0.004922
v 0.003169 -0.004229 -0.005485
v 0.003222 -0.004071 -0.005184
v 0.003367 -0.004084 -0.005448
v 0.003275 -0.003865 -0.004902
v 0.003297 -0.003587 -0.004590
v 0.003575 -0.003930 -0.005437
v 0.003534 -0.003893 -0.005134
v 0.003577 -0.003721 -0.004830
v 0.003796 -0.003733 -0.005440
v 0.003723 -0.003739 -0.005098
v 0.003624 -0.003513 -0.004553
v 0.003644 -0.003269 -0.004282
v 0.003700 -0.002822 -0.003818
v 0.003918 -0.003574 -0.005087
v 0.003876 -0.003535 -0.004784
v 0.003914 -0.003365 -0.004484
v 0.004089 -0.003389 -0.005079
v 0.004055 -0.003367 -0.004748
v 0.003964 -0.003155 -0.004203
v 0.003962 -0.002911 -0.003930
v 0.004232 -0.003185 -0.004737
v 0.004197 -0.003155 -0.004434
v 0.004209 -0.003004 -0.004147
v 0.004487 -0.002775 -0.004342
v 0.004293 -0.002700 -0.003790
v 0.004055 -0.002237 -0.016859
v 0.003996 -0.001793 -0.017309
v 0.004015 -0.000376 -0.018730
v 0.004328 -0.002177 -0.016873
v 0.004341 -0.001667 -0.017396
v 0.004347 -0.001997 -0.017042
v 0.004391 -0.001095 -0.017992
v 0.004355 -0.000638 -0.018454
v 0.004353 -0.000285 -0.018807
v 0.004352 0.000067 -0.019157
v 0.004539 -0.002122 -0.016814
v 0.004610 -0.001716 -0.017224
v 0.004625 -0.001914 -0.016937
v 0.004661 -0.001450 -0.017538
v 0.004787 -0.001669 -0.016964
v 0.004662 -0.001119 -0.017915
v 0.004666 -0.001278 -0.017723
v 0.004666 -0.000772 -0.018271
v 0.004671 -0.000937 -0.018084
v 0.004666 -0.000422 -0.018622
v 0.004673 -0.000588 -0.018437
v 0.004666 -0.000071 -0.018972
v 0.004673 -0.000237 -0.018787
v 0.004830 -0.001366 -0.017496
v 0.004861 -0.001418 -0.017279
v 0.004897 -0.001445 -0.016967
v 0.004843 -0.001059 -0.017856
v 0.004877 -0.001168 -0.017623
v 0.004939 -0.001178 -0.017308
v 0.004963 -0.001191 -0.016892
v 0.004851 -0.000714 -0.018213
v 0.004891 -0.000833 -0.017980
v 0.004963 -0.000860 -0.017659
v 0.004991 -0.000866 -0.017321
v 0.004999 -0.000873 -0.016951
v 0.004853 -0.000364 -0.018564
v 0.004896 -0.000484 -0.018334
v 0.004973 -0.000513 -0.018012
v 0.005005 -0.000522 -0.017672
v 0.005018 -0.000528 -0.017297
v 0.004851 -0.000014 -0.018914
v 0.004895 -0.000134 -0.018684
v 0.004973 -0.000163 -0.018363
v 0.005008 -0.000173 -0.018023
v 0.005022 -0.000176 -0.017641
v 0.003975 -0.002675 -0.016396
v 0.004314 -0.002502 -0.016492
v 0.004415 -0.002702 -0.015909
v 0.004463 -0.002725 -0.015182
v 0.004330 -0.002335 -0.016679
v 0.004548 -0.002318 -0.016512
v 0.004531 -0.002463 -0.016231
v 0.004563 -0.002483 -0.015916
v 0.004578 -0.002491 -0.015573
v 0.004656 -0.002233 -0.016260
v 0.004683 -0.002240 -0.015858
v 0.004730 -0.001947 -0.016612
v 0.004773 -0.001954 -0.016272
v 0.004785 -0.001961 -0.015899
v 0.004843 -0.001689 -0.016623
v 0.004864 -0.001699 -0.016236
v 0.004919 -0.001457 -0.016580
v 0.004632 -0.002543 -0.004748
v 0.004714 -0.002256 -0.010768
v 0.004821 -0.001971 -0.010805
v 0.004945 -0.001525 -0.010770
v 0.005000 -0.001219 -0.010813
v 0.005042 -0.000868 -0.010737
v 0.004892 -0.001749 -0.010622
v 0.005095 -0.000874 -0.003053
v 0.004521 -0.002762 -0.004772
v 0.004753 -0.002275 -0.004402
v 0.004852 -0.002022 -0.004073
v 0.004924 -0.001799 -0.004036
v 0.005118 -0.000519 -0.002714
v 0.005127 -0.000143 -0.002342
v 0.003958 -0.002567 -0.003567
v 0.004444 -0.002729 -0.004052
v 0.004320 -0.002463 -0.003503
v 0.004297 -0.002240 -0.003260
v 0.004295 -0.001873 -0.002874
v 0.004627 -0.002542 -0.004377
v 0.004606 -0.002525 -0.004038
v 0.004559 -0.002477 -0.003734
v 0.004562 -0.002291 -0.003435
v 0.004737 -0.002280 -0.004029
v 0.004700 -0.002260 -0.003698
v 0.004555 -0.002098 -0.003176
v 0.004826 -0.002025 -0.003681
v 0.004771 -0.001999 -0.003352
v 0.004665 -0.001923 -0.003049
v 0.004919 -0.001799 -0.003677
v 0.004901 -0.001788 -0.003338
v 0.004865 -0.001753 -0.003034
v 0.004993 -0.001529 -0.003420
v 0.004963 -0.001519 -0.002998
v 0.005052 -0.001216 -0.003371
v 0.005040 -0.001213 -0.002981
v 0.004276 -0.001192 -0.002184
v 0.004339 -0.000727 -0.001722
v 0.004342 -0.000047 -0.001041
v 0.004658 -0.001756 -0.002803
v 0.004643 -0.001519 -0.002545
v 0.004643 -0.001211 -0.002235
v 0.004645 -0.000863 -0.001887
v 0.004646 -0.000515 -0.001538
v 0.004679 -0.000181 -0.001219
v 0.004647 0.000137 -0.000885
v 0.004834 -0.001691 -0.002825
v 0.004890 -0.001493 -0.002697
v 0.004850 -0.001372 -0.002477
v 0.005000 -0.001197 -0.002652
v 0.004909 -0.001152 -0.002348
v 0.004860 -0.001024 -0.002127
v 0.005073 -0.000868 -0.002632
v 0.005022 -0.000848 -0.002302
v 0.004920 -0.000802 -0.001998
v 0.004866 -0.000674 -0.001776
v 0.005090 -0.000518 -0.002282
v 0.005033 -0.000498 -0.001952
v 0.004924 -0.000452 -0.001648
v 0.004868 -0.000324 -0.001426
v 0.005095 -0.000168 -0.001932
v 0.005035 -0.000148 -0.001602
v 0.004925 -0.000102 -0.001298
v 0.004869 0.000026 -0.001076
v 0.001627 0.000981 -0.019989
v 0.000088 0.003022 -0.020090
v 0.004280 0.000621 -0.019717
v 0.000489 0.002723 -0.020068
v 0.001195 0.001582 -0.020063
v 0.000878 0.001930 -0.020068
v 0.000856 0.002277 -0.020043
v 0.000865 0.002637 -0.019989
v 0.001006 0.002757 -0.019845
v 0.001234 0.001932 -0.019997
v 0.001359 0.002058 -0.019852
v 0.001118 0.002255 -0.019952
v 0.001269 0.002276 -0.019742
v 0.001048 0.002513 -0.019917
v 0.001089 0.002690 -0.019728
v 0.001831 0.001235 -0.020032
v 0.001561 0.001546 -0.020023
v 0.001528 0.001798 -0.019939
v 0.001536 0.001946 -0.019738
v 0.001415 0.002114 -0.019647
v 0.001894 0.001525 -0.019950
v 0.001980 0.001634 -0.019724
v 0.001735 0.001714 -0.019896
v 0.001760 0.001777 -0.019716
v 0.002269 0.001430 -0.019938
v 0.002287 0.001537 -0.019723
v 0.004270 0.000785 -0.019860
v 0.002892 0.001203 -0.020018
v 0.002624 0.001398 -0.019935
v 0.002626 0.001497 -0.019722
v 0.001287 0.002346 -0.019366
v 0.001295 0.002373 -0.016966
v 0.001162 0.002643 -0.019387
v 0.001184 0.002645 -0.017552
v 0.001587 0.001959 -0.019298
v 0.001428 0.002134 -0.019255
v 0.002000 0.001678 -0.019317
v 0.001778 0.001803 -0.019347
v 0.002287 0.001579 -0.019320
v 0.002621 0.001532 -0.019349
v 0.002628 0.001527 -0.013466
v 0.001196 0.002651 -0.015641
v 0.001622 0.001970 -0.011552
v 0.002027 0.001684 -0.010648
v 0.002302 0.001581 -0.011281
v 0.001807 0.001811 -0.011622
v 0.001850 0.001822 -0.000928
v 0.002629 0.001523 -0.007035
v 0.001376 0.002397 -0.000979
v 0.001282 0.002663 -0.000958
v 0.001671 0.001983 -0.000977
v 0.001496 0.002194 -0.000956
v 0.002055 0.001692 -0.000967
v 0.002324 0.001583 -0.000953
v 0.002640 0.001519 -0.000942
v 0.001526 0.000686 -0.000318
v 0.001496 0.000931 -0.000172
v 0.000899 0.001231 -0.000074
v 0.000367 0.001627 -0.000031
v 0.000510 0.002210 -0.000036
v 0.000931 0.001584 -0.000046
v 0.000869 0.002275 -0.000083
v 0.000826 0.002945 -0.000099
v 0.001225 0.001234 -0.000079
v 0.001223 0.001574 -0.000066
v 0.001214 0.001916 -0.000123
v 0.001326 0.002375 -0.000539
v 0.001200 0.002268 -0.000237
v 0.001235 0.002656 -0.000542
v 0.001106 0.002630 -0.000259
v 0.001573 0.001232 -0.000097
v 0.001564 0.001563 -0.000131
v 0.001620 0.001972 -0.000546
v 0.001526 0.001877 -0.000256
v 0.001468 0.002173 -0.000556
v 0.001411 0.002119 -0.000321
v 0.001923 0.001224 -0.000132
v 0.002014 0.001656 -0.000541
v 0.001912 0.001540 -0.000246
v 0.001813 0.001810 -0.000557
v 0.001761 0.001756 -0.000323
v 0.002846 0.000910 -0.000197
v 0.002335 0.001185 -0.000152
v 0.002301 0.001548 -0.000545
v 0.002277 0.001434 -0.000272
v 0.004339 0.000696 -0.000323
v 0.002629 0.001488 -0.000549
v 0.002626 0.001389 -0.000283
v 0.001216 0.004884 -0.019919
v 0.000505 0.003373 -0.020069
v 0.000523 0.004024 -0.020084
v 0.000878 0.004380 -0.020063
v 0.000904 0.004670 -0.020025
v 0.001971 0.005012 -0.019710
v 0.000826 0.002979 -0.019965
v 0.001002 0.002983 -0.019770
v 0.000859 0.003317 -0.019967
v 0.001016 0.003208 -0.019756
v 0.000840 0.003675 -0.020029
v 0.000863 0.004028 -0.020052
v 0.001017 0.003452 -0.019901
v 0.001065 0.003701 -0.019931
v 0.001163 0.003668 -0.019722
v 0.001178 0.004047 -0.019955
v 0.001286 0.003949 -0.019725
v 0.001208 0.004379 -0.020019
v 0.001222 0.004671 -0.020012
v 0.001396 0.004198 -0.019901
v 0.001449 0.004149 -0.019715
v 0.001523 0.004422 -0.019936
v 0.001618 0.004335 -0.019720
v 0.001566 0.004685 -0.019978
v 0.001729 0.004893 -0.019902
v 0.001770 0.004537 -0.019892
v 0.002016 0.004620 -0.019716
v 0.001920 0.004717 -0.019913
v 0.002281 0.004806 -0.019892
v 0.002308 0.004715 -0.019712
v 0.002745 0.004936 -0.019884
v 0.003067 0.005020 -0.019719
v 0.002626 0.004834 -0.019888
v 0.002627 0.004749 -0.019710
v 0.001095 0.002979 -0.019394
v 0.003933 0.005084 -0.019409
v 0.001120 0.002979 -0.017495
v 0.001110 0.003305 -0.019402
v 0.001143 0.003316 -0.016215
v 0.001201 0.003640 -0.019349
v 0.001325 0.003910 -0.019332
v 0.002687 0.005100 -0.019004
v 0.001472 0.004119 -0.019345
v 0.001644 0.004292 -0.019324
v 0.001852 0.004461 -0.019415
v 0.001842 0.004440 -0.019003
v 0.002063 0.004583 -0.019415
v 0.002064 0.004565 -0.019011
v 0.002319 0.004665 -0.019415
v 0.002310 0.004641 -0.018974
v 0.002628 0.004699 -0.019414
v 0.002615 0.004677 -0.018995
v 0.001137 0.002989 -0.015418
v 0.001530 0.004068 -0.006582
v 0.001919 0.004420 -0.006483
v 0.002351 0.004619 -0.007292
v 0.002633 0.004669 -0.011681
v 0.001419 0.003852 -0.001297
v 0.001707 0.004252 -0.006583
v 0.002631 0.004662 -0.006538
v 0.001233 0.002972 -0.000944
v 0.001318 0.003617 -0.000958
v 0.002106 0.004528 -0.006191
v 0.002322 0.004608 -0.006319
v 0.001247 0.003316 -0.000946
v 0.001552 0.004043 -0.000930
v 0.001727 0.004231 -0.000968
v 0.002133 0.004520 -0.000888
v 0.002357 0.004607 -0.000965
v 0.001171 0.004912 -0.000295
v 0.000545 0.004043 -0.000039
v 0.000806 0.004389 -0.000063
v 0.000881 0.004678 -0.000127
v 0.000884 0.004036 -0.000088
v 0.001191 0.002980 -0.000544
v 0.001071 0.002976 -0.000266
v 0.001203 0.003316 -0.000544
v 0.001078 0.003322 -0.000265
v 0.001265 0.003629 -0.000541
v 0.001124 0.003661 -0.000256
v 0.001408 0.003852 -0.000876
v 0.001368 0.003894 -0.000536
v 0.001222 0.004009 -0.000235
v 0.001229 0.004364 -0.000138
v 0.001227 0.004680 -0.000147
v 0.001449 0.004142 -0.000317
v 0.001685 0.004270 -0.000543
v 0.001573 0.004389 -0.000260
v 0.001575 0.004688 -0.000189
v 0.001575 0.004913 -0.000303
v 0.001927 0.004395 -0.000921
v 0.001909 0.004424 -0.000557
v 0.001882 0.004520 -0.000314
v 0.001912 0.004721 -0.000236
v 0.003921 0.005083 -0.000887
v 0.002005 0.004922 -0.000330
v 0.002312 0.004639 -0.000552
v 0.002091 0.004587 -0.000365
v 0.002247 0.004734 -0.000325
v 0.002640 0.004662 -0.000945
v 0.002636 0.004702 -0.000563
v 0.002621 0.004798 -0.000349
v 0.003323 0.005044 -0.000567
v 0.002756 0.004948 -0.000356
v 0.004264 0.001005 -0.019991
v 0.002973 0.001410 -0.019937
v 0.002967 0.001518 -0.019723
v 0.003821 0.001280 -0.020039
v 0.003315 0.001461 -0.019945
v 0.003283 0.001589 -0.019726
v 0.003667 0.001566 -0.019962
v 0.003546 0.001700 -0.019729
v 0.003803 0.001793 -0.019913
v 0.003732 0.001862 -0.019720
v 0.004023 0.001259 -0.020049
v 0.004023 0.001581 -0.020036
v 0.004048 0.001922 -0.019960
v 0.003922 0.002036 -0.019727
v 0.004173 0.002240 -0.019929
v 0.004066 0.002271 -0.019720
v 0.004235 0.002460 -0.019896
v 0.004267 0.002693 -0.019723
v 0.004365 0.001260 -0.020049
v 0.004365 0.001582 -0.020063
v 0.004373 0.001926 -0.020043
v 0.004401 0.002267 -0.020015
v 0.004401 0.002611 -0.019948
v 0.004664 0.000631 -0.019667
v 0.004662 0.001010 -0.019957
v 0.004670 0.000821 -0.019819
v 0.004666 0.001264 -0.020019
v 0.004660 0.001683 -0.020041
v 0.004684 0.002565 -0.020009
v 0.004847 0.000688 -0.019609
v 0.004841 0.001045 -0.019899
v 0.004886 0.000919 -0.019716
v 0.004866 0.001267 -0.019925
v 0.004952 0.001238 -0.019719
v 0.004874 0.001763 -0.019936
v 0.004967 0.001665 -0.019720
v 0.002953 0.001557 -0.019343
v 0.003271 0.001633 -0.019417
v 0.003254 0.001638 -0.018988
v 0.003510 0.001746 -0.019417
v 0.003496 0.001752 -0.019001
v 0.003702 0.001892 -0.019416
v 0.003684 0.001890 -0.019022
v 0.004263 0.000447 -0.019548
v 0.003880 0.002070 -0.019417
v 0.003867 0.002072 -0.018968
v 0.004025 0.002288 -0.019355
v 0.004043 0.002277 -0.016135
v 0.004142 0.002511 -0.019377
v 0.004160 0.002483 -0.015791
v 0.004219 0.002734 -0.019342
v 0.004234 0.002711 -0.015813
v 0.004665 0.000279 -0.019321
v 0.004672 0.000114 -0.019137
v 0.004671 0.000465 -0.019485
v 0.004849 0.000337 -0.019263
v 0.004892 0.000217 -0.019033
v 0.004970 0.000187 -0.018713
v 0.005004 0.000177 -0.018373
v 0.005019 0.000139 -0.017969
v 0.004890 0.000568 -0.019382
v 0.004966 0.000538 -0.019062
v 0.005000 0.000527 -0.018723
v 0.005014 0.000475 -0.018318
v 0.004962 0.000888 -0.019410
v 0.004995 0.000878 -0.019072
v 0.004995 0.001268 -0.019411
v 0.005006 0.001029 -0.018889
v 0.004987 0.003647 -0.019044
v 0.004979 0.004050 -0.019387
v 0.003905 0.002053 -0.011706
v 0.004066 0.002262 -0.011753
v 0.002966 0.001538 -0.009995
v 0.003279 0.001611 -0.008928
v 0.003710 0.001861 -0.011516
v 0.004176 0.002458 -0.011884
v 0.004251 0.002677 -0.011600
v 0.005128 0.000335 -0.002146
v 0.003959 0.002014 -0.000965
v 0.005110 0.003639 -0.001269
v 0.003560 0.001700 -0.000976
v 0.004110 0.002201 -0.000934
v 0.004232 0.002413 -0.000966
v 0.004320 0.002668 -0.000967
v 0.002980 0.001521 -0.000931
v 0.003298 0.001590 -0.000949
v 0.003772 0.001839 -0.000949
v 0.003344 0.001193 -0.000149
v 0.002971 0.001487 -0.000549
v 0.002975 0.001389 -0.000282
v 0.003300 0.001547 -0.000545
v 0.003323 0.001434 -0.000271
v 0.003587 0.001655 -0.000540
v 0.003689 0.001539 -0.000244
v 0.003789 0.001808 -0.000556
v 0.003840 0.001754 -0.000321
v 0.004306 0.000945 -0.000171
v 0.004026 0.001233 -0.000097
v 0.004036 0.001562 -0.000128
v 0.003981 0.001970 -0.000544
v 0.004075 0.001875 -0.000254
v 0.004267 0.002348 -0.000537
v 0.004191 0.002117 -0.000319
v 0.004370 0.001235 -0.000088
v 0.004372 0.001573 -0.000074
v 0.004381 0.001915 -0.000130
v 0.004398 0.002266 -0.000243
v 0.004368 0.002655 -0.000542
v 0.004492 0.002629 -0.000267
v 0.004649 0.000443 -0.000579
v 0.004669 0.000699 -0.000348
v 0.004680 0.000929 -0.000220
v 0.004688 0.001235 -0.000134
v 0.004691 0.001576 -0.000106
v 0.004692 0.001924 -0.000117
v 0.004698 0.002274 -0.000149
v 0.004727 0.002629 -0.000164
v 0.005120 0.000176 -0.001926
v 0.005096 0.000182 -0.001582
v 0.005036 0.000202 -0.001252
v 0.004926 0.000247 -0.000948
v 0.004869 0.000375 -0.000726
v 0.005120 0.000526 -0.001576
v 0.005096 0.000532 -0.001232
v 0.005036 0.000551 -0.000903
v 0.004925 0.000596 -0.000603
v 0.004865 0.000721 -0.000401
v 0.005120 0.000876 -0.001226
v 0.005095 0.000881 -0.000885
v 0.005028 0.000896 -0.000572
v 0.004908 0.000928 -0.000336
v 0.005128 0.001094 -0.001338
v 0.005120 0.001275 -0.000889
v 0.005065 0.001228 -0.000550
v 0.004932 0.001234 -0.000285
v 0.005077 0.001602 -0.000549
v 0.004937 0.001725 -0.000257
v 0.004943 0.003216 -0.000273
v 0.002975 0.004812 -0.019891
v 0.002953 0.004725 -0.019711
v 0.003496 0.004569 -0.019886
v 0.003466 0.004508 -0.019713
v 0.003342 0.004730 -0.019910
v 0.003246 0.004643 -0.019715
v 0.003582 0.004898 -0.019903
v 0.003838 0.004189 -0.019641
v 0.003715 0.004488 -0.019925
v 0.003707 0.004347 -0.019732
v 0.003684 0.004704 -0.019972
v 0.003991 0.005019 -0.019714
v 0.004209 0.003823 -0.019902
v 0.004136 0.003785 -0.019718
v 0.004138 0.004055 -0.019939
v 0.003988 0.004047 -0.019735
v 0.004017 0.004361 -0.019978
v 0.003893 0.004243 -0.019842
v 0.004020 0.004671 -0.020000
v 0.004328 0.004880 -0.019925
v 0.004461 0.002975 -0.019937
v 0.004321 0.002993 -0.019724
v 0.004458 0.003318 -0.019937
v 0.004315 0.003294 -0.019724
v 0.004391 0.003676 -0.019950
v 0.004256 0.003568 -0.019726
v 0.004389 0.004026 -0.020016
v 0.004363 0.004361 -0.020033
v 0.004362 0.004666 -0.020013
v 0.004363 0.005000 -0.019715
v 0.004681 0.003503 -0.020004
v 0.004668 0.004023 -0.020021
v 0.004662 0.004363 -0.020019
v 0.004658 0.004662 -0.019989
v 0.004652 0.004860 -0.019905
v 0.004656 0.004951 -0.019711
v 0.004864 0.004257 -0.019927
v 0.004949 0.004265 -0.019718
v 0.004845 0.004654 -0.019907
v 0.004914 0.004659 -0.019712
v 0.004815 0.004822 -0.019874
v 0.004840 0.004854 -0.019705
v 0.002944 0.004677 -0.019414
v 0.002927 0.004661 -0.019000
v 0.003439 0.004484 -0.019360
v 0.003437 0.004489 -0.016925
v 0.003219 0.004603 -0.019415
v 0.003201 0.004595 -0.019009
v 0.003624 0.005109 -0.018986
v 0.003824 0.004176 -0.019347
v 0.003647 0.004339 -0.019338
v 0.003653 0.004343 -0.016920
v 0.004110 0.003758 -0.019374
v 0.004116 0.003771 -0.016926
v 0.003976 0.003983 -0.019320
v 0.003972 0.004010 -0.016760
v 0.003821 0.004197 -0.016444
v 0.003991 0.005106 -0.018996
v 0.004267 0.002999 -0.019417
v 0.004254 0.003000 -0.018994
v 0.004261 0.003285 -0.019417
v 0.004248 0.003285 -0.019002
v 0.004200 0.003541 -0.019329
v 0.004209 0.003546 -0.016878
v 0.004363 0.005057 -0.019415
v 0.004342 0.005081 -0.018992
v 0.004651 0.005005 -0.019284
v 0.004967 0.004377 -0.019352
v 0.004933 0.004667 -0.019356
v 0.004965 0.004667 -0.013544
v 0.004845 0.004875 -0.019362
v 0.004296 0.002981 -0.011633
v 0.004665 0.005013 -0.012732
v 0.005026 0.004367 -0.010552
v 0.004869 0.004884 -0.012512
v 0.002965 0.004655 -0.006585
v 0.003472 0.004501 -0.005592
v 0.003237 0.004598 -0.007209
v 0.003684 0.004372 -0.003912
v 0.004160 0.003817 -0.006997
v 0.004031 0.004003 -0.008293
v 0.004289 0.003300 -0.011612
v 0.004247 0.003582 -0.008757
v 0.004371 0.005078 -0.008393
v 0.004090 0.005089 -0.001307
v 0.004669 0.005020 -0.007246
v 0.005000 0.004672 -0.007046
v 0.004885 0.004894 -0.007009
v 0.002966 0.004659 -0.000969
v 0.003723 0.005090 -0.001259
v 0.004058 0.004017 -0.002271
v 0.003882 0.004214 -0.002568
v 0.004367 0.002982 -0.000962
v 0.004345 0.003307 -0.002190
v 0.003479 0.004514 -0.000947
v 0.003254 0.004604 -0.000961
v 0.004182 0.003842 -0.001353
v 0.004273 0.003617 -0.002352
v 0.004380 0.005075 -0.000966
v 0.004681 0.005025 -0.000987
v 0.005089 0.004360 -0.000955
v 0.005034 0.004672 -0.000954
v 0.004909 0.004899 -0.000948
v 0.002964 0.004702 -0.000563
v 0.002979 0.004798 -0.000348
v 0.003484 0.004539 -0.000570
v 0.003511 0.004589 -0.000363
v 0.003268 0.004643 -0.000560
v 0.003354 0.004736 -0.000322
v 0.003488 0.004930 -0.000331
v 0.003683 0.004389 -0.000948
v 0.003693 0.004426 -0.000556
v 0.003719 0.004522 -0.000310
v 0.003688 0.004723 -0.000230
v 0.004053 0.004043 -0.000920
v 0.004218 0.003909 -0.000557
v 0.004152 0.004145 -0.000315
v 0.003882 0.004228 -0.000951
v 0.003916 0.004272 -0.000542
v 0.004028 0.004391 -0.000256
v 0.004025 0.004691 -0.000182
v 0.004322 0.005036 -0.000549
v 0.004306 0.004915 -0.000285
v 0.004412 0.002980 -0.000544
v 0.004527 0.002976 -0.000274
v 0.004356 0.003316 -0.000912
v 0.004400 0.003317 -0.000544
v 0.004519 0.003322 -0.000274
v 0.004290 0.003600 -0.000946
v 0.004338 0.003629 -0.000541
v 0.004473 0.003662 -0.000265
v 0.004192 0.003853 -0.000876
v 0.004376 0.004011 -0.000241
v 0.004365 0.004365 -0.000143
v 0.004366 0.004682 -0.000148
v 0.004718 0.003670 -0.000162
v 0.004689 0.004019 -0.000149
v 0.004684 0.004365 -0.000132
v 0.004678 0.004676 -0.000175
v 0.004674 0.004991 -0.000558
v 0.004668 0.004894 -0.000309
v 0.005106 0.004027 -0.000935
v 0.005057 0.004246 -0.000544
v 0.004922 0.004353 -0.000269
v 0.004999 0.004673 -0.000555
v 0.004899 0.004667 -0.000302
v 0.004891 0.004888 -0.000569
v 0.004855 0.004852 -0.000359
vn -0.7864 -0.6162 -0.0441
vn -0.7009 -0.7012 -0.1307
vn -0.7069 -0.7014 -0.0916
vn -0.4528 -0.7698 -0.4499
vn -0.5540 -0.7047 -0.4431
vn -0.2693 -0.7646 -0.5855
vn -0.6987 -0.6760 -0.2343
vn -0.4480 -0.7431 -0.4970
vn -0.5963 -0.7230 -0.3488
vn -0.7054 -0.6711 -0.2281
vn -0.7958 -0.5977 -0.0970
vn -0.8172 -0.5755 -0.0318
vn -0.8500 -0.5261 -0.0267
vn -0.5172 -0.7948 -0.3173
vn -0.5762 -0.7412 -0.3445
vn -0.3310 -0.7950 -0.5084
vn -0.5089 -0.7870 -0.3487
vn -0.6090 -0.7812 -0.1371
vn -0.7217 -0.6914 -0.0319
vn -0.6638 -0.7444 -0.0722
vn -0.2757 -0.7837 -0.5566
vn -0.1900 -0.7470 -0.6371
vn -0.1437 -0.7447 -0.6517
vn -0.4722 -0.8307 -0.2950
vn -0.2958 -0.8139 -0.5001
vn -0.4719 -0.8273 -0.3048
vn -0.5588 -0.8212 -0.1156
vn -0.6447 -0.7641 -0.0233
vn -0.5949 -0.8031 -0.0332
vn -0.2335 -0.7980 -0.5555
vn -0.1482 -0.7593 -0.6336
vn -0.0922 -0.7423 -0.6637
vn -0.0254 -0.7161 -0.6975
vn -0.3858 -0.8949 -0.2243
vn -0.2676 -0.8700 -0.4142
vn -0.4989 -0.8606 -0.1024
vn -0.2212 -0.8152 -0.5353
vn -0.1339 -0.7788 -0.6129
vn -0.0843 -0.7431 -0.6638
vn -0.0157 -0.7155 -0.6985
vn -0.8081 -0.5888 0.0172
vn -0.7824 -0.6227 0.0100
vn -0.6014 -0.7988 0.0135
vn -0.6408 -0.7677 0.0050
vn -0.5636 -0.8258 -0.0189
vn -0.7606 -0.6490 -0.0160
vn -0.7447 -0.6667 0.0315
vn -0.6671 -0.7433 0.0505
vn -0.5576 -0.8300 0.0146
vn -0.7159 -0.6981 0.0069
vn -0.5586 -0.8237 0.0971
vn -0.4490 -0.8854 0.1202
vn -0.8333 -0.5509 0.0464
vn -0.6271 -0.7423 0.2360
vn -0.7735 -0.6072 0.1815
vn -0.4795 -0.7687 0.4233
vn -0.5606 -0.7059 0.4329
vn -0.6615 -0.7328 0.1594
vn -0.7408 -0.6685 0.0660
vn -0.5432 -0.7947 0.2708
vn -0.7336 -0.6629 0.1496
vn -0.3857 -0.8063 0.4485
vn -0.4373 -0.7823 0.4436
vn -0.2382 -0.7858 0.5708
vn -0.1586 -0.7412 0.6523
vn -0.6025 -0.7855 0.1411
vn -0.6741 -0.7352 0.0708
vn -0.4944 -0.8259 0.2709
vn -0.3454 -0.8217 0.4533
vn -0.3818 -0.8008 0.4615
vn -0.1963 -0.7880 0.5835
vn -0.0546 -0.7585 0.6494
vn -0.0369 -0.7204 0.6926
vn -0.4731 -0.8509 0.2281
vn -0.3358 -0.8404 0.4254
vn -0.3618 -0.8170 0.4490
vn -0.1799 -0.7935 0.5814
vn -0.0984 -0.7548 0.6486
vn -0.3573 -0.8606 0.3628
vn -0.3602 -0.8454 0.3945
vn -0.1818 -0.8136 0.5523
vn -0.1014 -0.7585 0.6437
vn -0.0250 -0.7240 0.6893
vn -0.9834 -0.1762 -0.0442
vn -0.8940 -0.4073 -0.1868
vn -0.9509 -0.2914 -0.1039
vn -0.9730 -0.1845 -0.1388
vn -0.7562 -0.4987 -0.4236
vn -0.8781 -0.4125 -0.2425
vn -0.9915 -0.1215 -0.0472
vn -0.9500 -0.2793 -0.1400
vn -0.9735 -0.1682 -0.1552
vn -0.7436 -0.4824 -0.4629
vn -0.8649 -0.3758 -0.3328
vn -0.9948 -0.0844 -0.0575
vn -0.9738 -0.1640 -0.1577
vn -0.7419 -0.4747 -0.4736
vn -0.8643 -0.3596 -0.3517
vn -0.9956 -0.0679 -0.0642
vn -0.5717 -0.6264 -0.5300
vn -0.7181 -0.5673 -0.4031
vn -0.5040 -0.6845 -0.5267
vn -0.3556 -0.7010 -0.6182
vn -0.7621 -0.5528 -0.3371
vn -0.4291 -0.7190 -0.5468
vn -0.6566 -0.6336 -0.4092
vn -0.3938 -0.6767 -0.6220
vn -0.3289 -0.6763 -0.6592
vn -0.3869 -0.6544 -0.6496
vn -0.3228 -0.6698 -0.6688
vn -0.3851 -0.6510 -0.6541
vn -0.7419 -0.4730 -0.4752
vn -0.3226 -0.6688 -0.6699
vn -0.8634 -0.3559 -0.3576
vn -0.3096 -0.6991 -0.6445
vn -0.2457 -0.7009 -0.6696
vn -0.6408 -0.6095 -0.4667
vn -0.2281 -0.7081 -0.6683
vn -0.1571 -0.7283 -0.6670
vn -0.0912 -0.7061 -0.7022
vn -0.0978 -0.7032 -0.7042
vn -0.0686 -0.7113 -0.6995
vn -0.2884 -0.7146 -0.6374
vn -0.0985 -0.7035 -0.7038
vn -0.0327 -0.7127 -0.7007
vn -0.1112 -0.7147 -0.6906
vn -0.0141 -0.7034 -0.7107
vn -0.9772 -0.2110 -0.0251
vn -0.8930 -0.4352 -0.1148
vn -0.7027 -0.6238 -0.3422
vn -0.8294 -0.5422 -0.1347
vn -0.9207 -0.3888 -0.0332
vn -0.8627 -0.5016 -0.0639
vn -0.9071 -0.4207 -0.0148
vn -0.8888 -0.4199 -0.1836
vn -0.7676 -0.5575 -0.3163
vn -0.9388 -0.3398 -0.0559
vn -0.9615 -0.2729 -0.0321
vn -0.5891 -0.7114 -0.3833
vn -0.3935 -0.7535 -0.5266
vn -0.3699 -0.7432 -0.5575
vn -0.2258 -0.7474 -0.6249
vn -0.1260 -0.7353 -0.6659
vn -0.0738 -0.7298 -0.6797
vn -0.9894 -0.1451 -0.0105
vn -0.9789 -0.2043 -0.0104
vn -0.9959 -0.0893 -0.0108
vn -0.9993 -0.0351 0.0084
vn -0.9296 -0.3685 -0.0110
vn -0.9636 -0.2672 -0.0108
vn -0.9459 -0.3243 -0.0112
vn -0.8695 -0.4936 0.0170
vn -0.9860 -0.1665 0.0113
vn -0.9932 -0.1125 0.0306
vn -0.9468 -0.3179 0.0492
vn -0.9751 -0.2218 0.0060
vn -0.9985 -0.0541 0.0022
vn -0.9188 -0.3947 0.0094
vn -0.8850 -0.4627 0.0513
vn -0.9327 -0.3599 0.0221
vn -0.8856 -0.4429 0.1401
vn -0.9630 -0.2641 0.0539
vn -0.7632 -0.5970 0.2471
vn -0.9346 -0.3181 0.1590
vn -0.9722 -0.2141 0.0946
vn -0.8090 -0.5639 0.1657
vn -0.8931 -0.4420 0.0835
vn -0.6646 -0.6868 0.2941
vn -0.8335 -0.5094 0.2140
vn -0.5046 -0.7244 0.4698
vn -0.6068 -0.6552 0.4500
vn -0.8847 -0.4462 0.1350
vn -0.7761 -0.5650 0.2801
vn -0.4030 -0.7184 0.5670
vn -0.4869 -0.7210 0.4930
vn -0.8206 -0.5570 0.1280
vn -0.7099 -0.6398 0.2946
vn -0.3628 -0.7383 0.5685
vn -0.4285 -0.7426 0.5147
vn -0.2301 -0.7604 0.6073
vn -0.1691 -0.7297 0.6625
vn -0.1051 -0.7303 0.6750
vn -0.0910 -0.7305 0.6768
vn -0.0452 -0.7158 0.6969
vn -0.0163 -0.7125 0.7015
vn -0.0136 -0.7131 0.7009
vn -0.6180 -0.6536 0.4369
vn -0.7647 -0.5008 0.4055
vn -0.9297 -0.2975 0.2172
vn -0.6026 -0.5826 0.5454
vn -0.7457 -0.4917 0.4497
vn -0.9756 -0.1852 0.1180
vn -0.9243 -0.2909 0.2470
vn -0.5837 -0.5834 0.5647
vn -0.7356 -0.4908 0.4670
vn -0.9946 -0.0947 0.0430
vn -0.9767 -0.1685 0.1331
vn -0.9221 -0.2851 0.2616
vn -0.5747 -0.5839 0.5734
vn -0.7307 -0.4893 0.4762
vn -0.9983 -0.0097 0.0578
vn -0.9768 -0.1625 0.1398
vn -0.9206 -0.2834 0.2687
vn -0.5700 -0.5842 0.5778
vn -0.7274 -0.4898 0.4805
vn -0.2757 -0.7542 0.5959
vn -0.2671 -0.7057 0.6562
vn -0.1998 -0.7002 0.6854
vn -0.2492 -0.6874 0.6822
vn -0.1920 -0.6972 0.6907
vn -0.2444 -0.6865 0.6848
vn -0.1888 -0.6969 0.6919
vn -0.2409 -0.6863 0.6863
vn -0.1844 -0.6951 0.6949
vn -0.2337 -0.6899 0.6852
vn -0.5665 -0.5853 0.5800
vn -0.1845 -0.6959 0.6941
vn -0.0571 -0.7165 0.6952
vn -0.0382 -0.7079 0.7053
vn -0.0685 -0.7065 0.7043
vn -0.0613 -0.7067 0.7049
vn -0.0344 -0.7073 0.7061
vn -0.0820 -0.7080 0.7015
vn -0.0423 -0.6878 0.7246
vn 0.0037 -0.7115 0.7027
vn -0.2036 -0.8271 -0.5238
vn -0.3415 -0.8606 -0.3778
vn -0.3449 -0.8695 -0.3535
vn -0.4263 -0.8921 -0.1496
vn -0.0441 -0.7396 -0.6716
vn -0.1065 -0.7703 -0.6287
vn -0.2862 -0.9263 -0.2452
vn -0.1843 -0.8782 -0.4414
vn -0.1529 -0.8159 -0.5576
vn -0.1375 -0.8378 -0.5284
vn -0.2553 -0.9145 -0.3137
vn -0.0656 -0.7691 -0.6358
vn -0.0102 -0.7671 -0.6414
vn 0.0717 -0.7065 -0.7041
vn 0.0462 -0.6926 -0.7199
vn 0.0225 -0.7149 -0.6988
vn 0.0201 -0.8561 -0.5163
vn -0.1291 -0.9111 -0.3914
vn 0.1453 -0.6296 -0.7632
vn 0.0669 -0.6930 -0.7178
vn 0.2759 -0.6876 -0.6717
vn 0.2550 -0.6210 -0.7412
vn 0.2124 -0.7436 -0.6340
vn 0.1900 -0.7158 -0.6720
vn 0.0891 -0.7494 -0.6561
vn 0.0753 -0.6240 -0.7778
vn 0.0270 -0.7287 -0.6843
vn -0.0335 -0.8716 -0.4891
vn 0.3308 -0.4391 -0.8353
vn 0.1961 -0.5441 -0.8158
vn 0.6278 -0.4972 -0.5989
vn 0.4697 -0.3874 -0.7933
vn 0.5259 -0.6790 -0.5123
vn 0.7193 -0.5389 -0.4384
vn 0.9252 -0.2463 -0.2888
vn 0.9276 0.3100 -0.2082
vn 0.9057 -0.1382 -0.4008
vn 0.9941 -0.0731 -0.0803
vn 0.9138 0.4028 -0.0516
vn 0.2429 -0.8244 -0.5112
vn 0.4707 -0.7860 -0.4008
vn 0.7156 -0.6711 -0.1940
vn 0.8349 -0.5399 -0.1069
vn 0.8879 -0.4598 -0.0144
vn 0.9998 -0.0183 -0.0079
vn 0.3791 -0.4066 -0.8313
vn 0.2371 -0.2849 -0.9288
vn 0.0844 -0.4416 -0.8932
vn 0.4197 -0.1247 -0.8991
vn 0.7974 0.5307 -0.2872
vn 0.8541 0.3420 -0.3920
vn 0.8335 0.4283 -0.3489
vn 0.7280 0.5631 -0.3911
vn 0.3076 0.9307 -0.1977
vn 0.7614 0.4953 -0.4182
vn 0.3453 -0.8754 -0.3383
vn 0.4714 -0.8646 -0.1739
vn 0.5686 -0.8188 -0.0793
vn 0.6108 -0.7915 -0.0207
vn 0.0703 -0.8223 -0.5646
vn 0.1932 -0.9732 -0.1246
vn 0.1236 -0.9210 -0.3694
vn 0.2265 -0.9736 -0.0289
vn -0.5140 -0.8571 -0.0336
vn -0.4583 -0.8878 -0.0418
vn -0.3750 -0.9227 -0.0892
vn -0.4240 -0.9055 -0.0173
vn -0.2747 -0.9502 -0.1473
vn -0.3724 -0.9277 -0.0267
vn -0.3164 -0.9481 -0.0310
vn -0.2426 -0.9692 -0.0424
vn -0.1342 -0.9702 -0.2017
vn -0.1766 -0.9825 -0.0597
vn -0.0698 -0.9632 -0.2596
vn -0.0856 -0.9908 -0.1044
vn -0.1220 -0.9924 -0.0150
vn -0.0572 -0.9981 -0.0236
vn 0.8869 -0.4619 -0.0018
vn 0.0047 -0.9556 -0.2945
vn 0.0023 -0.9934 -0.1147
vn -0.0174 -0.9995 -0.0245
vn 0.6753 0.7343 -0.0694
vn 0.2545 0.9667 -0.0264
vn 0.2327 0.9725 0.0062
vn 0.6351 0.7724 0.0049
vn 0.9130 0.4080 0.0040
vn -0.4920 -0.8696 0.0407
vn -0.4209 -0.9070 0.0129
vn -0.3000 -0.9539 0.0066
vn -0.3589 -0.9329 0.0294
vn -0.2436 -0.9696 0.0243
vn -0.1783 -0.9833 0.0376
vn -0.1182 -0.9918 0.0489
vn 0.9943 -0.1012 0.0323
vn -0.0098 -0.9982 0.0597
vn 0.2545 0.9660 0.0463
vn -0.4060 -0.9081 0.1024
vn -0.4576 -0.8891 0.0090
vn -0.3019 -0.9248 0.2314
vn -0.3388 -0.9331 0.1205
vn -0.2275 -0.9005 0.3707
vn -0.2744 -0.8789 0.3901
vn -0.2694 -0.9609 0.0638
vn -0.1943 -0.9653 0.1747
vn -0.2060 -0.9730 0.1041
vn -0.1543 -0.9519 0.2647
vn -0.0730 -0.8632 0.4995
vn -0.0440 -0.7707 0.6356
vn -0.1432 -0.9783 0.1494
vn -0.0848 -0.9413 0.3267
vn -0.0679 -0.9792 0.1914
vn -0.0427 -0.9201 0.3892
vn -0.0169 -0.8209 0.5709
vn 0.0083 -0.7348 0.6782
vn -0.0508 -0.9974 0.0507
vn 0.9383 0.3284 0.1084
vn 0.9261 0.3769 0.0184
vn 0.8432 -0.5356 0.0468
vn 0.0048 -0.9775 0.2107
vn 0.0007 -0.9065 0.4221
vn 0.0097 -0.8062 0.5916
vn 0.0168 -0.6891 0.7245
vn 0.6579 0.7520 0.0400
vn 0.6879 0.7135 0.1332
vn 0.5817 -0.8125 0.0380
vn 0.2264 -0.9722 0.0594
vn -0.1632 -0.8683 0.4685
vn -0.1141 -0.7781 0.6177
vn -0.0258 -0.7261 0.6871
vn -0.1185 -0.8174 0.5638
vn -0.0465 -0.7597 0.6486
vn -0.0095 -0.7252 0.6885
vn 0.0174 -0.7117 0.7022
vn -0.0841 -0.7887 0.6091
vn 0.0049 -0.7165 0.6976
vn 0.0464 -0.7090 0.7037
vn 0.1498 -0.6809 0.7169
vn 0.0723 -0.6650 0.7434
vn 0.2194 -0.6749 0.7045
vn 0.1976 -0.7099 0.6761
vn 0.0976 -0.7369 0.6689
vn 0.1116 -0.5262 0.8430
vn 0.2313 -0.5508 0.8019
vn 0.5090 -0.5063 0.6961
vn 0.8870 0.0321 0.4606
vn 0.6755 0.0459 0.7359
vn 0.7232 -0.4311 0.5396
vn 0.5469 -0.6035 0.5803
vn 0.9578 -0.2215 0.1834
vn 0.8650 -0.4274 0.2628
vn 0.6066 -0.6430 0.4676
vn 0.3385 -0.7866 0.5164
vn 0.7677 -0.6257 0.1381
vn 0.6378 -0.7358 0.2277
vn 0.1843 -0.8029 0.5670
vn 0.0417 -0.7548 0.6547
vn 0.1244 -0.1527 0.9804
vn 0.0362 -0.3420 0.9390
vn 0.6830 0.5025 0.5301
vn 0.3278 0.9110 0.2504
vn 0.5983 0.5384 0.5934
vn 0.5117 -0.8505 0.1219
vn 0.3689 -0.8819 0.2936
vn 0.2108 -0.8708 0.4442
vn 0.1706 -0.9593 0.2250
vn 0.0788 -0.8649 0.4957
vn 0.0042 -0.7117 -0.7024
vn 0.0221 -0.7669 -0.6414
vn 0.0306 -0.6841 0.7288
vn 0.0145 -0.7117 0.7024
vn -0.9640 -0.1131 -0.2406
vn -0.6817 -0.3068 -0.6642
vn -0.8529 -0.3170 -0.4148
vn -0.9708 -0.0139 -0.2394
vn -0.9257 -0.0628 -0.3730
vn -0.3521 -0.5363 -0.7671
vn -0.2524 -0.3770 -0.8912
vn -0.7377 -0.4547 -0.4990
vn -0.2731 -0.1236 -0.9540
vn -0.4405 -0.0683 -0.8952
vn -0.1704 0.0508 -0.9841
vn -0.4215 0.0049 -0.9068
vn -0.0592 -0.3552 -0.9329
vn -0.0998 -0.5566 -0.8248
vn -0.3172 -0.6385 -0.7013
vn -0.0522 -0.1156 -0.9919
vn 0.0175 0.0271 -0.9995
vn -0.2837 0.0159 -0.9588
vn 0.2183 0.1440 -0.9652
vn -0.0061 -0.5565 -0.8308
vn -0.0952 -0.6720 -0.7344
vn 0.0502 -0.0663 -0.9965
vn 0.1572 0.1482 -0.9764
vn 0.4184 0.3429 -0.8411
vn 0.1137 0.1006 -0.9884
vn 0.6074 0.2974 -0.7366
vn 0.7320 0.5957 -0.3306
vn 0.6946 0.3410 -0.6334
vn 0.4870 0.2103 -0.8477
vn 0.8489 0.4608 -0.2589
vn 0.9013 0.2775 -0.3326
vn 0.0495 0.0904 -0.9947
vn 0.2868 0.4281 -0.8570
vn 0.4835 0.5235 -0.7015
vn 0.5053 0.7882 -0.3514
vn 0.1937 0.6108 -0.7677
vn 0.0385 0.3979 -0.9166
vn 0.2990 0.9047 -0.3033
vn 0.1136 0.8972 -0.4268
vn -0.9770 -0.1499 -0.1518
vn -0.9943 -0.0485 -0.0954
vn -0.9745 -0.1586 -0.1590
vn -0.7423 -0.4722 -0.4755
vn -0.8642 -0.3544 -0.3571
vn -0.9938 -0.0840 -0.0734
vn -0.9995 -0.0180 -0.0264
vn -0.9765 -0.1471 -0.1573
vn -0.8640 -0.3523 -0.3597
vn -0.9947 -0.0593 -0.0839
vn -0.9946 -0.0624 -0.0825
vn -0.9994 -0.0200 -0.0289
vn -0.9999 -0.0032 -0.0159
vn -1.0000 -0.0027 0.0036
vn -0.3855 -0.6503 -0.6547
vn -0.3241 -0.6696 -0.6683
vn -0.3936 -0.6377 -0.6622
vn -0.0981 -0.7026 -0.7048
vn -0.0137 -0.6692 -0.7430
vn 0.7671 0.6396 -0.0496
vn 0.8453 0.5343 0.0084
vn 0.8518 0.5224 -0.0386
vn 0.7572 0.6531 0.0088
vn 0.8942 0.3944 -0.2119
vn 0.9739 0.2196 -0.0566
vn 0.9227 0.3855 0.0090
vn 0.9245 0.3797 -0.0337
vn 0.9768 0.2139 0.0087
vn 0.6443 0.7145 -0.2728
vn 0.5195 0.8525 -0.0579
vn 0.6509 0.7591 0.0072
vn 0.3471 0.9364 -0.0518
vn 0.1429 0.9563 -0.2551
vn 0.5030 0.8642 0.0068
vn 0.3366 0.9416 0.0040
vn 0.1629 0.9858 -0.0405
vn 0.9731 0.2303 0.0100
vn 0.9084 0.4154 0.0474
vn 0.8300 0.5577 0.0094
vn 0.6239 0.7815 0.0077
vn 0.4772 0.8788 0.0055
vn 0.3147 0.9492 0.0042
vn 0.1429 0.9897 0.0026
vn 0.7345 0.6786 0.0088
vn 0.9709 0.2339 0.0506
vn 0.4526 0.8917 0.0076
vn 0.2832 0.9591 0.0066
vn 0.0973 0.9953 0.0019
vn -0.9996 -0.0267 0.0079
vn 0.8218 0.5685 0.0380
vn -0.9958 -0.0720 0.0558
vn -0.9768 -0.1588 0.1435
vn -0.9190 -0.2851 0.2724
vn -0.7246 -0.4910 0.4836
vn -0.9976 -0.0479 0.0505
vn -0.9759 -0.1624 0.1459
vn -0.9174 -0.2830 0.2799
vn -0.5637 -0.5807 0.5873
vn -0.7211 -0.4661 0.5126
vn -0.9970 -0.0621 0.0466
vn -0.9729 -0.1558 0.1707
vn -0.9070 -0.2249 0.3560
vn -0.5489 -0.4833 0.6820
vn -0.6592 -0.2296 0.7161
vn -0.9938 -0.0401 0.1039
vn -0.9394 -0.0568 0.3381
vn -0.6887 -0.0818 0.7204
vn -0.6777 0.0099 0.7353
vn -0.9958 0.0245 0.0879
vn -0.2378 -0.6891 0.6846
vn -0.1866 -0.6878 0.7015
vn -0.2302 -0.6559 0.7189
vn -0.1764 -0.5559 0.8123
vn -0.2542 -0.3128 0.9152
vn -0.2961 -0.1353 0.9455
vn -0.2716 0.0276 0.9620
vn -0.1535 0.0843 0.9845
vn -0.3883 0.0138 0.9214
vn -0.0350 -0.5617 0.8266
vn -0.0536 -0.3494 0.9354
vn -0.0184 -0.0916 0.9956
vn 0.0970 0.1316 0.9865
vn 0.2728 0.2566 0.9272
vn 0.5685 0.3134 0.7606
vn 0.9476 0.2207 0.2310
vn 0.9064 0.1950 0.3747
vn 0.8656 0.4355 0.2469
vn 0.4181 0.0926 0.9037
vn 0.3959 0.1030 0.9125
vn 0.1032 0.0222 0.9944
vn 0.0206 -0.3059 0.9518
vn 0.2651 0.3040 0.9150
vn 0.5201 0.5107 0.6846
vn 0.7999 0.5768 0.1658
vn 0.7172 0.6958 0.0388
vn 0.6791 0.5047 0.5330
vn 0.7001 0.6850 0.2013
vn 0.3421 0.5823 0.7375
vn 0.1103 0.1567 0.9815
vn 0.6013 0.7981 0.0386
vn 0.4561 0.8889 0.0439
vn 0.5983 0.7849 0.1610
vn 0.5231 0.6711 0.5253
vn 0.4613 0.8550 0.2371
vn 0.0021 -0.5530 0.8332
vn 0.2502 0.9445 0.2129
vn 0.2230 0.9072 0.3567
vn 0.1223 0.4851 0.8659
vn 0.0719 0.2359 0.9691
vn 0.0118 0.2775 0.9607
vn -0.0118 -0.2579 0.9661
vn 0.2714 0.9615 0.0420
vn 0.0741 0.9972 0.0070
vn 0.0531 0.9799 0.1923
vn 0.0350 0.7895 0.6128
vn -0.9248 -0.0040 -0.3804
vn -0.9689 0.0643 -0.2389
vn -0.6884 0.3302 -0.6458
vn -0.9038 0.3608 -0.2301
vn -0.4111 0.0705 -0.9088
vn -0.3982 -0.0075 -0.9173
vn -0.2429 0.1106 -0.9637
vn -0.6656 0.6686 -0.3316
vn -0.2930 0.6898 -0.6620
vn -0.3526 0.8936 -0.2778
vn 0.2786 0.0165 -0.9603
vn 0.2902 0.0104 -0.9569
vn 0.8412 0.0563 -0.5378
vn 0.2752 -0.0285 -0.9610
vn 0.2115 -0.0492 -0.9761
vn 0.9235 -0.1156 -0.3657
vn 0.8275 -0.1042 -0.5517
vn 0.8643 -0.3592 -0.3521
vn 0.4351 -0.2320 -0.8700
vn -0.2001 -0.0353 -0.9791
vn 0.1570 -0.1221 -0.9800
vn -0.0638 0.2859 -0.9561
vn -0.3720 0.4240 -0.8257
vn -0.0729 0.9432 -0.3242
vn 0.6138 -0.3924 -0.6850
vn 0.7696 -0.5761 -0.2753
vn 0.4659 -0.3607 -0.8080
vn 0.0325 0.0200 -0.9993
vn 0.1897 -0.1096 -0.9757
vn -0.0383 0.6817 -0.7307
vn 0.0774 0.2220 -0.9720
vn 0.5533 -0.5232 -0.6482
vn 0.7048 -0.6799 -0.2023
vn 0.6093 -0.7447 -0.2723
vn 0.3956 -0.4034 -0.8251
vn 0.1219 0.0632 -0.9905
vn -0.0147 0.8710 -0.4911
vn 0.4173 -0.5664 -0.7107
vn 0.4062 -0.8529 -0.3280
vn 0.2659 -0.2945 -0.9179
vn 0.0842 0.2343 -0.9685
vn 0.1622 -0.8700 -0.4656
vn 0.1695 -0.9317 -0.3213
vn 0.0197 0.0200 -0.9996
vn 0.0002 0.9508 -0.3097
vn -0.0138 0.9074 -0.4200
vn -0.9986 0.0200 -0.0494
vn -0.9929 0.1094 -0.0469
vn -0.9930 0.1173 -0.0123
vn -0.9421 0.3268 -0.0747
vn -0.9355 0.3531 -0.0096
vn -0.7232 0.6856 -0.0839
vn -0.3536 0.9323 -0.0764
vn -0.3611 0.9325 -0.0054
vn -0.7217 0.6922 -0.0037
vn 0.9331 0.0502 -0.3560
vn 0.9990 0.0432 0.0083
vn 0.9966 0.0411 -0.0715
vn 0.9895 -0.1247 -0.0732
vn 0.9913 -0.1312 0.0089
vn 0.9482 -0.3097 -0.0712
vn -0.0938 0.9890 -0.1142
vn -0.1448 0.9893 -0.0160
vn 0.8783 -0.4739 -0.0632
vn 0.8106 -0.5842 -0.0403
vn -0.0375 0.9987 -0.0335
vn -0.1177 0.9930 -0.0010
vn 0.7141 -0.6993 -0.0341
vn 0.6092 -0.7919 -0.0421
vn 0.5897 -0.8076 0.0054
vn 0.5160 -0.8541 -0.0659
vn 0.3478 -0.9375 -0.0114
vn 0.3721 -0.9215 -0.1115
vn -0.0035 0.9930 -0.1180
vn 0.1650 -0.9793 -0.1171
vn 0.1478 -0.9888 -0.0192
vn -0.0057 1.0000 -0.0039
vn -0.0111 0.9999 -0.0029
vn -0.0145 0.9999 0.0092
vn -0.6901 0.7237 -0.0055
vn -0.9470 0.3210 -0.0086
vn -0.9393 0.3430 -0.0083
vn -0.3306 0.9438 -0.0035
vn 0.9474 -0.3200 0.0091
vn 0.8763 -0.4816 0.0087
vn 0.7964 -0.6047 0.0082
vn 0.6988 -0.7153 0.0070
vn -0.0327 0.9995 0.0004
vn 0.4756 -0.8796 0.0041
vn 0.3188 -0.9478 0.0025
vn 0.1213 -0.9926 0.0004
vn -0.2916 0.9565 -0.0022
vn 0.6774 -0.7356 0.0064
vn 0.7775 -0.6288 0.0078
vn -0.9274 0.3741 -0.0076
vn -0.9908 0.1349 -0.0098
vn -0.6523 0.7579 -0.0048
vn 0.9993 0.0359 0.0100
vn 0.9871 -0.1597 0.0097
vn 0.8669 -0.4984 0.0082
vn -0.0848 0.9964 -0.0000
vn 0.5684 -0.8227 0.0049
vn 0.4361 -0.8999 0.0043
vn 0.0947 -0.9955 0.0010
vn -0.9994 0.0334 -0.0015
vn -0.9177 0.3972 -0.0076
vn -0.9871 0.1465 0.0642
vn 0.7678 -0.6406 0.0073
vn 0.2768 -0.9609 0.0027
vn -0.6281 0.7777 0.0279
vn -0.9114 0.4087 0.0469
vn -0.2528 0.9670 0.0306
vn 0.9980 0.0396 0.0494
vn 0.9848 -0.1653 0.0528
vn 0.9375 -0.3424 0.0625
vn 0.9414 -0.3372 0.0089
vn 0.8543 -0.5158 0.0650
vn 0.7559 -0.6513 0.0668
vn 0.6596 -0.7516 0.0073
vn -0.0609 0.9968 0.0509
vn 0.5512 -0.8343 0.0060
vn 0.0688 -0.9963 0.0507
vn -0.9428 0.0271 0.3324
vn -0.6634 0.0133 0.7482
vn -0.9417 0.1274 0.3115
vn -0.6802 0.0863 0.7279
vn -0.8987 0.3617 0.2480
vn -0.6716 0.2825 0.6850
vn -0.6186 0.7695 0.1589
vn -0.5276 0.6667 0.5265
vn -0.3710 -0.0031 0.9286
vn -0.4055 -0.0010 0.9141
vn -0.1755 0.0297 0.9840
vn -0.2132 0.3183 0.9237
vn -0.2051 0.9579 0.2008
vn -0.1558 0.7642 0.6258
vn 0.9749 0.0427 0.2183
vn 0.9375 0.0414 0.3456
vn 0.4958 0.0222 0.8681
vn 0.9614 -0.1468 0.2326
vn 0.7340 -0.1052 0.6710
vn 0.4658 -0.0427 0.8838
vn 0.9139 -0.3013 0.2720
vn 0.6598 -0.1812 0.7292
vn 0.8045 -0.5056 0.3116
vn 0.3039 -0.0848 0.9489
vn 0.4722 -0.3129 0.8241
vn 0.1835 -0.1142 0.9764
vn 0.0398 0.2586 0.9652
vn -0.0367 0.9682 0.2475
vn -0.0009 0.7440 0.6682
vn 0.7256 -0.6428 0.2454
vn 0.5751 -0.5091 0.6404
vn 0.6479 -0.7595 0.0579
vn 0.6106 -0.7351 0.2946
vn 0.3974 -0.4096 0.8212
vn 0.1640 -0.2413 0.9565
vn 0.5306 -0.8464 0.0466
vn 0.4763 -0.8485 0.2306
vn 0.4046 -0.8214 0.4020
vn 0.2427 -0.3295 0.9124
vn 0.2276 -0.3919 0.8914
vn -0.0084 0.9695 0.2450
vn -0.0069 0.9129 0.4081
vn 0.1035 0.3994 0.9109
vn 0.1220 0.3080 0.9435
vn 0.4357 -0.8993 0.0371
vn 0.3127 -0.9127 0.2631
vn 0.3810 -0.7037 0.5997
vn 0.2638 -0.9630 0.0541
vn 0.3372 -0.7559 0.5611
vn -0.0055 0.9981 0.0612
vn 0.0671 -0.9611 0.2678
vn 0.0713 -0.9028 0.4240
vn -0.0062 0.9209 0.3899
vn 0.0209 0.0382 0.9990
vn -0.0058 0.0418 0.9991
vn -0.0221 0.1383 -0.9901
vn 0.0033 -0.2926 -0.9562
vn 0.0035 0.4257 -0.9049
vn -0.0136 0.9181 -0.3962
vn -0.0109 -0.3447 -0.9386
vn -0.0306 0.9679 -0.2493
vn -0.1420 0.8885 -0.4363
vn -0.0644 0.3785 -0.9234
vn -0.0768 0.0019 -0.9970
vn -0.2014 0.9344 -0.2938
vn -0.2196 0.5456 -0.8088
vn -0.4699 0.6894 -0.5512
vn -0.4140 0.8434 -0.3425
vn -0.4318 0.5006 -0.7503
vn -0.6173 0.7086 -0.3417
vn -0.5567 0.8022 -0.2160
vn -0.1491 0.1333 -0.9798
vn -0.2537 0.3505 -0.9016
vn -0.7086 0.5536 -0.4374
vn -0.5721 0.2454 -0.7826
vn -0.8451 0.4052 -0.3487
vn -0.6615 0.2232 -0.7159
vn -0.9092 0.2426 -0.3384
vn -0.0369 -0.0132 -0.9992
vn -0.0283 -0.1198 -0.9924
vn -0.1707 0.0875 -0.9814
vn -0.4062 0.3126 -0.8587
vn -0.2653 0.1065 -0.9583
vn -0.7459 0.1569 -0.6474
vn -0.0924 0.0402 -0.9949
vn -0.3839 0.1084 -0.9170
vn 0.0285 -0.0143 -0.9995
vn -0.0457 0.9981 -0.0415
vn -0.2454 0.9684 -0.0456
vn -0.0682 0.9977 0.0002
vn -0.4245 0.9040 -0.0516
vn -0.5798 0.8124 -0.0617
vn -0.4416 0.8972 -0.0038
vn -0.7061 0.7045 -0.0708
vn -0.7998 0.5903 -0.1083
vn -0.6979 0.7161 -0.0122
vn -0.8132 0.5818 -0.0098
vn -0.8886 0.4513 -0.0813
vn -0.9613 0.2639 -0.0793
vn -0.9666 0.2559 -0.0132
vn -0.9047 0.4259 -0.0101
vn -0.9699 0.2432 -0.0097
vn -0.1048 0.9945 0.0002
vn 0.1143 0.9934 0.0025
vn -0.2836 0.9589 -0.0018
vn -0.6175 0.7866 -0.0058
vn -0.4687 0.8833 -0.0034
vn -0.7300 0.6834 -0.0071
vn -0.3104 0.9506 -0.0022
vn -0.8339 0.5518 -0.0081
vn -0.9761 0.2088 0.0596
vn -0.1409 0.9900 0.0026
vn -0.5065 0.8610 0.0466
vn -0.3443 0.9379 0.0425
vn -0.6481 0.7603 0.0439
vn -0.7590 0.6495 0.0447
vn -0.8365 0.5448 0.0582
vn -0.9201 0.3866 0.0633
vn -0.0780 0.2447 0.9665
vn 0.0607 0.9975 0.0348
vn -0.1618 0.9858 0.0440
vn -0.1456 0.9680 0.2045
vn -0.1088 0.7726 0.6255
vn -0.3107 0.9193 0.2417
vn -0.2124 0.6951 0.6868
vn -0.0955 0.1156 0.9887
vn -0.5101 0.8136 0.2792
vn -0.3547 0.5139 0.7811
vn -0.6438 0.7345 0.2146
vn -0.5364 0.6024 0.5911
vn -0.0240 -0.3730 0.9275
vn -0.1155 -0.0341 0.9927
vn -0.2570 0.2350 0.9374
vn -0.7301 0.6298 0.2652
vn -0.4993 0.4459 0.7429
vn -0.8554 0.4156 0.3092
vn -0.6448 0.4672 0.6049
vn -0.0480 -0.1495 0.9876
vn -0.1817 0.0777 0.9803
vn -0.3608 0.2153 0.9074
vn -0.5686 0.3060 0.7636
vn -0.9337 0.1800 0.3097
vn -0.6943 0.1210 0.7094
vn -0.0473 -0.0234 0.9986
vn -0.2623 0.1006 0.9597
vn -0.0092 -0.0514 0.9986
vn -0.0782 0.0176 0.9968
vn -0.0001 -0.6691 0.7432
vn -0.0243 -0.8899 -0.4555
vn -0.0321 -0.9461 -0.3223
vn 0.0016 0.0249 -0.9997
vn -0.0079 0.0226 -0.9997
vn -0.2134 -0.9147 -0.3433
vn -0.1888 -0.8439 -0.5023
vn -0.0527 0.5996 -0.7986
vn -0.4355 -0.7155 -0.5463
vn -0.5752 -0.7570 -0.3099
vn -0.3999 -0.8321 -0.3843
vn 0.0018 0.9348 -0.3552
vn -0.6241 -0.7110 -0.3240
vn -0.5426 -0.4722 -0.6947
vn -0.7234 -0.6395 -0.2602
vn -0.5833 -0.6728 -0.4550
vn -0.3827 -0.3599 -0.8509
vn -0.1280 0.0843 -0.9882
vn -0.2137 -0.2132 -0.9533
vn -0.0977 0.0837 -0.9917
vn -0.8997 -0.3182 -0.2988
vn -0.7131 -0.1682 -0.6806
vn -0.9384 -0.1661 -0.3030
vn -0.7949 -0.5048 -0.3367
vn -0.6306 -0.2187 -0.7446
vn -0.4575 -0.2944 -0.8391
vn -0.1899 -0.0891 -0.9778
vn -0.0877 0.2091 -0.9739
vn -0.0238 0.6703 -0.7417
vn -0.4314 -0.0124 -0.9021
vn -0.7846 0.0230 -0.6196
vn -0.9566 0.0386 -0.2890
vn -0.7925 -0.1377 -0.5941
vn -0.2852 -0.0761 -0.9554
vn -0.1985 -0.0553 -0.9785
vn -0.1011 0.0295 -0.9944
vn -0.0279 0.2862 -0.9577
vn -0.1285 -0.0204 -0.9915
vn -0.0663 -0.0013 -0.9978
vn -0.0157 0.0893 -0.9959
vn -0.0153 0.0075 -0.9999
vn -0.0044 0.0096 -0.9999
vn -0.0379 -0.9917 -0.1231
vn -0.0432 -0.9986 -0.0307
vn -0.0626 -0.9980 -0.0019
vn -0.0064 1.0000 0.0011
vn -0.2282 -0.9660 -0.1218
vn -0.2256 -0.9738 -0.0289
vn -0.2449 -0.9695 -0.0043
vn -0.5535 -0.8289 -0.0811
vn -0.4150 -0.9011 -0.1255
vn -0.4042 -0.9144 -0.0202
vn -0.5381 -0.8428 -0.0073
vn -0.6445 -0.7615 -0.0688
vn -0.7514 -0.6565 -0.0664
vn -0.7547 -0.6561 -0.0084
vn -0.6460 -0.7633 -0.0086
vn -0.9964 0.0530 -0.0662
vn -0.9983 0.0566 -0.0166
vn -0.9842 -0.1648 -0.0655
vn -0.9854 -0.1697 -0.0161
vn -0.9985 0.0534 -0.0155
vn -0.9873 -0.1586 -0.0121
vn -0.9323 -0.3543 -0.0732
vn -0.9359 -0.3519 -0.0127
vn -0.8533 -0.5178 -0.0613
vn -0.4280 -0.9038 -0.0061
vn -0.2678 -0.9635 -0.0031
vn -0.5510 -0.8345 -0.0073
vn -0.6635 -0.7482 -0.0083
vn -0.0791 -0.9969 -0.0015
vn -0.5644 -0.8255 -0.0077
vn -0.7737 -0.6335 -0.0089
vn -0.6717 -0.7407 -0.0080
vn -0.9992 0.0386 -0.0098
vn -0.9876 -0.1565 -0.0101
vn -0.9425 -0.3340 -0.0101
vn -0.8676 -0.4971 -0.0096
vn -0.1114 -0.9938 -0.0014
vn -0.3026 -0.9531 -0.0039
vn -0.5800 -0.8146 -0.0074
vn -0.4750 -0.8800 -0.0055
vn -0.6869 -0.7267 -0.0081
vn -0.9885 -0.1402 0.0574
vn -0.9978 0.0344 0.0575
vn -0.1379 -0.9889 0.0560
vn -0.3355 -0.9404 0.0554
vn -0.9450 -0.3270 -0.0093
vn -0.1368 -0.9504 0.2794
vn -0.1294 -0.8875 0.4423
vn -0.3926 -0.8759 0.2803
vn -0.3062 -0.3142 0.8986
vn -0.4511 -0.6237 0.6384
vn -0.0041 0.9651 0.2618
vn -0.1396 0.2569 0.9563
vn -0.0382 0.0402 0.9985
vn -0.6967 -0.7170 0.0220
vn -0.5908 -0.8062 0.0319
vn -0.6910 -0.7053 0.1586
vn -0.5964 -0.7711 0.2229
vn -0.5970 -0.5902 0.5434
vn -0.4545 -0.4670 0.7585
vn -0.1959 0.0597 0.9788
vn -0.7886 -0.6149 -0.0090
vn -0.8718 -0.4898 -0.0097
vn -0.8752 -0.4828 0.0320
vn -0.7936 -0.6076 0.0310
vn -0.8447 -0.4987 0.1942
vn -0.7648 -0.6073 0.2150
vn -0.6936 -0.4460 0.5658
vn -0.5517 -0.4370 0.7104
vn -0.3003 -0.1786 0.9370
vn -0.1579 0.2416 0.9574
vn -0.0429 0.7543 0.6552
vn -0.9546 0.0271 0.2968
vn -0.7308 0.0180 0.6824
vn -0.9458 -0.1338 0.2960
vn -0.7066 -0.1033 0.7001
vn -0.9432 -0.3285 0.0498
vn -0.8845 -0.3648 0.2910
vn -0.6029 -0.2931 0.7420
vn -0.3564 -0.1731 0.9182
vn -0.1915 -0.0110 0.9814
vn -0.0595 0.3726 0.9261
vn -0.3454 -0.0155 0.9383
vn -0.2578 -0.0960 0.9614
vn -0.1509 -0.0284 0.9881
vn -0.0578 0.1075 0.9925
vn -0.0078 0.9617 0.2740
vn -0.0517 -0.0010 0.9987
vn 0.0035 0.0323 0.9995
vn -0.0099 -0.7147 -0.6994
vn -0.0252 -0.4023 -0.9152
vn 0.0253 -0.8565 -0.5156
vn 0.0038 0.9538 -0.3005
vn -0.0047 0.9511 -0.3089
vn -0.7774 0.5747 -0.2557
vn -0.8388 0.4185 -0.3483
vn -0.7338 0.5634 -0.3797
vn -0.2715 0.9451 -0.1817
vn -0.6536 0.7513 -0.0917
vn -0.0492 -0.8442 -0.5337
vn -0.1158 -0.9345 -0.3365
vn -0.1486 -0.9849 -0.0887
vn -0.2834 -0.8533 -0.4378
vn -0.4273 -0.8825 -0.1964
vn -0.5615 -0.8264 -0.0425
vn -0.1108 -0.5734 -0.8117
vn -0.2548 -0.5309 -0.8082
vn -0.3815 -0.3736 -0.8455
vn -0.3095 -0.3868 -0.8687
vn -0.1674 -0.3296 -0.9292
vn -0.4352 -0.0947 -0.8953
vn -0.9060 0.3681 -0.2090
vn -0.8271 0.4724 -0.3044
vn -0.9074 0.4174 -0.0490
vn -0.9408 -0.2396 -0.2399
vn -0.6523 -0.4667 -0.5972
vn -0.9283 0.1335 -0.3469
vn -0.9900 -0.0920 -0.1067
vn -0.9994 -0.0263 -0.0236
vn -0.4896 -0.7836 -0.3824
vn -0.7264 -0.6646 -0.1752
vn -0.5467 -0.6783 -0.4910
vn -0.7331 -0.5284 -0.4283
vn -0.8318 -0.5469 -0.0953
vn -0.8824 -0.4694 -0.0309
vn -0.1231 -0.8513 -0.5100
vn -0.1006 -0.8013 -0.5897
vn 0.0323 -0.7796 -0.6254
vn -0.0719 -0.6670 -0.7416
vn 0.0634 -0.8804 -0.4700
vn -0.2151 -0.5822 -0.7841
vn -0.4275 -0.4347 -0.7926
vn -0.3054 -0.6762 -0.6704
vn -0.2103 -0.7494 -0.6278
vn -0.0715 -0.6812 -0.7286
vn -0.3064 -0.6266 -0.7166
vn -0.1119 -0.6981 -0.7072
vn -0.0764 -0.7229 -0.6868
vn -0.1806 -0.7997 -0.5726
vn 0.1406 -0.9064 -0.3983
vn 0.0044 -0.7135 -0.7007
vn -0.0096 -0.7099 -0.7042
vn 0.1244 -0.8282 -0.5464
vn 0.2630 -0.9077 -0.3269
vn 0.0590 -0.7575 -0.6502
vn 0.2733 -0.9260 -0.2605
vn 0.1757 -0.8608 -0.4777
vn 0.3306 -0.8633 -0.3814
vn 0.4144 -0.8945 -0.1679
vn 0.1316 -0.8034 -0.5808
vn 0.1665 -0.8213 -0.5456
vn 0.3196 -0.8538 -0.4109
vn 0.4727 -0.8702 -0.1391
vn -0.2002 0.9794 -0.0271
vn -0.6196 0.7847 -0.0171
vn -0.6121 0.7908 0.0026
vn -0.2031 0.9792 0.0041
vn -0.5943 -0.8043 -0.0036
vn -0.1952 -0.9808 0.0051
vn 0.0879 -0.9901 -0.1097
vn 0.0716 -0.9602 -0.2701
vn 0.0605 -0.9979 -0.0250
vn -0.9065 0.4222 -0.0013
vn -1.0000 -0.0018 0.0039
vn -0.8863 0.4632 0.0029
vn -0.8872 -0.4614 -0.0022
vn 0.1753 -0.9824 -0.0637
vn 0.1373 -0.9670 -0.2147
vn 0.2653 -0.9510 -0.1591
vn 0.2397 -0.9698 -0.0459
vn 0.3122 -0.9493 -0.0363
vn 0.3524 -0.9282 -0.1197
vn 0.2597 -0.8774 -0.4034
vn 0.3687 -0.9291 -0.0293
vn 0.4150 -0.9095 -0.0248
vn 0.4471 -0.8928 -0.0550
vn 0.5116 -0.8584 -0.0376
vn 0.0212 -0.9998 0.0035
vn 0.0231 -0.9994 -0.0257
vn -0.1881 0.9821 0.0049
vn 0.0544 -0.9972 0.0523
vn -0.9093 0.4162 0.0060
vn -0.9994 -0.0358 -0.0004
vn -0.8712 -0.4909 -0.0035
vn 0.1192 -0.9917 0.0483
vn 0.1208 -0.9926 -0.0153
vn 0.1788 -0.9831 0.0398
vn 0.2392 -0.9706 0.0266
vn 0.3033 -0.9528 0.0099
vn 0.4216 -0.9068 0.0005
vn 0.4505 -0.8926 0.0156
vn -0.1932 0.9793 0.0601
vn 0.0776 -0.9773 0.1969
vn 0.0508 -0.9180 0.3932
vn -0.6305 0.7729 0.0711
vn -0.1710 0.9430 0.2856
vn -0.9274 0.3711 0.0470
vn -0.6307 0.7018 0.3313
vn -0.9526 0.2348 0.1935
vn -0.9901 -0.1296 0.0537
vn -0.8312 -0.5548 0.0366
vn 0.0503 -0.8304 0.5549
vn 0.1491 -0.9770 0.1523
vn 0.1064 -0.9370 0.3327
vn -0.0076 -0.7180 0.6960
vn 0.0612 -0.7670 0.6387
vn 0.2546 -0.9607 0.1110
vn 0.2298 -0.9365 0.2648
vn 0.1663 -0.8718 0.4607
vn 0.3582 -0.9324 0.0474
vn 0.3199 -0.9250 0.2050
vn 0.2033 -0.8352 0.5110
vn 0.3969 -0.9109 0.1127
vn 0.2251 -0.9019 0.3686
vn 0.2810 -0.9315 0.2309
vn -0.0648 -0.4035 0.9127
vn -0.1754 0.8876 0.4259
vn 0.1038 0.9260 0.3631
vn -0.0784 -0.0950 0.9924
vn -0.1793 -0.9801 0.0856
vn -0.5570 -0.8302 0.0236
vn -0.4634 -0.8737 0.1477
vn -0.1688 -0.9572 0.2351
vn -0.0951 -0.8759 0.4731
vn -0.0219 -0.7763 0.6299
vn -0.2103 -0.4598 0.8627
vn -0.7938 0.3732 0.4802
vn -0.9476 -0.0158 0.3192
vn -0.5799 -0.4687 0.6664
vn -0.7558 -0.4119 0.5090
vn -0.9554 -0.2560 0.1472
vn -0.8804 -0.4135 0.2323
vn -0.5748 -0.5531 0.6031
vn -0.6504 -0.5905 0.4778
vn -0.7557 -0.6443 0.1171
vn -0.5927 -0.7372 0.3243
vn -0.3116 -0.8458 0.4330
vn -0.1104 -0.8259 0.5529
vn -0.0845 -0.6289 0.7729
vn -0.1970 -0.6732 0.7128
vn -0.1642 -0.6823 0.7124
vn -0.2384 -0.6736 0.6996
vn -0.2234 -0.6667 0.7110
vn -0.2844 -0.6897 0.6659
vn -0.3840 -0.7306 0.5646
vn -0.1646 -0.7159 0.6786
vn -0.1895 -0.7455 0.6390
vn -0.0990 -0.7624 0.6395
vn -0.0918 -0.7775 0.6222
vn -0.0137 -0.7099 0.7042
vn -0.0389 -0.7034 0.7098
vn -0.0556 -0.7052 0.7069
vn -0.0447 -0.7217 0.6907
vn -0.0043 -0.7093 0.7049
vn 0.0151 -0.7238 0.6899
vn 0.0363 -0.7452 0.6659
vn 0.1086 -0.8268 0.5519
vn 0.0169 -0.7128 0.7011
vn 0.1619 -0.8697 0.4662
vn 0.1121 -0.7924 0.5996
vn 0.0538 -0.7408 0.6695
vn 0.0337 -0.7149 -0.6984
vn 0.0182 -0.7067 -0.7073
vn -0.0356 -0.7478 0.6629
vn 0.0334 -0.7085 0.7050
vn 0.3703 -0.8901 -0.2658
vn 0.2527 -0.8625 -0.4385
vn 0.1528 -0.7790 -0.6081
vn 0.0586 -0.7333 -0.6774
vn 0.4259 -0.8364 -0.3451
vn 0.5365 -0.8312 -0.1459
vn 0.5797 -0.8134 -0.0485
vn 0.2960 -0.8087 -0.5083
vn 0.6413 -0.7668 -0.0257
vn 0.6335 -0.7682 -0.0925
vn 0.0757 -0.7336 -0.6753
vn 0.5770 -0.7895 -0.2089
vn 0.4602 -0.8040 -0.3766
vn 0.6819 -0.7313 -0.0179
vn 0.1618 -0.7710 -0.6159
vn 0.3251 -0.7898 -0.5202
vn 0.7099 -0.7034 -0.0352
vn 0.6955 -0.7101 -0.1100
vn 0.6350 -0.7428 -0.2122
vn 0.5199 -0.7693 -0.3712
vn 0.7539 -0.6566 -0.0214
vn 0.1860 -0.7705 -0.6097
vn 0.3900 -0.7756 -0.4963
vn 0.7774 -0.6280 -0.0358
vn 0.7645 -0.6367 -0.1007
vn 0.1060 -0.7354 -0.6693
vn 0.7154 -0.6724 -0.1897
vn 0.6330 -0.6975 -0.3359
vn 0.8197 -0.5725 -0.0202
vn 0.2518 -0.7477 -0.6144
vn 0.5005 -0.7272 -0.4697
vn 0.8436 -0.5359 -0.0353
vn 0.8338 -0.5444 -0.0911
vn 0.5518 -0.8334 -0.0292
vn 0.5574 -0.8300 0.0196
vn 0.7536 -0.6573 0.0051
vn 0.7755 -0.6312 0.0132
vn 0.8031 -0.5952 0.0277
vn 0.8308 -0.5546 0.0462
vn 0.4899 -0.8707 0.0443
vn 0.4357 -0.8883 0.1453
vn 0.5981 -0.8013 0.0121
vn 0.6254 -0.7785 0.0526
vn 0.5404 -0.8348 0.1055
vn 0.6720 -0.7397 0.0359
vn 0.7146 -0.6994 0.0140
vn 0.3348 -0.8638 0.3765
vn 0.2033 -0.8019 0.5618
vn 0.0745 -0.7480 0.6596
vn 0.4780 -0.8365 0.2678
vn 0.3270 -0.8241 0.4625
vn 0.5550 -0.8114 0.1833
vn 0.1971 -0.7899 0.5807
vn 0.0755 -0.7414 0.6669
vn 0.6274 -0.7703 0.1143
vn 0.4989 -0.8083 0.3127
vn 0.3392 -0.8078 0.4821
vn 0.6928 -0.7179 0.0681
vn 0.5874 -0.7813 0.2110
vn 0.2127 -0.7825 0.5851
vn 0.0970 -0.7411 0.6644
vn 0.0320 -0.7194 0.6938
vn 0.6926 -0.7105 0.1240
vn 0.5440 -0.7780 0.3143
vn 0.3870 -0.7932 0.4701
vn 0.7490 -0.6568 0.0875
vn 0.6635 -0.7243 0.1875
vn 0.2550 -0.7709 0.5837
vn 0.1340 -0.7418 0.6570
vn 0.7623 -0.6387 0.1046
vn 0.6401 -0.7133 0.2852
vn 0.5059 -0.7345 0.4523
vn 0.8123 -0.5629 0.1524
vn 0.3962 -0.7406 0.5428
vn 0.0607 -0.7124 -0.6991
vn 0.1674 -0.7283 -0.6645
vn 0.2634 -0.6910 -0.6731
vn 0.2408 -0.7153 -0.6561
vn 0.0940 -0.7228 -0.6847
vn 0.0748 -0.7061 -0.7042
vn 0.0953 -0.7142 -0.6934
vn 0.0768 -0.7036 -0.7064
vn 0.0851 -0.7049 -0.7042
vn 0.5032 -0.6902 -0.5200
vn 0.6710 -0.5951 -0.4424
vn 0.5865 -0.6242 -0.5162
vn 0.3862 -0.7273 -0.5674
vn 0.2736 -0.7041 -0.6552
vn 0.3540 -0.7015 -0.6186
vn 0.2708 -0.6819 -0.6795
vn 0.3486 -0.6804 -0.6446
vn 0.2653 -0.6805 -0.6830
vn 0.3278 -0.6706 -0.6655
vn 0.2661 -0.6793 -0.6839
vn 0.3270 -0.6671 -0.6694
vn 0.8355 -0.4925 -0.2437
vn 0.7022 -0.6046 -0.3761
vn 0.8253 -0.5161 -0.2290
vn 0.9370 -0.3336 -0.1038
vn 0.6999 -0.5306 -0.4782
vn 0.8335 -0.4361 -0.3393
vn 0.9620 -0.2414 -0.1274
vn 0.9834 -0.1749 -0.0483
vn 0.6934 -0.5165 -0.5025
vn 0.8304 -0.4104 -0.3768
vn 0.9659 -0.2059 -0.1570
vn 0.9884 -0.1347 -0.0708
vn 0.9951 -0.0967 -0.0201
vn 0.6931 -0.5087 -0.5107
vn 0.8307 -0.3956 -0.3916
vn 0.9682 -0.1826 -0.1712
vn 0.9913 -0.1018 -0.0839
vn 0.9982 -0.0544 -0.0251
vn 0.6952 -0.5053 -0.5113
vn 0.8323 -0.3886 -0.3952
vn 0.9695 -0.1708 -0.1760
vn 0.9925 -0.0826 -0.0904
vn 0.9992 -0.0283 -0.0284
vn 0.1456 -0.7414 -0.6551
vn 0.3897 -0.7407 -0.5473
vn 0.7699 -0.6042 -0.2054
vn 0.3017 -0.7414 -0.5994
vn 0.7637 -0.6005 -0.2368
vn 0.7000 -0.6176 -0.3586
vn 0.8700 -0.4834 -0.0974
vn 0.8955 -0.4441 -0.0278
vn 0.9200 -0.3890 -0.0472
vn 0.8919 -0.4278 -0.1469
vn 0.8728 -0.4352 -0.2210
vn 0.9250 -0.3681 -0.0945
vn 0.9435 -0.3306 -0.0235
vn 0.9202 -0.3655 -0.1400
vn 0.9561 -0.2905 -0.0378
vn 0.9676 -0.2476 -0.0495
vn 0.8993 -0.4373 0.0085
vn 0.8771 -0.4800 -0.0180
vn 0.9271 -0.3747 -0.0067
vn 0.9451 -0.3267 -0.0071
vn 0.9633 -0.2682 -0.0068
vn 0.9786 -0.2057 -0.0067
vn 0.9891 -0.1473 -0.0067
vn 0.9960 -0.0894 -0.0069
vn 0.9930 -0.1151 0.0274
vn 0.8747 -0.4840 0.0251
vn 0.9173 -0.3980 0.0155
vn 0.9336 -0.3562 0.0378
vn 0.9594 -0.2818 0.0089
vn 0.9965 -0.0748 0.0369
vn 0.0684 -0.7251 0.6853
vn 0.7141 -0.6244 0.3167
vn 0.2582 -0.7457 0.6142
vn 0.1431 -0.7267 0.6719
vn 0.0830 -0.7281 0.6804
vn 0.8761 -0.4782 0.0616
vn 0.8043 -0.5695 0.1700
vn 0.6631 -0.6734 0.3269
vn 0.5539 -0.6821 0.4775
vn 0.8914 -0.4437 0.0930
vn 0.8327 -0.5014 0.2352
vn 0.4013 -0.7075 0.5817
vn 0.8860 -0.4435 0.1355
vn 0.7742 -0.5637 0.2879
vn 0.4769 -0.7235 0.4991
vn 0.9352 -0.3506 0.0503
vn 0.8801 -0.4499 0.1517
vn 0.7581 -0.6046 0.2443
vn 0.9671 -0.2498 0.0481
vn 0.9861 -0.1653 0.0155
vn 0.9337 -0.3213 0.1583
vn 0.9724 -0.2115 0.0990
vn 0.0580 -0.7078 0.7040
vn 0.0579 -0.7069 0.7049
vn 0.2673 -0.7652 0.5856
vn 0.2145 -0.7121 0.6685
vn 0.2029 -0.6985 0.6863
vn 0.1996 -0.6971 0.6887
vn 0.1982 -0.6952 0.6909
vn 0.2228 -0.6882 0.6905
vn 0.1974 -0.6933 0.6931
vn 0.6115 -0.6619 0.4335
vn 0.7552 -0.5026 0.4208
vn 0.5840 -0.5988 0.5481
vn 0.9296 -0.2955 0.2204
vn 0.7353 -0.4943 0.4636
vn 0.5674 -0.5937 0.5706
vn 0.9742 -0.1831 0.1321
vn 0.9245 -0.2873 0.2505
vn 0.7264 -0.4922 0.4798
vn 0.5607 -0.5926 0.5783
vn 0.9750 -0.1659 0.1479
vn 0.9233 -0.2782 0.2648
vn 0.7239 -0.4884 0.4873
vn 0.5573 -0.5911 0.5831
vn 0.9976 -0.0494 0.0481
vn 0.9776 -0.1518 0.1458
vn 0.9227 -0.2740 0.2712
vn 0.7270 -0.4863 0.4848
vn 0.5574 -0.5847 0.5894
vn 0.0053 -0.5792 -0.8152
vn 0.0141 -0.3538 -0.9352
vn 0.0322 -0.1295 -0.9911
vn 0.0614 -0.6756 -0.7347
vn 0.0331 0.0036 -0.9994
vn 0.1484 0.0431 -0.9880
vn 0.2445 0.1004 -0.9644
vn 0.5127 0.2799 -0.8117
vn 0.1131 0.0991 -0.9886
vn 0.6277 0.5226 -0.5769
vn 0.3173 0.2660 -0.9102
vn 0.6294 0.2732 -0.7275
vn 0.4013 0.1628 -0.9014
vn 0.8026 0.4804 -0.3536
vn 0.7526 0.2227 -0.6196
vn 0.0654 0.0187 -0.9977
vn 0.1579 0.2249 -0.9615
vn 0.1269 0.0751 -0.9891
vn 0.4016 0.4899 -0.7738
vn 0.7700 0.6055 -0.2010
vn 0.2804 0.5023 -0.8180
vn 0.4153 0.6575 -0.6287
vn 0.4102 0.8614 -0.2997
vn 0.5446 0.8034 -0.2406
vn 0.6624 0.6803 -0.3137
vn 0.0522 0.3345 -0.9410
vn 0.1708 0.8731 -0.4567
vn 0.0571 -0.5873 -0.8074
vn -0.0110 0.1182 -0.9929
vn 0.0169 0.4025 -0.9153
vn 0.2011 0.9383 -0.2815
vn 0.0320 0.9043 -0.4258
vn 0.0613 -0.7015 -0.7100
vn 0.8997 0.2891 -0.3271
vn 0.8792 0.4720 -0.0642
vn 0.9603 0.2790 -0.0092
vn 0.9516 0.2944 -0.0878
vn 0.6861 0.7262 -0.0426
vn 0.8953 0.4455 -0.0061
vn 0.7909 0.6113 -0.0271
vn 0.5679 0.8214 -0.0533
vn 0.4097 0.9106 -0.0547
vn 0.2300 0.9720 -0.0484
vn 0.0317 0.9629 -0.2678
vn 0.9632 0.2686 -0.0061
vn 0.6964 0.7176 -0.0038
vn 0.4314 0.9021 -0.0023
vn 0.2572 0.9664 -0.0006
vn 0.0527 0.9986 0.0008
vn 0.5832 0.8123 -0.0031
vn 0.6019 0.7972 0.0468
vn 0.9035 0.4259 0.0486
vn 0.7190 0.6938 0.0404
vn 0.8174 0.5744 0.0435
vn 0.4607 0.8863 0.0470
vn 0.2832 0.9579 0.0475
vn 0.0769 0.9970 0.0007
vn 0.0039 -0.5888 0.8083
vn 0.0238 -0.3832 0.9234
vn 0.0130 -0.1929 0.9811
vn 0.0090 -0.0521 0.9986
vn 0.2622 0.1014 0.9597
vn 0.0715 0.0177 0.9973
vn 0.0700 -0.0047 0.9975
vn 0.3747 0.0118 0.9271
vn 0.1526 0.0866 0.9845
vn 0.0471 -0.1384 0.9893
vn 0.3302 0.2066 0.9210
vn 0.5879 0.3301 0.7385
vn 0.9383 0.2144 0.2713
vn 0.9688 0.2422 0.0525
vn 0.7247 0.1415 0.6744
vn 0.8548 0.4335 0.2854
vn 0.2534 0.2464 0.9354
vn 0.1082 -0.0468 0.9930
vn 0.4976 0.4743 0.7263
vn 0.7934 0.5719 0.2084
vn 0.6525 0.4925 0.5759
vn 0.7040 0.6673 0.2431
vn 0.3328 0.5319 0.7786
vn 0.0849 0.0942 0.9919
vn 0.6079 0.7682 0.2007
vn 0.5192 0.6324 0.5749
vn 0.4724 0.8381 0.2729
vn 0.0420 0.1641 0.9856
vn 0.0009 -0.3332 0.9429
vn 0.2600 0.9339 0.2453
vn 0.2209 0.8882 0.4029
vn 0.1064 0.4219 0.9004
vn 0.0408 -0.5875 0.8082
vn 0.0912 0.9712 0.2202
vn 0.0510 0.7615 0.6461
vn 0.0189 0.6567 -0.7539
vn 0.1408 -0.0325 -0.9895
vn 0.0505 -0.0030 -0.9987
vn 0.0995 0.0339 -0.9945
vn 0.0286 0.2703 -0.9623
vn 0.5099 0.0452 -0.8591
vn 0.8889 -0.1587 -0.4297
vn 0.4825 -0.1561 -0.8619
vn 0.2899 -0.0990 -0.9519
vn 0.2100 -0.0718 -0.9751
vn 0.8729 0.1061 -0.4761
vn 0.6967 -0.2471 -0.6735
vn 0.9013 -0.3293 -0.2816
vn 0.6392 -0.2250 -0.7354
vn 0.8059 -0.4979 -0.3203
vn 0.4742 -0.2975 -0.8286
vn 0.2016 -0.1005 -0.9743
vn 0.0898 0.1884 -0.9780
vn 0.5618 -0.4753 -0.6771
vn 0.7393 -0.6295 -0.2389
vn 0.6348 -0.7121 -0.2999
vn 0.3973 -0.3776 -0.8364
vn 0.1288 0.0549 -0.9902
vn -0.0129 0.9350 -0.3543
vn -0.0035 0.8505 -0.5260
vn 0.4274 -0.5457 -0.7208
vn 0.4273 -0.8365 -0.3430
vn 0.2679 -0.2893 -0.9190
vn 0.0874 0.2182 -0.9720
vn 0.1768 -0.8623 -0.4746
vn 0.1959 -0.9269 -0.3203
vn 0.0193 0.0073 -0.9998
vn -0.0044 0.8916 -0.4529
vn 0.0128 -0.8988 -0.4382
vn 0.0168 -0.9523 -0.3047
vn -0.0049 0.0292 -0.9996
vn 0.0061 0.0241 -0.9997
vn 0.9895 0.0809 -0.1199
vn 0.0279 0.9911 -0.1304
vn 0.9968 0.0798 -0.0105
vn 0.9808 -0.1550 -0.1181
vn 0.9384 -0.3383 -0.0698
vn 0.9904 -0.1380 -0.0073
vn 0.8640 -0.4996 -0.0617
vn -0.0066 0.9996 -0.0292
vn 0.7660 -0.6404 -0.0557
vn 0.6626 -0.7469 -0.0556
vn 0.5669 -0.8203 -0.0755
vn 0.5524 -0.8335 -0.0147
vn 0.3996 -0.9104 -0.1073
vn 0.2051 -0.9726 -0.1097
vn 0.3966 -0.9177 -0.0245
vn 0.2087 -0.9777 -0.0237
vn 0.0062 0.9390 -0.3438
vn 0.0203 -0.9937 -0.1102
vn 0.0306 -0.9992 -0.0254
vn 0.9974 0.0713 -0.0068
vn 0.7739 -0.6333 -0.0058
vn 0.5654 -0.8248 -0.0047
vn 0.2439 -0.9698 -0.0028
vn 0.0581 -0.9983 -0.0009
vn 0.8741 -0.4857 -0.0005
vn 0.6730 -0.7396 -0.0054
vn 0.0741 -0.9972 -0.0023
vn 0.9971 0.0581 0.0495
vn 0.4271 -0.9042 -0.0030
vn 0.2591 -0.9658 -0.0020
vn 0.9508 -0.3046 0.0569
vn 0.9894 -0.1356 0.0514
vn 0.7702 -0.6352 0.0586
vn 0.6832 -0.7286 0.0483
vn 0.4607 -0.8870 0.0330
vn 0.2798 -0.9589 0.0463
vn 0.0721 0.0126 0.9973
vn 0.0975 0.0978 0.9904
vn 0.0450 0.3749 0.9260
vn 0.0192 0.7572 0.6529
vn 0.2588 -0.0819 0.9624
vn 0.9650 0.0510 0.2573
vn 0.7642 0.0380 0.6439
vn 0.9570 -0.1168 0.2654
vn 0.7610 -0.0680 0.6452
vn 0.9171 -0.2675 0.2954
vn 0.6807 -0.1669 0.7133
vn 0.8722 -0.4791 0.0991
vn 0.8121 -0.4843 0.3254
vn 0.5383 -0.3157 0.7813
vn 0.2860 -0.0889 0.9541
vn 0.1163 0.2680 0.9564
vn -0.0025 0.9999 0.0102
vn 0.6439 -0.7039 0.2998
vn 0.5869 -0.4918 0.6432
vn 0.4114 -0.4050 0.8165
vn 0.1742 -0.2566 0.9507
vn 0.0271 0.7041 0.7095
vn 0.0607 0.4714 0.8798
vn 0.5666 -0.8230 0.0398
vn 0.5082 -0.8302 0.2291
vn 0.4252 -0.8079 0.4080
vn 0.2548 -0.3398 0.9053
vn 0.2357 -0.4050 0.8834
vn 0.0090 0.9973 0.0728
vn 0.0030 0.8964 0.4431
vn 0.1154 0.3883 0.9143
vn 0.1261 0.2986 0.9460
vn 0.3374 -0.9052 0.2586
vn 0.4018 -0.6997 0.5908
vn 0.3490 -0.7544 0.5560
vn 0.0911 -0.9944 0.0543
vn 0.0941 -0.9606 0.2614
vn 0.0948 -0.9051 0.4144
vn -0.0008 0.9619 0.2732
vn -0.0049 0.9118 0.4106
vn 0.0268 0.0342 0.9991
vn 0.0015 0.0338 0.9994
vn 0.0333 -0.3740 -0.9268
vn -0.0945 0.8918 -0.4424
vn -0.0416 0.3683 -0.9288
vn -0.0330 0.0401 -0.9987
vn -0.1301 0.9477 -0.2913
vn -0.2379 0.8209 -0.5191
vn -0.4900 0.7810 -0.3872
vn -0.2998 0.8914 -0.3399
vn -0.4627 0.5094 -0.7255
vn -0.6312 0.7118 -0.3082
vn -0.2756 0.4010 -0.8736
vn -0.0610 -0.1020 -0.9929
vn -0.1466 0.1367 -0.9797
vn -0.7167 0.5918 -0.3690
vn -0.5853 0.2840 -0.7595
vn -0.8402 0.4560 -0.2936
vn -0.6662 0.3421 -0.6627
vn -0.8884 0.3036 -0.3442
vn 0.0423 -0.1319 -0.9904
vn -0.3987 0.3273 -0.8567
vn -0.0219 0.0230 -0.9995
vn -0.1072 0.0915 -0.9900
vn -0.2099 0.1211 -0.9702
vn 0.2253 -0.4052 -0.8861
vn 0.3118 -0.5797 -0.7528
vn 0.2659 -0.6585 -0.7040
vn 0.2551 -0.1302 -0.9581
vn 0.2521 0.0023 -0.9677
vn -0.4737 0.2249 -0.8515
vn 0.1140 0.0484 -0.9923
vn 0.6512 -0.3393 -0.6788
vn 0.8300 -0.3455 -0.4378
vn 0.6975 -0.4880 -0.5247
vn 0.9597 -0.1166 -0.2555
vn 0.9150 -0.0848 -0.3945
vn 0.4278 -0.0942 -0.8989
vn 0.9688 -0.0085 -0.2475
vn 0.9174 -0.0053 -0.3980
vn 0.4357 0.0011 -0.9001
vn 0.0322 0.9982 -0.0500
vn -0.1593 0.9856 -0.0568
vn -0.5183 0.8497 -0.0966
vn -0.3407 0.9359 -0.0901
vn -0.5117 0.8591 -0.0111
vn -0.3418 0.9397 -0.0072
vn -0.6546 0.7513 -0.0839
vn -0.6489 0.7608 -0.0109
vn -0.7661 0.6361 -0.0917
vn -0.7580 0.6523 -0.0042
vn -0.8559 0.5143 -0.0535
vn -0.9105 0.4099 -0.0535
vn -0.8398 0.5429 0.0070
vn -0.9673 0.2433 -0.0715
vn -0.9745 0.2245 0.0063
vn -0.9169 0.3990 0.0066
vn 0.2670 -0.6784 -0.6845
vn 0.3287 -0.6660 -0.6696
vn 0.3254 -0.6627 -0.6745
vn 0.6977 -0.5032 -0.5099
vn 0.8342 -0.3857 -0.3941
vn 0.9704 -0.1662 -0.1753
vn 0.9929 -0.0745 -0.0931
vn 0.9994 -0.0180 -0.0309
vn 0.8360 -0.3822 -0.3938
vn 0.9710 -0.1628 -0.1751
vn 0.9930 -0.0794 -0.0875
vn 0.9994 -0.0157 -0.0319
vn 0.9712 -0.1596 -0.1768
vn 0.9955 -0.0540 -0.0778
vn 0.9994 -0.0168 -0.0318
vn 0.9998 -0.0126 0.0130
vn 0.9999 0.0088 -0.0106
vn 0.9945 -0.0530 -0.0901
vn 0.9988 0.0210 -0.0442
vn -0.8335 0.5525 0.0063
vn -0.7472 0.6645 0.0057
vn -0.9133 0.4072 0.0066
vn -0.1382 0.9904 0.0019
vn -0.3213 0.9470 0.0032
vn -0.6368 0.7710 0.0051
vn -0.7328 0.6787 0.0486
vn -0.9079 0.4138 0.0674
vn -0.8168 0.5737 0.0605
vn -0.9698 0.2364 0.0604
vn 0.0946 0.9947 0.0408
vn -0.1090 0.9931 0.0431
vn -0.2952 0.9541 0.0504
vn -0.4718 0.8802 0.0513
vn -0.6181 0.7846 0.0495
vn 0.9997 -0.0126 0.0187
vn 1.0000 0.0097 -0.0015
vn -0.0619 0.1417 0.9880
vn -0.0904 0.9708 0.2223
vn -0.0515 0.7671 0.6395
vn -0.2581 0.9337 0.2481
vn -0.1910 0.6991 0.6891
vn -0.4699 0.8396 0.2724
vn -0.3257 0.5425 0.7743
vn -0.6089 0.7670 0.2026
vn -0.5196 0.6340 0.5728
vn 0.0395 -0.3934 0.9185
vn -0.0882 -0.0623 0.9942
vn -0.2420 0.2445 0.9389
vn -0.7037 0.6667 0.2455
vn -0.4905 0.4761 0.7299
vn -0.8458 0.4528 0.2821
vn -0.6422 0.4984 0.5824
vn 0.0467 -0.1483 0.9878
vn -0.0569 0.0865 0.9946
vn -0.2204 0.2353 0.9466
vn -0.5213 0.3110 0.7947
vn -0.9380 0.2167 0.2707
vn -0.8844 0.1889 0.4267
vn 0.1946 -0.6726 0.7140
vn 0.1733 -0.5783 0.7972
vn 0.2627 -0.3533 0.8979
vn 0.3297 -0.1657 0.9294
vn 0.3116 -0.0160 0.9501
vn 0.2226 0.0960 0.9702
vn -0.3222 0.1031 0.9410
vn -0.3789 0.0828 0.9217
vn -0.4201 0.0531 0.9059
vn 0.9978 -0.0389 0.0540
vn 0.9780 -0.1490 0.1463
vn 0.9229 -0.2725 0.2719
vn 0.7240 -0.4901 0.4854
vn 0.5583 -0.5753 0.5978
vn 0.9962 -0.0627 0.0605
vn 0.9778 -0.1472 0.1494
vn 0.9230 -0.2692 0.2750
vn 0.7255 -0.4726 0.5003
vn 0.5606 -0.4941 0.6645
vn 0.9978 -0.0605 0.0285
vn 0.9773 -0.1386 0.1603
vn 0.9169 -0.2230 0.3310
vn 0.6778 -0.2508 0.6911
vn 0.9954 -0.0340 0.0901
vn 0.9488 -0.0818 0.3051
vn 0.7249 -0.1155 0.6791
vn 0.9580 -0.0111 0.2866
vn 0.7360 -0.0074 0.6769
vn 0.4341 0.0066 0.9009
vn 0.7225 0.0054 0.6913
vn -0.1634 -0.9375 -0.3072
vn -0.1523 -0.8780 -0.4537
vn -0.3792 -0.8687 -0.3187
vn -0.3810 -0.6227 -0.6834
vn -0.5097 -0.8218 -0.2545
vn -0.2539 -0.3231 -0.9117
vn -0.0823 0.2419 -0.9668
vn -0.0211 0.0240 -0.9995
vn -0.3609 -0.4574 -0.8128
vn -0.6161 -0.7177 -0.3244
vn -0.1254 0.0326 -0.9916
vn 0.0218 0.9277 -0.3728
vn 0.0068 0.8431 -0.5376
vn -0.5009 -0.3187 -0.8047
vn -0.8470 -0.4553 -0.2744
vn -0.7565 -0.5623 -0.3340
vn -0.5945 -0.5563 -0.5806
vn -0.2695 -0.2130 -0.9391
vn -0.7165 -0.6685 -0.1992
vn -0.0730 0.1397 -0.9875
vn 0.0197 0.3774 -0.9258
vn -0.5862 0.0409 -0.8091
vn -0.9259 0.0681 -0.3717
vn -0.9207 -0.1026 -0.3766
vn -0.8696 -0.3337 -0.3638
vn -0.5698 -0.0612 -0.8195
vn -0.6424 -0.3469 -0.6834
vn -0.4373 -0.2167 -0.8728
vn -0.1610 -0.1241 -0.9791
vn -0.0698 -0.0099 -0.9975
vn 0.0094 0.2117 -0.9773
vn 0.1134 0.9336 -0.3399
vn 0.0711 0.8637 -0.4989
vn -0.2354 -0.0407 -0.9710
vn 0.1975 -0.0360 -0.9796
vn 0.2344 0.0459 -0.9711
vn 0.2226 0.2240 -0.9488
vn 0.1638 0.3888 -0.9066
vn 0.2913 0.9232 -0.2507
vn 0.9247 0.0342 -0.3792
vn 0.3733 0.0042 -0.9277
vn 0.4291 0.0263 -0.9029
vn 0.4117 0.1600 -0.8971
vn 0.9279 0.1497 -0.3413
vn 0.9730 0.0455 -0.2261
vn 0.3287 0.3183 -0.8892
vn 0.9185 0.2930 -0.2655
vn 0.9602 0.2112 -0.1830
vn 0.3715 0.8695 -0.3255
vn 0.1782 0.8887 -0.4224
vn -0.1619 -0.9813 -0.1043
vn -0.1433 -0.9894 -0.0228
vn -0.5150 -0.8550 -0.0612
vn -0.3600 -0.9275 -0.1009
vn -0.3352 -0.9420 -0.0143
vn -0.4940 -0.8695 0.0024
vn -0.6279 -0.7770 -0.0444
vn -0.7326 -0.6799 -0.0321
vn -0.6128 -0.7903 0.0036
vn -0.8220 -0.5680 -0.0410
vn -0.8878 -0.4552 -0.0671
vn -0.8927 -0.4506 0.0049
vn -0.8165 -0.5773 0.0046
vn -0.7197 -0.6943 0.0041
vn 0.0397 0.9988 -0.0292
vn -0.0026 0.9996 -0.0294
vn -0.9921 0.0628 -0.1083
vn -0.9984 0.0564 -0.0073
vn -0.9881 -0.1065 -0.1110
vn -0.9943 -0.1063 -0.0083
vn -0.9517 -0.2986 -0.0721
vn -0.9578 -0.2875 0.0056
vn 0.1460 0.9810 -0.1275
vn 0.1466 0.9890 -0.0212
vn 0.3821 0.9223 -0.0583
vn 0.9964 0.0779 -0.0342
vn 0.9598 0.2808 -0.0051
vn 0.9671 0.2530 -0.0278
vn 0.9239 0.3635 -0.1195
vn 0.7585 0.6505 -0.0406
vn -0.9981 0.0616 0.0060
vn 0.9955 0.0949 -0.0061
vn 0.7497 0.6618 -0.0035
vn 0.3796 0.9252 -0.0011
vn -0.1128 -0.9936 0.0001
vn -0.4658 -0.8849 0.0026
vn -0.2971 -0.9549 0.0012
vn -0.5913 -0.8065 0.0035
vn -0.8027 -0.5964 0.0051
vn -0.9722 0.2340 0.0062
vn -0.9935 -0.1133 0.0058
vn -0.9548 -0.2971 0.0060
vn 0.1262 0.9920 -0.0003
vn 0.0232 0.9997 0.0067
vn 0.9501 0.3120 -0.0051
vn 0.3540 0.9352 -0.0015
vn 0.7264 0.6872 -0.0034
vn -0.0981 -0.9939 0.0508
vn -0.8842 -0.4671 0.0055
vn -0.7910 -0.6118 0.0059
vn -0.7023 -0.7119 0.0058
vn -0.9969 0.0549 0.0567
vn -0.9910 -0.1336 0.0071
vn 0.9981 0.0271 0.0549
vn -0.2859 -0.9571 0.0464
vn -0.4484 -0.8932 0.0343
vn -0.9502 -0.3117 0.0060
vn 0.0987 0.9939 0.0500
vn 0.9927 0.1121 0.0453
vn 0.9440 0.3279 0.0355
vn 0.7065 0.7073 0.0268
vn 0.3247 0.9453 0.0323
vn -0.0921 -0.9602 0.2636
vn -0.0925 -0.9063 0.4125
vn -0.4482 -0.8771 0.1728
vn -0.3172 -0.9124 0.2586
vn -0.4007 -0.7085 0.5809
vn -0.3524 -0.7513 0.5580
vn -0.1365 0.2215 0.9656
vn -0.0307 0.0236 0.9993
vn -0.1219 0.1332 0.9836
vn -0.5745 -0.8174 0.0425
vn -0.5136 -0.8276 0.2265
vn -0.4253 -0.8093 0.4052
vn -0.2404 -0.4148 0.8776
vn -0.2607 -0.3498 0.8998
vn -0.0977 0.3776 0.9208
vn -0.6846 -0.7267 0.0572
vn -0.8098 -0.4990 0.3087
vn -0.6414 -0.7057 0.3008
vn -0.5793 -0.5024 0.6418
vn -0.4052 -0.4122 0.8160
vn -0.1682 -0.2682 0.9486
vn 0.0016 0.9015 0.4327
vn 0.0601 0.9627 0.2639
vn 0.0169 0.7335 0.6794
vn -0.0762 0.4942 0.8660
vn -0.9651 0.0518 0.2567
vn -0.9163 0.0470 0.3976
vn -0.9578 -0.1150 0.2634
vn -0.9062 -0.0926 0.4127
vn -0.9512 -0.3011 0.0675
vn -0.9891 -0.1296 0.0703
vn -0.9154 -0.2736 0.2952
vn -0.8584 -0.2161 0.4652
vn -0.8788 -0.4771 0.0107
vn -0.8741 -0.4755 0.0990
vn -0.7720 -0.6325 0.0627
vn -0.4969 -0.3243 0.8049
vn -0.2085 -0.0992 0.9730
vn -0.0280 0.2385 0.9707
vn -0.4044 -0.0586 0.9127
vn -0.4723 0.0073 0.8814
vn 0.1114 -0.0788 0.9907
vn -0.3582 -0.0902 0.9293
vn 0.2389 0.0472 0.9699
vn 0.2592 0.2966 0.9192
vn 0.2688 0.9404 0.2084
vn 0.2061 0.7455 0.6338
vn 0.9616 0.0648 0.2668
vn 0.7307 0.0644 0.6797
vn 0.4517 0.0051 0.8921
vn 0.9352 0.2841 0.2116
vn 0.7324 0.2371 0.6382
vn 0.6915 0.7070 0.1484
vn 0.5995 0.6204 0.5056
vn 0.6592 0.7500 -0.0545
vn -0.9178 0.0625 -0.3921
vn -0.3991 -0.0000 -0.9169
vn 0.0713 0.4976 0.8645
vn 0.0847 0.1483 0.9853
vn -0.0183 0.0278 -0.9994
vn -0.4919 -0.8691 0.0527
vn -0.0111 0.9072 0.4207
vn 0.0937 0.1477 0.9846
vn -0.0744 0.2894 -0.9543
vn 0.4408 0.0145 0.8975
vn 0.4666 0.8728 -0.1429
vn -0.4548 -0.0256 0.8902
vt 0.498590 0.367959
vt 0.494297 0.377235
vt 0.491580 0.370504
vt 0.225190 0.828362
vt 0.230385 0.834055
vt 0.224849 0.835239
vt 0.503967 0.387390
vt 0.500607 0.392972
vt 0.498312 0.386828
vt 0.228109 0.819824
vt 0.231458 0.828130
vt 0.505489 0.381725
vt 0.503507 0.369342
vt 0.508463 0.374424
vt 0.215102 0.810085
vt 0.220495 0.815772
vt 0.215308 0.816926
vt 0.220602 0.802545
vt 0.211926 0.806796
vt 0.212591 0.800918
vt 0.222260 0.809363
vt 0.487508 0.358726
vt 0.483176 0.369191
vt 0.482581 0.360344
vt 0.216020 0.821842
vt 0.222086 0.825234
vt 0.216055 0.826875
vt 0.223090 0.819057
vt 0.216231 0.832356
vt 0.206152 0.800962
vt 0.206474 0.807904
vt 0.213121 0.792068
vt 0.202900 0.797614
vt 0.203541 0.791853
vt 0.208588 0.782096
vt 0.203932 0.781173
vt 0.207363 0.812898
vt 0.207623 0.818142
vt 0.208219 0.824561
vt 0.206411 0.833698
vt 0.197784 0.792006
vt 0.197651 0.798653
vt 0.196795 0.783146
vt 0.198444 0.803724
vt 0.198719 0.809071
vt 0.199491 0.815490
vt 0.196112 0.821731
vt 0.502362 0.123687
vt 0.496782 0.132559
vt 0.205234 0.582381
vt 0.210548 0.582267
vt 0.198733 0.772625
vt 0.492787 0.357672
vt 0.491395 0.133099
vt 0.481552 0.139517
vt 0.199601 0.584405
vt 0.486432 0.141654
vt 0.203972 0.572567
vt 0.215066 0.571275
vt 0.194370 0.573660
vt 0.508262 0.116055
vt 0.502592 0.106625
vt 0.507830 0.105695
vt 0.503891 0.101253
vt 0.508363 0.098013
vt 0.491261 0.122034
vt 0.496531 0.123050
vt 0.492194 0.115598
vt 0.501949 0.112469
vt 0.231050 0.544937
vt 0.221276 0.542358
vt 0.224372 0.539254
vt 0.230463 0.539099
vt 0.224440 0.533051
vt 0.224728 0.527043
vt 0.229641 0.533742
vt 0.219585 0.573591
vt 0.213987 0.563320
vt 0.219174 0.563948
vt 0.486288 0.132019
vt 0.213487 0.556334
vt 0.222894 0.554134
vt 0.212519 0.550992
vt 0.215725 0.547882
vt 0.222213 0.547708
vt 0.215725 0.541685
vt 0.215874 0.536114
vt 0.994967 0.291462
vt 0.988789 0.300652
vt 0.988220 0.291462
vt 0.204146 0.565024
vt 0.203394 0.559664
vt 0.206760 0.556525
vt 0.206840 0.550328
vt 0.207101 0.544727
vt 0.213840 0.529620
vt 0.193892 0.568457
vt 0.197327 0.565304
vt 0.197738 0.559040
vt 0.198332 0.553186
vt 0.199915 0.543661
vt 0.555056 0.420607
vt 0.548644 0.426825
vt 0.548260 0.420950
vt 0.563202 0.439798
vt 0.557795 0.444984
vt 0.556157 0.439364
vt 0.562594 0.428495
vt 0.554259 0.431287
vt 0.571646 0.448617
vt 0.566034 0.454004
vt 0.563342 0.448024
vt 0.571823 0.438464
vt 0.580410 0.457466
vt 0.574795 0.462875
vt 0.571991 0.456943
vt 0.581273 0.447989
vt 0.538658 0.428076
vt 0.535717 0.421967
vt 0.242828 0.874066
vt 0.246553 0.878895
vt 0.242300 0.880187
vt 0.549745 0.434486
vt 0.546693 0.437082
vt 0.544674 0.431070
vt 0.551079 0.440362
vt 0.242377 0.884884
vt 0.246741 0.888100
vt 0.242269 0.889785
vt 0.559756 0.450997
vt 0.242478 0.894078
vt 0.246881 0.897166
vt 0.242376 0.898850
vt 0.568486 0.459997
vt 0.242573 0.903098
vt 0.246968 0.906172
vt 0.242465 0.907853
vt 0.577279 0.468823
vt 0.580779 0.465774
vt 0.233993 0.858208
vt 0.239927 0.861461
vt 0.233986 0.863067
vt 0.993661 0.728685
vt 0.988220 0.728685
vt 0.988972 0.722834
vt 0.992812 0.454130
vt 0.988220 0.448923
vt 0.992812 0.444659
vt 0.234656 0.877767
vt 0.240671 0.870655
vt 0.992285 0.400661
vt 0.992285 0.409308
vt 0.988220 0.407411
vt 0.992318 0.355497
vt 0.992318 0.364131
vt 0.988220 0.362260
vt 0.224433 0.859052
vt 0.233459 0.853789
vt 0.225464 0.868478
vt 0.233757 0.868067
vt 0.224159 0.877379
vt 0.234947 0.887605
vt 0.225871 0.917420
vt 0.234638 0.895582
vt 0.234712 0.904464
vt 0.548738 0.409353
vt 0.527919 0.404546
vt 0.522739 0.409570
vt 0.520508 0.399220
vt 0.527784 0.394579
vt 0.516857 0.387278
vt 0.520948 0.382165
vt 0.535446 0.413455
vt 0.529882 0.418938
vt 0.527559 0.412759
vt 0.535308 0.403522
vt 0.542823 0.405443
vt 0.233102 0.837187
vt 0.237565 0.842568
vt 0.233007 0.843797
vt 0.511504 0.401420
vt 0.510205 0.395506
vt 0.233432 0.848677
vt 0.238656 0.852110
vt 0.523827 0.415723
vt 0.224876 0.840891
vt 0.225961 0.851707
vt 0.216907 0.841786
vt 0.554333 0.243635
vt 0.546002 0.241953
vt 0.562673 0.245825
vt 0.581765 0.058217
vt 0.527492 0.243962
vt 0.540201 0.245885
vt 0.534729 0.247147
vt 0.513492 0.115038
vt 0.553793 0.079344
vt 0.562538 0.070895
vt 0.538561 0.087959
vt 0.545507 0.087375
vt 0.571246 0.070062
vt 0.526339 0.105493
vt 0.519315 0.106007
vt 0.532483 0.097367
vt 0.538485 0.078781
vt 0.545421 0.078546
vt 0.539282 0.071030
vt 0.545667 0.070132
vt 0.553740 0.069743
vt 0.519416 0.096554
vt 0.525950 0.096297
vt 0.520439 0.088816
vt 0.526283 0.087894
vt 0.522065 0.083435
vt 0.526888 0.080201
vt 0.532342 0.087480
vt 0.532787 0.079118
vt 0.529783 0.074564
vt 0.534387 0.071353
vt 0.513277 0.105268
vt 0.513846 0.096912
vt 0.996414 0.117065
vt 0.989505 0.119966
vt 0.988220 0.115900
vt 0.515708 0.089163
vt 0.963672 0.953498
vt 0.962024 0.962028
vt 0.958689 0.957222
vt 0.993674 0.482063
vt 0.989181 0.487457
vt 0.988220 0.482188
vt 0.323030 0.738999
vt 0.318687 0.745327
vt 0.314747 0.739290
vt 0.996085 0.267404
vt 0.991774 0.273937
vt 0.988220 0.267904
vt 0.314547 0.731661
vt 0.309331 0.739948
vt 0.304967 0.731826
vt 0.323118 0.729356
vt 0.305564 0.721940
vt 0.297093 0.732157
vt 0.293627 0.721567
vt 0.540744 0.065635
vt 0.546006 0.062417
vt 0.553942 0.061358
vt 0.548873 0.056778
vt 0.554644 0.053593
vt 0.562485 0.060921
vt 0.562730 0.052531
vt 0.557630 0.047952
vt 0.563425 0.044765
vt 0.571245 0.060792
vt 0.571285 0.052095
vt 0.571515 0.043706
vt 0.566397 0.039125
vt 0.572191 0.035940
vt 0.580028 0.051970
vt 0.580062 0.043273
vt 0.580284 0.034883
vt 0.575153 0.030300
vt 0.580948 0.027116
vt 0.963900 0.866618
vt 0.962333 0.874619
vt 0.959118 0.870610
vt 0.992860 0.087758
vt 0.989915 0.092548
vt 0.988220 0.087939
vt 0.993117 0.261301
vt 0.988220 0.257957
vt 0.992511 0.256280
vt 0.341129 0.746168
vt 0.337541 0.751210
vt 0.336411 0.746217
vt 0.993353 0.110140
vt 0.988878 0.106103
vt 0.993248 0.104878
vt 0.350149 0.745551
vt 0.346539 0.750802
vt 0.345428 0.745600
vt 0.993290 0.160320
vt 0.988749 0.156246
vt 0.993095 0.154935
vt 0.359168 0.744883
vt 0.355561 0.750276
vt 0.354448 0.744945
vt 0.993279 0.142059
vt 0.988741 0.137927
vt 0.993085 0.136605
vt 0.368188 0.744185
vt 0.364583 0.749655
vt 0.363467 0.744253
vt 0.993592 0.034093
vt 0.989616 0.029377
vt 0.994093 0.028612
vt 0.966106 0.856440
vt 0.956190 0.862059
vt 0.341468 0.737033
vt 0.334420 0.739433
vt 0.350577 0.737400
vt 0.359593 0.736676
vt 0.366714 0.734288
vt 0.372487 0.743546
vt 0.375597 0.735384
vt 0.382148 0.734342
vt 0.311638 0.633539
vt 0.189920 0.799355
vt 0.189899 0.792200
vt 0.186357 0.788855
vt 0.187360 0.782940
vt 0.189343 0.809506
vt 0.188389 0.802721
vt 0.180664 0.783045
vt 0.180397 0.789833
vt 0.181140 0.794909
vt 0.169950 0.790003
vt 0.169205 0.780061
vt 0.169454 0.792730
vt 0.150551 0.788608
vt 0.156905 0.814134
vt 0.156431 0.801041
vt 0.154272 0.834393
vt 0.154661 0.786545
vt 0.159496 0.780768
vt 0.969603 0.789822
vt 0.969441 0.799969
vt 0.960731 0.801364
vt 0.144579 0.791460
vt 0.147941 0.813007
vt 0.146526 0.803835
vt 0.146864 0.822487
vt 0.155102 0.823626
vt 0.145445 0.831185
vt 0.957994 0.795298
vt 0.960878 0.808787
vt 0.956417 0.810170
vt 0.135622 0.786579
vt 0.141996 0.781195
vt 0.970379 0.807664
vt 0.965934 0.808564
vt 0.141844 0.806839
vt 0.138805 0.800566
vt 0.974168 0.799857
vt 0.141898 0.815923
vt 0.140794 0.809967
vt 0.968793 0.264187
vt 0.974061 0.269427
vt 0.968324 0.272457
vt 0.975256 0.255299
vt 0.977158 0.263224
vt 0.968370 0.255588
vt 0.974436 0.244750
vt 0.138745 0.825659
vt 0.138890 0.818990
vt 0.961492 0.273095
vt 0.965557 0.278359
vt 0.960627 0.281351
vt 0.961652 0.264452
vt 0.961407 0.252343
vt 0.967920 0.242266
vt 0.970528 0.812768
vt 0.968345 0.816868
vt 0.961516 0.817549
vt 0.973333 0.812015
vt 0.976591 0.807584
vt 0.979984 0.254563
vt 0.982819 0.259308
vt 0.980088 0.259673
vt 0.981824 0.246750
vt 0.984741 0.254914
vt 0.133164 0.824532
vt 0.132519 0.818821
vt 0.956190 0.281133
vt 0.956513 0.273161
vt 0.956451 0.264430
vt 0.130715 0.835588
vt 0.127154 0.819528
vt 0.129101 0.827838
vt 0.126558 0.810255
vt 0.131235 0.802109
vt 0.131762 0.810840
vt 0.193255 0.772499
vt 0.187908 0.771967
vt 0.179024 0.773522
vt 0.181613 0.763697
vt 0.168143 0.774779
vt 0.175698 0.763662
vt 0.169985 0.764485
vt 0.162522 0.763707
vt 0.154504 0.774070
vt 0.154154 0.763053
vt 0.142020 0.773908
vt 0.141662 0.765553
vt 0.145385 0.755367
vt 0.136420 0.755231
vt 0.961274 0.153106
vt 0.123258 0.773835
vt 0.123571 0.765377
vt 0.127769 0.755027
vt 0.961801 0.774978
vt 0.966461 0.767359
vt 0.966140 0.778454
vt 0.965250 0.708514
vt 0.978803 0.176474
vt 0.974307 0.163950
vt 0.194807 0.583043
vt 0.182190 0.593661
vt 0.171258 0.600583
vt 0.177116 0.591877
vt 0.163540 0.600341
vt 0.154934 0.600658
vt 0.146035 0.600726
vt 0.967926 0.033517
vt 0.127445 0.600130
vt 0.960300 0.708387
vt 0.962391 0.579133
vt 0.185728 0.582336
vt 0.189396 0.591516
vt 0.188454 0.573731
vt 0.176737 0.582272
vt 0.174835 0.576799
vt 0.180181 0.573961
vt 0.170871 0.589894
vt 0.170887 0.582232
vt 0.163245 0.589833
vt 0.163265 0.582118
vt 0.160949 0.576056
vt 0.163531 0.571362
vt 0.154665 0.589791
vt 0.154688 0.582064
vt 0.141851 0.589987
vt 0.143163 0.582115
vt 0.145236 0.575909
vt 0.147171 0.571633
vt 0.137042 0.600524
vt 0.974793 0.035624
vt 0.974375 0.045297
vt 0.961217 0.026208
vt 0.123499 0.589935
vt 0.123027 0.582196
vt 0.114600 0.576225
vt 0.134921 0.571678
vt 0.978865 0.044595
vt 0.956928 0.568481
vt 0.957314 0.576577
vt 0.979330 0.036501
vt 0.956190 0.018943
vt 0.126271 0.549170
vt 0.130710 0.556662
vt 0.188654 0.567836
vt 0.190310 0.561003
vt 0.991425 0.415732
vt 0.991425 0.429198
vt 0.988220 0.422197
vt 0.184455 0.556827
vt 0.180845 0.567571
vt 0.181219 0.562703
vt 0.258905 0.679162
vt 0.289045 0.665439
vt 0.168033 0.563062
vt 0.173385 0.569511
vt 0.990953 0.303868
vt 0.990953 0.321410
vt 0.988220 0.311918
vt 0.155952 0.567956
vt 0.271666 0.666199
vt 0.261456 0.657694
vt 0.253952 0.667598
vt 0.255260 0.657659
vt 0.269191 0.657758
vt 0.148222 0.545631
vt 0.156193 0.551021
vt 0.147392 0.554529
vt 0.147621 0.535786
vt 0.127121 0.512824
vt 0.157053 0.534295
vt 0.255624 0.649045
vt 0.250264 0.659204
vt 0.250485 0.647000
vt 0.261839 0.649464
vt 0.988220 0.677050
vt 0.991692 0.673007
vt 0.991692 0.681910
vt 0.976508 0.027642
vt 0.980466 0.022130
vt 0.983639 0.026981
vt 0.265438 0.652591
vt 0.270968 0.651753
vt 0.142842 0.551113
vt 0.141190 0.556747
vt 0.968072 0.026698
vt 0.974958 0.019317
vt 0.967546 0.018203
vt 0.971760 0.013616
vt 0.988220 0.709655
vt 0.988220 0.703578
vt 0.993632 0.705167
vt 0.139629 0.539319
vt 0.141164 0.548006
vt 0.960916 0.017736
vt 0.966412 0.010420
vt 0.960292 0.009381
vt 0.959160 0.001608
vt 0.138781 0.533278
vt 0.134507 0.524287
vt 0.260491 0.641078
vt 0.255343 0.640407
vt 0.956190 0.563226
vt 0.961700 0.568344
vt 0.980200 0.031249
vt 0.264738 0.644626
vt 0.136369 0.547055
vt 0.131147 0.546823
vt 0.132143 0.539180
vt 0.133001 0.533944
vt 0.127113 0.538399
vt 0.129157 0.530852
vt 0.113367 0.846747
vt 0.124699 0.841122
vt 0.385574 0.518094
vt 0.324846 0.531329
vt 0.615601 0.491537
vt 0.610261 0.496181
vt 0.607224 0.491677
vt 0.626427 0.491559
vt 0.618089 0.497051
vt 0.849692 0.506129
vt 0.855595 0.502006
vt 0.854469 0.506389
vt 0.846781 0.501701
vt 0.852634 0.500862
vt 0.861063 0.506370
vt 0.863355 0.501402
vt 0.887886 0.506521
vt 0.890309 0.501352
vt 0.853961 0.515065
vt 0.848648 0.513708
vt 0.844979 0.506172
vt 0.860825 0.513903
vt 0.869082 0.513963
vt 0.872620 0.506598
vt 0.886367 0.513148
vt 0.848177 0.524704
vt 0.843295 0.513441
vt 0.860705 0.522492
vt 0.868952 0.522483
vt 0.877584 0.521802
vt 0.877775 0.513809
vt 0.885620 0.518692
vt 0.766047 0.497208
vt 0.770716 0.492091
vt 0.773709 0.498048
vt 0.891070 0.517214
vt 0.894957 0.513208
vt 0.760799 0.496338
vt 0.765160 0.491887
vt 0.754749 0.492022
vt 0.757276 0.497729
vt 0.859493 0.540771
vt 0.868400 0.531320
vt 0.874242 0.527825
vt 0.871766 0.534130
vt 0.504789 0.991066
vt 0.507796 0.995677
vt 0.501765 0.996939
vt 0.865559 0.540281
vt 0.514190 0.990942
vt 0.520191 0.996241
vt 0.511232 0.996808
vt 0.864148 0.548941
vt 0.521002 0.990802
vt 0.528850 0.995974
vt 0.589198 0.466284
vt 0.583591 0.471687
vt 0.589318 0.458013
vt 0.597986 0.475095
vt 0.592389 0.480490
vt 0.589573 0.474582
vt 0.597900 0.466416
vt 0.595308 0.453078
vt 0.606781 0.483821
vt 0.601201 0.489194
vt 0.598370 0.483376
vt 0.607323 0.475263
vt 0.616444 0.484016
vt 0.615853 0.474337
vt 0.676895 0.474479
vt 0.675264 0.026491
vt 0.242659 0.912096
vt 0.247047 0.915170
vt 0.242552 0.916849
vt 0.586079 0.477626
vt 0.988220 0.343717
vt 0.992549 0.340661
vt 0.992549 0.345449
vt 0.594884 0.486419
vt 0.992304 0.370633
vt 0.992304 0.379306
vt 0.988220 0.377401
vt 0.990127 0.324627
vt 0.992104 0.334555
vt 0.988220 0.332260
vt 0.234797 0.913552
vt 0.235336 0.925720
vt 0.225613 0.926274
vt 0.769698 0.481692
vt 0.764869 0.420138
vt 0.764824 0.482365
vt 0.770134 0.411530
vt 0.759935 0.491706
vt 0.754212 0.482417
vt 0.760020 0.418366
vt 0.759721 0.482839
vt 0.754755 0.417114
vt 0.509456 0.990791
vt 0.515420 0.980423
vt 0.505970 0.980698
vt 0.510620 0.909516
vt 0.506441 0.910547
vt 0.521630 0.980655
vt 0.529065 0.990693
vt 0.515905 0.879797
vt 0.522202 0.865010
vt 0.529491 0.981135
vt 0.754367 0.188861
vt 0.761343 0.019427
vt 0.766056 0.182043
vt 0.511125 0.721398
vt 0.516306 0.732170
vt 0.522931 0.758787
vt 0.530289 0.848911
vt 0.506813 0.673348
vt 0.754256 0.019108
vt 0.516596 0.570709
vt 0.523830 0.568923
vt 0.531929 0.651153
vt 0.601122 0.039467
vt 0.766742 0.018752
vt 0.770731 0.174277
vt 0.588798 0.043149
vt 0.588830 0.034452
vt 0.589046 0.026061
vt 0.583905 0.021475
vt 0.589703 0.018294
vt 0.597566 0.034329
vt 0.597596 0.025632
vt 0.597804 0.017261
vt 0.592654 0.012670
vt 0.598443 0.009619
vt 0.607049 0.026171
vt 0.606342 0.016895
vt 0.606464 0.008967
vt 0.601397 0.004529
vt 0.606861 0.003042
vt 0.616727 0.016614
vt 0.618354 0.008319
vt 0.616745 0.001608
vt 0.638318 0.001843
vt 0.683444 0.016792
vt 0.377208 0.743481
vt 0.373604 0.748994
vt 0.382623 0.748325
vt 0.381513 0.742838
vt 0.386307 0.742774
vt 0.391638 0.747537
vt 0.391010 0.742125
vt 0.397110 0.742156
vt 0.406954 0.749091
vt 0.404968 0.742226
vt 0.413574 0.742304
vt 0.422261 0.742484
vt 0.435266 0.743320
vt 0.428593 0.749604
vt 0.391034 0.732603
vt 0.397102 0.734022
vt 0.404972 0.733945
vt 0.413444 0.734133
vt 0.421780 0.734747
vt 0.430241 0.735792
vt 0.754688 0.008999
vt 0.755309 0.002504
vt 0.762215 0.008966
vt 0.439754 0.738481
vt 0.404864 0.725378
vt 0.397530 0.725176
vt 0.412936 0.725989
vt 0.420312 0.727666
vt 0.767278 0.009458
vt 0.771185 0.018770
vt 0.768271 0.004066
vt 0.771743 0.009252
vt 0.764560 0.002009
vt 0.426016 0.730866
vt 0.411981 0.717768
vt 0.404532 0.716780
vt 0.511602 0.516999
vt 0.507137 0.517875
vt 0.517297 0.517426
vt 0.511366 0.508520
vt 0.506682 0.508345
vt 0.510496 0.503140
vt 0.516711 0.508002
vt 0.504872 0.501610
vt 0.417143 0.722127
vt 0.390514 0.695524
vt 0.524499 0.508117
vt 0.524115 0.501732
vt 0.514619 0.501003
vt 0.409138 0.708310
vt 0.403736 0.707896
vt 0.403366 0.699081
vt 0.396490 0.694132
vt 0.524537 0.516899
vt 0.532599 0.561004
vt 0.533089 0.508306
vt 0.533067 0.502153
vt 0.408067 0.699401
vt 0.644934 0.496879
vt 0.691043 0.491465
vt 0.699193 0.495974
vt 0.700471 0.491369
vt 0.937467 0.501885
vt 0.924118 0.506802
vt 0.944927 0.502428
vt 0.939393 0.506940
vt 0.704437 0.491566
vt 0.009325 0.494617
vt 0.003854 0.490422
vt 0.008215 0.490231
vt 0.904267 0.511837
vt 0.904319 0.506122
vt 0.748150 0.497526
vt 0.912965 0.512075
vt 0.739778 0.492130
vt 0.739462 0.497611
vt 0.732498 0.492062
vt 0.730301 0.497997
vt 0.930768 0.506898
vt 0.921963 0.513971
vt 0.930929 0.514265
vt 0.946918 0.514707
vt 0.947371 0.506806
vt 0.951591 0.509465
vt 0.017362 0.490501
vt 0.925771 0.518894
vt 0.721356 0.492058
vt 0.726067 0.496702
vt 0.719385 0.497678
vt 0.939374 0.514525
vt 0.932174 0.521619
vt 0.939774 0.522661
vt 0.951837 0.517463
vt 0.946864 0.523192
vt 0.715426 0.496448
vt 0.716366 0.491846
vt 0.935658 0.526999
vt 0.711603 0.492032
vt 0.709840 0.497379
vt 0.940890 0.530449
vt 0.947194 0.531777
vt 0.035820 0.494975
vt 0.017313 0.495434
vt 0.896508 0.491402
vt 0.892450 0.495806
vt 0.886105 0.491475
vt 0.943734 0.536780
vt 0.988220 0.890254
vt 0.992519 0.887057
vt 0.992519 0.892208
vt 0.952143 0.535959
vt 0.948036 0.540707
vt 0.879512 0.496046
vt 0.878778 0.491569
vt 0.950155 0.549854
vt 0.059514 0.490842
vt 0.057027 0.494647
vt 0.686493 0.482991
vt 0.694080 0.482743
vt 0.694777 0.450507
vt 0.701085 0.483161
vt 0.702432 0.457943
vt 0.705767 0.482013
vt 0.002752 0.480924
vt 0.007643 0.480933
vt 0.007255 0.451913
vt 0.706008 0.449059
vt 0.747466 0.492078
vt 0.747041 0.418364
vt 0.747246 0.482149
vt 0.739808 0.482041
vt 0.739120 0.408417
vt 0.733542 0.482190
vt 0.017621 0.483320
vt 0.014896 0.472825
vt 0.727595 0.483315
vt 0.721898 0.482316
vt 0.024318 0.474412
vt 0.015231 0.359394
vt 0.716547 0.482374
vt 0.712155 0.482043
vt 0.895162 0.362370
vt 0.900117 0.481631
vt 0.895570 0.481411
vt 0.890158 0.482217
vt 0.884582 0.472481
vt 0.884960 0.484026
vt 0.068627 0.483213
vt 0.878436 0.484121
vt 0.878041 0.471753
vt 0.169470 0.465101
vt 0.032991 0.464948
vt 0.025651 0.025188
vt 0.706136 0.309271
vt 0.701523 0.447301
vt 0.701342 0.329275
vt 0.007568 0.356598
vt 0.002573 0.447989
vt 0.002244 0.308251
vt 0.732051 0.345178
vt 0.726245 0.362543
vt 0.720512 0.363167
vt 0.715762 0.363942
vt 0.023810 0.277095
vt 0.889195 0.361211
vt 0.883404 0.339718
vt 0.876764 0.329056
vt 0.007727 0.205596
vt 0.714790 0.184041
vt 0.719784 0.188191
vt 0.701319 0.231769
vt 0.693978 0.221023
vt 0.001939 0.156714
vt 0.746627 0.179355
vt 0.738131 0.178988
vt 0.724587 0.183398
vt 0.015652 0.168432
vt 0.893611 0.176023
vt 0.898889 0.183384
vt 0.887596 0.101549
vt 0.875476 0.171722
vt 0.684866 0.026121
vt 0.701307 0.135668
vt 0.693360 0.018552
vt 0.706248 0.157681
vt 0.718985 0.145528
vt 0.881774 0.087213
vt 0.706181 0.017960
vt 0.701093 0.018387
vt 0.007817 0.017728
vt 0.001608 0.017037
vt 0.746113 0.018660
vt 0.737666 0.018577
vt 0.729747 0.018824
vt 0.730032 0.178931
vt 0.723290 0.019397
vt 0.718075 0.018613
vt 0.713664 0.089752
vt 0.015896 0.016789
vt 0.892729 0.084946
vt 0.874518 0.019347
vt 0.683579 0.008429
vt 0.682726 0.001792
vt 0.693591 0.008465
vt 0.693148 0.001873
vt 0.701044 0.008774
vt 0.700558 0.002701
vt 0.705870 0.009209
vt 0.704921 0.004153
vt 0.456056 0.744115
vt 0.473230 0.749875
vt 0.475208 0.742773
vt 0.483754 0.749480
vt 0.483853 0.742525
vt 0.491279 0.748709
vt 0.491512 0.742372
vt 0.002141 0.008274
vt 0.003197 0.003180
vt 0.008110 0.008168
vt 0.495783 0.747428
vt 0.496660 0.742306
vt 0.746243 0.009079
vt 0.746474 0.002698
vt 0.448704 0.739462
vt 0.737599 0.009057
vt 0.737677 0.002611
vt 0.457511 0.739192
vt 0.729378 0.008934
vt 0.466196 0.737823
vt 0.722295 0.008824
vt 0.728910 0.002259
vt 0.475189 0.735032
vt 0.483944 0.734349
vt 0.491623 0.734287
vt 0.008263 0.002137
vt 0.017125 0.008055
vt 0.496878 0.732647
vt 0.717144 0.009226
vt 0.715697 0.003443
vt 0.713025 0.019308
vt 0.712023 0.009027
vt 0.478675 0.729483
vt 0.484661 0.726092
vt 0.491869 0.725764
vt 0.897467 0.018718
vt 0.892188 0.017754
vt 0.892450 0.008956
vt 0.893042 0.003134
vt 0.898262 0.008453
vt 0.487820 0.718317
vt 0.492655 0.717368
vt 0.052716 0.008428
vt 0.035526 0.002712
vt 0.017914 0.001608
vt 0.497304 0.715194
vt 0.886973 0.017096
vt 0.882119 0.009197
vt 0.887732 0.004478
vt 0.881214 0.018535
vt 0.489382 0.713107
vt 0.492919 0.709106
vt 0.063867 0.016020
vt 0.874176 0.009504
vt 0.874483 0.004388
vt 0.054117 0.003357
vt 0.494355 0.699839
vt 0.497881 0.696729
vt 0.858928 0.563559
vt 0.853180 0.551796
vt 0.863739 0.557722
vt 0.537631 0.995937
vt 0.853450 0.592082
vt 0.537738 0.990694
vt 0.546462 0.996159
vt 0.864332 0.566552
vt 0.860803 0.585427
vt 0.546580 0.990827
vt 0.555236 0.996609
vt 0.561054 0.993845
vt 0.555475 0.991092
vt 0.566819 0.996221
vt 0.564288 0.991212
vt 0.559861 0.988655
vt 0.868523 0.592904
vt 0.868324 0.583912
vt 0.874165 0.586847
vt 0.569563 0.992132
vt 0.582336 0.997071
vt 0.577830 0.992095
vt 0.583805 0.991533
vt 0.588570 0.996439
vt 0.591753 0.991843
vt 0.869313 0.606816
vt 0.859997 0.598234
vt 0.877108 0.602004
vt 0.877356 0.593234
vt 0.885659 0.596274
vt 0.892109 0.597917
vt 0.885878 0.602639
vt 0.594358 0.995350
vt 0.887385 0.611523
vt 0.894923 0.602445
vt 0.869404 0.640492
vt 0.537959 0.982141
vt 0.546789 0.981924
vt 0.538798 0.857807
vt 0.554045 0.981497
vt 0.559899 0.983655
vt 0.554442 0.866825
vt 0.565142 0.983173
vt 0.960457 0.945042
vt 0.956190 0.933455
vt 0.960457 0.905449
vt 0.993338 0.050544
vt 0.988220 0.057934
vt 0.989638 0.049650
vt 0.579436 0.984418
vt 0.584292 0.982982
vt 0.579965 0.944797
vt 0.591883 0.983158
vt 0.592007 0.933699
vt 0.584933 0.939009
vt 0.591899 0.773844
vt 0.540026 0.709956
vt 0.531123 0.748073
vt 0.547700 0.788383
vt 0.560588 0.721408
vt 0.555224 0.716743
vt 0.565049 0.766116
vt 0.548614 0.665221
vt 0.575846 0.766018
vt 0.580649 0.676194
vt 0.591657 0.518891
vt 0.541157 0.556915
vt 0.555983 0.519377
vt 0.549391 0.519092
vt 0.561247 0.518748
vt 0.565931 0.519027
vt 0.576565 0.518820
vt 0.581153 0.517830
vt 0.586269 0.518875
vt 0.403405 0.688268
vt 0.532829 0.517072
vt 0.541595 0.516318
vt 0.541776 0.508278
vt 0.408348 0.690586
vt 0.541900 0.501997
vt 0.550044 0.508102
vt 0.409796 0.681803
vt 0.404781 0.672556
vt 0.550687 0.501420
vt 0.557215 0.508020
vt 0.412709 0.672625
vt 0.562217 0.508535
vt 0.563623 0.502658
vt 0.559876 0.500626
vt 0.397095 0.662800
vt 0.405026 0.663702
vt 0.413419 0.663642
vt 0.566987 0.508396
vt 0.418292 0.669136
vt 0.421516 0.663143
vt 0.584869 0.508289
vt 0.575679 0.508217
vt 0.578865 0.502655
vt 0.572779 0.501012
vt 0.404924 0.654218
vt 0.413898 0.655191
vt 0.422446 0.654939
vt 0.427889 0.660572
vt 0.431473 0.655117
vt 0.591597 0.508252
vt 0.590394 0.501172
vt 0.581800 0.500626
vt 0.413734 0.646060
vt 0.431396 0.646387
vt 0.415126 0.634332
vt 0.429448 0.637570
vt 0.385572 0.723811
vt 0.870851 0.496063
vt 0.870808 0.491641
vt 0.952973 0.557153
vt 0.950607 0.558523
vt 0.862986 0.491755
vt 0.862269 0.496284
vt 0.951757 0.581155
vt 0.853344 0.496972
vt 0.851288 0.491879
vt 0.856311 0.491926
vt 0.075933 0.490586
vt 0.081017 0.495088
vt 0.635226 0.991260
vt 0.631317 0.995996
vt 0.630098 0.991203
vt 0.845834 0.492071
vt 0.849713 0.496470
vt 0.843295 0.497646
vt 0.946518 0.585075
vt 0.942778 0.579510
vt 0.947342 0.575984
vt 0.617191 0.991486
vt 0.611356 0.996265
vt 0.608459 0.991796
vt 0.624698 0.991517
vt 0.618100 0.996876
vt 0.988220 0.769286
vt 0.993675 0.769286
vt 0.991823 0.774788
vt 0.938760 0.594065
vt 0.934163 0.589044
vt 0.939836 0.585896
vt 0.946148 0.593857
vt 0.951476 0.594724
vt 0.904461 0.603572
vt 0.898077 0.598994
vt 0.903608 0.599386
vt 0.600035 0.990643
vt 0.909109 0.599303
vt 0.605314 0.995268
vt 0.600404 0.998392
vt 0.921018 0.603233
vt 0.915066 0.598661
vt 0.921686 0.597427
vt 0.929874 0.602763
vt 0.930390 0.594655
vt 0.938425 0.602641
vt 0.945964 0.603424
vt 0.910750 0.611383
vt 0.929587 0.610521
vt 0.937859 0.612736
vt 0.893277 0.620044
vt 0.927026 0.620700
vt 0.870726 0.484211
vt 0.870484 0.473782
vt 0.869973 0.431765
vt 0.197572 0.172900
vt 0.863205 0.484280
vt 0.863251 0.473144
vt 0.862120 0.428391
vt 0.851929 0.482749
vt 0.857135 0.484327
vt 0.857015 0.472621
vt 0.852246 0.431768
vt 0.634344 0.981720
vt 0.629408 0.982261
vt 0.846684 0.482518
vt 0.628697 0.921272
vt 0.633909 0.929887
vt 0.846525 0.430687
vt 0.600192 0.983660
vt 0.600110 0.958598
vt 0.608683 0.983254
vt 0.608719 0.957011
vt 0.600161 0.931747
vt 0.608735 0.926041
vt 0.617042 0.983226
vt 0.616837 0.942199
vt 0.623639 0.981088
vt 0.856380 0.311754
vt 0.862086 0.302574
vt 0.851148 0.318496
vt 0.845975 0.321661
vt 0.869080 0.302355
vt 0.850521 0.253975
vt 0.633161 0.820854
vt 0.626858 0.723269
vt 0.845297 0.230434
vt 0.599763 0.726392
vt 0.608231 0.724917
vt 0.616219 0.725068
vt 0.621846 0.727460
vt 0.868000 0.175435
vt 0.861271 0.188664
vt 0.849222 0.077863
vt 0.855179 0.077059
vt 0.632152 0.729630
vt 0.631299 0.585028
vt 0.844781 0.085846
vt 0.607422 0.518695
vt 0.599462 0.518706
vt 0.866884 0.019287
vt 0.860543 0.019384
vt 0.614509 0.578102
vt 0.866362 0.009531
vt 0.865706 0.004364
vt 0.858689 0.009553
vt 0.992276 0.821803
vt 0.992276 0.828323
vt 0.988220 0.824334
vt 0.856581 0.003573
vt 0.071025 0.008517
vt 0.497373 0.678186
vt 0.494211 0.691087
vt 0.492475 0.681944
vt 0.844259 0.018909
vt 0.849096 0.019003
vt 0.635057 0.518061
vt 0.630845 0.508625
vt 0.635578 0.508266
vt 0.848416 0.009220
vt 0.631713 0.503104
vt 0.637315 0.501666
vt 0.852696 0.004240
vt 0.846242 0.002650
vt 0.492079 0.672769
vt 0.488133 0.678163
vt 0.485487 0.671634
vt 0.626368 0.576744
vt 0.620574 0.577455
vt 0.619844 0.518355
vt 0.630582 0.518093
vt 0.625579 0.518138
vt 0.620133 0.508614
vt 0.625944 0.508358
vt 0.621223 0.502842
vt 0.627747 0.501374
vt 0.994010 0.644514
vt 0.992482 0.650413
vt 0.988220 0.644514
vt 0.484539 0.663515
vt 0.480193 0.668285
vt 0.476844 0.662707
vt 0.491875 0.664013
vt 0.497349 0.663124
vt 0.599269 0.508303
vt 0.598829 0.501310
vt 0.607275 0.508260
vt 0.607496 0.501191
vt 0.614032 0.518562
vt 0.614534 0.508193
vt 0.616802 0.500707
vt 0.475661 0.654889
vt 0.470541 0.660103
vt 0.466702 0.654881
vt 0.484122 0.655039
vt 0.491787 0.653557
vt 0.448871 0.652534
vt 0.455771 0.645348
vt 0.466591 0.646185
vt 0.457543 0.652964
vt 0.475430 0.646231
vt 0.483909 0.644837
vt 0.087685 0.001669
vt 0.181838 0.008519
vt 0.473786 0.637645
vt 0.473181 0.623719
vt 0.956190 0.831465
vt 0.961532 0.826805
vt 0.110798 0.781145
vt 0.974954 0.786233
vt 0.963774 0.786605
vt 0.960499 0.530058
vt 0.958252 0.534536
vt 0.956190 0.530393
vt 0.978410 0.785875
vt 0.972704 0.778292
vt 0.977400 0.778162
vt 0.119711 0.835095
vt 0.119008 0.827573
vt 0.120794 0.817114
vt 0.110220 0.824798
vt 0.115161 0.818492
vt 0.115950 0.806692
vt 0.960887 0.835451
vt 0.966089 0.836020
vt 0.970690 0.832300
vt 0.970591 0.837234
vt 0.968358 0.828051
vt 0.973225 0.833292
vt 0.965171 0.530924
vt 0.960694 0.534928
vt 0.965716 0.521090
vt 0.961115 0.522299
vt 0.972175 0.539784
vt 0.967074 0.544776
vt 0.963741 0.538627
vt 0.972336 0.531347
vt 0.972536 0.522707
vt 0.108979 0.818476
vt 0.979801 0.548652
vt 0.975702 0.553672
vt 0.972883 0.547870
vt 0.110949 0.810437
vt 0.979558 0.540170
vt 0.984706 0.544746
vt 0.979672 0.531666
vt 0.110583 0.830120
vt 0.103736 0.831427
vt 0.096170 0.786847
vt 0.110493 0.790921
vt 0.101709 0.793459
vt 0.114321 0.786327
vt 0.098667 0.781026
vt 0.962729 0.844307
vt 0.969480 0.844698
vt 0.976591 0.837823
vt 0.996430 0.008859
vt 0.992157 0.003923
vt 0.997357 0.001608
vt 0.100582 0.822245
vt 0.105885 0.815309
vt 0.971341 0.853224
vt 0.974669 0.845316
vt 0.997357 0.016296
vt 0.988220 0.009666
vt 0.092858 0.822963
vt 0.099946 0.812411
vt 0.094394 0.830681
vt 0.084934 0.780470
vt 0.085100 0.796554
vt 0.083075 0.821896
vt 0.093090 0.802448
vt 0.092523 0.813256
vt 0.081010 0.787205
vt 0.078950 0.779547
vt 0.072872 0.797011
vt 0.066960 0.782888
vt 0.067297 0.789533
vt 0.061318 0.788622
vt 0.060268 0.782824
vt 0.066643 0.794522
vt 0.057956 0.798908
vt 0.057858 0.791928
vt 0.053515 0.783230
vt 0.972082 0.767427
vt 0.977094 0.770692
vt 0.976076 0.706326
vt 0.971540 0.711096
vt 0.116710 0.693416
vt 0.122191 0.557579
vt 0.104835 0.765900
vt 0.103771 0.774221
vt 0.110648 0.755299
vt 0.961397 0.514814
vt 0.961439 0.450435
vt 0.965691 0.465657
vt 0.972461 0.451226
vt 0.964711 0.452405
vt 0.979739 0.452346
vt 0.984761 0.431456
vt 0.093181 0.763323
vt 0.093000 0.773984
vt 0.079572 0.775510
vt 0.084841 0.763823
vt 0.077776 0.764454
vt 0.071290 0.773789
vt 0.075356 0.782907
vt 0.071705 0.763520
vt 0.065942 0.765010
vt 0.060032 0.773028
vt 0.054166 0.772662
vt 0.119441 0.608321
vt 0.119290 0.755378
vt 0.970858 0.694555
vt 0.110447 0.600581
vt 0.965944 0.431872
vt 0.972695 0.413624
vt 0.979722 0.413115
vt 0.101580 0.600405
vt 0.101891 0.755446
vt 0.092765 0.600149
vt 0.084257 0.599740
vt 0.076616 0.599287
vt 0.065270 0.600280
vt 0.058416 0.589890
vt 0.968580 0.579280
vt 0.104443 0.589621
vt 0.102877 0.581821
vt 0.973893 0.578402
vt 0.968610 0.568109
vt 0.966007 0.320724
vt 0.961460 0.322479
vt 0.960201 0.311495
vt 0.965688 0.311159
vt 0.972749 0.311814
vt 0.979680 0.304074
vt 0.093187 0.575712
vt 0.093004 0.589791
vt 0.093045 0.582100
vt 0.104316 0.571324
vt 0.080549 0.569070
vt 0.078857 0.587828
vt 0.078134 0.580638
vt 0.079081 0.576273
vt 0.071032 0.592430
vt 0.070660 0.581756
vt 0.075121 0.573861
vt 0.059077 0.581242
vt 0.066575 0.573631
vt 0.059283 0.573643
vt 0.255157 0.628776
vt 0.250929 0.616473
vt 0.969001 0.562807
vt 0.959638 0.562734
vt 0.259548 0.631757
vt 0.121869 0.546636
vt 0.117540 0.558489
vt 0.116888 0.546633
vt 0.120652 0.537994
vt 0.119488 0.531121
vt 0.118892 0.525189
vt 0.974874 0.567353
vt 0.262257 0.622140
vt 0.957461 0.304250
vt 0.965135 0.302943
vt 0.960289 0.298518
vt 0.965816 0.295355
vt 0.972781 0.302472
vt 0.973019 0.294414
vt 0.968790 0.290120
vt 0.973635 0.287853
vt 0.979793 0.293462
vt 0.984805 0.296514
vt 0.980014 0.284568
vt 0.112396 0.555272
vt 0.110573 0.546352
vt 0.110206 0.538901
vt 0.110045 0.533312
vt 0.255413 0.613698
vt 0.260332 0.613192
vt 0.265681 0.617415
vt 0.264699 0.611822
vt 0.269470 0.611281
vt 0.274544 0.615395
vt 0.273990 0.610772
vt 0.279287 0.616811
vt 0.279422 0.611172
vt 0.105214 0.543162
vt 0.106831 0.549472
vt 0.101504 0.545651
vt 0.099316 0.541576
vt 0.102401 0.538478
vt 0.102250 0.532955
vt 0.104174 0.528047
vt 0.091494 0.565691
vt 0.256724 0.603155
vt 0.265721 0.603252
vt 0.278299 0.602431
vt 0.286767 0.602367
vt 0.282707 0.608607
vt 0.093477 0.537147
vt 0.283438 0.591559
vt 0.258647 0.592017
vt 0.260894 0.580120
vt 0.066844 0.567677
vt 0.080498 0.563799
vt 0.068754 0.561774
vt 0.288259 0.553758
vt 0.059296 0.567933
vt 0.058493 0.563463
vt 0.058604 0.557412
vt 0.265727 0.569582
vt 0.032769 0.846943
vt 0.023810 0.900855
vt 0.117616 0.519372
vt 0.342814 0.521209
vt 0.050022 0.791812
vt 0.050228 0.798286
vt 0.049072 0.807284
vt 0.049102 0.816046
vt 0.044571 0.798171
vt 0.044265 0.791721
vt 0.044214 0.782458
vt 0.041559 0.807432
vt 0.039109 0.782021
vt 0.036320 0.793559
vt 0.039482 0.826139
vt 0.035341 0.800732
vt 0.034463 0.808395
vt 0.034603 0.784292
vt 0.040803 0.815723
vt 0.032867 0.816405
vt 0.471829 0.359264
vt 0.476108 0.369037
vt 0.468021 0.371227
vt 0.026841 0.809746
vt 0.026069 0.817252
vt 0.466800 0.361665
vt 0.032566 0.824034
vt 0.024537 0.825039
vt 0.461439 0.368135
vt 0.466157 0.377854
vt 0.457236 0.380514
vt 0.031422 0.833145
vt 0.019241 0.818566
vt 0.018612 0.825635
vt 0.456188 0.370959
vt 0.024063 0.834226
vt 0.017448 0.835016
vt 0.450683 0.377350
vt 0.455760 0.386461
vt 0.446964 0.387651
vt 0.049063 0.774342
vt 0.048518 0.583198
vt 0.467803 0.141034
vt 0.462593 0.132982
vt 0.457257 0.124621
vt 0.451350 0.117091
vt 0.053425 0.582687
vt 0.053708 0.573643
vt 0.043233 0.582100
vt 0.038162 0.574836
vt 0.046991 0.573359
vt 0.033431 0.573899
vt 0.472807 0.141946
vt 0.477444 0.142181
vt 0.476801 0.352612
vt 0.053904 0.567802
vt 0.050533 0.559277
vt 0.049229 0.551083
vt 0.044237 0.565089
vt 0.042962 0.557589
vt 0.039289 0.564244
vt 0.041663 0.550609
vt 0.041209 0.542909
vt 0.034090 0.564044
vt 0.035141 0.556420
vt 0.034114 0.548879
vt 0.477342 0.132318
vt 0.028567 0.564225
vt 0.030413 0.555611
vt 0.032980 0.541996
vt 0.032553 0.535318
vt 0.044831 0.535670
vt 0.031255 0.523881
vt 0.025554 0.555424
vt 0.026620 0.547804
vt 0.025722 0.540354
vt 0.467632 0.123502
vt 0.471885 0.132394
vt 0.462616 0.123296
vt 0.466780 0.115855
vt 0.022155 0.547002
vt 0.024507 0.533390
vt 0.024636 0.526636
vt 0.462155 0.114962
vt 0.457170 0.114684
vt 0.456532 0.107040
vt 0.018643 0.539202
vt 0.018380 0.532064
vt 0.446337 0.104715
vt 0.452726 0.099810
vt 0.016365 0.523238
vt 0.023931 0.864267
vt 0.015273 0.866534
vt 0.015037 0.857431
vt 0.015467 0.853078
vt 0.022329 0.852698
vt 0.015181 0.893764
vt 0.014150 0.881870
vt 0.015331 0.902842
vt 0.015436 0.911866
vt 0.008478 0.862172
vt 0.008049 0.854828
vt 0.010174 0.851627
vt 0.007271 0.870224
vt 0.007324 0.879910
vt 0.007179 0.874984
vt 0.007330 0.889077
vt 0.007149 0.884279
vt 0.007407 0.898117
vt 0.007192 0.893368
vt 0.007512 0.907113
vt 0.007292 0.902380
vt 0.002246 0.863721
vt 0.003026 0.869230
vt 0.417315 0.422701
vt 0.410842 0.430625
vt 0.411460 0.422769
vt 0.002780 0.878461
vt 0.001904 0.872523
vt 0.404627 0.431360
vt 0.409605 0.436101
vt 0.404519 0.439278
vt 0.404940 0.420866
vt 0.002664 0.887640
vt 0.001636 0.881716
vt 0.396579 0.440171
vt 0.401843 0.445148
vt 0.396051 0.448270
vt 0.396695 0.431667
vt 0.396855 0.422335
vt 0.002719 0.896689
vt 0.001608 0.890812
vt 0.992440 0.225182
vt 0.988363 0.228587
vt 0.988220 0.223683
vt 0.387841 0.449057
vt 0.393158 0.454120
vt 0.387280 0.457156
vt 0.388022 0.440487
vt 0.388145 0.431058
vt 0.002847 0.905688
vt 0.001723 0.899829
vt 0.992470 0.190501
vt 0.988377 0.193963
vt 0.988220 0.189041
vt 0.379047 0.457883
vt 0.384363 0.462959
vt 0.378474 0.465962
vt 0.379229 0.449310
vt 0.379286 0.439707
vt 0.024221 0.840798
vt 0.015731 0.843303
vt 0.452680 0.393461
vt 0.444146 0.396144
vt 0.015380 0.848109
vt 0.010293 0.836734
vt 0.009888 0.843898
vt 0.437865 0.404245
vt 0.438295 0.396327
vt 0.438486 0.387671
vt 0.431936 0.394857
vt 0.431802 0.404987
vt 0.424445 0.413841
vt 0.429264 0.418934
vt 0.423831 0.422015
vt 0.424531 0.405278
vt 0.434174 0.411324
vt 0.424696 0.395880
vt 0.417718 0.414110
vt 0.417928 0.404370
vt 0.411717 0.413034
vt 0.440174 0.114948
vt 0.444637 0.377836
vt 0.432502 0.266626
vt 0.425094 0.267537
vt 0.419380 0.262934
vt 0.413630 0.266640
vt 0.405826 0.267721
vt 0.396939 0.265771
vt 0.397317 0.072187
vt 0.445914 0.115551
vt 0.433181 0.106236
vt 0.426620 0.097920
vt 0.420876 0.097003
vt 0.388357 0.063635
vt 0.300755 0.539090
vt 0.024830 0.517706
vt 0.445290 0.097423
vt 0.444925 0.090802
vt 0.015752 0.516148
vt 0.016396 0.510151
vt 0.025710 0.500758
vt 0.016545 0.500626
vt 0.440163 0.105595
vt 0.439807 0.097059
vt 0.008516 0.529579
vt 0.009714 0.521953
vt 0.009707 0.514515
vt 0.433347 0.096826
vt 0.438718 0.089399
vt 0.432950 0.088477
vt 0.434051 0.081846
vt 0.009925 0.508116
vt 0.426776 0.088060
vt 0.426266 0.079769
vt 0.429245 0.075327
vt 0.993120 0.441442
vt 0.988220 0.434740
vt 0.993120 0.432415
vt 0.420892 0.087938
vt 0.420684 0.079403
vt 0.964197 0.892834
vt 0.964904 0.902233
vt 0.960364 0.896029
vt 0.413967 0.081456
vt 0.419885 0.071745
vt 0.405967 0.080208
vt 0.413799 0.070819
vt 0.405935 0.070394
vt 0.372336 0.517161
vt 0.354806 0.518656
vt 0.960208 0.888220
vt 0.968042 0.883251
vt 0.956190 0.883251
vt 0.334374 0.512765
vt 0.342313 0.512117
vt 0.351287 0.511316
vt 0.360276 0.510552
vt 0.368861 0.509061
vt 0.995983 0.279700
vt 0.995983 0.288245
vt 0.988220 0.282582
vt 0.957372 0.891659
vt 0.418421 0.066468
vt 0.991194 0.783416
vt 0.988220 0.778005
vt 0.993549 0.778005
vt 0.988220 0.744513
vt 0.992340 0.740979
vt 0.992340 0.748297
vt 0.413334 0.063244
vt 0.405636 0.062090
vt 0.410392 0.057673
vt 0.338110 0.507434
vt 0.343742 0.505687
vt 0.993730 0.694328
vt 0.993730 0.700362
vt 0.988220 0.695601
vt 0.397220 0.061581
vt 0.404732 0.054433
vt 0.396856 0.053260
vt 0.401637 0.048837
vt 0.347103 0.506434
vt 0.352763 0.504673
vt 0.993907 0.653629
vt 0.992659 0.659626
vt 0.988220 0.653629
vt 0.388420 0.052746
vt 0.395948 0.045593
vt 0.388068 0.044422
vt 0.392863 0.039995
vt 0.356125 0.505548
vt 0.361786 0.503821
vt 0.988220 0.618376
vt 0.992794 0.614255
vt 0.992794 0.621785
vt 0.378931 0.054230
vt 0.379642 0.043909
vt 0.387176 0.036752
vt 0.379298 0.035583
vt 0.384097 0.031153
vt 0.365147 0.504759
vt 0.370809 0.503057
vt 0.993531 0.731902
vt 0.993531 0.737763
vt 0.988220 0.734000
vt 0.847567 0.666345
vt 0.852696 0.664739
vt 0.859685 0.651815
vt 0.843295 0.731416
vt 0.843350 0.523174
vt 0.904348 0.626509
vt 0.896735 0.636549
vt 0.885463 0.645669
vt 0.884947 0.652222
vt 0.876702 0.646134
vt 0.880020 0.658219
vt 0.876733 0.655077
vt 0.891496 0.650509
vt 0.894565 0.645975
vt 0.758458 0.997096
vt 0.763902 0.992707
vt 0.764775 0.997968
vt 0.897700 0.649490
vt 0.859013 0.669965
vt 0.866899 0.663240
vt 0.867862 0.654040
vt 0.873337 0.662433
vt 0.767632 0.990310
vt 0.769181 0.995468
vt 0.866380 0.671610
vt 0.871222 0.667627
vt 0.646395 0.995803
vt 0.652528 0.991394
vt 0.650336 0.997029
vt 0.647035 0.991307
vt 0.641201 0.996944
vt 0.641466 0.991972
vt 0.863924 0.681026
vt 0.659742 0.996640
vt 0.847290 0.731253
vt 0.857976 0.696681
vt 0.863026 0.689946
vt 0.660225 0.991293
vt 0.668658 0.996522
vt 0.017789 0.921913
vt 0.017394 0.926274
vt 0.753929 0.992342
vt 0.762099 0.983222
vt 0.754764 0.937530
vt 0.754923 0.983761
vt 0.771113 0.981538
vt 0.771590 0.992596
vt 0.761306 0.922767
vt 0.767088 0.980443
vt 0.647477 0.982023
vt 0.642742 0.980921
vt 0.653021 0.981166
vt 0.660213 0.981168
vt 0.668743 0.991229
vt 0.754517 0.889378
vt 0.770469 0.786373
vt 0.643352 0.785832
vt 0.653412 0.762849
vt 0.660334 0.778704
vt 0.668591 0.833683
vt 0.647975 0.787468
vt 0.648699 0.518126
vt 0.759921 0.519967
vt 0.769638 0.519941
vt 0.764746 0.519386
vt 0.644245 0.519502
vt 0.653799 0.519021
vt 0.660534 0.518573
vt 0.668411 0.671718
vt 0.391199 0.586309
vt 0.397443 0.586771
vt 0.405055 0.601565
vt 0.415037 0.614861
vt 0.431337 0.602419
vt 0.429728 0.611308
vt 0.413975 0.600722
vt 0.448200 0.603578
vt 0.413699 0.593442
vt 0.405137 0.593397
vt 0.422294 0.593802
vt 0.431080 0.594449
vt 0.753743 0.508961
vt 0.753461 0.519448
vt 0.754676 0.501818
vt 0.760578 0.508888
vt 0.440179 0.596871
vt 0.413398 0.585010
vt 0.405088 0.584686
vt 0.421232 0.586265
vt 0.765315 0.509321
vt 0.766797 0.503396
vt 0.770027 0.509053
vt 0.992290 0.585872
vt 0.988220 0.590307
vt 0.988220 0.581974
vt 0.427287 0.589319
vt 0.412756 0.576539
vt 0.404874 0.575993
vt 0.647731 0.508779
vt 0.642952 0.508616
vt 0.646410 0.502857
vt 0.652740 0.508264
vt 0.640532 0.501275
vt 0.418134 0.580499
vt 0.403874 0.565684
vt 0.396923 0.552930
vt 0.659924 0.508283
vt 0.659273 0.501341
vt 0.650113 0.500763
vt 0.410085 0.567422
vt 0.391494 0.515724
vt 0.668177 0.508323
vt 0.668039 0.501552
vt 0.155183 0.495906
vt 0.094576 0.495697
vt 0.913093 0.637102
vt 0.929480 0.637737
vt 0.938372 0.646739
vt 0.951129 0.655330
vt 0.945699 0.647466
vt 0.903211 0.645051
vt 0.741105 0.993056
vt 0.747287 0.998312
vt 0.738733 0.998362
vt 0.920661 0.645617
vt 0.929526 0.646270
vt 0.752449 0.995300
vt 0.746770 0.993416
vt 0.915143 0.649967
vt 0.911706 0.645984
vt 0.729226 0.992228
vt 0.734978 0.996734
vt 0.728611 0.997482
vt 0.921379 0.651257
vt 0.721898 0.992320
vt 0.719671 0.998107
vt 0.930041 0.654187
vt 0.938322 0.655053
vt 0.945676 0.655469
vt 0.715390 0.996786
vt 0.716491 0.992088
vt 0.933840 0.659701
vt 0.711443 0.992246
vt 0.709492 0.997684
vt 0.939402 0.662976
vt 0.945982 0.664119
vt 0.174288 0.490782
vt 0.168132 0.495511
vt 0.836395 0.991741
vt 0.832603 0.996163
vt 0.826442 0.991759
vt 0.942300 0.669211
vt 0.988220 0.864506
vt 0.992664 0.861361
vt 0.992664 0.866501
vt 0.951244 0.668270
vt 0.946757 0.673027
vt 0.819817 0.996279
vt 0.819117 0.991689
vt 0.948937 0.682136
vt 0.193748 0.495162
vt 0.811121 0.996173
vt 0.811081 0.991659
vt 0.952109 0.693873
vt 0.949574 0.690844
vt 0.746646 0.983935
vt 0.223762 0.483378
vt 0.746509 0.936097
vt 0.738445 0.984167
vt 0.729826 0.982847
vt 0.737973 0.903870
vt 0.722769 0.982434
vt 0.192409 0.473088
vt 0.717175 0.982776
vt 0.712458 0.982246
vt 0.835764 0.981718
vt 0.830559 0.984099
vt 0.830837 0.973721
vt 0.825275 0.984164
vt 0.818852 0.984178
vt 0.825257 0.973974
vt 0.819080 0.973069
vt 0.201898 0.491074
vt 0.811075 0.984175
vt 0.811419 0.973593
vt 0.746152 0.883760
vt 0.717856 0.661214
vt 0.829679 0.658330
vt 0.818796 0.678797
vt 0.811426 0.789366
vt 0.723336 0.528040
vt 0.712837 0.661243
vt 0.811802 0.659801
vt 0.745830 0.519102
vt 0.825018 0.651024
vt 0.819581 0.654291
vt 0.729457 0.519470
vt 0.737170 0.519155
vt 0.718229 0.518799
vt 0.713103 0.519779
vt 0.824675 0.517444
vt 0.819051 0.519406
vt 0.475901 0.610581
vt 0.484594 0.604102
vt 0.491858 0.602391
vt 0.497655 0.595485
vt 0.475693 0.602185
vt 0.745708 0.509026
vt 0.746068 0.501999
vt 0.448894 0.597786
vt 0.737233 0.509027
vt 0.737365 0.501987
vt 0.457615 0.597626
vt 0.729260 0.508964
vt 0.466167 0.596485
vt 0.723341 0.517429
vt 0.722370 0.508852
vt 0.728747 0.501787
vt 0.474948 0.594018
vt 0.483927 0.593635
vt 0.491884 0.593741
vt 0.219844 0.026220
vt 0.712208 0.509075
vt 0.715950 0.503357
vt 0.478243 0.588487
vt 0.484506 0.585285
vt 0.492077 0.585094
vt 0.165743 0.001904
vt 0.155557 0.001660
vt 0.497684 0.585355
vt 0.829833 0.518203
vt 0.834822 0.519320
vt 0.830319 0.509055
vt 0.831029 0.502987
vt 0.835907 0.508645
vt 0.487786 0.577646
vt 0.492880 0.576732
vt 0.224855 0.016865
vt 0.176573 0.002597
vt 0.497884 0.574623
vt 0.820223 0.509044
vt 0.825783 0.504293
vt 0.489440 0.572520
vt 0.493173 0.568512
vt 0.811923 0.518929
vt 0.812057 0.509334
vt 0.812474 0.503983
vt 0.209807 0.008756
vt 0.195495 0.003331
vt 0.494760 0.559183
vt 0.498548 0.555836
vt 0.852692 0.731183
vt 0.677449 0.996574
vt 0.863252 0.698736
vt 0.859661 0.720113
vt 0.677344 0.991257
vt 0.686084 0.996773
vt 0.692008 0.991494
vt 0.685332 0.991359
vt 0.698510 0.996192
vt 0.696763 0.991371
vt 0.866974 0.716280
vt 0.859079 0.725188
vt 0.872717 0.719735
vt 0.867209 0.725280
vt 0.701603 0.991667
vt 0.785778 0.497422
vt 0.781345 0.492208
vt 0.786840 0.492104
vt 0.791138 0.496620
vt 0.796890 0.492292
vt 0.859020 0.733812
vt 0.875845 0.725961
vt 0.867113 0.733903
vt 0.883858 0.729187
vt 0.875784 0.734178
vt 0.889431 0.730777
vt 0.884409 0.734964
vt 0.852764 0.741208
vt 0.848137 0.741309
vt 0.843519 0.741066
vt 0.859075 0.741395
vt 0.869605 0.741359
vt 0.893134 0.735022
vt 0.891838 0.742151
vt 0.992854 0.882813
vt 0.988220 0.883840
vt 0.988220 0.879022
vt 0.844980 0.745680
vt 0.853654 0.745694
vt 0.343874 0.491980
vt 0.348967 0.496509
vt 0.343328 0.497167
vt 0.859218 0.746405
vt 0.333120 0.491971
vt 0.330877 0.497410
vt 0.871678 0.746725
vt 0.668631 0.981866
vt 0.676982 0.981693
vt 0.691109 0.983685
vt 0.685030 0.983607
vt 0.690727 0.973209
vt 0.684605 0.972812
vt 0.695994 0.983742
vt 0.695541 0.973809
vt 0.700558 0.983883
vt 0.700200 0.972579
vt 0.782314 0.484380
vt 0.787386 0.482892
vt 0.792659 0.483523
vt 0.787066 0.401773
vt 0.798030 0.482679
vt 0.797428 0.393789
vt 0.791915 0.393171
vt 0.007622 0.916101
vt 0.007404 0.911371
vt 0.007733 0.925030
vt 0.007517 0.920355
vt 0.002986 0.914676
vt 0.001876 0.908824
vt 0.992474 0.207874
vt 0.988385 0.211323
vt 0.988220 0.206422
vt 0.370247 0.466680
vt 0.375547 0.471746
vt 0.369662 0.474745
vt 0.370437 0.458114
vt 0.371373 0.447932
vt 0.003130 0.923598
vt 0.002032 0.917809
vt 0.992576 0.071302
vt 0.988776 0.075037
vt 0.988220 0.070193
vt 0.361447 0.475469
vt 0.366729 0.480522
vt 0.360849 0.483519
vt 0.361645 0.466912
vt 0.362953 0.456724
vt 0.352646 0.484197
vt 0.357909 0.489232
vt 0.352021 0.491914
vt 0.352853 0.475704
vt 0.349032 0.471067
vt 0.366932 0.049279
vt 0.283384 0.474843
vt 0.343051 0.484218
vt 0.273275 0.483462
vt 0.786637 0.291397
vt 0.782403 0.473066
vt 0.781830 0.290132
vt 0.791251 0.294771
vt 0.677008 0.746252
vt 0.684886 0.719404
vt 0.695920 0.784740
vt 0.700924 0.789652
vt 0.780712 0.019585
vt 0.789959 0.019760
vt 0.784983 0.018877
vt 0.796122 0.019821
vt 0.668470 0.518238
vt 0.677040 0.517950
vt 0.685079 0.518453
vt 0.691721 0.519193
vt 0.697110 0.518581
vt 0.701907 0.519111
vt 0.347929 0.028866
vt 0.284121 0.027000
vt 0.404099 0.540340
vt 0.676787 0.508304
vt 0.408943 0.549930
vt 0.676830 0.501527
vt 0.685095 0.508226
vt 0.410086 0.541151
vt 0.685637 0.501264
vt 0.692381 0.508171
vt 0.412768 0.531917
vt 0.697523 0.508665
vt 0.698785 0.502703
vt 0.694891 0.500626
vt 0.397860 0.516237
vt 0.405142 0.523114
vt 0.413432 0.522967
vt 0.702429 0.508477
vt 0.418137 0.528307
vt 0.421242 0.522281
vt 0.788250 0.008951
vt 0.779544 0.008989
vt 0.782655 0.003429
vt 0.776926 0.001711
vt 0.405204 0.514475
vt 0.413750 0.514404
vt 0.422329 0.514323
vt 0.427280 0.519535
vt 0.431098 0.514173
vt 0.795656 0.009136
vt 0.794677 0.002278
vt 0.785842 0.001608
vt 0.384966 0.508482
vt 0.377078 0.509175
vt 0.391554 0.507479
vt 0.397444 0.506953
vt 0.405191 0.506578
vt 0.413794 0.506470
vt 0.422558 0.506487
vt 0.431359 0.506447
vt 0.440223 0.511905
vt 0.440302 0.505781
vt 0.370951 0.043743
vt 0.370875 0.035072
vt 0.378411 0.027911
vt 0.370533 0.026745
vt 0.375336 0.022310
vt 0.994001 0.239126
vt 0.988220 0.240430
vt 0.988220 0.234519
vt 0.993916 0.572419
vt 0.991615 0.578757
vt 0.988220 0.572419
vt 0.362185 0.034907
vt 0.362109 0.026236
vt 0.369650 0.019071
vt 0.361776 0.017927
vt 0.366581 0.013486
vt 0.383185 0.503275
vt 0.388817 0.501613
vt 0.988220 0.667762
vt 0.993060 0.662843
vt 0.993060 0.669790
vt 0.353421 0.026078
vt 0.353370 0.017476
vt 0.360924 0.010368
vt 0.353151 0.009574
vt 0.357918 0.005273
vt 0.392102 0.502690
vt 0.397351 0.501470
vt 0.343425 0.017560
vt 0.344735 0.009021
vt 0.352633 0.003627
vt 0.405089 0.500782
vt 0.335340 0.008957
vt 0.344903 0.002325
vt 0.417456 0.500626
vt 0.455018 0.500626
vt 0.802870 0.991650
vt 0.802330 0.996225
vt 0.795459 0.991671
vt 0.789129 0.995921
vt 0.789892 0.991543
vt 0.793053 0.996640
vt 0.950937 0.714958
vt 0.948939 0.699625
vt 0.783588 0.996858
vt 0.783766 0.991910
vt 0.945967 0.717481
vt 0.942703 0.712697
vt 0.946770 0.708863
vt 0.225176 0.491000
vt 0.214820 0.495663
vt 0.831346 0.497736
vt 0.824595 0.492172
vt 0.831549 0.492523
vt 0.836720 0.495201
vt 0.934445 0.722599
vt 0.940571 0.718206
vt 0.937233 0.725794
vt 0.991951 0.909505
vt 0.988220 0.905752
vt 0.991951 0.904060
vt 0.945013 0.725967
vt 0.950295 0.733743
vt 0.803415 0.497779
vt 0.804251 0.492356
vt 0.811805 0.492380
vt 0.818817 0.492401
vt 0.812021 0.497810
vt 0.825345 0.496831
vt 0.821161 0.498125
vt 0.928690 0.735095
vt 0.923737 0.730483
vt 0.929552 0.728751
vt 0.937102 0.734536
vt 0.944814 0.734571
vt 0.234539 0.491043
vt 0.233594 0.496252
vt 0.902288 0.736632
vt 0.910927 0.736630
vt 0.915470 0.742324
vt 0.919931 0.735029
vt 0.928545 0.742125
vt 0.937099 0.742070
vt 0.944650 0.742032
vt 0.949719 0.741903
vt 0.241896 0.490930
vt 0.268307 0.497041
vt 0.934482 0.747099
vt 0.944498 0.746706
vt 0.258393 0.496522
vt 0.267929 0.491803
vt 0.948770 0.745987
vt 0.254245 0.495678
vt 0.258124 0.491618
vt 0.245851 0.494946
vt 0.241759 0.495754
vt 0.803088 0.984148
vt 0.803555 0.973710
vt 0.790589 0.982640
vt 0.796145 0.984103
vt 0.796633 0.973864
vt 0.790796 0.921315
vt 0.839796 0.482384
vt 0.835508 0.490095
vt 0.835221 0.482692
vt 0.785296 0.981982
vt 0.839874 0.421475
vt 0.785309 0.921078
vt 0.829984 0.482078
vt 0.823977 0.483491
vt 0.824292 0.421823
vt 0.830674 0.417591
vt 0.835770 0.409562
vt 0.225250 0.472992
vt 0.216024 0.472722
vt 0.804557 0.484592
vt 0.804614 0.473934
vt 0.811725 0.484606
vt 0.811762 0.474144
vt 0.818314 0.482385
vt 0.818393 0.420642
vt 0.234588 0.483521
vt 0.234105 0.472885
vt 0.241817 0.480202
vt 0.265095 0.482564
vt 0.258095 0.336205
vt 0.257902 0.482648
vt 0.253403 0.491431
vt 0.246663 0.482095
vt 0.804021 0.288524
vt 0.265614 0.260841
vt 0.252906 0.310201
vt 0.252881 0.482782
vt 0.242667 0.315194
vt 0.247781 0.309586
vt 0.803377 0.660972
vt 0.790621 0.635847
vt 0.796486 0.676646
vt 0.785352 0.593431
vt 0.830344 0.204306
vt 0.796521 0.287660
vt 0.812022 0.288009
vt 0.819215 0.216083
vt 0.235625 0.205931
vt 0.229095 0.027457
vt 0.258187 0.172501
vt 0.243209 0.177028
vt 0.252881 0.171548
vt 0.803719 0.519501
vt 0.825333 0.171718
vt 0.830628 0.052618
vt 0.781065 0.909006
vt 0.780427 0.559480
vt 0.836020 0.060030
vt 0.803859 0.019737
vt 0.812050 0.050682
vt 0.274413 0.018563
vt 0.796455 0.519269
vt 0.790752 0.518846
vt 0.820019 0.054745
vt 0.236426 0.018885
vt 0.266082 0.019066
vt 0.258385 0.019002
vt 0.252958 0.018847
vt 0.243991 0.019399
vt 0.249665 0.018352
vt 0.803795 0.509306
vt 0.803461 0.503940
vt 0.790660 0.509350
vt 0.796119 0.509180
vt 0.790014 0.504165
vt 0.794014 0.503228
vt 0.498120 0.537398
vt 0.494777 0.550201
vt 0.493229 0.540742
vt 0.785575 0.518797
vt 0.785371 0.508930
vt 0.784746 0.502802
vt 0.492984 0.532140
vt 0.489503 0.536877
vt 0.487874 0.531526
vt 0.836371 0.019298
vt 0.780527 0.518758
vt 0.827476 0.009526
vt 0.837398 0.009018
vt 0.779693 0.508484
vt 0.833564 0.003409
vt 0.840079 0.001872
vt 0.776926 0.501342
vt 0.492210 0.523583
vt 0.484614 0.523638
vt 0.213940 0.002745
vt 0.234976 0.008361
vt 0.497784 0.516761
vt 0.803674 0.009230
vt 0.803268 0.002488
vt 0.812149 0.009232
vt 0.811967 0.002481
vt 0.819551 0.019343
vt 0.812261 0.018486
vt 0.820154 0.009144
vt 0.820606 0.002264
vt 0.825900 0.029545
vt 0.826136 0.017535
vt 0.831290 0.018591
vt 0.829614 0.001631
vt 0.992424 0.520201
vt 0.988220 0.524772
vt 0.988220 0.515926
vt 0.484022 0.514926
vt 0.478367 0.520637
vt 0.475052 0.514851
vt 0.491991 0.514946
vt 0.466503 0.506057
vt 0.448953 0.511062
vt 0.475307 0.506791
vt 0.466246 0.512434
vt 0.484029 0.506915
vt 0.491840 0.507176
vt 0.243817 0.008581
vt 0.243648 0.002235
vt 0.234546 0.001608
vt 0.497252 0.507734
vt 0.269025 0.008699
vt 0.295147 0.001920
vt 0.483662 0.501241
vt 0.258453 0.008949
vt 0.258843 0.002585
vt 0.491540 0.501895
vt 0.253307 0.009279
vt 0.249246 0.008778
vt 0.254285 0.003994
vt 0.248347 0.003469
vt 0.496178 0.503137
vt 0.494108 0.383678
vt 0.993260 0.470433
vt 0.993260 0.478846
vt 0.988220 0.477621
vt 0.989375 0.712871
vt 0.993046 0.719617
vt 0.988220 0.719617
vt 0.994915 0.121706
vt 0.988220 0.126481
vt 0.481277 0.131585
vt 0.245411 0.868203
vt 0.988677 0.412515
vt 0.988749 0.367416
vt 0.240907 0.855304
vt 0.242827 0.864634
vt 0.516345 0.404402
vt 0.239467 0.845893
vt 0.956718 0.880034
vt 0.956190 0.967231
vt 0.965901 0.958164
vt 0.993674 0.489782
vt 0.992890 0.532826
vt 0.988220 0.536103
vt 0.988220 0.527988
vt 0.323102 0.747792
vt 0.996085 0.276484
vt 0.956190 0.948259
vt 0.988220 0.457347
vt 0.992567 0.463621
vt 0.988220 0.467216
vt 0.988220 0.166272
vt 0.994247 0.174102
vt 0.988220 0.179215
vt 0.966106 0.870700
vt 0.995132 0.093746
vt 0.988220 0.264187
vt 0.343252 0.752543
vt 0.988220 0.112683
vt 0.352273 0.752154
vt 0.988220 0.163055
vt 0.361296 0.751610
vt 0.988220 0.144856
vt 0.370319 0.750986
vt 0.988220 0.036257
vt 0.995132 0.080431
vt 0.989008 0.250181
vt 0.988220 0.096963
vt 0.988220 0.148073
vt 0.988220 0.129698
vt 0.988220 0.019512
vt 0.137155 0.791074
vt 0.989736 0.539319
vt 0.993884 0.545745
vt 0.988220 0.545745
vt 0.960759 0.786439
vt 0.978890 0.243102
vt 0.136544 0.810707
vt 0.279061 0.709051
vt 0.265400 0.694920
vt 0.288066 0.656180
vt 0.988220 0.895424
vt 0.992155 0.895424
vt 0.989589 0.900843
vt 0.268881 0.648389
vt 0.956190 0.970448
vt 0.967257 0.970448
vt 0.967012 0.984837
vt 0.603906 0.494648
vt 0.988713 0.382563
vt 0.988220 0.337445
vt 0.989968 0.352281
vt 0.510319 0.981043
vt 0.379341 0.750342
vt 0.993038 0.638099
vt 0.988220 0.641297
vt 0.988220 0.634219
vt 0.388351 0.749658
vt 0.988220 0.760313
vt 0.993454 0.761244
vt 0.988220 0.766069
vt 0.397042 0.748603
vt 0.988220 0.503345
vt 0.992185 0.505549
vt 0.988220 0.512710
vt 0.773709 0.002568
vt 0.691864 0.497051
vt 0.950537 0.503933
vt 0.988220 0.795186
vt 0.993271 0.798581
vt 0.988220 0.800639
vt 0.898747 0.496767
vt 0.888626 0.496447
vt 0.900923 0.491099
vt 0.899603 0.363235
vt 0.897928 0.089137
vt 0.719718 0.001608
vt 0.988220 0.631003
vt 0.988220 0.625002
vt 0.993998 0.630309
vt 0.709465 0.002150
vt 0.900923 0.001608
vt 0.883813 0.003703
vt 0.865892 0.575325
vt 0.871772 0.581047
vt 0.880687 0.589463
vt 0.574396 0.997759
vt 0.564398 0.972903
vt 0.988220 0.039473
vt 0.568611 0.984510
vt 0.575452 0.972892
vt 0.569563 0.501092
vt 0.988220 0.564690
vt 0.992190 0.560563
vt 0.992190 0.569203
vt 0.440322 0.653150
vt 0.949707 0.567092
vt 0.991007 0.848625
vt 0.988220 0.844563
vt 0.991007 0.840734
vt 0.637315 0.996800
vt 0.627070 0.997432
vt 0.599814 0.995001
vt 0.854727 0.018140
vt 0.072656 0.002654
vt 0.843795 0.009447
vt 0.958898 0.522319
vt 0.980596 0.556709
vt 0.985004 0.556553
vt 0.956508 0.849632
vt 0.988220 0.611038
vt 0.993194 0.604252
vt 0.993382 0.611038
vt 0.106702 0.809474
vt 0.101085 0.803965
vt 0.978410 0.559926
vt 0.985004 0.284665
vt 0.993923 0.492999
vt 0.993923 0.500128
vt 0.988220 0.493028
vt 0.271300 0.617181
vt 0.993261 0.813218
vt 0.993261 0.818587
vt 0.988220 0.815056
vt 0.991883 0.875805
vt 0.988220 0.871705
vt 0.991883 0.869718
vt 0.988220 0.385780
vt 0.992433 0.387728
vt 0.988220 0.397444
vt 0.988220 0.593523
vt 0.992845 0.593523
vt 0.988342 0.601036
vt 0.286576 0.611375
vt 0.082340 0.540100
vt 0.027495 0.803079
vt 0.478060 0.361904
vt 0.462738 0.385283
vt 0.019600 0.812586
vt 0.272470 0.559628
vt 0.281007 0.550847
vt 0.029126 0.573755
vt 0.289214 0.541486
vt 0.988220 0.756323
vt 0.993738 0.751514
vt 0.993738 0.757097
vt 0.418900 0.429240
vt 0.993469 0.217148
vt 0.993531 0.182432
vt 0.412085 0.437135
vt 0.407757 0.441792
vt 0.988220 0.810001
vt 0.988220 0.803856
vt 0.992656 0.807445
vt 0.993469 0.231303
vt 0.993531 0.196600
vt 0.446041 0.402689
vt 0.307339 0.532091
vt 0.315764 0.522951
vt 0.424600 0.072116
vt 0.325247 0.522183
vt 0.991533 0.246964
vt 0.988220 0.852722
vt 0.991864 0.851842
vt 0.991864 0.858144
vt 0.988220 0.912722
vt 0.991671 0.913997
vt 0.988220 0.918046
vt 0.763542 0.501264
vt 0.772606 0.501761
vt 0.408945 0.558690
vt 0.993546 0.786633
vt 0.989906 0.791969
vt 0.988220 0.786633
vt 0.838790 0.997235
vt 0.828885 0.996797
vt 0.834978 0.660764
vt 0.719791 0.501264
vt 0.988220 0.553415
vt 0.992382 0.548962
vt 0.992382 0.557346
vt 0.709465 0.501930
vt 0.838790 0.501578
vt 0.821879 0.503361
vt 0.864449 0.707366
vt 0.695008 0.997271
vt 0.870623 0.713191
vt 0.704741 0.997447
vt 0.778146 0.498125
vt 0.895469 0.731587
vt 0.850675 0.746746
vt 0.993546 0.199816
vt 0.994125 0.061150
vt 0.993546 0.213932
vt 0.994125 0.077214
vt 0.704741 0.501094
vt 0.988220 0.685127
vt 0.993809 0.685127
vt 0.988296 0.691112
vt 0.332589 0.001608
vt 0.988220 0.831540
vt 0.992434 0.831540
vt 0.991709 0.837518
vt 0.794466 0.498014
vt 0.246492 0.490726
vt 0.839814 0.492339
vt 0.780808 0.982117
vt 0.248619 0.170991
vt 0.457681 0.511270
vt 0.266662 0.001771
s 1
usemtl right_finger1_middle_mat
f 12/1/1 7/2/2 8/3/3
f 14/4/4 2/5/5 13/6/6
f 15/7/7 10/8/8 11/9/9
f 15/10/7 3/11/10 14/4/4
f 15/7/7 7/2/2 4/12/11
f 1/13/12 7/2/2 12/1/1
f 1/13/12 5/14/13 4/12/11
f 20/15/14 6/16/15 19/17/16
f 8/18/3 16/19/17 17/20/18
f 8/18/3 7/21/2 20/15/14
f 21/22/19 17/23/18 18/24/20
f 23/25/21 10/26/8 22/27/22
f 23/25/21 6/16/15 11/28/9
f 24/29/23 10/26/8 14/4/4
f 29/30/24 16/19/17 28/31/25
f 18/32/20 25/33/26 26/34/27
f 18/32/20 17/20/18 29/30/24
f 30/35/28 26/34/27 27/36/29
f 32/37/30 19/17/16 31/38/31
f 32/37/30 16/19/17 20/15/14
f 33/39/32 19/17/16 23/25/21
f 34/40/33 22/27/22 24/29/23
f 36/41/34 25/33/26 35/42/35
f 37/43/36 26/34/27 36/41/34
f 39/44/37 28/31/25 38/45/38
f 39/44/37 25/33/26 29/30/24
f 40/46/39 28/31/25 32/37/30
f 41/47/40 31/38/31 33/39/32
f 5/14/13 1/13/12 42/48/41
f 1/13/12 12/1/1 43/49/42
f 30/35/28 44/50/43 45/51/44
f 45/51/44 18/32/20 30/35/28
f 46/52/45 27/36/29 37/43/36
f 43/49/42 9/53/46 48/54/47
f 21/22/19 18/24/20 49/55/48
f 44/50/43 46/52/45 50/56/49
f 48/54/47 21/22/19 51/57/50
f 45/51/44 52/58/51 49/59/48
f 50/56/49 54/60/52 52/58/51
f 52/58/51 44/50/43 50/56/49
f 47/61/53 56/62/54 58/63/55
f 58/63/55 57/64/56 59/65/57
f 43/49/42 61/66/58 64/67/59
f 64/67/59 42/48/41 43/49/42
f 64/67/59 62/68/60 55/69/61
f 55/69/61 42/48/41 64/67/59
f 55/70/61 63/71/62 65/72/63
f 56/73/54 55/70/61 65/72/63
f 66/74/64 56/73/54 65/72/63
f 67/75/65 57/76/56 66/74/64
f 51/77/50 68/78/66 71/79/67
f 48/54/47 51/57/50 71/80/67
f 71/79/67 69/81/68 61/82/58
f 61/66/58 48/54/47 71/80/67
f 61/82/58 70/83/69 72/84/70
f 62/85/60 61/82/58 72/84/70
f 73/86/71 62/85/60 72/84/70
f 74/87/72 63/71/62 73/86/71
f 75/88/73 66/89/64 74/90/72
f 49/59/48 76/91/74 68/78/66
f 68/78/66 77/92/75 78/93/76
f 69/81/68 68/78/66 78/93/76
f 79/94/77 69/81/68 78/93/76
f 80/95/78 70/83/69 79/94/77
f 75/96/73 73/86/71 80/95/78
f 52/58/51 81/97/79 82/98/80
f 76/91/74 52/58/51 82/98/80
f 83/99/81 76/91/74 82/98/80
f 84/100/82 77/92/75 83/99/81
f 85/101/83 79/94/77 84/100/82
f 75/96/73 80/95/78 85/101/83
f 91/102/84 86/103/85 87/104/86
f 94/105/87 88/106/88 89/107/89
f 95/108/90 89/107/89 90/109/91
f 98/110/92 92/111/93 93/112/94
f 99/113/95 93/112/94 94/105/87
f 99/113/95 94/105/87 95/108/90
f 102/114/96 96/115/97 97/116/98
f 103/117/99 97/116/98 98/110/92
f 103/117/99 98/110/92 99/113/95
f 86/103/85 105/118/100 106/119/101
f 110/120/102 88/121/88 109/122/103
f 111/123/104 107/124/105 108/125/106
f 111/123/104 89/107/89 110/126/102
f 111/123/104 86/103/85 90/109/91
f 113/127/107 92/128/93 112/129/108
f 113/130/107 88/106/88 93/112/94
f 115/131/109 96/132/97 114/133/110
f 115/134/109 92/111/93 97/116/98
f 117/135/111 100/136/112 116/137/113
f 117/138/111 96/115/97 101/139/114
f 120/140/115 105/141/100 119/142/116
f 120/143/115 104/144/117 106/145/101
f 121/146/118 105/147/100 108/148/106
f 122/149/119 107/150/105 110/120/102
f 113/127/107 122/149/119 109/122/103
f 124/151/120 112/152/108 115/153/109
f 125/154/121 114/155/110 117/156/111
f 127/157/122 118/158/123 120/140/115
f 128/159/124 119/142/116 121/160/118
f 129/161/125 121/160/118 122/149/119
f 123/162/126 129/161/125 122/149/119
f 130/163/127 123/162/126 124/164/120
f 130/163/127 124/164/120 125/165/121
f 129/161/125 127/157/122 128/159/124
f 34/40/33 127/157/122 129/161/125
f 34/40/33 129/161/125 130/163/127
f 91/102/84 87/104/86 131/166/128
f 137/167/129 132/168/130 133/169/131
f 138/170/132 133/169/131 134/171/133
f 138/170/132 134/171/133 135/172/134
f 139/173/135 104/174/117 136/175/136
f 139/173/135 137/167/129 140/176/137
f 140/176/137 137/167/129 138/170/132
f 86/103/85 139/173/135 87/104/86
f 87/104/86 140/176/137 141/177/138
f 141/177/138 131/166/128 87/104/86
f 143/178/139 132/179/130 142/180/140
f 133/169/131 2/181/5 3/182/10
f 134/171/133 3/182/10 4/12/11
f 134/171/133 4/12/11 5/14/13
f 144/183/141 104/184/117 118/158/123
f 144/185/141 132/168/130 136/175/136
f 145/186/142 2/5/5 143/178/139
f 126/187/143 142/180/140 144/183/141
f 146/188/144 13/6/6 145/186/142
f 126/187/143 146/188/144 145/186/142
f 146/188/144 34/40/33 24/29/23
f 127/157/122 34/40/33 146/188/144
f 148/189/145 131/166/128 147/190/146
f 95/108/90 91/102/84 148/189/145
f 99/113/95 95/108/90 149/191/147
f 103/117/99 99/113/95 150/192/148
f 140/176/137 138/170/132 151/193/149
f 154/194/150 140/176/137 152/195/151
f 131/166/128 141/177/138 154/194/150
f 135/172/134 134/171/133 153/196/152
f 149/191/147 155/197/153 156/198/154
f 153/196/152 5/14/13 47/61/53
f 147/190/146 154/194/150 157/199/155
f 155/197/153 147/190/146 158/200/156
f 99/113/95 156/198/154 159/201/157
f 161/202/158 135/172/134 160/203/159
f 154/194/150 152/195/151 162/204/160
f 162/204/160 151/193/149 161/202/158
f 158/200/156 163/205/161 165/206/162
f 165/206/162 164/207/163 166/208/164
f 155/197/153 166/208/164 167/209/165
f 161/202/158 168/210/166 171/211/167
f 171/211/167 169/212/168 172/213/169
f 172/213/169 170/214/170 173/215/171
f 162/204/160 172/213/169 175/216/172
f 175/216/172 157/199/155 162/204/160
f 175/216/172 173/215/171 176/217/173
f 176/217/173 157/199/155 175/216/172
f 176/217/173 174/218/174 177/219/175
f 177/219/175 163/205/161 176/217/173
f 153/196/152 58/63/55 178/220/176
f 178/220/176 160/203/159 153/196/152
f 178/220/176 59/65/57 179/221/177
f 179/221/177 160/203/159 178/220/176
f 179/222/177 60/223/178 180/224/179
f 180/225/179 168/210/166 179/221/177
f 181/226/180 169/227/168 180/228/179
f 182/229/181 170/230/170 181/231/180
f 183/232/182 174/233/174 182/234/181
f 184/235/183 60/236/178 67/237/65
f 185/238/184 181/239/180 184/240/183
f 186/241/185 182/234/181 185/238/184
f 187/242/186 67/243/65 75/244/73
f 186/241/185 185/238/184 187/242/186
f 166/208/164 188/245/187 189/246/188
f 167/209/165 189/246/188 191/247/189
f 191/247/189 190/248/190 192/249/191
f 156/198/154 191/247/189 194/250/192
f 194/250/192 192/249/191 195/251/193
f 195/251/193 193/252/194 196/253/195
f 159/201/157 194/250/192 198/254/196
f 198/254/196 195/251/193 199/255/197
f 199/255/197 196/253/195 200/256/198
f 200/256/198 197/257/199 201/258/200
f 150/192/148 199/255/197 203/259/201
f 203/259/201 200/256/198 204/260/202
f 204/260/202 201/258/200 205/261/203
f 205/261/203 202/262/204 206/263/205
f 208/264/206 164/265/163 177/266/175
f 209/267/207 188/268/187 208/269/206
f 190/270/190 209/271/207 210/272/208
f 211/273/209 190/274/190 210/275/208
f 193/276/194 211/277/209 212/278/210
f 213/279/211 193/280/194 212/281/210
f 197/282/199 213/283/211 214/284/212
f 215/285/213 197/286/199 214/287/212
f 202/288/204 215/289/213 216/290/214
f 217/291/215 202/292/204 216/293/214
f 207/294/216 217/295/215 218/296/217
f 219/297/218 208/264/206 183/298/182
f 220/299/219 210/275/208 219/300/218
f 221/301/220 212/281/210 220/299/219
f 222/302/221 214/287/212 221/301/220
f 223/303/222 216/293/214 222/302/221
f 218/304/217 223/303/222 224/305/223
f 219/300/218 186/241/185 220/299/219
f 224/305/223 223/303/222 225/306/224
f 362/307/225 220/299/219 186/241/185
f 225/306/224 223/303/222 362/307/225
f 36/41/34 228/308/226 229/309/227
f 37/43/36 226/310/228 227/311/229
f 37/43/36 36/41/34 229/309/227
f 39/44/37 230/312/230 233/313/231
f 233/313/231 35/42/35 39/44/37
f 40/46/39 41/47/40 230/312/230
f 230/312/230 38/45/38 40/46/39
f 232/314/232 226/310/228 231/315/233
f 234/316/234 228/308/226 233/313/231
f 234/316/234 226/310/228 229/309/227
f 232/314/232 236/317/235 235/318/236
f 238/319/237 233/313/231 242/320/238
f 238/319/237 231/315/233 234/316/234
f 230/312/230 242/320/238 233/313/231
f 41/47/40 240/321/239 239/322/240
f 41/47/40 239/322/240 242/320/238
f 41/47/40 241/323/241 240/321/239
f 243/324/242 238/319/237 242/320/238
f 243/324/242 237/325/243 236/317/235
f 242/320/238 237/325/243 243/324/242
f 239/326/240 247/327/244 246/328/245
f 246/329/245 242/320/238 239/322/240
f 239/322/240 248/330/246 249/331/247
f 240/321/239 250/332/248 248/330/246
f 244/333/249 251/334/250 250/332/248
f 242/335/238 252/336/251 253/337/252
f 253/338/252 245/339/253 242/320/238
f 246/328/245 254/340/254 255/341/255
f 249/331/247 256/342/256 257/343/257
f 249/344/247 254/340/254 247/327/244
f 248/330/246 260/345/258 261/346/259
f 262/347/260 256/348/256 261/349/259
f 262/347/260 258/350/261 257/351/262
f 263/352/263 259/353/264 258/350/261
f 250/332/248 265/354/265 266/355/266
f 267/356/267 260/357/258 266/358/266
f 268/359/268 261/349/259 267/356/267
f 268/359/268 263/352/263 262/347/260
f 269/360/269 264/361/270 263/352/263
f 255/341/255 272/362/271 273/363/272
f 255/341/255 271/364/273 252/336/251
f 275/365/274 254/340/254 257/366/257
f 276/367/275 272/368/276 275/369/277
f 258/350/261 275/369/277 257/351/278
f 276/367/275 274/370/279 273/371/280
f 259/353/264 276/367/275 258/350/261
f 266/355/266 278/372/281 279/373/282
f 267/356/267 279/374/282 280/375/283
f 268/359/268 280/375/283 281/376/284
f 270/377/285 278/372/281 265/354/265
f 283/378/286 278/372/281 282/379/287
f 284/380/288 279/373/282 283/378/286
f 284/380/288 281/381/284 280/382/283
f 286/383/289 227/311/229 285/384/290
f 287/385/291 227/311/229 232/314/232
f 288/386/292 285/384/290 287/385/291
f 287/385/291 235/318/236 289/387/293
f 287/385/291 232/314/232 235/318/236
f 292/388/294 289/387/293 290/389/295
f 289/387/293 235/318/236 237/325/243
f 293/390/296 294/391/297 295/392/298
f 294/391/297 245/339/253 296/393/299
f 295/392/298 296/393/299 297/394/300
f 295/392/298 297/394/300 298/395/301
f 298/395/301 297/394/300 299/396/302
f 301/397/303 264/361/270 269/360/269
f 296/393/299 245/339/253 302/398/304
f 297/394/300 302/398/304 303/399/305
f 299/396/302 303/399/305 304/400/306
f 277/401/307 305/402/308 274/403/279
f 277/401/307 306/404/309 305/402/308
f 307/405/310 259/353/264 300/406/311
f 286/383/289 285/384/290 53/407/312
f 53/407/312 50/56/49 286/383/289
f 309/408/313 285/384/290 288/386/292
f 292/388/294 291/409/314 319/410/315
f 319/410/315 288/386/292 292/388/294
f 310/411/316 291/409/314 293/390/296
f 311/412/317 293/390/296 295/392/298
f 311/412/317 298/395/301 312/413/318
f 313/414/319 300/406/311 264/361/270
f 299/396/302 304/400/306 314/415/320
f 307/416/310 315/417/321 306/404/309
f 317/418/322 53/407/312 308/419/323
f 318/420/324 53/407/312 317/418/322
f 309/408/313 320/421/325 317/418/322
f 317/418/322 308/419/323 309/408/313
f 317/418/322 321/422/326 322/423/327
f 318/420/324 317/418/322 322/423/327
f 323/424/328 319/410/315 291/409/314
f 324/425/329 319/410/315 323/424/328
f 326/426/330 291/409/314 310/411/316
f 327/427/331 323/424/328 326/426/330
f 328/428/332 324/425/329 327/427/331
f 329/429/333 321/422/326 328/428/332
f 330/430/334 310/411/316 311/412/317
f 331/431/335 326/426/330 330/430/334
f 328/428/332 327/427/331 331/431/335
f 333/432/336 311/412/317 312/413/318
f 334/433/337 330/430/334 333/432/336
f 335/434/338 331/431/335 334/433/337
f 332/435/339 328/428/332 335/434/338
f 312/413/318 299/396/302 336/436/340
f 333/432/336 312/413/318 336/436/340
f 313/414/319 339/437/341 338/438/342
f 340/439/343 313/414/319 301/397/303
f 341/440/344 336/436/340 314/415/320
f 342/441/345 333/432/336 341/440/344
f 343/442/346 334/433/337 342/441/345
f 337/443/347 335/434/338 343/442/346
f 338/438/342 345/444/348 300/406/311
f 346/445/349 315/417/321 345/446/348
f 346/447/349 338/438/342 339/437/341
f 347/448/350 340/439/343 281/376/284
f 316/449/351 347/450/350 281/381/284
f 81/97/79 318/420/324 348/451/352
f 349/452/353 81/97/79 348/451/352
f 350/453/354 83/454/81 349/455/353
f 85/101/83 84/100/82 350/456/354
f 351/457/355 318/420/324 322/423/327
f 352/458/356 348/451/352 351/457/355
f 350/456/354 349/452/353 352/458/356
f 75/244/73 353/459/357 356/460/358
f 353/461/357 351/457/355 325/462/359
f 350/456/354 352/458/356 353/461/357
f 354/463/360 325/464/359 329/465/333
f 354/466/360 329/429/333 332/435/339
f 356/460/358 353/459/357 355/467/361
f 358/468/362 354/469/360 357/470/363
f 359/471/364 355/467/361 358/468/362
f 360/472/365 355/473/361 359/474/364
f 361/475/366 355/473/361 360/472/365
f 362/476/225 356/477/358 361/475/366
f 363/478/367 332/479/339 337/480/347
f 364/481/368 357/470/363 363/478/367
f 365/482/369 358/483/362 364/484/368
f 366/485/370 365/486/369 364/487/371
f 359/471/364 365/488/369 367/489/372
f 368/490/373 359/474/364 367/491/372
f 369/492/374 339/437/341 313/414/319
f 369/492/374 367/493/372 366/485/370
f 370/494/375 368/495/373 367/493/372
f 360/496/365 368/497/373 371/498/376
f 372/499/377 360/472/365 371/500/376
f 340/439/343 370/494/375 369/492/374
f 373/501/378 371/502/376 370/494/375
f 374/503/379 372/504/377 371/502/376
f 375/505/380 361/475/366 372/499/377
f 361/475/366 375/505/380 376/506/381
f 378/507/382 363/478/367 377/508/383
f 379/509/384 344/510/385 346/445/349
f 379/511/384 339/437/341 366/485/370
f 379/512/384 364/481/371 378/507/386
f 374/513/379 347/450/350 380/514/387
f 381/515/388 374/513/379 380/514/387
f 375/505/380 381/515/388 382/516/389
f 316/449/351 380/514/387 347/450/350
f 316/449/351 381/515/388 380/514/387
f 383/517/390 382/516/389 381/515/388
f 376/506/381 382/516/389 384/518/391
f 241/323/241 385/519/392 386/520/393
f 386/520/393 270/377/285 241/323/241
f 362/307/225 186/241/185 187/242/186
f 388/521/394 362/307/225 389/522/395
f 394/523/396 391/524/397 392/525/398
f 395/526/399 393/527/400 394/523/396
f 399/528/401 391/529/397 398/530/402
f 399/528/401 390/531/403 392/532/398
f 400/533/404 391/529/397 393/534/405
f 402/535/406 393/534/405 396/536/407
f 399/528/401 404/537/408 405/538/409
f 405/538/409 397/539/410 399/528/401
f 406/540/411 398/530/402 400/533/404
f 407/541/412 400/533/404 401/542/413
f 409/543/414 401/542/413 402/535/406
f 405/538/409 404/537/408 413/544/415
f 413/544/415 403/545/416 405/538/409
f 414/546/417 404/537/408 406/540/411
f 415/547/418 406/540/411 407/541/412
f 416/548/419 407/541/412 408/549/420
f 418/550/421 408/549/420 409/543/414
f 418/551/421 417/552/422 416/553/419
f 420/554/423 409/543/414 410/555/424
f 420/556/423 419/557/425 418/551/421
f 411/558/426 420/556/423 410/559/424
f 423/560/427 404/537/408 414/546/417
f 424/561/428 414/546/417 415/547/418
f 426/562/429 415/547/418 416/548/419
f 426/562/429 425/563/430 424/561/428
f 417/564/422 426/565/429 416/566/419
f 428/567/431 423/560/427 424/561/428
f 425/568/430 428/569/431 424/570/428
f 430/571/432 423/560/427 428/567/431
f 429/572/433 430/573/434 428/569/431
f 434/574/435 100/575/112 101/139/114
f 435/576/436 101/139/114 102/114/96
f 435/576/436 102/114/96 103/117/99
f 437/577/437 432/578/438 433/579/439
f 438/580/440 433/579/439 434/574/435
f 439/581/441 434/574/435 435/576/436
f 440/582/442 390/583/403 436/584/443
f 441/585/444 436/584/443 437/577/437
f 441/585/444 437/577/437 438/580/440
f 441/585/444 438/580/440 439/581/441
f 442/586/445 392/525/398 440/582/442
f 443/587/446 440/582/442 441/585/444
f 442/586/445 443/587/446 444/588/447
f 444/588/447 443/587/446 445/589/448
f 447/590/449 432/591/438 446/592/450
f 447/593/449 100/575/112 433/579/439
f 448/594/451 390/595/403 397/596/410
f 448/597/451 432/578/438 436/584/443
f 449/598/452 116/599/113 447/600/449
f 403/601/416 446/602/450 448/603/451
f 130/163/127 125/165/121 449/604/452
f 130/163/127 403/605/416 412/606/453
f 130/163/127 449/604/452 403/605/416
f 419/557/425 452/607/454 417/552/422
f 455/608/455 452/607/454 454/609/456
f 455/608/455 453/610/457 452/607/454
f 421/611/458 454/609/456 419/557/425
f 450/612/459 421/611/458 411/558/426
f 462/613/460 454/609/456 456/614/461
f 451/615/462 462/613/460 450/612/459
f 427/616/463 457/617/464 425/568/430
f 452/618/454 427/616/463 417/564/422
f 459/619/465 452/618/454 453/620/457
f 457/617/464 429/572/433 425/568/430
f 460/621/466 431/622/467 429/572/433
f 459/619/465 463/623/468 457/617/464
f 464/624/469 457/617/464 463/623/468
f 461/625/470 460/621/466 464/624/469
f 467/626/471 466/627/472 451/615/462
f 466/627/472 455/608/455 462/613/460
f 468/628/473 453/610/457 455/608/455
f 470/629/474 469/630/475 463/623/468
f 471/631/476 463/623/468 469/630/475
f 465/632/477 464/624/469 471/631/476
f 473/633/478 470/629/474 453/620/457
f 474/634/479 466/627/472 467/626/471
f 470/629/474 475/635/480 469/630/475
f 476/636/481 469/630/475 475/635/480
f 477/637/482 471/631/476 476/636/481
f 486/638/483 439/581/441 150/192/148
f 478/639/484 473/640/478 468/628/473
f 150/192/148 204/260/202 481/641/485
f 481/641/485 205/261/203 482/642/486
f 482/642/486 206/263/205 483/643/487
f 483/643/487 207/644/216 484/645/488
f 150/192/148 481/641/485 486/638/483
f 486/638/483 482/642/486 487/646/489
f 487/646/489 483/643/487 488/647/490
f 488/647/490 484/645/488 489/648/491
f 489/648/491 485/649/492 490/650/493
f 486/638/483 488/647/490 492/651/494
f 492/651/494 489/648/491 493/652/495
f 493/652/495 490/650/493 494/653/496
f 494/653/496 491/654/497 495/655/498
f 492/651/494 493/652/495 496/656/499
f 496/656/499 494/653/496 497/657/500
f 497/657/500 495/655/498 498/658/501
f 499/659/502 497/657/500 498/658/501
f 500/660/503 492/651/494 496/656/499
f 501/661/504 207/662/216 218/304/217
f 485/663/492 501/661/504 502/664/505
f 503/665/506 485/663/492 502/664/505
f 491/666/497 503/665/506 504/667/507
f 505/668/508 491/666/497 504/667/507
f 498/669/501 505/668/508 506/670/509
f 498/669/501 506/670/509 507/671/510
f 508/672/511 498/669/501 507/671/510
f 509/673/512 499/674/502 508/672/511
f 502/664/505 224/305/223 225/306/224
f 504/667/507 225/306/224 510/675/513
f 505/668/508 510/675/513 511/676/514
f 506/670/509 511/676/514 512/677/515
f 513/678/516 506/670/509 512/677/515
f 514/679/517 507/671/510 513/678/516
f 516/680/518 508/672/511 514/679/517
f 517/681/519 466/627/472 474/634/479
f 518/682/520 515/683/521 517/681/519
f 518/684/522 509/673/523 516/680/518
f 521/685/524 511/676/514 520/686/525
f 522/687/526 512/677/515 521/685/524
f 525/688/527 513/678/516 522/687/526
f 526/689/528 523/690/529 478/639/484
f 526/689/528 466/627/472 515/683/521
f 527/691/530 524/692/531 526/689/528
f 527/691/530 515/683/521 516/693/518
f 527/694/530 514/679/517 525/688/527
f 531/695/532 521/685/524 528/696/533
f 479/697/534 473/633/478 523/698/529
f 479/697/534 529/699/535 475/635/480
f 532/700/536 529/699/535 479/697/534
f 532/700/536 523/698/529 524/701/531
f 533/702/537 530/703/538 532/700/536
f 533/702/537 524/701/531 525/704/527
f 533/705/537 522/687/526 531/695/532
f 520/686/525 510/675/513 534/706/539
f 529/699/535 476/636/481 475/635/480
f 537/707/540 529/699/535 530/703/538
f 538/708/541 530/703/538 531/709/532
f 538/710/542 528/696/533 535/711/543
f 540/712/544 520/686/525 539/713/545
f 536/714/546 480/715/547 476/636/481
f 542/716/548 536/714/546 537/707/540
f 543/717/549 537/707/540 538/708/541
f 543/718/549 535/711/543 540/712/544
f 396/719/550 395/526/399 544/720/551
f 546/721/552 544/720/551 547/722/553
f 545/723/554 549/724/555 396/536/407
f 546/725/552 551/726/556 545/723/554
f 553/727/557 546/721/552 547/722/553
f 554/728/558 553/729/557 555/730/559
f 556/731/560 402/535/406 548/732/561
f 556/733/562 411/558/426 410/559/424
f 558/734/563 548/732/561 549/724/564
f 559/735/565 556/733/562 558/736/566
f 561/737/567 558/736/566 560/738/568
f 550/739/569 560/740/568 549/724/564
f 551/726/556 562/741/570 550/739/569
f 564/742/571 551/726/556 552/743/572
f 554/744/558 564/742/571 552/743/572
f 566/745/573 554/728/558 555/730/559
f 562/741/570 567/746/574 560/740/568
f 569/747/575 567/748/574 568/749/576
f 563/750/577 568/751/576 562/741/570
f 564/742/571 570/752/578 563/750/577
f 565/753/579 571/754/580 564/742/571
f 569/747/575 572/755/581 573/756/582
f 570/752/578 572/757/581 568/751/576
f 575/758/583 572/755/581 574/759/584
f 571/754/580 574/760/584 570/752/578
f 565/753/579 576/761/585 571/754/580
f 566/745/573 577/762/586 565/763/579
f 575/764/583 578/765/587 579/766/588
f 576/761/585 578/767/587 574/760/584
f 580/768/589 579/769/588 578/770/587
f 577/771/590 580/772/589 576/761/585
f 579/766/588 582/773/591 583/774/592
f 577/771/590 582/775/593 580/772/589
f 581/776/594 584/777/595 577/762/586
f 395/526/399 442/586/445 585/778/596
f 544/720/551 585/778/596 586/779/597
f 586/779/597 585/778/596 587/780/598
f 547/722/553 586/779/597 588/781/599
f 588/781/599 587/780/598 589/782/600
f 588/781/599 553/727/557 547/722/553
f 592/783/601 588/781/599 589/782/600
f 555/730/559 592/784/601 593/785/602
f 593/785/602 592/784/601 594/786/603
f 591/787/604 592/783/601 589/782/600
f 557/788/605 450/612/459 411/558/426
f 596/789/606 450/612/459 595/790/607
f 597/791/608 557/788/605 559/735/565
f 598/792/609 596/789/606 597/791/608
f 599/793/610 559/735/565 561/737/567
f 599/793/610 598/792/609 597/791/608
f 601/794/611 555/730/559 593/785/602
f 602/795/612 593/785/602 594/786/603
f 599/793/610 561/737/567 604/796/613
f 605/797/614 561/737/567 569/747/575
f 607/798/615 601/794/611 602/795/612
f 603/799/616 607/798/615 602/795/612
f 605/797/614 573/756/582 608/800/617
f 609/801/618 573/756/582 575/758/583
f 610/802/619 608/803/617 609/804/618
f 609/804/618 579/766/588 612/805/620
f 614/806/621 612/805/620 613/807/622
f 601/794/611 581/776/594 566/745/573
f 607/798/615 615/808/623 601/794/611
f 613/807/622 583/774/592 616/809/624
f 617/810/625 613/807/622 616/809/624
f 618/811/626 611/812/627 657/813/628
f 620/814/629 590/815/630 619/816/631
f 621/817/632 591/818/604 620/819/629
f 603/799/616 594/786/603 621/817/632
f 600/820/633 604/796/613 622/821/634
f 606/822/635 622/821/634 604/796/613
f 606/822/635 608/800/617 624/823/636
f 611/812/627 607/798/615 623/824/637
f 625/825/638 610/802/619 612/805/620
f 626/826/639 612/805/620 614/806/621
f 627/827/640 626/826/639 617/810/625
f 603/799/616 621/817/632 628/828/641
f 630/829/642 629/830/643 624/823/636
f 585/778/596 444/588/447 445/589/448
f 632/831/644 587/780/598 631/832/645
f 620/814/629 619/816/631 632/831/644
f 628/828/641 620/819/629 633/833/646
f 634/834/647 467/626/471 596/789/606
f 598/792/609 634/834/647 596/789/606
f 600/820/633 635/835/648 598/792/609
f 600/820/633 622/821/634 637/836/649
f 629/830/643 637/836/649 622/821/634
f 623/824/637 603/799/616 636/837/650
f 638/838/651 630/839/642 610/802/619
f 639/840/652 638/838/651 625/825/638
f 640/841/653 626/826/639 627/827/640
f 631/832/645 585/778/596 641/842/654
f 643/843/655 631/832/645 642/844/656
f 633/845/646 632/831/644 643/843/655
f 645/846/657 637/836/649 629/830/643
f 630/829/642 645/846/657 629/830/643
f 646/847/658 639/840/652 626/826/639
f 648/848/659 643/843/655 647/849/660
f 649/850/661 633/833/646 648/851/659
f 650/852/662 474/634/479 634/834/647
f 651/853/663 650/852/662 635/835/648
f 652/854/664 651/853/663 644/855/665
f 653/856/666 644/855/665 637/836/649
f 636/837/650 628/828/641 649/850/661
f 653/856/666 645/846/657 655/857/667
f 656/858/668 655/857/667 645/846/657
f 657/813/628 636/837/650 654/859/669
f 630/839/642 638/838/651 658/860/670
f 659/861/671 646/847/658 640/841/653
f 660/862/672 500/660/503 497/657/500
f 660/862/672 499/659/502 661/863/673
f 642/844/656 660/862/672 662/864/674
f 662/864/674 661/863/673 663/865/675
f 647/849/660 662/864/674 664/866/676
f 665/867/677 662/864/674 663/865/675
f 666/868/678 647/849/660 664/866/676
f 667/869/679 664/866/676 665/867/677
f 668/870/680 499/674/502 509/673/512
f 661/871/673 668/870/680 669/872/681
f 663/873/675 669/872/681 670/874/682
f 665/875/677 670/874/682 671/876/683
f 666/877/678 649/850/661 648/851/659
f 667/878/679 672/879/684 666/877/678
f 667/880/679 671/876/683 673/881/685
f 674/882/686 474/634/479 650/852/662
f 675/883/687 517/681/519 674/882/686
f 675/884/688 509/673/523 518/684/522
f 676/885/689 650/852/662 651/853/663
f 677/886/690 674/882/686 676/885/689
f 668/870/691 675/884/688 677/887/690
f 652/854/664 676/885/689 651/853/663
f 678/888/692 677/886/690 676/885/689
f 668/870/691 677/887/690 679/889/693
f 653/856/666 678/888/692 652/854/664
f 680/890/694 679/891/693 678/888/692
f 669/872/695 679/889/693 681/892/696
f 670/874/682 681/892/696 682/893/697
f 671/876/683 682/893/697 683/894/698
f 672/879/684 654/859/669 649/850/661
f 673/895/685 684/896/699 672/879/684
f 673/881/685 683/894/698 685/897/700
f 686/898/701 653/856/666 655/857/667
f 687/899/702 680/890/694 686/898/701
f 688/900/703 686/898/701 655/857/667
f 689/901/704 687/899/702 686/898/701
f 682/893/697 687/902/702 690/903/705
f 683/894/698 690/903/705 691/904/706
f 688/905/703 658/860/670 692/906/707
f 693/907/708 688/905/703 692/906/707
f 694/908/709 689/909/704 693/907/708
f 691/904/706 694/910/710 695/911/711
f 696/912/712 654/859/669 684/896/699
f 697/913/713 684/896/699 685/914/700
f 685/897/700 695/911/714 697/915/715
f 698/916/716 658/860/670 639/840/652
f 699/917/717 692/906/707 698/916/716
f 700/918/718 693/907/708 699/917/717
f 701/919/719 698/916/716 646/847/658
f 701/919/719 699/917/717 698/916/716
f 695/911/711 700/920/718 702/921/720
f 703/922/721 657/813/628 654/859/669
f 704/923/722 701/919/719 659/861/671
f 705/924/723 699/917/717 704/923/722
f 706/925/724 696/912/712 697/913/713
f 697/915/715 705/926/725 706/927/726
f 707/928/727 422/929/728 423/560/427
f 708/930/729 423/560/427 430/571/432
f 431/622/467 708/931/730 430/573/434
f 413/544/415 422/929/728 710/932/731
f 707/928/727 710/932/731 422/929/728
f 709/933/732 711/934/733 708/931/730
f 711/935/734 713/936/735 707/928/727
f 712/937/736 714/938/737 711/934/733
f 718/939/738 714/938/737 715/940/739
f 719/941/740 718/939/738 720/942/741
f 716/943/742 718/939/738 715/940/739
f 722/944/743 713/936/735 717/945/744
f 719/946/740 722/944/743 717/945/744
f 724/947/745 719/941/740 720/942/741
f 725/948/746 724/949/745 726/950/747
f 727/951/748 726/950/747 728/952/749
f 729/953/750 721/954/751 722/944/743
f 730/955/752 722/944/743 723/956/753
f 725/957/746 730/955/752 723/956/753
f 727/958/748 731/959/754 725/957/746
f 733/960/755 727/951/748 728/952/749
f 734/961/756 729/953/750 730/955/752
f 731/959/754 734/961/756 730/955/752
f 734/961/756 731/959/754 732/962/757
f 737/963/758 721/954/751 729/953/750
f 739/964/759 431/622/467 461/625/470
f 741/965/760 709/933/732 739/964/759
f 741/965/760 739/964/759 740/966/761
f 742/967/762 712/937/736 741/965/760
f 716/943/742 742/967/762 744/968/763
f 744/968/763 742/967/762 743/969/764
f 745/970/765 716/943/742 744/968/763
f 748/971/766 746/972/767 747/973/768
f 748/974/766 720/975/741 745/976/765
f 726/950/747 748/977/766 749/978/769
f 749/978/769 748/977/766 747/979/768
f 751/980/770 726/950/747 749/978/769
f 752/981/771 749/978/769 750/982/772
f 740/966/761 461/625/470 465/632/477
f 752/981/771 750/982/772 754/983/773
f 755/984/774 465/632/477 472/985/775
f 756/986/776 740/966/761 755/984/774
f 743/969/764 741/965/760 756/986/776
f 758/987/777 743/969/764 757/988/778
f 753/989/779 744/968/763 758/987/777
f 757/988/778 756/986/776 759/990/780
f 747/979/768 753/991/779 760/992/781
f 760/992/781 750/982/772 747/979/768
f 755/984/774 472/985/775 477/637/482
f 754/983/773 750/982/772 762/993/782
f 763/994/783 477/637/482 480/715/547
f 759/990/780 755/984/774 763/994/783
f 765/995/784 759/990/780 764/996/785
f 758/987/777 757/988/778 765/995/784
f 766/997/786 767/998/787 758/987/777
f 760/992/781 767/999/787 768/1000/788
f 768/1000/788 761/1001/789 760/992/781
f 540/712/544 539/713/545 769/1002/790
f 763/994/783 480/715/547 541/1003/791
f 542/716/548 770/1004/792 541/1003/791
f 543/717/549 771/1005/793 542/716/548
f 772/1006/794 540/712/544 769/1002/790
f 764/996/785 763/994/783 770/1004/792
f 771/1005/793 764/996/785 770/1004/792
f 772/1007/794 773/1008/795 771/1005/793
f 772/1006/794 769/1002/790 774/1009/796
f 769/1002/790 539/713/545 775/1010/797
f 773/1008/795 765/995/784 764/996/785
f 774/1011/796 776/1012/798 773/1008/795
f 774/1009/796 775/1010/797 777/1013/799
f 778/1014/800 765/995/784 776/1012/798
f 779/1015/801 776/1012/798 777/1016/799
f 539/713/545 534/706/539 780/1017/802
f 775/1010/797 780/1017/802 781/1018/803
f 777/1013/799 781/1018/803 782/1019/804
f 778/1014/800 767/998/787 766/997/786
f 779/1015/801 783/1020/805 778/1014/800
f 779/1021/801 782/1019/804 784/1022/806
f 785/1023/807 767/999/787 783/1024/805
f 786/1025/808 783/1024/805 784/1026/806
f 781/1018/803 780/1017/802 787/1027/809
f 782/1019/804 787/1027/809 788/1028/810
f 784/1022/806 788/1028/810 789/1029/811
f 785/1023/807 761/1001/789 768/1000/788
f 786/1030/808 789/1029/811 790/1031/812
f 791/1032/813 761/1001/789 785/1023/807
f 792/1033/814 785/1023/807 790/1034/812
f 788/1028/810 787/1027/809 793/1035/815
f 794/1036/816 789/1029/811 788/1028/810
f 793/1035/815 787/1027/809 795/1037/817
f 796/1038/818 793/1035/815 795/1037/817
f 519/1039/819 225/306/224 388/521/394
f 583/774/592 797/1040/820 798/1041/821
f 584/1042/822 797/1043/823 582/775/593
f 800/1044/824 797/1040/820 799/1045/825
f 801/1046/826 797/1043/823 584/1042/822
f 804/1047/827 803/1048/828 805/1049/829
f 805/1049/829 799/1045/825 804/1047/827
f 806/1050/830 801/1051/826 581/776/594
f 810/1052/831 807/1053/832 808/1054/833
f 810/1055/831 802/1056/834 809/1057/835
f 811/1058/836 802/1059/837 804/1060/838
f 816/1061/839 813/1062/840 814/1063/841
f 818/1064/842 815/1065/843 816/1061/839
f 818/1066/842 807/1067/832 817/1068/844
f 819/1069/845 807/1070/832 809/1071/835
f 820/1072/846 809/1071/835 811/1058/836
f 821/1073/847 811/1058/836 801/1046/826
f 822/1074/848 733/1075/755 823/1076/849
f 812/1077/850 733/960/755 728/952/749
f 824/1078/851 822/1074/848 823/1076/849
f 824/1079/851 813/1062/840 822/1080/848
f 824/1079/851 812/1077/850 814/1063/841
f 825/1081/852 813/1082/840 815/1083/843
f 826/1084/853 815/1083/843 817/1085/844
f 827/1086/854 817/1085/844 819/1069/845
f 828/1087/855 819/1069/845 820/1072/846
f 822/1074/848 734/961/756 732/962/757
f 825/1081/852 829/1088/856 822/1074/848
f 830/1089/857 825/1081/852 826/1084/853
f 831/1090/858 826/1084/853 827/1086/854
f 829/1088/856 738/1091/859 734/961/756
f 830/1089/857 832/1092/860 829/1088/856
f 616/809/624 798/1041/821 833/1093/861
f 834/1094/862 616/809/624 833/1093/861
f 617/810/625 834/1094/862 835/1095/863
f 836/1096/864 618/811/626 657/813/628
f 837/1097/865 798/1041/821 800/1044/824
f 834/1094/862 837/1097/865 838/1098/866
f 835/1095/863 838/1098/866 839/1099/867
f 805/1049/829 840/1100/868 842/1101/869
f 842/1101/869 800/1044/824 805/1049/829
f 842/1101/869 840/1100/868 843/1102/870
f 843/1102/870 837/1097/865 842/1101/869
f 843/1102/870 840/1100/868 841/1103/871
f 846/1104/872 808/1054/833 844/1105/873
f 846/1106/872 803/1048/828 810/1055/831
f 846/1104/872 845/1107/874 847/1108/875
f 847/1109/875 840/1100/868 846/1106/872
f 812/1077/850 751/980/770 848/1110/876
f 848/1110/876 751/980/770 849/1111/877
f 849/1111/877 751/980/770 752/981/771
f 851/1112/878 812/1077/850 848/1110/876
f 852/1113/879 848/1110/876 849/1111/877
f 852/1113/879 850/1114/880 853/1115/881
f 816/1061/839 851/1112/878 854/1116/882
f 854/1116/882 852/1113/879 855/1117/883
f 856/1118/884 816/1061/839 854/1116/882
f 856/1118/884 808/1054/833 818/1064/842
f 839/1099/867 857/1119/885 858/1120/886
f 858/1120/886 835/1095/863 839/1099/867
f 859/1121/887 843/1102/870 841/1103/871
f 860/1122/888 859/1121/887 847/1109/875
f 850/1114/880 752/981/771 754/983/773
f 861/1123/889 627/827/640 835/1095/863
f 862/1124/890 857/1119/885 859/1121/887
f 860/1125/888 845/1107/874 863/1126/891
f 862/1124/890 860/1122/888 864/1127/892
f 853/1115/881 865/1128/893 866/1129/894
f 855/1117/883 853/1115/881 867/1130/895
f 863/1126/891 856/1118/884 870/1131/896
f 868/1132/897 627/827/640 861/1123/889
f 858/1120/886 857/1119/885 869/1133/898
f 869/1133/898 861/1123/889 858/1120/886
f 872/1134/899 871/1135/900 862/1124/890
f 864/1136/892 863/1126/891 873/1137/901
f 873/1138/901 862/1124/890 864/1127/892
f 865/1128/893 754/983/773 762/993/782
f 875/1139/902 865/1128/893 874/1140/903
f 867/1130/895 866/1129/894 875/1139/902
f 876/1141/904 659/861/671 868/1132/897
f 877/1142/905 868/1132/897 869/1133/898
f 870/1131/896 867/1130/895 880/1143/906
f 704/923/722 876/1141/904 881/1144/907
f 705/924/723 881/1144/907 882/1145/908
f 881/1144/907 877/1142/905 884/1146/909
f 886/1147/910 884/1148/909 885/1149/911
f 882/1145/908 884/1146/909 886/1150/910
f 706/925/724 887/1151/912 696/912/712
f 888/1152/913 882/1153/914 886/1154/910
f 872/1134/899 889/1155/915 892/1156/916
f 892/1156/916 871/1135/900 872/1134/899
f 892/1157/916 890/1158/917 893/1159/918
f 884/1146/909 892/1156/916 893/1160/918
f 893/1159/918 891/1161/919 894/1162/920
f 885/1163/911 893/1160/918 894/1164/920
f 895/1165/921 885/1166/911 894/1167/920
f 888/1152/913 886/1154/910 895/1165/921
f 879/1168/922 878/1169/923 896/1170/924
f 889/1171/915 879/1168/922 899/1172/925
f 899/1172/925 897/1173/926 900/1174/927
f 890/1158/917 899/1172/925 900/1174/927
f 900/1174/927 898/1175/928 901/1176/929
f 891/1177/919 900/1178/927 901/1179/929
f 902/1180/930 891/1181/919 901/1182/929
f 903/1183/931 894/1167/920 902/1180/930
f 904/1184/932 895/1165/921 903/1183/931
f 905/1185/933 762/993/782 791/1032/813
f 906/1186/934 791/1032/813 792/1033/814
f 875/1139/902 905/1185/933 907/1187/935
f 907/1187/935 906/1186/934 908/1188/936
f 896/1170/924 880/1143/906 909/1189/937
f 909/1189/937 907/1187/935 910/1190/938
f 897/1173/926 909/1189/937 910/1190/938
f 910/1190/938 908/1188/936 911/1191/939
f 898/1175/928 910/1190/938 911/1191/939
f 912/1192/940 898/1193/928 911/1194/939
f 913/1195/941 901/1182/929 912/1192/940
f 914/1196/942 902/1180/930 913/1195/941
f 904/1184/932 903/1183/931 914/1196/942
f 906/1197/934 794/1036/816 915/1198/943
f 916/1199/944 908/1200/936 915/1198/943
f 912/1192/940 916/1199/944 917/1201/945
f 918/1202/946 912/1192/940 917/1201/945
f 914/1196/942 913/1195/941 918/1202/946
f 904/1203/932 919/1204/947 887/1151/912
f 915/1198/943 796/1038/818 920/1205/948
f 918/1202/946 917/1201/945 920/1205/948
f 920/1205/948 795/1037/817 921/1206/949
f 918/1202/946 920/1205/948 921/1206/949
f 924/1207/950 271/364/273 923/1208/951
f 253/338/252 922/1209/952 245/339/253
f 273/363/272 923/1208/951 271/364/273
f 274/403/279 926/1210/953 273/1211/954
f 929/1212/955 925/1213/956 926/1214/957
f 929/1215/955 927/1216/958 930/1217/959
f 282/379/287 934/1218/960 935/1219/961
f 936/1220/962 931/1221/963 932/1222/964
f 283/378/286 935/1219/961 936/1220/962
f 936/1220/962 932/1222/964 933/1223/965
f 924/1207/950 923/1208/951 937/1224/966
f 939/1225/967 925/1226/968 938/1227/969
f 926/1228/970 937/1224/966 923/1208/951
f 928/1229/971 938/1227/969 925/1226/968
f 942/1230/972 928/1231/973 929/1212/955
f 943/1232/974 929/1212/955 930/1233/959
f 946/1234/975 940/1235/976 941/1236/977
f 947/1237/978 941/1236/977 942/1230/972
f 948/1238/979 942/1230/972 943/1232/974
f 932/1222/964 931/1221/963 949/1239/980
f 950/1240/981 944/1241/982 945/1242/983
f 950/1243/981 932/1222/964 949/1239/980
f 951/1244/984 945/1242/983 946/1234/975
f 951/1244/984 933/1245/965 950/1240/981
f 952/1246/985 946/1234/975 947/1237/978
f 952/1246/985 933/1245/965 951/1244/984
f 952/1246/985 947/1237/978 948/1238/979
f 954/1247/986 934/1218/960 953/1248/987
f 954/1247/986 931/1221/963 935/1219/961
f 962/1249/988 937/1250/966 956/1251/989
f 924/1252/950 955/1253/990 922/1209/952
f 956/1254/989 938/1227/969 957/1255/991
f 939/1225/967 956/1254/989 937/1224/966
f 941/1256/992 957/1255/991 938/1227/969
f 959/1257/993 940/1258/976 945/1259/983
f 960/1260/994 944/1261/982 949/1239/980
f 953/1248/987 931/1221/963 954/1247/986
f 956/1254/989 957/1255/991 963/1262/995
f 958/1263/996 963/1262/995 957/1255/991
f 964/1264/997 958/1265/996 959/1257/993
f 965/1266/998 959/1267/993 960/1260/994
f 961/1268/999 960/1260/994 953/1248/987
f 962/1249/988 966/1269/1000 955/1253/990
f 956/1251/989 967/1270/1001 962/1249/988
f 968/1271/1002 963/1272/995 964/1273/997
f 968/1271/1002 964/1273/997 965/1266/998
f 961/1268/999 968/1271/1002 965/1266/998
f 970/1274/1003 969/1275/1004 966/1269/1000
f 962/1249/988 967/1270/1001 974/1276/1005
f 973/1277/1006 970/1274/1003 972/1278/1007
f 974/1276/1005 972/1278/1007 970/1274/1003
f 973/1277/1006 976/1279/1008 977/1280/1009
f 975/1281/1010 978/1282/1011 979/1283/1012
f 975/1281/1010 976/1279/1008 972/1278/1007
f 980/1284/1013 976/1279/1008 979/1283/1012
f 302/398/304 245/339/253 922/1209/952
f 305/402/308 927/1216/958 274/403/279
f 983/1285/1014 305/402/308 306/404/309
f 930/1217/959 983/1285/1014 985/1286/1015
f 991/1287/1016 983/1285/1014 984/1288/1017
f 936/1220/962 986/1289/1018 987/1290/1019
f 987/1290/1019 284/380/288 936/1220/962
f 989/1291/1020 302/398/304 988/1292/1021
f 990/1293/1022 303/399/305 989/1291/1020
f 943/1232/974 930/1233/959 985/1294/1015
f 991/1295/1016 992/1296/1023 985/1294/1015
f 948/1238/979 943/1232/974 992/1296/1023
f 994/1297/1024 992/1296/1023 993/1298/1025
f 995/1299/1026 948/1238/979 994/1297/1024
f 995/1299/1026 986/1300/1018 952/1246/985
f 988/1292/1021 922/1209/952 955/1253/990
f 998/1301/1027 988/1292/1021 997/1302/1028
f 997/1302/1028 966/1269/1000 999/1303/1029
f 1000/1304/1030 997/1302/1028 999/1303/1029
f 1000/1304/1030 999/1303/1029 1001/1305/1031
f 1002/1306/1032 969/1275/1004 971/1307/1033
f 1003/1308/1034 999/1303/1029 1002/1306/1032
f 1003/1308/1034 1002/1306/1032 1004/1309/1035
f 1002/1306/1032 977/1280/1009 1005/1310/1036
f 1006/1311/1037 977/1280/1009 980/1284/1013
f 1007/1312/1038 304/400/306 982/1313/1039
f 1008/1314/1040 306/404/309 315/417/321
f 1009/1315/1041 1007/1312/1038 990/1293/1022
f 1008/1314/1040 991/1287/1016 984/1288/1017
f 994/1297/1024 1010/1316/1042 1011/1317/1043
f 986/1300/1018 995/1299/1026 1012/1318/1044
f 1013/1319/1045 990/1293/1022 996/1320/1046
f 1014/1321/1047 996/1320/1046 998/1301/1027
f 1014/1321/1047 1000/1304/1030 1015/1322/1048
f 1000/1304/1030 1001/1305/1031 1016/1323/1049
f 1003/1308/1034 1016/1323/1049 1001/1305/1031
f 1003/1308/1034 1004/1309/1035 1018/1324/1050
f 1018/1324/1050 1005/1310/1036 1019/1325/1051
f 1006/1311/1037 1019/1325/1051 1005/1310/1036
f 344/510/385 1021/1326/1052 315/417/321
f 341/440/344 1009/1315/1041 1024/1327/1053
f 342/441/345 1024/1327/1053 1025/1328/1054
f 1026/1329/1055 1008/1314/1040 1021/1326/1052
f 1022/1330/1056 1026/1329/1055 1021/1326/1052
f 1028/1331/1057 991/1295/1016 1026/1332/1055
f 1028/1331/1057 1027/1333/1058 1029/1334/1059
f 1030/1335/1060 1010/1316/1042 1028/1331/1057
f 1030/1335/1060 1028/1331/1057 1029/1334/1059
f 1031/1336/1061 1011/1317/1043 1030/1335/1060
f 1031/1336/1061 986/1300/1018 1012/1318/1044
f 343/442/346 1025/1328/1054 1032/1337/1062
f 1024/1327/1053 1014/1321/1047 1033/1338/1063
f 1025/1328/1054 1033/1338/1063 1034/1339/1064
f 1020/1340/1065 1032/1337/1062 1035/1341/1066
f 1033/1338/1063 1015/1322/1048 1036/1342/1067
f 1034/1339/1064 1036/1342/1067 1037/1343/1068
f 1032/1337/1062 1037/1343/1068 1038/1344/1069
f 1017/1345/1070 1036/1342/1067 1016/1323/1049
f 1017/1345/1070 1037/1343/1068 1036/1342/1067
f 1039/1346/1071 1038/1344/1069 1037/1343/1068
f 1035/1341/1066 1038/1344/1069 1040/1347/1072
f 1042/1348/1073 1017/1345/1070 1019/1325/1051
f 1041/1349/1074 1042/1348/1073 1043/1350/1075
f 1044/1351/1076 337/480/347 1020/1352/1065
f 1045/1353/1077 344/510/385 378/1354/1078
f 1045/1355/1079 377/508/383 1044/1351/1076
f 1049/1356/1080 1023/1357/1081 1046/1358/1082
f 316/449/351 987/1290/1019 1049/1356/1080
f 1047/1359/1083 316/449/351 1049/1356/1080
f 1048/1360/1084 383/517/390 1047/1359/1083
f 1062/1361/1085 384/518/391 1048/1360/1084
f 1045/1353/1077 1027/1362/1058 1022/1330/1056
f 1045/1355/1079 1044/1351/1076 1050/1363/1086
f 1029/1334/1059 1050/1364/1087 1052/1365/1088
f 1052/1365/1088 1051/1366/1089 1053/1367/1090
f 1030/1335/1060 1052/1365/1088 1055/1368/1091
f 1055/1368/1091 1053/1367/1090 1056/1369/1092
f 1056/1369/1092 1054/1370/1093 1057/1371/1094
f 1031/1336/1061 1056/1369/1092 1058/1372/1095
f 1023/1373/1081 1031/1336/1061 1058/1372/1095
f 1058/1372/1095 1057/1371/1094 1059/1374/1096
f 1046/1358/1082 1058/1375/1095 1059/1376/1096
f 1060/1377/1097 1046/1358/1082 1059/1376/1096
f 1048/1360/1084 1060/1377/1097 1061/1378/1098
f 1062/1361/1085 1048/1360/1084 1061/1378/1098
f 1044/1351/1076 1020/1352/1065 1063/1379/1099
f 1050/1363/1086 1063/1379/1099 1064/1380/1100
f 1051/1381/1089 1064/1380/1100 1065/1382/1101
f 1066/1383/1102 1051/1381/1089 1065/1382/1101
f 1054/1384/1093 1066/1383/1102 1067/1385/1103
f 1057/1386/1094 1067/1385/1103 1068/1387/1104
f 1070/1388/1105 1057/1389/1094 1068/1390/1104
f 1070/1388/1105 1069/1391/1106 1071/1392/1107
f 1060/1377/1097 1070/1388/1105 1071/1392/1107
f 1072/1393/1108 1060/1377/1097 1071/1392/1107
f 1077/1394/1109 1061/1378/1098 1072/1393/1108
f 1073/1395/1110 1020/1340/1065 1035/1341/1066
f 1065/1382/1101 1073/1396/1110 1074/1397/1111
f 1067/1385/1103 1074/1397/1111 1075/1398/1112
f 1076/1399/1113 1069/1400/1106 1075/1398/1112
f 1072/1393/1108 1076/1401/1113 1077/1394/1109
f 1079/1402/1114 1074/1397/1111 1078/1403/1115
f 1079/1402/1114 1078/1403/1115 1081/1404/1116
f 1035/1341/1066 1041/1349/1074 1080/1405/1117
f 1078/1406/1115 1080/1405/1117 1081/1407/1116
f 1085/1408/1118 1079/1402/1114 1081/1404/1116
f 1080/1405/1117 1043/1350/1075 1082/1409/1119
f 1081/1407/1116 1082/1409/1119 1083/1410/1120
f 1081/1407/1116 1083/1410/1120 1084/1411/1121
f 1081/1404/1116 1084/1412/1121 1085/1408/1118
f 130/163/127 1097/1413/1122 385/519/392
f 1097/1413/1122 130/163/127 1162/1414/1123
f 386/520/393 953/1248/987 934/1218/960
f 386/520/393 961/1268/999 953/1248/987
f 387/1415/1124 376/506/381 1062/1361/1085
f 362/307/225 1079/1402/1114 1085/1408/1118
f 388/521/394 389/522/395 1258/1416/1125
f 1087/1417/1126 978/1282/1011 1086/1418/1127
f 1088/1419/1128 1086/1418/1127 978/1282/1011
f 981/1420/1129 1088/1419/1128 974/1276/1005
f 1087/1417/1126 1089/1421/1130 1090/1422/1131
f 980/1284/1013 1090/1422/1131 1091/1423/1132
f 1088/1419/1128 1092/1424/1133 1089/1421/1130
f 1088/1419/1128 1089/1421/1130 1086/1418/1127
f 1094/1425/1134 1090/1422/1131 1093/1426/1135
f 981/1420/1129 1092/1424/1133 1088/1419/1128
f 981/1420/1129 1097/1413/1122 1096/1427/1136
f 1099/1428/1137 1092/1424/1133 1098/1429/1138
f 1094/1425/1134 1093/1426/1135 1100/1430/1139
f 1095/1431/1140 1101/1432/1141 1098/1429/1138
f 1095/1431/1140 1098/1429/1138 1092/1424/1133
f 1103/1433/1142 1099/1434/1137 1102/1435/1143
f 1096/1427/1136 1101/1432/1141 1095/1431/1140
f 1107/1436/1144 1101/1432/1141 1106/1437/1145
f 1103/1433/1142 1102/1435/1143 1108/1438/1146
f 1104/1439/1147 1109/1440/1148 1106/1437/1145
f 1104/1439/1147 1106/1437/1145 1101/1432/1141
f 1111/1441/1149 1107/1442/1144 1110/1443/1150
f 1105/1444/1151 1109/1440/1148 1104/1439/1147
f 1114/1445/1152 1109/1440/1148 1113/1446/1153
f 1111/1441/1149 1110/1443/1150 1115/1447/1154
f 1112/1448/1155 1116/1449/1156 1113/1446/1153
f 1112/1448/1155 1113/1446/1153 1109/1440/1148
f 1118/1450/1157 1114/1451/1152 1117/1452/1158
f 1006/1311/1037 980/1284/1013 1119/1453/1159
f 1006/1311/1037 1119/1453/1159 1120/1454/1160
f 1122/1455/1161 1103/1433/1142 1108/1438/1146
f 1123/1456/1162 1122/1455/1161 1111/1441/1149
f 1124/1457/1163 1111/1441/1149 1115/1447/1154
f 1125/1458/1164 1115/1447/1154 1118/1450/1157
f 1043/1350/1075 1126/1459/1165 1127/1460/1166
f 1120/1454/1160 1127/1460/1166 1126/1459/1165
f 1129/1461/1167 1120/1454/1160 1091/1423/1132
f 1094/1425/1134 1129/1461/1167 1091/1423/1132
f 1130/1462/1168 1128/1463/1169 1129/1461/1167
f 1094/1425/1134 1100/1430/1139 1131/1464/1170
f 1121/1465/1171 1131/1466/1170 1100/1467/1139
f 1132/1468/1172 1043/1350/1075 1127/1460/1166
f 1128/1463/1169 1132/1468/1172 1127/1460/1166
f 1133/1469/1173 1083/1410/1120 1132/1468/1172
f 1084/1411/1121 1133/1469/1173 1134/1470/1174
f 1133/1469/1173 1135/1471/1175 1136/1472/1176
f 1130/1462/1168 1135/1471/1175 1128/1463/1169
f 1137/1473/1177 1136/1472/1176 1135/1471/1175
f 1138/1474/1178 1134/1470/1174 1136/1472/1176
f 1134/1470/1174 1138/1474/1178 1139/1475/1179
f 1137/1473/1177 1131/1464/1170 1140/1476/1180
f 1141/1477/1181 1137/1473/1177 1140/1476/1180
f 1138/1474/1178 1141/1477/1181 1142/1478/1182
f 1121/1465/1171 1140/1479/1180 1131/1466/1170
f 1143/1480/1183 1141/1477/1181 1140/1476/1180
f 1144/1481/1184 1142/1478/1182 1141/1477/1181
f 1145/1482/1185 1139/1475/1179 1142/1478/1182
f 1139/1475/1179 1145/1482/1185 1146/1483/1186
f 1085/1484/1118 1146/1483/1186 1147/1485/1187
f 1144/1481/1184 1143/1480/1183 1148/1486/1188
f 1149/1487/1189 1144/1481/1184 1148/1486/1188
f 1145/1482/1185 1149/1487/1189 1150/1488/1190
f 1123/1456/1162 1148/1489/1188 1143/1490/1183
f 1151/1491/1191 1149/1492/1189 1148/1489/1188
f 1152/1493/1192 1150/1488/1190 1149/1487/1189
f 1153/1494/1193 1146/1483/1186 1150/1488/1190
f 1147/1485/1187 1153/1494/1193 1154/1495/1194
f 1152/1496/1192 1124/1457/1163 1155/1497/1195
f 1156/1498/1196 1152/1496/1192 1155/1497/1195
f 1153/1494/1193 1156/1499/1196 1157/1500/1197
f 1125/1458/1164 1155/1497/1195 1124/1457/1163
f 1125/1458/1164 1156/1498/1196 1155/1497/1195
f 1158/1501/1198 1157/1502/1197 1156/1498/1196
f 1159/1503/1199 1154/1495/1194 1157/1500/1197
f 1097/1413/1122 1162/1414/1123 1161/1504/1200
f 1161/1504/1200 1164/1505/1201 1165/1506/1202
f 1161/1504/1200 1163/1507/1203 1160/1508/1204
f 1162/1414/1123 1167/1509/1205 1166/1510/1206
f 1162/1414/1123 1168/1511/1207 1167/1509/1205
f 1162/1414/1123 1169/1512/1208 1168/1511/1207
f 1165/1506/1202 1171/1513/1209 1172/1514/1210
f 1165/1506/1202 1170/1515/1211 1163/1507/1203
f 1164/1505/1201 1173/1516/1212 1171/1513/1209
f 1166/1510/1206 1175/1517/1213 1176/1518/1214
f 1176/1518/1214 1164/1505/1201 1166/1510/1206
f 1166/1510/1206 1177/1519/1215 1178/1520/1216
f 1167/1509/1205 1179/1521/1217 1180/1522/1218
f 1168/1511/1207 1181/1523/1219 1182/1524/1220
f 1184/1525/1221 1173/1516/1212 1183/1526/1222
f 1174/1527/1223 1184/1528/1221 1185/1529/1224
f 1176/1518/1214 1186/1530/1225 1187/1531/1226
f 1176/1518/1214 1183/1526/1222 1173/1516/1212
f 1188/1532/1227 1183/1533/1222 1187/1534/1226
f 1189/1535/1228 1184/1528/1221 1188/1532/1227
f 1178/1520/1216 1190/1536/1229 1191/1537/1230
f 1178/1520/1216 1186/1530/1225 1175/1517/1213
f 1192/1538/1231 1186/1539/1225 1191/1540/1230
f 1193/1541/1232 1187/1534/1226 1192/1538/1231
f 1194/1542/1233 1188/1532/1227 1193/1541/1232
f 1180/1522/1218 1195/1543/1234 1196/1544/1235
f 1180/1545/1218 1190/1546/1229 1177/1547/1215
f 1197/1548/1236 1190/1549/1229 1196/1550/1235
f 1198/1551/1237 1191/1540/1230 1197/1548/1236
f 1199/1552/1238 1192/1538/1231 1198/1551/1237
f 1182/1524/1220 1200/1553/1239 1201/1554/1240
f 1182/1555/1220 1195/1556/1234 1179/1557/1217
f 1202/1558/1241 1195/1559/1234 1201/1560/1240
f 1203/1561/1242 1196/1550/1235 1202/1558/1241
f 1204/1562/1243 1197/1548/1236 1203/1561/1242
f 1097/1413/1122 1112/1448/1155 1105/1444/1151
f 1205/1563/1244 1206/1564/1245 1116/1449/1156
f 1205/1563/1244 1116/1449/1156 1112/1448/1155
f 1117/1452/1158 1113/1565/1153 1207/1566/1246
f 1160/1508/1204 1163/1507/1203 1209/1567/1247
f 1160/1508/1204 1206/1564/1245 1205/1563/1244
f 1211/1568/1248 1206/1564/1245 1210/1569/1249
f 1207/1566/1246 1211/1570/1248 1212/1571/1250
f 1117/1452/1158 1212/1571/1250 1213/1572/1251
f 1209/1567/1247 1170/1515/1211 1210/1569/1249
f 1209/1567/1247 1210/1569/1249 1206/1564/1245
f 1215/1573/1252 1211/1570/1248 1214/1574/1253
f 1216/1575/1254 1170/1576/1211 1172/1577/1210
f 1217/1578/1255 1210/1579/1249 1216/1575/1254
f 1218/1580/1256 1214/1574/1253 1217/1578/1255
f 1219/1581/1257 1172/1577/1210 1174/1527/1223
f 1220/1582/1258 1216/1575/1254 1219/1581/1257
f 1221/1583/1259 1174/1527/1223 1185/1529/1224
f 1222/1584/1260 1208/1585/1261 1213/1572/1251
f 1223/1586/1262 1213/1572/1251 1215/1573/1252
f 1224/1587/1263 1215/1573/1252 1218/1580/1256
f 1228/1588/1264 1224/1587/1263 1220/1582/1258
f 1225/1589/1265 1220/1582/1258 1221/1583/1259
f 1226/1590/1266 1221/1583/1259 1189/1535/1228
f 1227/1591/1267 1189/1535/1228 1194/1542/1233
f 1199/1552/1238 1229/1592/1268 1227/1591/1267
f 1230/1593/1269 1125/1458/1164 1208/1585/1261
f 1231/1594/1270 1222/1584/1260 1223/1586/1262
f 1232/1595/1271 1231/1594/1270 1224/1587/1263
f 1233/1596/1272 1224/1587/1263 1228/1588/1264
f 1204/1562/1243 1234/1597/1273 1199/1552/1238
f 389/522/395 1085/1408/1118 1147/1598/1187
f 1147/1485/1187 1154/1495/1194 1236/1599/1274
f 1230/1593/1269 1158/1501/1198 1125/1458/1164
f 1237/1600/1275 1159/1601/1199 1157/1502/1197
f 1238/1602/1276 1236/1599/1274 1159/1503/1199
f 1236/1599/1274 1238/1602/1276 1239/1603/1277
f 389/1604/395 1239/1603/1277 1240/1605/1278
f 1158/1501/1198 1222/1584/1260 1241/1606/1279
f 1237/1600/1275 1241/1606/1279 1242/1607/1280
f 1159/1503/1199 1242/1608/1280 1243/1609/1281
f 1238/1602/1276 1243/1609/1281 1244/1610/1282
f 1231/1594/1270 1241/1606/1279 1222/1584/1260
f 1231/1594/1270 1242/1607/1280 1241/1606/1279
f 1245/1611/1283 1243/1612/1281 1242/1607/1280
f 1246/1613/1284 1244/1614/1282 1243/1612/1281
f 1247/1615/1285 1239/1603/1277 1244/1610/1282
f 1232/1595/1271 1245/1611/1283 1231/1594/1270
f 1232/1595/1271 1246/1613/1284 1245/1611/1283
f 1248/1616/1286 1244/1614/1282 1246/1613/1284
f 1249/1617/1287 1247/1618/1285 1244/1614/1282
f 1240/1619/1278 1247/1620/1285 1250/1621/1288
f 1248/1616/1286 1233/1596/1272 1251/1622/1289
f 1249/1617/1287 1251/1622/1289 1252/1623/1290
f 1250/1624/1288 1252/1625/1290 1253/1626/1291
f 1254/1627/1292 1233/1596/1272 1225/1589/1265
f 1254/1627/1292 1251/1622/1289 1233/1596/1272
f 1254/1627/1292 1252/1623/1290 1251/1622/1289
f 1254/1627/1292 1253/1628/1291 1252/1623/1290
f 1256/1629/1293 1225/1589/1265 1226/1590/1266
f 1256/1629/1293 1255/1630/1294 1254/1627/1292
f 1229/1592/1268 1256/1629/1293 1226/1590/1266
f 1229/1592/1268 1257/1631/1295 1256/1629/1293
f 1260/1632/1296 1258/1416/1125 1259/1633/1297
f 1261/1634/1298 1240/1635/1278 1250/1624/1288
f 1240/1635/1278 1261/1634/1298 1262/1636/1299
f 1258/1416/1125 1262/1637/1299 1263/1638/1300
f 1259/1633/1297 1263/1638/1300 1264/1639/1301
f 1259/1633/1297 1264/1639/1301 1265/1640/1302
f 1260/1632/1296 1265/1640/1302 1266/1641/1303
f 1267/1642/1304 1260/1643/1296 1266/1644/1303
f 1261/1634/1298 1253/1626/1291 1268/1645/1305
f 1255/1630/1294 1268/1646/1305 1253/1628/1291
f 1262/1647/1299 1268/1648/1305 1269/1649/1306
f 1270/1650/1307 1262/1651/1299 1269/1652/1306
f 1257/1631/1295 1269/1653/1306 1255/1630/1294
f 1271/1654/1308 1270/1655/1307 1269/1653/1306
f 1263/1638/1300 1270/1656/1307 1272/1657/1309
f 1273/1658/1310 1263/1659/1300 1272/1660/1309
f 1229/1592/1268 1271/1654/1308 1257/1631/1295
f 1274/1661/1311 1272/1662/1309 1271/1654/1308
f 1275/1663/1312 1273/1664/1310 1272/1662/1309
f 1264/1639/1301 1273/1665/1310 1276/1666/1313
f 1277/1667/1314 1264/1668/1301 1276/1669/1313
f 1234/1597/1273 1274/1661/1311 1229/1592/1268
f 1234/1597/1273 1275/1663/1312 1274/1661/1311
f 1278/1670/1315 1276/1671/1313 1275/1663/1312
f 1279/1672/1316 1277/1673/1314 1276/1671/1313
f 1265/1640/1302 1277/1674/1314 1280/1675/1317
f 1281/1676/1318 1265/1677/1302 1280/1678/1317
f 1235/1679/1319 1278/1670/1315 1234/1597/1273
f 1235/1679/1319 1279/1672/1316 1278/1670/1315
f 1282/1680/1320 1280/1681/1317 1279/1672/1316
f 1283/1682/1321 1281/1683/1318 1280/1681/1317
f 1266/1641/1303 1281/1684/1318 1284/1685/1322
f 1285/1686/1323 1266/1687/1303 1284/1688/1322
f 735/1689/1324 710/932/731 1286/1690/1325
f 736/1691/1326 1286/1690/1325 710/932/731
f 738/1091/859 737/963/758 729/953/750
f 735/1689/1324 1288/1692/1327 412/1693/453
f 1287/1694/1328 1289/1695/1329 737/963/758
f 1292/1696/1330 737/963/758 1289/1695/1329
f 1297/1697/1331 1291/1698/1332 1292/1696/1330
f 1297/1697/1331 1296/1699/1333 1295/1700/1334
f 1299/1701/1335 1292/1696/1330 1293/1702/1336
f 1299/1703/1335 1298/1704/1337 1297/1705/1331
f 1294/1706/1338 1299/1701/1335 1293/1702/1336
f 1301/1707/1339 1286/1690/1325 736/1691/1326
f 1302/1708/1340 736/1691/1326 1290/1709/1341
f 1303/1710/1342 1290/1709/1341 1295/1700/1334
f 1296/1699/1333 1303/1710/1342 1295/1700/1334
f 1305/1711/1343 1296/1712/1333 1298/1704/1337
f 1306/1713/1344 1301/1707/1339 1302/1708/1340
f 1308/1714/1345 1302/1708/1340 1303/1710/1342
f 1308/1715/1345 1307/1716/1346 1306/1717/1344
f 1309/1718/1347 1303/1719/1342 1304/1720/1348
f 1310/1721/1349 1301/1707/1339 1306/1713/1344
f 1307/1716/1346 1310/1722/1350 1306/1717/1344
f 735/1689/1324 1286/1690/1325 1312/1723/1351
f 1312/1723/1351 1288/1692/1327 735/1689/1324
f 1313/1724/1352 1286/1690/1325 1301/1707/1339
f 1314/1725/1353 1301/1707/1339 1310/1721/1349
f 1311/1726/1354 1314/1727/1355 1310/1722/1350
f 1521/1728/1356 412/606/453 1288/1729/1327
f 1300/1730/1357 1316/1731/1358 1298/1704/1337
f 1319/1732/1359 1316/1731/1358 1318/1733/1360
f 1305/1711/1343 1320/1734/1361 1304/1735/1348
f 1316/1731/1358 1305/1711/1343 1298/1704/1337
f 1317/1736/1362 1321/1737/1363 1316/1731/1358
f 1323/1738/1364 1307/1716/1346 1309/1718/1347
f 1320/1739/1361 1309/1718/1347 1304/1720/1348
f 1322/1740/1365 1311/1726/1354 1307/1716/1346
f 1324/1741/1366 1315/1742/1367 1311/1726/1354
f 1327/1743/1368 1317/1736/1362 1319/1732/1359
f 1321/1737/1363 1328/1744/1369 1320/1734/1361
f 1328/1745/1369 1323/1738/1364 1320/1739/1361
f 1329/1746/1370 1330/1747/1371 1322/1740/1365
f 1330/1747/1371 1326/1748/1372 1324/1741/1366
f 1331/1749/1373 1329/1746/1370 1323/1738/1364
f 1332/1750/1374 1329/1746/1370 1331/1749/1373
f 1327/1743/1368 1334/1751/1375 1317/1736/1362
f 1321/1737/1363 1336/1752/1376 1328/1744/1369
f 1337/1753/1377 1317/1736/1362 1334/1751/1375
f 1336/1754/1376 1332/1750/1374 1328/1745/1369
f 1338/1755/1378 1330/1747/1371 1329/1746/1370
f 1339/1756/1379 1333/1757/1380 1330/1747/1371
f 534/706/539 388/521/394 1341/1758/1381
f 780/1017/802 1341/1758/1381 1342/1759/1382
f 787/1027/809 1342/1759/1382 1343/1760/1383
f 795/1037/817 1343/1760/1383 1344/1761/1384
f 1347/1762/1385 1345/1763/1386 1346/1764/1387
f 1348/1765/1388 1345/1763/1386 1347/1762/1385
f 1350/1766/1389 1343/1760/1383 1349/1767/1390
f 1351/1768/1391 1346/1764/1387 1350/1766/1389
f 1347/1762/1385 1351/1768/1391 1353/1769/1392
f 1354/1770/1393 1334/1751/1375 1335/1771/1394
f 1355/1772/1395 1352/1773/1396 1354/1770/1393
f 1355/1774/1395 1347/1762/1385 1353/1769/1392
f 1357/1775/1397 1349/1767/1390 1356/1776/1398
f 1359/1777/1399 1350/1766/1389 1357/1775/1397
f 1360/1778/1400 1336/1752/1376 1337/1753/1377
f 1360/1778/1400 1334/1751/1375 1352/1773/1396
f 1361/1779/1401 1358/1780/1402 1360/1778/1400
f 1361/1781/1401 1352/1782/1396 1353/1783/1392
f 1361/1784/1401 1351/1768/1391 1359/1777/1399
f 1364/1785/1403 1356/1776/1398 1362/1786/1404
f 1365/1787/1405 1338/1755/1378 1332/1750/1374
f 1365/1787/1405 1336/1754/1376 1358/1788/1402
f 1366/1789/1406 1363/1790/1407 1365/1787/1405
f 1366/1789/1406 1358/1788/1402 1359/1791/1399
f 1366/1792/1406 1357/1775/1397 1364/1785/1403
f 1368/1793/1408 1342/1759/1382 1367/1794/1409
f 1369/1795/1410 1338/1755/1378 1363/1790/1407
f 1370/1796/1411 1363/1790/1407 1364/1797/1403
f 1370/1798/1412 1362/1786/1404 1368/1793/1408
f 1367/1794/1409 1341/1758/1381 1371/1799/1413
f 1372/1800/1414 1339/1756/1379 1369/1795/1410
f 1373/1801/1415 1369/1795/1410 1370/1796/1411
f 832/1092/860 1287/1694/1328 738/1091/859
f 806/1050/830 1374/1802/1416 821/1803/847
f 832/1092/860 1375/1804/1417 1287/1694/1328
f 831/1090/858 1376/1805/1418 832/1092/860
f 828/1087/855 1377/1806/1419 831/1090/858
f 1374/1807/1416 1378/1808/1420 828/1087/855
f 1380/1809/1421 1294/1706/1338 1293/1702/1336
f 1375/1804/1417 1380/1809/1421 1289/1695/1329
f 1383/1810/1422 1380/1811/1421 1382/1812/1423
f 1376/1805/1418 1384/1813/1424 1375/1804/1417
f 1377/1806/1419 1385/1814/1425 1376/1805/1418
f 1300/1730/1357 1294/1815/1338 1381/1816/1426
f 1384/1813/1424 1386/1817/1427 1382/1818/1423
f 1388/1819/1428 1386/1820/1427 1387/1821/1429
f 1385/1814/1425 1387/1822/1429 1384/1813/1424
f 1390/1823/1430 1387/1821/1429 1389/1824/1431
f 1377/1806/1419 1389/1825/1431 1385/1814/1425
f 1378/1808/1420 1391/1826/1432 1377/1806/1419
f 1374/1807/1416 1392/1827/1433 1378/1808/1420
f 1390/1823/1430 1393/1828/1434 1394/1829/1435
f 1391/1826/1432 1393/1830/1434 1389/1825/1431
f 1396/1831/1436 1393/1828/1434 1395/1832/1437
f 1392/1827/1433 1395/1833/1437 1391/1826/1432
f 1374/1807/1416 1397/1834/1438 1392/1827/1433
f 1379/1835/1439 1398/1836/1440 1374/1802/1416
f 1396/1837/1436 1399/1838/1441 1400/1839/1442
f 1397/1834/1438 1399/1840/1441 1395/1833/1437
f 1401/1841/1443 1400/1842/1442 1399/1843/1441
f 1398/1844/1444 1401/1845/1443 1397/1834/1438
f 1400/1839/1442 1402/1846/1445 1403/1847/1446
f 1398/1844/1444 1402/1848/1447 1401/1845/1443
f 1379/1835/1439 1404/1849/1448 1398/1836/1440
f 1403/1847/1446 1406/1850/1449 1407/1851/1450
f 1404/1852/1451 1406/1853/1452 1402/1848/1447
f 615/808/623 1379/1835/1439 806/1050/830
f 1383/1810/1422 1408/1854/1453 1381/1816/1426
f 607/798/615 1409/1855/1454 615/808/623
f 1408/1854/1453 1300/1730/1357 1381/1816/1426
f 1410/1856/1455 1319/1732/1359 1408/1854/1453
f 1411/1857/1456 1410/1856/1455 1408/1854/1453
f 1413/1858/1457 1383/1810/1422 1388/1819/1428
f 1413/1858/1457 1412/1859/1458 1411/1857/1456
f 1414/1860/1459 1388/1819/1428 1390/1823/1430
f 618/811/626 1415/1861/1460 607/798/615
f 1414/1860/1459 1394/1829/1435 1416/1862/1461
f 1417/1863/1462 1394/1829/1435 1396/1831/1436
f 1417/1864/1462 1400/1839/1442 1418/1865/1463
f 1417/1864/1462 1418/1865/1463 1419/1866/1464
f 1420/1867/1465 1419/1866/1464 1418/1865/1463
f 1420/1867/1465 1403/1847/1446 1422/1868/1466
f 1421/1869/1467 1422/1868/1466 1423/1870/1468
f 1409/1855/1454 1405/1871/1469 1379/1835/1439
f 1422/1868/1466 1407/1851/1450 1424/1872/1470
f 1425/1873/1471 1422/1868/1466 1424/1872/1470
f 1426/1874/1472 1319/1732/1359 1410/1856/1455
f 1412/1859/1458 1426/1874/1472 1410/1856/1455
f 1427/1875/1473 1414/1860/1459 1416/1862/1461
f 1417/1864/1462 1419/1866/1464 1428/1876/1474
f 1421/1869/1467 1428/1876/1474 1419/1866/1464
f 1421/1869/1467 1423/1870/1468 1429/1877/1475
f 1429/1877/1475 1425/1873/1471 1430/1878/1476
f 1431/1879/1477 1413/1858/1457 1414/1860/1459
f 1432/1880/1478 1427/1875/1473 1417/1863/1462
f 1429/1877/1475 1430/1878/1476 1433/1881/1479
f 1434/1882/1480 1327/1743/1368 1426/1874/1472
f 1412/1859/1458 1434/1882/1480 1426/1874/1472
f 1436/1883/1481 1429/1877/1475 1437/1884/1482
f 1435/1885/1483 1438/1886/1484 1412/1859/1458
f 1439/1887/1485 1431/1879/1477 1427/1875/1473
f 1440/1888/1486 1427/1875/1473 1432/1880/1478
f 1428/1876/1474 1436/1883/1481 1441/1889/1487
f 1442/1890/1488 1441/1889/1487 1436/1883/1481
f 921/1206/949 795/1037/817 1344/1761/1384
f 921/1206/949 1345/1763/1386 1444/1891/1489
f 1445/1892/1490 921/1206/949 1444/1891/1489
f 1446/1893/1491 918/1202/946 1445/1892/1490
f 1443/1894/1492 914/1196/942 1446/1893/1491
f 1444/1891/1489 1348/1765/1388 1447/1895/1493
f 1445/1892/1490 1444/1891/1489 1447/1895/1493
f 1448/1896/1494 1335/1771/1394 1434/1882/1480
f 1449/1897/1495 1354/1770/1393 1448/1896/1494
f 1449/1898/1495 1348/1765/1388 1355/1774/1395
f 1450/1899/1496 1434/1882/1480 1438/1886/1484
f 1451/1900/1497 1448/1896/1494 1450/1899/1496
f 1348/1765/1388 1449/1898/1495 1451/1901/1497
f 1435/1885/1483 1450/1899/1496 1438/1886/1484
f 1452/1902/1498 1451/1900/1497 1450/1899/1496
f 1447/1895/1493 1451/1901/1497 1453/1903/1499
f 1454/1904/1500 1452/1902/1498 1435/1885/1483
f 1455/1905/1501 1453/1906/1499 1452/1902/1498
f 1447/1895/1493 1453/1903/1499 1456/1907/1502
f 1457/1908/1503 1447/1895/1493 1456/1907/1502
f 1446/1893/1491 1457/1908/1503 1458/1909/1504
f 703/922/721 1705/1910/1505 657/813/628
f 1455/1905/1501 1454/1904/1500 1439/1887/1485
f 1440/1888/1486 1455/1905/1501 1439/1887/1485
f 1460/1911/1506 1459/1912/1507 1455/1905/1501
f 1457/1908/1503 1459/1913/1507 1461/1914/1508
f 1458/1909/1504 1461/1914/1508 1462/1915/1509
f 1463/1916/1510 919/1204/947 1443/1917/1492
f 1443/1894/1492 1462/1915/1511 1463/1918/1510
f 1464/1919/1512 1440/1920/1486 1428/1876/1474
f 1465/1921/1513 1440/1920/1486 1464/1919/1512
f 1466/1922/1514 1460/1923/1506 1465/1921/1513
f 1462/1915/1509 1466/1924/1515 1467/1925/1516
f 1705/1910/1505 836/1096/864 657/813/628
f 1468/1926/1517 1705/1910/1505 703/922/721
f 1469/1927/1518 919/1204/947 1463/1916/1510
f 1463/1918/1510 1467/1925/1519 1469/1928/1520
f 1470/1929/1521 1464/1919/1512 1441/1889/1487
f 1471/1930/1522 1465/1921/1513 1470/1929/1521
f 1442/1890/1488 1470/1929/1521 1441/1889/1487
f 1467/1925/1516 1471/1931/1522 1472/1932/1523
f 1442/1890/1488 1433/1881/1479 1473/1933/1524
f 1474/1934/1525 1442/1890/1488 1473/1933/1524
f 1475/1935/1526 1470/1929/1521 1474/1934/1525
f 1476/1936/1527 1468/1926/1517 919/1204/947
f 1477/1937/1528 919/1204/947 1469/1927/1518
f 1469/1928/1520 1475/1938/1529 1477/1939/1530
f 1312/1723/1351 1286/1690/1325 1478/1940/1531
f 1313/1724/1352 1478/1940/1531 1286/1690/1325
f 1315/1742/1367 1479/1941/1532 1314/1727/1355
f 1479/1942/1533 1481/1943/1534 1313/1724/1352
f 1480/1944/1535 1482/1945/1536 1479/1941/1532
f 1485/1946/1537 1482/1945/1536 1483/1947/1538
f 1486/1948/1539 1485/1946/1537 1487/1949/1540
f 1484/1950/1541 1488/1951/1542 1481/1943/1534
f 1486/1952/1539 1489/1953/1543 1484/1950/1541
f 1491/1954/1544 1486/1948/1539 1487/1949/1540
f 1492/1955/1545 1491/1956/1544 1493/1957/1546
f 1494/1958/1547 1493/1957/1546 1495/1959/1548
f 1489/1953/1543 1496/1960/1549 1488/1951/1542
f 1490/1961/1550 1497/1962/1551 1489/1953/1543
f 1492/1963/1545 1498/1964/1552 1490/1961/1550
f 1494/1965/1547 1499/1966/1553 1492/1963/1545
f 1312/1723/1351 1502/1967/1554 1503/1968/1555
f 1312/1723/1351 1501/1969/1556 1288/1692/1327
f 1496/1960/1549 1502/1967/1554 1478/1940/1531
f 1497/1962/1551 1504/1970/1557 1496/1960/1549
f 1498/1964/1552 1505/1971/1558 1497/1962/1551
f 1499/1966/1553 1505/1971/1558 1498/1964/1552
f 1500/1972/1559 1506/1973/1560 1499/1966/1553
f 1503/1974/1555 1508/1975/1561 1509/1976/1562
f 1503/1968/1555 1507/1977/1563 1501/1969/1556
f 1504/1970/1557 1508/1978/1561 1502/1967/1554
f 1511/1979/1564 1508/1980/1561 1510/1981/1565
f 1505/1971/1558 1510/1982/1566 1504/1970/1557
f 1513/1983/1567 1510/1981/1565 1512/1984/1568
f 1506/1973/1560 1512/1985/1569 1505/1971/1558
f 1325/1986/1570 1480/1944/1535 1315/1742/1367
f 1326/1748/1372 1514/1987/1571 1325/1986/1570
f 1514/1987/1571 1483/1947/1538 1480/1944/1535
f 1517/1988/1572 1483/1947/1538 1515/1989/1573
f 1518/1990/1574 1515/1989/1573 1516/1991/1575
f 1487/1949/1540 1517/1988/1572 1519/1992/1576
f 1519/1992/1576 1518/1990/1574 1520/1993/1577
f 1522/1994/1578 1487/1949/1540 1519/1992/1576
f 1523/1995/1579 1519/1992/1576 1520/1993/1577
f 1493/1957/1546 1522/1996/1578 1524/1997/1580
f 1495/1959/1548 1524/1997/1580 1526/1998/1581
f 1526/1998/1581 1524/1997/1580 1525/1999/1582
f 1162/1414/1123 1521/1728/1356 1169/1512/1208
f 1528/2000/1583 1495/1959/1548 1526/1998/1581
f 1529/2001/1584 1526/1998/1581 1527/2002/1585
f 1169/1512/1208 1530/2003/1586 1531/2004/1587
f 1521/1728/1356 1501/2005/1556 1532/2006/1588
f 1531/2004/1587 1533/2007/1589 1534/2008/1590
f 1531/2009/1587 1200/2010/1239 1181/2011/1219
f 1535/2012/1591 1200/2013/1239 1534/2014/1590
f 1536/2015/1592 1201/1560/1240 1535/2012/1591
f 1537/2016/1593 1202/1558/1241 1536/2015/1592
f 1532/2006/1588 1507/2017/1563 1538/2018/1594
f 1532/2019/1588 1533/2020/1589 1530/2021/1586
f 1539/2022/1595 1533/2023/1589 1538/2024/1594
f 1540/2025/1596 1534/2014/1590 1539/2022/1595
f 1541/2026/1597 1535/2012/1591 1540/2025/1596
f 1542/2027/1598 1507/2028/1563 1509/2029/1562
f 1543/2030/1599 1538/2024/1594 1542/2027/1598
f 1545/2031/1600 1539/2022/1595 1543/2030/1599
f 1541/2026/1597 1540/2025/1596 1545/2031/1600
f 1555/2032/1601 1537/2016/1593 1546/2033/1602
f 1544/2034/1603 1509/2029/1562 1511/1979/1564
f 1545/2031/1600 1542/2027/1598 1544/2034/1603
f 1544/2034/1603 1511/1979/1564 1513/1983/1567
f 1546/2033/1602 1544/2034/1603 1547/2035/1604
f 1549/2036/1605 1523/2037/1579 1548/2038/1606
f 1527/2002/1585 1525/1999/1582 1549/2036/1605
f 1529/2001/1584 1527/2002/1585 1553/2039/1607
f 1550/2040/1608 1516/1991/1575 1514/1987/1571
f 1551/2041/1609 1518/1990/1574 1516/1991/1575
f 1520/1993/1577 1518/1990/1574 1552/2042/1610
f 1552/2042/1610 1548/2043/1606 1520/1993/1577
f 1555/2032/1601 1204/1562/1243 1537/2016/1593
f 1333/1757/1380 1550/2040/1608 1326/1748/1372
f 1549/2036/1605 1548/2038/1606 1556/2044/1611
f 1560/2045/1612 1549/2036/1605 1559/2046/1613
f 1561/2047/1614 1553/2039/1607 1560/2045/1612
f 1340/2048/1615 1562/2049/1616 1333/1757/1380
f 1562/2049/1616 1551/2041/1609 1550/2040/1608
f 1563/2050/1617 1558/2051/1618 1551/2041/1609
f 1552/2042/1610 1558/2051/1618 1564/2052/1619
f 1564/2052/1619 1556/2053/1611 1552/2042/1610
f 1609/2054/1620 1555/2032/1601 1546/2033/1602
f 1609/2054/1620 1546/2033/1602 1557/2055/1621
f 1368/1793/1408 1367/1794/1409 1565/2056/1622
f 1372/1800/1414 1562/2049/1616 1340/2048/1615
f 1373/1801/1415 1566/2057/1623 1372/1800/1414
f 1567/2058/1624 1368/1793/1408 1565/2056/1622
f 1566/2057/1623 1563/2050/1617 1562/2049/1616
f 1567/2059/1624 1568/2060/1625 1566/2057/1623
f 1567/2058/1624 1565/2056/1622 1569/2061/1626
f 1568/2060/1625 1558/2051/1618 1563/2050/1617
f 1569/2062/1626 1570/2063/1627 1568/2060/1625
f 1569/2061/1626 1565/2056/1622 1571/2064/1628
f 1572/2065/1629 1558/2051/1618 1570/2063/1627
f 1573/2066/1630 1570/2063/1627 1571/2067/1628
f 1367/1794/1409 1371/1799/1413 1574/2068/1631
f 1565/2056/1622 1574/2068/1631 1575/2069/1632
f 1571/2064/1628 1575/2069/1632 1576/2070/1633
f 1572/2065/1629 1556/2053/1611 1564/2052/1619
f 1573/2066/1630 1577/2071/1634 1572/2065/1629
f 1573/2072/1630 1576/2070/1633 1578/2073/1635
f 1579/2074/1636 1556/2044/1611 1577/2075/1634
f 1580/2076/1637 1577/2075/1634 1578/2077/1635
f 1575/2069/1632 1574/2068/1631 1581/2078/1638
f 1576/2070/1633 1581/2078/1638 1582/2079/1639
f 1578/2073/1635 1582/2079/1639 1583/2080/1640
f 1579/2074/1636 1560/2045/1612 1559/2046/1613
f 1580/2081/1637 1583/2080/1640 1584/2082/1641
f 1585/2083/1642 1560/2045/1612 1579/2074/1636
f 1586/2084/1643 1579/2074/1636 1584/2085/1641
f 1587/2086/1644 1260/1632/1296 1267/2087/1304
f 1588/2088/1645 388/521/394 1587/2086/1644
f 1589/2089/1646 1371/1799/1413 1588/2088/1645
f 1590/2090/1647 1574/2068/1631 1589/2089/1646
f 1582/2079/1639 1590/2090/1647 1591/2091/1648
f 1583/2080/1640 1591/2091/1648 1592/2092/1649
f 1584/2082/1641 1592/2092/1649 1593/2093/1650
f 1586/2094/1651 1593/2093/1650 1594/2095/1652
f 1555/2032/1601 1282/1680/1320 1235/1679/1319
f 1595/2096/1653 1283/1682/1321 1282/1680/1320
f 1596/2097/1654 1284/2098/1322 1283/1682/1321
f 1597/2099/1655 1285/2100/1323 1284/2098/1322
f 1267/2101/1304 1285/2102/1323 1598/2103/1656
f 1599/2104/1657 1267/2105/1304 1598/2106/1656
f 1555/2032/1601 1596/2097/1654 1595/2096/1653
f 1600/2107/1658 1597/2099/1655 1596/2097/1654
f 1601/2108/1659 1598/2109/1656 1597/2099/1655
f 1602/2110/1660 1599/2111/1657 1598/2109/1656
f 1587/2086/1644 1599/2112/1657 1603/2113/1661
f 1604/2114/1662 1587/2115/1644 1603/2116/1661
f 1609/2054/1620 1600/2107/1658 1555/2032/1601
f 1609/2054/1620 1601/2108/1659 1600/2107/1658
f 1605/2117/1663 1602/2110/1660 1601/2108/1659
f 1606/2118/1664 1603/2119/1661 1602/2110/1660
f 1607/2120/1665 1604/2121/1662 1603/2119/1661
f 1589/2089/1646 1604/2122/1662 1608/2123/1666
f 1609/2054/1620 1606/2118/1664 1605/2117/1663
f 1610/2124/1667 1607/2120/1665 1606/2118/1664
f 1611/2125/1668 1608/2126/1666 1607/2120/1665
f 1612/2127/1669 1589/2089/1646 1608/2123/1666
f 1613/2128/1670 1612/2129/1669 1611/2125/1668
f 1614/2130/1671 1590/2090/1647 1612/2127/1669
f 1594/2095/1672 1614/2130/1671 1615/2131/1673
f 1617/2132/1674 1406/1850/1449 1616/2133/1675
f 1621/2134/1676 1618/2135/1677 1619/2136/1678
f 1621/2134/1676 1616/2133/1675 1620/2137/1679
f 1622/2138/1680 1616/2139/1681 1404/1852/1451
f 1619/2136/1678 1624/2140/1682 1625/2141/1683
f 1626/2142/1684 1618/2143/1677 1620/2144/1679
f 1627/2145/1685 1622/2146/1686 1405/1871/1469
f 1630/2147/1687 1629/2148/1688 1631/2149/1689
f 1633/2150/1690 1630/2147/1687 1631/2149/1689
f 1633/2151/1690 1624/2152/1682 1632/2153/1691
f 1633/2154/1690 1623/2155/1692 1625/2156/1683
f 1634/2157/1693 1624/2152/1682 1626/2142/1684
f 1635/2158/1694 1626/2142/1684 1622/2138/1680
f 1636/2159/1695 1495/1959/1548 1637/2160/1696
f 1639/2161/1697 1636/2159/1695 1637/2160/1696
f 1641/2162/1698 1638/2163/1699 1639/2161/1697
f 1641/2162/1698 1628/2164/1700 1640/2165/1701
f 1642/2166/1702 1628/2167/1700 1630/2168/1687
f 1643/2169/1703 1630/2168/1687 1632/2153/1691
f 1644/2170/1704 1632/2153/1691 1634/2157/1693
f 1645/2171/1705 1635/2172/1706 1627/2145/1685
f 1636/2173/1695 1506/1973/1560 1500/1972/1559
f 1638/2174/1699 1506/1973/1560 1636/2173/1695
f 1646/2175/1707 1638/2174/1699 1640/2176/1701
f 1647/2177/1708 1640/2176/1701 1642/2166/1702
f 1648/2178/1709 1642/2166/1702 1643/2169/1703
f 1649/2179/1710 1643/2169/1703 1644/2170/1704
f 1650/2180/1711 1644/2170/1704 1635/2158/1694
f 1651/2181/1712 1635/2172/1706 1645/2171/1705
f 1652/2182/1713 1513/1983/1567 1512/1984/1568
f 1646/2175/1714 1652/2183/1715 1506/1973/1560
f 1652/2183/1715 1646/2175/1714 1647/2177/1708
f 1652/2183/1715 1647/2177/1708 1648/2178/1709
f 1654/2184/1716 1648/2178/1709 1649/2179/1710
f 1654/2185/1717 1653/2186/1718 1652/2182/1713
f 1656/2187/1719 1649/2179/1710 1650/2180/1711
f 1656/2188/1720 1655/2189/1721 1654/2185/1717
f 1651/2181/1712 1656/2190/1722 1650/2191/1723
f 1658/2192/1724 1407/1851/1450 1617/2132/1674
f 1425/1873/1471 1658/2192/1724 1659/2193/1725
f 1621/2134/1676 1660/2194/1726 1662/2195/1727
f 1662/2195/1727 1617/2132/1674 1621/2134/1676
f 1662/2195/1727 1660/2194/1726 1663/2196/1728
f 1663/2196/1728 1658/2192/1724 1662/2195/1727
f 1663/2196/1728 1660/2194/1726 1661/2197/1729
f 1666/2198/1730 1623/2199/1692 1665/2200/1731
f 1666/2201/1730 1619/2136/1678 1625/2141/1683
f 1666/2198/1730 1665/2200/1731 1667/2202/1732
f 1661/2197/1729 1666/2201/1730 1667/2203/1732
f 1670/2204/1733 1629/2148/1688 1668/2205/1734
f 1670/2204/1733 1623/2199/1692 1631/2149/1689
f 1670/2204/1733 1669/2206/1735 1671/2207/1736
f 1665/2200/1731 1670/2204/1733 1671/2207/1736
f 1672/2208/1737 1665/2200/1731 1671/2207/1736
f 1673/2209/1738 1409/1855/1454 1664/2210/1739
f 1637/2160/1696 1528/2000/1583 1674/2211/1740
f 1674/2211/1740 1528/2000/1583 1675/2212/1741
f 1675/2212/1741 1528/2000/1583 1529/2001/1584
f 1676/2213/1742 1637/2160/1696 1674/2211/1740
f 1677/2214/1743 1674/2211/1740 1675/2212/1741
f 1678/2215/1744 1639/2161/1697 1676/2213/1742
f 1668/2205/1734 1641/2162/1698 1678/2215/1744
f 1678/2215/1744 1676/2213/1742 1677/2214/1743
f 1678/2215/1744 1677/2214/1743 1679/2216/1745
f 1679/2216/1745 1668/2205/1734 1678/2215/1744
f 1680/2217/1746 1627/2145/1685 1409/1855/1454
f 1681/2218/1747 1409/1855/1454 1673/2209/1738
f 1682/2219/1748 1645/2171/1705 1680/2217/1746
f 1682/2219/1748 1680/2217/1746 1681/2218/1747
f 1653/2186/1718 1547/2035/1604 1513/1983/1567
f 1655/2189/1721 1683/2220/1749 1653/2186/1718
f 1685/2221/1750 1683/2220/1749 1684/2222/1751
f 1657/2223/1752 1684/2222/1751 1655/2189/1721
f 1686/2224/1753 1651/2181/1712 1682/2219/1748
f 1677/2214/1743 1675/2212/1741 1687/2225/1754
f 1689/2226/1755 1547/2035/1604 1683/2220/1749
f 1690/2227/1756 1685/2221/1750 1686/2228/1753
f 1688/2229/1757 1690/2230/1756 1682/2219/1748
f 1430/1878/1476 1659/2193/1725 1691/2231/1758
f 1663/2196/1728 1661/2197/1729 1692/2232/1759
f 1691/2231/1758 1663/2196/1728 1693/2233/1760
f 1692/2232/1759 1667/2203/1732 1694/2234/1761
f 1671/2207/1736 1669/2206/1735 1696/2235/1762
f 1687/2225/1754 1529/2001/1584 1554/2236/1763
f 1679/2216/1745 1697/2237/1764 1698/2238/1765
f 1698/2238/1765 1669/2206/1735 1679/2216/1745
f 1699/2239/1766 1688/2229/1757 1681/2218/1747
f 1700/2240/1767 1699/2239/1766 1673/2209/1738
f 1702/2241/1768 1689/2226/1755 1685/2221/1750
f 1701/2242/1769 1690/2230/1756 1688/2229/1757
f 1703/2243/1770 1702/2241/1768 1690/2227/1756
f 1433/1881/1479 1691/2231/1758 1704/2244/1771
f 1696/2235/1762 1695/2245/1772 1706/2246/1773
f 1694/2234/1761 1672/2247/1737 1707/2248/1774
f 1707/2249/1774 1696/2235/1762 1706/2246/1773
f 1705/1910/1505 1700/2240/1767 1664/2210/1739
f 1687/2225/1754 1561/2047/1614 1708/2250/1775
f 1697/2237/1764 1708/2250/1775 1709/2251/1776
f 1757/2252/1777 1557/2055/1621 1547/2035/1604
f 1704/2244/1771 1693/2233/1760 1711/2253/1778
f 1711/2253/1778 1692/2232/1759 1710/2254/1779
f 1698/2238/1765 1709/2251/1776 1713/2255/1780
f 1713/2255/1780 1695/2245/1772 1698/2238/1765
f 1714/2256/1781 1701/2242/1769 1699/2239/1766
f 1716/2257/1782 1757/2252/1777 1689/2226/1755
f 1717/2258/1783 1716/2257/1782 1702/2241/1768
f 1718/2259/1784 1702/2241/1768 1703/2243/1770
f 1715/2260/1785 1718/2261/1784 1701/2242/1769
f 1474/1934/1525 1704/2244/1771 1719/2262/1786
f 1475/1935/1526 1719/2262/1786 1720/2263/1787
f 1711/2253/1778 1721/2264/1788 1723/2265/1789
f 1719/2262/1786 1711/2253/1778 1723/2265/1789
f 1723/2265/1789 1722/2266/1790 1724/2267/1791
f 1720/2263/1787 1723/2265/1789 1724/2267/1791
f 1725/2268/1792 1720/2269/1793 1724/2270/1794
f 1726/2271/1795 1710/2254/1779 1694/2234/1761
f 1721/2264/1788 1726/2271/1795 1727/2272/1796
f 1722/2266/1790 1727/2272/1796 1728/2273/1797
f 1729/2274/1798 1722/2275/1790 1728/2276/1799
f 1725/2268/1792 1724/2270/1794 1729/2274/1800
f 1707/2249/1774 1706/2246/1773 1733/2277/1801
f 1733/2278/1801 1694/2234/1761 1707/2248/1774
f 1733/2277/1801 1731/2279/1802 1734/2280/1803
f 1727/2272/1796 1733/2278/1801 1734/2281/1803
f 1734/2280/1803 1732/2282/1804 1735/2283/1805
f 1728/2273/1797 1734/2281/1803 1735/2284/1805
f 1736/2285/1806 1728/2276/1799 1735/2286/1805
f 1468/1926/1517 1700/2240/1767 1705/1910/1505
f 1725/2287/1807 1737/2288/1808 1476/1936/1527
f 1738/2289/1809 1729/2274/1800 1736/2285/1810
f 1739/2290/1811 1561/2047/1614 1585/2083/1642
f 1740/2291/1812 1585/2083/1642 1586/2084/1643
f 1742/2292/1813 1708/2250/1775 1739/2290/1811
f 1743/2293/1814 1739/2290/1811 1740/2291/1812
f 1744/2294/1815 1709/2251/1776 1741/2295/1816
f 1745/2296/1817 1741/2295/1816 1742/2292/1813
f 1745/2296/1817 1743/2293/1814 1746/2297/1818
f 1712/2298/1819 1744/2294/1815 1747/2299/1820
f 1730/2300/1821 1712/2298/1819 1747/2299/1820
f 1747/2299/1820 1745/2296/1817 1731/2279/1802
f 1731/2279/1802 1746/2297/1818 1748/2301/1822
f 1732/2302/1804 1731/2303/1802 1748/2304/1822
f 1749/2305/1823 1732/2306/1804 1748/2307/1822
f 1750/2308/1824 1735/2286/1805 1749/2305/1823
f 1468/1926/1517 1714/2256/1781 1700/2240/1767
f 1737/2288/1808 1714/2256/1781 1468/1926/1517
f 1738/2289/1809 1736/2285/1810 1750/2308/1824
f 1751/2309/1825 1740/2310/1826 1594/2095/1652
f 1752/2311/1827 1746/2312/1828 1751/2309/1825
f 1749/2305/1823 1752/2311/1827 1753/2313/1829
f 1754/2314/1830 1749/2305/1823 1753/2313/1829
f 1755/2315/1831 1714/2256/1781 1737/2288/1808
f 1756/2316/1832 1737/2288/1808 1738/2317/1809
f 1756/2318/1832 1750/2308/1824 1754/2314/1830
f 1557/2055/1621 1610/2124/1667 1609/2054/1620
f 1757/2252/1777 1613/2128/1670 1610/2124/1667
f 1758/2319/1833 1615/2320/1673 1613/2128/1670
f 1759/2321/1834 1751/2309/1835 1615/2131/1673
f 1716/2257/1782 1758/2319/1833 1757/2252/1777
f 1760/2322/1836 1716/2257/1782 1717/2258/1783
f 1761/2323/1837 1758/2319/1833 1760/2322/1836
f 1761/2324/1837 1753/2313/1829 1759/2321/1834
f 1762/2325/1838 1717/2258/1783 1718/2259/1784
f 1762/2326/1838 1715/2260/1785 1755/2315/1831
f 1763/2327/1839 1760/2322/1836 1762/2325/1838
f 1763/2328/1839 1755/2315/1831 1756/2316/1832
f 1763/2329/1839 1754/2314/1830 1761/2324/1837
f 7/2/2 11/9/9 6/2330/15
f 12/1/1 8/3/3 9/53/46
f 14/4/4 3/11/10 2/5/5
f 15/10/7 14/4/4 10/26/8
f 15/7/7 4/12/11 3/182/10
f 15/7/7 11/9/9 7/2/2
f 1/13/12 4/12/11 7/2/2
f 20/15/14 7/21/2 6/16/15
f 8/2331/3 20/2332/14 16/2333/17
f 21/22/19 8/3/3 17/23/18
f 21/22/19 9/53/46 8/3/3
f 23/25/21 11/28/9 10/26/8
f 23/25/21 19/17/16 6/16/15
f 24/29/23 14/4/4 13/6/6
f 24/29/23 22/27/22 10/26/8
f 29/30/24 17/20/18 16/19/17
f 18/32/20 29/30/24 25/33/26
f 30/35/28 18/32/20 26/34/27
f 32/37/30 20/15/14 19/17/16
f 32/37/30 28/31/25 16/19/17
f 33/39/32 23/25/21 22/27/22
f 33/39/32 31/38/31 19/17/16
f 34/40/33 33/39/32 22/27/22
f 36/41/34 26/34/27 25/33/26
f 37/43/36 27/36/29 26/34/27
f 39/44/37 29/30/24 28/31/25
f 39/44/37 35/42/35 25/33/26
f 40/46/39 32/37/30 31/38/31
f 40/46/39 38/45/38 28/31/25
f 41/47/40 40/46/39 31/38/31
f 34/40/33 41/47/40 33/39/32
f 43/49/42 12/1/1 9/53/46
f 42/48/41 1/13/12 43/49/42
f 30/35/28 27/36/29 44/50/43
f 44/50/43 27/36/29 46/52/45
f 47/61/53 5/14/13 42/48/41
f 48/54/47 9/53/46 21/22/19
f 45/51/44 49/59/48 18/32/20
f 51/57/50 21/22/19 49/55/48
f 45/51/44 44/50/43 52/58/51
f 50/56/49 53/407/312 54/60/52
f 47/61/53 42/48/41 55/69/61
f 47/61/53 55/69/61 56/62/54
f 58/63/55 56/62/54 57/64/56
f 43/49/42 48/54/47 61/66/58
f 64/67/59 61/66/58 62/68/60
f 55/70/61 62/85/60 63/71/62
f 66/74/64 57/76/56 56/73/54
f 67/2334/65 59/2335/57 57/2336/56
f 60/223/178 59/2337/57 67/2338/65
f 51/57/50 49/55/48 68/2339/66
f 71/79/67 68/78/66 69/81/68
f 61/82/58 69/81/68 70/83/69
f 73/86/71 63/71/62 62/85/60
f 74/87/72 65/72/63 63/71/62
f 66/74/64 65/72/63 74/87/72
f 75/96/73 67/75/65 66/74/64
f 49/59/48 52/58/51 76/91/74
f 68/78/66 76/91/74 77/92/75
f 79/94/77 70/83/69 69/81/68
f 80/95/78 72/84/70 70/83/69
f 73/86/71 72/84/70 80/95/78
f 75/96/73 74/87/72 73/86/71
f 52/58/51 54/60/52 81/97/79
f 83/99/81 77/92/75 76/91/74
f 84/100/82 78/93/76 77/92/75
f 79/94/77 78/93/76 84/100/82
f 85/101/83 80/95/78 79/94/77
f 91/102/84 90/109/91 86/103/85
f 94/105/87 93/112/94 88/106/88
f 95/108/90 94/105/87 89/107/89
f 95/108/90 90/109/91 91/102/84
f 98/110/92 97/116/98 92/111/93
f 99/113/95 98/110/92 93/112/94
f 102/114/96 101/139/114 96/115/97
f 103/117/99 102/114/96 97/116/98
f 86/103/85 108/125/106 105/118/100
f 110/126/102 89/107/89 88/106/88
f 111/2340/104 110/120/102 107/150/105
f 111/123/104 90/109/91 89/107/89
f 111/123/104 108/125/106 86/103/85
f 113/130/107 93/112/94 92/111/93
f 113/127/107 109/122/103 88/121/88
f 115/134/109 97/116/98 96/115/97
f 115/153/109 112/152/108 92/2341/93
f 117/138/111 101/139/114 100/575/112
f 117/156/111 114/155/110 96/2342/97
f 120/140/115 106/2343/101 105/141/100
f 120/140/115 118/158/123 104/184/117
f 121/160/118 108/2344/106 107/150/105
f 121/160/118 119/142/116 105/141/100
f 122/149/119 110/120/102 109/122/103
f 122/149/119 121/160/118 107/150/105
f 123/162/126 113/127/107 112/129/108
f 113/127/107 123/162/126 122/149/119
f 124/164/120 115/131/109 114/133/110
f 124/164/120 123/162/126 112/129/108
f 125/165/121 117/135/111 116/137/113
f 125/165/121 124/164/120 114/133/110
f 127/157/122 120/140/115 119/142/116
f 127/157/122 126/187/143 118/158/123
f 128/159/124 127/157/122 119/142/116
f 129/161/125 128/159/124 121/160/118
f 130/163/127 129/161/125 123/162/126
f 137/167/129 136/175/136 132/168/130
f 138/170/132 137/167/129 133/169/131
f 139/173/135 106/119/101 104/174/117
f 139/173/135 136/175/136 137/167/129
f 86/103/85 106/119/101 139/173/135
f 87/104/86 139/173/135 140/176/137
f 143/2345/139 133/169/131 132/168/130
f 133/169/131 143/2345/139 2/181/5
f 134/171/133 133/169/131 3/182/10
f 144/183/141 136/2346/136 104/184/117
f 144/183/141 142/180/140 132/179/130
f 145/186/142 143/178/139 142/180/140
f 145/186/142 13/6/6 2/5/5
f 126/187/143 144/183/141 118/158/123
f 126/187/143 145/186/142 142/180/140
f 146/188/144 24/29/23 13/6/6
f 126/187/143 127/157/122 146/188/144
f 148/189/145 91/102/84 131/166/128
f 149/191/147 95/108/90 148/189/145
f 151/193/149 138/170/132 135/172/134
f 152/195/151 140/176/137 151/193/149
f 154/194/150 141/177/138 140/176/137
f 147/190/146 131/166/128 154/194/150
f 153/196/152 134/171/133 5/14/13
f 155/197/153 148/189/145 147/190/146
f 149/191/147 148/189/145 155/197/153
f 99/113/95 149/191/147 156/198/154
f 158/200/156 147/190/146 157/199/155
f 150/192/148 99/113/95 159/201/157
f 161/202/158 151/193/149 135/172/134
f 162/204/160 152/195/151 151/193/149
f 157/199/155 154/194/150 162/204/160
f 160/203/159 135/172/134 153/196/152
f 158/200/156 157/199/155 163/205/161
f 165/206/162 163/205/161 164/207/163
f 155/197/153 158/200/156 165/206/162
f 155/197/153 165/206/162 166/208/164
f 156/198/154 155/197/153 167/209/165
f 161/202/158 160/203/159 168/210/166
f 171/211/167 168/210/166 169/212/168
f 172/213/169 169/212/168 170/214/170
f 162/204/160 161/202/158 171/211/167
f 162/204/160 171/211/167 172/213/169
f 175/216/172 172/213/169 173/215/171
f 176/217/173 163/205/161 157/199/155
f 176/217/173 173/215/171 174/218/174
f 177/266/175 164/265/163 163/2347/161
f 153/196/152 47/61/53 58/63/55
f 178/220/176 58/63/55 59/65/57
f 179/221/177 168/210/166 160/203/159
f 179/222/177 59/2337/57 60/223/178
f 180/228/179 169/227/168 168/2348/166
f 181/226/180 170/2349/170 169/227/168
f 182/229/181 173/2350/171 170/230/170
f 174/2351/174 173/2352/171 182/2353/181
f 183/232/182 177/2354/175 174/233/174
f 184/235/183 180/2355/179 60/236/178
f 181/226/180 180/228/179 184/2356/183
f 185/2357/184 182/2358/181 181/2359/180
f 186/241/185 183/232/182 182/234/181
f 187/2360/186 184/2361/183 67/2362/65
f 185/238/184 184/240/183 187/242/186
f 166/208/164 164/207/163 188/245/187
f 167/209/165 166/208/164 189/246/188
f 191/247/189 189/246/188 190/248/190
f 156/198/154 167/209/165 191/247/189
f 194/250/192 191/247/189 192/249/191
f 195/251/193 192/249/191 193/252/194
f 159/201/157 156/198/154 194/250/192
f 198/254/196 194/250/192 195/251/193
f 199/255/197 195/251/193 196/253/195
f 200/256/198 196/253/195 197/257/199
f 150/192/148 159/201/157 198/254/196
f 150/192/148 198/254/196 199/255/197
f 203/259/201 199/255/197 200/256/198
f 204/260/202 200/256/198 201/258/200
f 205/261/203 201/258/200 202/262/204
f 208/264/206 188/2363/187 164/265/163
f 209/267/207 189/2364/188 188/268/187
f 190/270/190 189/2365/188 209/271/207
f 211/273/209 192/2366/191 190/274/190
f 193/276/194 192/2367/191 211/277/209
f 213/279/211 196/2368/195 193/280/194
f 197/282/199 196/2369/195 213/283/211
f 215/285/213 201/2370/200 197/286/199
f 202/288/204 201/2371/200 215/289/213
f 217/291/215 206/2372/205 202/292/204
f 207/294/216 206/2373/205 217/295/215
f 208/264/206 177/266/175 183/298/182
f 219/2374/218 209/267/207 208/269/206
f 210/272/208 209/271/207 219/2375/218
f 220/299/219 211/273/209 210/275/208
f 212/278/210 211/277/209 220/2376/219
f 221/301/220 213/279/211 212/281/210
f 214/284/212 213/283/211 221/2377/220
f 222/302/221 215/285/213 214/287/212
f 216/290/214 215/289/213 222/2378/221
f 223/303/222 217/291/215 216/293/214
f 218/296/217 217/295/215 223/2379/222
f 219/300/218 183/232/182 186/241/185
f 223/303/222 221/301/220 220/299/219
f 223/303/222 222/302/221 221/301/220
f 362/307/225 223/303/222 220/299/219
f 36/41/34 35/42/35 228/308/226
f 37/43/36 229/309/227 226/310/228
f 39/44/37 38/45/38 230/312/230
f 233/313/231 228/308/226 35/42/35
f 232/314/232 227/311/229 226/310/228
f 234/316/234 229/309/227 228/308/226
f 234/316/234 231/315/233 226/310/228
f 232/314/232 231/315/233 236/317/235
f 238/319/237 234/316/234 233/313/231
f 238/319/237 236/317/235 231/315/233
f 230/312/230 41/47/40 242/320/238
f 236/317/235 237/325/243 235/318/236
f 243/324/242 236/317/235 238/319/237
f 244/333/249 240/321/239 241/323/241
f 242/320/238 245/339/253 237/325/243
f 239/322/240 240/321/239 248/330/246
f 249/344/247 247/327/244 239/326/240
f 240/321/239 244/333/249 250/332/248
f 244/333/249 241/323/241 251/334/250
f 242/320/238 246/329/245 252/2380/251
f 246/328/245 247/327/244 254/340/254
f 255/341/255 252/336/251 246/328/245
f 249/331/247 248/330/246 256/342/256
f 249/344/247 257/366/257 254/340/254
f 248/330/246 250/332/248 260/345/258
f 248/2381/246 261/2382/259 256/2383/256
f 262/347/260 257/351/262 256/348/256
f 262/347/260 263/352/263 258/350/261
f 263/352/263 264/361/270 259/353/264
f 250/332/248 251/334/250 265/354/265
f 250/332/248 266/355/266 260/345/258
f 267/356/267 261/349/259 260/357/258
f 268/359/268 262/347/260 261/349/259
f 268/359/268 269/360/269 263/352/263
f 251/334/250 241/323/241 270/377/285
f 251/334/250 270/377/285 265/354/265
f 253/337/252 252/336/251 271/364/273
f 255/341/255 254/340/254 272/362/271
f 255/341/255 273/363/272 271/364/273
f 275/365/274 272/362/271 254/340/254
f 276/367/275 273/371/280 272/368/276
f 258/350/261 276/367/275 275/369/277
f 276/2384/275 277/401/307 274/403/279
f 259/353/264 277/2385/307 276/367/275
f 266/355/266 265/354/265 278/372/281
f 267/2386/267 266/355/266 279/373/282
f 268/359/268 267/356/267 280/375/283
f 269/360/269 268/359/268 281/376/284
f 270/377/285 282/379/287 278/372/281
f 283/378/286 279/373/282 278/372/281
f 284/380/288 280/382/283 279/373/282
f 286/383/289 37/43/36 227/311/229
f 286/383/289 46/52/45 37/43/36
f 287/385/291 285/384/290 227/311/229
f 292/388/294 287/385/291 289/387/293
f 292/388/294 288/386/292 287/385/291
f 292/388/294 290/389/295 291/409/314
f 293/390/296 290/389/295 289/387/293
f 293/390/296 291/409/314 290/389/295
f 294/391/297 289/387/293 237/325/243
f 293/390/296 289/387/293 294/391/297
f 294/391/297 237/325/243 245/339/253
f 295/392/298 294/391/297 296/393/299
f 264/361/270 300/406/311 259/353/264
f 297/394/300 296/393/299 302/398/304
f 299/396/302 297/394/300 303/399/305
f 277/401/307 307/416/310 306/404/309
f 259/353/264 307/405/310 277/2385/307
f 281/376/284 301/397/303 269/360/269
f 286/383/289 50/56/49 46/52/45
f 53/407/312 285/384/290 308/419/323
f 309/408/313 308/419/323 285/384/290
f 319/410/315 309/408/313 288/386/292
f 311/412/317 310/411/316 293/390/296
f 311/412/317 295/392/298 298/395/301
f 312/413/318 298/395/301 299/396/302
f 301/397/303 313/414/319 264/361/270
f 284/380/288 316/449/351 281/381/284
f 318/420/324 54/60/52 53/407/312
f 309/408/313 319/410/315 320/421/325
f 317/418/322 320/421/325 321/422/326
f 324/425/329 320/421/325 319/410/315
f 321/422/326 320/421/325 324/425/329
f 325/462/359 322/423/327 321/422/326
f 326/426/330 323/424/328 291/409/314
f 327/427/331 324/425/329 323/424/328
f 328/428/332 321/422/326 324/425/329
f 329/429/333 325/462/359 321/422/326
f 330/430/334 326/426/330 310/411/316
f 331/431/335 327/427/331 326/426/330
f 332/435/339 329/429/333 328/428/332
f 333/432/336 330/430/334 311/412/317
f 334/433/337 331/431/335 330/430/334
f 335/434/338 328/428/332 331/431/335
f 337/443/347 332/435/339 335/434/338
f 313/414/319 338/438/342 300/406/311
f 336/436/340 299/396/302 314/415/320
f 341/440/344 333/432/336 336/436/340
f 342/441/345 334/433/337 333/432/336
f 343/442/346 335/434/338 334/433/337
f 307/416/310 345/446/348 315/417/321
f 300/406/311 345/444/348 307/405/310
f 346/445/349 344/510/385 315/417/321
f 346/447/349 345/444/348 338/438/342
f 281/376/284 340/439/343 301/397/303
f 81/97/79 54/60/52 318/420/324
f 349/452/353 82/98/80 81/97/79
f 83/99/81 82/98/80 349/452/353
f 350/456/354 84/100/82 83/99/81
f 351/457/355 348/451/352 318/420/324
f 352/458/356 349/452/353 348/451/352
f 353/459/357 85/2387/83 350/2388/354
f 75/244/73 85/2387/83 353/459/357
f 356/460/358 187/242/186 75/244/73
f 351/457/355 322/423/327 325/462/359
f 353/461/357 352/458/356 351/457/355
f 354/466/360 353/461/357 325/462/359
f 355/467/361 353/459/357 354/469/360
f 357/470/363 354/469/360 332/479/339
f 358/468/362 355/467/361 354/469/360
f 361/2389/366 356/460/358 355/467/361
f 363/478/367 357/470/363 332/479/339
f 364/481/368 358/468/362 357/470/363
f 366/485/370 367/493/372 365/486/369
f 359/471/364 358/468/362 365/488/369
f 368/490/373 360/472/365 359/474/364
f 369/492/374 366/485/370 339/437/341
f 369/492/374 370/494/375 367/493/372
f 370/494/375 371/502/376 368/495/373
f 372/499/377 361/475/366 360/472/365
f 340/439/343 369/492/374 313/414/319
f 340/439/343 373/501/378 370/494/375
f 373/501/378 374/503/379 371/502/376
f 376/506/381 362/476/225 361/475/366
f 377/508/383 363/478/367 337/480/347
f 378/507/382 364/481/368 363/478/367
f 379/2390/384 378/2391/386 344/2392/385
f 379/511/384 346/447/349 339/437/341
f 379/512/384 366/2393/370 364/481/371
f 373/501/378 340/439/343 347/448/350
f 374/503/379 373/501/378 347/448/350
f 381/515/388 372/499/377 374/513/379
f 375/505/380 372/499/377 381/515/388
f 316/449/351 383/517/390 381/515/388
f 383/517/390 384/518/391 382/516/389
f 376/506/381 375/505/380 382/516/389
f 34/40/33 130/163/127 241/323/241
f 34/40/33 241/323/241 41/47/40
f 385/519/392 241/323/241 130/163/127
f 362/307/225 187/242/186 356/460/358
f 387/2394/1124 362/2395/225 376/2396/381
f 394/523/396 393/527/400 391/524/397
f 396/719/550 393/527/400 395/526/399
f 399/2397/401 392/525/398 391/524/397
f 399/528/401 397/539/410 390/531/403
f 400/533/404 398/530/402 391/529/397
f 401/542/413 400/533/404 393/534/405
f 402/535/406 401/542/413 393/534/405
f 399/528/401 398/530/402 404/537/408
f 405/538/409 403/545/416 397/539/410
f 406/540/411 404/537/408 398/530/402
f 407/541/412 406/540/411 400/533/404
f 408/549/420 407/541/412 401/542/413
f 409/543/414 408/549/420 401/542/413
f 410/555/424 409/543/414 402/535/406
f 413/544/415 412/1693/453 403/545/416
f 415/547/418 414/546/417 406/540/411
f 416/548/419 415/547/418 407/541/412
f 418/550/421 416/548/419 408/549/420
f 418/551/421 419/557/425 417/552/422
f 420/554/423 418/550/421 409/543/414
f 420/556/423 421/611/458 419/557/425
f 411/558/426 421/611/458 420/556/423
f 413/544/415 404/537/408 422/929/728
f 423/560/427 422/929/728 404/537/408
f 424/561/428 423/560/427 414/546/417
f 426/562/429 424/561/428 415/547/418
f 426/565/429 427/616/463 425/568/430
f 417/564/422 427/616/463 426/565/429
f 425/568/430 429/572/433 428/569/431
f 429/572/433 431/622/467 430/573/434
f 434/574/435 433/579/439 100/575/112
f 435/576/436 434/574/435 101/139/114
f 439/581/441 435/576/436 103/117/99
f 437/577/437 436/584/443 432/578/438
f 438/580/440 437/577/437 433/579/439
f 439/581/441 438/580/440 434/574/435
f 440/582/442 392/525/398 390/583/403
f 441/585/444 440/582/442 436/584/443
f 442/586/445 394/523/396 392/525/398
f 443/587/446 442/586/445 440/582/442
f 443/587/446 441/585/444 439/581/441
f 442/586/445 395/526/399 394/523/396
f 447/593/449 433/579/439 432/578/438
f 447/600/449 116/599/113 100/2398/112
f 448/597/451 436/584/443 390/583/403
f 448/603/451 446/602/450 432/2399/438
f 449/604/452 447/590/449 446/592/450
f 449/604/452 125/165/121 116/137/113
f 403/2400/416 448/594/451 397/596/410
f 403/605/416 449/604/452 446/592/450
f 419/557/425 454/609/456 452/607/454
f 421/611/458 456/614/461 454/609/456
f 450/612/459 456/614/461 421/611/458
f 450/612/459 462/613/460 456/614/461
f 462/613/460 455/608/455 454/609/456
f 427/616/463 458/2401/1840 457/617/464
f 452/618/454 458/2401/1840 427/616/463
f 458/2401/1840 459/619/465 457/617/464
f 452/618/454 459/619/465 458/2401/1840
f 457/617/464 460/621/466 429/572/433
f 1521/1728/1356 130/163/127 412/606/453
f 460/621/466 461/625/470 431/622/467
f 464/624/469 460/621/466 457/617/464
f 465/632/477 461/625/470 464/624/469
f 439/581/441 103/117/99 150/192/148
f 451/615/462 466/627/472 462/613/460
f 466/627/472 468/628/473 455/608/455
f 459/619/465 470/629/474 463/623/468
f 453/620/457 470/629/474 459/619/465
f 471/631/476 464/624/469 463/623/468
f 472/985/775 465/632/477 471/631/476
f 443/587/446 439/581/441 486/638/483
f 445/589/448 443/587/446 486/638/483
f 468/628/473 473/640/478 453/610/457
f 476/636/481 471/631/476 469/630/475
f 477/637/482 472/985/775 471/631/476
f 466/627/472 478/639/484 468/628/473
f 470/629/474 479/697/534 475/635/480
f 479/697/534 470/629/474 473/633/478
f 480/715/547 477/637/482 476/636/481
f 150/192/148 203/259/201 204/260/202
f 481/641/485 204/260/202 205/261/203
f 482/642/486 205/261/203 206/263/205
f 483/643/487 206/263/205 207/644/216
f 486/638/483 481/641/485 482/642/486
f 487/646/489 482/642/486 483/643/487
f 488/647/490 483/643/487 484/645/488
f 489/648/491 484/645/488 485/649/492
f 486/638/483 487/646/489 488/647/490
f 492/651/494 488/647/490 489/648/491
f 493/652/495 489/648/491 490/650/493
f 494/653/496 490/650/493 491/654/497
f 496/656/499 493/652/495 494/653/496
f 497/657/500 494/653/496 495/655/498
f 445/589/448 486/638/483 492/651/494
f 500/660/503 445/589/448 492/651/494
f 497/657/500 500/660/503 496/656/499
f 501/661/504 484/2402/488 207/662/216
f 485/2403/492 484/2404/488 501/2405/504
f 503/665/506 490/2406/493 485/663/492
f 491/2407/497 490/2408/493 503/2409/506
f 505/668/508 495/2410/498 491/666/497
f 498/669/501 495/2410/498 505/668/508
f 508/672/511 499/674/502 498/669/501
f 224/305/223 501/661/504 218/304/217
f 502/2411/505 501/2412/504 224/2413/223
f 225/306/224 503/665/506 502/664/505
f 504/667/507 503/665/506 225/306/224
f 505/668/508 504/667/507 510/675/513
f 506/670/509 505/668/508 511/676/514
f 513/678/516 507/671/510 506/670/509
f 514/679/517 508/672/511 507/671/510
f 516/680/518 509/673/523 508/672/511
f 517/681/519 515/683/521 466/627/472
f 518/682/520 516/693/518 515/683/521
f 510/675/513 225/306/224 519/1039/819
f 520/686/525 511/676/514 510/675/513
f 521/685/524 512/677/515 511/676/514
f 522/687/526 513/678/516 512/677/515
f 525/688/527 514/679/517 513/678/516
f 478/639/484 523/690/529 473/640/478
f 526/689/528 524/692/531 523/690/529
f 526/689/528 478/639/484 466/627/472
f 527/691/530 525/2414/527 524/692/531
f 527/691/530 526/689/528 515/683/521
f 527/694/530 516/680/518 514/679/517
f 528/696/533 521/685/524 520/686/525
f 531/695/532 522/687/526 521/685/524
f 532/700/536 530/703/538 529/699/535
f 532/700/536 479/697/534 523/698/529
f 533/702/537 531/709/532 530/703/538
f 533/702/537 532/700/536 524/701/531
f 533/705/537 525/688/527 522/687/526
f 534/706/539 510/675/513 519/1039/819
f 535/711/543 528/696/533 520/686/525
f 529/699/535 536/714/546 476/636/481
f 537/707/540 536/714/546 529/699/535
f 538/708/541 537/707/540 530/703/538
f 538/710/542 531/695/532 528/696/533
f 539/713/545 520/686/525 534/706/539
f 540/712/544 535/711/543 520/686/525
f 536/714/546 541/1003/791 480/715/547
f 542/716/548 541/1003/791 536/714/546
f 543/717/549 542/716/548 537/707/540
f 543/718/549 538/710/542 535/711/543
f 544/720/551 545/2415/1841 396/719/550
f 546/721/552 545/2415/1841 544/720/551
f 548/732/1842 402/535/406 396/536/407
f 549/724/555 548/732/1842 396/536/407
f 545/723/554 550/739/569 549/724/555
f 545/723/554 551/726/556 550/739/569
f 546/725/552 552/743/572 551/726/556
f 553/2416/557 552/743/572 546/725/552
f 554/744/558 552/743/572 553/2416/557
f 556/731/560 410/555/424 402/535/406
f 556/733/562 557/788/605 411/558/426
f 558/734/563 556/731/560 548/732/561
f 559/735/565 557/788/605 556/733/562
f 549/724/564 560/740/568 558/734/563
f 561/737/567 559/735/565 558/736/566
f 550/739/569 562/741/570 560/740/568
f 551/726/556 563/750/577 562/741/570
f 564/742/571 563/750/577 551/726/556
f 554/744/558 565/753/579 564/742/571
f 566/745/573 565/763/579 554/728/558
f 561/737/567 560/738/568 567/748/574
f 562/741/570 568/751/576 567/746/574
f 569/747/575 561/737/567 567/748/574
f 563/750/577 570/752/578 568/751/576
f 564/742/571 571/754/580 570/752/578
f 569/2417/575 568/2418/576 572/2419/581
f 570/752/578 574/760/584 572/757/581
f 575/758/583 573/756/582 572/755/581
f 571/754/580 576/761/585 574/760/584
f 565/753/579 577/771/590 576/761/585
f 575/764/583 574/2420/584 578/765/587
f 576/761/585 580/772/589 578/767/587
f 566/745/573 581/776/594 577/762/586
f 579/766/588 580/2421/589 582/773/591
f 577/771/590 584/1042/822 582/775/593
f 585/778/596 442/586/445 444/588/447
f 544/720/551 395/526/399 585/778/596
f 547/722/553 544/720/551 586/779/597
f 588/781/599 586/779/597 587/780/598
f 590/815/630 589/782/600 587/780/598
f 591/787/604 589/782/600 590/815/630
f 588/781/599 592/783/601 553/727/557
f 555/730/559 553/729/557 592/784/601
f 591/818/604 594/786/603 592/784/601
f 557/788/605 595/790/607 450/612/459
f 596/789/606 451/615/462 450/612/459
f 597/791/608 595/790/607 557/788/605
f 597/791/608 596/789/606 595/790/607
f 599/793/610 597/791/608 559/735/565
f 599/793/610 600/820/633 598/792/609
f 601/794/611 566/745/573 555/730/559
f 602/795/612 601/794/611 593/785/602
f 594/786/603 603/799/616 602/795/612
f 600/820/633 599/793/610 604/796/613
f 605/797/614 604/796/613 561/737/567
f 605/797/614 606/822/635 604/796/613
f 605/797/614 569/747/575 573/756/582
f 606/822/635 605/797/614 608/800/617
f 609/804/618 608/803/617 573/2422/582
f 609/804/618 575/764/583 579/766/588
f 612/805/620 610/802/619 609/804/618
f 579/766/588 613/807/622 612/805/620
f 601/794/611 615/808/623 581/776/594
f 613/807/622 579/766/588 583/774/592
f 617/810/625 614/806/621 613/807/622
f 611/812/627 618/811/626 607/798/615
f 619/816/631 590/815/630 587/780/598
f 620/814/629 591/787/604 590/815/630
f 621/817/632 594/786/603 591/818/604
f 623/824/637 607/798/615 603/799/616
f 610/802/619 624/2423/636 608/803/617
f 626/826/639 625/825/638 612/805/620
f 617/810/625 626/826/639 614/806/621
f 628/828/641 621/817/632 620/819/629
f 596/789/606 467/626/471 451/615/462
f 606/822/635 629/830/643 622/821/634
f 624/823/636 629/830/643 606/822/635
f 610/802/619 630/839/642 624/2423/636
f 631/832/645 587/780/598 585/778/596
f 632/831/644 619/816/631 587/780/598
f 633/845/646 620/814/629 632/831/644
f 598/792/609 635/835/648 634/834/647
f 636/837/650 603/799/616 628/828/641
f 625/825/638 638/838/651 610/802/619
f 626/826/639 639/840/652 625/825/638
f 641/842/654 585/778/596 445/589/448
f 642/844/656 631/832/645 641/842/654
f 643/843/655 632/831/644 631/832/645
f 634/834/647 474/634/479 467/626/471
f 600/820/633 644/855/665 635/835/648
f 644/855/665 600/820/633 637/836/649
f 640/841/653 646/847/658 626/826/639
f 647/849/660 643/843/655 642/844/656
f 648/848/659 633/845/646 643/843/655
f 649/850/661 628/828/641 633/833/646
f 635/835/648 650/852/662 634/834/647
f 644/855/665 651/853/663 635/835/648
f 653/856/666 652/854/664 644/855/665
f 654/859/669 636/837/650 649/850/661
f 653/856/666 637/836/649 645/846/657
f 630/829/642 656/858/668 645/846/657
f 657/813/628 623/824/637 636/837/650
f 656/2424/668 630/839/642 658/860/670
f 657/813/628 611/812/627 623/824/637
f 639/840/652 658/860/670 638/838/651
f 660/862/672 497/657/500 499/659/502
f 641/842/654 445/589/448 500/660/503
f 642/844/656 641/842/654 500/660/503
f 642/844/656 500/660/503 660/862/672
f 662/864/674 660/862/672 661/863/673
f 647/849/660 642/844/656 662/864/674
f 665/867/677 664/866/676 662/864/674
f 666/868/678 648/848/659 647/849/660
f 667/869/679 666/868/678 664/866/676
f 661/871/673 499/674/502 668/870/680
f 663/873/675 661/871/673 669/872/681
f 665/875/677 663/873/675 670/874/682
f 666/877/678 672/879/684 649/850/661
f 667/878/679 673/895/685 672/879/684
f 667/880/679 665/875/677 671/876/683
f 674/882/686 517/681/519 474/634/479
f 675/883/687 518/682/520 517/681/519
f 675/884/688 668/870/691 509/673/523
f 676/885/689 674/882/686 650/852/662
f 677/886/690 675/883/687 674/882/686
f 652/854/664 678/888/692 676/885/689
f 678/888/692 679/891/693 677/886/690
f 653/856/666 680/890/694 678/888/692
f 680/890/694 681/2425/696 679/891/693
f 669/872/695 668/870/691 679/889/693
f 670/874/682 669/872/695 681/892/696
f 671/876/683 670/874/682 682/893/697
f 672/879/684 684/896/699 654/859/669
f 673/895/685 685/914/700 684/896/699
f 673/881/685 671/876/683 683/894/698
f 686/898/701 680/890/694 653/856/666
f 687/2426/702 681/2427/696 680/2428/694
f 656/858/668 688/900/703 655/857/667
f 688/900/703 689/901/704 686/898/701
f 689/901/704 690/2429/705 687/899/702
f 682/893/697 681/892/696 687/902/702
f 683/894/698 682/893/697 690/903/705
f 685/897/700 683/894/698 691/904/1843
f 688/905/703 656/2424/668 658/860/670
f 693/907/708 689/909/704 688/905/703
f 694/908/709 690/2430/705 689/909/704
f 691/904/706 690/903/705 694/910/710
f 697/913/713 696/912/712 684/896/699
f 685/897/700 691/904/1843 695/911/714
f 698/916/716 692/906/707 658/860/670
f 699/917/717 693/907/708 692/906/707
f 700/918/718 694/908/709 693/907/708
f 646/847/658 698/916/716 639/840/652
f 699/917/717 702/2431/720 700/918/718
f 695/911/711 694/910/710 700/920/718
f 696/912/712 703/922/721 654/859/669
f 697/915/715 695/911/714 702/921/1844
f 659/861/671 701/919/719 646/847/658
f 704/923/722 699/917/717 701/919/719
f 705/924/723 702/2431/720 699/917/717
f 697/915/715 702/921/1844 705/926/725
f 708/930/729 707/928/727 423/560/427
f 431/622/467 709/933/732 708/931/730
f 708/930/729 711/935/734 707/928/727
f 709/933/732 712/937/736 711/934/733
f 707/928/727 713/936/735 710/932/731
f 711/935/734 714/2432/737 713/936/735
f 712/937/736 715/940/739 714/938/737
f 714/2432/737 717/945/744 713/936/735
f 718/2433/738 717/945/744 714/2432/737
f 719/946/740 717/945/744 718/2433/738
f 716/943/742 720/942/741 718/939/738
f 713/936/735 721/954/751 710/932/731
f 722/944/743 721/954/751 713/936/735
f 719/946/740 723/956/753 722/944/743
f 724/2434/745 723/956/753 719/946/740
f 725/948/746 723/2435/753 724/949/745
f 727/951/748 725/948/746 726/950/747
f 730/955/752 729/953/750 722/944/743
f 725/957/746 731/959/754 730/955/752
f 727/958/748 732/962/757 731/959/754
f 733/1075/755 732/962/757 727/958/748
f 735/1689/1324 413/544/415 710/932/731
f 413/544/415 735/1689/1324 412/1693/453
f 721/954/751 736/1691/1326 710/932/731
f 737/963/758 736/1691/1326 721/954/751
f 734/961/756 738/1091/859 729/953/750
f 739/964/759 709/933/732 431/622/467
f 740/966/761 739/964/759 461/625/470
f 741/965/760 712/937/736 709/933/732
f 742/967/762 715/940/739 712/937/736
f 743/969/764 742/967/762 741/965/760
f 716/943/742 715/940/739 742/967/762
f 745/970/765 720/942/741 716/943/742
f 746/2436/767 745/970/765 744/968/763
f 748/974/766 745/976/765 746/2437/767
f 748/2438/766 724/947/745 720/942/741
f 726/950/747 724/949/745 748/977/766
f 750/982/772 749/978/769 747/979/768
f 751/980/770 728/952/749 726/950/747
f 752/981/771 751/980/770 749/978/769
f 753/989/779 746/2436/767 744/968/763
f 747/979/768 746/2439/767 753/991/779
f 755/984/774 740/966/761 465/632/477
f 756/986/776 741/965/760 740/966/761
f 757/988/778 743/969/764 756/986/776
f 758/987/777 744/968/763 743/969/764
f 759/990/780 756/986/776 755/984/774
f 760/992/781 761/1001/789 750/982/772
f 762/993/782 750/982/772 761/1001/789
f 763/994/783 755/984/774 477/637/482
f 764/996/785 759/990/780 763/994/783
f 765/995/784 757/988/778 759/990/780
f 766/997/786 758/987/777 765/995/784
f 758/987/777 767/998/787 753/989/779
f 760/992/781 753/991/779 767/999/787
f 770/1004/792 763/994/783 541/1003/791
f 542/716/548 771/1005/793 770/1004/792
f 543/717/549 772/1007/794 771/1005/793
f 772/1006/794 543/718/549 540/712/544
f 771/1005/793 773/1008/795 764/996/785
f 772/1007/794 774/1011/796 773/1008/795
f 773/1008/795 776/1012/798 765/995/784
f 774/1011/796 777/1016/799 776/1012/798
f 774/1009/796 769/1002/790 775/1010/797
f 778/1014/800 766/997/786 765/995/784
f 779/1015/801 778/1014/800 776/1012/798
f 388/521/394 225/306/224 362/307/225
f 775/1010/797 539/713/545 780/1017/802
f 777/1013/799 775/1010/797 781/1018/803
f 778/1014/800 783/1020/805 767/998/787
f 779/1015/801 784/2440/806 783/1020/805
f 779/1021/801 777/1013/799 782/1019/804
f 785/1023/807 768/1000/788 767/999/787
f 786/1025/808 785/1023/807 783/1024/805
f 782/1019/804 781/1018/803 787/1027/809
f 784/1022/806 782/1019/804 788/1028/810
f 786/2441/808 790/2442/812 785/2443/807
f 786/1030/808 784/1022/806 789/1029/811
f 791/1032/813 762/993/782 761/1001/789
f 792/1033/814 791/1032/813 785/1023/807
f 794/1036/816 790/1031/812 789/1029/811
f 792/2444/814 790/1031/812 794/1036/816
f 796/1038/818 788/1028/810 793/1035/815
f 796/1038/818 794/1036/816 788/1028/810
f 534/706/539 519/1039/819 388/521/394
f 583/774/592 582/773/591 797/1040/820
f 800/1044/824 798/1041/821 797/1040/820
f 801/1046/826 799/2445/1845 797/1043/823
f 581/776/594 801/1051/826 584/777/595
f 804/2446/827 802/2447/834 803/2448/828
f 805/1049/829 800/1044/824 799/1045/825
f 801/1046/826 804/1060/838 799/2445/1845
f 810/1052/831 809/2449/835 807/1053/832
f 810/1055/831 803/1048/828 802/1056/834
f 811/1058/836 809/1071/835 802/1059/837
f 801/1046/826 811/1058/836 804/1060/838
f 816/1061/839 815/1065/843 813/1062/840
f 818/1064/842 817/2450/844 815/1065/843
f 818/1064/842 808/1054/833 807/1053/832
f 819/1069/845 817/1085/844 807/1070/832
f 820/1072/846 819/1069/845 809/1071/835
f 821/1073/847 820/1072/846 811/1058/836
f 806/1050/830 821/1803/847 801/1051/826
f 822/1074/848 732/962/757 733/1075/755
f 812/1077/850 823/2451/849 733/960/755
f 824/1079/851 814/1063/841 813/1062/840
f 824/1079/851 823/2451/849 812/1077/850
f 825/1081/852 822/1074/848 813/1082/840
f 826/1084/853 825/1081/852 815/1083/843
f 827/1086/854 826/1084/853 817/1085/844
f 828/1087/855 827/1086/854 819/1069/845
f 821/1073/847 828/1087/855 820/1072/846
f 822/1074/848 829/1088/856 734/961/756
f 825/1081/852 830/1089/857 829/1088/856
f 831/1090/858 830/1089/857 826/1084/853
f 828/1087/855 831/1090/858 827/1086/854
f 832/1092/860 738/1091/859 829/1088/856
f 831/1090/858 832/1092/860 830/1089/857
f 616/809/624 583/774/592 798/1041/821
f 834/1094/862 617/810/625 616/809/624
f 837/1097/865 833/1093/861 798/1041/821
f 834/1094/862 833/1093/861 837/1097/865
f 835/1095/863 834/1094/862 838/1098/866
f 805/1049/829 803/1048/828 840/1100/868
f 842/1101/869 837/1097/865 800/1044/824
f 843/1102/870 838/1098/866 837/1097/865
f 843/1102/870 839/1099/867 838/1098/866
f 615/808/623 806/1050/830 581/776/594
f 846/1104/872 810/1052/831 808/1054/833
f 846/1106/872 840/1100/868 803/1048/828
f 846/1104/872 844/1105/873 845/1107/874
f 847/1109/875 841/1103/871 840/1100/868
f 812/1077/850 728/952/749 751/980/770
f 850/1114/880 849/1111/877 752/981/771
f 851/1112/878 814/1063/841 812/1077/850
f 852/1113/879 851/1112/878 848/1110/876
f 852/1113/879 849/1111/877 850/1114/880
f 816/1061/839 814/1063/841 851/1112/878
f 854/1116/882 851/1112/878 852/1113/879
f 855/1117/883 852/1113/879 853/1115/881
f 856/1118/884 818/1064/842 816/1061/839
f 856/1118/884 844/1105/873 808/1054/833
f 856/1118/884 854/1116/882 855/1117/883
f 845/1107/874 844/1105/873 856/1118/884
f 835/1095/863 627/827/640 617/810/625
f 839/1099/867 843/1102/870 857/1119/885
f 859/1121/887 857/1119/885 843/1102/870
f 847/1109/875 859/1121/887 841/1103/871
f 860/1125/888 847/1108/875 845/1107/874
f 858/1120/886 861/1123/889 835/1095/863
f 864/1136/892 860/1125/888 863/1126/891
f 862/1124/890 859/1121/887 860/1122/888
f 865/1128/893 850/1114/880 754/983/773
f 853/1115/881 850/1114/880 865/1128/893
f 867/1130/895 853/1115/881 866/1129/894
f 856/1118/884 855/1117/883 867/1130/895
f 870/1131/896 856/1118/884 867/1130/895
f 863/1126/891 845/1107/874 856/1118/884
f 868/1132/897 640/841/653 627/827/640
f 869/1133/898 868/1132/897 861/1123/889
f 869/1133/898 857/1119/885 871/1135/900
f 862/1124/890 871/1135/900 857/1119/885
f 873/1138/901 872/1134/899 862/1124/890
f 874/1140/903 865/1128/893 762/993/782
f 875/1139/902 866/1129/894 865/1128/893
f 868/1132/897 659/861/671 640/841/653
f 877/1142/905 869/1133/898 871/1135/900
f 876/1141/904 868/1132/897 877/1142/905
f 879/1168/922 863/1126/891 870/1131/896
f 879/1168/922 870/1131/896 878/1169/923
f 873/1137/901 863/1126/891 879/1168/922
f 880/1143/906 867/1130/895 875/1139/902
f 878/1169/923 870/1131/896 880/1143/906
f 704/923/722 659/861/671 876/1141/904
f 705/924/723 704/923/722 881/1144/907
f 706/927/726 705/926/725 882/1153/914
f 877/1142/905 871/1135/900 883/2452/1846
f 884/1146/909 877/1142/905 883/2452/1846
f 881/1144/907 876/1141/904 877/1142/905
f 882/1145/908 881/1144/907 884/1146/909
f 696/912/712 887/1151/912 703/922/721
f 706/925/724 888/2453/1847 887/1151/912
f 888/1152/913 706/927/726 882/1153/914
f 872/1134/899 873/1138/901 889/1155/915
f 892/1156/916 883/2452/1846 871/1135/900
f 892/1156/916 889/1155/915 890/2454/917
f 884/1146/909 883/2452/1846 892/1156/916
f 893/1159/918 890/1158/917 891/1161/919
f 885/1163/911 884/1146/909 893/1160/918
f 895/1165/921 886/1154/910 885/1166/911
f 889/1171/915 873/1137/901 879/1168/922
f 899/1172/925 879/1168/922 896/1170/924
f 899/1172/925 896/1170/924 897/1173/926
f 890/1158/917 889/1171/915 899/1172/925
f 900/1174/927 897/1173/926 898/1175/928
f 891/1161/919 890/1158/917 900/1174/927
f 902/1180/930 894/1167/920 891/1181/919
f 903/1183/931 895/1165/921 894/1167/920
f 888/2453/1847 904/1203/932 887/1151/912
f 904/1184/932 888/1152/913 895/1165/921
f 905/1185/933 874/1140/903 762/993/782
f 906/1186/934 905/1185/933 791/1032/813
f 875/1139/902 874/1140/903 905/1185/933
f 907/1187/935 905/1185/933 906/1186/934
f 896/1170/924 878/1169/923 880/1143/906
f 909/1189/937 880/1143/906 875/1139/902
f 909/1189/937 875/1139/902 907/1187/935
f 897/1173/926 896/1170/924 909/1189/937
f 910/1190/938 907/1187/935 908/1188/936
f 898/1175/928 897/1173/926 910/1190/938
f 912/1192/940 901/1182/929 898/1193/928
f 913/1195/941 902/1180/930 901/1182/929
f 914/1196/942 903/1183/931 902/1180/930
f 906/1197/934 792/2444/814 794/1036/816
f 915/1198/943 908/1200/936 906/1197/934
f 916/1199/944 911/1194/939 908/1200/936
f 912/1192/940 911/1194/939 916/1199/944
f 918/1202/946 913/1195/941 912/1192/940
f 887/1151/912 919/1204/947 703/922/721
f 915/1198/943 794/1036/816 796/1038/818
f 920/1205/948 916/1199/944 915/1198/943
f 920/1205/948 917/1201/945 916/1199/944
f 920/1205/948 796/1038/818 795/1037/817
f 924/1207/950 253/337/252 271/364/273
f 253/338/252 924/1252/950 922/1209/952
f 273/363/272 926/1228/970 923/1208/951
f 274/403/279 927/1216/958 926/1210/953
f 929/1212/955 928/1231/973 925/1213/956
f 929/1212/955 926/1214/957 927/2455/958
f 282/379/287 270/377/285 934/1218/960
f 936/1220/962 935/1219/961 931/1221/963
f 283/378/286 282/379/287 935/1219/961
f 284/380/288 283/378/286 936/1220/962
f 939/1225/967 926/1228/970 925/1226/968
f 926/1228/970 939/1225/967 937/1224/966
f 928/1229/971 941/1256/992 938/1227/969
f 942/1230/972 941/1236/977 928/1231/973
f 943/1232/974 942/1230/972 929/1212/955
f 946/1234/975 945/1242/983 940/1235/976
f 947/1237/978 946/1234/975 941/1236/977
f 948/1238/979 947/1237/978 942/1230/972
f 950/1240/981 949/2456/980 944/1241/982
f 950/1240/981 933/1245/965 932/2457/964
f 951/1244/984 950/1240/981 945/1242/983
f 952/1246/985 951/1244/984 946/1234/975
f 954/1247/986 935/1219/961 934/1218/960
f 962/2458/988 924/1207/950 937/1224/966
f 924/1252/950 962/1249/988 955/1253/990
f 956/1254/989 939/1225/967 938/1227/969
f 958/2459/996 941/2460/992 940/2461/976
f 941/1256/992 958/1263/996 957/1255/991
f 959/1267/993 945/2462/983 944/1261/982
f 959/1257/993 958/1265/996 940/1258/976
f 960/1260/994 949/1239/980 931/1221/963
f 960/1260/994 959/1267/993 944/1261/982
f 953/1248/987 960/1260/994 931/1221/963
f 964/1273/997 963/1272/995 958/2463/996
f 965/1266/998 964/1273/997 959/1267/993
f 961/1268/999 965/1266/998 960/1260/994
f 962/1249/988 970/1274/1003 966/1269/1000
f 956/1251/989 963/1272/995 967/1270/1001
f 968/1271/1002 967/1270/1001 963/1272/995
f 968/1271/1002 961/1268/999 385/519/392
f 970/1274/1003 971/1307/1033 969/1275/1004
f 974/1276/1005 970/1274/1003 962/1249/988
f 973/1277/1006 971/1307/1033 970/1274/1003
f 974/1276/1005 975/1281/1010 972/1278/1007
f 973/1277/1006 972/1278/1007 976/1279/1008
f 975/1281/1010 974/1276/1005 978/1282/1011
f 975/1281/1010 979/1283/1012 976/1279/1008
f 980/1284/1013 977/1280/1009 976/1279/1008
f 1088/1419/1128 978/1282/1011 974/1276/1005
f 967/1270/1001 968/1271/1002 981/1420/1129
f 981/1420/1129 974/1276/1005 967/1270/1001
f 981/1420/1129 968/1271/1002 1097/1413/1122
f 982/1313/1039 304/400/306 303/399/305
f 305/402/308 983/1285/1014 927/1216/958
f 984/1288/1017 983/1285/1014 306/404/309
f 930/1217/959 927/1216/958 983/1285/1014
f 991/1287/1016 985/1286/1015 983/1285/1014
f 936/1220/962 933/1223/965 986/1289/1018
f 988/1292/1021 302/398/304 922/1209/952
f 989/1291/1020 303/399/305 302/398/304
f 990/1293/1022 982/1313/1039 303/399/305
f 992/1296/1023 943/1232/974 985/1294/1015
f 991/1295/1016 993/1298/1025 992/1296/1023
f 994/1297/1024 948/1238/979 992/1296/1023
f 952/1246/985 986/1300/1018 933/1245/965
f 995/1299/1026 952/1246/985 948/1238/979
f 996/1320/1046 990/1293/1022 989/1291/1020
f 997/1302/1028 988/1292/1021 955/1253/990
f 998/1301/1027 989/1291/1020 988/1292/1021
f 998/1301/1027 996/1320/1046 989/1291/1020
f 997/1302/1028 955/1253/990 966/1269/1000
f 1000/1304/1030 998/1301/1027 997/1302/1028
f 999/1303/1029 966/1269/1000 969/1275/1004
f 1002/1306/1032 999/1303/1029 969/1275/1004
f 1003/1308/1034 1001/1305/1031 999/1303/1029
f 1002/1306/1032 971/1307/1033 973/1277/1006
f 1002/1306/1032 973/1277/1006 977/1280/1009
f 1004/1309/1035 1002/1306/1032 1005/1310/1036
f 1006/1311/1037 1005/1310/1036 977/1280/1009
f 1007/1312/1038 314/415/320 304/400/306
f 1008/1314/1040 984/1288/1017 306/404/309
f 987/1290/1019 316/449/351 284/380/288
f 990/1293/1022 1007/1312/1038 982/1313/1039
f 1010/1316/1042 993/1298/1025 991/1295/1016
f 994/1297/1024 993/1298/1025 1010/1316/1042
f 995/1299/1026 994/1297/1024 1011/1317/1043
f 1012/1318/1044 995/1299/1026 1011/1317/1043
f 1013/1319/1045 1009/1315/1041 990/1293/1022
f 1014/1321/1047 1013/1319/1045 996/1320/1046
f 1014/1321/1047 998/1301/1027 1000/1304/1030
f 1015/1322/1048 1000/1304/1030 1016/1323/1049
f 1003/1308/1034 1017/1345/1070 1016/1323/1049
f 1017/1345/1070 1003/1308/1034 1018/1324/1050
f 1018/1324/1050 1004/1309/1035 1005/1310/1036
f 1006/1311/1037 1126/1459/1165 1019/1325/1051
f 1020/1340/1065 337/443/347 343/442/346
f 1021/1326/1052 1008/1314/1040 315/417/321
f 344/510/385 1022/1330/1056 1021/1326/1052
f 987/1290/1019 986/1289/1018 1023/1357/1081
f 314/415/320 1007/1312/1038 1009/1315/1041
f 341/440/344 314/415/320 1009/1315/1041
f 342/441/345 341/440/344 1024/1327/1053
f 343/442/346 342/441/345 1025/1328/1054
f 1026/1329/1055 991/1287/1016 1008/1314/1040
f 1022/1330/1056 1027/1362/1058 1026/1329/1055
f 1028/1331/1057 1010/1316/1042 991/1295/1016
f 1028/1331/1057 1026/1332/1055 1027/1333/1058
f 1030/1335/1060 1011/1317/1043 1010/1316/1042
f 1031/1336/1061 1012/1318/1044 1011/1317/1043
f 1031/1336/1061 1023/1373/1081 986/1300/1018
f 1024/1327/1053 1009/1315/1041 1013/1319/1045
f 1020/1340/1065 343/442/346 1032/1337/1062
f 1024/1327/1053 1013/1319/1045 1014/1321/1047
f 1025/1328/1054 1024/1327/1053 1033/1338/1063
f 1032/1337/1062 1025/1328/1054 1034/1339/1064
f 1033/1338/1063 1014/1321/1047 1015/1322/1048
f 1034/1339/1064 1033/1338/1063 1036/1342/1067
f 1032/1337/1062 1034/1339/1064 1037/1343/1068
f 1035/1341/1066 1032/1337/1062 1038/1344/1069
f 1036/1342/1067 1015/1322/1048 1016/1323/1049
f 1017/1345/1070 1039/1346/1071 1037/1343/1068
f 1039/1346/1071 1040/1347/1072 1038/1344/1069
f 1041/1349/1074 1040/1347/1072 1039/1346/1071
f 1019/1325/1051 1017/1345/1070 1018/1324/1050
f 1042/1348/1073 1039/1346/1071 1017/1345/1070
f 1041/1349/1074 1039/1346/1071 1042/1348/1073
f 1044/1351/1076 377/508/383 337/480/347
f 1045/1353/1077 1022/1330/1056 344/510/385
f 1045/1355/1079 378/507/382 377/508/383
f 1049/1356/1080 987/1290/1019 1023/1357/1081
f 1049/1356/1080 1046/1358/1082 1047/1359/1083
f 1047/1359/1083 383/517/390 316/449/351
f 1048/1360/1084 384/518/391 383/517/390
f 1062/1361/1085 376/506/381 384/518/391
f 1045/1353/1077 1050/2464/1087 1027/1362/1058
f 1029/1334/1059 1027/1333/1058 1050/1364/1087
f 1052/1365/1088 1050/1364/1087 1051/1366/1089
f 1030/1335/1060 1029/1334/1059 1052/1365/1088
f 1055/1368/1091 1052/1365/1088 1053/1367/1090
f 1056/1369/1092 1053/1367/1090 1054/1370/1093
f 1031/1336/1061 1030/1335/1060 1055/1368/1091
f 1031/1336/1061 1055/1368/1091 1056/1369/1092
f 1058/1372/1095 1056/1369/1092 1057/1371/1094
f 1046/2465/1082 1023/1373/1081 1058/1372/1095
f 1060/1377/1097 1047/1359/1083 1046/1358/1082
f 1048/1360/1084 1047/1359/1083 1060/1377/1097
f 1050/1363/1086 1044/1351/1076 1063/1379/1099
f 1051/2466/1089 1050/2467/1086 1064/2468/1100
f 1066/1383/1102 1053/2469/1090 1051/1381/1089
f 1054/2470/1093 1053/2471/1090 1066/2472/1102
f 1057/1386/1094 1054/1384/1093 1067/1385/1103
f 1070/1388/1105 1059/1376/1096 1057/1389/1094
f 1070/2473/1105 1068/2474/1104 1069/2475/1106
f 1060/1377/1097 1059/1376/1096 1070/1388/1105
f 1072/1393/1108 1061/1378/1098 1060/1377/1097
f 1077/1394/1109 1062/1361/1085 1061/1378/1098
f 1073/1396/1110 1063/1379/1099 1020/1352/1065
f 1064/1380/1100 1063/1379/1099 1073/1396/1110
f 1065/2476/1101 1064/2477/1100 1073/2478/1110
f 1066/1383/1102 1065/1382/1101 1074/1397/1111
f 1067/1385/1103 1066/1383/1102 1074/1397/1111
f 1075/1398/1112 1068/1387/1104 1067/1385/1103
f 1069/2479/1106 1068/2480/1104 1075/2481/1112
f 1076/1399/1113 1071/2482/1107 1069/1400/1106
f 1072/1393/1108 1071/1392/1107 1076/1401/1113
f 1078/1406/1115 1073/1395/1110 1035/1341/1066
f 1074/1397/1111 1073/1396/1110 1078/1403/1115
f 1079/1402/1114 1075/1398/1112 1074/1397/1111
f 1079/1402/1114 1076/1399/1113 1075/1398/1112
f 1077/1394/1109 1076/1401/1113 1079/2483/1114
f 387/1415/1124 1077/1394/1109 1079/2483/1114
f 1035/1341/1066 1040/1347/1072 1041/1349/1074
f 1078/1406/1115 1035/1341/1066 1080/1405/1117
f 1080/1405/1117 1041/1349/1074 1043/1350/1075
f 1081/1407/1116 1080/1405/1117 1082/1409/1119
f 386/520/393 934/1218/960 270/377/285
f 386/520/393 385/519/392 961/1268/999
f 385/519/392 1097/1413/1122 968/1271/1002
f 387/1415/1124 1062/1361/1085 1077/1394/1109
f 362/476/225 387/1415/1124 1079/2483/1114
f 1085/1408/1118 389/522/395 362/307/225
f 1087/1417/1126 979/1283/1012 978/1282/1011
f 980/1284/1013 979/1283/1012 1087/1417/1126
f 1087/1417/1126 1086/1418/1127 1089/1421/1130
f 980/1284/1013 1087/1417/1126 1090/1422/1131
f 1093/1426/1135 1090/1422/1131 1089/1421/1130
f 1094/1425/1134 1091/1423/1132 1090/1422/1131
f 981/1420/1129 1096/1427/1136 1095/1431/1140
f 981/1420/1129 1095/1431/1140 1092/1424/1133
f 1099/1428/1137 1089/1421/1130 1092/1424/1133
f 1093/1426/1135 1089/1421/1130 1099/1428/1137
f 1102/2484/1143 1099/1428/1137 1098/1429/1138
f 1103/1433/1142 1093/2485/1135 1099/1434/1137
f 1103/1433/1142 1100/1467/1139 1093/2485/1135
f 1096/1427/1136 1104/1439/1147 1101/1432/1141
f 1096/1427/1136 1097/1413/1122 1105/1444/1151
f 1096/1427/1136 1105/1444/1151 1104/1439/1147
f 1107/1436/1144 1098/1429/1138 1101/1432/1141
f 1102/2484/1143 1098/1429/1138 1107/1436/1144
f 1110/1443/1150 1107/1442/1144 1106/2486/1145
f 1111/1441/1149 1102/1435/1143 1107/1442/1144
f 1111/1441/1149 1108/1438/1146 1102/1435/1143
f 1105/1444/1151 1112/1448/1155 1109/1440/1148
f 1114/1445/1152 1106/1437/1145 1109/1440/1148
f 1110/2487/1150 1106/1437/1145 1114/1445/1152
f 1117/1452/1158 1114/1451/1152 1113/1565/1153
f 1118/1450/1157 1110/1443/1150 1114/1451/1152
f 1118/1450/1157 1115/1447/1154 1110/1443/1150
f 1119/1453/1159 980/1284/1013 1091/1423/1132
f 1126/1459/1165 1006/1311/1037 1120/1454/1160
f 1091/1423/1132 1120/1454/1160 1119/1453/1159
f 1103/1433/1142 1121/1465/1171 1100/1467/1139
f 1122/1455/1161 1121/1465/1171 1103/1433/1142
f 1111/1441/1149 1122/1455/1161 1108/1438/1146
f 1124/1457/1163 1123/1456/1162 1111/1441/1149
f 1125/1458/1164 1124/1457/1163 1115/1447/1154
f 1042/1348/1073 1019/1325/1051 1126/1459/1165
f 1043/1350/1075 1042/1348/1073 1126/1459/1165
f 1120/1454/1160 1128/1463/1169 1127/1460/1166
f 1128/1463/1169 1120/1454/1160 1129/1461/1167
f 1094/1425/1134 1130/1462/1168 1129/1461/1167
f 1130/1462/1168 1094/1425/1134 1131/1464/1170
f 1132/1468/1172 1082/1409/1119 1043/1350/1075
f 1083/1410/1120 1082/1409/1119 1132/1468/1172
f 1133/1469/1173 1084/1411/1121 1083/1410/1120
f 1134/2488/1174 1085/1408/1118 1084/1412/1121
f 1135/1471/1175 1132/1468/1172 1128/1463/1169
f 1133/1469/1173 1132/1468/1172 1135/1471/1175
f 1130/1462/1168 1137/1473/1177 1135/1471/1175
f 1134/1470/1174 1133/1469/1173 1136/1472/1176
f 1139/2489/1179 1085/1408/1118 1134/2488/1174
f 1137/1473/1177 1130/1462/1168 1131/1464/1170
f 1141/1477/1181 1136/1472/1176 1137/1473/1177
f 1138/1474/1178 1136/1472/1176 1141/1477/1181
f 1121/2490/1171 1143/1480/1183 1140/1476/1180
f 1143/1480/1183 1144/1481/1184 1141/1477/1181
f 1139/1475/1179 1138/1474/1178 1142/1478/1182
f 1085/1408/1118 1139/2489/1179 1146/2491/1186
f 1143/1490/1183 1121/1465/1171 1122/1455/1161
f 1149/1487/1189 1142/1478/1182 1144/1481/1184
f 1145/1482/1185 1142/1478/1182 1149/1487/1189
f 1123/1456/1162 1143/1490/1183 1122/1455/1161
f 1123/1456/1162 1151/1491/1191 1148/1489/1188
f 1151/1491/1191 1152/1496/1192 1149/1492/1189
f 1146/1483/1186 1145/1482/1185 1150/1488/1190
f 1147/1485/1187 1146/1483/1186 1153/1494/1193
f 1151/1491/1191 1123/1456/1162 1124/1457/1163
f 1152/1496/1192 1151/1491/1191 1124/1457/1163
f 1156/1499/1196 1150/1488/1190 1152/1493/1192
f 1153/1494/1193 1150/1488/1190 1156/1499/1196
f 1125/1458/1164 1158/1501/1198 1156/1498/1196
f 1154/1495/1194 1153/1494/1193 1157/1500/1197
f 1097/1413/1122 1161/1504/1200 1160/1508/1204
f 1161/1504/1200 1165/1506/1202 1163/1507/1203
f 1161/1504/1200 1162/1414/1123 1166/1510/1206
f 1166/1510/1206 1164/1505/1201 1161/1504/1200
f 1165/1506/1202 1164/1505/1201 1171/1513/1209
f 1165/2492/1202 1172/2493/1210 1170/2494/1211
f 1174/1527/1223 1172/1577/1210 1171/2495/1209
f 1176/1518/1214 1173/1516/1212 1164/1505/1201
f 1166/1510/1206 1167/1509/1205 1177/1519/1215
f 1166/1510/1206 1178/1520/1216 1175/1517/1213
f 1167/1509/1205 1168/1511/1207 1179/1521/1217
f 1167/2496/1205 1180/1545/1218 1177/1547/1215
f 1168/1511/1207 1169/1512/1208 1181/1523/1219
f 1168/2497/1207 1182/1555/1220 1179/1557/1217
f 1184/1528/1221 1171/2495/1209 1173/2498/1212
f 1174/1527/1223 1171/2495/1209 1184/1528/1221
f 1176/1518/1214 1175/1517/1213 1186/1530/1225
f 1176/2499/1214 1187/1534/1226 1183/1533/1222
f 1188/1532/1227 1184/1528/1221 1183/1533/1222
f 1189/1535/1228 1185/1529/1224 1184/1528/1221
f 1178/1520/1216 1177/1519/1215 1190/1536/1229
f 1178/2500/1216 1191/2501/1230 1186/2502/1225
f 1192/1538/1231 1187/1534/1226 1186/1539/1225
f 1193/1541/1232 1188/1532/1227 1187/1534/1226
f 1194/1542/1233 1189/1535/1228 1188/1532/1227
f 1180/1522/1218 1179/1521/1217 1195/1543/1234
f 1180/1545/1218 1196/2503/1235 1190/1546/1229
f 1197/1548/1236 1191/1540/1230 1190/1549/1229
f 1198/1551/1237 1192/1538/1231 1191/1540/1230
f 1199/1552/1238 1193/1541/1232 1192/1538/1231
f 1199/1552/1238 1194/1542/1233 1193/1541/1232
f 1182/1524/1220 1181/1523/1219 1200/1553/1239
f 1182/1555/1220 1201/2504/1240 1195/1556/1234
f 1202/1558/1241 1196/1550/1235 1195/1559/1234
f 1203/1561/1242 1197/1548/1236 1196/1550/1235
f 1204/1562/1243 1198/1551/1237 1197/1548/1236
f 1204/1562/1243 1199/1552/1238 1198/1551/1237
f 1097/1413/1122 1205/1563/1244 1112/1448/1155
f 1160/1508/1204 1205/1563/1244 1097/1413/1122
f 1207/1566/1246 1113/1565/1153 1116/2505/1156
f 1208/1585/1261 1118/1450/1157 1117/1452/1158
f 1160/1508/1204 1209/1567/1247 1206/1564/1245
f 1211/1568/1248 1116/1449/1156 1206/1564/1245
f 1207/1566/1246 1116/2505/1156 1211/1570/1248
f 1117/1452/1158 1207/1566/1246 1212/1571/1250
f 1213/1572/1251 1208/1585/1261 1117/1452/1158
f 1209/1567/1247 1163/1507/1203 1170/1515/1211
f 1214/1574/1253 1211/1570/1248 1210/1579/1249
f 1215/1573/1252 1212/1571/1250 1211/1570/1248
f 1215/1573/1252 1213/1572/1251 1212/1571/1250
f 1216/1575/1254 1210/1579/1249 1170/1576/1211
f 1217/1578/1255 1214/1574/1253 1210/1579/1249
f 1218/1580/1256 1215/1573/1252 1214/1574/1253
f 1219/1581/1257 1216/1575/1254 1172/1577/1210
f 1220/1582/1258 1217/1578/1255 1216/1575/1254
f 1220/1582/1258 1218/1580/1256 1217/1578/1255
f 1221/1583/1259 1219/1581/1257 1174/1527/1223
f 1221/1583/1259 1220/1582/1258 1219/1581/1257
f 1189/1535/1228 1221/1583/1259 1185/1529/1224
f 1223/1586/1262 1222/1584/1260 1213/1572/1251
f 1224/1587/1263 1223/1586/1262 1215/1573/1252
f 1220/1582/1258 1224/1587/1263 1218/1580/1256
f 1225/1589/1265 1228/1588/1264 1220/1582/1258
f 1226/1590/1266 1225/1589/1265 1221/1583/1259
f 1227/1591/1267 1226/1590/1266 1189/1535/1228
f 1199/1552/1238 1227/1591/1267 1194/1542/1233
f 1208/1585/1261 1125/1458/1164 1118/1450/1157
f 1227/1591/1267 1229/1592/1268 1226/1590/1266
f 1222/1584/1260 1230/1593/1269 1208/1585/1261
f 1224/1587/1263 1231/1594/1270 1223/1586/1262
f 1233/1596/1272 1232/1595/1271 1224/1587/1263
f 1225/1589/1265 1233/1596/1272 1228/1588/1264
f 1199/1552/1238 1234/1597/1273 1229/1592/1268
f 1204/1562/1243 1235/1679/1319 1234/1597/1273
f 1236/2506/1274 389/522/395 1147/1598/1187
f 1158/1501/1198 1237/1600/1275 1157/1502/1197
f 1236/1599/1274 1154/1495/1194 1159/1503/1199
f 389/522/395 1236/2506/1274 1239/2507/1277
f 1158/1501/1198 1230/1593/1269 1222/1584/1260
f 1237/1600/1275 1158/1501/1198 1241/1606/1279
f 1159/1601/1199 1237/1600/1275 1242/1607/1280
f 1238/1602/1276 1159/1503/1199 1243/1609/1281
f 1231/1594/1270 1245/1611/1283 1242/1607/1280
f 1245/1611/1283 1246/1613/1284 1243/1612/1281
f 1239/1603/1277 1238/1602/1276 1244/1610/1282
f 1232/1595/1271 1248/1616/1286 1246/1613/1284
f 1248/1616/1286 1249/1617/1287 1244/1614/1282
f 1249/1617/1287 1250/2508/1288 1247/1618/1285
f 1240/1605/1278 1239/1603/1277 1247/1615/1285
f 1248/1616/1286 1232/1595/1271 1233/1596/1272
f 1249/1617/1287 1248/1616/1286 1251/1622/1289
f 1250/2508/1288 1249/1617/1287 1252/1623/1290
f 1254/1627/1292 1255/1630/1294 1253/1628/1291
f 1256/1629/1293 1254/1627/1292 1225/1589/1265
f 1256/1629/1293 1257/1631/1295 1255/1630/1294
f 1240/2509/1278 1258/1416/1125 389/522/395
f 1260/1632/1296 388/521/394 1258/1416/1125
f 1258/1416/1125 1240/2509/1278 1262/1637/1299
f 1259/1633/1297 1258/1416/1125 1263/1638/1300
f 1265/1640/1302 1260/1632/1296 1259/1633/1297
f 1261/1634/1298 1250/1624/1288 1253/1626/1291
f 1255/1630/1294 1269/1653/1306 1268/1646/1305
f 1262/1636/1299 1261/1634/1298 1268/1645/1305
f 1257/1631/1295 1271/1654/1308 1269/1653/1306
f 1271/1654/1308 1272/1662/1309 1270/1655/1307
f 1263/1638/1300 1262/1637/1299 1270/1656/1307
f 1229/1592/1268 1274/1661/1311 1271/1654/1308
f 1274/1661/1311 1275/1663/1312 1272/1662/1309
f 1275/1663/1312 1276/1671/1313 1273/1664/1310
f 1264/1639/1301 1263/1638/1300 1273/1665/1310
f 1234/1597/1273 1278/1670/1315 1275/1663/1312
f 1278/1670/1315 1279/1672/1316 1276/1671/1313
f 1279/1672/1316 1280/1681/1317 1277/1673/1314
f 1265/1640/1302 1264/1639/1301 1277/1674/1314
f 1235/1679/1319 1282/1680/1320 1279/1672/1316
f 1282/1680/1320 1283/1682/1321 1280/1681/1317
f 1283/1682/1321 1284/2098/1322 1281/1683/1318
f 1266/1641/1303 1265/1640/1302 1281/1684/1318
f 1285/2102/1323 1267/2101/1304 1266/2510/1303
f 738/1091/859 1287/1694/1328 737/963/758
f 737/963/758 1290/1709/1341 736/1691/1326
f 737/963/758 1291/1698/1332 1290/1709/1341
f 1292/1696/1330 1291/1698/1332 737/963/758
f 1289/1695/1329 1293/1702/1336 1292/1696/1330
f 1291/1698/1332 1295/1700/1334 1290/1709/1341
f 1297/1697/1331 1295/1700/1334 1291/1698/1332
f 1297/1705/1331 1298/1704/1337 1296/1712/1333
f 1299/1701/1335 1297/1697/1331 1292/1696/1330
f 1299/1703/1335 1300/1730/1357 1298/1704/1337
f 1294/1815/1338 1300/1730/1357 1299/1703/1335
f 1302/1708/1340 1301/1707/1339 736/1691/1326
f 1303/1710/1342 1302/1708/1340 1290/1709/1341
f 1296/2511/1333 1304/2512/1348 1303/2513/1342
f 1305/2514/1343 1304/2515/1348 1296/2516/1333
f 1308/1714/1345 1306/1713/1344 1302/1708/1340
f 1308/1715/1345 1309/1718/1347 1307/1716/1346
f 1309/1718/1347 1308/1715/1345 1303/1719/1342
f 1307/1716/1346 1311/1726/1354 1310/1722/1350
f 1314/1725/1353 1313/1724/1352 1301/1707/1339
f 1311/1726/1354 1315/1742/1367 1314/1727/1355
f 1300/1730/1357 1318/1733/1360 1316/1731/1358
f 1319/1732/1359 1317/1736/1362 1316/1731/1358
f 1305/1711/1343 1321/1737/1363 1320/1734/1361
f 1316/1731/1358 1321/1737/1363 1305/1711/1343
f 1323/1738/1364 1322/1740/1365 1307/1716/1346
f 1320/1739/1361 1323/1738/1364 1309/1718/1347
f 1322/1740/1365 1324/1741/1366 1311/1726/1354
f 1324/1741/1366 1325/1986/1570 1315/1742/1367
f 1324/1741/1366 1326/1748/1372 1325/1986/1570
f 1323/1738/1364 1329/1746/1370 1322/1740/1365
f 1322/1740/1365 1330/1747/1371 1324/1741/1366
f 1328/1745/1369 1331/1749/1373 1323/1738/1364
f 1328/1745/1369 1332/1750/1374 1331/1749/1373
f 1330/1747/1371 1333/1757/1380 1326/1748/1372
f 1327/1743/1368 1335/1771/1394 1334/1751/1375
f 1321/1737/1363 1337/1753/1377 1336/1752/1376
f 1337/1753/1377 1321/1737/1363 1317/1736/1362
f 1332/1750/1374 1338/1755/1378 1329/1746/1370
f 1338/1755/1378 1339/1756/1379 1330/1747/1371
f 1339/1756/1379 1340/2048/1615 1333/1757/1380
f 780/1017/802 534/706/539 1341/1758/1381
f 787/1027/809 780/1017/802 1342/1759/1382
f 795/1037/817 787/1027/809 1343/1760/1383
f 1346/1764/1387 1344/1761/1384 1343/1760/1383
f 1346/1764/1387 1345/1763/1386 1344/1761/1384
f 1349/1767/1390 1343/1760/1383 1342/1759/1382
f 1350/1766/1389 1346/1764/1387 1343/1760/1383
f 1347/1762/1385 1346/1764/1387 1351/1768/1391
f 1354/1770/1393 1352/1773/1396 1334/1751/1375
f 1355/1772/1395 1353/2517/1392 1352/1773/1396
f 1355/1774/1395 1348/1765/1388 1347/1762/1385
f 1356/1776/1398 1349/1767/1390 1342/1759/1382
f 1357/1775/1397 1350/1766/1389 1349/1767/1390
f 1359/1777/1399 1351/1768/1391 1350/1766/1389
f 1360/1778/1400 1358/1780/1402 1336/1752/1376
f 1360/1778/1400 1337/1753/1377 1334/1751/1375
f 1361/1779/1401 1359/2518/1399 1358/1780/1402
f 1361/1779/1401 1360/1778/1400 1352/1773/1396
f 1361/1784/1401 1353/1769/1392 1351/1768/1391
f 1362/1786/1404 1356/1776/1398 1342/1759/1382
f 1364/1785/1403 1357/1775/1397 1356/1776/1398
f 1365/1787/1405 1363/1790/1407 1338/1755/1378
f 1365/1787/1405 1332/1750/1374 1336/1754/1376
f 1366/1789/1406 1364/1797/1403 1363/1790/1407
f 1366/1789/1406 1365/1787/1405 1358/1788/1402
f 1366/1792/1406 1359/1777/1399 1357/1775/1397
f 1367/1794/1409 1342/1759/1382 1341/1758/1381
f 1368/1793/1408 1362/1786/1404 1342/1759/1382
f 1369/1795/1410 1339/1756/1379 1338/1755/1378
f 1370/1796/1411 1369/1795/1410 1363/1790/1407
f 1370/1798/1412 1364/1785/1403 1362/1786/1404
f 1371/1799/1413 1341/1758/1381 388/521/394
f 1372/1800/1414 1340/2048/1615 1339/1756/1379
f 1373/1801/1415 1372/1800/1414 1369/1795/1410
f 1373/2519/1415 1370/1798/1412 1368/1793/1408
f 821/1073/847 1374/1807/1416 828/1087/855
f 1287/1694/1328 1375/1804/1417 1289/1695/1329
f 832/1092/860 1376/1805/1418 1375/1804/1417
f 831/1090/858 1377/1806/1419 1376/1805/1418
f 828/1087/855 1378/1808/1420 1377/1806/1419
f 806/1050/830 1379/1835/1439 1374/1802/1416
f 1380/1809/1421 1293/1702/1336 1289/1695/1329
f 1380/1811/1421 1381/1816/1426 1294/1815/1338
f 1375/1804/1417 1382/1818/1423 1380/1809/1421
f 1383/1810/1422 1381/1816/1426 1380/1811/1421
f 1384/1813/1424 1382/1818/1423 1375/1804/1417
f 1376/1805/1418 1385/1814/1425 1384/1813/1424
f 1383/1810/1422 1382/1812/1423 1386/1820/1427
f 1384/1813/1424 1387/1822/1429 1386/1817/1427
f 1388/1819/1428 1383/1810/1422 1386/1820/1427
f 1385/1814/1425 1389/1825/1431 1387/1822/1429
f 1390/1823/1430 1388/1819/1428 1387/1821/1429
f 1377/1806/1419 1391/1826/1432 1389/1825/1431
f 1378/1808/1420 1392/1827/1433 1391/1826/1432
f 1390/2520/1430 1389/2521/1431 1393/2522/1434
f 1391/1826/1432 1395/1833/1437 1393/1830/1434
f 1396/1831/1436 1394/1829/1435 1393/1828/1434
f 1392/1827/1433 1397/1834/1438 1395/1833/1437
f 1374/1807/1416 1398/1844/1444 1397/1834/1438
f 1396/1837/1436 1395/2523/1437 1399/1838/1441
f 1397/1834/1438 1401/1845/1443 1399/1840/1441
f 1400/1839/1442 1401/2524/1443 1402/1846/1445
f 1398/1844/1444 1404/1852/1451 1402/1848/1447
f 1379/1835/1439 1405/1871/1469 1404/1849/1448
f 1403/1847/1446 1402/1846/1445 1406/1850/1449
f 615/808/623 1409/1855/1454 1379/1835/1439
f 1300/1730/1357 1408/1854/1453 1318/1733/1360
f 1408/1854/1453 1319/1732/1359 1318/1733/1360
f 1383/1810/1422 1411/1857/1456 1408/1854/1453
f 1411/1857/1456 1412/1859/1458 1410/1856/1455
f 1413/1858/1457 1411/1857/1456 1383/1810/1422
f 1414/1860/1459 1413/1858/1457 1388/1819/1428
f 607/798/615 1415/1861/1460 1409/1855/1454
f 1414/1860/1459 1390/1823/1430 1394/1829/1435
f 1417/1863/1462 1416/1862/1461 1394/1829/1435
f 1417/1864/1462 1396/1837/1436 1400/1839/1442
f 1400/1839/1442 1420/1867/1465 1418/1865/1463
f 1420/1867/1465 1421/1869/1467 1419/1866/1464
f 1420/1867/1465 1400/1839/1442 1403/1847/1446
f 1421/1869/1467 1420/1867/1465 1422/1868/1466
f 1422/1868/1466 1403/1847/1446 1407/1851/1450
f 1425/1873/1471 1423/1870/1468 1422/1868/1466
f 1426/1874/1472 1327/1743/1368 1319/1732/1359
f 1417/1863/1462 1427/1875/1473 1416/1862/1461
f 1429/1877/1475 1423/1870/1468 1425/1873/1471
f 836/1096/864 1415/1861/1460 618/811/626
f 1427/1875/1473 1431/1879/1477 1414/1860/1459
f 1432/2525/1478 1417/1864/1462 1428/1876/1474
f 1421/1869/1467 1436/1883/1481 1428/1876/1474
f 1436/1883/1481 1421/1869/1467 1429/1877/1475
f 1434/1882/1480 1335/1771/1394 1327/1743/1368
f 1413/1858/1457 1435/1885/1483 1412/1859/1458
f 1431/1879/1477 1435/1885/1483 1413/1858/1457
f 1433/1881/1479 1437/1884/1482 1429/1877/1475
f 1412/1859/1458 1438/1886/1484 1434/1882/1480
f 1440/1888/1486 1439/1887/1485 1427/1875/1473
f 1428/1876/1474 1440/1920/1486 1432/2525/1478
f 1437/1884/1482 1442/1890/1488 1436/1883/1481
f 1442/1890/1488 1437/1884/1482 1433/1881/1479
f 904/1203/932 1443/1917/1492 919/1204/947
f 1443/1894/1492 904/1184/932 914/1196/942
f 1345/1763/1386 921/1206/949 1344/1761/1384
f 1445/1892/1490 918/1202/946 921/1206/949
f 1446/1893/1491 914/1196/942 918/1202/946
f 1444/1891/1489 1345/1763/1386 1348/1765/1388
f 1448/1896/1494 1354/1770/1393 1335/1771/1394
f 1449/1897/1495 1355/1772/1395 1354/1770/1393
f 1450/1899/1496 1448/1896/1494 1434/1882/1480
f 1451/1900/1497 1449/1897/1495 1448/1896/1494
f 1435/1885/1483 1452/1902/1498 1450/1899/1496
f 1452/1902/1498 1453/1906/1499 1451/1900/1497
f 1447/1895/1493 1348/1765/1388 1451/1901/1497
f 1431/1879/1477 1454/1904/1500 1435/1885/1483
f 1454/1904/1500 1455/1905/1501 1452/1902/1498
f 1455/1905/1501 1456/2526/1502 1453/1906/1499
f 1457/1908/1503 1445/1892/1490 1447/1895/1493
f 1446/1893/1491 1445/1892/1490 1457/1908/1503
f 1443/1894/1492 1446/1893/1491 1458/1909/1504
f 1439/1887/1485 1454/1904/1500 1431/1879/1477
f 1459/2527/1507 1456/2528/1502 1455/2529/1501
f 1440/1888/1486 1460/1911/1506 1455/1905/1501
f 1460/1911/1506 1461/2530/1508 1459/1912/1507
f 1457/1908/1503 1456/1907/1502 1459/1913/1507
f 1458/1909/1504 1457/1908/1503 1461/1914/1508
f 1443/1894/1492 1458/1909/1504 1462/1915/1511
f 1465/1921/1513 1460/1923/1506 1440/1920/1486
f 1466/1922/1514 1461/2531/1508 1460/1923/1506
f 1462/1915/1509 1461/1914/1508 1466/1924/1515
f 919/1204/947 1468/1926/1517 703/922/721
f 1463/1918/1510 1462/1915/1511 1467/1925/1519
f 1464/1919/1512 1428/1876/1474 1441/1889/1487
f 1470/1929/1521 1465/1921/1513 1464/1919/1512
f 1471/1930/1522 1466/1922/1514 1465/1921/1513
f 1470/1929/1521 1472/2532/1523 1471/1930/1522
f 1467/1925/1516 1466/1924/1515 1471/1931/1522
f 1469/1928/1520 1467/1925/1519 1472/1932/1848
f 1474/1934/1525 1470/1929/1521 1442/1890/1488
f 1475/1935/1526 1472/2532/1523 1470/1929/1521
f 1477/1937/1528 1476/1936/1527 919/1204/947
f 1469/1928/1520 1472/1932/1848 1475/1938/1529
f 1314/1725/1353 1479/1942/1533 1313/1724/1352
f 1315/1742/1367 1480/1944/1535 1479/1941/1532
f 1313/1724/1352 1481/1943/1534 1478/1940/1531
f 1479/1942/1533 1482/2533/1849 1481/1943/1534
f 1480/1944/1535 1483/1947/1538 1482/1945/1536
f 1482/2533/1849 1484/1950/1541 1481/1943/1534
f 1485/1946/1537 1484/2534/1541 1482/1945/1536
f 1486/1952/1539 1484/1950/1541 1485/2535/1537
f 1481/1943/1534 1488/1951/1542 1478/1940/1531
f 1484/1950/1541 1489/1953/1543 1488/1951/1542
f 1486/1952/1539 1490/1961/1550 1489/1953/1543
f 1491/1954/1544 1490/2536/1550 1486/1948/1539
f 1492/1955/1545 1490/2537/1550 1491/1956/1544
f 1494/1958/1547 1492/1955/1545 1493/1957/1546
f 1488/1951/1542 1496/1960/1549 1478/1940/1531
f 1489/1953/1543 1497/1962/1551 1496/1960/1549
f 1490/1961/1550 1498/1964/1552 1497/1962/1551
f 1492/1963/1545 1499/1966/1553 1498/1964/1552
f 1494/1965/1547 1500/1972/1559 1499/1966/1553
f 1495/2538/1548 1500/1972/1559 1494/1965/1547
f 1312/1723/1351 1478/1940/1531 1502/1967/1554
f 1312/1723/1351 1503/1968/1555 1501/1969/1556
f 1496/1960/1549 1504/1970/1557 1502/1967/1554
f 1497/1962/1551 1505/1971/1558 1504/1970/1557
f 1499/1966/1553 1506/1973/1560 1505/1971/1558
f 1503/1968/1555 1502/1967/1554 1508/1978/1561
f 1503/1968/1555 1509/2539/1562 1507/1977/1563
f 1504/1970/1557 1510/1982/1566 1508/1978/1561
f 1511/1979/1564 1509/2029/1562 1508/1980/1561
f 1505/1971/1558 1512/1985/1569 1510/1982/1566
f 1513/1983/1567 1511/1979/1564 1510/1981/1565
f 130/163/127 1521/1728/1356 1162/1414/1123
f 1325/1986/1570 1514/1987/1571 1480/1944/1535
f 1514/1987/1571 1515/1989/1573 1483/1947/1538
f 1514/1987/1571 1516/1991/1575 1515/1989/1573
f 1517/1988/1572 1485/1946/1537 1483/1947/1538
f 1518/1990/1574 1517/1988/1572 1515/1989/1573
f 1487/1949/1540 1485/1946/1537 1517/1988/1572
f 1519/1992/1576 1517/1988/1572 1518/1990/1574
f 1522/1994/1578 1491/1954/1544 1487/1949/1540
f 1523/1995/1579 1522/1994/1578 1519/1992/1576
f 1493/1957/1546 1491/1956/1544 1522/1996/1578
f 1524/1997/1580 1522/1996/1578 1523/2037/1579
f 1525/1999/1582 1524/1997/1580 1523/2037/1579
f 1495/1959/1548 1493/1957/1546 1524/1997/1580
f 1527/2002/1585 1526/1998/1581 1525/1999/1582
f 1529/2001/1584 1528/2000/1583 1526/1998/1581
f 1169/1512/1208 1521/1728/1356 1530/2003/1586
f 1169/2540/1208 1531/2009/1587 1181/2011/1219
f 1521/1728/1356 1288/1729/1327 1501/2005/1556
f 1521/2541/1356 1532/2019/1588 1530/2021/1586
f 1531/2004/1587 1530/2003/1586 1533/2007/1589
f 1531/2009/1587 1534/2542/1590 1200/2010/1239
f 1535/2012/1591 1201/1560/1240 1200/2013/1239
f 1536/2015/1592 1202/1558/1241 1201/1560/1240
f 1537/2016/1593 1203/1561/1242 1202/1558/1241
f 1537/2016/1593 1204/1562/1243 1203/1561/1242
f 1532/2006/1588 1501/2005/1556 1507/2017/1563
f 1532/2019/1588 1538/2543/1594 1533/2020/1589
f 1539/2022/1595 1534/2014/1590 1533/2023/1589
f 1540/2025/1596 1535/2012/1591 1534/2014/1590
f 1541/2026/1597 1536/2015/1592 1535/2012/1591
f 1541/2026/1597 1537/2016/1593 1536/2015/1592
f 1542/2027/1598 1538/2024/1594 1507/2028/1563
f 1543/2030/1599 1539/2022/1595 1538/2024/1594
f 1545/2031/1600 1540/2025/1596 1539/2022/1595
f 1546/2033/1602 1537/2016/1593 1541/2026/1597
f 1544/2034/1603 1542/2027/1598 1509/2029/1562
f 1545/2031/1600 1543/2030/1599 1542/2027/1598
f 1546/2033/1602 1541/2026/1597 1545/2031/1600
f 1546/2033/1602 1545/2031/1600 1544/2034/1603
f 1513/1983/1567 1547/2035/1604 1544/2034/1603
f 1520/1993/1577 1548/2043/1606 1523/1995/1579
f 1549/2036/1605 1525/1999/1582 1523/2037/1579
f 1553/2039/1607 1527/2002/1585 1549/2036/1605
f 1326/1748/1372 1550/2040/1608 1514/1987/1571
f 1550/2040/1608 1551/2041/1609 1516/1991/1575
f 1554/2236/1763 1529/2001/1584 1553/2039/1607
f 1556/2053/1611 1548/2043/1606 1552/2042/1610
f 1551/2041/1609 1558/2051/1618 1518/1990/1574
f 1552/2042/1610 1518/1990/1574 1558/2051/1618
f 1559/2046/1613 1549/2036/1605 1556/2044/1611
f 1560/2045/1612 1553/2039/1607 1549/2036/1605
f 1561/2047/1614 1554/2236/1763 1553/2039/1607
f 1555/2032/1601 1235/1679/1319 1204/1562/1243
f 1333/1757/1380 1562/2049/1616 1550/2040/1608
f 1562/2049/1616 1563/2050/1617 1551/2041/1609
f 1372/1800/1414 1566/2057/1623 1562/2049/1616
f 1373/1801/1415 1567/2059/1624 1566/2057/1623
f 1567/2058/1624 1373/2519/1415 1368/1793/1408
f 1566/2057/1623 1568/2060/1625 1563/2050/1617
f 1567/2059/1624 1569/2062/1626 1568/2060/1625
f 1568/2060/1625 1570/2063/1627 1558/2051/1618
f 1569/2062/1626 1571/2067/1628 1570/2063/1627
f 1572/2065/1629 1564/2052/1619 1558/2051/1618
f 1573/2066/1630 1572/2065/1629 1570/2063/1627
f 1565/2056/1622 1367/1794/1409 1574/2068/1631
f 1571/2064/1628 1565/2056/1622 1575/2069/1632
f 1572/2065/1629 1577/2071/1634 1556/2053/1611
f 1573/2066/1630 1578/2544/1635 1577/2071/1634
f 1573/2072/1630 1571/2064/1628 1576/2070/1633
f 1579/2074/1636 1559/2046/1613 1556/2044/1611
f 1580/2076/1637 1579/2074/1636 1577/2075/1634
f 1576/2070/1633 1575/2069/1632 1581/2078/1638
f 1578/2073/1635 1576/2070/1633 1582/2079/1639
f 1580/2545/1637 1584/2546/1641 1579/2547/1636
f 1580/2081/1637 1578/2073/1635 1583/2080/1640
f 1585/2083/1642 1561/2047/1614 1560/2045/1612
f 1586/2084/1643 1585/2083/1642 1579/2074/1636
f 1587/2086/1644 388/521/394 1260/1632/1296
f 1588/2088/1645 1371/1799/1413 388/521/394
f 1589/2089/1646 1574/2068/1631 1371/1799/1413
f 1590/2090/1647 1581/2078/1638 1574/2068/1631
f 1582/2079/1639 1581/2078/1638 1590/2090/1647
f 1583/2080/1640 1582/2079/1639 1591/2091/1648
f 1584/2082/1641 1583/2080/1640 1592/2092/1649
f 1586/2094/1651 1584/2082/1641 1593/2093/1650
f 1555/2032/1601 1595/2096/1653 1282/1680/1320
f 1595/2096/1653 1596/2097/1654 1283/1682/1321
f 1596/2097/1654 1597/2099/1655 1284/2098/1322
f 1597/2099/1655 1598/2109/1656 1285/2100/1323
f 1599/2112/1657 1587/2086/1644 1267/2087/1304
f 1555/2032/1601 1600/2107/1658 1596/2097/1654
f 1600/2107/1658 1601/2108/1659 1597/2099/1655
f 1601/2108/1659 1602/2110/1660 1598/2109/1656
f 1602/2110/1660 1603/2119/1661 1599/2111/1657
f 1604/2122/1662 1588/2088/1645 1587/2086/1644
f 1609/2054/1620 1605/2117/1663 1601/2108/1659
f 1605/2117/1663 1606/2118/1664 1602/2110/1660
f 1606/2118/1664 1607/2120/1665 1603/2119/1661
f 1607/2120/1665 1608/2126/1666 1604/2121/1662
f 1589/2089/1646 1588/2088/1645 1604/2122/1662
f 1609/2054/1620 1610/2124/1667 1606/2118/1664
f 1610/2124/1667 1611/2125/1668 1607/2120/1665
f 1611/2125/1668 1612/2129/1669 1608/2126/1666
f 1612/2127/1669 1590/2090/1647 1589/2089/1646
f 1610/2124/1667 1613/2128/1670 1611/2125/1668
f 1613/2128/1670 1614/2548/1671 1612/2129/1669
f 1614/2130/1671 1591/2091/1648 1590/2090/1647
f 1592/2092/1649 1591/2091/1648 1614/2130/1671
f 1593/2093/1850 1592/2092/1649 1614/2130/1671
f 1615/2320/1673 1614/2548/1671 1613/2128/1670
f 1594/2095/1672 1593/2093/1850 1614/2130/1671
f 1617/2132/1674 1407/1851/1450 1406/1850/1449
f 1404/1852/1451 1616/2139/1681 1406/1853/1452
f 1621/2134/1676 1620/2137/1679 1618/2135/1677
f 1621/2134/1676 1617/2132/1674 1616/2133/1675
f 1622/2138/1680 1620/2144/1679 1616/2139/1681
f 1405/1871/1469 1622/2146/1686 1404/1849/1448
f 1619/2136/1678 1618/2135/1677 1624/2140/1682
f 1626/2142/1684 1624/2152/1682 1618/2143/1677
f 1622/2138/1680 1626/2142/1684 1620/2144/1679
f 1630/2147/1687 1628/2164/1700 1629/2148/1688
f 1633/2151/1690 1632/2153/1691 1630/2168/1687
f 1633/2549/1690 1625/2550/1683 1624/2551/1682
f 1633/2150/1690 1631/2149/1689 1623/2199/1692
f 1634/2157/1693 1632/2153/1691 1624/2152/1682
f 1635/2158/1694 1634/2157/1693 1626/2142/1684
f 1627/2145/1685 1635/2172/1706 1622/2146/1686
f 1636/2159/1695 1500/2552/1559 1495/1959/1548
f 1639/2161/1697 1638/2163/1699 1636/2159/1695
f 1641/2162/1698 1640/2165/1701 1638/2163/1699
f 1641/2162/1698 1629/2148/1688 1628/2164/1700
f 1642/2166/1702 1640/2176/1701 1628/2167/1700
f 1643/2169/1703 1642/2166/1702 1630/2168/1687
f 1644/2170/1704 1643/2169/1703 1632/2153/1691
f 1635/2158/1694 1644/2170/1704 1634/2157/1693
f 1638/2174/1699 1646/2175/1707 1506/1973/1560
f 1647/2177/1708 1646/2175/1707 1640/2176/1701
f 1648/2178/1709 1647/2177/1708 1642/2166/1702
f 1649/2179/1710 1648/2178/1709 1643/2169/1703
f 1650/2180/1711 1649/2179/1710 1644/2170/1704
f 1651/2181/1712 1650/2191/1723 1635/2172/1706
f 1506/1973/1560 1652/2183/1715 1512/1985/1569
f 1653/2186/1718 1513/1983/1567 1652/2182/1713
f 1654/2184/1716 1652/2183/1715 1648/2178/1709
f 1654/2185/1717 1655/2189/1721 1653/2186/1718
f 1656/2187/1719 1654/2184/1716 1649/2179/1710
f 1656/2188/1720 1657/2223/1752 1655/2189/1721
f 1651/2181/1712 1657/2553/1851 1656/2190/1722
f 1658/2192/1724 1424/1872/1470 1407/1851/1450
f 1425/1873/1471 1424/1872/1470 1658/2192/1724
f 1621/2134/1676 1619/2136/1678 1660/2194/1726
f 1662/2195/1727 1658/2192/1724 1617/2132/1674
f 1663/2196/1728 1659/2193/1725 1658/2192/1724
f 1415/1861/1460 1664/2210/1739 1409/1855/1454
f 1666/2198/1730 1625/2554/1683 1623/2199/1692
f 1666/2201/1730 1660/2194/1726 1619/2136/1678
f 1661/2197/1729 1660/2194/1726 1666/2201/1730
f 1409/1855/1454 1627/2145/1685 1405/1871/1469
f 1670/2204/1733 1631/2149/1689 1629/2148/1688
f 1670/2204/1733 1665/2200/1731 1623/2199/1692
f 1670/2204/1733 1668/2205/1734 1669/2206/1735
f 1672/2247/1737 1667/2203/1732 1665/2555/1731
f 1637/2160/1696 1495/1959/1548 1528/2000/1583
f 1676/2213/1742 1639/2161/1697 1637/2160/1696
f 1677/2214/1743 1676/2213/1742 1674/2211/1740
f 1678/2215/1744 1641/2162/1698 1639/2161/1697
f 1668/2205/1734 1629/2148/1688 1641/2162/1698
f 1679/2216/1745 1669/2206/1735 1668/2205/1734
f 1680/2217/1746 1645/2171/1705 1627/2145/1685
f 1681/2218/1747 1680/2217/1746 1409/1855/1454
f 1682/2219/1748 1651/2181/1712 1645/2171/1705
f 1653/2186/1718 1683/2220/1749 1547/2035/1604
f 1655/2189/1721 1684/2222/1751 1683/2220/1749
f 1657/2223/1752 1686/2228/1753 1684/2222/1751
f 1686/2224/1753 1657/2553/1851 1651/2181/1712
f 1686/2228/1753 1685/2221/1750 1684/2222/1751
f 1687/2225/1754 1675/2212/1741 1529/2001/1584
f 1681/2218/1747 1688/2229/1757 1682/2219/1748
f 1685/2221/1750 1689/2226/1755 1683/2220/1749
f 1682/2219/1748 1690/2230/1756 1686/2224/1753
f 1430/1878/1476 1425/1873/1471 1659/2193/1725
f 1693/2233/1760 1663/2196/1728 1692/2232/1759
f 1691/2231/1758 1659/2193/1725 1663/2196/1728
f 836/1096/864 1664/2210/1739 1415/1861/1460
f 1692/2232/1759 1661/2197/1729 1667/2203/1732
f 1696/2235/1762 1669/2206/1735 1695/2245/1772
f 1672/2208/1737 1671/2207/1736 1696/2235/1762
f 1672/2247/1737 1694/2234/1761 1667/2203/1732
f 1697/2237/1764 1677/2214/1743 1687/2225/1754
f 1679/2216/1745 1677/2214/1743 1697/2237/1764
f 1698/2238/1765 1695/2245/1772 1669/2206/1735
f 1673/2209/1738 1699/2239/1766 1681/2218/1747
f 1433/1881/1479 1430/1878/1476 1691/2231/1758
f 1664/2210/1739 1700/2240/1767 1673/2209/1738
f 1699/2239/1766 1701/2242/1769 1688/2229/1757
f 1547/2035/1604 1557/2055/1621 1546/2033/1602
f 1690/2227/1756 1702/2241/1768 1685/2221/1750
f 1701/2242/1769 1703/2556/1770 1690/2230/1756
f 1704/2244/1771 1691/2231/1758 1693/2233/1760
f 1705/1910/1505 1664/2210/1739 836/1096/864
f 1707/2249/1774 1672/2208/1737 1696/2235/1762
f 1687/2225/1754 1554/2236/1763 1561/2047/1614
f 1697/2237/1764 1687/2225/1754 1708/2250/1775
f 1698/2238/1765 1697/2237/1764 1709/2251/1776
f 1689/2226/1755 1757/2252/1777 1547/2035/1604
f 1711/2253/1778 1693/2233/1760 1692/2232/1759
f 1710/2254/1779 1692/2232/1759 1694/2234/1761
f 1706/2246/1773 1695/2245/1772 1712/2298/1819
f 1713/2255/1780 1712/2298/1819 1695/2245/1772
f 1700/2240/1767 1714/2256/1781 1699/2239/1766
f 1714/2256/1781 1715/2260/1785 1701/2242/1769
f 1702/2241/1768 1716/2257/1782 1689/2226/1755
f 1701/2242/1769 1718/2261/1784 1703/2556/1770
f 1718/2259/1784 1717/2258/1783 1702/2241/1768
f 1473/1933/1524 1433/1881/1479 1704/2244/1771
f 1474/1934/1525 1473/1933/1524 1704/2244/1771
f 1475/1935/1526 1474/1934/1525 1719/2262/1786
f 1477/1939/1530 1475/1938/1529 1720/2269/1793
f 1711/2253/1778 1710/2254/1779 1721/2264/1788
f 1719/2262/1786 1704/2244/1771 1711/2253/1778
f 1723/2265/1789 1721/2264/1788 1722/2266/1790
f 1720/2263/1787 1719/2262/1786 1723/2265/1789
f 1477/1937/1528 1725/2287/1807 1476/1936/1527
f 1725/2268/1792 1477/1939/1530 1720/2269/1793
f 1721/2264/1788 1710/2254/1779 1726/2271/1795
f 1722/2266/1790 1721/2264/1788 1727/2272/1796
f 1729/2274/1798 1724/2270/1791 1722/2275/1790
f 1733/2278/1801 1726/2271/1795 1694/2234/1761
f 1733/2277/1801 1706/2246/1773 1730/2300/1821
f 1733/2277/1801 1730/2300/1821 1731/2279/1802
f 1727/2272/1796 1726/2271/1795 1733/2278/1801
f 1734/2280/1803 1731/2279/1802 1732/2282/1804
f 1728/2273/1797 1727/2272/1796 1734/2281/1803
f 1736/2285/1806 1729/2274/1798 1728/2276/1799
f 1476/1936/1527 1737/2288/1808 1468/1926/1517
f 1725/2287/1807 1738/2317/1809 1737/2288/1808
f 1738/2289/1809 1725/2268/1792 1729/2274/1800
f 1739/2290/1811 1708/2250/1775 1561/2047/1614
f 1740/2291/1812 1739/2290/1811 1585/2083/1642
f 1741/2295/1816 1709/2251/1776 1708/2250/1775
f 1742/2292/1813 1741/2295/1816 1708/2250/1775
f 1743/2293/1814 1742/2292/1813 1739/2290/1811
f 1744/2294/1815 1713/2255/1780 1709/2251/1776
f 1745/2296/1817 1744/2294/1815 1741/2295/1816
f 1745/2296/1817 1742/2292/1813 1743/2293/1814
f 1712/2298/1819 1713/2255/1780 1744/2294/1815
f 1730/2300/1821 1706/2246/1773 1712/2298/1819
f 1747/2299/1820 1744/2294/1815 1745/2296/1817
f 1731/2279/1802 1730/2300/1821 1747/2299/1820
f 1731/2279/1802 1745/2296/1817 1746/2297/1818
f 1749/2305/1823 1735/2286/1805 1732/2306/1804
f 1750/2308/1824 1736/2285/1806 1735/2286/1805
f 1740/2310/1826 1586/2094/1651 1594/2095/1652
f 1751/2309/1825 1743/2557/1852 1740/2310/1826
f 1751/2309/1825 1746/2312/1828 1743/2557/1852
f 1752/2311/1827 1748/2307/1822 1746/2312/1828
f 1749/2305/1823 1748/2307/1822 1752/2311/1827
f 1754/2314/1830 1750/2308/1824 1749/2305/1823
f 1755/2315/1831 1715/2260/1785 1714/2256/1781
f 1756/2316/1832 1755/2315/1831 1737/2288/1808
f 1756/2318/1832 1738/2289/1809 1750/2308/1824
f 1557/2055/1621 1757/2252/1777 1610/2124/1667
f 1757/2252/1777 1758/2319/1833 1613/2128/1670
f 1615/2131/1673 1751/2309/1835 1594/2095/1672
f 1758/2319/1833 1759/2558/1834 1615/2320/1673
f 1759/2321/1834 1752/2311/1827 1751/2309/1835
f 1759/2321/1834 1753/2313/1829 1752/2311/1827
f 1760/2322/1836 1758/2319/1833 1716/2257/1782
f 1761/2323/1837 1759/2558/1834 1758/2319/1833
f 1761/2324/1837 1754/2314/1830 1753/2313/1829
f 1762/2325/1838 1760/2322/1836 1717/2258/1783
f 1762/2326/1838 1718/2261/1784 1715/2260/1785
f 1763/2327/1839 1761/2323/1837 1760/2322/1836
f 1763/2328/1839 1762/2326/1838 1755/2315/1831
f 1763/2329/1839 1756/2318/1832 1754/2314/1830
