# Blender 5.2.2 LTS
# www.blender.org
mtllib right_finger3_middle.mtl
o right_finger3_middle
v -0.004501 -0.003105 -0.017140
v -0.004527 -0.003148 -0.016924
v -0.004556 -0.002831 -0.017503
v -0.004590 -0.002937 -0.017269
v -0.004796 -0.002752 -0.017015
v -0.004191 -0.003487 -0.016802
v -0.004311 -0.003182 -0.017176
v -0.004307 -0.003323 -0.016925
v -0.004325 -0.002967 -0.017444
v -0.003977 -0.003551 -0.016838
v -0.003986 -0.003353 -0.017074
v -0.004026 -0.002998 -0.017462
v -0.003647 -0.003700 -0.016742
v -0.003681 -0.003374 -0.017091
v -0.003578 -0.003068 -0.017408
v -0.003334 -0.003718 -0.016753
v -0.004523 -0.003202 -0.016658
v -0.004557 -0.003181 -0.016159
v -0.004685 -0.002978 -0.016528
v -0.004223 -0.003537 -0.016581
v -0.004212 -0.003602 -0.016290
v -0.004261 -0.003573 -0.015813
v -0.004419 -0.003371 -0.016185
v -0.003853 -0.003853 -0.016455
v -0.003886 -0.003905 -0.016232
v -0.003871 -0.003970 -0.015921
v -0.003924 -0.003941 -0.015474
v -0.003976 -0.003699 -0.016581
v -0.004095 -0.003762 -0.015828
v -0.003497 -0.004197 -0.016101
v -0.003525 -0.004245 -0.015877
v -0.003548 -0.004275 -0.015517
v -0.003631 -0.003908 -0.016490
v -0.003627 -0.004053 -0.016230
v -0.003737 -0.004116 -0.015475
v -0.003096 -0.004537 -0.015718
v -0.003149 -0.004545 -0.015525
v -0.003158 -0.004564 -0.015100
v -0.003274 -0.004251 -0.016134
v -0.003260 -0.004386 -0.015870
v -0.003341 -0.004437 -0.015128
v -0.003311 -0.004033 -0.016409
v -0.002920 -0.004568 -0.015773
v -0.002941 -0.004697 -0.015119
v -0.003013 -0.004331 -0.016100
v -0.002933 -0.004034 -0.016443
v -0.003596 -0.004287 -0.006514
v -0.004626 -0.003192 -0.005318
v -0.004321 -0.003588 -0.005698
v -0.004471 -0.003402 -0.005805
v -0.003976 -0.003955 -0.006230
v -0.004145 -0.003784 -0.006166
v -0.003800 -0.004117 -0.006223
v -0.003195 -0.004576 -0.006480
v -0.003399 -0.004436 -0.006563
v -0.002974 -0.004711 -0.006953
v -0.004767 -0.002979 -0.005152
v -0.003931 -0.003960 -0.005753
v -0.003547 -0.004305 -0.006125
v -0.003544 -0.004254 -0.005827
v -0.003168 -0.004559 -0.006175
v -0.003274 -0.004384 -0.005836
v -0.003115 -0.004538 -0.005986
v -0.002925 -0.004557 -0.005933
v -0.002973 -0.004342 -0.005658
v -0.004588 -0.003202 -0.005011
v -0.004564 -0.003172 -0.004777
v -0.004530 -0.003116 -0.004562
v -0.004809 -0.002861 -0.004728
v -0.004627 -0.002947 -0.004436
v -0.004583 -0.002827 -0.004211
v -0.004271 -0.003598 -0.005383
v -0.004242 -0.003556 -0.005127
v -0.004203 -0.003490 -0.004912
v -0.004323 -0.003333 -0.004785
v -0.004323 -0.003176 -0.004535
v -0.004331 -0.002962 -0.004292
v -0.003904 -0.003915 -0.005477
v -0.003862 -0.003847 -0.005262
v -0.003986 -0.003697 -0.005135
v -0.003982 -0.003537 -0.004884
v -0.003984 -0.003339 -0.004658
v -0.003895 -0.003090 -0.004385
v -0.003508 -0.004192 -0.005612
v -0.003637 -0.004047 -0.005485
v -0.003635 -0.003889 -0.005234
v -0.003640 -0.003691 -0.005006
v -0.003280 -0.004235 -0.005584
v -0.003296 -0.004035 -0.005350
v -0.002860 -0.004127 -0.005421
v -0.005218 -0.000709 -0.019609
v -0.005221 -0.000359 -0.019959
v -0.005271 -0.000480 -0.019730
v -0.005220 -0.000009 -0.020309
v -0.005272 -0.000130 -0.020080
v -0.005368 -0.000161 -0.019761
v -0.005010 -0.000910 -0.019509
v -0.005011 -0.000564 -0.019856
v -0.005011 -0.000215 -0.020206
v -0.004668 -0.000609 -0.019861
v -0.004702 -0.000071 -0.020395
v -0.004415 0.000747 -0.021224
v -0.005195 -0.001377 -0.018898
v -0.005230 -0.001439 -0.018679
v -0.005270 -0.001478 -0.018366
v -0.005288 -0.001523 -0.017917
v -0.005209 -0.001057 -0.019256
v -0.005248 -0.001171 -0.019024
v -0.005321 -0.001187 -0.018709
v -0.005348 -0.001217 -0.018264
v -0.005265 -0.000829 -0.019379
v -0.005350 -0.000860 -0.019060
v -0.005395 -0.000876 -0.018625
v -0.005364 -0.000511 -0.019411
v -0.005408 -0.000522 -0.019072
v -0.005426 -0.000527 -0.018685
v -0.005415 -0.000172 -0.019422
v -0.005436 -0.000169 -0.019033
v -0.004857 -0.002417 -0.017847
v -0.004889 -0.002468 -0.017628
v -0.004900 -0.002518 -0.017410
v -0.004940 -0.002505 -0.016942
v -0.004895 -0.002116 -0.018206
v -0.004935 -0.002226 -0.017974
v -0.005020 -0.002238 -0.017659
v -0.005047 -0.002257 -0.017228
v -0.004933 -0.001795 -0.018559
v -0.004984 -0.001917 -0.018329
v -0.005094 -0.001960 -0.018009
v -0.005141 -0.001971 -0.017672
v -0.005160 -0.001966 -0.017285
v -0.005017 -0.001453 -0.018934
v -0.005036 -0.001621 -0.018680
v -0.005152 -0.001697 -0.018361
v -0.005210 -0.001726 -0.018022
v -0.005230 -0.001753 -0.017581
v -0.005013 -0.001234 -0.019175
v -0.004666 -0.002495 -0.017883
v -0.004672 -0.002652 -0.017628
v -0.004671 -0.002277 -0.018135
v -0.004671 -0.001971 -0.018457
v -0.004692 -0.001633 -0.018809
v -0.004727 -0.001129 -0.019334
v -0.004337 -0.002677 -0.017759
v -0.004402 -0.002167 -0.018294
v -0.004279 -0.001637 -0.018837
v -0.003997 -0.002665 -0.017806
v -0.004824 -0.002738 -0.016568
v -0.005559 -0.000169 -0.002997
v -0.005015 -0.002538 -0.004751
v -0.005135 -0.002273 -0.004738
v -0.005225 -0.002057 -0.004422
v -0.005387 -0.001536 -0.003768
v -0.005511 -0.000868 -0.003381
v -0.005544 -0.000521 -0.003051
v -0.004888 -0.002777 -0.005116
v -0.005304 -0.001828 -0.004064
v -0.005456 -0.001217 -0.003716
v -0.005280 -0.001820 -0.003686
v -0.005240 -0.001779 -0.003378
v -0.005203 -0.001713 -0.003163
v -0.005350 -0.001532 -0.003344
v -0.005266 -0.001507 -0.003037
v -0.005441 -0.001216 -0.003330
v -0.005396 -0.001202 -0.002997
v -0.005486 -0.000870 -0.002980
v -0.004963 -0.002543 -0.004295
v -0.004931 -0.002497 -0.004078
v -0.004885 -0.002426 -0.003863
v -0.005111 -0.002302 -0.004378
v -0.005076 -0.002283 -0.004044
v -0.004972 -0.002245 -0.003736
v -0.004925 -0.002122 -0.003512
v -0.005201 -0.002061 -0.004030
v -0.005146 -0.002034 -0.003697
v -0.005034 -0.001952 -0.003387
v -0.005018 -0.001780 -0.003136
v -0.005027 -0.001598 -0.002954
v -0.004698 -0.002661 -0.004086
v -0.004681 -0.002485 -0.003836
v -0.004674 -0.002275 -0.003607
v -0.004691 -0.001953 -0.003272
v -0.004754 -0.001360 -0.002665
v -0.004345 -0.002657 -0.003972
v -0.004309 -0.001941 -0.003238
v -0.004273 -0.002424 -0.003725
v -0.005222 -0.001386 -0.002813
v -0.005293 -0.001163 -0.002687
v -0.005240 -0.001037 -0.002463
v -0.005430 -0.000853 -0.002647
v -0.005314 -0.000813 -0.002337
v -0.005255 -0.000687 -0.002113
v -0.005515 -0.000520 -0.002630
v -0.005452 -0.000503 -0.002297
v -0.005329 -0.000463 -0.001987
v -0.005265 -0.000337 -0.001763
v -0.005553 -0.000174 -0.002626
v -0.005529 -0.000170 -0.002280
v -0.005464 -0.000153 -0.001947
v -0.005336 -0.000112 -0.001638
v -0.005269 0.000013 -0.001413
v -0.005021 -0.001433 -0.002768
v -0.005035 -0.001249 -0.002601
v -0.005028 -0.001082 -0.002418
v -0.005043 -0.000899 -0.002251
v -0.005034 -0.000732 -0.002068
v -0.005049 -0.000549 -0.001901
v -0.005039 -0.000382 -0.001718
v -0.005052 -0.000198 -0.001552
v -0.005040 -0.000032 -0.001368
v -0.004642 -0.000891 -0.002189
v -0.004718 -0.000534 -0.001839
v -0.004674 -0.000180 -0.001482
v -0.001997 -0.004057 -0.016426
v -0.001059 -0.002870 -0.017618
v -0.001606 -0.003626 -0.016852
v -0.001205 -0.003403 -0.017057
v -0.000924 -0.003538 -0.016826
v -0.000907 -0.003281 -0.017149
v -0.000606 -0.003294 -0.016944
v -0.000523 -0.003088 -0.017292
v -0.000677 -0.002908 -0.017560
v -0.000415 -0.003159 -0.017084
v -0.000373 -0.003201 -0.016820
v -0.000171 -0.002886 -0.017558
v -0.000168 -0.003032 -0.017293
v -0.000192 -0.003116 -0.016971
v -0.002418 -0.004909 -0.015363
v -0.002480 -0.004917 -0.015179
v -0.002490 -0.004937 -0.014776
v -0.002493 -0.004641 -0.015796
v -0.002599 -0.004765 -0.015527
v -0.002703 -0.004832 -0.014771
v -0.002654 -0.004286 -0.016186
v -0.002188 -0.004933 -0.015430
v -0.002225 -0.005048 -0.014809
v -0.001919 -0.004960 -0.015447
v -0.001924 -0.005073 -0.015185
v -0.001955 -0.005149 -0.014418
v -0.001962 -0.004749 -0.015719
v -0.001384 -0.005240 -0.015072
v -0.001447 -0.005272 -0.014865
v -0.001475 -0.005284 -0.014476
v -0.001490 -0.005012 -0.015431
v -0.001573 -0.005143 -0.015180
v -0.001704 -0.005228 -0.014428
v -0.001610 -0.004121 -0.016357
v -0.001190 -0.005338 -0.014431
v -0.000772 -0.005158 -0.015308
v -0.001179 -0.004631 -0.015850
v -0.001288 -0.004106 -0.016338
v -0.001254 -0.003750 -0.016690
v -0.000793 -0.005282 -0.015102
v -0.000743 -0.005359 -0.014841
v -0.000862 -0.005381 -0.014430
v -0.001276 -0.004876 -0.015608
v -0.000876 -0.004633 -0.015832
v -0.000853 -0.004792 -0.015689
v -0.000908 -0.004250 -0.016133
v -0.000883 -0.004434 -0.015979
v -0.000993 -0.003884 -0.016459
v -0.000873 -0.004008 -0.016218
v -0.000717 -0.003934 -0.015910
v -0.000664 -0.003894 -0.015478
v -0.000908 -0.003699 -0.016578
v -0.000775 -0.003761 -0.016259
v -0.000706 -0.003756 -0.015922
v -0.000683 -0.003742 -0.015481
v -0.000511 -0.005408 -0.014415
v -0.000317 -0.004629 -0.015779
v -0.000704 -0.004245 -0.016060
v -0.000548 -0.004358 -0.015866
v -0.000420 -0.004262 -0.015561
v -0.000391 -0.004220 -0.015112
v -0.000715 -0.004116 -0.016082
v -0.000630 -0.004109 -0.015877
v -0.000577 -0.004075 -0.015567
v -0.000566 -0.004053 -0.015180
v -0.000694 -0.003521 -0.016574
v -0.000655 -0.003558 -0.016265
v -0.000626 -0.003560 -0.015909
v -0.000525 -0.003338 -0.016604
v -0.000506 -0.003358 -0.016271
v -0.000487 -0.003353 -0.015819
v 0.000452 -0.005299 -0.015098
v 0.000033 -0.005382 -0.014833
v 0.000144 -0.005420 -0.014432
v -0.000165 -0.005419 -0.014112
v 0.000791 -0.004993 -0.015499
v 0.000046 -0.004827 -0.015648
v -0.000175 -0.004461 -0.015764
v -0.000151 -0.004366 -0.015537
v -0.000145 -0.004326 -0.015123
v -0.000327 -0.003204 -0.016238
v -0.000132 -0.003127 -0.016532
v -0.000884 -0.005381 -0.007606
v -0.000668 -0.003913 -0.006220
v -0.000538 -0.005406 -0.007614
v -0.000278 -0.003238 -0.005439
v -0.002515 -0.004948 -0.006908
v -0.002752 -0.004833 -0.006929
v -0.002258 -0.005054 -0.007228
v -0.001979 -0.005155 -0.007618
v -0.001496 -0.005287 -0.007267
v -0.001748 -0.005227 -0.007287
v -0.001220 -0.005338 -0.007305
v -0.000680 -0.003771 -0.006148
v -0.000398 -0.004252 -0.006605
v -0.000571 -0.004077 -0.006499
v -0.000619 -0.003607 -0.005784
v 0.000043 -0.005419 -0.007626
v -0.000145 -0.004368 -0.006596
v -0.000089 -0.003160 -0.005179
v -0.002531 -0.004909 -0.006540
v -0.002403 -0.004894 -0.006296
v -0.002608 -0.004757 -0.006183
v -0.002196 -0.005057 -0.006809
v -0.002239 -0.004998 -0.006523
v -0.002262 -0.004704 -0.006006
v -0.001929 -0.005063 -0.006524
v -0.001743 -0.004964 -0.006300
v -0.001432 -0.005278 -0.006867
v -0.001383 -0.005233 -0.006643
v -0.001580 -0.005127 -0.006533
v -0.001188 -0.004870 -0.006156
v -0.001070 -0.005119 -0.006423
v -0.001216 -0.004408 -0.005704
v -0.000745 -0.005382 -0.007178
v -0.000768 -0.005345 -0.006869
v -0.000818 -0.005261 -0.006621
v -0.000860 -0.004761 -0.006050
v -0.000860 -0.004552 -0.005866
v -0.000915 -0.004237 -0.005598
v -0.000722 -0.003941 -0.005797
v -0.000702 -0.003776 -0.005780
v -0.000433 -0.004282 -0.006147
v -0.000558 -0.004355 -0.005857
v -0.000591 -0.004085 -0.006136
v -0.000643 -0.004112 -0.005834
v -0.000468 -0.003398 -0.005520
v 0.000273 -0.005407 -0.007210
v 0.000442 -0.005365 -0.006884
v 0.000535 -0.005271 -0.006621
v 0.000027 -0.004793 -0.006092
v -0.000176 -0.004616 -0.005964
v -0.000155 -0.004402 -0.006174
v -0.000178 -0.004472 -0.005964
v 0.000078 -0.002384 -0.003668
v -0.001681 -0.004029 -0.005319
v -0.001378 -0.003203 -0.004491
v -0.001225 -0.004060 -0.005398
v -0.001264 -0.003665 -0.004977
v -0.000877 -0.003999 -0.005501
v -0.000955 -0.003752 -0.005161
v -0.000771 -0.003774 -0.005450
v -0.000924 -0.003528 -0.004893
v -0.000896 -0.003361 -0.004708
v -0.000829 -0.003050 -0.004354
v -0.000049 -0.002652 -0.003941
v -0.000714 -0.004235 -0.005662
v -0.000726 -0.004111 -0.005634
v -0.000639 -0.003585 -0.005437
v -0.000685 -0.003540 -0.005132
v -0.000615 -0.003341 -0.004810
v -0.000502 -0.003368 -0.005098
v -0.000629 -0.003245 -0.004621
v -0.000360 -0.002872 -0.004183
v -0.000287 -0.003227 -0.005087
v -0.000318 -0.003201 -0.004783
v -0.000117 -0.003127 -0.004749
v -0.000192 -0.003042 -0.004441
v 0.000012 -0.002650 -0.017844
v -0.005219 0.000341 -0.020659
v -0.005271 0.000220 -0.020430
v -0.005366 0.000189 -0.020111
v -0.005414 0.000178 -0.019772
v -0.005218 0.000691 -0.021009
v -0.005269 0.000570 -0.020780
v -0.005363 0.000539 -0.020461
v -0.005410 0.000528 -0.020122
v -0.005433 0.000618 -0.019803
v -0.005213 0.001046 -0.021355
v -0.005266 0.000921 -0.021130
v -0.005361 0.000889 -0.020811
v -0.005412 0.000891 -0.020455
v -0.005197 0.001409 -0.021627
v -0.005255 0.001280 -0.021458
v -0.005354 0.001241 -0.021158
v -0.005403 0.001228 -0.020822
v -0.005425 0.001286 -0.020457
v -0.005225 0.001649 -0.021652
v -0.005346 0.001695 -0.021455
v -0.005400 0.001626 -0.021153
v -0.005418 0.001597 -0.020811
v -0.005237 0.002987 -0.021652
v -0.005413 0.004374 -0.020492
v -0.005011 0.000135 -0.020556
v -0.005010 0.000488 -0.020909
v -0.005020 0.000995 -0.021409
v -0.005029 0.000823 -0.021229
v -0.005013 0.001381 -0.021675
v -0.005025 0.001192 -0.021554
v -0.005017 0.001623 -0.021721
v -0.005012 0.002039 -0.021736
v -0.005007 0.002631 -0.021732
v -0.004702 0.000466 -0.020933
v -0.004692 0.000973 -0.021434
v -0.004703 0.001378 -0.021694
v -0.004642 0.001164 -0.021585
v -0.004621 0.001648 -0.021745
v -0.004597 0.001919 -0.021750
v -0.004752 0.002620 -0.021720
v -0.004370 0.001935 -0.021732
v -0.004388 0.002273 -0.021673
v -0.004246 0.002389 -0.021471
v -0.004188 0.002437 -0.021047
v -0.004199 0.002426 -0.017020
v -0.004517 0.002594 -0.021652
v -0.004425 0.002668 -0.021466
v -0.004344 0.002647 -0.021045
v -0.003639 0.001580 -0.021722
v -0.004010 0.001921 -0.021699
v -0.003894 0.002046 -0.021589
v -0.004127 0.002141 -0.021648
v -0.004018 0.002197 -0.021484
v -0.004015 0.002270 -0.021064
v -0.003671 0.001822 -0.021669
v -0.003670 0.001987 -0.021461
v -0.003605 0.002012 -0.021055
v -0.003828 0.002130 -0.021022
v -0.003142 0.001736 -0.021656
v -0.003325 0.001871 -0.021469
v -0.003311 0.001915 -0.021077
v -0.003310 0.001914 -0.017318
v -0.001665 0.001358 -0.021693
v -0.002976 0.001827 -0.021463
v -0.002971 0.001867 -0.021087
v -0.005436 0.000208 -0.019415
v -0.004370 0.002634 -0.015977
v -0.003837 0.002119 -0.017197
v -0.004017 0.002253 -0.017287
v -0.003638 0.002018 -0.017379
v -0.003596 0.001997 -0.016025
v -0.002972 0.001871 -0.017151
v -0.005565 0.000223 -0.002636
v -0.003864 0.002107 -0.010129
v -0.004054 0.002238 -0.009435
v -0.004238 0.002409 -0.009312
v -0.004410 0.002619 -0.009443
v -0.003321 0.001907 -0.008762
v -0.002992 0.001878 -0.007441
v -0.004528 0.002807 -0.009349
v -0.003650 0.001983 -0.001001
v -0.004443 0.002579 -0.000967
v -0.003899 0.002092 -0.000971
v -0.002991 0.001882 -0.000950
v -0.004570 0.002776 -0.000974
v -0.004277 0.002387 -0.000976
v -0.004084 0.002215 -0.000938
v -0.003330 0.001902 -0.000980
v -0.005562 0.000176 -0.002287
v -0.005535 0.000180 -0.001930
v -0.005468 0.000197 -0.001597
v -0.005339 0.000238 -0.001288
v -0.005271 0.000363 -0.001063
v -0.005562 0.000526 -0.001926
v -0.005538 0.000530 -0.001580
v -0.005470 0.000547 -0.001247
v -0.005340 0.000588 -0.000938
v -0.005272 0.000713 -0.000714
v -0.005570 0.000992 -0.001796
v -0.005564 0.000876 -0.001576
v -0.005539 0.000880 -0.001231
v -0.005471 0.000897 -0.000898
v -0.005339 0.000937 -0.000593
v -0.005263 0.001063 -0.000387
v -0.005569 0.001232 -0.001249
v -0.005538 0.001230 -0.000883
v -0.005459 0.001244 -0.000566
v -0.005311 0.001275 -0.000324
v -0.005561 0.001634 -0.000877
v -0.005505 0.001699 -0.000541
v -0.005333 0.001583 -0.000275
v -0.005338 0.002039 -0.000255
v -0.005053 0.000152 -0.001202
v -0.005041 0.000318 -0.001018
v -0.005053 0.000502 -0.000852
v -0.005041 0.000669 -0.000669
v -0.005053 0.000855 -0.000504
v -0.005039 0.001037 -0.000330
v -0.005050 0.001275 -0.000202
v -0.005056 0.001584 -0.000119
v -0.005058 0.001926 -0.000092
v -0.005058 0.002275 -0.000103
v -0.005075 0.002769 -0.000144
v -0.004719 0.000166 -0.001139
v -0.004631 0.000573 -0.000727
v -0.004669 0.000822 -0.000483
v -0.004674 0.001027 -0.000305
v -0.004722 0.001273 -0.000163
v -0.004679 0.001600 -0.000064
v -0.004724 0.001925 -0.000058
v -0.004730 0.002270 -0.000116
v -0.004618 0.002736 -0.000535
v -0.004746 0.002624 -0.000233
v -0.004247 0.001271 -0.000164
v -0.004380 0.001919 -0.000112
v -0.004335 0.002362 -0.000535
v -0.004412 0.002238 -0.000241
v -0.004529 0.002480 -0.000309
v -0.004024 0.001578 -0.000111
v -0.003934 0.002041 -0.000536
v -0.004026 0.001903 -0.000230
v -0.004170 0.002121 -0.000309
v -0.003682 0.001547 -0.000126
v -0.003640 0.001927 -0.000538
v -0.003668 0.001801 -0.000255
v -0.003319 0.001862 -0.000541
v -0.003323 0.001753 -0.000264
v -0.002579 0.001542 -0.000129
v -0.002976 0.001847 -0.000542
v -0.002974 0.001745 -0.000265
v -0.005341 0.004636 -0.021461
v -0.005389 0.004670 -0.021168
v -0.005405 0.004733 -0.020802
v -0.005222 0.004971 -0.021655
v -0.005314 0.005059 -0.021458
v -0.005364 0.005063 -0.021162
v -0.005383 0.005089 -0.020686
v -0.005187 0.005253 -0.021625
v -0.005231 0.005361 -0.021454
v -0.005303 0.005361 -0.021155
v -0.005323 0.005367 -0.020715
v -0.005062 0.003448 -0.021711
v -0.005006 0.004570 -0.021730
v -0.005016 0.005037 -0.021721
v -0.005010 0.005287 -0.021677
v -0.005016 0.005463 -0.021556
v -0.004758 0.002968 -0.021667
v -0.004629 0.003073 -0.021464
v -0.004577 0.003101 -0.021165
v -0.004562 0.003103 -0.020732
v -0.004834 0.003330 -0.021656
v -0.004694 0.003356 -0.021463
v -0.004632 0.003363 -0.021164
v -0.004611 0.003355 -0.020708
v -0.004849 0.003676 -0.021655
v -0.004703 0.003680 -0.021464
v -0.004640 0.003669 -0.021164
v -0.004621 0.003666 -0.020765
v -0.004815 0.004022 -0.021663
v -0.004648 0.004024 -0.021474
v -0.004600 0.003964 -0.021163
v -0.004586 0.003951 -0.020764
v -0.004737 0.004367 -0.021692
v -0.004612 0.004252 -0.021574
v -0.004725 0.004722 -0.021728
v -0.004717 0.005042 -0.021735
v -0.004715 0.005302 -0.021699
v -0.004715 0.005498 -0.021597
v -0.004582 0.002820 -0.021627
v -0.004473 0.002875 -0.021050
v -0.004550 0.004194 -0.021384
v -0.004520 0.004185 -0.021101
v -0.004529 0.004196 -0.018836
v -0.004409 0.004758 -0.021662
v -0.004485 0.004386 -0.021471
v -0.004417 0.004393 -0.021061
v -0.004306 0.004677 -0.021468
v -0.004273 0.004611 -0.021057
v -0.004387 0.005056 -0.021715
v -0.004377 0.005307 -0.021700
v -0.004212 0.005506 -0.021610
v -0.004194 0.004891 -0.021629
v -0.004102 0.004805 -0.021059
v -0.003995 0.005118 -0.021654
v -0.003948 0.005012 -0.021462
v -0.003873 0.005013 -0.021168
v -0.003897 0.004977 -0.020704
v -0.003705 0.005338 -0.021663
v -0.003676 0.005117 -0.020762
v -0.003693 0.005482 -0.021574
v -0.003568 0.005258 -0.021609
v -0.003509 0.005259 -0.021457
v -0.003332 0.005300 -0.021169
v -0.003457 0.005219 -0.020800
v -0.003530 0.005328 -0.021622
v -0.003374 0.005415 -0.021469
v -0.003225 0.005284 -0.020742
v -0.002985 0.005474 -0.021381
v -0.002967 0.005362 -0.021148
v -0.002949 0.005312 -0.020702
v -0.005561 0.004337 -0.001263
v -0.005369 0.005371 -0.014002
v -0.004632 0.003666 -0.018860
v -0.004593 0.003981 -0.018780
v -0.004509 0.002842 -0.013981
v -0.004425 0.004402 -0.018945
v -0.004271 0.004634 -0.018462
v -0.004104 0.004818 -0.018639
v -0.004617 0.003031 -0.009482
v -0.004140 0.004842 -0.011169
v -0.003943 0.004997 -0.011119
v -0.003709 0.005137 -0.011281
v -0.003491 0.005232 -0.011593
v -0.003271 0.005289 -0.011117
v -0.002975 0.005311 -0.011245
v -0.004684 0.003337 -0.009405
v -0.004700 0.003673 -0.009418
v -0.004623 0.004285 -0.000958
v -0.004517 0.004489 -0.000906
v -0.005457 0.005370 -0.000946
v -0.005533 0.005058 -0.000955
v -0.004717 0.003994 -0.000959
v -0.004193 0.004876 -0.000717
v -0.003995 0.005022 -0.000954
v -0.003761 0.005157 -0.000926
v -0.003535 0.005253 -0.000982
v -0.003290 0.005307 -0.000980
v -0.003005 0.005321 -0.000982
v -0.004676 0.003029 -0.000961
v -0.004747 0.003335 -0.000945
v -0.004763 0.003669 -0.000943
v -0.004353 0.004710 -0.000957
v -0.005338 0.004665 -0.000264
v -0.005496 0.004670 -0.000540
v -0.005557 0.004724 -0.000938
v -0.005472 0.005068 -0.000543
v -0.005320 0.005066 -0.000268
v -0.005408 0.005379 -0.000555
v -0.005286 0.005371 -0.000303
v -0.005107 0.003946 -0.000158
v -0.005061 0.004727 -0.000113
v -0.005052 0.005067 -0.000118
v -0.005041 0.005379 -0.000176
v -0.004722 0.003010 -0.000539
v -0.004847 0.002982 -0.000259
v -0.004787 0.003331 -0.000541
v -0.004895 0.003327 -0.000267
v -0.004800 0.003673 -0.000542
v -0.004903 0.003676 -0.000268
v -0.004756 0.004011 -0.000540
v -0.004868 0.004029 -0.000262
v -0.004660 0.004315 -0.000539
v -0.004773 0.004402 -0.000242
v -0.004755 0.004737 -0.000138
v -0.004722 0.005065 -0.000109
v -0.004718 0.005382 -0.000147
v -0.004518 0.004536 -0.000559
v -0.004581 0.004560 -0.000327
v -0.004354 0.004766 -0.000549
v -0.004500 0.004770 -0.000275
v -0.004246 0.004944 -0.000424
v -0.004368 0.005062 -0.000219
v -0.004370 0.005383 -0.000179
v -0.004048 0.005037 -0.000551
v -0.004055 0.005181 -0.000295
v -0.004026 0.005408 -0.000226
v -0.003577 0.005298 -0.000558
v -0.003821 0.005252 -0.000350
v -0.003674 0.005415 -0.000319
v -0.003290 0.005364 -0.000566
v -0.003316 0.005479 -0.000354
v -0.002982 0.005374 -0.000567
v -0.002969 0.005484 -0.000357
v -0.005179 0.005537 -0.021345
v -0.005208 0.005572 -0.021068
v -0.005006 0.005606 -0.021388
v -0.005008 0.005671 -0.021137
v -0.005003 0.005701 -0.020731
v -0.004713 0.005647 -0.021416
v -0.004713 0.005733 -0.021147
v -0.004703 0.005772 -0.020724
v -0.004182 0.005659 -0.021436
v -0.004283 0.005756 -0.021159
v -0.004361 0.005796 -0.020789
v -0.003965 0.005802 -0.020411
v -0.003679 0.005651 -0.021416
v -0.003501 0.005754 -0.021144
v -0.003124 0.005640 -0.021366
v -0.001984 0.005752 -0.021139
v -0.004412 0.005812 -0.001189
v -0.005250 0.005596 -0.011393
v -0.005022 0.005724 -0.011938
v -0.004715 0.005785 -0.012082
v -0.004023 0.005813 -0.001608
v -0.005296 0.005616 -0.000935
v -0.005046 0.005748 -0.000957
v -0.004735 0.005799 -0.000975
v -0.005273 0.005602 -0.000570
v -0.005230 0.005563 -0.000362
v -0.005034 0.005709 -0.000562
v -0.005027 0.005604 -0.000316
v -0.004685 0.005748 -0.000555
v -0.004648 0.005613 -0.000287
v -0.004279 0.005802 -0.000886
v -0.003521 0.005755 -0.000570
v -0.003961 0.005624 -0.000325
v -0.003243 0.005647 -0.000366
v -0.002227 0.001577 -0.021722
v -0.002391 0.001756 -0.021658
v -0.002631 0.001839 -0.021462
v -0.002623 0.001889 -0.021071
v 0.000659 0.001152 -0.021596
v -0.002305 0.001901 -0.021463
v -0.002313 0.001968 -0.021035
v -0.001559 0.001657 -0.021744
v -0.001915 0.001891 -0.021670
v -0.002014 0.002014 -0.021468
v -0.002060 0.002059 -0.021165
v -0.002059 0.002082 -0.020737
v -0.001766 0.002105 -0.021632
v -0.001714 0.002316 -0.021169
v -0.001861 0.002215 -0.020766
v -0.001564 0.001917 -0.021728
v -0.001526 0.002227 -0.021667
v -0.001629 0.002329 -0.021463
v -0.001677 0.002382 -0.020752
v -0.001405 0.002468 -0.021632
v -0.001320 0.002718 -0.021467
v -0.001502 0.002560 -0.021164
v -0.001510 0.002578 -0.020761
v -0.001181 0.001626 -0.021746
v -0.001222 0.001930 -0.021752
v -0.001210 0.002266 -0.021731
v -0.001187 0.002617 -0.021673
v -0.001366 0.002765 -0.021165
v -0.001384 0.002777 -0.020755
v -0.000859 0.002509 -0.021749
v 0.001708 0.001357 -0.021699
v -0.000534 0.001985 -0.021762
v -0.001899 0.002233 -0.013878
v -0.001542 0.002616 -0.013570
v -0.001422 0.002810 -0.013460
v -0.002634 0.001903 -0.014165
v -0.002355 0.002000 -0.008028
v -0.002114 0.002118 -0.007248
v -0.001707 0.002413 -0.013803
v -0.001925 0.002256 -0.007263
v -0.001741 0.002430 -0.007597
v -0.002636 0.001919 -0.007200
v -0.001577 0.002636 -0.007813
v -0.002319 0.002017 -0.007015
v -0.002650 0.001928 -0.000952
v -0.002360 0.002022 -0.000965
v -0.002135 0.002140 -0.000914
v -0.001941 0.002286 -0.000926
v -0.001765 0.002459 -0.000970
v -0.001622 0.002650 -0.000968
v -0.001884 0.001268 -0.000158
v -0.002639 0.001891 -0.000540
v -0.002621 0.001780 -0.000260
v -0.002335 0.001987 -0.000539
v -0.002248 0.001875 -0.000240
v -0.001984 0.002196 -0.000504
v -0.002093 0.002064 -0.000328
v -0.001923 0.001578 -0.000084
v -0.001914 0.001892 -0.000132
v -0.001888 0.002140 -0.000274
v 0.004687 0.000807 -0.000475
v -0.001809 0.001559 -0.000084
v -0.001579 0.001926 -0.000082
v -0.001718 0.002416 -0.000533
v -0.001584 0.002283 -0.000217
v -0.001573 0.002644 -0.000544
v -0.001455 0.002605 -0.000269
v -0.001260 0.001585 -0.000056
v -0.001227 0.002280 -0.000074
v -0.001202 0.002625 -0.000120
v -0.001057 0.001979 -0.000022
v -0.000873 0.002626 -0.000038
v -0.000364 0.002438 -0.000013
v -0.000529 0.002947 -0.000022
v 0.000976 0.001941 -0.000022
v 0.000321 0.002330 -0.000013
v -0.002635 0.005469 -0.021381
v -0.002664 0.005352 -0.021148
v -0.002664 0.005296 -0.020719
v -0.002077 0.005225 -0.021621
v -0.002137 0.005206 -0.021465
v -0.002195 0.005169 -0.021167
v -0.002211 0.005150 -0.020799
v -0.002106 0.005318 -0.021628
v -0.002262 0.005403 -0.021471
v -0.002398 0.005292 -0.021167
v -0.002423 0.005241 -0.020712
v -0.001862 0.004995 -0.021440
v -0.001775 0.004869 -0.021114
v -0.001882 0.005155 -0.021651
v -0.001963 0.005024 -0.021166
v -0.001964 0.005008 -0.020785
v -0.001913 0.005338 -0.021661
v -0.001922 0.005481 -0.021575
v -0.001364 0.004557 -0.021628
v -0.001431 0.004530 -0.021461
v -0.001450 0.004490 -0.021079
v -0.001448 0.004766 -0.021660
v -0.001598 0.004761 -0.021480
v -0.001599 0.004689 -0.021051
v -0.001579 0.005041 -0.021692
v -0.001704 0.004939 -0.021582
v -0.001427 0.005507 -0.021607
v -0.001083 0.002979 -0.021661
v -0.001210 0.003007 -0.021463
v -0.001263 0.003020 -0.021165
v -0.001282 0.003030 -0.020720
v -0.001028 0.003509 -0.021660
v -0.001151 0.003331 -0.021463
v -0.001209 0.003335 -0.021054
v -0.001141 0.003673 -0.021463
v -0.001196 0.003665 -0.021049
v -0.001069 0.004028 -0.021660
v -0.001185 0.004009 -0.021463
v -0.001242 0.003995 -0.021031
v -0.001168 0.004400 -0.021670
v -0.001284 0.004310 -0.021464
v -0.001325 0.004285 -0.021165
v -0.001334 0.004264 -0.020725
v -0.001190 0.004731 -0.021725
v -0.001224 0.005038 -0.021734
v -0.001214 0.005310 -0.021703
v -0.000815 0.003964 -0.021742
v -0.000868 0.004721 -0.021754
v -0.000870 0.005047 -0.021747
v -0.000476 0.004659 -0.021764
v -0.001812 0.004844 -0.012046
v -0.001333 0.003032 -0.013604
v -0.001266 0.003338 -0.013683
v -0.001293 0.003985 -0.013579
v -0.002670 0.005286 -0.011689
v -0.002243 0.005138 -0.012096
v -0.002023 0.005007 -0.012068
v -0.001641 0.004660 -0.011974
v -0.001250 0.003671 -0.013744
v -0.002457 0.005231 -0.011620
v -0.002012 0.004984 -0.008669
v -0.001528 0.004432 -0.005473
v -0.001854 0.004811 -0.000992
v -0.001448 0.002849 -0.008140
v -0.001678 0.004634 -0.004038
v -0.001330 0.003356 -0.004092
v -0.001321 0.003670 -0.003859
v -0.002723 0.005290 -0.000974
v -0.002275 0.005122 -0.000954
v -0.001398 0.003116 -0.000964
v -0.001359 0.003979 -0.003871
v -0.002481 0.005220 -0.000958
v -0.002049 0.004978 -0.000981
v -0.001489 0.002886 -0.000914
v -0.001421 0.004195 -0.003784
v -0.001511 0.004379 -0.003815
v -0.001681 0.004614 -0.000981
v -0.001370 0.003949 -0.000956
v -0.002333 0.005190 -0.000546
v -0.002442 0.005291 -0.000364
v -0.002685 0.005330 -0.000563
v -0.002599 0.005431 -0.000330
v -0.002227 0.005233 -0.000312
v -0.002147 0.005411 -0.000223
v -0.001971 0.004975 -0.000559
v -0.001767 0.004882 -0.000317
v -0.001907 0.005110 -0.000259
v -0.001352 0.003071 -0.000541
v -0.001389 0.002832 -0.000321
v -0.001432 0.004177 -0.000924
v -0.001459 0.004315 -0.000540
v -0.001429 0.004437 -0.000291
v -0.001537 0.004396 -0.000936
v -0.001643 0.004643 -0.000539
v -0.001534 0.004743 -0.000239
v -0.001567 0.005077 -0.000138
v -0.001574 0.005384 -0.000153
v -0.001206 0.002976 -0.000229
v -0.001348 0.003368 -0.000952
v -0.001292 0.003359 -0.000538
v -0.001141 0.003334 -0.000248
v -0.001338 0.003668 -0.000955
v -0.001284 0.003668 -0.000539
v -0.001137 0.003681 -0.000250
v -0.001324 0.003966 -0.000541
v -0.001192 0.004052 -0.000239
v -0.001186 0.004389 -0.000133
v -0.001214 0.004729 -0.000087
v -0.001223 0.005069 -0.000070
v -0.001214 0.005384 -0.000131
v -0.000872 0.003002 -0.000075
v -0.000851 0.003990 -0.000075
v -0.000869 0.004378 -0.000044
v -0.000874 0.004725 -0.000032
v -0.000891 0.005069 -0.000048
v -0.000516 0.004267 -0.000021
v -0.000495 0.004718 -0.000019
v -0.000006 0.004208 -0.000012
v 0.000858 0.005068 -0.000049
v -0.002628 0.005642 -0.021362
v -0.001996 0.005786 -0.020813
v -0.002277 0.005630 -0.021386
v -0.001926 0.005650 -0.021416
v -0.001558 0.005660 -0.021424
v 0.002053 0.005738 -0.021146
v -0.002434 0.005750 -0.000569
v -0.002450 0.005630 -0.000343
v -0.001654 0.005618 -0.000301
v 0.002394 0.005731 -0.000564
v 0.000536 -0.003193 -0.017166
v 0.000338 -0.003196 -0.016924
v 0.000182 -0.002890 -0.017558
v 0.000202 -0.003049 -0.017279
v 0.000113 -0.003114 -0.016960
v 0.000723 -0.003516 -0.016795
v 0.000596 -0.003339 -0.016921
v 0.000827 -0.003065 -0.017407
v 0.000540 -0.003057 -0.017373
v 0.000960 -0.003724 -0.016684
v 0.000936 -0.003377 -0.017066
v 0.001328 -0.003798 -0.016688
v 0.001242 -0.003396 -0.017090
v 0.001254 -0.003040 -0.017460
v 0.000173 -0.004636 -0.015774
v 0.000169 -0.004457 -0.015766
v 0.000142 -0.004358 -0.015538
v 0.000135 -0.004317 -0.015136
v 0.000300 -0.003222 -0.016404
v 0.000098 -0.003131 -0.016585
v 0.000668 -0.005364 -0.014841
v 0.000549 -0.005407 -0.014448
v 0.000524 -0.004615 -0.015806
v 0.000698 -0.004209 -0.016113
v 0.000535 -0.004339 -0.015878
v 0.000399 -0.004235 -0.015563
v 0.000368 -0.004191 -0.015102
v 0.000757 -0.003846 -0.016448
v 0.000701 -0.003972 -0.016229
v 0.000588 -0.004005 -0.015912
v 0.000532 -0.003986 -0.015573
v 0.000522 -0.003964 -0.015220
v 0.000696 -0.003633 -0.016567
v 0.000619 -0.003673 -0.016257
v 0.000579 -0.003688 -0.015922
v 0.000561 -0.003680 -0.015610
v 0.000516 -0.003388 -0.016604
v 0.000483 -0.003405 -0.016270
v 0.000468 -0.003407 -0.015896
v 0.000853 -0.005384 -0.014097
v 0.000755 -0.004821 -0.015668
v 0.000884 -0.004464 -0.015970
v 0.000943 -0.004086 -0.016326
v 0.001358 -0.005247 -0.015071
v 0.001368 -0.005287 -0.014864
v 0.001183 -0.005339 -0.014445
v 0.000805 -0.005152 -0.015318
v 0.001229 -0.004424 -0.016061
v 0.001454 -0.005287 -0.014461
v 0.001301 -0.005109 -0.015328
v 0.001571 -0.005146 -0.015183
v 0.001708 -0.005199 -0.014823
v 0.001706 -0.005224 -0.014427
v 0.001505 -0.004804 -0.015695
v 0.001918 -0.004965 -0.015453
v 0.002055 -0.005044 -0.015193
v 0.001949 -0.005147 -0.014454
v 0.002229 -0.004926 -0.015435
v 0.002230 -0.005043 -0.014508
v 0.002216 -0.004760 -0.015703
v 0.002464 -0.004862 -0.015438
v 0.002425 -0.004942 -0.015149
v 0.002466 -0.004941 -0.014819
v 0.002611 -0.004625 -0.015803
v 0.002742 -0.004782 -0.015186
v 0.002707 -0.004822 -0.014781
v 0.002556 -0.004459 -0.016029
v 0.000079 -0.003163 -0.005179
v 0.000562 -0.003690 -0.010785
v 0.000458 -0.003421 -0.010245
v 0.002269 -0.005052 -0.007203
v 0.000139 -0.004361 -0.006582
v 0.000263 -0.003248 -0.005282
v 0.000533 -0.005408 -0.007590
v 0.000381 -0.004227 -0.006574
v 0.000535 -0.003990 -0.006501
v 0.000562 -0.003701 -0.006143
v 0.000926 -0.005377 -0.007262
v 0.001220 -0.005340 -0.007547
v 0.001516 -0.005286 -0.007228
v 0.001736 -0.005232 -0.007585
v 0.001969 -0.005161 -0.007198
v 0.002531 -0.004943 -0.006889
v 0.002743 -0.004841 -0.006916
v 0.000796 -0.005120 -0.006413
v 0.000654 -0.004869 -0.006151
v 0.000293 -0.004610 -0.005958
v 0.000150 -0.004397 -0.006174
v 0.000175 -0.004468 -0.005962
v 0.000421 -0.004258 -0.006145
v 0.000552 -0.004334 -0.005847
v 0.000554 -0.003996 -0.006130
v 0.000607 -0.004004 -0.005799
v 0.000579 -0.003694 -0.005781
v 0.000450 -0.003431 -0.005815
v 0.000877 -0.004603 -0.005900
v 0.000887 -0.004411 -0.005745
v 0.001424 -0.005279 -0.006824
v 0.001394 -0.005234 -0.006641
v 0.001352 -0.005050 -0.006359
v 0.001491 -0.004796 -0.006076
v 0.001255 -0.004562 -0.005846
v 0.001695 -0.005205 -0.006843
v 0.001586 -0.005135 -0.006537
v 0.002175 -0.005063 -0.006742
v 0.001921 -0.004941 -0.006271
v 0.002366 -0.004629 -0.005923
v 0.002454 -0.004930 -0.006446
v 0.002449 -0.004873 -0.006270
v 0.002818 -0.004203 -0.005480
v 0.002710 -0.004821 -0.006492
v 0.002610 -0.004762 -0.006180
v 0.002616 -0.004601 -0.005920
v 0.000310 -0.003207 -0.004781
v 0.000190 -0.003065 -0.004474
v 0.000109 -0.003128 -0.004748
v 0.000714 -0.004192 -0.005613
v 0.000714 -0.003959 -0.005490
v 0.000763 -0.003829 -0.005273
v 0.000616 -0.003673 -0.005451
v 0.000693 -0.003624 -0.005147
v 0.000719 -0.003503 -0.004922
v 0.000460 -0.003421 -0.005432
v 0.000496 -0.003397 -0.005102
v 0.000583 -0.003332 -0.004793
v 0.000572 -0.003181 -0.004539
v 0.000248 -0.002894 -0.004210
v 0.000925 -0.004236 -0.005562
v 0.000943 -0.004044 -0.005393
v 0.000958 -0.003693 -0.005041
v 0.000916 -0.003346 -0.004670
v 0.000836 -0.002995 -0.004283
v 0.001263 -0.004196 -0.005486
v 0.001246 -0.003719 -0.005018
v 0.001268 -0.003199 -0.004480
v 0.001690 -0.003990 -0.005269
v 0.003542 -0.003191 -0.017321
v 0.003657 -0.003619 -0.016860
v 0.003982 -0.002479 -0.018036
v 0.003974 -0.003557 -0.016847
v 0.003985 -0.003321 -0.017138
v 0.004038 -0.002994 -0.017503
v 0.004246 -0.003394 -0.016879
v 0.004307 -0.003188 -0.017181
v 0.004329 -0.002909 -0.017543
v 0.004544 -0.003020 -0.017203
v 0.004517 -0.003141 -0.016924
v 0.004592 -0.002763 -0.017569
v 0.004741 -0.002813 -0.016972
v 0.002918 -0.004572 -0.015777
v 0.002916 -0.004651 -0.015528
v 0.002931 -0.004697 -0.014833
v 0.003023 -0.004113 -0.016381
v 0.002952 -0.004441 -0.015972
v 0.003330 -0.003722 -0.016780
v 0.003136 -0.004493 -0.015773
v 0.003139 -0.004543 -0.015516
v 0.003140 -0.004565 -0.015188
v 0.003272 -0.004257 -0.016140
v 0.003346 -0.004421 -0.015145
v 0.003323 -0.003995 -0.016477
v 0.003590 -0.004087 -0.016208
v 0.003518 -0.004241 -0.015878
v 0.003530 -0.004276 -0.015519
v 0.003628 -0.003915 -0.016498
v 0.003840 -0.003980 -0.015950
v 0.003739 -0.004098 -0.015502
v 0.003878 -0.003806 -0.016504
v 0.003879 -0.003900 -0.016234
v 0.003914 -0.003933 -0.015582
v 0.004187 -0.003607 -0.016317
v 0.004241 -0.003571 -0.016050
v 0.004088 -0.003753 -0.015531
v 0.004215 -0.003530 -0.016583
v 0.004501 -0.003202 -0.016685
v 0.004411 -0.003355 -0.016205
v 0.004547 -0.003164 -0.016305
v 0.004664 -0.002978 -0.016537
v 0.003618 -0.004274 -0.006482
v 0.003795 -0.004127 -0.006225
v 0.003980 -0.003956 -0.006145
v 0.004160 -0.003775 -0.005879
v 0.004318 -0.003595 -0.006059
v 0.004482 -0.003396 -0.005515
v 0.004627 -0.003198 -0.005458
v 0.002975 -0.004714 -0.006849
v 0.003202 -0.004575 -0.006823
v 0.003395 -0.004443 -0.006558
v 0.003155 -0.004588 -0.006290
v 0.003136 -0.004570 -0.006103
v 0.002928 -0.004565 -0.005932
v 0.003017 -0.004268 -0.005564
v 0.003162 -0.004491 -0.005923
v 0.003451 -0.004382 -0.006161
v 0.003548 -0.004258 -0.005825
v 0.003837 -0.004051 -0.005798
v 0.004770 -0.002983 -0.005151
v 0.003282 -0.004242 -0.005579
v 0.003326 -0.003948 -0.005239
v 0.003616 -0.004076 -0.005495
v 0.003637 -0.003897 -0.005227
v 0.003659 -0.003612 -0.004902
v 0.003912 -0.002652 -0.003927
v 0.003908 -0.003920 -0.005474
v 0.003909 -0.003791 -0.005196
v 0.004197 -0.003686 -0.005430
v 0.003984 -0.003546 -0.004877
v 0.003983 -0.003252 -0.004539
v 0.004247 -0.003563 -0.005124
v 0.004278 -0.003396 -0.004817
v 0.004425 -0.003392 -0.005092
v 0.004326 -0.003186 -0.004527
v 0.004349 -0.003016 -0.004344
v 0.004368 -0.002699 -0.004000
v 0.004604 -0.003204 -0.005084
v 0.004569 -0.003178 -0.004774
v 0.004584 -0.003028 -0.004478
v 0.004862 -0.002797 -0.004687
v 0.004641 -0.002747 -0.004129
v 0.004658 -0.000289 -0.020226
v 0.004706 -0.000645 -0.019864
v 0.005011 -0.000629 -0.019829
v 0.005011 -0.000279 -0.020182
v 0.005011 0.000073 -0.020534
v 0.005211 -0.000722 -0.019621
v 0.005216 -0.000374 -0.019973
v 0.005262 -0.000491 -0.019740
v 0.005216 -0.000024 -0.020324
v 0.005264 -0.000142 -0.020092
v 0.005351 -0.000167 -0.019767
v 0.004326 -0.002677 -0.017796
v 0.004405 -0.002244 -0.018258
v 0.004348 -0.001791 -0.018719
v 0.004664 -0.002503 -0.017893
v 0.004763 -0.002700 -0.017309
v 0.004665 -0.002217 -0.018239
v 0.004692 -0.001674 -0.018801
v 0.004697 -0.002002 -0.018446
v 0.004742 -0.001103 -0.019400
v 0.004897 -0.002317 -0.017914
v 0.004879 -0.002461 -0.017631
v 0.004911 -0.002480 -0.017316
v 0.004921 -0.002498 -0.016954
v 0.004889 -0.002126 -0.018217
v 0.005062 -0.002113 -0.017666
v 0.005021 -0.002265 -0.017231
v 0.004962 -0.001723 -0.018629
v 0.004976 -0.001919 -0.018340
v 0.005080 -0.001951 -0.018013
v 0.005132 -0.001979 -0.017226
v 0.005012 -0.001458 -0.018944
v 0.005140 -0.001676 -0.018366
v 0.005195 -0.001696 -0.018023
v 0.005213 -0.001726 -0.017589
v 0.005011 -0.000984 -0.019466
v 0.005019 -0.001286 -0.019130
v 0.005221 -0.001262 -0.018964
v 0.005216 -0.001425 -0.018681
v 0.005253 -0.001452 -0.018368
v 0.005275 -0.001462 -0.017994
v 0.005200 -0.001066 -0.019263
v 0.005301 -0.001181 -0.018710
v 0.005326 -0.001191 -0.018303
v 0.005253 -0.000839 -0.019386
v 0.005330 -0.000863 -0.019061
v 0.005361 -0.000867 -0.018722
v 0.005370 -0.000887 -0.018325
v 0.005346 -0.000516 -0.019415
v 0.005383 -0.000524 -0.019073
v 0.005397 -0.000529 -0.018695
v 0.005391 -0.000174 -0.019424
v 0.005408 -0.000174 -0.019041
v 0.004807 -0.002729 -0.016573
v 0.005301 -0.001527 -0.013882
v 0.005363 -0.001224 -0.013943
v 0.004895 -0.002775 -0.005086
v 0.005011 -0.002555 -0.004765
v 0.005142 -0.002275 -0.004445
v 0.005232 -0.002057 -0.004387
v 0.005395 -0.001536 -0.003752
v 0.005467 -0.001204 -0.003691
v 0.005574 -0.000156 -0.002675
v 0.005309 -0.001838 -0.004074
v 0.005520 -0.000871 -0.003382
v 0.005555 -0.000516 -0.003036
v 0.004361 -0.002389 -0.003670
v 0.004363 -0.001750 -0.003024
v 0.004821 -0.002756 -0.004394
v 0.004684 -0.002496 -0.003827
v 0.004699 -0.002317 -0.003644
v 0.004711 -0.001988 -0.003289
v 0.004710 -0.001696 -0.002977
v 0.004983 -0.002550 -0.004385
v 0.004937 -0.002505 -0.004074
v 0.004942 -0.002316 -0.003764
v 0.005198 -0.002078 -0.003956
v 0.005011 -0.002014 -0.003409
v 0.005153 -0.002043 -0.003694
v 0.005022 -0.001792 -0.003127
v 0.005003 -0.001555 -0.002871
v 0.005287 -0.001829 -0.003685
v 0.005247 -0.001788 -0.003374
v 0.005240 -0.001623 -0.003092
v 0.005359 -0.001536 -0.003342
v 0.005451 -0.001217 -0.003329
v 0.005406 -0.001205 -0.002994
v 0.005498 -0.000871 -0.002979
v 0.004615 0.000574 -0.000703
v 0.004697 -0.001091 -0.002371
v 0.004700 -0.000246 -0.001528
v 0.005006 -0.001238 -0.002552
v 0.005013 -0.000889 -0.002203
v 0.005018 -0.000540 -0.001855
v 0.005022 -0.000191 -0.001506
v 0.005229 -0.001395 -0.002805
v 0.005302 -0.001169 -0.002681
v 0.005249 -0.001045 -0.002455
v 0.005442 -0.000856 -0.002644
v 0.005326 -0.000819 -0.002331
v 0.005267 -0.000695 -0.002105
v 0.005528 -0.000521 -0.002629
v 0.005467 -0.000506 -0.002294
v 0.005343 -0.000469 -0.001981
v 0.005279 -0.000345 -0.001755
v 0.005545 -0.000171 -0.002279
v 0.005482 -0.000156 -0.001944
v 0.005353 -0.000119 -0.001631
v 0.005286 0.000005 -0.001405
v 0.001215 0.001906 -0.021759
v 0.000508 0.002387 -0.021764
v 0.004657 0.000942 -0.021449
v 0.001572 0.001607 -0.021745
v 0.000955 0.002267 -0.021755
v 0.001209 0.002264 -0.021733
v 0.001184 0.002614 -0.021675
v 0.001329 0.002698 -0.021449
v 0.001369 0.002770 -0.021029
v 0.001563 0.001915 -0.021731
v 0.001522 0.002223 -0.021669
v 0.001620 0.002321 -0.021464
v 0.001649 0.002380 -0.021047
v 0.001401 0.002463 -0.021634
v 0.001500 0.002559 -0.021028
v 0.002223 0.001573 -0.021725
v 0.001911 0.001887 -0.021673
v 0.001989 0.002022 -0.021451
v 0.002051 0.002062 -0.021028
v 0.001760 0.002100 -0.021634
v 0.001840 0.002205 -0.021021
v 0.002277 0.001780 -0.021660
v 0.002302 0.001889 -0.021463
v 0.002313 0.001932 -0.021165
v 0.002300 0.001954 -0.020644
v 0.002852 0.001720 -0.021657
v 0.002630 0.001826 -0.021462
v 0.002628 0.001867 -0.021080
v 0.002081 0.002088 -0.014269
v 0.002634 0.001878 -0.016180
v 0.001423 0.002813 -0.013360
v 0.001700 0.002412 -0.013798
v 0.001530 0.002628 -0.013606
v 0.001889 0.002228 -0.013936
v 0.002327 0.001979 -0.012547
v 0.001941 0.002249 -0.006568
v 0.002635 0.001891 -0.011140
v 0.001750 0.002440 -0.006529
v 0.001599 0.002638 -0.006801
v 0.002111 0.002120 -0.006631
v 0.002641 0.001904 -0.006472
v 0.002326 0.002009 -0.006425
v 0.001788 0.002461 -0.000930
v 0.001636 0.002647 -0.002820
v 0.001942 0.002301 -0.000965
v 0.002371 0.002015 -0.000979
v 0.002126 0.002140 -0.002768
v 0.002658 0.001914 -0.000947
v 0.001577 0.001265 -0.000156
v 0.001979 0.001019 -0.000301
v 0.001243 0.001575 -0.000060
v 0.000525 0.002935 -0.000018
v 0.000882 0.002719 -0.000040
v 0.001224 0.001925 -0.000031
v 0.001220 0.002270 -0.000049
v 0.001208 0.002614 -0.000095
v 0.001574 0.001582 -0.000066
v 0.001569 0.001920 -0.000062
v 0.001550 0.002253 -0.000128
v 0.001630 0.002687 -0.000941
v 0.001603 0.002668 -0.000549
v 0.001512 0.002584 -0.000254
v 0.002042 0.001271 -0.000161
v 0.001921 0.001579 -0.000086
v 0.001905 0.001905 -0.000130
v 0.001888 0.002306 -0.000538
v 0.001851 0.002202 -0.000264
v 0.001724 0.002426 -0.000334
v 0.002269 0.001570 -0.000120
v 0.002305 0.001995 -0.000534
v 0.002247 0.001878 -0.000244
v 0.002135 0.002145 -0.000876
v 0.002084 0.002084 -0.000327
v 0.002645 0.001536 -0.000137
v 0.002640 0.001882 -0.000543
v 0.002621 0.001775 -0.000267
v 0.001157 0.005044 -0.021747
v 0.001497 0.005304 -0.021705
v 0.001445 0.005500 -0.021609
v 0.000574 0.004704 -0.021763
v 0.000811 0.003124 -0.021742
v 0.000897 0.004654 -0.021751
v 0.001079 0.002978 -0.021662
v 0.001203 0.003004 -0.021464
v 0.001269 0.003021 -0.021022
v 0.001024 0.003495 -0.021661
v 0.001146 0.003330 -0.021463
v 0.001201 0.003335 -0.021062
v 0.001139 0.003673 -0.021463
v 0.001190 0.003669 -0.021074
v 0.001070 0.004028 -0.021662
v 0.001186 0.004007 -0.021463
v 0.001242 0.003993 -0.021041
v 0.001173 0.004400 -0.021672
v 0.001294 0.004328 -0.021464
v 0.001331 0.004258 -0.021052
v 0.001202 0.004739 -0.021727
v 0.001382 0.004562 -0.021628
v 0.001454 0.004484 -0.021098
v 0.001502 0.004794 -0.021660
v 0.001583 0.004719 -0.021460
v 0.001604 0.004681 -0.021077
v 0.001549 0.005066 -0.021712
v 0.001723 0.004922 -0.021623
v 0.001767 0.004885 -0.021455
v 0.001769 0.004846 -0.021070
v 0.001862 0.005110 -0.021654
v 0.001966 0.005052 -0.021461
v 0.001985 0.005003 -0.021039
v 0.002104 0.005315 -0.021656
v 0.001917 0.005481 -0.021592
v 0.002098 0.005213 -0.021626
v 0.002270 0.005234 -0.021410
v 0.002236 0.005158 -0.021160
v 0.002213 0.005129 -0.020777
v 0.002243 0.005419 -0.021539
v 0.002619 0.005305 -0.021121
v 0.002447 0.005225 -0.020707
v 0.002593 0.005422 -0.021396
v 0.002684 0.005281 -0.020726
v 0.001336 0.003023 -0.014071
v 0.001272 0.003336 -0.013954
v 0.001262 0.003670 -0.013879
v 0.001302 0.003986 -0.014600
v 0.001688 0.004633 -0.008700
v 0.002719 0.005279 -0.011648
v 0.001833 0.004833 -0.012794
v 0.002270 0.005123 -0.011521
v 0.002498 0.005223 -0.011580
v 0.001342 0.003057 -0.012273
v 0.001312 0.003669 -0.008653
v 0.001353 0.003979 -0.008788
v 0.001528 0.004401 -0.008508
v 0.002031 0.004975 -0.011030
v 0.001319 0.003355 -0.008630
v 0.001422 0.004194 -0.008413
v 0.001838 0.004790 -0.007692
v 0.002253 0.005102 -0.010339
v 0.002477 0.005201 -0.009493
v 0.002738 0.005272 -0.006633
v 0.001423 0.003143 -0.001248
v 0.001361 0.003941 -0.006733
v 0.001438 0.004165 -0.005480
v 0.001545 0.004374 -0.005075
v 0.001688 0.004593 -0.005090
v 0.001385 0.003352 -0.000962
v 0.001376 0.003640 -0.000955
v 0.001498 0.002907 -0.002624
v 0.001469 0.004113 -0.000899
v 0.002072 0.004937 -0.000969
v 0.002305 0.005084 -0.000948
v 0.002538 0.005197 -0.000927
v 0.002750 0.005268 -0.000977
v 0.000515 0.003917 -0.000026
v 0.000540 0.004693 -0.000020
v 0.001230 0.005386 -0.000142
v 0.000862 0.003335 -0.000081
v 0.000874 0.004022 -0.000072
v 0.000911 0.004702 -0.000038
v 0.001183 0.002956 -0.000148
v 0.001337 0.003355 -0.000547
v 0.001198 0.003290 -0.000250
v 0.001319 0.003644 -0.000542
v 0.001165 0.003660 -0.000250
v 0.001401 0.003889 -0.000941
v 0.001357 0.003928 -0.000544
v 0.001209 0.004023 -0.000233
v 0.001196 0.004376 -0.000127
v 0.001219 0.004723 -0.000086
v 0.001225 0.005067 -0.000072
v 0.001487 0.002968 -0.000884
v 0.001464 0.002963 -0.000548
v 0.001378 0.002989 -0.000315
v 0.001378 0.004168 -0.000326
v 0.001579 0.004355 -0.000932
v 0.001542 0.004368 -0.000547
v 0.001434 0.004401 -0.000276
v 0.001720 0.004583 -0.000960
v 0.001675 0.004616 -0.000538
v 0.001552 0.004728 -0.000237
v 0.001574 0.005069 -0.000140
v 0.001576 0.005380 -0.000159
v 0.001884 0.004774 -0.000921
v 0.002021 0.004973 -0.000534
v 0.001788 0.004861 -0.000316
v 0.001921 0.005093 -0.000260
v 0.001926 0.005387 -0.000200
v 0.002275 0.005113 -0.000553
v 0.002430 0.005274 -0.000340
v 0.002270 0.005414 -0.000243
v 0.002709 0.005308 -0.000565
v 0.002619 0.005418 -0.000332
v 0.001877 0.005648 -0.021424
v 0.003934 0.005768 -0.020447
v 0.004334 0.005760 -0.020804
v 0.002486 0.005625 -0.021372
v 0.001503 0.005611 -0.000307
v 0.004622 0.005764 -0.000884
v 0.002354 0.005616 -0.000344
v 0.003349 0.001561 -0.021725
v 0.002977 0.001815 -0.021461
v 0.002956 0.001849 -0.021093
v 0.003616 0.001793 -0.021659
v 0.003331 0.001861 -0.021461
v 0.003312 0.001898 -0.021126
v 0.004614 0.001361 -0.021706
v 0.004640 0.001145 -0.021603
v 0.004067 0.001630 -0.021737
v 0.003689 0.001973 -0.021467
v 0.003674 0.002019 -0.021169
v 0.003596 0.001992 -0.020581
v 0.004006 0.002172 -0.021477
v 0.004016 0.001914 -0.021689
v 0.003903 0.002036 -0.021557
v 0.003933 0.002169 -0.021248
v 0.003838 0.002117 -0.020778
v 0.004133 0.002134 -0.021636
v 0.004004 0.002243 -0.020765
v 0.004285 0.000720 -0.021240
v 0.004550 0.001641 -0.021755
v 0.004372 0.001932 -0.021736
v 0.004391 0.002270 -0.021674
v 0.004248 0.002382 -0.021464
v 0.004195 0.002435 -0.021072
v 0.004518 0.002594 -0.021656
v 0.004403 0.002627 -0.021462
v 0.004352 0.002647 -0.021090
v 0.004704 0.000230 -0.020741
v 0.004715 0.001933 -0.021757
v 0.004739 0.002519 -0.021735
v 0.005010 0.000423 -0.020884
v 0.005011 0.000763 -0.021223
v 0.005019 0.000975 -0.021428
v 0.005013 0.001352 -0.021681
v 0.005005 0.001722 -0.021745
v 0.005047 0.003027 -0.021724
v 0.005216 0.000326 -0.020674
v 0.005263 0.000208 -0.020442
v 0.005351 0.000183 -0.020117
v 0.005392 0.000176 -0.019774
v 0.005215 0.000677 -0.021024
v 0.005262 0.000559 -0.020792
v 0.005349 0.000533 -0.020467
v 0.005390 0.000526 -0.020124
v 0.005211 0.001032 -0.021369
v 0.005260 0.000910 -0.021141
v 0.005347 0.000883 -0.020817
v 0.005388 0.000876 -0.020474
v 0.005196 0.001399 -0.021636
v 0.005250 0.001270 -0.021467
v 0.005342 0.001236 -0.021163
v 0.005385 0.001226 -0.020824
v 0.005404 0.001016 -0.020277
v 0.005227 0.001664 -0.021659
v 0.005334 0.001709 -0.021470
v 0.005382 0.001636 -0.021171
v 0.005400 0.001581 -0.020819
v 0.005413 0.004344 -0.020719
v 0.005236 0.002922 -0.021659
v 0.003315 0.001891 -0.016863
v 0.003869 0.002084 -0.011646
v 0.004248 0.002409 -0.012909
v 0.004392 0.002635 -0.016276
v 0.005410 0.000253 -0.019513
v 0.002975 0.001851 -0.012572
v 0.003627 0.001965 -0.010033
v 0.004055 0.002222 -0.012510
v 0.004406 0.002604 -0.012783
v 0.003315 0.001881 -0.010797
v 0.004525 0.002799 -0.012788
v 0.005594 0.000996 -0.001653
v 0.002973 0.001856 -0.006447
v 0.003342 0.001872 -0.000923
v 0.004146 0.002205 -0.000965
v 0.004322 0.002361 -0.000961
v 0.005583 0.000317 -0.002474
v 0.002986 0.001859 -0.000926
v 0.003650 0.001944 -0.000949
v 0.003908 0.002052 -0.000974
v 0.004474 0.002537 -0.000928
v 0.004608 0.002748 -0.000966
v 0.002977 0.001830 -0.000546
v 0.002974 0.001735 -0.000275
v 0.004634 0.001275 -0.000154
v 0.003681 0.001539 -0.000135
v 0.003321 0.001838 -0.000546
v 0.003324 0.001739 -0.000275
v 0.004674 0.001021 -0.000294
v 0.003649 0.001900 -0.000543
v 0.003673 0.001785 -0.000265
v 0.003953 0.002019 -0.000547
v 0.004039 0.001890 -0.000240
v 0.004191 0.002103 -0.000319
v 0.004377 0.001581 -0.000085
v 0.004387 0.001912 -0.000124
v 0.004336 0.002313 -0.000544
v 0.004428 0.002222 -0.000253
v 0.004637 0.002684 -0.000536
v 0.004549 0.002457 -0.000320
v 0.004724 0.001583 -0.000072
v 0.004727 0.001923 -0.000065
v 0.004739 0.002263 -0.000125
v 0.004763 0.002610 -0.000241
v 0.005026 0.000157 -0.001160
v 0.005076 0.000497 -0.000842
v 0.005080 0.000782 -0.000526
v 0.005062 0.001025 -0.000313
v 0.005062 0.001272 -0.000181
v 0.005063 0.001583 -0.000099
v 0.005063 0.001925 -0.000073
v 0.005065 0.002273 -0.000085
v 0.005074 0.002622 -0.000119
v 0.005576 0.000176 -0.002276
v 0.005555 0.000179 -0.001929
v 0.005491 0.000194 -0.001594
v 0.005362 0.000233 -0.001282
v 0.005304 0.000363 -0.001056
v 0.005581 0.000531 -0.001855
v 0.005555 0.000541 -0.001521
v 0.005507 0.000548 -0.001251
v 0.005416 0.000603 -0.000929
v 0.005371 0.000737 -0.000650
v 0.005557 0.000861 -0.001010
v 0.005349 0.001043 -0.000354
v 0.005352 0.001277 -0.000248
v 0.005353 0.001584 -0.000186
v 0.005342 0.002108 -0.000148
v 0.002968 0.005454 -0.021380
v 0.002955 0.005345 -0.021146
v 0.002938 0.005298 -0.020719
v 0.003540 0.005251 -0.021615
v 0.003492 0.005248 -0.021489
v 0.003440 0.005213 -0.021165
v 0.003421 0.005202 -0.020803
v 0.003510 0.005326 -0.021624
v 0.003353 0.005407 -0.021466
v 0.003233 0.005308 -0.021165
v 0.003202 0.005269 -0.020731
v 0.003727 0.005198 -0.021640
v 0.003852 0.004996 -0.021135
v 0.003663 0.005091 -0.020786
v 0.003721 0.005331 -0.021667
v 0.003685 0.005477 -0.021569
v 0.004185 0.004880 -0.021633
v 0.003966 0.004983 -0.021467
v 0.004097 0.004797 -0.021164
v 0.004086 0.004792 -0.020675
v 0.004044 0.005088 -0.021663
v 0.003892 0.004953 -0.020744
v 0.004411 0.005277 -0.021713
v 0.004233 0.005505 -0.021597
v 0.004581 0.002821 -0.021631
v 0.004616 0.003059 -0.021462
v 0.004477 0.002877 -0.021108
v 0.004572 0.004319 -0.021643
v 0.004489 0.004322 -0.021488
v 0.004513 0.004164 -0.021107
v 0.004405 0.004384 -0.021104
v 0.004419 0.004740 -0.021673
v 0.004307 0.004639 -0.021465
v 0.004258 0.004605 -0.021072
v 0.004272 0.004616 -0.018015
v 0.004385 0.005050 -0.021721
v 0.004755 0.002969 -0.021673
v 0.004576 0.003100 -0.021165
v 0.004560 0.003093 -0.020709
v 0.004827 0.003330 -0.021662
v 0.004687 0.003353 -0.021464
v 0.004628 0.003361 -0.021165
v 0.004610 0.003361 -0.020754
v 0.004830 0.003678 -0.021661
v 0.004693 0.003663 -0.021464
v 0.004634 0.003658 -0.021165
v 0.004616 0.003661 -0.020753
v 0.004765 0.004047 -0.021670
v 0.004640 0.003957 -0.021464
v 0.004593 0.003937 -0.021165
v 0.004582 0.003935 -0.020730
v 0.004718 0.004606 -0.021736
v 0.004719 0.005040 -0.021743
v 0.004717 0.005299 -0.021695
v 0.004720 0.005494 -0.021572
v 0.005027 0.004255 -0.021733
v 0.005009 0.004980 -0.021737
v 0.005020 0.005285 -0.021662
v 0.005044 0.005470 -0.021474
v 0.005160 0.005529 -0.021167
v 0.005200 0.005556 -0.020721
v 0.005348 0.004628 -0.021463
v 0.005395 0.004645 -0.021162
v 0.005232 0.004973 -0.021660
v 0.005409 0.004725 -0.020743
v 0.005322 0.005044 -0.021463
v 0.005367 0.005057 -0.021164
v 0.005384 0.005071 -0.020733
v 0.005196 0.005233 -0.021628
v 0.005245 0.005301 -0.021461
v 0.005295 0.005340 -0.021165
v 0.005313 0.005370 -0.020711
v 0.003445 0.005208 -0.017056
v 0.003225 0.005278 -0.015606
v 0.003682 0.005102 -0.016966
v 0.003913 0.004980 -0.015621
v 0.004510 0.002837 -0.016141
v 0.004524 0.004214 -0.017631
v 0.004428 0.004391 -0.017977
v 0.004632 0.003345 -0.017914
v 0.004639 0.003669 -0.017954
v 0.004596 0.003984 -0.017835
v 0.002988 0.005302 -0.011118
v 0.003454 0.005220 -0.015550
v 0.003678 0.005124 -0.014993
v 0.004115 0.004826 -0.014785
v 0.004514 0.004513 -0.002497
v 0.004306 0.004657 -0.011880
v 0.004615 0.003026 -0.012617
v 0.004689 0.003669 -0.012703
v 0.004652 0.003984 -0.011864
v 0.005588 0.004720 -0.003026
v 0.005392 0.005368 -0.012248
v 0.004159 0.004852 -0.007851
v 0.003963 0.005002 -0.007035
v 0.004678 0.003325 -0.012605
v 0.005564 0.005058 -0.002759
v 0.002996 0.005301 -0.006784
v 0.003490 0.005232 -0.007525
v 0.003279 0.005282 -0.006881
v 0.005477 0.005370 -0.002823
v 0.003692 0.005154 -0.006800
v 0.004358 0.004693 -0.004048
v 0.004751 0.004001 -0.000954
v 0.004650 0.004291 -0.000977
v 0.003015 0.005305 -0.001003
v 0.003295 0.005295 -0.000994
v 0.003749 0.005158 -0.000948
v 0.003526 0.005247 -0.000971
v 0.004198 0.004883 -0.000985
v 0.004002 0.005021 -0.000990
v 0.004718 0.003012 -0.000968
v 0.004793 0.003336 -0.000956
v 0.004805 0.003672 -0.000938
v 0.002998 0.005361 -0.000570
v 0.002978 0.005472 -0.000365
v 0.003291 0.005355 -0.000570
v 0.003316 0.005468 -0.000365
v 0.003570 0.005292 -0.000570
v 0.003812 0.005255 -0.000359
v 0.003670 0.005409 -0.000332
v 0.004004 0.005078 -0.000553
v 0.004044 0.005190 -0.000309
v 0.004134 0.005391 -0.000228
v 0.004521 0.004531 -0.000921
v 0.004457 0.004676 -0.000558
v 0.004597 0.004566 -0.000355
v 0.004367 0.004722 -0.000969
v 0.004518 0.004766 -0.000303
v 0.004240 0.004934 -0.000542
v 0.004370 0.005062 -0.000257
v 0.004759 0.003000 -0.000545
v 0.004870 0.002976 -0.000269
v 0.004825 0.003329 -0.000550
v 0.004919 0.003326 -0.000282
v 0.004835 0.003674 -0.000551
v 0.004925 0.003676 -0.000285
v 0.004785 0.004016 -0.000549
v 0.004886 0.004032 -0.000279
v 0.004681 0.004327 -0.000550
v 0.004785 0.004408 -0.000264
v 0.004762 0.004738 -0.000162
v 0.004726 0.005064 -0.000130
v 0.004721 0.005374 -0.000168
v 0.005112 0.003012 -0.000139
v 0.005119 0.003950 -0.000143
v 0.005040 0.004730 -0.000098
v 0.005063 0.005064 -0.000107
v 0.005059 0.005369 -0.000186
v 0.005615 0.004951 -0.000938
v 0.005369 0.003359 -0.000172
v 0.005598 0.004701 -0.002529
v 0.005353 0.004683 -0.000152
v 0.005355 0.005054 -0.000183
v 0.005481 0.005426 -0.002265
v 0.005483 0.005454 -0.000983
v 0.005451 0.005434 -0.000560
v 0.005357 0.005351 -0.000297
v 0.002972 0.005626 -0.021358
v 0.003586 0.005729 -0.021143
v 0.003660 0.005622 -0.021429
v 0.004141 0.005647 -0.021422
v 0.004257 0.005729 -0.021157
v 0.004697 0.005633 -0.021403
v 0.004706 0.005705 -0.021143
v 0.004690 0.005735 -0.020735
v 0.004936 0.005607 -0.021366
v 0.004991 0.005657 -0.021068
v 0.005054 0.005649 -0.020465
v 0.004994 0.005677 -0.019672
v 0.005237 0.005576 -0.014327
v 0.004400 0.005768 -0.011494
v 0.004705 0.005749 -0.013422
v 0.004377 0.005777 -0.001292
v 0.005023 0.005707 -0.009912
v 0.005265 0.005593 -0.008921
v 0.004745 0.005766 -0.001355
v 0.005304 0.005604 -0.002562
v 0.005043 0.005723 -0.002523
v 0.003796 0.005727 -0.000576
v 0.003049 0.005631 -0.000377
v 0.003916 0.005611 -0.000343
v 0.004686 0.005718 -0.000561
v 0.004718 0.005600 -0.000316
v 0.005045 0.005726 -0.000953
v 0.005038 0.005687 -0.000567
v 0.005034 0.005586 -0.000328
v 0.005305 0.005624 -0.000928
v 0.005288 0.005603 -0.000574
v 0.005254 0.005548 -0.000368
v 0.005531 0.000746 -0.000805
v 0.005510 0.000778 -0.000686
v 0.005576 0.000928 -0.000819
v 0.005520 0.001058 -0.000454
v 0.005601 0.001237 -0.000891
v 0.005589 0.001324 -0.000578
v 0.005525 0.001278 -0.000373
v 0.005529 0.001694 -0.000325
v 0.005602 0.004944 -0.000564
v 0.005535 0.004974 -0.000313
v 0.005594 0.005027 -0.002458
v 0.005567 0.005238 -0.002397
v 0.005571 0.005256 -0.000634
v 0.005517 0.005229 -0.000366
vn -0.8292 -0.5492 -0.1041
vn -0.5731 -0.7405 -0.3509
vn -0.7009 -0.6873 -0.1908
vn -0.3330 -0.7863 -0.5204
vn -0.5247 -0.7564 -0.3906
vn -0.2353 -0.7547 -0.6124
vn -0.6421 -0.6758 -0.3619
vn -0.1753 -0.7555 -0.6313
vn -0.4748 -0.7883 -0.3913
vn -0.0837 -0.7314 -0.6768
vn -0.0284 -0.7282 -0.6848
vn -0.2696 -0.7934 -0.5458
vn -0.0213 -0.7151 -0.6987
vn -0.1433 -0.7607 -0.6331
vn -0.0406 -0.7314 -0.6807
vn -0.0548 -0.7290 -0.6823
vn -0.8413 -0.5393 -0.0374
vn -0.7659 -0.6332 -0.1114
vn -0.8246 -0.5656 -0.0142
vn -0.6177 -0.7565 -0.2150
vn -0.7809 -0.6233 -0.0410
vn -0.6992 -0.7043 -0.1227
vn -0.7645 -0.6444 -0.0165
vn -0.4590 -0.7884 -0.4095
vn -0.4191 -0.8168 -0.3964
vn -0.5582 -0.8008 -0.2169
vn -0.7183 -0.6944 -0.0423
vn -0.6400 -0.7599 -0.1136
vn -0.6981 -0.7158 -0.0154
vn -0.2364 -0.8067 -0.5417
vn -0.4207 -0.8161 -0.3962
vn -0.3943 -0.8405 -0.3715
vn -0.5147 -0.8366 -0.1876
vn -0.6576 -0.7526 -0.0341
vn -0.6000 -0.7965 -0.0751
vn -0.2322 -0.8268 -0.5123
vn -0.4073 -0.8469 -0.3418
vn -0.3944 -0.8643 -0.3121
vn -0.4929 -0.8612 -0.1241
vn -0.5851 -0.8107 -0.0201
vn -0.5464 -0.8372 -0.0251
vn -0.1351 -0.7764 -0.6156
vn -0.4686 -0.8802 -0.0755
vn -0.1558 -0.7909 -0.5917
vn -0.7866 -0.6158 0.0454
vn -0.7897 -0.6133 0.0139
vn -0.7432 -0.6653 0.0710
vn -0.6940 -0.7196 0.0233
vn -0.7217 -0.6921 0.0161
vn -0.6178 -0.7862 0.0133
vn -0.6423 -0.7650 0.0477
vn -0.5217 -0.8500 0.0736
vn -0.5809 -0.8136 0.0244
vn -0.5013 -0.8653 0.0049
vn -0.6166 -0.7729 0.1500
vn -0.4772 -0.8439 0.2451
vn -0.5427 -0.8251 0.1572
vn -0.5669 -0.8148 0.1212
vn -0.3689 -0.8500 0.3760
vn -0.3605 -0.8375 0.4106
vn 0.2542 -0.9666 0.0341
vn -0.1165 -0.7683 0.6294
vn -0.1801 -0.8282 0.5307
vn -0.8308 -0.5545 0.0478
vn -0.6342 -0.7346 0.2411
vn -0.7893 -0.5963 0.1462
vn -0.4882 -0.7646 0.4208
vn -0.5609 -0.7064 0.4317
vn -0.6631 -0.7317 0.1577
vn -0.5509 -0.7881 0.2746
vn -0.7290 -0.6678 0.1500
vn -0.3898 -0.8033 0.4503
vn -0.4413 -0.7793 0.4450
vn -0.2433 -0.7838 0.5714
vn -0.1674 -0.7414 0.6498
vn -0.5249 -0.8126 0.2533
vn -0.3775 -0.7884 0.4858
vn -0.3859 -0.7969 0.4647
vn -0.2017 -0.7857 0.5848
vn -0.0599 -0.7577 0.6498
vn -0.0407 -0.7202 0.6926
vn -0.3382 -0.8339 0.4362
vn -0.3524 -0.8239 0.4439
vn -0.1611 -0.7830 0.6008
vn -0.1081 -0.7494 0.6533
vn -0.1862 -0.8051 0.5632
vn -0.0838 -0.7153 0.6938
vn -0.0303 -0.7217 0.6916
vn -0.9509 -0.2187 -0.2190
vn -0.6374 -0.5491 -0.5405
vn -0.7903 -0.4346 -0.4320
vn -0.2640 -0.6857 -0.6784
vn -0.6394 -0.5526 -0.5346
vn -0.2645 -0.6846 -0.6792
vn -0.7909 -0.4298 -0.4356
vn -0.0565 -0.7067 -0.7052
vn -0.2706 -0.6883 -0.6731
vn -0.0682 -0.7053 -0.7057
vn -0.0137 -0.6973 -0.7167
vn -0.9482 -0.2721 -0.1640
vn -0.6624 -0.6266 -0.4106
vn -0.7958 -0.5549 -0.2425
vn -0.9765 -0.2103 -0.0480
vn -0.9066 -0.3896 -0.1623
vn -0.9608 -0.2725 -0.0514
vn -0.9503 -0.2471 -0.1896
vn -0.6488 -0.5638 -0.5110
vn -0.8044 -0.4596 -0.3765
vn -0.9852 -0.1542 -0.0748
vn -0.9503 -0.2292 -0.2110
vn -0.7934 -0.4431 -0.4174
vn -0.9843 -0.1393 -0.1088
vn -0.9963 -0.0799 -0.0331
vn -0.9854 -0.1228 -0.1181
vn -0.9980 -0.0502 -0.0385
vn -0.8769 -0.4540 -0.1580
vn -0.6026 -0.6961 -0.3902
vn -0.7381 -0.6344 -0.2298
vn -0.9116 -0.4081 -0.0499
vn -0.8171 -0.5511 -0.1693
vn -0.8924 -0.4502 -0.0313
vn -0.8466 -0.4772 -0.2355
vn -0.5366 -0.6592 -0.5268
vn -0.7105 -0.5881 -0.3864
vn -0.9143 -0.3894 -0.1115
vn -0.9353 -0.3529 -0.0255
vn -0.3277 -0.7480 -0.5771
vn -0.5250 -0.6951 -0.4911
vn -0.7975 -0.5306 -0.2872
vn -0.4326 -0.7031 -0.5643
vn -0.6261 -0.6317 -0.4570
vn -0.9074 -0.3887 -0.1597
vn -0.9484 -0.3147 -0.0394
vn -0.2915 -0.7056 -0.6458
vn -0.3194 -0.7658 -0.5581
vn -0.5156 -0.7300 -0.4486
vn -0.4640 -0.7219 -0.5134
vn -0.2465 -0.7357 -0.6309
vn -0.1955 -0.7161 -0.6700
vn -0.1323 -0.7291 -0.6715
vn -0.0741 -0.7126 -0.6976
vn -0.1520 -0.7385 -0.6569
vn -0.0725 -0.7184 -0.6918
vn -0.0286 -0.7123 -0.7012
vn -0.0424 -0.7177 -0.6951
vn -0.8751 -0.4836 -0.0186
vn -0.9992 -0.0382 0.0097
vn -0.8829 -0.4668 0.0514
vn -0.9258 -0.3772 0.0262
vn -0.9125 -0.4088 0.0156
vn -0.9610 -0.2713 0.0541
vn -0.9883 -0.1491 0.0316
vn -0.9939 -0.0989 0.0481
vn -0.8671 -0.4978 0.0182
vn -0.9376 -0.3449 0.0453
vn -0.7504 -0.6065 0.2628
vn -0.9215 -0.3463 0.1755
vn -0.6014 -0.6590 0.4517
vn -0.7454 -0.5184 0.4191
vn -0.9806 -0.1953 0.0185
vn -0.9624 -0.2486 0.1090
vn -0.9126 -0.3335 0.2364
vn -0.9642 -0.2238 0.1420
vn -0.7789 -0.5882 0.2176
vn -0.8809 -0.4667 0.0787
vn -0.6588 -0.6848 0.3116
vn -0.8228 -0.5245 0.2188
vn -0.4968 -0.7285 0.4717
vn -0.5941 -0.6640 0.4540
vn -0.8756 -0.4616 0.1421
vn -0.7628 -0.5777 0.2904
vn -0.3922 -0.7212 0.5710
vn -0.4751 -0.7216 0.5036
vn -0.8730 -0.4596 0.1633
vn -0.2684 -0.7499 0.6047
vn -0.2600 -0.7021 0.6629
vn -0.3722 -0.7332 0.5691
vn -0.4226 -0.7487 0.5108
vn -0.2298 -0.7597 0.6083
vn -0.1668 -0.7287 0.6642
vn -0.1040 -0.7273 0.6784
vn -0.0603 -0.7099 0.7017
vn -0.0947 -0.7289 0.6781
vn -0.0495 -0.7153 0.6970
vn -0.0213 -0.7116 0.7023
vn -0.0393 -0.7066 0.7065
vn -0.0019 -0.7089 0.7053
vn -0.5810 -0.5954 0.5549
vn -0.7211 -0.5162 0.4621
vn -0.9057 -0.3300 0.2660
vn -0.5566 -0.6003 0.5743
vn -0.7075 -0.5186 0.4802
vn -0.9690 -0.1987 0.1466
vn -0.9041 -0.3203 0.2827
vn -0.5437 -0.6023 0.5845
vn -0.7022 -0.5145 0.4922
vn -0.9946 -0.0862 0.0575
vn -0.9722 -0.1780 0.1523
vn -0.9053 -0.3087 0.2916
vn -0.5380 -0.6003 0.5918
vn -0.7004 -0.5090 0.5004
vn -0.1859 -0.7052 0.6842
vn -0.2525 -0.6920 0.6763
vn -0.1891 -0.6936 0.6952
vn -0.2298 -0.6900 0.6864
vn -0.1796 -0.6984 0.6928
vn -0.2270 -0.6889 0.6884
vn -0.1763 -0.6972 0.6949
vn -0.2214 -0.6886 0.6906
vn -0.5354 -0.5985 0.5959
vn -0.1744 -0.6977 0.6948
vn -0.0716 -0.7058 0.7048
vn -0.0627 -0.7058 0.7056
vn 0.0699 -0.7284 -0.6816
vn 0.0016 -0.7075 -0.7068
vn 0.0139 -0.7229 -0.6908
vn 0.0979 -0.7412 -0.6641
vn 0.1758 -0.7761 -0.6056
vn 0.1594 -0.8457 -0.5094
vn 0.4180 -0.8280 -0.3737
vn 0.3374 -0.7659 -0.5473
vn 0.0456 -0.7752 -0.6301
vn 0.0303 -0.8217 -0.5690
vn 0.0804 -0.9209 -0.3815
vn 0.2894 -0.9043 -0.3137
vn 0.1766 -0.9713 -0.1593
vn 0.4225 -0.8951 -0.1425
vn -0.1297 -0.8087 -0.5737
vn -0.3147 -0.8770 -0.3632
vn -0.3069 -0.9008 -0.3071
vn -0.3833 -0.9152 -0.1246
vn -0.4597 -0.8879 -0.0206
vn -0.4152 -0.9093 -0.0279
vn -0.0448 -0.7397 -0.6714
vn -0.2082 -0.9365 -0.2822
vn -0.3298 -0.9414 -0.0714
vn -0.1275 -0.9480 -0.2915
vn -0.1101 -0.8595 -0.4991
vn -0.2070 -0.9343 -0.2901
vn -0.0557 -0.7653 -0.6412
vn -0.0859 -0.8245 -0.5594
vn -0.1840 -0.8913 -0.4145
vn -0.2064 -0.9680 -0.1427
vn -0.2726 -0.9617 -0.0276
vn -0.2140 -0.9765 -0.0270
vn -0.0152 -0.7291 -0.6842
vn 0.0395 -0.7010 -0.7121
vn -0.1747 -0.9229 -0.3432
vn -0.0311 -0.8037 -0.5943
vn 0.1594 -0.6749 -0.7205
vn -0.0002 -0.6734 -0.7392
vn 0.1639 -0.7173 -0.6772
vn -0.0625 -0.9819 -0.1786
vn -0.0516 -0.9142 -0.4019
vn -0.1029 -0.9939 -0.0399
vn 0.0253 -0.6822 -0.7307
vn 0.1091 -0.5889 -0.8008
vn 0.2792 -0.4993 -0.8202
vn 0.2189 -0.6072 -0.7638
vn 0.4645 -0.6457 -0.6061
vn 0.5899 -0.4661 -0.6593
vn 0.5015 -0.6937 -0.5170
vn 0.8159 -0.4802 -0.3220
vn 0.9571 0.1365 -0.2557
vn 0.9657 -0.2323 -0.1160
vn 0.9551 0.2895 -0.0627
vn -0.0466 -0.9979 -0.0451
vn 0.3488 -0.4557 -0.8189
vn 0.2391 -0.3753 -0.8955
vn 0.4031 -0.2463 -0.8814
vn 0.8727 0.3487 -0.3419
vn 0.8841 0.1253 -0.4502
vn 0.8547 0.2868 -0.4328
vn 0.7376 0.4699 -0.4849
vn 0.5905 0.7678 -0.2487
vn 0.8440 0.2557 -0.4714
vn 0.7915 0.6104 -0.0316
vn 0.8141 0.5639 -0.1385
vn 0.6628 -0.6902 -0.2903
vn 0.8350 -0.5347 -0.1300
vn 0.8873 -0.4586 -0.0491
vn 0.7205 -0.6906 -0.0627
vn 0.6389 -0.7554 -0.1454
vn 0.7545 -0.6561 -0.0153
vn 0.0199 -0.9098 -0.4147
vn -0.0089 -0.9782 -0.2074
vn 0.0086 -0.9987 -0.0498
vn -0.0175 -0.9998 -0.0044
vn 0.0005 -0.7287 -0.6848
vn 0.0792 -0.3325 -0.9398
vn -0.0037 -0.6121 -0.7908
vn 0.0741 0.0253 -0.9969
vn 0.1889 0.8950 -0.4042
vn 0.3456 0.8435 -0.4111
vn 0.5536 0.8314 -0.0472
vn 0.1756 0.9513 -0.2535
vn 0.5110 -0.8593 -0.0222
vn 0.1594 -0.9868 -0.0266
vn -0.0980 -0.9951 0.0091
vn -0.1512 -0.9880 -0.0314
vn -0.0444 -0.9989 0.0174
vn 0.9631 0.2601 0.0690
vn 0.4989 -0.8663 0.0264
vn -0.3895 -0.9197 0.0495
vn -0.4550 -0.8900 0.0297
vn -0.3484 -0.9372 0.0166
vn -0.3189 -0.9478 0.0016
vn -0.3195 -0.9475 -0.0143
vn -0.2728 -0.9614 0.0345
vn -0.1411 -0.9894 0.0345
vn 0.9841 -0.1728 0.0402
vn 0.9946 -0.1024 -0.0177
vn 0.8093 0.5864 0.0347
vn 0.8569 -0.5141 0.0372
vn -0.0034 -0.9999 0.0165
vn 0.5763 0.8161 0.0428
vn 0.1849 0.9816 -0.0483
vn -0.3647 -0.9180 0.1556
vn -0.2390 -0.8784 0.4138
vn -0.2304 -0.8694 0.4370
vn -0.3005 -0.9467 0.1162
vn -0.2209 -0.9449 0.2415
vn -0.0697 -0.7725 0.6312
vn -0.1961 -0.9065 0.3739
vn -0.0846 -0.8210 0.5646
vn -0.1902 -0.9684 0.1614
vn -0.1745 -0.9073 0.3827
vn -0.1520 -0.8810 0.4481
vn -0.0624 -0.9953 0.0747
vn -0.0472 -0.9762 0.2118
vn -0.0282 -0.8951 0.4451
vn -0.0416 -0.7920 0.6091
vn 0.1190 -0.6120 0.7818
vn -0.0115 -0.7213 0.6925
vn 0.0060 -0.6782 0.7349
vn 0.2533 -0.5331 0.8073
vn 0.0593 -0.6765 0.7340
vn 0.9643 0.0981 0.2458
vn 0.5785 0.7744 0.2563
vn 0.8473 0.5014 0.1749
vn 0.7455 0.5335 0.3996
vn 0.9046 0.3033 0.2995
vn 0.7000 -0.7110 0.0669
vn 0.0105 -0.9969 0.0784
vn 0.0240 -0.9747 0.2223
vn 0.0171 -0.8885 0.4585
vn 0.0418 -0.3218 0.9459
vn 0.0010 -0.6065 0.7951
vn 0.1966 0.9578 0.2095
vn 0.2115 0.9157 0.3418
vn 0.0800 -0.0387 0.9960
vn 0.0251 -0.7053 0.7085
vn 0.0125 -0.7140 0.7000
vn 0.1618 -0.6697 0.7248
vn 0.1043 -0.7295 0.6760
vn 0.5466 -0.5229 0.6541
vn 0.3849 -0.7197 0.5777
vn 0.7791 -0.5336 0.3291
vn 0.9461 -0.3048 0.1097
vn 0.2676 -0.7637 0.5875
vn 0.1872 -0.7653 0.6158
vn 0.0683 -0.7649 0.6406
vn 0.0022 -0.7275 0.6861
vn 0.2575 -0.5667 0.7826
vn 0.2310 -0.4296 0.8730
vn 0.8856 0.1116 0.4509
vn 0.8606 0.2694 0.4321
vn 0.7557 0.4431 0.4822
vn 0.3680 -0.2976 0.8809
vn 0.7902 -0.5901 0.1654
vn 0.5979 -0.7301 0.3307
vn 0.3684 -0.8342 0.4104
vn 0.5822 -0.7954 0.1681
vn 0.2002 -0.8275 0.5245
vn 0.0567 -0.7875 0.6137
vn 0.4505 -0.8885 0.0871
vn 0.3526 -0.9055 0.2359
vn 0.1671 -0.9848 0.0464
vn 0.1452 -0.9694 0.1980
vn 0.0869 -0.8817 0.4637
vn -0.0057 -0.7340 -0.6791
vn -0.9522 -0.2125 -0.2194
vn -0.6388 -0.5469 -0.5412
vn -0.9860 -0.1167 -0.1188
vn -0.9480 -0.2208 -0.2293
vn -0.6413 -0.5455 -0.5395
vn -0.7927 -0.4270 -0.4350
vn -0.9863 -0.1286 -0.1030
vn -0.9988 -0.0318 -0.0385
vn -0.9545 -0.2060 -0.2158
vn -0.6407 -0.5418 -0.5440
vn -0.7956 -0.4236 -0.4330
vn -0.9881 -0.0899 -0.1246
vn -0.9530 -0.1899 -0.2362
vn -0.6466 -0.5005 -0.5756
vn -0.7971 -0.4153 -0.4383
vn -0.9875 -0.1044 -0.1180
vn -0.9989 -0.0252 -0.0399
vn -0.9339 -0.0842 -0.3475
vn -0.5872 -0.3210 -0.7431
vn -0.7847 -0.3489 -0.5124
vn -0.9873 -0.0743 -0.1404
vn -0.9983 -0.0242 -0.0531
vn -0.9999 0.0082 -0.0127
vn -0.2655 -0.6845 -0.6790
vn -0.2657 -0.6818 -0.6816
vn -0.2857 -0.6720 -0.6832
vn -0.2287 -0.6430 -0.7309
vn -0.2664 -0.5477 -0.7931
vn -0.1743 -0.3537 -0.9190
vn -0.1808 -0.1055 -0.9779
vn -0.6330 -0.0860 -0.7693
vn -0.1885 -0.0021 -0.9821
vn -0.6444 0.0014 -0.7647
vn -0.0642 -0.7044 -0.7069
vn -0.0605 -0.6548 -0.7533
vn -0.0408 -0.5427 -0.8389
vn -0.0355 -0.3206 -0.9465
vn -0.0080 -0.0888 -0.9960
vn 0.0398 0.0330 -0.9987
vn 0.1622 0.1088 -0.9807
vn -0.1148 0.0360 -0.9927
vn 0.5291 0.2590 -0.8081
vn 0.6806 0.6031 -0.4160
vn 0.3207 0.2946 -0.9002
vn 0.8258 0.4551 -0.3331
vn 0.7507 0.6562 -0.0761
vn 0.1578 0.2663 -0.9509
vn 0.0973 0.0885 -0.9913
vn 0.3336 0.4870 -0.8072
vn 0.4063 0.6309 -0.6610
vn 0.6328 0.7714 -0.0664
vn 0.7414 0.6710 0.0050
vn 0.2169 0.4962 -0.8407
vn 0.0342 0.0346 -0.9988
vn 0.4196 0.8375 -0.3500
vn 0.5333 0.7656 -0.3599
vn 0.0085 0.3597 -0.9330
vn 0.1953 0.9252 -0.3253
vn 0.3835 0.9216 -0.0604
vn 0.0330 0.9597 -0.2790
vn 0.0855 0.8799 -0.4674
vn 0.2231 0.9731 -0.0582
vn 0.0404 0.9975 -0.0584
vn 0.2144 0.9767 0.0013
vn -0.9984 -0.0373 -0.0418
vn 0.8224 0.5688 0.0056
vn 0.8355 0.5460 -0.0628
vn 0.5449 0.8380 -0.0296
vn 0.3800 0.9250 0.0029
vn 0.5246 0.8514 0.0026
vn 0.6448 0.7643 0.0040
vn 0.3625 0.9320 0.0023
vn -0.9998 -0.0199 0.0068
vn 0.5037 0.8639 0.0032
vn 0.7284 0.6851 0.0056
vn 0.6310 0.7758 0.0043
vn -0.0106 0.9999 -0.0011
vn 0.1765 0.9843 0.0013
vn 0.3235 0.9450 0.0482
vn -0.9998 -0.0160 0.0117
vn 0.8066 0.5892 0.0481
vn 0.8120 0.5837 0.0061
vn 0.4793 0.8752 0.0658
vn 0.8807 0.4698 0.0596
vn 0.8918 0.4524 0.0061
vn 0.7060 0.7056 0.0602
vn -0.0386 0.9982 0.0455
vn 0.1514 0.9875 0.0436
vn -0.9958 -0.0785 0.0461
vn -0.9709 -0.1734 0.1652
vn -0.9061 -0.3022 0.2960
vn -0.6993 -0.5070 0.5039
vn -0.9958 -0.0626 0.0668
vn -0.9738 -0.1626 0.1591
vn -0.9060 -0.3010 0.2976
vn -0.5341 -0.5983 0.5973
vn -0.6986 -0.5063 0.5056
vn -0.9978 -0.0265 0.0604
vn -0.9732 -0.1652 0.1602
vn -0.9054 -0.2967 0.3038
vn -0.5338 -0.5930 0.6028
vn -0.6979 -0.4795 0.5319
vn -0.9969 -0.0557 0.0550
vn -0.9700 -0.1539 0.1884
vn -0.8957 -0.2326 0.3790
vn -0.5259 -0.5014 0.6871
vn -0.6434 -0.2460 0.7250
vn -0.9931 -0.0306 0.1128
vn -0.9342 -0.0543 0.3527
vn -0.6852 -0.1151 0.7192
vn -0.6978 -0.0055 0.7162
vn -1.0000 0.0081 0.0001
vn -0.2220 -0.6880 0.6909
vn -0.1736 -0.6970 0.6958
vn -0.2177 -0.6867 0.6935
vn -0.1706 -0.6941 0.6993
vn -0.2182 -0.6613 0.7177
vn -0.1696 -0.5733 0.8016
vn -0.2505 -0.3445 0.9048
vn -0.3156 -0.1624 0.9349
vn -0.3015 -0.0045 0.9535
vn -0.2085 0.0903 0.9738
vn -0.4074 0.0080 0.9132
vn -0.0689 -0.7052 0.7056
vn -0.0357 -0.7044 0.7089
vn -0.0404 -0.6778 0.7342
vn -0.0379 -0.5795 0.8141
vn -0.0622 -0.3951 0.9165
vn -0.0180 -0.1322 0.9911
vn 0.0522 0.1044 0.9932
vn 0.2087 0.2388 0.9484
vn 0.5042 0.3212 0.8016
vn 0.0166 -0.3615 0.9322
vn 0.4707 0.4783 0.7413
vn 0.2096 0.2700 0.9397
vn 0.6947 0.6688 0.2649
vn 0.8306 0.4715 0.2963
vn 0.6284 0.5024 0.5939
vn 0.1072 0.0608 0.9924
vn 0.3483 0.5453 0.7625
vn 0.4840 0.8259 0.2893
vn 0.6185 0.7836 0.0587
vn 0.5134 0.6208 0.5925
vn 0.2697 0.9256 0.2654
vn 0.2220 0.8769 0.4264
vn 0.1043 0.4195 0.9017
vn 0.0380 0.1620 0.9861
vn 0.1234 0.9649 0.2318
vn 0.0674 0.7557 0.6514
vn -0.0465 0.9741 0.2213
vn -0.0266 0.7742 0.6323
vn -0.0490 0.1700 0.9842
vn -0.9407 0.0241 -0.3385
vn -0.9936 0.0330 -0.1076
vn -0.9987 0.0400 -0.0310
vn -0.8778 0.0857 -0.4713
vn -0.9381 0.1464 -0.3139
vn -0.9849 0.1347 -0.1086
vn -0.9899 0.1396 -0.0241
vn -0.6189 0.3441 -0.7061
vn -0.8020 0.4335 -0.4109
vn -0.9376 0.3243 -0.1250
vn -0.9391 0.3429 -0.0219
vn -0.3260 0.0601 -0.9435
vn -0.1269 -0.0259 -0.9916
vn -0.1822 0.0903 -0.9791
vn -0.3176 0.6378 -0.7017
vn 0.2399 0.0362 -0.9701
vn -0.0436 0.0064 -0.9990
vn 0.7974 0.1125 -0.5928
vn 0.8538 0.3342 -0.3991
vn 0.4113 0.2156 -0.8856
vn 0.9034 0.1149 -0.4130
vn 0.9447 0.3087 -0.1108
vn 0.9935 0.1129 -0.0160
vn 0.9853 0.1144 -0.1267
vn 0.7971 -0.0325 -0.6029
vn 0.9905 -0.0509 -0.1276
vn 0.9042 -0.0567 -0.4233
vn 0.9987 -0.0456 -0.0230
vn 0.2700 -0.0211 -0.9626
vn 0.4709 -0.1371 -0.8715
vn 0.9643 -0.2393 -0.1133
vn 0.8579 -0.2780 -0.4321
vn 0.9794 -0.2013 -0.0123
vn 0.7043 -0.3433 -0.6213
vn 0.2796 -0.1814 -0.9428
vn 0.1099 -0.0506 -0.9926
vn -0.1983 0.3689 -0.9081
vn 0.0220 0.0409 -0.9989
vn -0.0499 0.3077 -0.9502
vn 0.6144 0.3319 -0.7158
vn 0.9600 0.2800 -0.0094
vn 0.9006 0.4315 -0.0520
vn 0.8933 -0.3790 -0.2417
vn 0.9254 -0.3741 -0.0602
vn 0.9300 -0.3676 0.0067
vn 0.4058 -0.3314 -0.8518
vn 0.8356 -0.4411 -0.3275
vn 0.8702 -0.4888 -0.0619
vn 0.7155 -0.6038 -0.3515
vn 0.1193 -0.0697 -0.9904
vn -0.0983 0.6243 -0.7750
vn 0.0273 0.2304 -0.9727
vn 0.7932 -0.6041 -0.0768
vn 0.6947 -0.7172 -0.0552
vn 0.2223 -0.2326 -0.9468
vn 0.5638 -0.7637 -0.3145
vn 0.5928 -0.6494 -0.4764
vn 0.4713 -0.7177 -0.5125
vn 0.5713 -0.8164 -0.0846
vn 0.5912 -0.8065 -0.0077
vn 0.1128 -0.1391 -0.9838
vn 0.0177 0.5965 -0.8024
vn 0.1681 0.1371 -0.9762
vn 0.6181 -0.7330 -0.2840
vn 0.5913 -0.7656 -0.2534
vn 0.3528 -0.9140 -0.2002
vn 0.4775 -0.8785 -0.0128
vn 0.3586 -0.9325 -0.0436
vn 0.2007 -0.2876 -0.9365
vn 0.7572 -0.5622 -0.3326
vn 0.1958 0.6057 -0.7713
vn 0.3189 0.5718 -0.7558
vn 0.5400 -0.7561 -0.3698
vn 0.0963 -0.8992 -0.4268
vn 0.0642 -0.9591 -0.2756
vn 0.1958 -0.9794 -0.0500
vn 0.0236 -0.9983 -0.0528
vn 0.9785 -0.2060 0.0068
vn 0.9988 -0.0481 0.0068
vn 0.8994 0.4370 0.0071
vn 0.8629 -0.5053 0.0054
vn 0.6923 -0.7216 0.0047
vn 0.7862 -0.6180 0.0059
vn 0.9557 0.2941 0.0067
vn 0.6808 -0.7324 0.0057
vn 0.5666 -0.8240 0.0048
vn 0.4613 -0.8872 0.0040
vn 0.3265 -0.9452 0.0024
vn 0.1611 -0.9869 0.0016
vn -0.0022 -1.0000 0.0007
vn 0.9914 0.1307 0.0071
vn 0.9991 -0.0422 0.0070
vn 0.8481 -0.5279 0.0447
vn -0.9961 0.0429 0.0775
vn -0.9206 0.3872 0.0511
vn -0.9863 0.1507 0.0671
vn 0.9182 -0.3931 0.0484
vn 0.9735 -0.2228 0.0522
vn 0.6558 -0.7431 0.1332
vn 0.5555 -0.8306 0.0400
vn 0.4574 -0.8872 0.0602
vn 0.3093 -0.9488 0.0644
vn 0.1315 -0.9890 0.0677
vn -0.0299 -0.9975 0.0640
vn 0.9507 0.3039 0.0621
vn 0.9894 0.1340 0.0563
vn 0.9976 -0.0464 0.0516
vn -0.6991 0.0158 0.7149
vn -0.9438 0.0323 0.3290
vn -0.9427 0.1267 0.3087
vn -0.7039 0.0962 0.7037
vn -0.9039 0.3469 0.2502
vn -0.6859 0.2787 0.6723
vn -0.4146 -0.0004 0.9100
vn -0.1716 -0.0484 0.9840
vn -0.2459 0.0854 0.9655
vn -0.2434 0.3339 0.9106
vn 0.9258 0.2690 0.2655
vn 0.8760 0.2202 0.4290
vn 0.3669 0.1045 0.9244
vn 0.3469 0.1038 0.9321
vn 0.9219 0.0968 0.3752
vn 0.9648 0.1185 0.2347
vn 0.4912 0.0309 0.8705
vn 0.9726 -0.0476 0.2277
vn 0.4702 -0.0034 0.8826
vn 0.4237 -0.0643 0.9035
vn 0.9479 -0.2098 0.2397
vn 0.9330 -0.0447 0.3572
vn 0.4298 -0.1225 0.8946
vn 0.8737 -0.4155 0.2531
vn 0.9047 -0.1836 0.3844
vn 0.5726 -0.2896 0.7670
vn 0.2826 -0.2023 0.9377
vn 0.1563 -0.0120 0.9876
vn 0.0243 0.2972 0.9545
vn 0.8253 -0.5276 0.2012
vn 0.7279 -0.4414 0.5248
vn 0.7576 -0.6518 0.0349
vn 0.6012 -0.4155 0.6825
vn 0.7295 -0.6346 0.2551
vn 0.6066 -0.6546 0.4511
vn 0.3709 -0.2977 0.8797
vn 0.1283 0.1745 0.9763
vn 0.5396 -0.7967 0.2720
vn 0.4353 -0.7511 0.4964
vn 0.2484 -0.2554 0.9344
vn 0.2217 -0.3248 0.9194
vn 0.3560 -0.8815 0.3102
vn 0.4078 -0.6352 0.6559
vn 0.3739 -0.6695 0.6418
vn 0.1219 -0.9414 0.3144
vn 0.1180 -0.8659 0.4860
vn -0.0515 -0.9515 0.3032
vn -0.0636 -0.8833 0.4644
vn -0.6600 0.6650 -0.3496
vn -0.7172 0.6914 -0.0869
vn -0.3361 0.9297 -0.1508
vn -0.2967 0.8469 -0.4414
vn -0.1311 0.9723 -0.1936
vn -0.1507 0.9878 -0.0394
vn -0.3758 0.9264 -0.0254
vn -0.1043 0.8710 -0.4800
vn -0.0195 0.9741 -0.2251
vn -0.0381 0.9976 -0.0585
vn 0.0113 0.8575 -0.5144
vn 0.0971 0.7960 -0.5975
vn 0.0161 0.9674 -0.2529
vn 0.2123 0.4306 -0.8772
vn 0.0130 0.8989 -0.4379
vn 0.1097 0.2217 -0.9689
vn 0.0572 0.1376 -0.9888
vn -0.0155 0.9710 -0.2384
vn -0.9315 0.3636 -0.0059
vn -0.0017 1.0000 -0.0072
vn -0.0161 0.9998 0.0142
vn -0.3517 0.9361 -0.0031
vn -0.6982 0.7159 -0.0046
vn -0.1147 0.9934 -0.0020
vn -0.3058 0.9508 0.0489
vn -0.6728 0.7390 0.0337
vn -0.0958 0.9933 0.0640
vn -0.6527 0.7371 0.1753
vn -0.5526 0.6400 0.5340
vn -0.2436 0.9419 0.2312
vn -0.1822 0.7429 0.6441
vn -0.0551 0.9555 0.2899
vn -0.0047 0.7218 0.6921
vn 0.0019 0.9517 0.3072
vn -0.0062 0.9957 0.0922
vn 0.0016 0.8824 0.4704
vn 0.1210 0.4004 0.9083
vn 0.1247 0.3230 0.9381
vn 0.0028 0.8851 0.4653
vn 0.0412 0.0648 0.9970
vn 0.0191 0.0501 0.9986
vn -0.0267 0.0293 0.9992
vn -0.0253 0.0751 -0.9969
vn -0.1741 0.8428 -0.5093
vn -0.0906 0.9518 -0.2931
vn -0.0026 -0.5318 -0.8469
vn -0.1456 0.9869 -0.0701
vn -0.2852 0.8990 -0.3325
vn -0.0304 0.3034 -0.9524
vn -0.0431 -0.0258 -0.9987
vn -0.4624 0.7946 -0.3933
vn -0.4825 0.8675 -0.1208
vn -0.3141 0.9465 -0.0738
vn -0.6826 0.7237 -0.1016
vn -0.6148 0.7883 -0.0245
vn -0.4817 0.8761 -0.0188
vn -0.4262 0.5166 -0.7426
vn -0.1261 0.1357 -0.9827
vn -0.2526 0.4018 -0.8802
vn -0.6675 0.6482 -0.3664
vn -0.7190 0.6944 -0.0272
vn -0.5189 0.4211 -0.7440
vn -0.7918 0.4584 -0.4037
vn -0.7845 0.6137 -0.0898
vn -0.8042 0.5938 -0.0275
vn -0.0122 -0.0943 -0.9955
vn -0.3654 0.3610 -0.8580
vn 0.1595 0.0494 -0.9860
vn -0.1591 0.1072 -0.9814
vn -0.8807 0.4572 -0.1243
vn -0.4063 0.2609 -0.8757
vn -0.0998 0.0443 -0.9940
vn -0.0109 -0.0161 -0.9998
vn 0.0254 0.9997 -0.0013
vn -0.6306 0.7761 -0.0052
vn -0.8130 0.5822 -0.0064
vn -0.8928 0.4504 -0.0070
vn -0.3581 0.9337 -0.0032
vn -0.1849 0.9828 -0.0016
vn -0.7291 0.6843 -0.0059
vn -0.6421 0.7666 -0.0051
vn -0.7409 0.6716 -0.0061
vn -0.2041 0.9790 -0.0028
vn -0.5178 0.8555 -0.0031
vn -0.3726 0.9280 -0.0035
vn -0.3934 0.9185 0.0392
vn -0.2215 0.9741 0.0459
vn -0.5281 0.8483 0.0390
vn -0.6499 0.7585 0.0470
vn -0.8245 0.5658 -0.0069
vn -0.8395 0.5415 0.0446
vn -0.0176 -0.3773 0.9259
vn -0.2087 0.9498 0.2331
vn -0.1550 0.7221 0.6742
vn -0.4131 0.8776 0.2434
vn -0.2946 0.5976 0.7457
vn -0.5461 0.8003 0.2476
vn -0.4536 0.7139 0.5335
vn -0.0722 0.0016 0.9974
vn -0.2401 0.3266 0.9141
vn -0.4021 0.6283 0.6660
vn -0.0528 -0.0869 0.9948
vn -0.1644 0.1805 0.9697
vn -0.7488 0.6608 0.0514
vn -0.7011 0.6411 0.3122
vn -0.4675 0.4328 0.7708
vn -0.8378 0.4827 0.2550
vn -0.6534 0.3430 0.6749
vn -0.0191 -0.1827 0.9830
vn -0.2084 0.1790 0.9615
vn -0.3975 0.1799 0.8998
vn -0.0650 0.0058 0.9979
vn -0.1457 0.0651 0.9872
vn -0.0163 0.0002 0.9999
vn -0.0783 0.0173 0.9968
vn 0.0120 -0.0055 0.9999
vn 0.0252 -0.0277 0.9993
vn -0.1264 -0.9475 -0.2938
vn -0.1408 -0.8813 -0.4512
vn -0.1392 -0.9882 -0.0633
vn -0.8100 -0.3986 -0.4300
vn -0.7045 -0.6451 -0.2958
vn -0.5906 -0.6913 -0.4164
vn -0.5486 -0.8153 -0.1851
vn -0.3542 -0.8866 -0.2976
vn -0.4657 -0.8834 -0.0521
vn -0.3174 -0.9466 -0.0562
vn -0.6070 -0.7428 -0.2826
vn -0.6955 -0.5902 -0.4099
vn -0.3206 -0.4215 -0.8482
vn -0.5792 -0.8089 -0.1007
vn -0.6669 -0.7427 -0.0605
vn -0.5549 -0.8317 -0.0194
vn -0.1443 0.2330 -0.9617
vn -0.1674 -0.1083 -0.9799
vn -0.2727 0.3538 -0.8947
vn -0.1907 0.6113 -0.7681
vn -0.2215 0.4577 -0.8611
vn -0.4512 -0.3457 -0.8227
vn -0.8004 -0.5357 -0.2691
vn -0.6884 -0.6424 -0.3368
vn -0.7574 -0.6511 -0.0499
vn -0.8351 -0.5463 -0.0643
vn -0.5340 -0.5675 -0.6267
vn -0.2154 -0.1715 -0.9613
vn -0.0308 0.6057 -0.7951
vn -0.8112 0.2044 -0.5478
vn -0.8913 0.2600 -0.3714
vn -0.9479 0.2948 -0.1207
vn -0.8880 0.4589 -0.0296
vn -0.9544 0.2978 -0.0212
vn -0.9406 0.0973 -0.3252
vn -0.9895 0.1213 -0.0782
vn -0.9478 -0.0517 -0.3147
vn -0.8757 0.0154 -0.4826
vn -0.9962 -0.0488 -0.0725
vn -0.6086 -0.1342 -0.7821
vn -0.9177 -0.2137 -0.3349
vn -0.9722 -0.2243 -0.0670
vn -0.8410 -0.4142 -0.3482
vn -0.6109 -0.3895 -0.6893
vn -0.4561 -0.2395 -0.8571
vn -0.9107 -0.3985 -0.1087
vn -0.9200 -0.3917 -0.0132
vn -0.1776 -0.1137 -0.9775
vn -0.0970 0.0171 -0.9951
vn -0.0341 0.2716 -0.9618
vn -0.2787 0.0461 -0.9593
vn -0.3686 0.0110 -0.9295
vn -0.1828 -0.0205 -0.9829
vn -0.0788 -0.0200 -0.9967
vn -0.0230 0.0840 -0.9962
vn -0.0125 0.0147 -0.9998
vn -0.9563 0.2923 -0.0070
vn -0.9916 0.1292 -0.0071
vn -0.9766 -0.2150 -0.0067
vn -0.1665 -0.9860 -0.0006
vn -0.3281 -0.9446 -0.0018
vn -0.6732 -0.7394 -0.0045
vn -0.5618 -0.8273 -0.0037
vn -0.7741 -0.6331 -0.0057
vn -0.9990 -0.0433 -0.0072
vn -0.4592 -0.8883 -0.0031
vn -0.5774 -0.8165 -0.0037
vn -0.8602 -0.5099 -0.0062
vn -0.8977 0.4406 -0.0075
vn -0.7090 -0.7044 0.0322
vn -0.7955 -0.6059 -0.0068
vn -0.9932 0.1161 -0.0066
vn -0.9990 -0.0440 -0.0061
vn -0.2071 -0.9771 0.0499
vn -0.4873 -0.8724 0.0376
vn -0.9331 -0.3596 -0.0060
vn -0.9797 -0.2005 -0.0063
vn -0.5879 -0.8077 0.0449
vn -0.8959 0.4407 0.0554
vn -0.8687 -0.4953 -0.0057
vn -0.7950 -0.6055 0.0357
vn -0.9567 0.2848 0.0599
vn -0.9783 -0.2020 0.0451
vn -0.4171 -0.8847 0.2081
vn -0.2783 -0.9185 0.2808
vn -0.3542 -0.7174 0.5999
vn -0.3352 -0.7410 0.5818
vn -0.3970 -0.8410 0.3676
vn -0.2336 -0.3149 0.9199
vn -0.2897 -0.3205 0.9019
vn -0.6064 -0.7562 0.2457
vn -0.5866 -0.5529 0.5918
vn -0.3951 -0.4572 0.7968
vn -0.8972 0.3328 0.2904
vn -0.7232 0.3978 0.5645
vn -0.8680 -0.4955 0.0332
vn -0.9401 -0.3400 0.0253
vn -0.8905 -0.4111 0.1947
vn -0.7755 -0.5775 0.2552
vn -0.7239 -0.3412 0.5996
vn -0.5389 -0.3763 0.7536
vn -0.2698 -0.1333 0.9537
vn -0.1163 0.2563 0.9596
vn -0.6124 0.2726 0.7420
vn -0.9915 0.1127 0.0654
vn -0.9461 0.1064 0.3059
vn -0.7140 0.0739 0.6962
vn -0.9973 -0.0393 0.0618
vn -0.9535 -0.0465 0.2977
vn -0.7242 -0.0378 0.6886
vn -0.9260 -0.2550 0.2785
vn -0.6626 -0.2489 0.7064
vn -0.4249 -0.1666 0.8898
vn -0.3044 -0.1115 0.9460
vn -0.1625 0.0355 0.9861
vn -0.0452 0.3851 0.9218
vn -0.2834 0.0870 0.9551
vn -0.2910 -0.0638 0.9546
vn -0.1709 -0.0538 0.9838
vn -0.1108 -0.0114 0.9938
vn -0.0414 0.1335 0.9902
vn -0.0594 -0.0144 0.9981
vn -0.0185 0.0342 0.9992
vn 0.0020 0.0020 1.0000
vn 0.0396 0.1471 0.9883
vn -0.0494 0.1547 -0.9867
vn 0.0006 0.8959 -0.4443
vn 0.0038 0.9981 -0.0610
vn -0.1183 0.3081 -0.9440
vn -0.0288 0.1146 -0.9930
vn -0.1089 0.8032 -0.5857
vn -0.0254 0.8634 -0.5038
vn 0.0199 0.9744 -0.2238
vn 0.0010 0.9518 0.3067
vn -0.0734 0.6117 0.7876
vn -0.1099 0.1473 0.9830
vn -0.0797 0.4117 0.9078
vn -0.0276 0.7366 0.6758
vn 0.0058 0.9536 0.3011
vn -0.0568 -0.8203 -0.5691
vn -0.1375 -0.9107 -0.3896
vn -0.1563 -0.9759 -0.1520
vn -0.2536 -0.8461 -0.4688
vn -0.4025 -0.8919 -0.2060
vn -0.4418 -0.8023 -0.4014
vn -0.1137 -0.8291 -0.5475
vn -0.0728 -0.7687 -0.6354
vn -0.1790 -0.7495 -0.6374
vn -0.5061 -0.7053 -0.4964
vn -0.1084 -0.7188 -0.6867
vn -0.2824 -0.6969 -0.6592
vn -0.0226 -0.7184 -0.6953
vn -0.1972 -0.7031 -0.6832
vn 0.0198 -0.7449 -0.6669
vn 0.0252 -0.7166 -0.6970
vn -0.0732 -0.0090 -0.9973
vn -0.2383 0.9356 -0.2607
vn -0.1970 -0.9796 -0.0395
vn -0.5429 -0.8385 -0.0464
vn 0.0605 -0.9969 -0.0497
vn 0.0655 -0.9813 -0.1811
vn 0.0340 -0.8162 -0.5768
vn -0.0366 -0.2659 -0.9633
vn -0.1352 -0.4242 -0.8954
vn -0.6986 0.6668 -0.2594
vn -0.2379 0.8762 -0.4192
vn -0.6732 0.7381 -0.0443
vn -0.2584 0.9645 -0.0536
vn -0.9430 0.0383 -0.3306
vn -0.8951 -0.0450 -0.4436
vn -0.8783 0.0892 -0.4696
vn -0.9580 0.2707 -0.0948
vn -0.9432 0.3306 -0.0313
vn -0.9053 -0.3718 -0.2056
vn -0.6507 -0.5339 -0.5399
vn -0.8039 -0.3495 -0.4812
vn -0.9673 -0.2135 -0.1367
vn -0.9919 -0.1241 -0.0280
vn -0.6860 -0.7048 -0.1808
vn -0.7007 -0.5879 -0.4041
vn -0.7835 -0.6149 -0.0894
vn -0.8431 -0.5369 -0.0306
vn -0.0316 -0.6682 -0.7433
vn -0.2091 -0.5987 -0.7732
vn -0.3206 -0.3656 -0.8738
vn -0.2942 -0.6434 -0.7067
vn -0.3878 -0.5804 -0.7161
vn 0.1625 -0.9279 -0.3354
vn 0.1867 -0.9735 -0.1320
vn 0.1443 -0.9889 -0.0341
vn -0.0669 -0.6875 -0.7231
vn 0.2178 -0.9757 -0.0260
vn 0.2696 -0.9549 -0.1247
vn 0.2020 -0.8942 -0.3995
vn 0.2739 -0.9614 -0.0278
vn 0.2193 -0.9430 -0.2504
vn 0.0837 -0.8345 -0.5446
vn 0.1020 -0.8674 -0.4871
vn 0.3201 -0.9469 -0.0299
vn 0.1038 -0.8048 -0.5844
vn 0.0767 -0.7616 -0.6435
vn 0.1979 -0.8903 -0.4101
vn 0.3630 -0.9224 -0.1320
vn 0.3620 -0.9320 -0.0187
vn 0.3003 -0.8927 -0.3361
vn 0.1908 -0.8294 -0.5251
vn 0.4644 -0.8853 -0.0242
vn 0.4441 -0.8909 -0.0948
vn -0.2004 -0.9782 0.0541
vn -0.8436 -0.5369 -0.0025
vn -0.9937 -0.1120 -0.0002
vn 0.3580 -0.9336 0.0152
vn 0.1998 0.9789 0.0438
vn 0.0485 -0.9988 0.0110
vn -0.6842 0.7273 0.0531
vn -0.2627 0.9637 0.0469
vn -0.9520 0.3039 0.0351
vn -0.9805 -0.1922 0.0402
vn 0.1060 -0.9943 -0.0064
vn 0.0958 -0.9936 0.0596
vn 0.1535 -0.9881 0.0059
vn 0.2118 -0.9766 0.0385
vn 0.2657 -0.9641 0.0016
vn 0.3007 -0.9529 0.0383
vn 0.4042 -0.9141 -0.0319
vn 0.3992 -0.9153 0.0529
vn -0.0178 -0.6905 0.7231
vn 0.0206 -0.7831 0.6215
vn -0.2472 0.9443 0.2175
vn -0.0919 -0.0462 0.9947
vn -0.0787 -0.3944 0.9155
vn -0.2541 0.9005 0.3528
vn -0.6750 0.6842 0.2762
vn -0.2295 -0.4414 0.8674
vn -0.9683 0.1979 0.1523
vn -0.8113 0.4037 0.4229
vn -0.9601 -0.0150 0.2792
vn -0.9469 -0.2969 0.1232
vn -0.8077 -0.5888 0.0293
vn -0.5160 -0.8542 0.0629
vn -0.0991 -0.6098 0.7863
vn -0.2175 -0.6569 0.7220
vn 0.1435 -0.9073 0.3951
vn 0.1816 -0.9677 0.1747
vn 0.0562 -0.7979 0.6001
vn 0.0153 -0.7309 0.6823
vn -0.0244 -0.6928 0.7207
vn 0.2588 -0.9487 0.1816
vn 0.1742 -0.8885 0.4245
vn 0.2763 -0.9503 0.1436
vn 0.0960 -0.8325 0.5456
vn 0.0679 -0.7729 0.6308
vn 0.3101 -0.9222 0.2310
vn 0.2407 -0.8715 0.4272
vn 0.0260 -0.7326 0.6802
vn 0.4517 -0.8916 0.0321
vn 0.4003 -0.9031 0.1552
vn 0.2671 -0.8586 0.4375
vn 0.1231 -0.8130 0.5691
vn -0.3587 -0.8960 0.2618
vn -0.1652 -0.9677 0.1906
vn -0.1174 -0.8940 0.4324
vn -0.0486 -0.7913 0.6094
vn -0.8923 -0.0660 0.4465
vn -0.7786 -0.3970 0.4860
vn -0.8713 -0.4416 0.2143
vn -0.6042 -0.5778 0.5487
vn -0.6380 -0.6420 0.4251
vn -0.7288 -0.6775 0.0987
vn -0.6201 -0.7548 0.2139
vn -0.4283 -0.7343 0.5266
vn -0.3661 -0.8136 0.4517
vn -0.1745 -0.8215 0.5428
vn -0.3602 -0.6032 0.7116
vn -0.1943 -0.6634 0.7226
vn -0.2674 -0.6507 0.7107
vn -0.2328 -0.7081 0.6666
vn -0.1303 -0.7513 0.6470
vn -0.0496 -0.7445 0.6658
vn -0.0580 -0.6958 0.7159
vn -0.0811 -0.7095 0.7001
vn -0.0294 -0.7204 0.6930
vn -0.0121 -0.7061 0.7080
vn 0.1818 -0.7592 -0.6249
vn 0.3899 -0.7757 -0.4962
vn 0.5204 -0.7668 -0.3757
vn 0.3272 -0.7904 -0.5178
vn 0.0966 -0.7390 -0.6668
vn 0.7182 -0.6693 -0.1903
vn 0.6362 -0.6956 -0.3338
vn 0.2506 -0.7493 -0.6130
vn 0.5046 -0.7267 -0.4661
vn 0.3678 -0.9020 -0.2261
vn 0.2393 -0.8792 -0.4120
vn 0.5009 -0.8652 -0.0200
vn 0.1799 -0.8210 -0.5418
vn 0.0696 -0.7546 -0.6525
vn 0.0258 -0.7193 -0.6943
vn 0.0539 -0.7338 -0.6772
vn 0.3982 -0.8622 -0.3131
vn 0.5001 -0.8586 -0.1126
vn 0.5323 -0.8457 -0.0388
vn 0.2768 -0.8240 -0.4944
vn 0.5359 -0.8187 -0.2063
vn 0.4134 -0.8337 -0.3662
vn 0.6108 -0.7897 -0.0574
vn 0.1495 -0.7756 -0.6132
vn 0.2446 -0.8022 -0.5446
vn 0.6598 -0.7508 -0.0325
vn 0.6430 -0.7581 -0.1084
vn 0.4578 -0.7928 -0.4023
vn 0.5975 -0.7782 -0.1933
vn 0.7038 -0.7097 -0.0316
vn 0.1280 -0.7613 -0.6356
vn 0.7446 -0.6664 -0.0382
vn 0.6985 -0.7068 -0.1118
vn 0.7336 -0.6793 -0.0179
vn 0.6394 -0.7364 -0.2209
vn 0.7850 -0.6183 -0.0396
vn 0.7674 -0.6328 -0.1038
vn 0.8223 -0.5686 -0.0217
vn 0.8441 -0.5350 -0.0363
vn 0.8351 -0.5425 -0.0913
vn 0.5890 -0.8079 -0.0190
vn 0.6179 -0.7862 0.0134
vn 0.6390 -0.7681 0.0421
vn 0.6860 -0.7272 0.0245
vn 0.7038 -0.7086 0.0513
vn 0.7635 -0.6458 -0.0034
vn 0.7678 -0.6379 0.0604
vn 0.8092 -0.5870 0.0243
vn 0.4956 -0.8684 0.0183
vn 0.5411 -0.8409 0.0065
vn 0.5205 -0.8472 0.1062
vn 0.4103 -0.8787 0.2438
vn 0.1548 -0.8953 0.4177
vn 0.0740 -0.7760 0.6264
vn 0.5727 -0.8194 0.0242
vn 0.5511 -0.8272 0.1096
vn 0.3428 -0.8470 0.4063
vn 0.4862 -0.8309 0.2706
vn 0.5931 -0.7885 0.1627
vn 0.8288 -0.5580 0.0408
vn 0.0149 -0.7118 0.7022
vn 0.2174 -0.8056 0.5511
vn 0.0910 -0.7540 0.6505
vn 0.3355 -0.8305 0.4447
vn 0.1736 -0.7893 0.5889
vn 0.0783 -0.7441 0.6635
vn 0.3653 -0.7999 0.4761
vn 0.5279 -0.8055 0.2691
vn 0.6444 -0.7456 0.1700
vn 0.2294 -0.7843 0.5764
vn 0.0850 -0.7408 0.6663
vn 0.5604 -0.7734 0.2964
vn 0.4027 -0.7916 0.4596
vn 0.6739 -0.7179 0.1745
vn 0.2755 -0.7765 0.5667
vn 0.2008 -0.7402 0.6416
vn 0.1006 -0.7337 0.6720
vn 0.7659 -0.6364 0.0914
vn 0.6490 -0.7113 0.2700
vn 0.5236 -0.7352 0.4304
vn 0.8130 -0.5637 0.1460
vn 0.3776 -0.7478 0.5461
vn 0.0686 -0.7080 -0.7029
vn 0.2886 -0.6746 -0.6794
vn 0.2955 -0.6767 -0.6743
vn 0.0562 -0.7063 -0.7057
vn 0.2899 -0.6744 -0.6791
vn 0.6719 -0.5221 -0.5252
vn 0.8185 -0.4164 -0.3958
vn 0.6723 -0.5189 -0.5280
vn 0.8185 -0.4092 -0.4034
vn 0.9611 -0.1968 -0.1936
vn 0.0556 -0.7155 -0.6964
vn 0.1446 -0.7432 -0.6532
vn 0.3940 -0.7435 -0.5403
vn 0.7728 -0.6015 -0.2024
vn 0.0886 -0.7238 -0.6843
vn 0.1626 -0.7314 -0.6623
vn 0.2555 -0.7002 -0.6667
vn 0.2521 -0.7318 -0.6332
vn 0.0957 -0.7177 -0.6897
vn 0.7688 -0.5955 -0.2330
vn 0.6933 -0.6256 -0.3577
vn 0.8697 -0.4840 -0.0971
vn 0.8926 -0.4500 -0.0287
vn 0.5764 -0.6413 -0.5064
vn 0.9141 -0.4030 -0.0446
vn 0.9029 -0.4159 -0.1088
vn 0.5014 -0.6938 -0.5169
vn 0.6696 -0.5996 -0.4384
vn 0.8710 -0.4373 -0.2241
vn 0.4198 -0.7117 -0.5632
vn 0.9156 -0.3771 -0.1398
vn 0.8210 -0.5232 -0.2284
vn 0.9510 -0.3068 -0.0385
vn 0.3140 -0.6864 -0.6560
vn 0.3376 -0.7100 -0.6180
vn 0.8251 -0.5024 -0.2585
vn 0.7838 -0.5100 -0.3544
vn 0.9311 -0.3493 -0.1047
vn 0.9624 -0.2667 -0.0521
vn 0.6825 -0.5366 -0.4962
vn 0.9787 -0.1983 -0.0521
vn 0.9580 -0.2526 -0.1359
vn 0.6751 -0.5280 -0.5153
vn 0.8215 -0.4287 -0.3759
vn 0.9591 -0.2278 -0.1682
vn 0.9840 -0.1613 -0.0751
vn 0.9920 -0.1238 -0.0228
vn 0.9605 -0.2094 -0.1834
vn 0.9874 -0.1283 -0.0922
vn 0.9963 -0.0801 -0.0294
vn 0.9887 -0.1141 -0.0971
vn 0.9982 -0.0490 -0.0336
vn 0.9734 -0.2291 -0.0093
vn 0.9847 -0.1741 -0.0097
vn 0.8693 -0.4942 0.0110
vn 0.8763 -0.4814 -0.0197
vn 0.8792 -0.4749 0.0391
vn 0.8956 -0.4409 0.0590
vn 0.9325 -0.3608 0.0151
vn 0.9391 -0.3431 -0.0199
vn 0.9607 -0.2726 0.0516
vn 0.9804 -0.1963 0.0159
vn 0.9399 -0.3394 0.0387
vn 0.9884 -0.1490 0.0282
vn 0.9963 -0.0728 0.0458
vn 0.9936 -0.1069 0.0367
vn 0.0550 -0.7191 0.6927
vn 0.0128 -0.7112 0.7029
vn 0.7044 -0.6575 0.2674
vn 0.2687 -0.7425 0.6135
vn 0.1955 -0.7275 0.6577
vn 0.1094 -0.7315 0.6730
vn 0.0569 -0.7188 0.6929
vn 0.8246 -0.5483 0.1391
vn 0.6789 -0.6529 0.3358
vn 0.5469 -0.6974 0.4632
vn 0.8698 -0.4624 0.1723
vn 0.4584 -0.7206 0.5201
vn 0.7783 -0.5534 0.2967
vn 0.3148 -0.7308 0.6056
vn 0.2141 -0.7104 0.6704
vn 0.8747 -0.4589 0.1557
vn 0.7568 -0.5900 0.2813
vn 0.6816 -0.5817 0.4440
vn 0.9229 -0.3347 0.1904
vn 0.9619 -0.2520 0.1055
vn 0.9132 -0.3333 0.2344
vn 0.9647 -0.2254 0.1361
vn 0.0330 -0.7076 0.7058
vn 0.0439 -0.7065 0.7063
vn 0.0482 -0.7063 0.7063
vn 0.2157 -0.6972 0.6837
vn 0.2066 -0.6966 0.6870
vn 0.1993 -0.6968 0.6891
vn 0.1955 -0.6956 0.6913
vn 0.5835 -0.5891 0.5590
vn 0.7223 -0.5151 0.4615
vn 0.5545 -0.6072 0.5690
vn 0.9070 -0.3304 0.2612
vn 0.7087 -0.5178 0.4793
vn 0.5412 -0.6094 0.5794
vn 0.9674 -0.2041 0.1502
vn 0.9061 -0.3204 0.2762
vn 0.7029 -0.5145 0.4912
vn 0.5344 -0.6080 0.5872
vn 0.9725 -0.1798 0.1481
vn 0.9067 -0.3104 0.2856
vn 0.6999 -0.5105 0.4995
vn 0.5298 -0.6070 0.5924
vn 0.0551 0.0307 -0.9980
vn 0.0436 -0.0544 -0.9976
vn 0.0042 -0.3072 -0.9516
vn 0.0733 0.0638 -0.9953
vn 0.0117 0.0033 -0.9999
vn 0.1640 0.1375 -0.9768
vn 0.1395 0.1463 -0.9794
vn 0.3741 0.3695 -0.8506
vn 0.5279 0.4353 -0.7293
vn 0.4187 0.2586 -0.8705
vn 0.6697 0.6592 -0.3420
vn 0.8028 0.4751 -0.3603
vn 0.7208 0.6900 -0.0655
vn 0.0313 0.0747 -0.9967
vn 0.2556 0.4273 -0.8672
vn 0.4443 0.5262 -0.7251
vn 0.4916 0.7993 -0.3458
vn 0.0732 0.2849 -0.9558
vn 0.2200 0.8410 -0.4942
vn 0.4828 0.8725 -0.0746
vn 0.2767 0.9039 -0.3263
vn 0.0532 -0.6506 -0.7576
vn 0.0049 -0.6966 -0.7174
vn 0.0028 0.3825 -0.9239
vn 0.1053 0.9576 -0.2683
vn 0.1377 0.9887 -0.0597
vn 0.3135 0.9440 -0.1025
vn 0.3306 0.9437 -0.0098
vn 0.5076 0.8616 -0.0054
vn 0.8016 0.5944 -0.0641
vn 0.7408 0.6716 -0.0082
vn 0.8241 0.5664 -0.0090
vn 0.8908 0.4463 -0.0856
vn 0.9008 0.4341 -0.0096
vn 0.6390 0.7691 -0.0071
vn 0.6296 0.7750 -0.0533
vn 0.3622 0.9321 -0.0041
vn 0.1778 0.9841 -0.0022
vn 0.6558 0.7549 -0.0070
vn 0.8295 0.5584 -0.0087
vn 0.7559 0.6546 -0.0079
vn 0.5344 0.8452 -0.0057
vn 0.2293 0.9734 -0.0026
vn 0.3913 0.9203 -0.0047
vn 0.8474 0.5308 -0.0086
vn 0.7808 0.6245 0.0188
vn 0.6705 0.7415 0.0264
vn 0.5534 0.8329 -0.0058
vn 0.4104 0.9110 0.0405
vn 0.2442 0.9688 0.0424
vn 0.0127 -0.3899 0.9208
vn 0.0019 -0.5705 0.8213
vn 0.0194 -0.1813 0.9832
vn 0.1411 0.0585 0.9883
vn 0.0251 -0.6741 0.7382
vn 0.1293 0.1396 0.9817
vn 0.0807 0.0039 0.9967
vn 0.3404 0.1493 0.9283
vn 0.1695 0.1205 0.9781
vn 0.0569 -0.1234 0.9907
vn 0.3366 0.2851 0.8975
vn 0.5986 0.3930 0.6980
vn 0.1009 -0.0150 0.9948
vn 0.0229 -0.3422 0.9394
vn 0.2626 0.2911 0.9199
vn 0.5030 0.5373 0.6770
vn 0.8553 0.5176 0.0247
vn 0.6890 0.6989 0.1919
vn 0.8283 0.5183 0.2130
vn 0.6630 0.5498 0.5081
vn 0.3233 0.5798 0.7479
vn 0.0872 0.1252 0.9883
vn 0.5733 0.8184 0.0384
vn 0.4610 0.8553 0.2367
vn 0.5121 0.6731 0.5336
vn 0.2320 0.9462 0.2254
vn 0.2041 0.9043 0.3750
vn 0.0997 0.4557 0.8845
vn 0.0632 0.5009 0.8632
vn 0.0612 0.0390 -0.9974
vn 0.0659 0.2537 -0.9650
vn 0.0190 0.6185 -0.7856
vn 0.0132 0.0174 -0.9998
vn 0.1870 0.0173 -0.9822
vn 0.0904 -0.0485 -0.9947
vn 0.2966 0.0615 -0.9530
vn 0.8195 0.2031 -0.5359
vn 0.8986 0.2553 -0.3568
vn 0.9419 0.0917 -0.3230
vn 0.8753 0.0132 -0.4834
vn 0.9905 0.1136 -0.0780
vn 0.9954 -0.0604 -0.0747
vn 0.9478 -0.0598 -0.3131
vn 0.3781 -0.0158 -0.9256
vn 0.8424 -0.1841 -0.5064
vn 0.9176 -0.2194 -0.3315
vn 0.8287 -0.4450 -0.3394
vn 0.4438 -0.2591 -0.8578
vn 0.9126 -0.4017 -0.0758
vn 0.1897 -0.1186 -0.9747
vn 0.8286 -0.5558 -0.0670
vn 0.5713 -0.4331 -0.6972
vn 0.7088 -0.6487 -0.2770
vn 0.6384 -0.5978 -0.4849
vn 0.7514 -0.6580 -0.0498
vn 0.2123 -0.1896 -0.9586
vn 0.1636 -0.0939 -0.9820
vn 0.6583 -0.6607 -0.3607
vn 0.6555 -0.7177 -0.2352
vn 0.6535 -0.7556 -0.0449
vn 0.2487 -0.2747 -0.9288
vn 0.5341 -0.7177 -0.4468
vn 0.5493 -0.8339 -0.0542
vn 0.5391 -0.7855 -0.3039
vn 0.1420 -0.1393 -0.9800
vn 0.4193 0.0870 -0.9037
vn 0.4785 -0.7881 -0.3872
vn 0.5266 -0.7193 -0.4531
vn 0.4403 -0.8895 -0.1219
vn 0.4376 -0.8990 -0.0158
vn 0.5072 -0.2644 -0.8202
vn 0.2511 -0.9437 -0.2155
vn 0.3169 -0.9482 -0.0218
vn 0.3060 -0.8224 -0.4797
vn 0.9930 0.1176 -0.0090
vn 0.9546 0.2876 -0.0781
vn 0.9984 -0.0559 -0.0094
vn 0.9733 -0.2293 -0.0093
vn 0.9688 -0.2375 -0.0704
vn 0.7823 -0.6228 -0.0072
vn 0.9594 0.2820 -0.0087
vn 0.6783 -0.7347 -0.0059
vn 0.4596 -0.8881 -0.0062
vn 0.3245 -0.9459 -0.0056
vn 0.1671 -0.9859 -0.0021
vn 0.9620 0.2728 -0.0094
vn 0.8564 -0.5163 -0.0080
vn 0.9984 -0.0554 -0.0082
vn 0.9947 0.1025 -0.0086
vn 0.9267 -0.3758 -0.0092
vn 0.9767 -0.2146 -0.0085
vn 0.6951 -0.7189 -0.0065
vn 0.5708 -0.8211 -0.0070
vn 0.4652 -0.8852 -0.0057
vn 0.3529 -0.9357 -0.0034
vn 0.9651 0.2614 -0.0152
vn 0.9793 -0.2021 -0.0084
vn 0.9326 -0.3609 -0.0091
vn 0.8695 -0.4938 -0.0094
vn 0.7959 -0.6054 -0.0075
vn 0.9976 -0.0346 0.0605
vn 0.9307 -0.3625 0.0495
vn 0.5934 -0.8030 0.0552
vn 0.4797 -0.8762 0.0460
vn 0.3899 -0.9195 0.0506
vn 0.2021 -0.9794 -0.0012
vn 0.0774 -0.0105 0.9969
vn 0.0555 0.0182 0.9983
vn 0.0228 0.0303 0.9993
vn 0.0491 0.3937 0.9179
vn 0.2943 0.0512 0.9543
vn 0.2745 -0.0772 0.9585
vn 0.1214 -0.0089 0.9926
vn 0.4681 0.1639 0.8683
vn 0.6783 0.1977 0.7077
vn 0.9426 0.1863 0.2773
vn 0.9891 0.1415 0.0402
vn 0.7044 -0.0282 0.7092
vn 0.9502 -0.0334 0.3099
vn 0.9773 -0.2030 0.0601
vn 0.9202 -0.2656 0.2876
vn 0.6243 -0.2363 0.7446
vn 0.4080 -0.1620 0.8985
vn 0.2633 -0.1200 0.9572
vn 0.1268 0.0834 0.9884
vn 0.9097 0.4153 -0.0089
vn 0.9119 0.3677 0.1825
vn 0.9291 0.3684 0.0337
vn 0.7701 0.3023 0.5618
vn 0.8844 -0.4646 0.0431
vn 0.8760 -0.4188 0.2392
vn 0.7531 -0.3528 0.5553
vn 0.6911 -0.3042 0.6556
vn 0.8038 -0.5930 0.0462
vn 0.7696 -0.5682 0.2914
vn 0.5429 -0.3753 0.7512
vn 0.2884 -0.0825 0.9539
vn 0.1137 0.2838 0.9521
vn 0.7170 -0.6952 0.0507
vn 0.5816 -0.7577 0.2960
vn 0.5645 -0.5335 0.6299
vn 0.3844 -0.4155 0.8244
vn 0.1636 -0.2272 0.9600
vn 0.4597 -0.8641 0.2049
vn 0.3572 -0.6391 0.6811
vn 0.1677 -0.4248 0.8896
vn 0.2997 -0.9068 0.2965
vn 0.2387 -0.9692 0.0601
vn 0.3497 -0.7142 0.6064
vn 0.0652 0.8446 -0.5314
vn 0.0091 0.9999 -0.0068
vn 0.0401 0.9980 -0.0493
vn 0.1280 0.5933 -0.7947
vn 0.1946 0.5488 -0.8130
vn 0.1114 0.6696 -0.7343
vn 0.1558 0.1992 -0.9675
vn 0.0258 0.7515 0.6593
vn 0.0155 0.9998 0.0113
vn 0.0014 1.0000 0.0018
vn 0.0511 0.9955 0.0796
vn 0.0759 0.6588 0.7485
vn 0.0521 0.4893 0.8705
vn -0.0168 0.1012 -0.9947
vn -0.0432 0.9978 -0.0509
vn -0.0529 0.9636 -0.2622
vn -0.1622 0.5456 -0.8222
vn 0.0068 0.9091 -0.4165
vn -0.1875 0.9296 -0.3174
vn 0.0461 -0.5241 -0.8504
vn 0.0230 -0.2948 -0.9553
vn -0.0386 0.0282 -0.9989
vn -0.2292 0.9714 -0.0625
vn -0.4093 0.8334 -0.3713
vn -0.5882 0.8009 -0.1119
vn -0.4285 0.8996 -0.0840
vn -0.4075 0.6341 -0.6572
vn -0.3867 0.9222 0.0013
vn -0.3786 0.4834 -0.7893
vn -0.5504 0.7406 -0.3856
vn -0.6590 0.7521 -0.0036
vn -0.5259 0.8505 -0.0030
vn -0.2016 0.3083 -0.9297
vn -0.0173 -0.0776 -0.9968
vn -0.1212 0.1082 -0.9867
vn -0.6875 0.5944 -0.4172
vn -0.7520 0.6553 -0.0705
vn -0.5402 0.2674 -0.7979
vn -0.8259 0.4559 -0.3317
vn -0.8456 0.5301 -0.0630
vn 0.0676 -0.7043 -0.7067
vn -0.3674 0.2797 -0.8870
vn -0.0142 0.0411 -0.9991
vn -0.1427 0.0843 -0.9862
vn 0.2915 -0.6728 -0.6799
vn 0.2889 -0.6663 -0.6874
vn 0.2562 -0.6129 -0.7475
vn 0.2210 -0.3706 -0.9021
vn 0.1903 -0.0643 -0.9796
vn 0.6735 -0.5178 -0.5276
vn 0.8192 -0.4065 -0.4046
vn 0.9614 -0.1944 -0.1948
vn 0.9936 -0.0126 -0.1119
vn 0.6748 -0.5143 -0.5292
vn 0.8202 -0.4050 -0.4040
vn 0.9623 -0.1891 -0.1954
vn 0.9893 -0.0985 -0.1074
vn 0.9984 -0.0383 -0.0406
vn 0.6742 -0.4773 -0.5636
vn 0.8211 -0.3961 -0.4109
vn 0.9626 -0.1891 -0.1939
vn 0.9931 -0.0663 -0.0964
vn 0.9986 -0.0334 -0.0406
vn 0.3315 -0.4355 -0.8369
vn 0.7978 -0.3209 -0.5105
vn 0.9615 -0.1738 -0.2131
vn 0.9896 -0.0893 -0.1123
vn 0.9420 -0.0762 -0.3270
vn 0.8865 -0.1635 -0.4328
vn 0.8754 -0.0834 -0.4761
vn 0.9888 -0.0684 -0.1323
vn 0.9985 -0.0271 -0.0479
vn 0.0814 0.0327 -0.9961
vn 0.3412 -0.0676 -0.9376
vn 0.8785 -0.0032 -0.4777
vn -0.2085 0.9780 0.0017
vn 0.9997 0.0022 -0.0253
vn 0.9997 -0.0250 0.0074
vn 0.0048 1.0000 -0.0005
vn -0.3448 0.9387 0.0024
vn -0.5016 0.8651 0.0046
vn -0.6350 0.7725 0.0060
vn -0.7375 0.6753 0.0072
vn 0.1962 0.9806 -0.0029
vn -0.1737 0.9848 0.0005
vn 0.0423 0.9991 -0.0003
vn -0.1330 0.9902 0.0432
vn -0.6160 0.7870 0.0325
vn -0.8187 0.5741 0.0079
vn -0.7089 0.7040 0.0431
vn 0.0640 0.9971 0.0412
vn -0.3008 0.9524 0.0497
vn -0.8961 0.4438 0.0085
vn -0.7934 0.6060 0.0570
vn 0.0675 0.9754 0.2101
vn 0.0383 0.7817 0.6224
vn 0.0142 -0.3643 0.9312
vn 0.0028 -0.0961 0.9954
vn -0.0550 0.1844 0.9813
vn -0.1069 0.9701 0.2177
vn -0.0585 0.7733 0.6313
vn 0.0230 -0.5629 0.8262
vn -0.2628 0.9327 0.2471
vn -0.1913 0.7068 0.6810
vn -0.4613 0.8855 0.0567
vn -0.4795 0.8375 0.2620
vn -0.3193 0.5580 0.7660
vn -0.5116 0.6415 0.5716
vn -0.0904 -0.0348 0.9953
vn -0.2451 0.2618 0.9335
vn -0.6779 0.6945 0.2413
vn -0.4881 0.4929 0.7203
vn -0.8303 0.4902 0.2651
vn -0.6377 0.5216 0.5668
vn 0.0079 -0.1266 0.9919
vn -0.0992 0.1012 0.9899
vn -0.2618 0.2482 0.9327
vn -0.8854 0.4606 0.0624
vn -0.5507 0.3347 0.7646
vn 0.1942 -0.6921 0.6952
vn 0.1970 -0.7112 0.6749
vn 0.1197 -0.6944 0.7096
vn 0.1071 -0.5556 0.8245
vn 0.1433 -0.3549 0.9239
vn 0.1729 -0.1562 0.9725
vn 0.1365 -0.0109 0.9906
vn 0.0380 0.1021 0.9941
vn -0.1130 0.0871 0.9898
vn 0.9976 -0.0528 0.0458
vn 0.9736 -0.1776 0.1436
vn 0.9050 -0.3162 0.2846
vn 0.6937 -0.5180 0.5004
vn 0.5222 -0.6243 0.5810
vn 0.9946 -0.0825 0.0631
vn 0.9703 -0.1998 0.1361
vn 0.8873 -0.3882 0.2489
vn 0.6663 -0.6363 0.3887
vn 0.3209 -0.7354 0.5968
vn 0.9995 -0.0316 0.0081
vn 0.9675 -0.2462 0.0584
vn 0.3263 -0.5067 0.7980
vn 0.9988 -0.0438 0.0223
vn 0.4008 -0.2778 0.8730
vn 0.4734 -0.1298 0.8712
vn 0.4714 0.0004 0.8819
vn -0.0531 -0.9116 -0.4077
vn -0.0270 -0.9631 -0.2680
vn 0.1489 -0.9876 -0.0494
vn -0.0209 -0.9984 -0.0535
vn -0.7927 -0.4755 -0.3815
vn -0.6203 -0.7367 -0.2690
vn -0.5331 -0.7699 -0.3508
vn -0.4644 -0.8720 -0.1549
vn -0.2680 -0.9282 -0.2580
vn -0.3710 -0.9278 -0.0392
vn -0.2111 -0.9763 -0.0483
vn -0.2830 -0.9502 -0.1303
vn -0.3877 -0.8288 -0.4035
vn -0.4657 -0.8848 -0.0156
vn -0.5474 -0.8321 -0.0889
vn -0.1311 0.1772 -0.9754
vn -0.1884 -0.1928 -0.9630
vn -0.1909 -0.1874 -0.9635
vn -0.1777 0.6204 -0.7639
vn -0.2969 0.6079 -0.7364
vn -0.2285 0.4771 -0.8486
vn -0.5642 -0.7526 -0.3396
vn -0.4915 -0.6699 -0.5565
vn -0.7074 -0.7029 -0.0743
vn -0.5793 -0.8150 -0.0132
vn -0.6882 -0.7255 -0.0024
vn -0.0159 0.2285 -0.9734
vn -0.1244 -0.1856 -0.9747
vn -0.0062 0.6324 -0.7746
vn -0.6196 0.3281 -0.7131
vn -0.8657 0.3329 -0.3738
vn -0.8985 0.4348 -0.0603
vn -0.8643 -0.5002 -0.0531
vn -0.8589 -0.4248 -0.2860
vn -0.9277 -0.3704 -0.0466
vn -0.7482 -0.5601 -0.3556
vn -0.6055 -0.2969 -0.7384
vn -0.4746 -0.4779 -0.7392
vn -0.4027 -0.2860 -0.8695
vn -0.7933 -0.6061 -0.0578
vn -0.7836 -0.6212 0.0077
vn -0.1231 -0.0614 -0.9905
vn -0.1310 -0.0999 -0.9863
vn -0.9514 0.2872 -0.1110
vn -0.8059 0.0985 -0.5838
vn -0.9105 0.1091 -0.3988
vn -0.9871 0.1057 -0.1204
vn -0.9946 0.1025 -0.0168
vn -0.9634 0.2682 -0.0036
vn -0.8170 -0.0703 -0.5724
vn -0.9166 -0.0680 -0.3939
vn -0.9910 -0.0610 -0.1188
vn -0.9985 -0.0534 -0.0150
vn -0.8833 -0.2815 -0.3750
vn -0.4667 -0.1963 -0.8624
vn -0.9650 -0.2445 -0.0950
vn -0.9785 -0.2061 -0.0034
vn -0.1457 -0.0714 -0.9867
vn -0.0208 0.0779 -0.9967
vn 0.0665 0.3496 -0.9345
vn -0.4382 0.2210 -0.8713
vn -0.2438 0.0209 -0.9696
vn -0.2882 -0.0175 -0.9574
vn 0.1057 -0.0391 -0.9936
vn 0.1728 0.0963 -0.9802
vn 0.2222 0.4535 -0.8631
vn 0.1273 0.6675 -0.7337
vn 0.9445 0.0204 -0.3279
vn 0.9947 0.0314 -0.0984
vn 0.3292 0.0765 -0.9411
vn 0.8839 0.0934 -0.4582
vn 0.9421 0.1633 -0.2928
vn 0.9813 0.1613 -0.1051
vn 0.9987 0.0432 -0.0253
vn 0.5963 0.3966 -0.6979
vn 0.4441 0.7136 -0.5419
vn 0.8054 0.4914 -0.3315
vn 0.6667 0.7161 -0.2066
vn 0.9017 0.4094 -0.1389
vn 0.9875 0.1548 -0.0281
vn 0.6989 0.7139 -0.0439
vn -0.1679 -0.9858 0.0035
vn -0.3464 -0.9381 0.0051
vn -0.4556 -0.8902 0.0071
vn -0.5672 -0.8235 0.0076
vn -0.8317 0.5552 0.0083
vn -0.9227 -0.3855 0.0088
vn -0.8549 -0.5187 0.0080
vn -0.9099 0.4146 0.0087
vn -0.9983 -0.0577 0.0083
vn -0.9750 -0.2219 0.0090
vn 0.0033 -1.0000 -0.0002
vn -0.3311 -0.9436 0.0069
vn -0.4579 -0.8890 0.0048
vn -0.7690 -0.6392 0.0081
vn -0.6786 -0.7345 0.0072
vn -0.9943 0.1058 0.0086
vn -0.9580 0.2868 0.0090
vn 0.9917 0.1282 -0.0128
vn 0.9131 0.4076 -0.0079
vn 0.9244 0.3800 -0.0335
vn -0.5404 -0.8414 0.0054
vn -0.6534 -0.7569 0.0073
vn -0.9984 -0.0549 0.0095
vn -0.9925 0.1217 0.0094
vn 0.9862 0.1559 -0.0547
vn 0.0230 -0.9997 0.0006
vn -0.3012 -0.9536 0.0030
vn -0.1464 -0.9892 0.0017
vn 0.8920 0.4505 -0.0384
vn -0.4307 -0.9025 0.0046
vn -0.8364 -0.5480 0.0085
vn -0.7474 -0.6643 0.0077
vn -0.9738 -0.2272 0.0090
vn -0.9689 -0.2424 0.0493
vn -0.9116 -0.4088 0.0437
vn 0.0519 -0.9967 0.0621
vn -0.1222 -0.9903 0.0668
vn -0.4312 -0.9001 0.0626
vn -0.2924 -0.9536 0.0719
vn -0.5226 -0.8507 0.0556
vn -0.6387 -0.7671 0.0605
vn -0.9907 0.1282 0.0450
vn -0.9970 -0.0615 0.0466
vn 0.9996 0.0199 -0.0224
vn 0.0729 -0.9471 0.3127
vn 0.0826 -0.8726 0.4814
vn -0.1090 -0.9403 0.3225
vn -0.1056 -0.8643 0.4918
vn -0.3353 -0.8894 0.3108
vn -0.3827 -0.6400 0.6663
vn -0.3667 -0.6687 0.6468
vn -0.4666 -0.8410 0.2738
vn -0.3859 -0.7991 0.4610
vn -0.2077 -0.2447 0.9471
vn -0.2622 -0.2558 0.9305
vn -0.7362 -0.6752 0.0449
vn -0.8398 -0.5414 0.0401
vn -0.7873 -0.5736 0.2263
vn -0.7207 -0.4551 0.5229
vn -0.6237 -0.4059 0.6680
vn -0.6191 -0.7129 0.3295
vn -0.3890 -0.3648 0.8459
vn -0.9315 0.2727 0.2407
vn -0.8889 0.2324 0.3948
vn -0.9709 0.1148 0.2102
vn -0.9518 0.3023 0.0516
vn -0.7816 0.0682 0.6201
vn -0.9769 -0.0538 0.2066
vn -0.7969 -0.0281 0.6035
vn -0.9469 -0.2305 0.2242
vn -0.9121 -0.2027 0.3564
vn -0.8725 -0.4247 0.2417
vn -0.6092 -0.3045 0.7323
vn -0.3587 -0.2055 0.9106
vn -0.2136 -0.0097 0.9769
vn -0.0527 0.3075 0.9501
vn -0.4546 0.1178 0.8829
vn -0.5070 0.0783 0.8584
vn -0.5411 -0.0658 0.8384
vn -0.0605 -0.0457 0.9971
vn -0.5052 -0.0985 0.8574
vn 0.0803 0.1202 0.9895
vn 0.1616 0.3909 0.9061
vn 0.1170 0.0159 0.9930
vn 0.4160 0.0001 0.9094
vn 0.4206 0.0148 0.9071
vn 0.0970 -0.0154 0.9952
vn 0.4353 0.1713 0.8838
vn 0.5368 0.4642 0.7045
vn -0.0434 0.1607 -0.9861
vn 0.0009 0.9015 -0.4328
vn -0.0059 0.9719 -0.2355
vn -0.1018 0.7977 -0.5944
vn -0.0380 0.1315 -0.9906
vn -0.0199 0.8785 -0.4774
vn 0.0190 0.9797 -0.1994
vn 0.1054 0.8814 -0.4605
vn 0.1258 0.9777 -0.1682
vn 0.3363 0.8451 -0.4156
vn 0.3742 0.9191 -0.1234
vn 0.1492 0.9884 -0.0285
vn 0.3440 0.9390 -0.0043
vn 0.4015 0.9159 -0.0065
vn 0.6702 0.7421 -0.0061
vn 0.0358 0.9994 -0.0008
vn 0.1091 0.9940 -0.0027
vn 0.3009 0.9537 -0.0034
vn 0.6507 0.7593 -0.0061
vn 0.0811 0.9967 0.0050
vn 0.6033 0.7972 -0.0223
vn 0.2758 0.9612 -0.0025
vn 0.0037 0.9573 0.2891
vn 0.0052 0.8918 0.4524
vn 0.0324 0.0712 0.9969
vn 0.0104 0.0547 0.9984
vn -0.1230 0.2889 0.9494
vn -0.0360 0.0346 0.9988
vn -0.1019 0.1770 0.9789
vn -0.0719 0.4246 0.9025
vn 0.0023 0.8968 0.4425
vn 0.0463 0.9597 0.2771
vn 0.0148 0.7467 0.6650
vn 0.2324 0.9715 0.0469
vn 0.1486 0.7583 0.6348
vn 0.8256 0.5636 -0.0263
vn 0.8156 0.5783 0.0200
vn 0.5244 0.8302 0.1891
vn 0.5396 0.8411 0.0370
vn 0.1913 0.9533 0.2337
vn 0.4528 0.7026 0.5490
vn 0.7661 0.6015 0.2265
vn 0.4332 -0.8075 0.4002
vn 0.3608 -0.7825 0.5075
vn 0.9379 -0.3468 0.0117
vn 0.9832 -0.1664 0.0749
vn 0.9502 -0.2190 0.2219
vn 0.4652 -0.4791 0.7443
vn 0.9842 -0.0596 0.1670
vn 0.7926 -0.1665 0.5866
vn 0.8429 -0.0418 0.5364
vn 0.9978 0.0661 0.0091
vn 0.9876 0.0559 0.1466
vn 0.8319 0.0867 0.5481
vn 0.9570 0.2864 -0.0455
vn 0.9954 0.0819 -0.0501
vn 0.9409 0.3195 0.1123
vn 0.8034 0.3428 0.4869
vn -0.2079 -0.9777 0.0293
vn -0.0070 -0.3123 -0.9499
vn 0.2043 -0.2822 -0.9374
vn 0.1112 0.1825 0.9769
vn -0.3457 -0.9380 0.0254
vn -0.0218 0.9068 -0.4209
vn -0.3934 0.8081 -0.4384
vn 0.3337 -0.0418 -0.9417
vn 0.5736 -0.4069 -0.7110
vn 0.1324 0.3986 0.9075
vn 0.1052 0.2002 0.9741
vn 0.3228 -0.0014 -0.9465
vn -0.8611 -0.3814 -0.3362
vn 0.9612 -0.1579 0.2264
vt 0.507540 0.384387
vt 0.499207 0.387231
vt 0.498259 0.382321
vt 0.226852 0.777039
vt 0.221871 0.782779
vt 0.221660 0.777026
vt 0.222412 0.788901
vt 0.226283 0.781954
vt 0.228483 0.784914
vt 0.214305 0.780424
vt 0.218858 0.774196
vt 0.215565 0.789291
vt 0.207323 0.780780
vt 0.213912 0.775011
vt 0.205292 0.788045
vt 0.206247 0.772799
vt 0.189642 0.765932
vt 0.199100 0.773029
vt 0.502263 0.373290
vt 0.497013 0.376261
vt 0.497502 0.364868
vt 0.490197 0.379529
vt 0.489069 0.374496
vt 0.226698 0.770971
vt 0.493017 0.365475
vt 0.487566 0.367878
vt 0.488237 0.356994
vt 0.219533 0.769157
vt 0.213742 0.769131
vt 0.219241 0.762529
vt 0.210784 0.766241
vt 0.211513 0.761145
vt 0.216424 0.751970
vt 0.211105 0.754053
vt 0.212372 0.743872
vt 0.205667 0.767026
vt 0.205453 0.761077
vt 0.202348 0.758119
vt 0.202953 0.753014
vt 0.207927 0.743877
vt 0.203447 0.744793
vt 0.197216 0.758862
vt 0.196766 0.752832
vt 0.192893 0.749357
vt 0.194091 0.744939
vt 0.198596 0.735902
vt 0.194299 0.735261
vt 0.198254 0.765170
vt 0.189208 0.735655
vt 0.191180 0.758082
vt 0.496756 0.117614
vt 0.491841 0.128729
vt 0.487461 0.126308
vt 0.483769 0.357343
vt 0.479506 0.349271
vt 0.478787 0.138429
vt 0.482846 0.136979
vt 0.204911 0.539483
vt 0.209742 0.532863
vt 0.213914 0.533029
vt 0.195472 0.538665
vt 0.200270 0.540579
vt 0.190273 0.549423
vt 0.217925 0.531605
vt 0.212905 0.522165
vt 0.222166 0.520963
vt 0.203782 0.523810
vt 0.194897 0.531705
vt 0.203783 0.530601
vt 0.272758 0.687154
vt 0.271509 0.676118
vt 0.276294 0.679804
vt 0.197489 0.523992
vt 0.193700 0.527389
vt 0.280035 0.672735
vt 0.272188 0.671650
vt 0.501757 0.113837
vt 0.497137 0.105282
vt 0.504468 0.104145
vt 0.317656 0.716613
vt 0.316348 0.708786
vt 0.321045 0.711232
vt 0.487173 0.119120
vt 0.464803 0.859808
vt 0.457877 0.867174
vt 0.457877 0.858542
vt 0.307738 0.711202
vt 0.304917 0.701110
vt 0.309407 0.704029
vt 0.705605 0.679922
vt 0.701844 0.683748
vt 0.701844 0.675708
vt 0.315949 0.703854
vt 0.311982 0.710018
vt 0.323321 0.704148
vt 0.801400 0.853526
vt 0.794813 0.862430
vt 0.794120 0.853526
vt 0.295586 0.703735
vt 0.293776 0.693204
vt 0.298138 0.696175
vt 0.705876 0.641933
vt 0.701844 0.646208
vt 0.701844 0.637516
vt 0.304756 0.695926
vt 0.300385 0.702424
vt 0.311581 0.696063
vt 0.320052 0.694231
vt 0.284033 0.695904
vt 0.282827 0.685052
vt 0.287111 0.688124
vt 0.844578 0.871809
vt 0.840290 0.876464
vt 0.840290 0.867320
vt 0.293699 0.687901
vt 0.300552 0.688106
vt 0.282732 0.679739
vt 0.278354 0.686319
vt 0.289716 0.680153
vt 0.287399 0.670347
vt 0.567282 0.446899
vt 0.562645 0.451410
vt 0.559928 0.446193
vt 0.464785 0.883273
vt 0.464785 0.888966
vt 0.459833 0.887093
vt 0.825026 0.889082
vt 0.820508 0.885553
vt 0.825026 0.882807
vt 0.232493 0.844249
vt 0.240005 0.836220
vt 0.240364 0.844164
vt 0.233802 0.856490
vt 0.240704 0.852168
vt 0.228037 0.875463
vt 0.543805 0.422957
vt 0.539364 0.427256
vt 0.537984 0.422268
vt 0.543142 0.412803
vt 0.537117 0.415151
vt 0.536089 0.404895
vt 0.551316 0.430928
vt 0.546690 0.435411
vt 0.544118 0.430136
vt 0.550959 0.421025
vt 0.559287 0.438930
vt 0.554653 0.443439
vt 0.551936 0.438209
vt 0.559065 0.431196
vt 0.558950 0.422364
vt 0.567061 0.439169
vt 0.567136 0.430297
vt 0.519523 0.399051
vt 0.515279 0.403344
vt 0.514152 0.398353
vt 0.519077 0.389226
vt 0.513003 0.393375
vt 0.513323 0.382709
vt 0.525942 0.407028
vt 0.522206 0.411508
vt 0.519727 0.406228
vt 0.525729 0.399322
vt 0.525839 0.390516
vt 0.244510 0.817236
vt 0.239645 0.823042
vt 0.239910 0.817232
vt 0.532005 0.415027
vt 0.529557 0.419547
vt 0.526816 0.414311
vt 0.533642 0.422292
vt 0.531390 0.407304
vt 0.530768 0.397252
vt 0.044921 0.884212
vt 0.046878 0.889032
vt 0.042092 0.889032
vt 0.011456 0.884212
vt 0.011456 0.889788
vt 0.006547 0.887860
vt 0.235754 0.793170
vt 0.230640 0.798976
vt 0.230624 0.793137
vt 0.505522 0.395506
vt 0.503141 0.390165
vt 0.235952 0.788185
vt 0.230955 0.804742
vt 0.235054 0.798169
vt 0.237038 0.801081
vt 0.705867 0.706300
vt 0.701844 0.701830
vt 0.705867 0.699037
vt 0.451539 0.880672
vt 0.451771 0.887221
vt 0.447205 0.887221
vt 0.239753 0.828562
vt 0.232062 0.820179
vt 0.233335 0.832185
vt 0.222964 0.796112
vt 0.227811 0.790269
vt 0.224928 0.808362
vt 0.231256 0.812112
vt 0.222643 0.820785
vt 0.215221 0.797170
vt 0.507865 0.374188
vt 0.566470 0.064560
vt 0.512035 0.104662
vt 0.523176 0.097157
vt 0.518177 0.104351
vt 0.535182 0.082210
vt 0.550494 0.073362
vt 0.558437 0.065814
vt 0.506467 0.113002
vt 0.528449 0.088983
vt 0.529477 0.073317
vt 0.535220 0.072537
vt 0.530935 0.068422
vt 0.535685 0.065527
vt 0.542518 0.081017
vt 0.542503 0.072201
vt 0.542754 0.064599
vt 0.550425 0.064215
vt 0.511830 0.094263
vt 0.517489 0.096155
vt 0.512843 0.089303
vt 0.517870 0.088528
vt 0.337787 0.722703
vt 0.338478 0.717272
vt 0.343390 0.719547
vt 0.523036 0.088201
vt 0.518616 0.081510
vt 0.523598 0.080603
vt 0.347329 0.724171
vt 0.348999 0.718271
vt 0.353692 0.720996
vt 0.350875 0.728012
vt 0.360496 0.720554
vt 0.356498 0.726277
vt 0.366359 0.720917
vt 0.361023 0.725021
vt 0.329618 0.719938
vt 0.326620 0.710021
vt 0.331235 0.712875
vt 0.333867 0.718689
vt 0.338102 0.712399
vt 0.345182 0.712377
vt 0.355753 0.713003
vt 0.375041 0.714907
vt 0.333377 0.704681
vt 0.341155 0.703247
vt 0.356778 0.704488
vt 0.390350 0.712854
vt 0.345861 0.606829
vt 0.538374 0.060406
vt 0.543538 0.057538
vt 0.550725 0.056605
vt 0.546334 0.052411
vt 0.551518 0.049540
vt 0.558409 0.056216
vt 0.558705 0.048606
vt 0.554310 0.044414
vt 0.559492 0.041543
vt 0.566318 0.056095
vt 0.566381 0.048216
vt 0.566676 0.040607
vt 0.562280 0.036417
vt 0.567460 0.033545
vt 0.371922 0.725655
vt 0.372035 0.720867
vt 0.377673 0.721400
vt 0.383177 0.726381
vt 0.383318 0.721343
vt 0.388951 0.721897
vt 0.394449 0.727050
vt 0.394596 0.721810
vt 0.400229 0.722356
vt 0.405724 0.727597
vt 0.405875 0.722232
vt 0.411510 0.722749
vt 0.417004 0.728012
vt 0.417157 0.722594
vt 0.401713 0.714884
vt 0.413194 0.714229
vt 0.159812 0.775241
vt 0.168310 0.765496
vt 0.148087 0.792764
vt 0.150893 0.779913
vt 0.144213 0.782027
vt 0.135652 0.785286
vt 0.137353 0.777328
vt 0.144351 0.774635
vt 0.139329 0.791420
vt 0.127840 0.791368
vt 0.127629 0.785312
vt 0.133129 0.780520
vt 0.128090 0.777954
vt 0.132156 0.774501
vt 0.179033 0.751091
vt 0.181343 0.744951
vt 0.177085 0.741197
vt 0.178498 0.736998
vt 0.183662 0.727707
vt 0.178722 0.727793
vt 0.183053 0.760033
vt 0.188836 0.750599
vt 0.172557 0.728534
vt 0.171807 0.742697
vt 0.165646 0.743090
vt 0.165668 0.737098
vt 0.166835 0.749306
vt 0.155834 0.742689
vt 0.157591 0.736964
vt 0.154608 0.729761
vt 0.160516 0.719809
vt 0.155251 0.720896
vt 0.151085 0.746736
vt 0.159418 0.763896
vt 0.153190 0.734483
vt 0.139322 0.739852
vt 0.828950 0.745816
vt 0.846114 0.746044
vt 0.834335 0.748191
vt 0.151680 0.771513
vt 0.152091 0.763459
vt 0.138478 0.729178
vt 0.139689 0.735149
vt 0.141188 0.719817
vt 0.830568 0.755509
vt 0.834124 0.755096
vt 0.842713 0.754600
vt 0.838592 0.755061
vt 0.145588 0.766235
vt 0.142747 0.760718
vt 0.143846 0.768953
vt 0.988236 0.755807
vt 0.991983 0.760641
vt 0.987472 0.763279
vt 0.991829 0.747716
vt 0.994187 0.754932
vt 0.987784 0.748042
vt 0.990667 0.737828
vt 0.133173 0.719465
vt 0.842743 0.759258
vt 0.840184 0.762728
vt 0.845683 0.759093
vt 0.848175 0.755552
vt 0.703087 0.877245
vt 0.705971 0.881825
vt 0.703087 0.882065
vt 0.395926 0.934632
vt 0.399024 0.939398
vt 0.394777 0.942599
vt 0.400192 0.934567
vt 0.405954 0.927690
vt 0.405611 0.935531
vt 0.396002 0.925299
vt 0.400142 0.919729
vt 0.400387 0.927703
vt 0.139157 0.768870
vt 0.982528 0.762933
vt 0.983147 0.755840
vt 0.983047 0.747699
vt 0.978001 0.755827
vt 0.977662 0.763435
vt 0.977794 0.745516
vt 0.111300 0.735003
vt 0.120778 0.728976
vt 0.118226 0.719809
vt 0.125274 0.712524
vt 0.103865 0.744158
vt 0.833907 0.767827
vt 0.829261 0.775987
vt 0.852099 0.803213
vt 0.852099 0.773126
vt 0.853669 0.782729
vt 0.837659 0.771177
vt 0.413123 0.931200
vt 0.367261 0.945762
vt 0.372745 0.955527
vt 0.366536 0.956000
vt 0.973934 0.768171
vt 0.973760 0.754853
vt 0.126732 0.767937
vt 0.141966 0.564173
vt 0.148695 0.719847
vt 0.134059 0.564343
vt 0.394777 0.741080
vt 0.973760 0.509026
vt 0.130402 0.514930
vt 0.131115 0.761220
vt 0.179577 0.548362
vt 0.185109 0.548845
vt 0.173602 0.555640
vt 0.167133 0.564514
vt 0.166321 0.719589
vt 0.161826 0.556937
vt 0.149682 0.557320
vt 0.987538 0.525562
vt 0.990647 0.527137
vt 0.987356 0.737970
vt 0.399063 0.747080
vt 0.405627 0.918197
vt 0.983571 0.517253
vt 0.120811 0.564591
vt 0.368988 0.751749
vt 0.372947 0.946065
vt 0.180000 0.539964
vt 0.177105 0.534407
vt 0.181936 0.531839
vt 0.265163 0.664622
vt 0.172211 0.546081
vt 0.173275 0.539569
vt 0.269105 0.656586
vt 0.166128 0.539573
vt 0.260543 0.644963
vt 0.256067 0.656556
vt 0.255228 0.649397
vt 0.261268 0.659857
vt 0.154588 0.547353
vt 0.153522 0.542242
vt 0.158112 0.539748
vt 0.254300 0.641420
vt 0.138803 0.554421
vt 0.139387 0.547366
vt 0.140622 0.541726
vt 0.256546 0.629793
vt 0.250965 0.636980
vt 0.251260 0.624270
vt 0.274837 0.625712
vt 0.264784 0.632586
vt 0.268486 0.625424
vt 0.284182 0.627362
vt 0.279502 0.633673
vt 0.991512 0.517582
vt 0.404583 0.740452
vt 0.404698 0.749060
vt 0.768845 0.883588
vt 0.773703 0.887479
vt 0.768845 0.889251
vt 0.994970 0.518240
vt 0.978206 0.511106
vt 0.115582 0.555098
vt 0.111790 0.547662
vt 0.109774 0.541678
vt 0.252077 0.594237
vt 0.272720 0.610604
vt 0.267951 0.605777
vt 0.374725 0.741992
vt 0.368308 0.741298
vt 0.374305 0.737202
vt 0.365573 0.734669
vt 0.419100 0.838322
vt 0.423956 0.823578
vt 0.422313 0.838997
vt 0.291476 0.644297
vt 0.318351 0.638337
vt 0.290044 0.634332
vt 0.303158 0.635474
vt 0.447325 0.839570
vt 0.452863 0.846876
vt 0.447510 0.847964
vt 0.299032 0.628860
vt 0.289636 0.627203
vt 0.987987 0.509812
vt 0.987734 0.517237
vt 0.988294 0.503528
vt 0.993496 0.511053
vt 0.306984 0.628247
vt 0.312657 0.627705
vt 0.323428 0.626381
vt 0.337062 0.609413
vt 0.702928 0.840867
vt 0.704826 0.837009
vt 0.704826 0.846515
vt 0.875885 0.807138
vt 0.879517 0.808765
vt 0.875885 0.813021
vt 0.450828 0.851671
vt 0.447325 0.853710
vt 0.453701 0.851599
vt 0.983148 0.509400
vt 0.982350 0.502541
vt 0.424035 0.874207
vt 0.417325 0.870362
vt 0.424035 0.867091
vt 0.977662 0.501558
vt 0.977562 0.495171
vt 0.138417 0.496278
vt 0.144383 0.498277
vt 0.137999 0.500585
vt 0.316146 0.621989
vt 0.329398 0.616170
vt 0.135386 0.507156
vt 0.130622 0.506913
vt 0.131378 0.499981
vt 0.126186 0.508995
vt 0.126876 0.499194
vt 0.322638 0.612577
vt 0.123894 0.797897
vt 0.575272 0.454865
vt 0.570634 0.459377
vt 0.567919 0.454160
vt 0.575052 0.447134
vt 0.583260 0.462830
vt 0.578623 0.467344
vt 0.575908 0.462126
vt 0.583041 0.455099
vt 0.585096 0.447823
vt 0.591253 0.470795
vt 0.586615 0.475311
vt 0.583897 0.470093
vt 0.591339 0.462666
vt 0.599297 0.478680
vt 0.594717 0.483185
vt 0.591912 0.478049
vt 0.599029 0.471022
vt 0.600350 0.462698
vt 0.609645 0.485434
vt 0.602982 0.489373
vt 0.600090 0.485528
vt 0.608112 0.478548
vt 0.607452 0.470753
vt 0.670696 0.463333
vt 0.442227 0.889355
vt 0.437708 0.885829
vt 0.442227 0.883097
vt 0.875671 0.784115
vt 0.875671 0.789874
vt 0.870764 0.787928
vt 0.427753 0.845516
vt 0.432118 0.842517
vt 0.431570 0.847116
vt 0.220426 0.887574
vt 0.215600 0.889509
vt 0.215600 0.884212
vt 0.777924 0.500422
vt 0.782806 0.496494
vt 0.782171 0.500680
vt 0.774676 0.496123
vt 0.779949 0.495171
vt 0.787649 0.500591
vt 0.788263 0.495827
vt 0.797134 0.500676
vt 0.818776 0.495452
vt 0.241035 0.860182
vt 0.234312 0.868807
vt 0.241364 0.868283
vt 0.810762 0.841918
vt 0.810762 0.854942
vt 0.806242 0.848981
vt 0.777290 0.509163
vt 0.782096 0.507757
vt 0.773488 0.500548
vt 0.788248 0.509608
vt 0.794411 0.510137
vt 0.810403 0.506558
vt 0.810640 0.500745
vt 0.234577 0.880287
vt 0.809873 0.511910
vt 0.907436 0.918899
vt 0.914878 0.914309
vt 0.914870 0.920378
vt 0.907415 0.913873
vt 0.914557 0.905033
vt 0.794526 0.523519
vt 0.794820 0.515327
vt 0.799565 0.520829
vt 0.802545 0.514876
vt 0.921054 0.918480
vt 0.926149 0.915899
vt 0.926619 0.919967
vt 0.920036 0.904989
vt 0.910871 0.825098
vt 0.792326 0.531266
vt 0.786774 0.532010
vt 0.933421 0.917045
vt 0.930441 0.911774
vt 0.921613 0.913863
vt 0.790414 0.543332
vt 0.937675 0.909680
vt 0.529206 0.968859
vt 0.535603 0.978376
vt 0.527654 0.978111
vt 0.543593 0.978322
vt 0.539830 0.982699
vt 0.535974 0.969443
vt 0.543755 0.969739
vt 0.536805 0.883704
vt 0.575749 0.438976
vt 0.903753 0.804428
vt 0.908625 0.904925
vt 0.524038 0.968034
vt 0.529238 0.885019
vt 0.921753 0.827518
vt 0.916817 0.829971
vt 0.530494 0.854151
vt 0.575374 0.056304
vt 0.915013 0.687223
vt 0.524680 0.880818
vt 0.525576 0.719625
vt 0.903460 0.672204
vt 0.909255 0.674195
vt 0.546187 0.658532
vt 0.538383 0.688580
vt 0.532510 0.511505
vt 0.592855 0.037116
vt 0.889757 0.506814
vt 0.897405 0.674894
vt 0.906299 0.505417
vt 0.526758 0.510744
vt 0.884492 0.506734
vt 0.892328 0.672783
vt 0.895556 0.506845
vt 0.547614 0.510501
vt 0.539854 0.511116
vt 0.574281 0.048339
vt 0.574345 0.040216
vt 0.574639 0.032608
vt 0.570244 0.028419
vt 0.575422 0.025547
vt 0.582241 0.040094
vt 0.582305 0.032216
vt 0.582599 0.024608
vt 0.578206 0.020422
vt 0.583382 0.017550
vt 0.590201 0.032094
vt 0.590264 0.024217
vt 0.590555 0.016626
vt 0.586164 0.012439
vt 0.591326 0.009664
vt 0.598304 0.024632
vt 0.598206 0.016279
vt 0.598424 0.009034
vt 0.594103 0.004970
vt 0.598973 0.003507
vt 0.607441 0.016109
vt 0.608839 0.008439
vt 0.701844 0.572752
vt 0.701844 0.561723
vt 0.706010 0.567530
vt 0.811061 0.748051
vt 0.817813 0.745389
vt 0.817243 0.755516
vt 0.669035 0.024771
vt 0.422792 0.723095
vt 0.428286 0.728369
vt 0.428440 0.722932
vt 0.434075 0.723431
vt 0.439556 0.728710
vt 0.439725 0.723268
vt 0.445380 0.723773
vt 0.450465 0.728923
vt 0.451125 0.723662
vt 0.457025 0.724476
vt 0.824622 0.739305
vt 0.825026 0.745980
vt 0.824782 0.753553
vt 0.824067 0.761392
vt 0.822446 0.772475
vt 0.424267 0.715552
vt 0.437540 0.713969
vt 0.445437 0.715050
vt 0.451626 0.715439
vt 0.457862 0.717070
vt 0.463378 0.725663
vt 0.464803 0.717186
vt 0.338769 0.735873
vt 0.346029 0.743892
vt 0.338639 0.742781
vt 0.855394 0.869979
vt 0.848503 0.862118
vt 0.855394 0.862008
vt 0.322753 0.743431
vt 0.330808 0.735836
vt 0.330783 0.742974
vt 0.353532 0.743850
vt 0.353388 0.754050
vt 0.331412 0.750783
vt 0.338657 0.750586
vt 0.894687 0.498760
vt 0.884033 0.498692
vt 0.705835 0.691236
vt 0.701844 0.695112
vt 0.701844 0.687673
vt 0.325948 0.748726
vt 0.346283 0.758321
vt 0.338884 0.759077
vt 0.526074 0.500839
vt 0.522459 0.509948
vt 0.906227 0.497443
vt 0.857252 0.763746
vt 0.852099 0.759851
vt 0.858783 0.758132
vt 0.333990 0.756543
vt 0.532866 0.500967
vt 0.532379 0.494522
vt 0.524144 0.493845
vt 0.341061 0.766996
vt 0.346847 0.765787
vt 0.540241 0.501112
vt 0.540271 0.494799
vt 0.548051 0.501198
vt 0.457795 0.823965
vt 0.464803 0.835646
vt 0.447692 0.822824
vt 0.676659 0.485415
vt 0.638985 0.489850
vt 0.677463 0.478737
vt 0.678899 0.470383
vt 0.684174 0.489825
vt 0.686258 0.485324
vt 0.686393 0.478580
vt 0.686983 0.467725
vt 0.690557 0.489131
vt 0.693056 0.485212
vt 0.693111 0.478401
vt 0.693261 0.468357
vt 0.864011 0.495670
vt 0.854847 0.500624
vt 0.870453 0.496429
vt 0.865485 0.500367
vt 0.780920 0.876402
vt 0.777846 0.873728
vt 0.780920 0.871060
vt 0.826615 0.504621
vt 0.829260 0.499427
vt 0.890135 0.916757
vt 0.897443 0.912873
vt 0.897446 0.918782
vt 0.754471 0.977635
vt 0.759534 0.970529
vt 0.760500 0.977391
vt 0.753862 0.960348
vt 0.753919 0.970767
vt 0.884033 0.914501
vt 0.891643 0.911497
vt 0.747130 0.970972
vt 0.747265 0.977886
vt 0.746964 0.961858
vt 0.834513 0.504264
vt 0.740183 0.982776
vt 0.748077 0.982430
vt 0.740345 0.971057
vt 0.739335 0.978251
vt 0.740441 0.961965
vt 0.847710 0.509616
vt 0.842410 0.505024
vt 0.850249 0.506770
vt 0.858335 0.507012
vt 0.871230 0.500470
vt 0.865613 0.507168
vt 0.875295 0.500308
vt 0.871571 0.507211
vt 0.815024 0.510405
vt 0.818365 0.506388
vt 0.902594 0.917438
vt 0.897471 0.906274
vt 0.897281 0.897514
vt 0.902784 0.904616
vt 0.735062 0.976172
vt 0.735032 0.969689
vt 0.734080 0.918157
vt 0.734101 0.980613
vt 0.721906 0.982651
vt 0.730500 0.978167
vt 0.729908 0.968760
vt 0.859207 0.514229
vt 0.723183 0.978036
vt 0.865984 0.514696
vt 0.876101 0.507181
vt 0.871719 0.514908
vt 0.724382 0.968581
vt 0.719257 0.968516
vt 0.862270 0.519120
vt 0.714067 0.977595
vt 0.717950 0.981669
vt 0.711976 0.982092
vt 0.713616 0.970796
vt 0.714377 0.960248
vt 0.867454 0.523637
vt 0.876299 0.518644
vt 0.872491 0.530229
vt 0.889358 0.484667
vt 0.890627 0.489026
vt 0.881033 0.488218
vt 0.887533 0.477993
vt 0.879603 0.484782
vt 0.875492 0.478289
vt 0.882956 0.468838
vt 0.878081 0.469817
vt 0.870692 0.533351
vt 0.703512 0.601574
vt 0.705846 0.598247
vt 0.705265 0.601757
vt 0.799032 0.839179
vt 0.800656 0.834273
vt 0.802317 0.837503
vt 0.701844 0.597342
vt 0.705846 0.591222
vt 0.867848 0.483295
vt 0.867238 0.477966
vt 0.872838 0.468604
vt 0.866568 0.467810
vt 0.739152 0.916850
vt 0.746405 0.918519
vt 0.896275 0.764530
vt 0.729032 0.920627
vt 0.718182 0.913458
vt 0.722998 0.909547
vt 0.757425 0.704720
vt 0.762644 0.806820
vt 0.759280 0.960662
vt 0.715344 0.743543
vt 0.710980 0.742237
vt 0.879457 0.252622
vt 0.887835 0.467397
vt 0.874748 0.259851
vt 0.869561 0.249095
vt 0.862898 0.252149
vt 0.750863 0.703249
vt 0.743446 0.703778
vt 0.721568 0.510348
vt 0.677848 0.017348
vt 0.692476 0.017500
vt 0.685439 0.017722
vt 0.726629 0.511551
vt 0.733549 0.511514
vt 0.711385 0.505822
vt 0.881224 0.017021
vt 0.888936 0.249853
vt 0.884588 0.248827
vt 0.876015 0.016489
vt 0.870983 0.017865
vt 0.865461 0.017944
vt 0.858976 0.018114
vt 0.754928 0.510904
vt 0.760115 0.510889
vt 0.748410 0.510840
vt 0.741020 0.511023
vt 0.812907 0.814262
vt 0.676540 0.008276
vt 0.685570 0.008327
vt 0.437152 0.868918
vt 0.437152 0.857634
vt 0.442227 0.865215
vt 0.692600 0.008567
vt 0.812271 0.830345
vt 0.806242 0.823522
vt 0.812544 0.823310
vt 0.819772 0.798739
vt 0.819946 0.816239
vt 0.819523 0.823891
vt 0.818503 0.831070
vt 0.755430 0.501346
vt 0.756534 0.495139
vt 0.761077 0.500941
vt 0.314632 0.741341
vt 0.319569 0.735623
vt 0.749049 0.495613
vt 0.748543 0.501703
vt 0.306792 0.740267
vt 0.740962 0.501945
vt 0.298836 0.739983
vt 0.292729 0.734669
vt 0.733227 0.502052
vt 0.741286 0.495864
vt 0.290768 0.740582
vt 0.725985 0.502075
vt 0.733230 0.495898
vt 0.282225 0.742343
vt 0.274905 0.735044
vt 0.274559 0.741815
vt 0.267147 0.735170
vt 0.267048 0.742180
vt 0.260031 0.735751
vt 0.259833 0.742457
vt 0.720411 0.502478
vt 0.720087 0.497304
vt 0.715901 0.511407
vt 0.714992 0.496123
vt 0.714531 0.502152
vt 0.278553 0.747049
vt 0.273709 0.748331
vt 0.710021 0.499267
vt 0.266987 0.750620
vt 0.259672 0.750175
vt 0.224351 0.884212
vt 0.229228 0.888955
vt 0.224351 0.889495
vt 0.701987 0.814775
vt 0.705866 0.820516
vt 0.701987 0.821371
vt 0.264165 0.757887
vt 0.258955 0.757898
vt 0.871790 0.008190
vt 0.877220 0.003337
vt 0.882272 0.007795
vt 0.262453 0.763313
vt 0.258674 0.766176
vt 0.865343 0.008499
vt 0.839876 0.855978
vt 0.832924 0.860938
vt 0.834724 0.855064
vt 0.858336 0.008672
vt 0.840993 0.848404
vt 0.835813 0.848362
vt 0.697021 0.482727
vt 0.697832 0.476409
vt 0.701903 0.869071
vt 0.705971 0.869775
vt 0.701903 0.873321
vt 0.009818 0.477495
vt 0.006048 0.482281
vt 0.005346 0.475962
vt 0.009940 0.483228
vt 0.016662 0.487992
vt 0.009815 0.487088
vt 0.016502 0.477703
vt 0.016683 0.468039
vt 0.009896 0.468235
vt 0.016584 0.483841
vt 0.028115 0.488260
vt 0.026292 0.477939
vt 0.024473 0.469506
vt 0.797164 0.849601
vt 0.802317 0.848349
vt 0.040166 0.483783
vt 0.028677 0.484264
vt 0.044117 0.477537
vt 0.794120 0.840995
vt 0.795905 0.832493
vt 0.052808 0.482599
vt 0.879572 0.543440
vt 0.875795 0.546639
vt 0.874370 0.537765
vt 0.078714 0.477311
vt 0.693048 0.315269
vt 0.033470 0.460850
vt 0.021980 0.022486
vt 0.008858 0.267698
vt 0.003708 0.255309
vt 0.015826 0.270954
vt 0.697919 0.255752
vt 0.007546 0.017262
vt 0.001962 0.016776
vt 0.014610 0.017636
vt 0.697557 0.008899
vt 0.812306 0.834988
vt 0.806829 0.830746
vt 0.002454 0.008460
vt 0.003455 0.003722
vt 0.007822 0.008241
vt 0.816689 0.836509
vt 0.015750 0.008055
vt 0.008048 0.002643
vt 0.825026 0.832214
vt 0.824266 0.837994
vt 0.042298 0.008322
vt 0.025007 0.015573
vt 0.032328 0.002783
vt 0.016679 0.001962
vt 0.254571 0.744962
vt 0.254035 0.759988
vt 0.048697 0.003665
vt 0.257085 0.774102
vt 0.253208 0.775717
vt 0.256813 0.781565
vt 0.786804 0.564220
vt 0.556928 0.982896
vt 0.551455 0.978369
vt 0.777396 0.630057
vt 0.773014 0.508026
vt 0.551686 0.969449
vt 0.558824 0.978443
vt 0.790915 0.560453
vt 0.788681 0.579448
vt 0.565386 0.978617
vt 0.564363 0.971677
vt 0.558689 0.968674
vt 0.572065 0.971823
vt 0.568869 0.962606
vt 0.564459 0.961931
vt 0.798927 0.574695
vt 0.794614 0.579307
vt 0.794024 0.571315
vt 0.573946 0.978540
vt 0.570945 0.982388
vt 0.572962 0.962292
vt 0.773367 0.490353
vt 0.770391 0.486531
vt 0.778944 0.486521
vt 0.770102 0.479835
vt 0.775458 0.479650
vt 0.771498 0.470290
vt 0.775795 0.470461
vt 0.787982 0.588061
vt 0.801707 0.580161
vt 0.794909 0.587119
vt 0.807237 0.582888
vt 0.802582 0.587361
vt 0.779992 0.479623
vt 0.810615 0.587850
vt 0.808146 0.595359
vt 0.796206 0.602810
vt 0.544582 0.879976
vt 0.569466 0.805500
vt 0.775168 0.306455
vt 0.779442 0.303905
vt 0.560498 0.672032
vt 0.552904 0.811952
vt 0.573742 0.803814
vt 0.570279 0.654634
vt 0.770752 0.311815
vt 0.769847 0.170271
vt 0.554326 0.653106
vt 0.566074 0.654269
vt 0.561521 0.648928
vt 0.561874 0.510959
vt 0.555334 0.510606
vt 0.566936 0.509815
vt 0.571248 0.510109
vt 0.574276 0.662266
vt 0.774423 0.175161
vt 0.773341 0.019037
vt 0.458152 0.706537
vt 0.459912 0.654163
vt 0.555716 0.501222
vt 0.548234 0.494901
vt 0.452651 0.819123
vt 0.556264 0.494839
vt 0.562581 0.501239
vt 0.447720 0.812866
vt 0.570420 0.500493
vt 0.448535 0.807687
vt 0.453987 0.812656
vt 0.346496 0.789465
vt 0.352464 0.804690
vt 0.345409 0.803194
vt 0.437372 0.814309
vt 0.441410 0.808287
vt 0.445574 0.803630
vt 0.345782 0.805642
vt 0.435389 0.813328
vt 0.435977 0.803546
vt 0.575141 0.511122
vt 0.449242 0.797134
vt 0.450515 0.804406
vt 0.441786 0.797132
vt 0.773051 0.009372
vt 0.769127 0.019128
vt 0.767996 0.009165
vt 0.444080 0.789562
vt 0.344956 0.817194
vt 0.469828 0.513331
vt 0.468728 0.502349
vt 0.469828 0.492687
vt 0.434461 0.792558
vt 0.438572 0.785745
vt 0.427753 0.796224
vt 0.432472 0.781611
vt 0.321058 0.825023
vt 0.325139 0.835805
vt 0.313588 0.832163
vt 0.327307 0.850539
vt 0.335894 0.821152
vt 0.335909 0.864775
vt 0.860328 0.478103
vt 0.859879 0.483457
vt 0.860069 0.468332
vt 0.868955 0.832164
vt 0.866853 0.828196
vt 0.871424 0.828826
vt 0.851367 0.485655
vt 0.849455 0.478745
vt 0.854203 0.478659
vt 0.849641 0.470349
vt 0.854518 0.468282
vt 0.841821 0.485105
vt 0.847032 0.489149
vt 0.842533 0.489923
vt 0.844029 0.478824
vt 0.839554 0.477710
vt 0.848308 0.485575
vt 0.843856 0.470135
vt 0.872618 0.571092
vt 0.870041 0.567366
vt 0.872172 0.566708
vt 0.875917 0.570890
vt 0.874178 0.563118
vt 0.825763 0.490489
vt 0.820338 0.486000
vt 0.825773 0.486384
vt 0.824041 0.476613
vt 0.819355 0.477313
vt 0.835354 0.476327
vt 0.835585 0.486117
vt 0.838222 0.488420
vt 0.832256 0.490294
vt 0.863589 0.575900
vt 0.868444 0.571820
vt 0.865848 0.578746
vt 0.876542 0.582173
vt 0.784693 0.490894
vt 0.785415 0.486375
vt 0.785691 0.479561
vt 0.780198 0.470286
vt 0.785847 0.469417
vt 0.792731 0.486290
vt 0.792791 0.476974
vt 0.800519 0.486216
vt 0.796704 0.490750
vt 0.800313 0.476797
vt 0.808586 0.490652
vt 0.808209 0.486154
vt 0.807857 0.476302
vt 0.815180 0.486124
vt 0.820919 0.489815
vt 0.817151 0.490802
vt 0.814574 0.479297
vt 0.814030 0.469263
vt 0.858804 0.587650
vt 0.854870 0.583675
vt 0.859605 0.581749
vt 0.865787 0.586851
vt 0.872013 0.587060
vt 0.818894 0.590207
vt 0.830974 0.591428
vt 0.841328 0.596247
vt 0.842820 0.590441
vt 0.851278 0.588163
vt 0.858588 0.594988
vt 0.866014 0.594918
vt 0.857187 0.603931
vt 0.784438 0.307145
vt 0.791349 0.308865
vt 0.806094 0.306356
vt 0.856126 0.262407
vt 0.851200 0.260945
vt 0.836308 0.270909
vt 0.841271 0.271340
vt 0.825872 0.271221
vt 0.821496 0.269629
vt 0.798937 0.310199
vt 0.846435 0.271871
vt 0.839477 0.193838
vt 0.814810 0.121398
vt 0.779214 0.182567
vt 0.822799 0.019143
vt 0.819245 0.088638
vt 0.789783 0.090125
vt 0.796889 0.084740
vt 0.852519 0.018068
vt 0.842137 0.017799
vt 0.808943 0.082939
vt 0.803965 0.084954
vt 0.836864 0.018496
vt 0.778558 0.017758
vt 0.813226 0.083591
vt 0.818138 0.018932
vt 0.783734 0.018841
vt 0.802678 0.018493
vt 0.843350 0.008469
vt 0.851519 0.008702
vt 0.836126 0.841570
vt 0.839502 0.835674
vt 0.841759 0.839905
vt 0.845841 0.004272
vt 0.840869 0.003192
vt 0.844578 0.829696
vt 0.840084 0.830531
vt 0.834893 0.008923
vt 0.832824 0.823765
vt 0.835943 0.818344
vt 0.840020 0.822685
vt 0.782572 0.009210
vt 0.446297 0.784565
vt 0.449721 0.791056
vt 0.813021 0.017937
vt 0.807930 0.017716
vt 0.811027 0.008922
vt 0.818663 0.008834
vt 0.826569 0.009232
vt 0.813705 0.003209
vt 0.820777 0.001962
vt 0.828950 0.814541
vt 0.835740 0.812280
vt 0.842516 0.814828
vt 0.811751 0.858867
vt 0.811751 0.868959
vt 0.806242 0.863094
vt 0.443968 0.779358
vt 0.789411 0.018514
vt 0.789063 0.009072
vt 0.447261 0.771750
vt 0.451131 0.780201
vt 0.796241 0.018512
vt 0.796098 0.009036
vt 0.796184 0.002447
vt 0.788279 0.002457
vt 0.802929 0.009006
vt 0.804687 0.002106
vt 0.458558 0.751530
vt 0.464803 0.753949
vt 0.456109 0.758442
vt 0.462296 0.745145
vt 0.453701 0.857741
vt 0.446152 0.865669
vt 0.446152 0.857634
vt 0.433053 0.858189
vt 0.433053 0.868478
vt 0.427753 0.863220
vt 0.437191 0.774466
vt 0.448114 0.755121
vt 0.452438 0.747754
vt 0.456309 0.741060
vt 0.460705 0.734669
vt 0.258339 0.817497
vt 0.265501 0.816940
vt 0.265355 0.823894
vt 0.445425 0.745681
vt 0.430606 0.771330
vt 0.273186 0.832283
vt 0.281115 0.824570
vt 0.283483 0.831992
vt 0.273196 0.824268
vt 0.284631 0.842893
vt 0.264671 0.861425
vt 0.875710 0.554613
vt 0.064119 0.482459
vt 0.078379 0.469884
vt 0.879396 0.562764
vt 0.879652 0.554758
vt 0.879854 0.570762
vt 0.880108 0.579153
vt 0.170741 0.477196
vt 0.088492 0.483796
vt 0.067062 0.008219
vt 0.253271 0.792549
vt 0.257869 0.789322
vt 0.423828 0.811848
vt 0.419305 0.815059
vt 0.418407 0.805081
vt 0.423487 0.795915
vt 0.417566 0.793195
vt 0.417497 0.785949
vt 0.084932 0.002065
vt 0.177148 0.007758
vt 0.119795 0.791349
vt 0.119181 0.784958
vt 0.121155 0.777678
vt 0.111422 0.782373
vt 0.115946 0.776845
vt 0.109920 0.776751
vt 0.111460 0.787108
vt 0.104910 0.787852
vt 0.102137 0.780045
vt 0.106852 0.773863
vt 0.095130 0.780580
vt 0.101245 0.771304
vt 0.095203 0.789049
vt 0.092795 0.771387
vt 0.087777 0.748637
vt 0.033603 0.802149
vt 0.837553 0.779024
vt 0.379434 0.955597
vt 0.372223 0.960706
vt 0.121487 0.769135
vt 0.116799 0.765001
vt 0.109005 0.720169
vt 0.106317 0.729126
vt 0.103395 0.740021
vt 0.833463 0.779015
vt 0.833707 0.787032
vt 0.385193 0.956221
vt 0.380063 0.960815
vt 0.384539 0.945693
vt 0.379322 0.946436
vt 0.965589 0.248455
vt 0.960834 0.253037
vt 0.958032 0.247665
vt 0.960560 0.240506
vt 0.966102 0.240733
vt 0.966632 0.232676
vt 0.961611 0.229994
vt 0.973119 0.256348
vt 0.969028 0.260690
vt 0.966212 0.255681
vt 0.972827 0.248702
vt 0.973040 0.241595
vt 0.979696 0.264270
vt 0.976551 0.268618
vt 0.973938 0.263421
vt 0.111717 0.769520
vt 0.979348 0.256661
vt 0.112455 0.761911
vt 0.979343 0.248138
vt 0.112818 0.753388
vt 0.104861 0.748042
vt 0.121011 0.747615
vt 0.836849 0.795319
vt 0.839953 0.787449
vt 0.845239 0.796918
vt 0.842708 0.791235
vt 0.848035 0.791467
vt 0.706042 0.800127
vt 0.701987 0.796642
vt 0.706042 0.793734
vt 0.090713 0.734360
vt 0.090446 0.729628
vt 0.094630 0.720086
vt 0.094447 0.757032
vt 0.837508 0.803213
vt 0.828950 0.792156
vt 0.101281 0.763115
vt 0.088511 0.720441
vt 0.082788 0.728708
vt 0.085950 0.736907
vt 0.082825 0.719662
vt 0.075031 0.737145
vt 0.092143 0.740239
vt 0.078217 0.743079
vt 0.077381 0.720275
vt 0.071624 0.748796
vt 0.064169 0.756246
vt 0.071183 0.742674
vt 0.066710 0.736138
vt 0.071082 0.721515
vt 0.065889 0.742739
vt 0.062758 0.751062
vt 0.060410 0.727733
vt 0.059637 0.736985
vt 0.122345 0.509004
vt 0.979333 0.119250
vt 0.983710 0.259743
vt 0.973055 0.131546
vt 0.070472 0.554907
vt 0.374841 0.751620
vt 0.109643 0.563751
vt 0.386738 0.751204
vt 0.381307 0.751364
vt 0.966470 0.033831
vt 0.961232 0.035483
vt 0.973063 0.025682
vt 0.102118 0.712146
vt 0.100739 0.556273
vt 0.094056 0.562755
vt 0.087386 0.555479
vt 0.082419 0.563611
vt 0.077197 0.554792
vt 0.065781 0.728594
vt 0.064625 0.547737
vt 0.266222 0.591742
vt 0.258055 0.588420
vt 0.381682 0.742052
vt 0.417497 0.845710
vt 0.420164 0.848793
vt 0.382342 0.737249
vt 0.387752 0.741435
vt 0.705573 0.671354
vt 0.701844 0.671784
vt 0.701844 0.662805
vt 0.960502 0.025698
vt 0.966345 0.025370
vt 0.958642 0.018885
vt 0.966111 0.017809
vt 0.973221 0.017427
vt 0.113608 0.523466
vt 0.118064 0.511326
vt 0.113247 0.624500
vt 0.273253 0.600201
vt 0.274711 0.587108
vt 0.279696 0.595281
vt 0.280324 0.587177
vt 0.090252 0.542090
vt 0.089516 0.546276
vt 0.252993 0.575438
vt 0.260441 0.576207
vt 0.269205 0.573256
vt 0.276518 0.578720
vt 0.083402 0.546690
vt 0.256392 0.571245
vt 0.085967 0.539732
vt 0.072612 0.544396
vt 0.264047 0.563765
vt 0.274995 0.554069
vt 0.078545 0.533658
vt 0.066412 0.537648
vt 0.066575 0.533642
vt 0.289331 0.544397
vt 0.059893 0.548363
vt 0.060691 0.538690
vt 0.265547 0.552348
vt 0.268912 0.548966
vt 0.275691 0.548640
vt 0.117054 0.499918
vt 0.121722 0.499169
vt 0.128676 0.492184
vt 0.119955 0.492919
vt 0.322014 0.604131
vt 0.329050 0.602697
vt 0.961745 0.013550
vt 0.967055 0.010758
vt 0.973666 0.009884
vt 0.969988 0.005811
vt 0.974720 0.002968
vt 0.979336 0.018215
vt 0.979579 0.009483
vt 0.113392 0.514734
vt 0.980104 0.001962
vt 0.112626 0.507214
vt 0.306794 0.598032
vt 0.308101 0.592032
vt 0.312850 0.595331
vt 0.110704 0.500152
vt 0.319354 0.595386
vt 0.314872 0.601879
vt 0.285871 0.591515
vt 0.286114 0.586468
vt 0.291935 0.586338
vt 0.303292 0.586321
vt 0.297244 0.590841
vt 0.314829 0.587496
vt 0.326659 0.589467
vt 0.288225 0.578913
vt 0.303434 0.579746
vt 0.320507 0.579693
vt 0.295343 0.569603
vt 0.032725 0.781587
vt 0.025503 0.782580
vt 0.026698 0.775661
vt 0.032734 0.774927
vt 0.031834 0.789942
vt 0.020776 0.776703
vt 0.020280 0.783077
vt 0.025279 0.790842
vt 0.019429 0.791458
vt 0.055804 0.744786
vt 0.055825 0.750470
vt 0.055437 0.728927
vt 0.055165 0.754922
vt 0.053864 0.764276
vt 0.042939 0.785781
vt 0.047259 0.773419
vt 0.050939 0.750376
vt 0.050814 0.744512
vt 0.050800 0.737034
vt 0.048066 0.758777
vt 0.042468 0.752785
vt 0.040976 0.760310
vt 0.042187 0.744595
vt 0.047155 0.766475
vt 0.040282 0.766960
vt 0.469955 0.348502
vt 0.474132 0.357359
vt 0.466843 0.358572
vt 0.034685 0.767081
vt 0.034578 0.760915
vt 0.465466 0.350119
vt 0.039894 0.775232
vt 0.455880 0.360369
vt 0.464868 0.365001
vt 0.456914 0.366505
vt 0.460659 0.348742
vt 0.027288 0.768900
vt 0.450270 0.363703
vt 0.455058 0.372541
vt 0.446425 0.374518
vt 0.445377 0.365810
vt 0.440692 0.370977
vt 0.444985 0.379951
vt 0.436635 0.380792
vt 0.046239 0.736062
vt 0.040556 0.538471
vt 0.474820 0.143367
vt 0.474862 0.349164
vt 0.470727 0.137296
vt 0.466071 0.135248
vt 0.461223 0.128978
vt 0.456479 0.132875
vt 0.451328 0.120305
vt 0.446236 0.118837
vt 0.054748 0.546838
vt 0.049701 0.546255
vt 0.050794 0.534100
vt 0.051253 0.529824
vt 0.063062 0.525661
vt 0.056006 0.525941
vt 0.276306 0.541939
vt 0.287078 0.539997
vt 0.045457 0.540203
vt 0.704163 0.731940
vt 0.704163 0.721167
vt 0.706036 0.724980
vt 0.044245 0.531151
vt 0.050729 0.525719
vt 0.036666 0.532622
vt 0.042189 0.523506
vt 0.468868 0.127553
vt 0.440813 0.111708
vt 0.340153 0.521596
vt 0.287460 0.534287
vt 0.277828 0.537015
vt 0.297692 0.533425
vt 0.048276 0.517892
vt 0.040838 0.515999
vt 0.035817 0.522906
vt 0.298939 0.526717
vt 0.291722 0.527315
vt 0.308781 0.526357
vt 0.034463 0.509183
vt 0.034328 0.515519
vt 0.465633 0.120100
vt 0.027988 0.514521
vt 0.310493 0.519352
vt 0.301355 0.521040
vt 0.320674 0.519489
vt 0.877385 0.760969
vt 0.877385 0.769202
vt 0.871921 0.764821
vt 0.459090 0.118722
vt 0.456120 0.111721
vt 0.451493 0.110770
vt 0.452277 0.104736
vt 0.322186 0.512152
vt 0.314092 0.513274
vt 0.327899 0.511745
vt 0.338551 0.511529
vt 0.446485 0.110377
vt 0.446088 0.103375
vt 0.443401 0.841407
vt 0.437170 0.846270
vt 0.437855 0.839570
vt 0.436257 0.101063
vt 0.442668 0.096661
vt 0.335908 0.505703
vt 0.325723 0.506926
vt 0.018869 0.843989
vt 0.012280 0.851270
vt 0.011933 0.843178
vt 0.020321 0.852282
vt 0.012634 0.859318
vt 0.386478 0.445976
vt 0.379831 0.449019
vt 0.382259 0.443618
vt 0.378620 0.454108
vt 0.371993 0.457086
vt 0.374422 0.451699
vt 0.374606 0.444167
vt 0.025924 0.817767
vt 0.025577 0.796637
vt 0.018050 0.798870
vt 0.442148 0.386292
vt 0.433989 0.388460
vt 0.024196 0.807226
vt 0.018209 0.819655
vt 0.017761 0.811521
vt 0.018297 0.806777
vt 0.017618 0.833355
vt 0.013202 0.792876
vt 0.012912 0.799348
vt 0.428118 0.395674
vt 0.428399 0.388462
vt 0.428785 0.380200
vt 0.013280 0.806278
vt 0.423112 0.386402
vt 0.419500 0.396294
vt 0.012009 0.815696
vt 0.011495 0.809090
vt 0.415789 0.404199
vt 0.420556 0.409087
vt 0.415525 0.411800
vt 0.424812 0.402128
vt 0.011112 0.822918
vt 0.409575 0.404331
vt 0.409354 0.412213
vt 0.410170 0.394408
vt 0.011596 0.834873
vt 0.011135 0.827180
vt 0.403377 0.419348
vt 0.405031 0.425621
vt 0.399717 0.425816
vt 0.403830 0.412145
vt 0.403980 0.403615
vt 0.007219 0.830220
vt 0.006547 0.823386
vt 0.401159 0.429894
vt 0.397668 0.410638
vt 0.397552 0.419935
vt 0.394417 0.437631
vt 0.387658 0.440909
vt 0.390084 0.435483
vt 0.390284 0.427969
vt 0.395411 0.432699
vt 0.390265 0.420193
vt 0.390686 0.411145
vt 0.382453 0.436085
vt 0.382464 0.428236
vt 0.382543 0.419626
vt 0.374601 0.436303
vt 0.374537 0.427565
vt 0.405488 0.309973
vt 0.398433 0.311357
vt 0.435591 0.110079
vt 0.434482 0.371648
vt 0.430163 0.102674
vt 0.423327 0.095260
vt 0.418042 0.093862
vt 0.416212 0.386202
vt 0.405693 0.079298
vt 0.397940 0.077886
vt 0.412814 0.086676
vt 0.390269 0.070868
vt 0.374067 0.054897
vt 0.382184 0.063029
vt 0.348852 0.511895
vt 0.369575 0.512423
vt 0.435516 0.094454
vt 0.436147 0.088704
vt 0.344853 0.504815
vt 0.350698 0.504635
vt 0.361725 0.504583
vt 0.371458 0.504823
vt 0.430196 0.094057
vt 0.429399 0.087072
vt 0.879489 0.738689
vt 0.879489 0.746754
vt 0.874480 0.741773
vt 0.418676 0.084094
vt 0.425171 0.080047
vt 0.359604 0.498236
vt 0.348972 0.499642
vt 0.418127 0.078213
vt 0.418123 0.071947
vt 0.367728 0.497997
vt 0.375655 0.498566
vt 0.412719 0.077861
vt 0.412007 0.070864
vt 0.833826 0.878432
vt 0.829674 0.884825
vt 0.828950 0.878432
vt 0.405877 0.070026
vt 0.408371 0.064490
vt 0.398331 0.069677
vt 0.398280 0.062116
vt 0.390380 0.061740
vt 0.444634 0.509014
vt 0.390955 0.505654
vt 0.418175 0.506380
vt 0.385903 0.498780
vt 0.397155 0.498957
vt 0.408408 0.499161
vt 0.419654 0.499414
vt 0.379485 0.494025
vt 0.371184 0.493750
vt 0.403318 0.058032
vt 0.850928 0.873904
vt 0.853728 0.881009
vt 0.848503 0.881009
vt 0.390771 0.493897
vt 0.385184 0.492946
vt 0.397950 0.055164
vt 0.390325 0.054191
vt 0.395430 0.050130
vt 0.809092 0.872884
vt 0.811751 0.880306
vt 0.806502 0.880306
vt 0.402066 0.493833
vt 0.396483 0.492747
vt 0.382435 0.053822
vt 0.390032 0.047257
vt 0.382403 0.046281
vt 0.387538 0.042233
vt 0.875038 0.839173
vt 0.879999 0.845574
vt 0.875038 0.847281
vt 0.413358 0.493887
vt 0.407778 0.492687
vt 0.374548 0.045922
vt 0.382142 0.039359
vt 0.374525 0.038385
vt 0.379671 0.034343
vt 0.459833 0.871098
vt 0.464803 0.877684
vt 0.459833 0.879348
vt 0.424649 0.494060
vt 0.419069 0.492787
vt 0.794557 0.642690
vt 0.787759 0.650852
vt 0.782097 0.653981
vt 0.802749 0.636733
vt 0.805458 0.626534
vt 0.802727 0.642526
vt 0.794800 0.650627
vt 0.801851 0.649674
vt 0.807330 0.646895
vt 0.810722 0.641938
vt 0.492332 0.921015
vt 0.498141 0.916978
vt 0.498198 0.922601
vt 0.487343 0.916109
vt 0.486435 0.922403
vt 0.497687 0.907984
vt 0.787036 0.665700
vt 0.794205 0.658571
vt 0.799082 0.655103
vt 0.503967 0.920949
vt 0.508871 0.916088
vt 0.509870 0.922170
vt 0.791795 0.666917
vt 0.517374 0.919815
vt 0.898728 0.475946
vt 0.904552 0.485906
vt 0.897316 0.485591
vt 0.767995 0.514358
vt 0.772989 0.721262
vt 0.767995 0.712775
vt 0.790472 0.680031
vt 0.912075 0.485906
vt 0.904042 0.490395
vt 0.912026 0.477186
vt 0.904783 0.479087
vt 0.904518 0.467219
vt 0.899817 0.321778
vt 0.492386 0.907430
vt 0.499025 0.762983
vt 0.492816 0.758840
vt 0.486827 0.906869
vt 0.488102 0.753360
vt 0.505007 0.765637
vt 0.510289 0.771800
vt 0.503578 0.907297
vt 0.905610 0.282537
vt 0.912462 0.365438
vt 0.506561 0.618316
vt 0.494744 0.622679
vt 0.500409 0.617578
vt 0.900968 0.147595
vt 0.913209 0.144015
vt 0.905962 0.142915
vt 0.495767 0.543025
vt 0.501492 0.505618
vt 0.506570 0.506307
vt 0.511374 0.619209
vt 0.901539 0.059473
vt 0.907326 0.018714
vt 0.913933 0.018024
vt 0.351097 0.878932
vt 0.462410 0.577445
vt 0.456375 0.567967
vt 0.344155 0.870919
vt 0.318207 0.862658
vt 0.452103 0.507646
vt 0.328306 0.870114
vt 0.336178 0.870180
vt 0.320483 0.870102
vt 0.336150 0.877814
vt 0.343847 0.878069
vt 0.328584 0.877816
vt 0.321075 0.877872
vt 0.343776 0.885671
vt 0.350773 0.888958
vt 0.336371 0.885548
vt 0.329633 0.885339
vt 0.495272 0.505348
vt 0.505689 0.498194
vt 0.495228 0.497901
vt 0.706036 0.713401
vt 0.701844 0.717242
vt 0.701844 0.710224
vt 0.324588 0.883071
vt 0.336857 0.893785
vt 0.343855 0.893395
vt 0.901847 0.016336
vt 0.905854 0.008571
vt 0.517374 0.497198
vt 0.900765 0.003827
vt 0.896120 0.008578
vt 0.895369 0.002352
vt 0.332256 0.890870
vt 0.913564 0.008813
vt 0.913234 0.002519
vt 0.904629 0.001962
vt 0.339054 0.902026
vt 0.344481 0.901608
vt 0.866092 0.641143
vt 0.872079 0.648874
vt 0.876582 0.647665
vt 0.858298 0.627883
vt 0.822288 0.633392
vt 0.857193 0.635256
vt 0.819025 0.639522
vt 0.478757 0.920183
vt 0.480284 0.915032
vt 0.682981 0.977269
vt 0.691159 0.981799
vt 0.679854 0.981995
vt 0.682617 0.968052
vt 0.690007 0.977100
vt 0.675198 0.968448
vt 0.675357 0.977382
vt 0.830809 0.638212
vt 0.667727 0.982117
vt 0.667672 0.977424
vt 0.660006 0.977385
vt 0.658935 0.982306
vt 0.661406 0.967912
vt 0.859159 0.642193
vt 0.655783 0.968851
vt 0.855181 0.646311
vt 0.851461 0.641559
vt 0.649964 0.976977
vt 0.654381 0.981053
vt 0.648655 0.981666
vt 0.650711 0.968209
vt 0.860463 0.649024
vt 0.866645 0.650082
vt 0.644797 0.980542
vt 0.645416 0.976629
vt 0.646288 0.967854
vt 0.863415 0.654055
vt 0.639968 0.981087
vt 0.641784 0.966890
vt 0.640779 0.976536
vt 0.867694 0.657212
vt 0.872383 0.662710
vt 0.630293 0.975637
vt 0.627394 0.979377
vt 0.623573 0.974394
vt 0.624353 0.968697
vt 0.624980 0.959968
vt 0.629960 0.966002
vt 0.870094 0.662593
vt 0.037349 0.888565
vt 0.033295 0.884212
vt 0.038167 0.886325
vt 0.615781 0.967690
vt 0.619777 0.958286
vt 0.616414 0.973981
vt 0.682254 0.806192
vt 0.689341 0.966954
vt 0.674818 0.804608
vt 0.667591 0.821068
vt 0.667723 0.967728
vt 0.651345 0.686418
vt 0.688962 0.808667
vt 0.693247 0.792304
vt 0.694493 0.966902
vt 0.646236 0.779431
vt 0.636044 0.778008
vt 0.634709 0.966750
vt 0.626812 0.748863
vt 0.621701 0.750130
vt 0.616699 0.751624
vt 0.688169 0.767751
vt 0.657249 0.682217
vt 0.674606 0.685601
vt 0.681590 0.684973
vt 0.662365 0.680144
vt 0.667493 0.688719
vt 0.647145 0.663303
vt 0.642176 0.739032
vt 0.632281 0.737725
vt 0.627582 0.721898
vt 0.622848 0.702554
vt 0.685835 0.516771
vt 0.668291 0.641930
vt 0.662924 0.613365
vt 0.657758 0.604053
vt 0.652221 0.604251
vt 0.674924 0.510329
vt 0.663920 0.509064
vt 0.634697 0.508263
vt 0.629544 0.507732
vt 0.624371 0.507186
vt 0.617952 0.637253
vt 0.291035 0.854263
vt 0.313437 0.854746
vt 0.273338 0.854513
vt 0.257265 0.870018
vt 0.304191 0.862329
vt 0.288501 0.862300
vt 0.272991 0.862607
vt 0.312694 0.869856
vt 0.305107 0.870873
vt 0.681466 0.501021
vt 0.681324 0.510377
vt 0.675428 0.494612
vt 0.675081 0.501003
vt 0.296675 0.870033
vt 0.669250 0.510053
vt 0.668568 0.501085
vt 0.288381 0.870721
vt 0.280308 0.869519
vt 0.272386 0.869588
vt 0.264543 0.869500
vt 0.489313 0.538214
vt 0.488157 0.496719
vt 0.488386 0.503192
vt 0.689468 0.495566
vt 0.695619 0.500456
vt 0.689660 0.500730
vt 0.311901 0.875323
vt 0.689449 0.508347
vt 0.303610 0.876128
vt 0.658017 0.509729
vt 0.657888 0.501007
vt 0.663099 0.496167
vt 0.285008 0.875026
vt 0.279680 0.875776
vt 0.652283 0.510219
vt 0.651757 0.500685
vt 0.657653 0.495029
vt 0.272171 0.877886
vt 0.264365 0.877506
vt 0.257276 0.877585
vt 0.647275 0.509145
vt 0.642207 0.500200
vt 0.645760 0.495554
vt 0.642794 0.509995
vt 0.269038 0.883517
vt 0.263677 0.885855
vt 0.256982 0.885399
vt 0.630395 0.498742
vt 0.627104 0.493845
vt 0.636044 0.498381
vt 0.259374 0.897340
vt 0.256228 0.893125
vt 0.620699 0.498891
vt 0.619588 0.508274
vt 0.255995 0.901283
vt 0.166807 0.483556
vt 0.157076 0.487830
vt 0.213554 0.461124
vt 0.222703 0.469237
vt 0.457625 0.848621
vt 0.462553 0.846228
vt 0.464803 0.854618
vt 0.460744 0.839570
vt 0.180714 0.482323
vt 0.879641 0.671400
vt 0.875016 0.673845
vt 0.874842 0.665869
vt 0.423828 0.734669
vt 0.417974 0.738582
vt 0.222364 0.024227
vt 0.030866 0.032030
vt 0.227931 0.014908
vt 0.176306 0.002766
vt 0.156893 0.001975
vt 0.252048 0.877080
vt 0.251604 0.895638
vt 0.786856 0.691393
vt 0.919516 0.477505
vt 0.919990 0.485912
vt 0.934558 0.490465
vt 0.917189 0.490380
vt 0.928023 0.485912
vt 0.777520 0.720864
vt 0.782403 0.720261
vt 0.792207 0.697457
vt 0.788478 0.707769
vt 0.927594 0.478271
vt 0.936108 0.486065
vt 0.941554 0.481063
vt 0.935760 0.479250
vt 0.940940 0.488124
vt 0.934032 0.465849
vt 0.946107 0.489908
vt 0.943193 0.486274
vt 0.943149 0.470022
vt 0.939435 0.470332
vt 0.794963 0.706581
vt 0.788758 0.718773
vt 0.800017 0.709229
vt 0.795384 0.714701
vt 0.948567 0.485967
vt 0.947346 0.477021
vt 0.709099 0.489835
vt 0.704534 0.485456
vt 0.709966 0.485408
vt 0.705793 0.476522
vt 0.710467 0.476920
vt 0.029787 0.875506
vt 0.021519 0.880287
vt 0.019766 0.864076
vt 0.803132 0.715107
vt 0.795420 0.722523
vt 0.810538 0.717977
vt 0.808787 0.723025
vt 0.012980 0.867333
vt 0.013288 0.875101
vt 0.773779 0.729506
vt 0.769053 0.729331
vt 0.782235 0.729356
vt 0.790644 0.729142
vt 0.370757 0.462198
vt 0.364154 0.465141
vt 0.366584 0.459757
vt 0.366769 0.452230
vt 0.366761 0.444366
vt 0.362917 0.470254
vt 0.356312 0.473194
vt 0.358747 0.467812
vt 0.358936 0.460287
vt 0.358929 0.452425
vt 0.364955 0.438423
vt 0.355286 0.478060
vt 0.348368 0.481147
vt 0.350887 0.475856
vt 0.351099 0.468344
vt 0.351098 0.460483
vt 0.347909 0.456016
vt 0.778953 0.864551
vt 0.776991 0.860791
vt 0.778953 0.857209
vt 0.775122 0.733866
vt 0.343221 0.476316
vt 0.342871 0.483394
vt 0.343259 0.468534
vt 0.783342 0.733515
vt 0.332676 0.483440
vt 0.340225 0.487334
vt 0.334154 0.487895
vt 0.334110 0.476545
vt 0.335265 0.468497
vt 0.820398 0.730005
vt 0.789380 0.734201
vt 0.305997 0.488199
vt 0.927921 0.381036
vt 0.273429 0.466923
vt 0.363465 0.050432
vt 0.920485 0.283172
vt 0.935406 0.225280
vt 0.940745 0.262076
vt 0.944843 0.281761
vt 0.949076 0.290864
vt 0.912795 0.250476
vt 0.928310 0.242694
vt 0.920807 0.143472
vt 0.929549 0.017503
vt 0.947632 0.018479
vt 0.709579 0.287468
vt 0.705283 0.290353
vt 0.704319 0.017844
vt 0.921450 0.017553
vt 0.936532 0.018115
vt 0.713905 0.287582
vt 0.708169 0.017081
vt 0.921286 0.008907
vt 0.921317 0.002736
vt 0.462755 0.567174
vt 0.464803 0.509743
vt 0.349602 0.944507
vt 0.343966 0.923832
vt 0.929117 0.008920
vt 0.929291 0.002743
vt 0.801067 0.821311
vt 0.786101 0.816566
vt 0.795626 0.817202
vt 0.458477 0.508243
vt 0.936567 0.008849
vt 0.790561 0.812254
vt 0.942333 0.018679
vt 0.937211 0.002536
vt 0.943406 0.008954
vt 0.785683 0.805937
vt 0.786651 0.800276
vt 0.792246 0.805317
vt 0.342725 0.938349
vt 0.775053 0.807611
vt 0.779059 0.801168
vt 0.951540 0.018374
vt 0.948781 0.003759
vt 0.951930 0.008871
vt 0.783442 0.795039
vt 0.711352 0.008151
vt 0.703217 0.008332
vt 0.785000 0.789265
vt 0.789482 0.795169
vt 0.342536 0.945708
vt 0.769480 0.803542
vt 0.773133 0.796868
vt 0.777462 0.790290
vt 0.712852 0.017942
vt 0.782375 0.783604
vt 0.430829 0.499651
vt 0.441500 0.498936
vt 0.451184 0.498990
vt 0.458521 0.499717
vt 0.464642 0.500320
vt 0.342386 0.953171
vt 0.349506 0.953904
vt 0.334778 0.945599
vt 0.334580 0.952868
vt 0.767995 0.792974
vt 0.771977 0.786216
vt 0.776138 0.779421
vt 0.366668 0.045880
vt 0.366694 0.038034
vt 0.374284 0.031471
vt 0.366668 0.030503
vt 0.371820 0.026463
vt 0.825026 0.870636
vt 0.825026 0.878883
vt 0.819992 0.877282
vt 0.436061 0.494022
vt 0.430376 0.492932
vt 0.358732 0.036398
vt 0.358633 0.028830
vt 0.366390 0.023606
vt 0.358702 0.022752
vt 0.363756 0.018578
vt 0.772346 0.872544
vt 0.773703 0.879664
vt 0.767996 0.879664
vt 0.864699 0.743858
vt 0.870555 0.738689
vt 0.870555 0.746599
vt 0.348280 0.031898
vt 0.351476 0.017282
vt 0.458373 0.493568
vt 0.448681 0.492774
vt 0.342896 0.014618
vt 0.349276 0.960635
vt 0.355154 0.955000
vt 0.354627 0.961470
vt 0.342256 0.960070
vt 0.330317 0.959367
vt 0.607913 0.973500
vt 0.608162 0.968148
vt 0.614413 0.958658
vt 0.608659 0.958416
vt 0.703561 0.587297
vt 0.702033 0.584108
vt 0.705833 0.583854
vt 0.599047 0.975314
vt 0.596976 0.968401
vt 0.601799 0.968483
vt 0.597529 0.960164
vt 0.602599 0.958596
vt 0.595721 0.975786
vt 0.594592 0.978642
vt 0.590265 0.979132
vt 0.591895 0.959682
vt 0.587383 0.967556
vt 0.872865 0.699588
vt 0.871056 0.695468
vt 0.872756 0.694784
vt 0.876252 0.698760
vt 0.874688 0.691197
vt 0.584662 0.975092
vt 0.582924 0.979540
vt 0.581593 0.968119
vt 0.586570 0.958624
vt 0.582004 0.956966
vt 0.871661 0.715350
vt 0.869862 0.699744
vt 0.876922 0.711250
vt 0.714203 0.489261
vt 0.719603 0.485405
vt 0.715580 0.477347
vt 0.749996 0.477275
vt 0.748502 0.486022
vt 0.744887 0.477342
vt 0.755910 0.485514
vt 0.748345 0.489568
vt 0.866823 0.844087
vt 0.871114 0.841736
vt 0.871114 0.847281
vt 0.755173 0.476560
vt 0.764071 0.485575
vt 0.755469 0.406838
vt 0.759622 0.467500
vt 0.866487 0.714761
vt 0.862634 0.710223
vt 0.867357 0.706983
vt 0.815725 0.719402
vt 0.720565 0.478636
vt 0.725561 0.489961
vt 0.726218 0.485464
vt 0.726464 0.478634
vt 0.726500 0.469273
vt 0.720446 0.468246
vt 0.733488 0.489944
vt 0.733276 0.485457
vt 0.733234 0.478636
vt 0.733319 0.469255
vt 0.740032 0.485468
vt 0.741965 0.490167
vt 0.739625 0.478639
vt 0.739590 0.468721
vt 0.856382 0.722395
vt 0.849874 0.719075
vt 0.859439 0.715572
vt 0.866272 0.722378
vt 0.872201 0.722326
vt 0.819087 0.723359
vt 0.827338 0.724959
vt 0.835274 0.725012
vt 0.848410 0.729464
vt 0.843682 0.723493
vt 0.864932 0.729013
vt 0.871914 0.729219
vt 0.876711 0.722359
vt 0.267356 0.484011
vt 0.266786 0.477105
vt 0.864830 0.734077
vt 0.260154 0.488763
vt 0.258170 0.484154
vt 0.257689 0.477304
vt 0.264937 0.467560
vt 0.870778 0.733241
vt 0.964852 0.921026
vt 0.969835 0.917926
vt 0.969835 0.923132
vt 0.958402 0.917653
vt 0.961328 0.922893
vt 0.252769 0.484289
vt 0.958905 0.910127
vt 0.964301 0.916792
vt 0.251684 0.477489
vt 0.257319 0.467461
vt 0.958667 0.900717
vt 0.964162 0.910191
vt 0.603818 0.841722
vt 0.598248 0.874690
vt 0.592766 0.872555
vt 0.587851 0.841791
vt 0.710248 0.367141
vt 0.746061 0.398051
vt 0.750197 0.405946
vt 0.714721 0.364045
vt 0.733525 0.405401
vt 0.740737 0.402704
vt 0.610773 0.739451
vt 0.598556 0.840348
vt 0.593557 0.827573
vt 0.756463 0.266902
vt 0.760464 0.333172
vt 0.726157 0.404482
vt 0.718986 0.283674
vt 0.264989 0.064104
vt 0.250993 0.274435
vt 0.250965 0.467151
vt 0.589639 0.645972
vt 0.583367 0.822648
vt 0.584750 0.664498
vt 0.733564 0.285640
vt 0.725729 0.283417
vt 0.257547 0.058156
vt 0.612052 0.640614
vt 0.600471 0.657331
vt 0.605545 0.642727
vt 0.250966 0.059818
vt 0.596052 0.640739
vt 0.753138 0.052903
vt 0.757354 0.088273
vt 0.761113 0.175014
vt 0.740779 0.266515
vt 0.741249 0.017698
vt 0.747953 0.018215
vt 0.613569 0.508780
vt 0.607198 0.508471
vt 0.596722 0.507262
vt 0.601882 0.507868
vt 0.590817 0.508117
vt 0.586215 0.507919
vt 0.726049 0.017723
vt 0.733704 0.017329
vt 0.265379 0.052780
vt 0.614172 0.498914
vt 0.855731 0.817421
vt 0.862898 0.812906
vt 0.860648 0.818722
vt 0.607490 0.498815
vt 0.859160 0.825069
vt 0.853969 0.824733
vt 0.601064 0.498719
vt 0.858598 0.831550
vt 0.854419 0.837006
vt 0.852423 0.832782
vt 0.590968 0.498146
vt 0.859189 0.842504
vt 0.853325 0.842484
vt 0.848503 0.842898
vt 0.758060 0.018063
vt 0.581330 0.577692
vt 0.582203 0.507491
vt 0.753550 0.016948
vt 0.756917 0.008686
vt 0.754292 0.004036
vt 0.758933 0.002860
vt 0.819421 0.866711
vt 0.819421 0.855770
vt 0.825025 0.858241
vt 0.585464 0.497819
vt 0.859921 0.848659
vt 0.857041 0.855888
vt 0.852655 0.850469
vt 0.718429 0.008335
vt 0.785110 0.775312
vt 0.788797 0.784483
vt 0.725877 0.008455
vt 0.718742 0.017986
vt 0.725703 0.002353
vt 0.717790 0.002051
vt 0.733732 0.008489
vt 0.733689 0.002420
vt 0.741570 0.008454
vt 0.741836 0.002288
vt 0.748747 0.008482
vt 0.750510 0.001962
vt 0.798926 0.877729
vt 0.798926 0.885029
vt 0.794342 0.880227
vt 0.865027 0.882139
vt 0.859941 0.877982
vt 0.865027 0.875110
vt 0.876254 0.780190
vt 0.870764 0.773126
vt 0.877228 0.773126
vt 0.790195 0.858932
vt 0.783104 0.867135
vt 0.783104 0.858720
vt 0.780126 0.771440
vt 0.792225 0.761090
vt 0.790499 0.753107
vt 0.799842 0.738689
vt 0.796731 0.754604
vt 0.873537 0.862008
vt 0.873537 0.872118
vt 0.868952 0.868015
vt 0.835765 0.874507
vt 0.828950 0.867666
vt 0.835765 0.867320
vt 0.309784 0.954070
vt 0.301773 0.959733
vt 0.271583 0.958798
vt 0.288393 0.953952
vt 0.263149 0.958970
vt 0.270630 0.951655
vt 0.256088 0.952519
vt 0.256390 0.959796
vt 0.875780 0.682389
vt 0.191796 0.481974
vt 0.205704 0.477026
vt 0.879627 0.698171
vt 0.879715 0.682488
vt 0.875348 0.821351
vt 0.879950 0.829096
vt 0.875348 0.829612
vt 0.220999 0.477280
vt 0.207475 0.483558
vt 0.950283 0.918155
vt 0.945540 0.926985
vt 0.941600 0.923335
vt 0.231115 0.482872
vt 0.218433 0.483363
vt 0.231245 0.476954
vt 0.954337 0.915503
vt 0.953134 0.922288
vt 0.236579 0.482014
vt 0.954066 0.908762
vt 0.230830 0.467631
vt 0.237762 0.475216
vt 0.237739 0.443386
vt 0.242593 0.467310
vt 0.239167 0.461458
vt 0.953393 0.773033
vt 0.963547 0.900810
vt 0.223564 0.256888
vt 0.230669 0.300852
vt 0.237711 0.220783
vt 0.242990 0.321481
vt 0.948894 0.665091
vt 0.957482 0.731729
vt 0.230753 0.025634
vt 0.943811 0.538147
vt 0.950648 0.543425
vt 0.237659 0.052247
vt 0.243695 0.053134
vt 0.209106 0.007941
vt 0.192134 0.003456
vt 0.254623 0.909222
vt 0.250965 0.910790
vt 0.251052 0.929130
vt 0.254567 0.916488
vt 0.255768 0.923836
vt 0.789691 0.849887
vt 0.784849 0.854796
vt 0.784509 0.844570
vt 0.211902 0.002629
vt 0.229404 0.007544
vt 0.790195 0.834018
vt 0.784509 0.832493
vt 0.237598 0.016438
vt 0.237411 0.002223
vt 0.230198 0.001962
vt 0.251165 0.953019
vt 0.256095 0.945146
vt 0.949276 0.531922
vt 0.947723 0.506186
vt 0.941898 0.498734
vt 0.942099 0.505482
vt 0.243217 0.007795
vt 0.237446 0.007660
vt 0.242458 0.003114
vt 0.247041 0.007487
vt 0.251942 0.958059
vt 0.867201 0.748267
vt 0.864703 0.747102
vt 0.354184 0.012628
vt 0.357886 0.015590
vt 0.349913 0.012937
vt 0.353562 0.009958
vt 0.704605 0.777789
vt 0.701987 0.776789
vt 0.704605 0.768942
vt 0.340999 0.007528
vt 0.349198 0.965318
vt 0.354238 0.965902
vt 0.339712 0.964903
vt 0.259794 0.016625
vt 0.260023 0.008128
vt 0.333020 0.001962
vt 0.264904 0.963841
vt 0.253522 0.049959
vt 0.953880 0.535071
vt 0.258113 0.051258
vt 0.952132 0.499851
vt 0.947227 0.498195
vt 0.254032 0.003831
vt 0.253191 0.009853
vt 0.705932 0.853167
vt 0.702928 0.856761
vt 0.702928 0.850439
vt 0.259105 0.963800
vt 0.494040 0.382334
vt 0.268109 0.677851
vt 0.496493 0.110628
vt 0.488088 0.113268
vt 0.702928 0.825296
vt 0.705866 0.829109
vt 0.702928 0.833085
vt 0.862919 0.773127
vt 0.866839 0.784508
vt 0.861495 0.784508
vt 0.289208 0.694567
vt 0.701987 0.781713
vt 0.704995 0.785854
vt 0.701987 0.789810
vt 0.702952 0.735865
vt 0.706036 0.740128
vt 0.702952 0.744029
vt 0.246374 0.841299
vt 0.245337 0.846533
vt 0.244938 0.838512
vt 0.246730 0.849316
vt 0.245671 0.854551
vt 0.243769 0.822233
vt 0.702089 0.804052
vt 0.705736 0.810851
vt 0.701987 0.810851
vt 0.245392 0.810113
vt 0.245189 0.825142
vt 0.244403 0.830434
vt 0.245891 0.833264
vt 0.509739 0.398347
vt 0.236210 0.806376
vt 0.238450 0.809209
vt 0.237385 0.814462
vt 0.528590 0.080348
vt 0.366350 0.726878
vt 0.377514 0.727762
vt 0.388780 0.728561
vt 0.400052 0.729219
vt 0.411329 0.729708
vt 0.845961 0.738689
vt 0.857570 0.775269
vt 0.839997 0.880389
vt 0.844579 0.886931
vt 0.839997 0.887030
vt 0.401344 0.939835
vt 0.983951 0.769012
vt 0.977065 0.771304
vt 0.704608 0.524222
vt 0.701844 0.541394
vt 0.701844 0.494176
vt 0.411867 0.925779
vt 0.135474 0.769571
vt 0.135044 0.761977
vt 0.156017 0.556476
vt 0.162011 0.534469
vt 0.418254 0.828986
vt 0.417497 0.818983
vt 0.398841 0.740074
vt 0.705807 0.658881
vt 0.701844 0.653270
vt 0.705807 0.650133
vt 0.398431 0.734669
vt 0.995317 0.513828
vt 0.998038 0.514405
vt 0.784845 0.873717
vt 0.790195 0.871060
vt 0.790195 0.878864
vt 0.303128 0.623678
vt 0.311570 0.621905
vt 0.134564 0.516782
vt 0.608480 0.489921
vt 0.247041 0.857334
vt 0.245987 0.862568
vt 0.862708 0.762179
vt 0.867997 0.758132
vt 0.867997 0.763471
vt 0.427753 0.839570
vt 0.864876 0.769201
vt 0.701903 0.860686
vt 0.705932 0.864790
vt 0.701903 0.865146
vt 0.429267 0.854265
vt 0.925211 0.903453
vt 0.527711 0.982877
vt 0.781864 0.577055
vt 0.521299 0.703738
vt 0.901376 0.505568
vt 0.866443 0.803213
vt 0.861495 0.794489
vt 0.866443 0.791488
vt 0.422610 0.730090
vt 0.433891 0.730443
vt 0.445086 0.730745
vt 0.454892 0.730678
vt 0.818121 0.738689
vt 0.346574 0.736227
vt 0.328605 0.754678
vt 0.889519 0.495171
vt 0.335769 0.763373
vt 0.852099 0.769202
vt 0.342016 0.774476
vt 0.463287 0.827889
vt 0.875811 0.530498
vt 0.872288 0.534232
vt 0.876701 0.485108
vt 0.764071 0.967633
vt 0.891444 0.420210
vt 0.761991 0.701431
vt 0.885478 0.011510
vt 0.676253 0.001962
vt 0.773066 0.868619
vt 0.767995 0.861202
vt 0.773066 0.857209
vt 0.692294 0.002821
vt 0.764071 0.494176
vt 0.724462 0.495538
vt 0.269681 0.754862
vt 0.701844 0.633592
vt 0.701844 0.624490
vt 0.706054 0.628486
vt 0.879921 0.750678
vt 0.879921 0.756932
vt 0.874480 0.755208
vt 0.882453 0.001962
vt 0.261340 0.770150
vt 0.838336 0.863395
vt 0.879758 0.530798
vt 0.697919 0.017215
vt 0.696604 0.004159
vt 0.567694 0.983264
vt 0.796929 0.569031
vt 0.576319 0.983223
vt 0.767996 0.491198
vt 0.813032 0.584809
vt 0.564690 0.494462
vt 0.568068 0.496464
vt 0.572703 0.495280
vt 0.338244 0.803642
vt 0.576319 0.501167
vt 0.767996 0.835856
vt 0.774861 0.832494
vt 0.774861 0.853285
vt 0.701844 0.605681
vt 0.703975 0.613296
vt 0.701844 0.620566
vt 0.866823 0.831758
vt 0.866823 0.821351
vt 0.776540 0.491247
vt 0.828331 0.478029
vt 0.832256 0.018841
vt 0.846932 0.017807
vt 0.835298 0.832978
vt 0.777121 0.004251
vt 0.860774 0.747626
vt 0.852099 0.739679
vt 0.860774 0.738689
vt 0.453435 0.773933
vt 0.859319 0.862008
vt 0.865027 0.867679
vt 0.859319 0.871185
vt 0.844578 0.807138
vt 0.871961 0.817427
vt 0.866823 0.811909
vt 0.871961 0.807138
vt 0.451172 0.764996
vt 0.273264 0.817398
vt 0.289951 0.825331
vt 0.072129 0.482995
vt 0.080111 0.483637
vt 0.091611 0.487984
vt 0.080351 0.487304
vt 0.066778 0.003078
vt 0.388303 0.963433
vt 0.427753 0.880732
vt 0.427753 0.872403
vt 0.432068 0.877207
vt 0.106912 0.760907
vt 0.105759 0.765921
vt 0.107352 0.768661
vt 0.983710 0.006068
vt 0.390852 0.734669
vt 0.875174 0.803213
vt 0.870368 0.798529
vt 0.875174 0.793962
vt 0.063038 0.531584
vt 0.442228 0.879173
vt 0.435999 0.874929
vt 0.442228 0.872842
vt 0.302517 0.592843
vt 0.111131 0.494377
vt 0.291621 0.592085
vt 0.451857 0.379264
vt 0.446972 0.386113
vt 0.035396 0.754427
vt 0.462759 0.371171
vt 0.273651 0.537875
vt 0.026990 0.507556
vt 0.306467 0.514280
vt 0.443401 0.848063
vt 0.439259 0.853839
vt 0.007526 0.846485
vt 0.233152 0.889442
vt 0.237088 0.884212
vt 0.238125 0.889442
vt 0.007857 0.854512
vt 0.701961 0.765018
vt 0.701961 0.758441
vt 0.706010 0.761927
vt 0.436162 0.394627
vt 0.430006 0.401962
vt 0.025069 0.884212
vt 0.029370 0.889282
vt 0.024301 0.889282
vt 0.411191 0.418445
vt 0.007290 0.838408
vt 0.207031 0.889408
vt 0.210854 0.884212
vt 0.211676 0.889408
vt 0.866823 0.851206
vt 0.873433 0.851206
vt 0.870514 0.857902
vt 0.340941 0.499996
vt 0.868952 0.878504
vt 0.873876 0.876042
vt 0.873876 0.883114
vt 0.509250 0.906867
vt 0.515987 0.914860
vt 0.511847 0.541982
vt 0.501151 0.494518
vt 0.506872 0.493845
vt 0.512173 0.504205
vt 0.481117 0.905579
vt 0.473989 0.912957
vt 0.842966 0.639240
vt 0.198754 0.884212
vt 0.203107 0.886577
vt 0.198754 0.888991
vt 0.634666 0.975533
vt 0.876192 0.658447
vt 0.632663 0.980065
vt 0.033295 0.889239
vt 0.464803 0.840923
vt 0.870683 0.666498
vt 0.690767 0.547895
vt 0.683556 0.494445
vt 0.667120 0.494265
vt 0.695071 0.509345
vt 0.697920 0.493845
vt 0.649815 0.494055
vt 0.417119 0.878519
vt 0.421625 0.878132
vt 0.421625 0.885030
vt 0.639968 0.494143
vt 0.423873 0.852717
vt 0.423873 0.863166
vt 0.417370 0.862583
vt 0.857933 0.810103
vt 0.861249 0.807138
vt 0.880091 0.657500
vt 0.797816 0.703987
vt 0.805780 0.711832
vt 0.701844 0.490251
vt 0.008213 0.862525
vt 0.701961 0.754517
vt 0.701961 0.747953
vt 0.706036 0.751407
vt 0.008574 0.870537
vt 0.015381 0.888446
vt 0.020376 0.884212
vt 0.020376 0.889552
vt 0.242050 0.889478
vt 0.246044 0.884212
vt 0.247041 0.889478
vt 0.780492 0.734764
vt 0.818055 0.734327
vt 0.339832 0.909684
vt 0.802317 0.828569
vt 0.945474 0.001962
vt 0.954108 0.002247
vt 0.335181 0.938761
vt 0.327031 0.946196
vt 0.326654 0.952892
vt 0.318698 0.953220
vt 0.701844 0.586972
vt 0.701844 0.576677
vt 0.190404 0.884212
vt 0.194829 0.886602
vt 0.190404 0.888783
vt 0.758082 0.490251
vt 0.868203 0.836088
vt 0.759720 0.478657
vt 0.821254 0.720172
vt 0.717398 0.490227
vt 0.580243 0.498084
vt 0.862898 0.855300
vt 0.788767 0.882789
vt 0.790195 0.888951
vt 0.785488 0.888951
vt 0.848636 0.858083
vt 0.825026 0.851846
vt 0.816030 0.843693
vt 0.825026 0.841918
vt 0.788386 0.767981
vt 0.802317 0.748396
vt 0.447205 0.869911
vt 0.453701 0.869594
vt 0.453701 0.876748
vt 0.794120 0.866355
vt 0.801179 0.866355
vt 0.800172 0.873804
vt 0.263152 0.945042
vt 0.263029 0.952100
vt 0.705731 0.555420
vt 0.701844 0.557798
vt 0.701844 0.545319
vt 0.243257 0.198166
vt 0.250965 0.946140
vt 0.243612 0.015864
vt 0.254514 0.963802
vt 0.347271 0.004729
vt 0.361649 0.964323
vt 0.342327 0.002951
vt 0.259659 0.002519
vt 0.951533 0.495171
s 1
usemtl right_finger3_middle_mat
f 5/1/1 1/2/2 2/3/3
f 2/4/3 7/5/4 8/6/5
f 9/7/6 1/8/2 4/9/7
f 11/10/8 6/11/9 8/6/5
f 12/12/10 7/5/4 9/7/6
f 14/13/11 10/14/12 11/10/8
f 15/15/13 11/10/8 12/12/10
f 15/15/13 13/16/14 14/13/11
f 46/17/15 16/18/16 15/15/13
f 19/19/17 2/3/3 17/20/18
f 19/19/17 17/20/18 18/21/19
f 17/20/18 6/22/9 20/23/20
f 17/24/18 2/4/3 8/6/5
f 23/25/21 20/23/20 21/26/22
f 23/25/21 21/26/22 22/27/23
f 20/28/20 10/14/12 28/29/24
f 21/30/22 24/31/25 25/32/26
f 21/30/22 20/28/20 28/29/24
f 29/33/27 25/32/26 26/34/28
f 29/33/27 26/34/28 27/35/29
f 25/32/26 33/36/30 34/37/31
f 26/34/28 30/38/32 31/39/33
f 26/34/28 25/32/26 34/37/31
f 35/40/34 31/39/33 32/41/35
f 13/16/14 24/31/25 28/29/24
f 31/39/33 39/42/36 40/43/37
f 32/41/35 36/44/38 37/45/39
f 32/41/35 31/39/33 40/43/37
f 41/46/40 37/45/39 38/47/41
f 42/48/42 30/38/32 34/37/31
f 16/18/16 33/36/30 13/16/14
f 44/49/43 37/45/39 36/44/38
f 45/50/44 36/44/38 40/43/37
f 46/17/15 39/42/36 42/48/42
f 46/17/15 42/48/42 16/18/16
f 19/19/17 18/21/19 48/51/45
f 50/52/46 22/27/23 49/53/47
f 18/21/19 23/25/21 50/52/46
f 29/54/27 27/55/29 51/56/48
f 49/53/47 29/54/27 52/57/49
f 35/40/34 47/58/50 53/59/51
f 53/59/51 51/60/48 35/40/34
f 41/46/40 54/61/52 55/62/53
f 55/62/53 47/58/50 41/46/40
f 56/63/54 38/47/41 44/49/43
f 52/64/49 58/65/55 49/66/47
f 53/59/51 60/67/56 58/65/55
f 55/62/53 61/68/57 59/69/58
f 59/69/58 47/58/50 55/62/53
f 59/70/58 63/71/59 62/72/60
f 60/67/56 59/69/58 62/73/60
f 61/68/61 54/61/61 63/74/61
f 65/75/62 63/71/59 64/76/63
f 57/77/64 67/78/65 69/79/66
f 69/80/66 68/81/67 70/82/68
f 50/52/46 72/83/69 48/51/45
f 48/84/45 73/85/70 66/86/71
f 66/87/71 74/88/72 75/89/73
f 67/90/65 66/91/71 75/92/73
f 76/93/74 67/94/65 75/89/73
f 77/95/75 68/81/67 76/93/74
f 49/96/47 78/97/76 72/98/69
f 72/99/69 79/100/77 80/101/78
f 73/102/70 72/103/69 80/104/78
f 81/105/79 73/106/70 80/101/78
f 82/107/80 74/88/72 81/105/79
f 83/108/81 76/93/74 82/107/80
f 58/109/55 84/110/82 85/111/83
f 78/112/76 58/113/55 85/114/83
f 79/100/77 85/111/83 86/115/84
f 87/116/85 79/100/77 86/115/84
f 83/108/81 81/105/79 87/116/85
f 88/117/86 60/118/56 62/72/60
f 89/119/87 84/110/82 88/117/86
f 90/120/88 86/115/84 89/119/87
f 83/108/81 87/116/85 90/120/88
f 90/120/88 88/117/86 65/75/62
f 96/121/89 92/122/90 93/123/91
f 98/124/92 91/125/93 93/126/91
f 99/127/94 92/128/90 95/129/95
f 100/130/96 97/131/97 98/132/92
f 101/133/98 98/132/92 99/134/94
f 102/135/99 100/130/96 101/133/98
f 109/136/100 103/137/101 104/138/102
f 110/139/103 104/138/102 105/140/104
f 110/139/103 105/140/104 106/141/105
f 112/142/106 107/143/107 108/144/108
f 113/145/109 108/144/108 109/136/100
f 113/145/109 109/136/100 110/139/103
f 114/146/110 91/147/93 111/148/111
f 115/149/112 111/148/111 112/142/106
f 116/150/113 112/142/106 113/145/109
f 117/151/114 93/123/91 114/146/110
f 118/152/115 114/146/110 115/149/112
f 118/152/115 115/149/112 116/150/113
f 125/153/116 119/154/117 120/155/118
f 126/156/119 120/155/118 121/157/120
f 126/156/119 121/157/120 122/158/121
f 129/159/122 123/160/123 124/161/124
f 130/162/125 124/161/124 125/153/116
f 131/163/126 125/153/116 126/156/119
f 104/164/102 132/165/127 133/166/128
f 134/167/129 127/168/130 128/169/131
f 105/140/104 133/170/128 134/167/129
f 135/171/132 128/169/131 129/159/122
f 106/141/105 134/167/129 135/171/132
f 136/172/133 129/159/122 130/162/125
f 106/141/105 135/171/132 136/172/133
f 136/172/133 130/162/125 131/163/126
f 137/173/134 103/174/101 108/175/108
f 97/176/97 107/177/107 111/178/111
f 120/179/118 138/180/135 139/181/136
f 121/157/120 3/182/137 4/183/7
f 121/184/120 120/179/118 139/181/136
f 122/158/121 121/157/120 5/1/1
f 140/185/138 119/186/117 124/187/124
f 141/188/139 123/189/123 128/190/131
f 142/191/140 127/192/130 133/193/128
f 137/194/134 142/195/140 132/165/127
f 143/196/141 137/194/134 97/131/97
f 144/197/142 3/198/137 139/181/136
f 145/199/143 138/180/135 140/185/138
f 145/199/143 140/185/138 141/200/139
f 146/201/144 141/200/139 142/195/140
f 143/196/141 146/201/144 142/195/140
f 147/202/145 9/7/6 144/197/142
f 145/199/143 147/202/145 144/197/142
f 102/135/99 146/201/144 100/130/96
f 15/15/13 12/12/10 147/202/145
f 15/15/13 147/202/145 146/201/144
f 148/203/146 5/1/1 19/19/17
f 122/158/121 5/1/1 148/203/146
f 118/152/115 116/150/113 149/204/147
f 126/156/119 122/158/121 150/205/148
f 136/172/133 131/163/126 152/206/149
f 152/206/149 126/156/119 151/207/150
f 110/139/103 106/141/105 153/208/151
f 113/145/109 110/139/103 154/209/152
f 116/150/113 154/209/152 155/210/153
f 150/205/148 148/203/146 156/211/154
f 153/208/151 136/172/133 157/212/155
f 156/211/154 19/19/17 57/77/64
f 153/208/151 160/213/156 162/214/157
f 162/214/157 161/215/158 163/216/159
f 158/217/160 162/214/157 164/218/161
f 164/218/161 163/216/159 165/219/162
f 154/209/152 165/219/162 166/220/163
f 151/207/150 167/221/164 170/222/165
f 170/222/165 168/223/166 171/224/167
f 171/225/167 169/226/168 172/227/169
f 152/206/149 171/224/167 174/228/170
f 174/228/170 157/212/155 152/206/149
f 174/228/170 172/229/169 175/230/171
f 175/230/171 157/212/155 174/228/170
f 175/231/171 173/232/172 176/233/173
f 176/233/173 159/234/174 175/231/171
f 177/235/175 160/236/156 176/233/173
f 178/237/176 161/238/158 177/235/175
f 69/79/66 150/205/148 156/211/154
f 69/80/66 70/82/68 167/239/164
f 167/221/164 150/205/148 69/79/66
f 167/239/164 71/240/177 179/241/178
f 168/242/166 167/239/164 179/241/178
f 180/243/179 168/242/166 179/241/178
f 181/244/180 169/226/168 180/243/179
f 182/245/181 173/232/172 181/244/180
f 183/246/182 177/235/175 182/245/181
f 184/247/183 71/240/177 77/95/75
f 186/248/184 180/243/179 184/247/183
f 185/249/185 181/244/180 186/248/184
f 186/248/184 77/95/75 83/108/81
f 211/250/186 185/249/185 348/251/187
f 165/219/162 187/252/188 188/253/189
f 166/220/163 188/253/189 190/254/190
f 190/254/190 189/255/191 191/256/192
f 155/210/153 190/254/190 193/257/193
f 193/257/193 191/256/192 194/258/194
f 194/258/194 192/259/195 195/260/196
f 149/204/147 193/257/193 197/261/197
f 197/261/197 194/258/194 198/262/198
f 198/262/198 195/260/196 199/263/199
f 199/263/199 196/264/200 200/265/201
f 187/266/188 178/237/176 202/267/202
f 203/268/203 187/266/188 202/267/202
f 189/269/191 203/268/203 204/270/204
f 205/271/205 189/269/191 204/270/204
f 192/272/195 205/271/205 206/273/206
f 207/274/207 192/272/195 206/273/206
f 196/275/200 207/274/207 208/276/208
f 209/277/209 196/275/200 208/276/208
f 201/278/210 209/277/209 210/279/211
f 211/250/186 204/270/204 183/246/182
f 212/280/212 206/273/206 211/250/186
f 213/281/213 208/276/208 212/280/212
f 211/250/186 183/246/182 185/249/185
f 212/280/212 211/250/186 213/281/213
f 216/282/214 214/283/215 215/284/216
f 216/282/214 215/284/216 217/285/217
f 219/286/218 221/287/219 220/288/220
f 219/286/218 220/288/220 218/289/221
f 222/290/222 221/287/219 219/286/218
f 221/287/219 225/291/223 226/292/224
f 223/293/225 226/292/224 227/294/226
f 223/293/225 224/295/227 220/288/220
f 36/44/38 231/296/228 232/297/229
f 44/49/43 228/298/230 229/299/231
f 44/49/43 36/44/38 232/297/229
f 233/300/232 229/299/231 230/301/233
f 45/50/44 234/302/234 231/296/228
f 231/296/228 43/303/235 45/50/44
f 236/304/236 229/299/231 228/298/230
f 235/305/237 228/298/230 232/297/229
f 228/298/230 237/306/238 238/307/239
f 236/304/236 228/298/230 238/307/239
f 234/302/234 240/308/240 231/296/228
f 238/307/239 244/309/241 245/310/242
f 242/311/243 238/307/239 245/310/242
f 246/312/244 242/311/243 243/313/245
f 246/312/244 236/304/236 242/311/243
f 256/314/246 214/283/215 247/315/247
f 46/17/15 256/314/246 240/308/240
f 214/283/215 216/282/214 247/315/247
f 244/309/241 241/316/248 245/310/242
f 240/308/240 249/317/249 244/309/241
f 256/318/246 251/319/250 250/320/251
f 247/315/247 252/321/252 251/322/250
f 216/282/214 217/285/217 252/321/252
f 254/323/253 241/316/248 253/324/254
f 255/325/255 242/311/243 254/323/253
f 249/317/249 241/316/248 244/309/241
f 258/326/256 250/320/251 257/327/257
f 250/320/251 259/328/258 260/329/259
f 251/322/250 261/330/260 262/331/261
f 252/321/252 218/289/221 265/332/262
f 266/333/263 261/334/260 265/335/262
f 266/333/263 263/336/264 262/337/261
f 267/338/265 264/339/266 263/336/264
f 255/325/255 254/323/253 269/340/267
f 260/329/259 271/341/268 272/342/269
f 272/342/269 257/327/257 260/329/259
f 275/343/270 259/328/258 262/344/261
f 276/345/271 271/346/272 275/347/273
f 263/348/264 275/349/273 262/350/274
f 276/351/271 273/352/275 272/353/276
f 264/354/266 276/351/271 263/348/264
f 278/355/277 273/352/275 277/356/278
f 279/357/279 218/289/221 220/288/220
f 266/333/263 279/358/279 280/359/280
f 267/338/265 280/359/280 281/360/281
f 283/361/282 279/358/279 282/362/283
f 284/363/284 280/359/280 283/361/282
f 254/323/253 285/364/285 286/365/286
f 269/340/267 286/365/286 287/366/287
f 269/340/267 287/366/287 288/367/288
f 249/317/249 256/314/246 289/368/289
f 258/326/256 270/369/290 290/370/291
f 290/371/291 256/372/246 258/373/256
f 291/374/292 270/369/290 272/342/269
f 273/352/275 291/375/293 272/353/294
f 274/376/295 292/377/296 273/378/275
f 283/361/282 224/379/227 294/380/297
f 295/381/298 224/295/227 227/294/226
f 296/382/299 248/383/300 255/325/255
f 298/384/301 255/325/255 269/340/267
f 297/385/302 278/355/277 264/354/266
f 284/363/284 294/380/297 299/386/303
f 295/381/298 299/387/303 294/388/297
f 233/300/232 300/389/304 301/390/305
f 301/390/305 44/49/43 233/300/232
f 302/391/306 230/301/233 236/304/236
f 303/392/307 236/304/236 239/393/308
f 246/312/244 243/313/245 305/394/309
f 305/394/309 239/393/308 246/312/244
f 306/395/310 243/313/245 248/383/300
f 307/396/311 297/397/302 268/398/312
f 309/399/313 274/400/295 278/355/277
f 310/401/314 268/398/312 281/360/281
f 311/402/315 298/384/301 288/367/288
f 308/403/316 293/404/317 274/376/295
f 54/61/52 301/390/305 314/405/318
f 314/405/318 315/406/319 316/407/320
f 63/74/59 314/405/318 316/407/320
f 64/76/63 63/71/59 316/408/320
f 317/409/321 300/389/304 302/391/306
f 318/410/322 300/389/304 317/409/321
f 64/76/63 319/411/323 65/75/62
f 305/394/309 302/391/306 303/392/307
f 317/409/321 302/391/306 305/394/309
f 318/410/322 317/409/321 320/412/324
f 321/413/325 318/414/322 320/415/324
f 319/411/323 315/416/319 321/413/325
f 317/409/321 305/394/309 322/417/326
f 322/417/326 323/418/327 324/419/328
f 320/412/324 322/417/326 324/419/328
f 321/413/325 320/415/324 324/420/328
f 328/421/329 306/395/310 296/382/299
f 322/417/326 328/421/329 329/422/330
f 323/418/327 329/422/330 330/423/331
f 326/424/332 323/425/327 330/426/331
f 332/427/333 325/428/334 331/429/335
f 333/430/336 327/431/337 332/427/333
f 307/396/311 334/432/338 297/397/302
f 328/421/329 296/382/299 298/384/301
f 309/399/313 336/433/339 308/434/316
f 338/435/340 337/436/341 336/437/339
f 339/438/342 297/397/302 334/432/338
f 340/439/343 310/401/314 284/363/284
f 341/440/344 298/384/301 311/402/315
f 342/441/345 328/421/329 341/440/344
f 343/442/346 329/422/330 342/441/345
f 326/424/332 330/426/331 343/443/346
f 345/444/347 331/429/335 344/445/348
f 346/446/349 308/403/316 336/447/339
f 347/448/350 336/447/339 337/449/341
f 347/450/351 332/451/333 345/452/347
f 90/120/88 319/411/323 325/428/334
f 90/120/88 325/428/334 349/453/352
f 83/108/81 349/453/352 350/454/353
f 348/251/187 83/108/81 350/454/353
f 349/453/352 327/431/337 351/455/354
f 352/456/355 349/453/352 351/455/354
f 350/454/353 349/453/352 352/456/355
f 351/457/354 333/458/336 353/459/356
f 354/460/357 351/455/354 353/461/356
f 355/462/358 334/432/338 335/463/359
f 355/462/358 354/464/357 353/465/356
f 356/466/360 352/456/355 354/460/357
f 352/456/355 356/466/360 357/467/361
f 358/468/362 352/456/355 357/467/361
f 359/469/363 350/454/353 358/468/362
f 360/470/364 333/471/336 337/472/365
f 339/473/342 360/474/366 337/475/341
f 361/476/367 334/477/338 353/459/368
f 361/476/369 333/458/336 360/478/364
f 362/479/370 335/463/359 310/401/314
f 363/480/371 355/462/358 362/479/370
f 356/481/360 363/482/371 364/483/372
f 340/439/343 362/479/370 310/401/314
f 340/439/343 363/480/371 362/479/370
f 365/484/373 364/485/372 363/480/371
f 366/486/374 357/487/361 364/488/372
f 358/468/362 366/489/374 367/490/375
f 365/491/373 299/387/303 368/492/376
f 369/493/377 365/491/373 368/492/376
f 313/494/378 368/492/376 299/387/303
f 313/494/378 369/493/377 368/492/376
f 370/495/379 366/486/374 369/493/377
f 367/490/375 366/489/374 371/496/380
f 102/135/99 372/497/381 215/284/216
f 372/497/381 222/290/222 215/284/216
f 359/469/363 358/468/362 367/490/375
f 375/498/382 94/499/383 95/500/95
f 376/501/384 95/500/95 96/121/89
f 379/502/385 373/503/386 374/504/387
f 380/505/388 374/504/387 375/498/382
f 381/506/389 375/498/382 376/501/384
f 384/507/390 377/508/391 378/509/392
f 385/510/393 378/509/392 379/502/385
f 385/510/393 379/502/385 380/505/388
f 388/511/394 382/512/395 383/513/396
f 389/514/397 383/513/396 384/507/390
f 390/515/398 384/507/390 385/510/393
f 390/515/398 385/510/393 381/506/389
f 392/516/399 386/517/400 387/518/401
f 393/519/402 387/518/401 388/511/394
f 394/520/403 388/511/394 389/514/397
f 396/521/404 394/520/403 390/515/398
f 397/522/405 94/523/383 374/524/387
f 398/525/406 373/526/386 378/527/392
f 400/528/407 382/529/395 399/530/408
f 400/531/407 377/532/391 383/533/396
f 402/534/409 386/535/400 401/536/410
f 402/534/409 382/537/395 387/538/401
f 403/539/411 386/535/400 391/540/412
f 404/541/413 391/540/412 395/542/414
f 101/133/98 99/134/94 397/543/405
f 406/544/415 397/543/405 398/545/406
f 407/546/416 398/547/406 400/548/407
f 409/549/417 401/536/410 408/550/418
f 409/549/417 399/551/408 402/534/409
f 410/552/419 401/536/410 403/539/411
f 411/553/420 403/539/411 404/541/413
f 412/554/421 404/541/413 405/555/422
f 102/135/99 101/133/98 406/544/415
f 102/135/99 406/544/415 407/556/416
f 418/557/423 411/553/420 412/554/421
f 418/558/423 415/559/424 414/560/425
f 419/561/426 416/562/427 415/559/424
f 422/563/428 410/552/419 413/564/429
f 424/565/430 413/564/429 414/566/425
f 424/567/430 423/568/431 422/569/428
f 415/559/424 424/567/430 414/560/425
f 426/570/432 415/559/424 416/562/427
f 417/571/433 426/570/432 416/562/427
f 427/572/434 421/573/435 422/563/428
f 423/568/431 427/574/434 422/569/428
f 428/575/436 423/568/431 425/576/437
f 426/570/432 428/575/436 425/576/437
f 431/577/438 421/573/435 427/572/434
f 432/578/439 427/574/434 428/575/436
f 429/579/440 432/580/439 428/581/436
f 436/582/441 431/583/442 432/580/439
f 433/584/443 436/582/441 432/580/439
f 437/585/444 433/584/443 434/586/445
f 438/587/446 96/121/89 117/151/114
f 438/587/446 117/151/114 118/152/115
f 381/506/389 376/501/384 438/587/446
f 439/588/447 417/571/433 420/589/448
f 430/590/449 442/591/450 429/579/440
f 440/592/451 426/570/432 441/593/452
f 434/586/445 429/579/440 442/591/450
f 443/594/453 434/586/445 442/591/450
f 438/587/446 118/152/115 445/595/454
f 381/506/389 438/587/446 445/595/454
f 441/593/452 446/596/455 440/592/451
f 443/594/453 440/597/451 446/598/455
f 439/588/447 448/599/456 417/571/433
f 447/600/457 417/571/433 448/599/456
f 451/601/458 434/586/445 450/602/459
f 450/602/459 443/594/453 453/603/460
f 471/604/461 381/506/389 445/595/454
f 454/605/462 448/599/456 449/606/463
f 447/600/457 455/607/464 446/596/455
f 453/603/460 446/598/455 455/608/464
f 457/609/465 454/605/462 452/610/466
f 447/600/457 448/599/456 458/611/467
f 456/612/468 450/602/459 460/613/469
f 445/595/454 198/262/198 461/614/470
f 461/614/470 199/263/199 462/615/471
f 462/615/471 200/265/201 463/616/472
f 463/616/472 201/617/210 464/618/473
f 461/614/470 462/615/471 466/619/474
f 466/619/474 463/616/472 467/620/475
f 467/620/475 464/618/473 468/621/476
f 468/621/476 465/622/477 469/623/478
f 445/595/454 461/614/470 471/604/461
f 471/604/461 467/620/475 472/624/479
f 472/624/479 468/621/476 473/625/480
f 473/625/480 469/623/478 474/626/481
f 474/626/481 470/627/482 475/628/483
f 471/604/461 473/625/480 477/629/484
f 477/629/484 474/626/481 478/630/485
f 478/630/485 475/628/483 479/631/486
f 479/631/486 476/632/487 480/633/488
f 477/629/484 478/630/485 481/634/489
f 481/634/489 479/631/486 482/635/490
f 482/636/490 480/637/488 483/638/491
f 482/639/490 483/640/491 484/641/492
f 593/642/493 471/604/461 477/629/484
f 485/643/494 201/278/210 210/279/211
f 465/644/477 485/643/494 486/645/495
f 487/646/496 465/644/477 486/645/495
f 470/647/482 487/646/496 488/648/497
f 489/649/498 470/647/482 488/648/497
f 476/650/487 489/649/498 490/651/499
f 491/652/500 476/650/487 490/651/499
f 483/640/491 491/653/500 492/654/501
f 484/641/492 492/654/501 493/655/502
f 494/656/503 484/641/492 493/655/502
f 495/657/504 484/641/492 494/656/503
f 496/658/505 210/279/211 213/281/213
f 497/659/506 486/645/495 496/658/505
f 488/648/497 497/659/506 498/660/507
f 490/651/499 498/660/507 499/661/508
f 491/652/500 499/661/508 500/662/509
f 492/663/501 500/662/509 501/664/510
f 493/665/502 501/666/510 502/667/511
f 503/668/512 493/669/502 502/670/511
f 505/671/513 494/672/503 503/673/512
f 496/658/505 213/281/213 497/659/506
f 501/666/510 500/674/509 506/675/514
f 509/676/515 502/667/511 507/677/516
f 508/678/517 458/611/467 454/605/462
f 508/678/517 457/609/465 504/679/518
f 510/680/519 504/681/518 505/682/513
f 510/683/519 503/673/512 509/676/515
f 507/677/516 511/684/520 513/685/521
f 512/686/522 455/608/464 459/687/523
f 512/688/522 458/611/467 508/678/517
f 514/689/524 508/690/517 509/691/515
f 514/692/524 507/677/516 513/685/521
f 497/659/506 213/281/213 211/250/186
f 516/693/525 455/608/464 512/686/522
f 517/694/526 512/686/522 513/695/521
f 517/696/527 511/684/520 515/697/528
f 518/698/529 453/603/460 516/693/525
f 519/699/530 516/693/525 517/694/526
f 518/698/529 456/612/468 460/613/469
f 519/699/530 521/700/531 518/698/529
f 522/701/532 515/702/528 520/703/533
f 523/704/534 395/705/414 392/516/399
f 524/706/535 523/704/534 393/519/402
f 525/707/536 393/519/402 394/520/403
f 526/708/537 523/704/534 527/709/538
f 527/709/538 524/706/535 528/710/539
f 528/710/539 525/707/536 529/711/540
f 530/712/541 527/709/538 531/713/542
f 532/714/543 527/709/538 528/710/539
f 532/714/543 529/711/540 533/715/544
f 526/716/545 535/717/546 395/542/414
f 530/718/541 536/719/547 526/716/545
f 538/720/548 530/721/541 531/722/542
f 543/723/549 405/555/422 534/724/550
f 543/725/551 540/726/552 539/727/553
f 544/728/554 541/729/555 540/730/552
f 546/731/556 541/729/555 545/732/557
f 547/733/558 544/734/554 543/725/551
f 549/735/559 544/728/554 548/736/560
f 550/737/561 545/732/557 549/735/559
f 535/717/546 547/738/562 534/724/550
f 551/739/563 548/736/560 547/740/558
f 553/741/564 548/736/560 552/742/565
f 554/743/566 549/735/559 553/741/564
f 556/744/567 551/745/563 555/746/568
f 536/719/547 557/747/569 535/717/546
f 537/748/570 558/749/571 536/719/547
f 538/750/548 559/751/572 537/748/570
f 561/752/573 412/554/421 539/753/553
f 561/754/573 419/561/426 418/558/423
f 540/726/552 561/754/573 539/727/553
f 541/755/555 419/561/426 540/726/552
f 542/756/574 562/757/575 541/755/555
f 553/741/564 563/758/576 564/759/577
f 554/743/566 564/759/577 565/760/578
f 556/761/567 566/762/579 567/763/580
f 556/761/567 563/758/576 552/742/565
f 568/764/581 563/758/576 567/763/580
f 568/764/581 565/760/578 564/759/577
f 557/747/569 566/765/579 555/746/568
f 569/766/582 568/764/581 567/763/580
f 558/749/571 566/765/579 557/747/569
f 559/751/572 571/767/583 558/749/571
f 560/768/584 572/769/585 559/751/572
f 570/770/586 569/766/582 575/771/587
f 571/767/583 574/772/588 566/765/579
f 577/773/589 574/774/590 576/775/591
f 578/776/592 569/766/582 577/773/589
f 579/777/593 575/771/587 578/776/592
f 572/769/585 576/778/594 571/767/583
f 573/779/595 580/780/596 572/769/585
f 577/781/589 576/782/591 583/783/597
f 578/784/592 584/785/598 585/786/599
f 581/787/600 585/786/599 586/788/601
f 580/780/596 583/789/602 576/778/594
f 587/790/603 584/791/598 583/792/597
f 582/793/604 587/794/605 580/795/596
f 588/796/606 585/797/599 584/791/598
f 585/786/599 590/798/607 591/799/608
f 589/800/609 591/799/608 592/801/610
f 593/642/493 390/515/398 381/506/389
f 596/802/611 595/803/612 550/737/561
f 597/804/613 420/589/448 562/757/575
f 570/770/586 598/805/614 568/764/581
f 600/806/615 599/807/616 575/771/587
f 601/808/617 597/809/613 542/810/574
f 599/807/616 600/806/615 602/811/618
f 603/812/619 600/806/615 579/777/593
f 604/813/620 579/814/593 581/787/600
f 605/815/621 604/813/620 586/788/601
f 606/816/622 605/815/621 589/800/609
f 607/817/623 589/800/609 592/801/610
f 608/818/624 601/808/617 546/731/556
f 609/819/625 546/731/556 595/803/612
f 596/802/611 609/819/625 595/803/612
f 452/610/466 439/588/447 597/804/613
f 565/760/578 598/805/614 611/820/626
f 599/807/616 611/820/626 598/805/614
f 593/642/493 381/506/389 471/604/461
f 627/821/627 396/521/404 593/642/493
f 529/711/540 525/707/536 627/821/627
f 612/822/628 529/711/540 613/823/629
f 610/824/630 614/825/631 596/802/611
f 599/807/616 602/811/618 615/826/632
f 616/827/633 602/828/618 603/829/619
f 617/830/634 603/829/619 604/813/620
f 618/831/635 617/830/634 605/815/621
f 619/832/636 605/815/621 606/816/622
f 620/833/637 606/816/622 607/817/623
f 621/834/638 457/835/465 601/808/617
f 622/836/639 621/834/638 601/808/617
f 609/819/625 622/836/639 608/818/624
f 614/825/631 623/837/640 609/819/625
f 625/838/641 482/639/490 484/641/492
f 481/634/489 482/635/490 626/839/642
f 593/642/493 481/634/489 627/821/627
f 613/823/629 626/839/642 628/840/643
f 628/841/643 625/842/641 629/843/644
f 612/822/628 628/840/643 630/844/645
f 631/845/646 628/846/643 629/847/644
f 632/848/647 484/641/492 495/657/504
f 625/838/641 632/848/647 633/849/648
f 629/847/644 633/849/648 634/850/649
f 631/845/646 634/850/649 635/851/650
f 636/852/651 457/835/465 621/834/638
f 637/853/652 504/854/518 636/852/651
f 637/855/653 495/856/654 505/671/513
f 622/836/639 636/852/651 621/834/638
f 639/857/655 636/852/651 638/858/656
f 639/859/657 495/856/654 637/855/653
f 623/837/640 638/858/656 622/836/639
f 640/860/658 639/857/655 638/858/656
f 641/861/659 632/862/660 639/859/657
f 614/825/631 640/860/658 623/837/640
f 642/863/661 641/864/662 640/860/658
f 632/862/660 641/861/659 643/865/663
f 610/824/630 642/863/661 614/825/631
f 644/866/664 643/867/665 642/863/661
f 632/862/660 643/865/663 645/868/666
f 633/869/648 645/868/666 646/870/667
f 634/871/649 646/870/667 647/872/668
f 635/873/650 647/872/668 648/874/669
f 649/875/670 610/824/630 611/820/626
f 650/876/671 644/866/664 649/875/670
f 624/877/672 649/875/670 611/820/626
f 652/878/673 649/875/670 651/879/674
f 646/870/667 650/880/671 652/881/673
f 653/882/675 652/878/673 651/879/674
f 647/872/668 652/881/673 654/883/676
f 648/874/669 654/883/676 655/884/677
f 653/885/675 615/886/632 656/887/678
f 657/888/679 653/889/675 656/890/678
f 655/884/677 657/891/680 658/892/681
f 659/893/682 616/827/633 617/830/634
f 660/894/683 656/895/678 659/893/682
f 659/893/682 617/830/634 618/831/635
f 658/892/681 660/896/683 661/897/684
f 662/898/685 618/831/635 619/832/636
f 663/899/686 659/900/682 662/901/685
f 664/902/687 619/832/636 620/833/637
f 665/903/688 662/901/685 664/904/687
f 666/905/689 532/714/543 667/906/690
f 666/907/689 538/908/548 531/909/542
f 669/910/691 666/911/689 667/912/690
f 668/913/692 560/914/584 538/915/548
f 672/916/693 668/913/692 669/910/691
f 673/917/694 669/910/691 670/918/695
f 671/919/696 573/920/595 560/914/584
f 675/921/697 671/919/696 672/916/693
f 676/922/698 672/916/693 673/917/694
f 674/923/699 582/793/604 573/924/595
f 675/921/697 678/925/700 674/926/699
f 676/922/698 679/927/701 675/921/697
f 678/928/700 588/929/702 582/793/604
f 679/927/701 680/930/703 678/925/700
f 680/931/704 590/932/705 588/933/702
f 676/922/698 681/934/706 679/927/701
f 667/906/690 533/715/544 594/935/707
f 677/936/708 676/922/698 682/937/709
f 684/938/710 667/912/690 683/939/711
f 685/940/712 670/918/695 684/938/710
f 682/937/709 673/917/694 685/940/712
f 683/941/711 594/935/707 612/822/628
f 688/942/713 683/939/711 687/943/714
f 689/944/715 684/938/710 688/942/713
f 682/937/709 685/940/712 689/944/715
f 690/945/716 612/822/628 630/844/645
f 691/946/717 630/947/645 631/845/646
f 690/948/716 688/942/713 687/943/714
f 691/949/717 692/950/718 690/948/716
f 691/946/717 635/851/650 693/951/719
f 694/952/720 688/942/713 692/950/718
f 693/953/719 694/952/720 692/950/718
f 693/951/719 648/954/669 695/955/721
f 697/956/722 696/957/723 694/952/720
f 698/958/724 694/952/720 695/959/721
f 695/960/721 658/892/725 698/961/726
f 699/962/727 697/956/722 698/958/724
f 698/961/726 663/963/728 699/964/729
f 699/964/729 663/963/728 665/965/730
f 431/577/438 700/966/731 421/573/435
f 436/582/441 701/967/732 431/583/442
f 437/585/444 702/968/733 436/582/441
f 704/969/734 407/970/416 409/549/417
f 703/971/735 705/972/736 702/968/733
f 701/973/737 707/974/738 700/966/731
f 709/975/739 701/967/732 705/972/736
f 710/976/740 705/972/736 706/977/741
f 709/975/739 710/976/740 713/978/742
f 714/979/743 710/976/740 711/980/744
f 712/981/745 715/982/746 708/983/747
f 717/984/748 712/985/745 709/975/739
f 718/986/749 713/978/742 714/979/743
f 719/987/750 717/988/748 720/989/751
f 720/989/751 713/990/742 721/991/752
f 721/991/752 718/992/749 722/993/753
f 715/982/746 723/994/754 707/974/738
f 716/995/755 724/996/756 715/982/746
f 719/997/750 725/998/757 716/995/755
f 727/999/758 720/989/751 721/991/752
f 722/993/753 727/999/758 721/991/752
f 725/998/757 723/994/754 724/996/756
f 726/1000/759 729/1001/760 725/998/757
f 729/1001/760 731/1002/761 723/994/754
f 703/971/735 437/585/444 444/1003/762
f 718/986/749 714/979/743 732/1004/763
f 722/993/753 718/992/749 733/1005/764
f 733/1005/764 734/1006/765 722/993/753
f 736/1007/766 703/971/735 735/1008/767
f 711/980/744 706/977/741 736/1007/766
f 735/1008/767 444/1003/762 451/601/458
f 738/1009/768 732/1004/763 739/1010/769
f 733/1005/764 738/1011/768 740/1012/770
f 741/1013/771 736/1007/766 735/1008/767
f 741/1013/771 451/601/458 456/612/468
f 737/1014/772 736/1007/766 743/1015/773
f 745/1016/774 741/1013/771 744/1017/775
f 746/1018/776 743/1015/773 745/1016/774
f 746/1018/776 739/1010/769 737/1014/772
f 747/1019/777 740/1020/770 739/1010/769
f 742/1021/778 740/1012/770 749/1022/779
f 506/1023/514 499/661/508 750/1024/780
f 751/1025/781 456/612/468 521/700/531
f 522/1026/532 751/1025/781 521/700/531
f 522/701/532 520/703/533 752/1027/782
f 751/1025/781 745/1016/774 744/1017/775
f 752/1028/782 753/1029/783 751/1025/781
f 752/1027/782 520/703/533 754/1030/784
f 755/1031/785 745/1016/774 753/1029/783
f 756/1032/786 753/1033/783 754/1030/784
f 520/1034/533 750/1035/780 757/1036/787
f 754/1030/784 757/1037/787 758/1038/788
f 755/1031/785 747/1019/777 746/1018/776
f 756/1032/786 758/1038/788 759/1039/789
f 757/1036/787 750/1035/780 761/1040/790
f 758/1038/788 761/1041/790 762/1042/791
f 755/1031/785 748/1043/792 747/1019/777
f 759/1039/789 763/1044/793 755/1045/785
f 759/1039/789 762/1042/791 764/1046/794
f 765/1047/795 748/1048/792 763/1049/793
f 766/1050/796 763/1044/793 764/1046/794
f 761/1040/790 750/1035/780 767/1051/797
f 768/1052/798 762/1053/791 761/1054/790
f 766/1050/796 768/1055/798 769/1056/799
f 769/1056/799 770/1057/800 771/1058/801
f 771/1059/801 772/1060/802 773/1061/803
f 775/1062/804 770/1063/800 774/1064/805
f 777/1065/806 590/798/607 776/1066/807
f 778/1067/808 591/799/608 777/1065/806
f 783/1068/809 780/1069/810 784/1070/811
f 784/1071/811 781/1072/812 785/1073/813
f 785/1073/813 776/1066/807 784/1071/811
f 785/1073/813 782/1074/814 786/1075/815
f 786/1075/815 777/1065/806 785/1073/813
f 787/1076/816 779/1077/817 789/1078/818
f 790/1079/819 787/1076/816 788/1080/820
f 790/1079/819 780/1081/810 787/1076/816
f 791/1082/821 781/1072/812 790/1079/819
f 792/1083/822 779/1084/823 783/1085/824
f 793/1086/825 783/1085/824 784/1087/826
f 797/1088/827 795/1089/828 798/1090/829
f 799/1091/830 795/1089/828 796/1092/831
f 799/1093/830 787/1076/816 798/1094/829
f 801/1095/832 797/1096/827 798/1094/829
f 801/1097/832 789/1098/818 800/1099/833
f 802/1100/834 792/1083/822 793/1086/825
f 803/1101/835 720/989/751 804/1102/836
f 804/1102/836 727/999/758 805/1103/837
f 805/1103/837 728/1104/838 806/1105/839
f 808/1106/840 803/1101/835 804/1102/836
f 809/1107/841 804/1102/836 805/1103/837
f 809/1107/841 805/1103/837 806/1105/839
f 810/1108/842 807/1109/843 808/1106/840
f 811/1110/844 808/1106/840 809/1107/841
f 812/1111/845 810/1108/842 813/1112/846
f 813/1112/846 811/1110/844 814/1113/847
f 816/1114/848 812/1111/845 813/1112/846
f 816/1114/848 794/1115/849 815/1116/850
f 817/1117/851 813/1112/846 814/1113/847
f 796/1092/831 816/1114/848 817/1117/851
f 796/1092/831 817/1117/851 818/1118/852
f 819/1119/853 794/1120/849 797/1121/827
f 820/1122/854 797/1121/827 800/1099/833
f 821/1123/855 800/1099/833 792/1083/822
f 803/1124/856 729/1001/760 726/1000/759
f 807/1125/857 729/1001/760 803/1124/856
f 822/1126/858 807/1125/857 812/1127/845
f 822/1126/858 812/1127/845 815/1128/850
f 823/1129/859 815/1128/850 819/1119/853
f 824/1130/860 819/1119/853 820/1122/854
f 822/1126/858 731/1002/761 729/1001/760
f 825/1131/861 822/1126/858 823/1129/859
f 806/1105/839 734/1006/765 827/1132/862
f 828/1133/863 806/1105/839 827/1132/862
f 811/1110/844 809/1107/841 828/1133/863
f 818/1118/852 814/1113/847 829/1134/864
f 830/1135/865 592/801/610 778/1067/808
f 786/1075/815 782/1074/814 835/1136/866
f 835/1136/866 778/1067/808 786/1075/815
f 791/1082/821 826/1137/867 832/1138/868
f 832/1138/868 782/1074/814 791/1082/821
f 826/1139/867 799/1091/830 833/1140/869
f 829/1134/864 811/1110/844 834/1141/870
f 831/1142/871 832/1138/868 836/1143/872
f 833/1140/869 796/1092/831 837/1144/873
f 734/1006/765 742/1021/778 839/1145/874
f 838/1146/875 833/1140/869 840/1147/876
f 839/1145/874 827/1132/862 734/1006/765
f 828/1133/863 827/1132/862 841/1148/877
f 834/1141/870 841/1148/877 842/1149/878
f 830/1135/865 835/1136/866 843/1150/879
f 843/1150/879 620/833/637 830/1135/865
f 844/1151/880 835/1136/866 831/1142/871
f 850/1152/881 829/1134/864 846/1153/882
f 837/1144/873 818/1118/852 850/1152/881
f 848/1154/883 844/1151/880 836/1143/872
f 839/1145/874 749/1022/779 849/1155/884
f 840/1147/876 837/1144/873 851/1156/885
f 838/1146/875 840/1147/876 852/1157/886
f 849/1155/884 845/1158/887 839/1145/874
f 853/1159/888 850/1152/881 846/1153/882
f 843/1150/879 854/1160/889 856/1161/890
f 664/902/687 843/1150/879 856/1161/890
f 856/1162/890 855/1163/891 857/1164/892
f 665/903/688 856/1162/890 857/1164/892
f 855/1165/891 854/1160/889 858/1166/893
f 859/1167/894 855/1163/891 858/1168/895
f 854/1160/889 848/1154/883 860/1169/896
f 860/1170/896 861/1171/897 862/1172/898
f 858/1168/893 860/1170/896 862/1172/898
f 859/1167/894 858/1168/895 862/1172/898
f 863/1173/899 749/1022/779 765/1047/795
f 864/1174/900 765/1175/795 766/1050/796
f 868/1176/901 850/1152/881 865/1177/902
f 852/1157/886 851/1156/885 868/1176/901
f 852/1157/886 866/1178/903 869/1179/904
f 860/1180/896 852/1157/886 869/1179/904
f 869/1179/904 867/1181/905 870/1182/906
f 861/1171/897 869/1183/904 870/1184/906
f 871/1185/907 861/1171/897 870/1184/906
f 872/1186/908 862/1187/898 871/1188/907
f 863/1173/899 845/1158/887 849/1155/884
f 864/1174/900 769/1056/799 873/1189/909
f 841/1148/877 845/1158/887 874/1190/910
f 875/1191/911 845/1158/887 863/1173/899
f 876/1192/912 863/1193/899 873/1189/909
f 877/1194/913 841/1148/877 874/1190/910
f 878/1195/914 874/1190/910 875/1191/911
f 879/1196/915 875/1191/911 876/1197/912
f 853/1159/888 842/1149/878 877/1194/913
f 853/1159/888 878/1195/914 880/1198/916
f 866/1178/903 853/1159/888 880/1198/916
f 880/1198/916 879/1196/915 881/1199/917
f 867/1181/905 880/1198/916 881/1199/917
f 882/1200/918 867/1201/905 881/1202/917
f 883/1203/919 867/1201/905 882/1200/918
f 884/1204/920 870/1205/906 883/1206/919
f 885/1207/921 871/1208/907 884/1209/920
f 886/1210/922 769/1056/799 771/1058/801
f 887/1211/923 876/1192/912 886/1210/922
f 882/1200/918 887/1211/923 888/1212/924
f 889/1213/925 882/1200/918 888/1212/924
f 890/1214/926 883/1203/919 889/1213/925
f 885/1215/921 884/1216/920 890/1217/926
f 891/1218/927 886/1210/922 773/1219/803
f 892/1220/928 888/1221/924 891/1222/927
f 890/1217/926 889/1223/925 892/1220/928
f 893/1224/929 773/1061/803 772/1060/802
f 892/1220/928 891/1222/927 893/1224/929
f 885/1215/921 890/1217/926 894/1225/930
f 680/931/704 776/1226/931 590/932/705
f 681/934/706 895/1227/932 680/930/703
f 677/936/708 896/1228/933 676/922/698
f 897/1229/934 776/1226/931 895/1230/935
f 898/1231/936 784/1087/826 897/1229/934
f 899/1232/937 793/1086/825 898/1231/936
f 900/1233/938 899/1234/937 681/934/706
f 699/962/727 901/1235/939 697/956/722
f 902/1236/940 665/965/730 857/1237/941
f 902/1238/940 857/1239/941 859/1240/942
f 903/1241/943 859/1240/942 872/1242/908
f 903/1241/943 872/1242/908 885/1243/921
f 903/1244/943 904/1245/944 901/1235/939
f 226/292/224 907/1246/945 908/1247/946
f 909/1248/947 905/1249/948 906/1250/949
f 909/1248/947 226/292/224 908/1247/946
f 906/1250/949 905/1249/948 911/1251/950
f 913/1252/951 907/1246/945 912/1253/952
f 913/1252/951 905/1249/948 908/1247/946
f 915/1254/953 910/1255/954 911/1251/950
f 912/1253/952 905/1249/948 913/1252/951
f 917/1256/955 914/1257/956 915/1254/953
f 918/1258/957 915/1254/953 912/1253/952
f 918/1258/957 916/1259/958 917/1256/955
f 958/1260/959 918/1258/957 1043/1261/960
f 920/1262/961 270/369/290 291/374/292
f 921/1263/962 291/1264/293 292/377/296
f 293/404/317 921/1263/962 292/377/296
f 924/1265/963 906/1250/949 923/1266/964
f 295/381/298 909/1248/947 924/1265/963
f 926/1267/965 286/365/286 925/1268/966
f 249/317/249 289/368/289 951/1269/967
f 290/370/291 919/1270/968 927/1271/969
f 920/1262/961 927/1271/969 919/1270/968
f 930/1272/970 920/1273/971 921/1263/962
f 931/1274/972 921/1263/962 922/1275/973
f 934/1276/974 928/1277/975 929/1278/976
f 934/1276/974 930/1279/970 935/1280/977
f 936/1281/978 930/1279/970 931/1282/972
f 938/1283/979 932/1284/980 933/1285/981
f 939/1286/982 933/1285/981 934/1276/974
f 939/1286/982 935/1280/977 940/1287/983
f 941/1288/984 910/1289/954 937/1290/985
f 941/1291/984 906/1250/949 911/1251/950
f 942/1292/986 937/1290/985 938/1283/979
f 923/1266/964 941/1291/984 942/1293/986
f 943/1294/987 938/1283/979 939/1286/982
f 923/1266/964 942/1293/986 943/1295/987
f 945/1296/988 289/368/289 290/1297/291
f 946/1298/989 927/1271/969 929/1299/990
f 947/1300/991 928/1301/992 933/1302/981
f 914/1303/956 932/1304/980 937/1305/985
f 925/1268/966 948/1306/993 949/1307/994
f 926/1267/965 949/1307/994 950/1308/995
f 951/1269/967 948/1306/993 285/364/285
f 945/1296/988 952/1309/996 289/368/289
f 946/1298/989 952/1310/996 945/1311/988
f 947/1300/991 952/1310/996 946/1298/989
f 916/1259/958 947/1312/991 914/1257/956
f 950/1308/995 949/1307/994 953/1313/997
f 956/1314/998 948/1306/993 955/1315/999
f 957/1316/1000 949/1307/994 956/1314/998
f 958/1260/959 951/1269/967 289/368/289
f 960/1317/1001 954/1318/1002 959/1319/1003
f 957/1316/1000 956/1314/998 961/1320/1004
f 964/1321/1005 958/1260/959 971/1322/1006
f 958/1260/959 959/1319/1003 954/1318/1002
f 958/1260/959 916/1259/958 918/1258/957
f 960/1317/1001 959/1319/1003 962/1323/1007
f 956/1314/998 960/1317/1001 966/1324/1008
f 961/1320/1004 966/1324/1008 963/1325/1009
f 964/1321/1005 962/1323/1007 959/1319/1003
f 960/1317/1001 965/1326/1010 966/1324/1008
f 964/1321/1005 968/1327/1011 965/1326/1010
f 964/1321/1005 965/1326/1010 962/1323/1007
f 970/1328/1012 966/1324/1008 969/1329/1013
f 924/1265/963 923/1266/964 972/1330/1014
f 295/381/298 924/1265/963 972/1330/1014
f 974/1331/1015 923/1332/964 943/1294/987
f 974/1331/1015 940/1287/983 973/1333/1016
f 961/1320/1004 963/1325/1009 975/1334/1017
f 311/402/315 288/367/288 287/366/287
f 312/1335/1018 922/1275/973 293/404/317
f 311/402/315 926/1267/965 978/1336/1019
f 979/1337/1020 922/1275/973 976/1338/1021
f 980/1339/1022 931/1282/972 979/1340/1020
f 981/1341/1023 936/1281/978 980/1339/1022
f 974/1331/1015 973/1333/1016 981/1341/1023
f 978/1336/1019 944/1342/1024 982/1343/1025
f 944/1342/1024 950/1308/995 983/1344/1026
f 983/1344/1026 953/1313/997 984/1345/1027
f 985/1346/1028 984/1345/1027 953/1313/997
f 985/1346/1028 961/1320/1004 986/1347/1029
f 975/1334/1017 967/1348/1030 987/1349/1031
f 970/1328/1012 987/1349/1031 967/1348/1030
f 990/1350/1032 326/424/332 989/1351/1033
f 344/445/348 325/428/334 990/1350/1032
f 346/446/349 976/1338/1021 312/1335/1018
f 347/448/350 992/1352/1034 346/446/349
f 993/1353/1035 345/452/347 991/1354/1036
f 992/1352/1034 979/1337/1020 976/1338/1021
f 993/1355/1037 994/1356/1038 992/1352/1034
f 993/1357/1035 991/1358/1036 995/1359/1039
f 980/1339/1022 994/1360/1038 996/1361/1040
f 996/1361/1040 995/1362/1041 997/1363/1042
f 981/1341/1023 980/1339/1022 996/1361/1040
f 981/1341/1023 997/1363/1042 998/1364/1043
f 999/1365/1044 977/1366/1045 974/1367/1015
f 991/1368/1036 990/1350/1032 1000/1369/1046
f 995/1370/1039 1000/1369/1046 1001/1371/1047
f 1003/1372/1048 342/441/345 1002/1373/1049
f 989/1351/1033 1003/1374/1048 1004/1375/1050
f 1005/1376/1051 989/1351/1033 1004/1375/1050
f 1000/1369/1046 990/1350/1032 1006/1377/1052
f 1002/1373/1049 982/1343/1025 984/1345/1027
f 986/1347/1029 1002/1373/1049 984/1345/1027
f 1007/1378/1053 1003/1372/1048 1002/1373/1049
f 1004/1375/1050 1003/1374/1048 1008/1379/1054
f 1008/1380/1054 1007/1378/1053 1009/1381/1055
f 1004/1375/1050 1008/1379/1054 1010/1382/1056
f 1005/1376/1051 1010/1382/1056 1011/1383/1057
f 1010/1384/1056 1012/1385/1058 1013/1386/1059
f 1014/1387/1060 1005/1376/1051 1011/1383/1057
f 988/1388/1061 1012/1385/1058 987/1349/1031
f 1015/1389/1062 1013/1386/1059 1012/1385/1058
f 1011/1383/1057 1013/1390/1059 1016/1391/1063
f 1017/1392/1064 1011/1383/1057 1016/1391/1063
f 1014/1387/1060 1011/1383/1057 1017/1392/1064
f 972/1330/1014 1018/1393/1065 1020/1394/1066
f 370/495/379 972/1330/1014 1020/1394/1066
f 371/1395/380 1020/1394/1066 1019/1396/1067
f 367/490/375 1019/1397/1067 1031/1398/1068
f 997/1363/1042 1021/1399/1069 1022/1400/1070
f 998/1364/1043 1022/1400/1070 1024/1401/1071
f 1024/1401/1071 1023/1402/1072 1025/1403/1073
f 999/1404/1044 1024/1401/1071 1027/1405/1074
f 1027/1406/1074 977/1366/1045 999/1365/1044
f 1027/1405/1074 1025/1403/1073 1028/1407/1075
f 1028/1408/1075 977/1366/1045 1027/1406/1074
f 1028/1409/1075 1026/1410/1076 1029/1411/1077
f 1018/1393/1065 1028/1408/1075 1029/1412/1077
f 1030/1413/1078 1018/1414/1065 1029/1411/1077
f 1031/1398/1068 1019/1397/1067 1030/1413/1078
f 1021/1415/1079 1001/1371/1047 1032/1416/1080
f 1033/1417/1081 1021/1415/1079 1032/1416/1080
f 1034/1418/1082 1023/1419/1072 1033/1417/1081
f 1035/1420/1083 1026/1410/1076 1034/1418/1082
f 1036/1421/1084 1030/1413/1078 1035/1420/1083
f 1032/1416/1080 1006/1377/1052 1037/1422/1085
f 1033/1417/1081 1037/1422/1085 1038/1423/1086
f 1039/1424/1087 1034/1418/1082 1038/1423/1086
f 1036/1421/1084 1035/1420/1083 1039/1424/1087
f 1037/1422/1085 1005/1376/1051 1040/1425/1088
f 1039/1424/1087 1038/1423/1086 1040/1425/1088
f 372/497/381 912/1253/952 907/1246/945
f 1045/1426/1089 1048/1427/1090 1047/1428/1091
f 1045/1426/1089 1047/1428/1091 1044/1429/1092
f 1046/1430/1093 1048/1427/1090 1045/1426/1089
f 1051/1431/1094 1048/1427/1090 1050/1432/1095
f 1049/1433/1096 1052/1434/1097 1050/1432/1095
f 1049/1433/1096 1050/1432/1095 1048/1427/1090
f 1055/1435/1098 968/1327/1011 1054/1436/1099
f 970/1328/1012 969/1329/1013 1056/1437/1100
f 1058/1438/1101 971/1322/1006 1057/1439/1102
f 971/1322/1006 1054/1436/1099 968/1327/1011
f 958/1260/959 1041/1440/1103 1059/1441/1104
f 1055/1435/1098 1060/1442/1105 1061/1443/1106
f 969/1329/1013 1061/1443/1106 1062/1444/1107
f 1058/1438/1101 1063/1445/1108 1060/1442/1105
f 1058/1438/1101 1060/1442/1105 1054/1436/1099
f 1067/1446/1109 1063/1445/1108 1066/1447/1110
f 1061/1443/1106 1067/1446/1109 1068/1448/1111
f 1065/1449/1112 1069/1450/1113 1066/1447/1110
f 1065/1449/1112 1066/1447/1110 1063/1445/1108
f 1071/1451/1114 1067/1452/1109 1070/1453/1115
f 1059/1441/1104 1069/1450/1113 1065/1449/1112
f 1066/1447/1110 1072/1454/1116 1073/1455/1117
f 1071/1451/1114 1070/1453/1115 1074/1456/1118
f 1042/1457/1119 1044/1429/1092 1072/1454/1116
f 1042/1457/1119 1072/1454/1116 1069/1450/1113
f 1076/1458/1120 1073/1459/1117 1075/1460/1121
f 1077/1461/1122 1070/1453/1115 1076/1458/1120
f 1078/1462/1123 1044/1429/1092 1047/1428/1091
f 1080/1463/1124 1078/1464/1123 1079/1465/1125
f 1080/1463/1124 1079/1465/1125 1081/1466/1126
f 1082/1467/1127 1051/1468/1094 1053/1469/1128
f 1064/1470/1129 1068/1448/1111 1083/1471/1130
f 1071/1451/1114 1083/1472/1130 1068/1473/1111
f 1084/1474/1131 1074/1456/1118 1085/1475/1132
f 1086/1476/1133 1074/1456/1118 1077/1461/1122
f 1087/1477/1134 1077/1461/1122 1076/1458/1120
f 1088/1478/1135 1076/1458/1120 1080/1463/1124
f 1089/1479/1136 1088/1478/1135 1081/1466/1126
f 988/1388/1061 1056/1437/1100 1090/1480/1137
f 1056/1437/1100 1062/1444/1107 1091/1481/1138
f 1064/1470/1129 1091/1481/1138 1062/1444/1107
f 1093/1482/1139 988/1388/1061 1090/1480/1137
f 1094/1483/1140 1015/1389/1062 1093/1482/1139
f 1017/1484/1064 1094/1483/1140 1095/1485/1141
f 1014/1387/1060 1095/1486/1141 1096/1487/1142
f 1092/1488/1143 1093/1482/1139 1091/1481/1138
f 1092/1489/1143 1094/1490/1140 1093/1491/1139
f 1098/1492/1144 1097/1493/1145 1094/1483/1140
f 1098/1492/1144 1092/1488/1143 1083/1471/1130
f 1084/1494/1131 1098/1492/1144 1083/1471/1130
f 1084/1494/1131 1099/1495/1146 1098/1492/1144
f 1100/1496/1147 1084/1474/1131 1085/1475/1132
f 1086/1476/1133 1100/1496/1147 1085/1475/1132
f 1101/1497/1148 1089/1479/1136 1082/1467/1127
f 1107/1498/1149 348/251/187 1014/1387/1060
f 1102/1499/1150 1096/1487/1142 1097/1500/1145
f 1096/1487/1142 1102/1499/1150 1103/1501/1151
f 1102/1502/1150 1099/1495/1146 1104/1503/1152
f 1100/1504/1147 1104/1503/1152 1099/1495/1146
f 1105/1505/1153 1103/1501/1151 1104/1506/1152
f 1103/1501/1151 1105/1505/1153 1106/1507/1154
f 1107/1498/1149 1014/1387/1060 1106/1507/1154
f 1109/1508/1155 1104/1503/1152 1108/1509/1156
f 1086/1476/1133 1108/1510/1156 1100/1496/1147
f 1110/1511/1157 1109/1508/1155 1108/1509/1156
f 1111/1512/1158 1106/1507/1154 1109/1513/1155
f 1106/1507/1154 1111/1512/1158 1112/1514/1159
f 1111/1515/1158 1113/1516/1160 1114/1517/1161
f 1088/1478/1135 1110/1518/1157 1086/1476/1133
f 1088/1478/1135 1113/1519/1160 1110/1518/1157
f 1115/1520/1162 1114/1521/1161 1113/1519/1160
f 1116/1522/1163 1112/1514/1159 1114/1523/1161
f 1112/1514/1159 1116/1522/1163 1117/1524/1164
f 1118/1525/1165 1112/1514/1159 1117/1524/1164
f 1115/1520/1162 1089/1479/1136 1119/1526/1166
f 1120/1527/1167 1115/1520/1162 1119/1526/1166
f 1116/1528/1163 1120/1529/1167 1121/1530/1168
f 1101/1497/1148 1119/1526/1166 1089/1479/1136
f 1101/1497/1148 1120/1527/1167 1119/1526/1166
f 1122/1531/1169 1121/1532/1168 1120/1527/1167
f 1123/1533/1170 1117/1524/1164 1121/1534/1168
f 1125/1535/1171 1127/1536/1172 1126/1537/1173
f 1124/1538/1174 1128/1539/1175 1127/1536/1172
f 1126/1540/1173 1130/1541/1176 1131/1542/1177
f 1127/1543/1172 1132/1544/1178 1133/1545/1179
f 1134/1546/1180 1130/1541/1176 1133/1545/1179
f 1043/1261/960 1049/1433/1096 1046/1430/1093
f 1043/1261/960 1124/1538/1174 1137/1547/1181
f 1135/1548/1182 1138/1549/1183 1052/1434/1097
f 1135/1548/1182 1052/1434/1097 1049/1433/1096
f 1053/1469/1128 1050/1550/1095 1139/1551/1184
f 1136/1552/1185 1138/1549/1183 1135/1548/1182
f 1137/1547/1181 1141/1553/1186 1142/1554/1187
f 1137/1547/1181 1140/1555/1188 1136/1552/1185
f 1124/1538/1174 1125/1535/1171 1143/1556/1189
f 1145/1557/1190 1138/1549/1183 1144/1558/1191
f 1139/1551/1184 1145/1559/1190 1146/1560/1192
f 1053/1469/1128 1146/1560/1192 1147/1561/1193
f 1140/1555/1188 1148/1562/1194 1144/1558/1191
f 1140/1555/1188 1144/1558/1191 1138/1549/1183
f 1150/1563/1195 1145/1559/1190 1149/1564/1196
f 1142/1554/1187 1151/1565/1197 1152/1566/1198
f 1142/1554/1187 1148/1562/1194 1140/1555/1188
f 1153/1567/1199 1148/1568/1194 1152/1569/1198
f 1149/1564/1196 1144/1570/1191 1153/1567/1199
f 1141/1553/1186 1155/1571/1200 1151/1565/1197
f 1157/1572/1201 1152/1569/1198 1156/1573/1202
f 1158/1574/1203 1153/1567/1199 1157/1572/1201
f 1143/1556/1189 1159/1575/1204 1160/1576/1205
f 1160/1576/1205 1141/1553/1186 1143/1556/1189
f 1143/1556/1189 1126/1537/1173 1159/1575/1204
f 1162/1577/1206 1155/1578/1200 1161/1579/1207
f 1156/1573/1202 1162/1577/1206 1163/1580/1208
f 1164/1581/1209 1156/1573/1202 1163/1580/1208
f 1160/1576/1205 1165/1582/1210 1161/1583/1207
f 1160/1584/1205 1161/1579/1207 1155/1578/1200
f 1167/1585/1211 1162/1577/1206 1166/1586/1212
f 1159/1587/1204 1129/1588/1213 1168/1589/1214
f 1169/1590/1215 1165/1591/1210 1168/1589/1214
f 1170/1592/1216 1161/1579/1207 1169/1590/1215
f 1171/1593/1217 1166/1586/1212 1170/1592/1216
f 1172/1594/1218 1129/1588/1213 1131/1542/1177
f 1173/1595/1219 1168/1589/1214 1172/1594/1218
f 1174/1596/1220 1169/1590/1215 1173/1595/1219
f 1175/1597/1221 1131/1542/1177 1134/1546/1180
f 1176/1598/1222 1172/1594/1218 1175/1597/1221
f 1178/1599/1223 1158/1574/1203 1164/1581/1209
f 1179/1600/1224 1178/1599/1223 1167/1585/1211
f 1180/1601/1225 1082/1467/1127 1177/1602/1226
f 1181/1603/1227 1180/1601/1225 1147/1561/1193
f 1182/1604/1228 1147/1561/1193 1150/1563/1195
f 1183/1605/1229 1150/1563/1195 1154/1606/1230
f 1184/1607/1231 1158/1574/1203 1178/1599/1223
f 1185/1608/1232 1184/1607/1231 1179/1600/1224
f 1171/1593/1217 1185/1608/1232 1179/1600/1224
f 1187/1609/1233 1183/1605/1229 1158/1574/1203
f 1174/1596/1220 1188/1610/1234 1171/1593/1217
f 1186/1611/1235 1189/1612/1236 1174/1596/1220
f 1190/1613/1237 1107/1498/1149 1118/1525/1165
f 1107/1498/1149 1190/1613/1237 1191/1614/1238
f 1180/1601/1225 1122/1531/1169 1101/1497/1148
f 1192/1615/1239 1123/1616/1170 1121/1532/1168
f 1193/1617/1240 1118/1525/1165 1123/1533/1170
f 1190/1613/1237 1193/1617/1240 1194/1618/1241
f 1195/1619/1242 1190/1613/1237 1194/1618/1241
f 1196/1620/1243 1191/1614/1238 1195/1619/1242
f 1192/1615/1239 1181/1603/1227 1197/1621/1244
f 1198/1622/1245 1192/1615/1239 1197/1621/1244
f 1193/1623/1240 1198/1624/1245 1199/1625/1246
f 1182/1604/1228 1197/1621/1244 1181/1603/1227
f 1182/1604/1228 1198/1622/1245 1197/1621/1244
f 1200/1626/1247 1199/1627/1246 1198/1622/1245
f 1201/1628/1248 1194/1618/1241 1199/1629/1246
f 1183/1605/1229 1200/1626/1247 1182/1604/1228
f 1202/1630/1249 1201/1631/1248 1199/1627/1246
f 1203/1632/1250 1195/1619/1242 1201/1628/1248
f 1196/1620/1243 1203/1632/1250 1204/1633/1251
f 1202/1630/1249 1187/1609/1233 1205/1634/1252
f 1201/1631/1248 1205/1634/1252 1206/1635/1253
f 1203/1636/1250 1206/1637/1253 1207/1638/1254
f 1184/1607/1231 1205/1634/1252 1187/1609/1233
f 1184/1607/1231 1206/1635/1253 1205/1634/1252
f 1208/1639/1255 1207/1640/1254 1206/1635/1253
f 1185/1608/1232 1208/1639/1255 1184/1607/1231
f 1209/1641/1256 1207/1640/1254 1208/1639/1255
f 1188/1610/1234 1209/1641/1256 1185/1608/1232
f 1188/1610/1234 1210/1642/1257 1209/1641/1256
f 1189/1612/1236 1211/1643/1258 1188/1610/1234
f 1212/1644/1259 1107/1498/1149 1191/1614/1238
f 1191/1614/1238 1196/1620/1243 1213/1645/1260
f 1191/1614/1238 1213/1645/1260 1214/1646/1261
f 1213/1645/1260 1204/1633/1251 1215/1647/1262
f 1213/1645/1260 1215/1647/1262 1216/1648/1263
f 1214/1646/1261 1216/1648/1263 1217/1649/1264
f 1214/1646/1261 1217/1649/1264 1218/1650/1265
f 1219/1651/1266 1204/1633/1251 1207/1652/1254
f 1210/1642/1257 1219/1653/1266 1207/1640/1254
f 1215/1654/1262 1219/1655/1266 1220/1656/1267
f 1221/1657/1268 1215/1647/1262 1220/1658/1267
f 1211/1643/1258 1220/1659/1267 1210/1642/1257
f 1222/1660/1269 1221/1661/1268 1220/1659/1267
f 1216/1662/1263 1221/1663/1268 1223/1664/1270
f 1224/1665/1271 1216/1648/1263 1223/1666/1270
f 1189/1612/1236 1222/1660/1269 1211/1643/1258
f 1225/1667/1272 1223/1668/1270 1222/1660/1269
f 1226/1669/1273 1224/1670/1271 1223/1668/1270
f 1217/1671/1264 1224/1672/1271 1227/1673/1274
f 1228/1674/1275 1217/1649/1264 1227/1675/1274
f 1186/1611/1235 1225/1667/1272 1189/1612/1236
f 1186/1611/1235 1226/1669/1273 1225/1667/1272
f 1229/1676/1276 1227/1677/1274 1226/1669/1273
f 1230/1678/1277 1228/1679/1275 1227/1677/1274
f 1218/1680/1265 1228/1681/1275 1231/1682/1278
f 1232/1683/1279 1218/1650/1265 1231/1684/1278
f 1233/1685/1280 723/994/754 731/1002/761
f 1236/1686/1281 730/1687/1282 723/994/754
f 1237/1688/1283 1233/1685/1280 1234/1689/1284
f 1238/1690/1285 1233/1685/1280 1237/1688/1283
f 1242/1691/1286 1236/1686/1281 1233/1685/1280
f 1243/1692/1287 1233/1685/1280 1238/1690/1285
f 1246/1693/1288 1238/1690/1285 1239/1694/1289
f 1246/1695/1288 1244/1696/1290 1243/1697/1287
f 1240/1698/1291 1246/1695/1288 1239/1699/1289
f 1240/1698/1291 1245/1700/1292 1244/1696/1290
f 1248/1701/1293 730/1687/1282 1236/1686/1281
f 1249/1702/1294 1236/1686/1281 1242/1691/1286
f 1252/1703/1295 1242/1691/1286 1243/1692/1287
f 1252/1704/1295 1250/1705/1296 1249/1706/1294
f 1244/1696/1290 1252/1704/1295 1243/1697/1287
f 1245/1700/1292 1250/1705/1296 1244/1696/1290
f 1254/1707/1297 1248/1701/1293 1249/1702/1294
f 1250/1705/1296 1254/1708/1298 1249/1706/1294
f 1251/1709/1299 1255/1710/1300 1250/1711/1296
f 102/1712/99 1235/1713/1301 1451/1714/1302
f 1258/1715/1303 1248/1701/1293 1254/1707/1297
f 1259/1716/1304 1254/1717/1298 1255/1710/1300
f 1260/1718/1305 1255/1710/1300 1256/1719/1306
f 1260/1718/1305 1256/1719/1306 1257/1720/1307
f 1261/1721/1308 1257/1720/1307 1251/1709/1299
f 1247/1722/1309 1264/1723/1310 1245/1700/1292
f 1265/1724/1311 1241/1725/1312 1263/1726/1313
f 1266/1727/1314 1261/1728/1308 1253/1729/1315
f 1266/1727/1314 1245/1700/1292 1264/1723/1310
f 1267/1730/1316 1262/1731/1317 1257/1720/1307
f 1268/1732/1318 1261/1728/1308 1266/1727/1314
f 1271/1733/1319 1264/1723/1310 1265/1724/1311
f 1270/1734/1320 1268/1732/1318 1264/1723/1310
f 1272/1735/1321 1267/1730/1316 1261/1721/1308
f 1273/1736/1322 1267/1730/1316 1274/1737/1323
f 1276/1738/1324 1275/1739/1325 1270/1734/1320
f 1277/1740/1326 1270/1734/1320 1275/1739/1325
f 1272/1741/1321 1268/1732/1318 1277/1740/1326
f 1279/1742/1327 1274/1737/1323 1272/1735/1321
f 1278/1743/1328 1280/1744/1329 1274/1737/1323
f 767/1051/797 750/1035/780 1281/1745/1330
f 1281/1746/1330 499/661/508 1282/1747/1331
f 774/1064/805 767/1051/797 1283/1748/1332
f 1285/1749/1333 775/1062/804 774/1064/805
f 760/1750/1334 497/659/506 1212/1644/1259
f 1287/1751/1335 774/1064/805 1286/1752/1336
f 1288/1753/1337 774/1064/805 1287/1751/1335
f 1290/1754/1338 1283/1748/1332 1289/1755/1339
f 1291/1756/1340 1286/1752/1336 1290/1754/1338
f 1294/1757/1341 1287/1751/1335 1291/1756/1340
f 1296/1758/1342 1281/1745/1330 1295/1759/1343
f 1297/1760/1344 1289/1755/1339 1296/1758/1342
f 1299/1761/1345 1290/1754/1338 1297/1760/1344
f 1292/1762/1346 1275/1739/1325 1276/1738/1324
f 1298/1763/1347 1277/1740/1326 1275/1739/1325
f 1298/1763/1347 1292/1762/1346 1293/1764/1348
f 1300/1765/1349 1293/1766/1348 1294/1767/1341
f 1300/1768/1349 1291/1756/1340 1299/1761/1345
f 1303/1769/1350 1296/1758/1342 1301/1770/1351
f 1304/1771/1352 1278/1743/1328 1279/1742/1327
f 1302/1772/1353 1278/1743/1328 1304/1771/1352
f 1302/1773/1353 1277/1740/1326 1298/1763/1347
f 1305/1774/1354 1298/1775/1347 1299/1776/1345
f 1305/1777/1354 1297/1760/1344 1303/1769/1350
f 1307/1778/1355 1278/1743/1328 1302/1772/1353
f 1308/1779/1356 1302/1772/1353 1303/1780/1350
f 1308/1781/1357 1301/1770/1351 1306/1782/1358
f 825/1131/861 1234/1689/1284 731/1002/761
f 1309/1783/1359 825/1131/861 824/1130/860
f 1310/1784/1360 824/1130/860 821/1123/855
f 1311/1785/1361 821/1123/855 802/1100/834
f 1309/1783/1359 1312/1786/1362 825/1131/861
f 1312/1786/1362 1313/1787/1363 1234/1689/1284
f 1309/1783/1359 1314/1788/1364 1312/1786/1362
f 1315/1789/1365 1237/1688/1283 1313/1787/1363
f 1315/1790/1366 1240/1698/1291 1239/1699/1289
f 1316/1791/1367 1241/1725/1312 1240/1698/1291
f 1319/1792/1368 1315/1793/1366 1318/1794/1369
f 1320/1795/1370 1316/1796/1367 1319/1792/1368
f 1322/1797/1371 1319/1792/1368 1321/1798/1372
f 1314/1788/1364 1318/1799/1373 1313/1787/1363
f 1323/1800/1374 1321/1798/1372 1318/1794/1369
f 1324/1801/1375 1322/1797/1371 1321/1798/1372
f 1327/1802/1376 1323/1800/1374 1326/1803/1377
f 1328/1804/1378 1324/1801/1375 1327/1802/1376
f 1309/1783/1359 1329/1805/1379 1314/1788/1364
f 1328/1804/1378 1327/1802/1376 1331/1806/1380
f 1329/1805/1379 1330/1807/1381 1326/1808/1377
f 1333/1809/1382 1330/1810/1381 1332/1811/1383
f 1334/1812/1384 1327/1802/1376 1333/1809/1382
f 1309/1783/1359 1332/1813/1385 1329/1805/1379
f 1310/1784/1360 1335/1814/1386 1309/1783/1359
f 1333/1809/1382 1336/1815/1387 1337/1816/1388
f 1334/1812/1384 1337/1816/1388 1338/1817/1389
f 1335/1814/1386 1336/1818/1390 1332/1813/1385
f 1339/1819/1391 1337/1816/1388 1336/1815/1387
f 1341/1820/1392 1337/1816/1388 1340/1821/1393
f 1310/1784/1360 1339/1822/1394 1335/1814/1386
f 1311/1785/1361 1342/1823/1395 1310/1784/1360
f 1340/1824/1393 1344/1825/1396 1345/1826/1397
f 1346/1827/1398 1340/1824/1393 1345/1826/1397
f 1347/1828/1399 1341/1829/1392 1346/1827/1398
f 1342/1823/1395 1344/1830/1400 1339/1822/1394
f 1342/1831/1395 1345/1832/1397 1344/1833/1400
f 1346/1827/1398 1345/1826/1397 1349/1834/1401
f 1347/1828/1399 1349/1834/1401 1350/1835/1402
f 1349/1834/1401 1345/1826/1397 1351/1836/1403
f 1354/1837/1404 1317/1838/1405 1320/1795/1370
f 1355/1839/1406 1320/1795/1370 1322/1797/1371
f 1356/1840/1407 1322/1797/1371 1325/1841/1408
f 1357/1842/1409 1331/1806/1380 1334/1812/1384
f 1353/1843/1410 1263/1844/1313 1241/1845/1312
f 1359/1846/1411 1357/1842/1409 1338/1817/1389
f 1341/1829/1392 1359/1847/1411 1338/1848/1389
f 1341/1829/1392 1347/1828/1399 1360/1849/1412
f 1347/1828/1399 1350/1835/1402 1361/1850/1413
f 1358/1851/1414 1361/1850/1413 1350/1835/1402
f 1354/1837/1404 1362/1852/1415 1353/1843/1410
f 1362/1852/1415 1263/1844/1313 1353/1843/1410
f 1365/1853/1416 1328/1804/1378 1331/1806/1380
f 1363/1854/1417 1367/1855/1418 1354/1837/1404
f 1368/1856/1419 1364/1857/1420 1328/1804/1378
f 1263/1726/1313 1271/1733/1319 1265/1724/1311
f 1369/1858/1421 1357/1842/1409 1359/1846/1411
f 1366/1859/1422 1369/1858/1421 1359/1846/1411
f 1366/1860/1422 1360/1849/1412 1370/1861/1423
f 1370/1861/1423 1361/1850/1413 1371/1862/1424
f 1358/1851/1414 1371/1862/1424 1361/1850/1413
f 1367/1855/1418 1373/1863/1425 1362/1852/1415
f 1374/1864/1426 1363/1854/1417 1364/1857/1420
f 1263/1844/1313 1362/1852/1415 1373/1863/1425
f 1375/1865/1427 1374/1864/1426 1368/1856/1419
f 1376/1866/1428 1375/1865/1427 1365/1853/1416
f 1377/1867/1429 1365/1853/1416 1357/1842/1409
f 1379/1868/1430 1367/1855/1418 1363/1854/1417
f 1263/1726/1313 1276/1738/1324 1271/1733/1319
f 1381/1869/1431 1374/1864/1426 1375/1865/1427
f 1382/1870/1432 1370/1861/1423 1383/1871/1433
f 1383/1871/1433 1371/1862/1424 1384/1872/1434
f 1372/1873/1435 1384/1872/1434 1371/1862/1424
f 893/1224/929 772/1060/802 775/1062/804
f 1386/1874/1436 775/1062/804 1284/1875/1437
f 1387/1876/1438 893/1224/929 1386/1874/1436
f 885/1215/921 894/1225/930 1388/1877/1439
f 1389/1878/1440 1284/1875/1437 1285/1749/1333
f 1386/1874/1436 1389/1878/1440 1390/1879/1441
f 1391/1880/1442 1386/1874/1436 1390/1879/1441
f 1392/1881/1443 1285/1749/1333 1288/1753/1337
f 1389/1878/1440 1392/1881/1443 1394/1882/1444
f 1379/1868/1430 1393/1883/1445 1378/1884/1446
f 1396/1885/1447 1393/1883/1445 1395/1886/1448
f 1396/1887/1447 1389/1878/1440 1394/1882/1444
f 1397/1888/1449 1379/1868/1430 1374/1864/1426
f 1397/1888/1449 1395/1886/1448 1379/1868/1430
f 1398/1889/1450 1396/1885/1447 1395/1886/1448
f 1390/1879/1441 1396/1887/1447 1399/1890/1451
f 1400/1891/1452 1390/1879/1441 1399/1890/1451
f 1391/1880/1442 1400/1891/1452 1401/1892/1453
f 894/1225/930 1401/1892/1453 1402/1893/1454
f 1380/1894/1455 1292/1762/1346 1276/1738/1324
f 1404/1895/1456 1292/1762/1346 1403/1896/1457
f 1405/1897/1458 1293/1898/1348 1404/1899/1456
f 1405/1900/1458 1288/1753/1337 1294/1757/1341
f 1403/1901/1457 1373/1863/1425 1378/1884/1446
f 1393/1883/1445 1403/1901/1457 1378/1884/1446
f 1405/1900/1458 1393/1902/1445 1394/1882/1444
f 1398/1889/1450 1397/1888/1449 1381/1869/1431
f 1407/1903/1459 1381/1869/1431 1376/1866/1428
f 1407/1903/1459 1398/1889/1450 1381/1869/1431
f 1408/1904/1460 1406/1905/1461 1398/1889/1450
f 1400/1891/1452 1406/1906/1461 1409/1907/1462
f 1410/1908/1463 1376/1866/1428 1377/1867/1429
f 1410/1908/1463 1408/1904/1460 1407/1903/1459
f 1411/1909/1464 1409/1910/1462 1408/1904/1460
f 1401/1892/1453 1409/1907/1462 1412/1911/1465
f 1413/1912/1466 1401/1892/1453 1412/1911/1465
f 1388/1877/1439 1413/1912/1466 1414/1913/1467
f 1415/1914/1468 1377/1867/1429 1369/1858/1421
f 1416/1915/1469 1410/1908/1463 1415/1914/1468
f 1417/1916/1470 1411/1909/1464 1416/1915/1469
f 1382/1917/1432 1415/1914/1468 1369/1858/1421
f 1382/1917/1432 1416/1915/1469 1415/1914/1468
f 1413/1912/1466 1417/1918/1470 1418/1919/1471
f 1414/1913/1467 1418/1919/1471 1419/1920/1472
f 1420/1921/1473 1382/1870/1432 1383/1871/1433
f 1421/1922/1474 1416/1923/1469 1420/1921/1473
f 1419/1920/1472 1421/1924/1474 1422/1925/1475
f 1423/1926/1476 1383/1871/1433 1384/1872/1434
f 1421/1922/1474 1420/1921/1473 1423/1926/1476
f 1423/1926/1476 1384/1872/1434 1385/1927/1477
f 1422/1925/1475 1421/1924/1474 1424/1928/1478
f 1425/1929/1479 1311/1930/1361 899/1234/937
f 1426/1931/1480 896/1228/933 677/936/708
f 1427/1932/1481 900/1233/938 896/1228/933
f 1425/1933/1479 1343/1934/1482 1311/1935/1361
f 1425/1933/1479 1348/1936/1483 1343/1934/1482
f 900/1233/938 1428/1937/1484 1425/1929/1479
f 1428/1938/1484 1351/1939/1485 1348/1940/1483
f 1429/1941/1486 885/1243/921 1388/1942/1439
f 682/937/709 1733/1943/1487 686/1944/1488
f 1430/1945/1489 682/937/709 696/957/723
f 1431/1946/1490 904/1245/944 1429/1947/1486
f 1429/1948/1486 1419/1920/1491 1431/1949/1490
f 1432/1950/1492 730/1687/1282 1248/1701/1293
f 1434/1951/1493 1259/1716/1304 1260/1718/1305
f 1433/1952/1494 1435/1953/1495 1258/1954/1496
f 1434/1951/1493 1436/1955/1497 1433/1952/1494
f 1439/1956/1498 730/1687/1282 1438/1957/1499
f 1439/1956/1498 1235/1713/1301 704/969/734
f 1432/1950/1492 1438/1957/1499 730/1687/1282
f 1435/1958/1495 1440/1959/1500 1432/1950/1492
f 1437/1960/1501 1441/1961/1502 1436/1955/1497
f 1447/1962/1503 1441/1961/1502 1442/1963/1504
f 1446/1964/1505 1435/1953/1495 1441/1961/1502
f 1443/1965/1506 1447/1962/1503 1442/1963/1504
f 1449/1966/1507 1446/1964/1505 1444/1967/1508
f 1444/1967/1508 1446/1964/1505 1441/1961/1502
f 1450/1968/1509 1447/1962/1503 1448/1969/1510
f 1445/1970/1511 1452/1971/1512 1440/1959/1500
f 1449/1972/1507 1453/1973/1513 1445/1970/1511
f 1455/1974/1514 1449/1966/1507 1444/1967/1508
f 1456/1975/1515 1444/1967/1508 1447/1962/1503
f 1450/1968/1509 1456/1975/1515 1447/1962/1503
f 1457/1976/1516 1455/1977/1514 1458/1978/1517
f 1458/1978/1517 1456/1979/1515 1459/1980/1518
f 1451/1981/1302 1235/1982/1301 1460/1983/1519
f 1454/1984/1520 1461/1985/1521 1453/1973/1513
f 1457/1986/1516 1462/1987/1522 1454/1984/1520
f 1460/1983/1519 1463/1988/1523 1128/1539/1175
f 1460/1983/1519 1464/1989/1524 1463/1988/1523
f 1235/1713/1301 1465/1990/1525 1464/1991/1524
f 1439/1956/1498 1465/1990/1525 1235/1713/1301
f 1452/1971/1512 1466/1992/1526 1438/1957/1499
f 1461/1985/1521 1467/1993/1527 1452/1971/1512
f 1462/1987/1522 1467/1993/1527 1461/1985/1521
f 1128/1994/1175 1469/1995/1528 1470/1996/1529
f 1471/1997/1530 1132/1544/1178 1470/1996/1529
f 1472/1998/1531 1133/1545/1179 1471/1997/1530
f 1463/1999/1523 1473/2000/1532 1474/2001/1533
f 1475/2002/1534 1469/1995/1528 1474/2001/1533
f 1476/2003/1535 1470/1996/1529 1475/2002/1534
f 1496/2004/1536 1471/1997/1530 1476/2003/1535
f 1464/2005/1524 1477/2006/1537 1478/2007/1538
f 1479/2008/1539 1473/2000/1532 1478/2007/1538
f 1480/2009/1540 1474/2001/1533 1479/2008/1539
f 1485/2010/1541 1475/2002/1534 1480/2009/1540
f 1496/2004/1536 1476/2003/1535 1485/2010/1541
f 1466/2011/1526 1481/2012/1542 1482/2013/1543
f 1466/1992/1526 1477/2014/1537 1465/1990/1525
f 1483/2015/1544 1477/2006/1537 1482/2016/1543
f 1484/2017/1545 1478/2007/1538 1483/2015/1544
f 1485/2010/1541 1479/2008/1539 1484/2017/1545
f 1467/1993/1527 1481/2018/1542 1466/1992/1526
f 1487/2019/1546 1481/2020/1547 1486/2021/1548
f 1488/2022/1549 1482/2016/1543 1487/2019/1546
f 1489/2023/1550 1483/2015/1544 1488/2022/1549
f 1485/2010/1541 1484/2017/1545 1489/2023/1550
f 1468/2024/1551 1486/2025/1552 1467/1993/1527
f 1491/2026/1553 1487/2019/1546 1486/2021/1548
f 1262/1731/1317 1434/1951/1493 1260/1718/1305
f 1443/1965/1506 1437/1960/1501 1492/2027/1554
f 1496/2004/1536 1134/1546/1180 1472/1998/1531
f 1490/2028/1555 1508/2029/1556 1496/2004/1536
f 1497/2030/1557 1492/2027/1554 1434/1951/1493
f 1498/2031/1558 1493/2032/1559 1443/1965/1506
f 1450/1968/1509 1493/2032/1559 1499/2033/1560
f 1499/2033/1560 1494/2034/1561 1450/1968/1509
f 1269/2035/1562 1497/2030/1557 1262/1731/1317
f 1501/2036/1563 1498/2031/1558 1492/2027/1554
f 1497/2030/1557 1269/2035/1562 1273/1736/1322
f 1496/2004/1536 1186/1611/1235 1176/1598/1222
f 1504/2037/1564 1501/2036/1563 1497/2030/1557
f 1505/2038/1565 1498/2031/1558 1501/2036/1563
f 1499/2033/1560 1493/2032/1559 1506/2039/1566
f 1506/2039/1566 1494/2034/1561 1499/2033/1560
f 1500/2040/1567 1494/2041/1561 1507/2042/1568
f 1280/1744/1329 1504/2037/1564 1273/1736/1322
f 1509/2043/1569 1505/2038/1565 1504/2037/1564
f 1510/2044/1570 1493/2032/1559 1498/2031/1558
f 1502/2045/1571 1500/2040/1567 1512/2046/1572
f 1514/2047/1573 1280/1744/1329 1307/1778/1355
f 1515/2048/1574 1307/1778/1355 1308/1779/1356
f 1295/2049/1343 1282/1747/1331 1516/2050/1575
f 1306/1782/1576 1516/2051/1575 1517/2052/1577
f 1518/2053/1578 1509/2043/1569 1514/2047/1573
f 1519/2054/1579 1514/2047/1573 1515/2048/1574
f 1515/2055/1574 1517/2056/1577 1519/2057/1579
f 1282/1747/1331 760/1750/1334 1520/2058/1580
f 1518/2053/1578 1510/2044/1570 1505/2038/1565
f 1519/2054/1579 1521/2059/1581 1518/2053/1578
f 1519/2057/1579 1517/2056/1577 1522/2060/1582
f 1521/2059/1581 1511/2061/1583 1510/2044/1570
f 1522/2062/1582 1523/2063/1584 1521/2059/1581
f 1522/2060/1582 1517/2056/1577 1524/2064/1585
f 1525/2065/1586 1523/2066/1584 1524/2064/1585
f 1517/2052/1577 1516/2051/1575 1526/2067/1587
f 1524/2064/1585 1526/2068/1587 1527/2069/1588
f 1523/2063/1584 1507/2070/1568 1506/2039/1566
f 1525/2071/1586 1528/2072/1589 1523/2063/1584
f 1525/2065/1586 1527/2069/1588 1529/2073/1590
f 1530/2074/1591 1507/2042/1568 1528/2075/1589
f 1531/2076/1592 1528/2077/1589 1529/2073/1590
f 1526/2067/1587 1516/2051/1575 1532/2078/1593
f 1527/2069/1588 1532/2079/1593 1533/2080/1594
f 1529/2073/1590 1533/2080/1594 1534/2081/1595
f 1530/2074/1591 1513/2082/1596 1512/2046/1572
f 1531/2076/1592 1534/2081/1595 1535/2083/1597
f 1214/1646/1261 1218/1650/1265 1536/2084/1598
f 1212/1644/1259 1536/2084/1598 1537/2085/1599
f 1538/2086/1600 1212/1644/1259 1537/2085/1599
f 1539/2087/1601 760/1750/1334 1538/2086/1600
f 1540/2088/1602 1520/2058/1580 1539/2087/1601
f 1541/2089/1603 1516/2051/1575 1540/2090/1602
f 1533/2091/1594 1541/2089/1603 1542/2092/1604
f 1534/2081/1595 1542/2093/1604 1543/2094/1605
f 1535/2083/1597 1543/2094/1605 1544/2095/1606
f 1508/2029/1556 1229/1676/1276 1186/1611/1235
f 1545/2096/1607 1230/1678/1277 1229/1676/1276
f 1546/2097/1608 1231/2098/1278 1230/1678/1277
f 1547/2099/1609 1232/2100/1279 1231/2098/1278
f 1536/2101/1598 1232/2102/1279 1548/2103/1610
f 1549/2104/1611 1536/2084/1598 1548/2105/1610
f 1508/2029/1556 1546/2097/1608 1545/2096/1607
f 1550/2106/1612 1547/2099/1609 1546/2097/1608
f 1551/2107/1613 1548/2108/1610 1547/2099/1609
f 1552/2109/1614 1549/2110/1611 1548/2108/1610
f 1537/2111/1599 1549/2112/1611 1553/2113/1615
f 1554/2114/1616 1537/2115/1599 1553/2116/1615
f 1503/2117/1617 1550/2106/1612 1508/2029/1556
f 1555/2118/1618 1552/2109/1614 1551/2107/1613
f 1556/2119/1619 1538/2086/1600 1554/2120/1616
f 1754/2121/1620 1551/2107/1613 1503/2117/1617
f 1557/2122/1621 1539/2123/1601 1556/2124/1619
f 1558/2125/1622 1540/2090/1602 1557/2122/1621
f 1559/2126/1623 1541/2089/1603 1558/2125/1622
f 1349/1834/1401 1560/2127/1624 1561/2128/1625
f 1352/2129/1626 1561/2128/1625 1562/2130/1627
f 1567/2131/1628 1564/2132/1629 1568/2133/1630
f 1568/2134/1630 1565/2135/1631 1569/2136/1632
f 1569/2136/1632 1560/2127/1624 1568/2134/1630
f 1569/2136/1632 1566/2137/1633 1570/2138/1634
f 1570/2138/1634 1561/2128/1625 1569/2136/1632
f 1564/2139/1629 1563/2140/1635 1571/2141/1636
f 1573/2142/1637 1565/2135/1631 1572/2143/1638
f 1574/2144/1639 1563/2145/1640 1567/2146/1641
f 1575/2147/1642 1567/2146/1643 1568/2148/1644
f 1577/2149/1645 1571/2141/1636 1580/2150/1646
f 1572/2143/1638 1577/2149/1645 1578/2151/1647
f 1572/2143/1638 1564/2139/1629 1577/2149/1645
f 1581/2152/1648 1578/2151/1647 1579/2153/1649
f 1573/2142/1637 1572/2143/1638 1581/2152/1648
f 1582/2154/1650 1571/2155/1651 1574/2144/1639
f 1583/2156/1652 1574/2144/1639 1575/2147/1642
f 1584/2157/1653 1458/1978/1517 1585/2158/1654
f 1585/2158/1654 1459/1980/1518 1586/2159/1655
f 1590/2160/1656 1588/2161/1657 1589/2162/1658
f 1592/2163/1659 1587/2164/1660 1588/2161/1657
f 1592/2165/1659 1576/2166/1661 1591/2167/1662
f 1593/2168/1663 1588/2161/1657 1590/2160/1656
f 1593/2168/1663 1577/2169/1645 1592/2163/1659
f 1593/2168/1663 1590/2160/1656 1594/2170/1664
f 1594/2170/1664 1579/2171/1649 1593/2168/1663
f 1595/2172/1665 1576/2173/1661 1580/2174/1666
f 1584/2175/1653 1462/1987/1522 1457/1986/1516
f 1597/2176/1667 1585/2158/1654 1586/2159/1655
f 1599/2177/1668 1585/2158/1654 1600/2178/1669
f 1600/2178/1669 1597/2176/1667 1601/2179/1670
f 1602/2180/1671 1597/2176/1667 1598/2181/1672
f 1603/2182/1673 1600/2178/1669 1604/2183/1674
f 1604/2183/1674 1601/2179/1670 1605/2184/1675
f 1605/2184/1675 1602/2180/1671 1606/2185/1676
f 1608/2186/1677 1603/2182/1673 1604/2183/1674
f 1608/2186/1677 1587/2164/1660 1607/2187/1678
f 1609/2188/1679 1604/2183/1674 1605/2184/1675
f 1609/2188/1679 1588/2161/1657 1608/2186/1677
f 1609/2188/1679 1606/2185/1676 1610/2189/1680
f 1610/2189/1680 1589/2162/1658 1609/2188/1679
f 1611/2190/1681 1587/2191/1660 1591/2192/1662
f 1612/2193/1682 1591/2192/1662 1595/2172/1665
f 1613/2194/1683 1595/2172/1665 1582/2154/1650
f 1583/2156/1652 1613/2194/1683 1582/2154/1650
f 1596/2195/1684 1468/2024/1551 1462/1987/1522
f 1599/2196/1685 1468/2024/1551 1596/2195/1684
f 1468/2024/1551 1599/2196/1685 1603/2197/1686
f 1615/2198/1687 1603/2197/1686 1607/2199/1678
f 1615/2198/1687 1607/2199/1678 1611/2190/1681
f 1616/2200/1688 1611/2190/1681 1612/2193/1682
f 1617/2201/1689 1612/2193/1682 1613/2194/1683
f 1614/2202/1690 1617/2201/1689 1613/2194/1683
f 1621/2203/1691 1488/2022/1549 1487/2019/1546
f 1622/2204/1692 1489/2023/1550 1488/2022/1549
f 1623/2205/1693 1468/2024/1551 1615/2198/1687
f 1621/2203/1691 1491/2026/1553 1623/2206/1694
f 1623/2205/1693 1615/2198/1687 1616/2200/1688
f 1625/2207/1695 1622/2204/1692 1621/2203/1691
f 1626/2208/1696 1624/2209/1697 1622/2204/1692
f 1628/2210/1698 1616/2200/1688 1617/2201/1689
f 1628/2211/1698 1625/2212/1695 1623/2213/1694
f 1618/2214/1699 1628/2211/1698 1617/2215/1689
f 1629/2216/1700 1626/2208/1696 1625/2207/1695
f 1619/2217/1701 1629/2218/1700 1618/2214/1699
f 1630/2219/1702 1627/2220/1703 1626/2208/1696
f 1620/2221/1704 1630/2222/1702 1619/2217/1701
f 1633/2223/1705 1566/2137/1633 1632/2224/1706
f 1562/2130/1627 1570/2138/1634 1633/2223/1705
f 1566/2137/1633 1573/2142/1637 1634/2225/1707
f 1634/2225/1707 1581/2152/1648 1635/2226/1708
f 1586/2159/1655 1459/1980/1518 1495/2227/1709
f 1590/2160/1656 1637/2228/1710 1638/2229/1711
f 1598/2181/1672 1586/2159/1655 1636/2230/1712
f 1606/2185/1676 1602/2180/1671 1640/2231/1713
f 1610/2189/1680 1640/2231/1713 1641/2232/1714
f 1637/2228/1710 1610/2189/1680 1641/2232/1714
f 1358/1851/1414 1562/2130/1627 1642/2233/1715
f 1633/2223/1705 1632/2224/1706 1643/2234/1716
f 1643/2234/1716 1634/2225/1707 1644/2235/1717
f 1502/2045/1571 1495/2227/1709 1500/2040/1567
f 1594/2170/1664 1638/2229/1711 1647/2236/1718
f 1647/2236/1718 1645/2237/1719 1594/2170/1664
f 1598/2181/1672 1636/2230/1712 1502/2045/1571
f 1639/2238/1720 1598/2181/1672 1648/2239/1721
f 1651/2240/1722 1490/2028/1555 1624/2209/1697
f 1652/2241/1723 1627/2220/1703 1631/2242/1724
f 1654/2243/1725 1645/2244/1719 1653/2245/1726
f 1644/2235/1717 1635/2226/1708 1654/2243/1725
f 1649/2246/1727 1639/2238/1720 1655/2247/1728
f 1656/2248/1729 1651/2240/1722 1627/2220/1703
f 1372/1873/1435 1642/2233/1715 1657/2249/1730
f 1633/2223/1705 1643/2234/1716 1658/2250/1731
f 1642/2233/1715 1633/2223/1705 1659/2251/1732
f 1660/2252/1733 1656/2248/1729 1652/2241/1723
f 1658/2250/1731 1644/2235/1717 1661/2253/1734
f 1647/2236/1718 1646/2254/1735 1662/2255/1736
f 1662/2255/1736 1653/2256/1726 1647/2236/1718
f 1650/2257/1737 1649/2246/1727 1663/2258/1738
f 1637/2228/1710 1650/2257/1737 1664/2259/1739
f 1664/2259/1739 1646/2254/1735 1637/2228/1710
f 1372/1873/1435 1657/2249/1730 1665/2260/1740
f 1657/2249/1730 1659/2251/1732 1666/2261/1741
f 1658/2250/1731 1661/2253/1734 1667/2262/1742
f 1666/2261/1741 1658/2250/1731 1668/2263/1743
f 1667/2262/1742 1654/2243/1725 1670/2264/1744
f 1670/2264/1744 1653/2245/1726 1669/2265/1745
f 1648/2239/1721 1502/2045/1571 1513/2082/1596
f 1655/2247/1728 1648/2239/1721 1672/2266/1746
f 1649/2246/1727 1655/2247/1728 1673/2267/1747
f 1711/2268/1748 1503/2117/1617 1490/2028/1555
f 1651/2240/1722 1711/2268/1748 1490/2028/1555
f 1674/2269/1749 1385/1927/1477 1665/2260/1740
f 1675/2270/1750 1423/2271/1476 1674/2272/1749
f 1674/2269/1749 1666/2261/1741 1676/2273/1751
f 1675/2270/1750 1676/2274/1751 1677/2275/1752
f 1676/2273/1751 1668/2263/1743 1678/2276/1753
f 1678/2277/1753 1679/2278/1754 1680/2279/1755
f 1677/2275/1752 1678/2277/1753 1680/2279/1755
f 1678/2276/1753 1670/2264/1744 1681/2280/1756
f 1679/2278/1754 1681/2281/1756 1682/2282/1757
f 1683/2283/1758 1679/2278/1754 1682/2282/1759
f 1662/2255/1736 1646/2254/1735 1687/2284/1760
f 1669/2265/1745 1662/2285/1736 1687/2286/1760
f 1687/2284/1760 1646/2254/1735 1684/2287/1761
f 1685/2288/1762 1686/2289/1763 1688/2290/1764
f 1669/2291/1745 1685/2292/1762 1689/2293/1765
f 1681/2280/1756 1669/2265/1745 1689/2294/1765
f 1689/2295/1765 1688/2296/1764 1690/2297/1766
f 1682/2282/1757 1689/2295/1765 1690/2297/1766
f 1683/2283/1758 1682/2282/1759 1690/2297/1766
f 1691/2298/1767 1513/2082/1596 1530/2074/1591
f 1692/2299/1768 1530/2300/1591 1535/2083/1597
f 1693/2301/1769 1671/2302/1770 1691/2298/1767
f 1694/2303/1771 1691/2298/1767 1692/2304/1768
f 1695/2305/1772 1672/2266/1746 1693/2301/1769
f 1696/2306/1773 1693/2301/1769 1694/2303/1771
f 1697/2307/1774 1673/2267/1747 1695/2305/1772
f 1698/2308/1775 1695/2305/1772 1696/2306/1773
f 1664/2259/1739 1697/2307/1774 1699/2309/1776
f 1685/2288/1762 1664/2259/1739 1699/2309/1776
f 1699/2309/1776 1698/2308/1775 1700/2310/1777
f 1686/2311/1763 1699/2312/1776 1700/2313/1777
f 1701/2314/1778 1686/2315/1763 1700/2316/1777
f 1702/2317/1779 1688/2318/1764 1701/2319/1778
f 1703/2320/1780 1690/2321/1766 1702/2322/1779
f 1692/2299/1781 1544/2095/1606 1704/2323/1782
f 1696/2324/1773 1704/2323/1782 1705/2325/1783
f 1706/2326/1784 1698/2327/1785 1705/2325/1783
f 1707/2328/1786 1701/2329/1778 1706/2330/1784
f 1708/2331/1787 1702/2332/1779 1707/2333/1786
f 1704/2334/1788 1559/2126/1623 1710/2335/1789
f 1712/2336/1790 1705/2337/1791 1710/2335/1789
f 1713/2338/1792 1706/2339/1784 1712/2336/1790
f 1708/2340/1787 1713/2338/1792 1717/2341/1793
f 1428/1938/1484 1560/2342/1794 1351/1939/1485
f 900/1233/938 1718/2343/1795 1428/1937/1484
f 1427/1932/1481 1719/2344/1796 900/1233/938
f 1720/2345/1797 1560/2342/1794 1718/2346/1798
f 1721/2347/1799 1575/2348/1642 1720/2349/1797
f 1722/2350/1800 1720/2351/1797 1719/2344/1796
f 1723/2352/1801 1583/2353/1652 1721/2354/1799
f 1722/2350/1800 1723/2355/1801 1721/2356/1799
f 1427/1932/1481 1724/2357/1802 1722/2350/1800
f 1726/2358/1803 1614/2359/1690 1723/2352/1801
f 1726/2358/1803 1619/2217/1701 1618/2214/1699
f 1724/2357/1802 1726/2360/1803 1723/2355/1801
f 1727/2361/1804 1620/2221/1704 1619/2217/1701
f 1725/2362/1805 1727/2363/1804 1724/2357/1802
f 1729/2364/1806 1620/2365/1704 1728/2366/1807
f 1730/2367/1808 1631/2368/1724 1620/2221/1704
f 1731/2369/1809 1725/2362/1805 1427/1932/1481
f 1732/2370/1810 1729/2364/1806 1725/2362/1805
f 1733/1943/1487 1731/2369/1809 1426/1931/1480
f 1734/2371/1811 1730/2372/1808 1729/2364/1806
f 1426/1931/1480 677/936/708 686/1944/1488
f 1735/2373/1812 1652/2374/1723 1730/2367/1808
f 1733/1943/1487 1732/2370/1810 1731/2369/1809
f 1736/2375/1813 1734/2371/1811 1732/2370/1810
f 1737/2376/1814 1660/2377/1733 1735/2373/1812
f 1738/2378/1815 1737/2379/1814 1734/2371/1811
f 1739/2380/1816 1430/1945/1489 904/1245/944
f 1740/2381/1817 904/1245/944 1431/1946/1490
f 1431/1949/1490 1675/2382/1818 1740/2383/1819
f 1741/2384/1820 1677/2385/1821 1680/2386/1822
f 1741/2387/1820 1680/2388/1822 1683/2389/1823
f 1741/2390/1824 1742/2391/1825 1739/2380/1816
f 1430/1945/1489 1736/2375/1813 1733/1943/1487
f 1743/2392/1826 1683/2389/1823 1703/2393/1780
f 1430/1945/1489 1744/2394/1827 1736/2375/1813
f 1742/2391/1825 1744/2394/1827 1430/1945/1489
f 1746/2395/1828 1742/2391/1825 1743/2396/1826
f 1746/2397/1828 1703/2398/1780 1708/2340/1787
f 1737/2376/1814 1714/2399/1829 1660/2377/1733
f 1737/2376/1814 1715/2400/1830 1714/2399/1829
f 1744/2394/1827 1737/2379/1814 1738/2378/1815
f 1748/2401/1831 1715/2400/1830 1747/2402/1832
f 1748/2403/1831 1744/2394/1827 1745/2404/1833
f 1749/2405/1834 1716/2406/1835 1748/2403/1831
f 1749/2405/1834 1745/2404/1833 1746/2395/1828
f 1749/2407/1834 1708/2340/1787 1717/2341/1793
f 1554/2114/1616 1750/2408/1836 1751/2409/1837
f 1555/2118/1618 1750/2410/1838 1553/2411/1615
f 1752/2412/1839 1751/2413/1840 1750/2410/1838
f 1554/2414/1616 1751/2415/1837 1753/2416/1841
f 1754/2121/1620 1752/2412/1839 1555/2118/1618
f 1755/2417/1842 1752/2412/1839 1754/2121/1620
f 1756/2418/1843 1556/2124/1619 1753/2419/1841
f 1757/2420/1844 1557/2122/1621 1756/2418/1843
f 1755/2417/1842 1754/2121/1620 1709/2421/1845
f 1758/2422/1846 1757/2423/1844 1755/2417/1842
f 1759/2424/1847 1710/2335/1789 1757/2420/1844
f 1761/2425/1848 1656/2248/1729 1660/2252/1733
f 1714/2399/1829 1761/2426/1848 1660/2377/1733
f 1715/2400/1830 1761/2426/1848 1714/2399/1829
f 1761/2425/1848 1709/2421/1845 1760/2427/1849
f 1762/2428/1850 1715/2400/1830 1716/2429/1835
f 1763/2430/1851 1758/2422/1846 1762/2431/1850
f 1763/2432/1851 1716/2433/1835 1717/2434/1793
f 1763/2435/1851 1713/2338/1792 1759/2424/1847
f 5/1/1 4/183/7 1/2/2
f 2/4/3 1/8/2 7/5/4
f 9/7/6 4/9/7 3/198/137
f 9/7/6 7/5/4 1/8/2
f 11/10/8 8/6/5 7/5/4
f 11/10/8 10/14/12 6/11/9
f 12/12/10 11/10/8 7/5/4
f 14/13/11 13/16/14 10/14/12
f 15/15/13 14/13/11 11/10/8
f 15/15/13 16/18/16 13/16/14
f 19/19/17 5/1/1 2/3/3
f 17/20/18 8/2436/5 6/22/9
f 23/25/21 17/20/18 20/23/20
f 23/25/21 18/21/19 17/20/18
f 20/28/20 6/11/9 10/14/12
f 21/30/22 28/29/24 24/31/25
f 29/33/27 21/30/22 25/32/26
f 29/54/27 22/27/23 21/26/22
f 25/32/26 24/31/25 33/36/30
f 26/34/28 34/37/31 30/38/32
f 35/40/34 26/34/28 31/39/33
f 35/40/34 27/35/29 26/34/28
f 13/16/14 28/29/24 10/14/12
f 13/16/14 33/36/30 24/31/25
f 31/39/33 30/38/32 39/42/36
f 32/41/35 40/43/37 36/44/38
f 41/46/40 32/41/35 37/45/39
f 42/48/42 34/37/31 33/36/30
f 42/48/42 39/42/36 30/38/32
f 16/18/16 42/48/42 33/36/30
f 44/49/43 38/47/41 37/45/39
f 45/50/44 40/43/37 39/42/36
f 45/50/44 43/303/235 36/44/38
f 46/17/15 45/50/44 39/42/36
f 35/40/34 32/41/35 47/58/50
f 41/46/40 47/58/50 32/41/35
f 50/52/46 23/25/21 22/27/23
f 48/51/45 18/21/19 50/52/46
f 49/53/47 22/27/23 29/54/27
f 52/57/49 29/54/27 51/56/48
f 35/40/34 51/60/48 27/35/29
f 41/46/40 38/47/41 54/61/52
f 56/63/54 54/61/52 38/47/41
f 57/77/64 19/19/17 48/51/45
f 52/64/49 51/60/48 58/65/55
f 53/59/51 47/58/50 59/69/58
f 53/59/51 59/69/58 60/67/56
f 58/65/55 51/60/48 53/59/51
f 55/62/53 54/61/52 61/68/57
f 59/70/58 61/2437/57 63/71/59
f 65/75/62 62/72/60 63/71/59
f 57/77/64 48/51/45 66/2438/71
f 57/77/64 66/2438/71 67/78/65
f 69/80/66 67/94/65 68/81/67
f 50/52/46 49/53/47 72/83/69
f 48/51/45 72/83/69 73/2439/70
f 66/87/71 73/106/70 74/88/72
f 76/2440/74 68/2441/67 67/2442/65
f 77/95/75 70/82/68 68/81/67
f 71/240/177 70/82/68 77/95/75
f 49/2443/47 58/2444/55 78/2445/76
f 72/99/69 78/2446/76 79/100/77
f 81/2447/79 74/2448/72 73/2449/70
f 82/107/80 75/89/73 74/88/72
f 76/93/74 75/89/73 82/107/80
f 83/108/81 77/95/75 76/93/74
f 58/109/55 60/118/56 84/110/82
f 79/100/77 78/2446/76 85/111/83
f 87/116/85 80/101/78 79/100/77
f 81/105/79 80/101/78 87/116/85
f 83/108/81 82/107/80 81/105/79
f 88/2450/86 84/2451/82 60/2452/56
f 89/119/87 85/111/83 84/110/82
f 86/115/84 85/111/83 89/119/87
f 90/120/88 87/116/85 86/115/84
f 88/117/86 62/72/60 65/75/62
f 90/120/88 89/119/87 88/117/86
f 96/121/89 95/500/95 92/122/90
f 98/132/92 93/2453/91 92/2454/90
f 98/132/92 97/131/97 91/2455/93
f 99/134/94 95/2456/95 94/2457/383
f 99/134/94 98/132/92 92/2454/90
f 100/130/96 143/196/141 97/131/97
f 101/133/98 100/130/96 98/132/92
f 109/136/100 108/144/108 103/137/101
f 110/139/103 109/136/100 104/138/102
f 112/142/106 111/148/111 107/143/107
f 113/145/109 112/142/106 108/144/108
f 114/146/110 93/123/91 91/147/93
f 115/149/112 114/146/110 111/148/111
f 116/150/113 115/149/112 112/142/106
f 117/151/114 96/121/89 93/123/91
f 118/152/115 117/151/114 114/146/110
f 125/153/116 124/161/124 119/154/117
f 126/156/119 125/153/116 120/155/118
f 129/159/122 128/169/131 123/160/123
f 130/162/125 129/159/122 124/161/124
f 131/163/126 130/162/125 125/153/116
f 104/164/102 103/2458/101 132/165/127
f 134/2459/129 133/2460/128 127/2461/130
f 105/2462/104 104/164/102 133/166/128
f 135/171/132 134/167/129 128/169/131
f 106/141/105 105/140/104 134/167/129
f 136/172/133 135/171/132 129/159/122
f 137/194/134 108/2463/108 107/2464/107
f 137/194/134 132/165/127 103/2458/101
f 97/131/97 111/2465/111 91/2455/93
f 97/131/97 137/194/134 107/2464/107
f 120/179/118 119/186/117 138/180/135
f 121/157/120 139/2466/136 3/182/137
f 5/1/1 121/157/120 4/183/7
f 140/185/138 124/187/124 123/2467/123
f 140/185/138 138/180/135 119/186/117
f 141/200/139 128/2468/131 127/2469/130
f 141/200/139 140/185/138 123/2467/123
f 142/195/140 133/166/128 132/165/127
f 142/195/140 141/200/139 127/2469/130
f 137/194/134 143/196/141 142/195/140
f 144/197/142 139/181/136 138/180/135
f 144/197/142 9/7/6 3/198/137
f 145/199/143 144/197/142 138/180/135
f 146/201/144 145/199/143 141/200/139
f 100/130/96 146/201/144 143/196/141
f 147/202/145 12/12/10 9/7/6
f 146/201/144 147/202/145 145/199/143
f 102/135/99 15/15/13 146/201/144
f 151/207/150 126/156/119 150/205/148
f 152/206/149 131/163/126 126/156/119
f 150/205/148 122/158/121 148/203/146
f 153/208/151 106/141/105 136/172/133
f 116/150/113 113/145/109 154/209/152
f 149/204/147 116/150/113 155/210/153
f 156/211/154 148/203/146 19/19/17
f 158/217/160 110/139/103 153/208/151
f 154/209/152 110/139/103 158/217/160
f 157/212/155 136/172/133 152/206/149
f 153/208/151 157/212/155 159/2470/174
f 153/208/151 159/2470/174 160/213/156
f 162/214/157 160/213/156 161/215/158
f 158/217/160 153/208/151 162/214/157
f 164/218/161 162/214/157 163/216/159
f 154/209/152 158/217/160 164/218/161
f 154/209/152 164/218/161 165/219/162
f 155/210/153 154/209/152 166/220/163
f 151/207/150 150/205/148 167/221/164
f 170/222/165 167/221/164 168/223/166
f 171/225/167 168/242/166 169/226/168
f 152/206/149 151/207/150 170/222/165
f 152/206/149 170/222/165 171/224/167
f 174/228/170 171/224/167 172/229/169
f 175/230/171 159/2470/174 157/212/155
f 175/231/171 172/227/169 173/232/172
f 176/233/173 160/236/156 159/234/174
f 177/235/175 161/238/158 160/236/156
f 178/237/176 163/2471/159 161/238/158
f 156/211/154 57/77/64 69/79/66
f 167/239/164 70/82/68 71/240/177
f 180/243/179 169/226/168 168/242/166
f 181/244/180 172/227/169 169/226/168
f 173/232/172 172/227/169 181/244/180
f 182/245/181 176/233/173 173/232/172
f 177/235/175 176/233/173 182/245/181
f 183/246/182 178/237/176 177/235/175
f 184/247/183 179/241/178 71/240/177
f 180/243/179 179/241/178 184/247/183
f 186/248/184 181/244/180 180/243/179
f 185/249/185 182/245/181 181/244/180
f 183/246/182 182/245/181 185/249/185
f 186/248/184 184/247/183 77/95/75
f 185/249/185 186/248/184 83/108/81
f 185/249/185 83/108/81 348/251/187
f 165/219/162 163/216/159 187/252/188
f 166/220/163 165/219/162 188/253/189
f 190/254/190 188/253/189 189/255/191
f 155/210/153 166/220/163 190/254/190
f 193/257/193 190/254/190 191/256/192
f 194/258/194 191/256/192 192/259/195
f 149/204/147 155/210/153 193/257/193
f 197/261/197 193/257/193 194/258/194
f 198/262/198 194/258/194 195/260/196
f 199/263/199 195/260/196 196/264/200
f 187/266/188 163/2471/159 178/237/176
f 203/268/203 188/2472/189 187/266/188
f 189/269/191 188/2472/189 203/268/203
f 205/271/205 191/2473/192 189/269/191
f 192/272/195 191/2473/192 205/271/205
f 207/274/207 195/2474/196 192/272/195
f 196/275/200 195/2474/196 207/274/207
f 209/277/209 200/2475/201 196/275/200
f 201/278/210 200/2475/201 209/277/209
f 202/267/202 178/237/176 183/246/182
f 183/246/182 203/268/203 202/267/202
f 204/270/204 203/268/203 183/246/182
f 211/250/186 205/271/205 204/270/204
f 206/273/206 205/271/205 211/250/186
f 212/280/212 207/274/207 206/273/206
f 208/276/208 207/274/207 212/280/212
f 213/281/213 209/277/209 208/276/208
f 210/279/211 209/277/209 213/281/213
f 215/284/216 214/283/215 46/17/15
f 46/17/15 15/15/13 215/284/216
f 217/285/217 215/284/216 219/286/218
f 217/285/217 219/286/218 218/289/221
f 215/284/216 222/290/222 219/286/218
f 223/293/225 220/288/220 221/287/219
f 221/287/219 222/290/222 225/291/223
f 223/293/225 221/287/219 226/292/224
f 223/293/225 227/294/226 224/295/227
f 36/44/38 43/303/235 231/296/228
f 44/49/43 232/297/229 228/298/230
f 233/300/232 44/49/43 229/299/231
f 46/17/15 234/302/234 45/50/44
f 236/304/236 230/301/233 229/299/231
f 235/305/237 232/297/229 231/296/228
f 228/298/230 235/305/237 237/306/238
f 240/308/240 235/305/237 231/296/228
f 240/308/240 237/306/238 235/305/237
f 234/302/234 46/17/15 240/308/240
f 238/307/239 237/306/238 244/309/241
f 242/311/243 245/310/242 241/316/248
f 242/311/243 236/304/236 238/307/239
f 246/312/244 239/393/308 236/304/236
f 240/308/240 244/309/241 237/306/238
f 256/314/246 46/17/15 214/283/215
f 248/383/300 243/313/245 242/311/243
f 240/308/240 256/314/246 249/317/249
f 256/318/246 247/2476/247 251/319/250
f 247/315/247 216/282/214 252/321/252
f 254/323/253 242/311/243 241/316/248
f 255/325/255 248/383/300 242/311/243
f 249/317/249 253/324/254 241/316/248
f 258/373/256 256/372/246 250/2477/251
f 250/320/251 251/319/250 259/328/258
f 260/329/259 257/327/257 250/320/251
f 251/322/250 252/321/252 261/330/260
f 251/319/250 262/344/261 259/328/258
f 252/321/252 217/285/217 218/289/221
f 252/2478/252 265/2479/262 261/2480/260
f 266/333/263 262/337/261 261/334/260
f 266/333/263 267/338/265 263/336/264
f 267/338/265 268/398/312 264/339/266
f 258/326/256 257/327/257 270/369/290
f 260/329/259 259/328/258 271/341/268
f 272/342/269 270/369/290 257/327/257
f 275/343/270 271/341/268 259/328/258
f 276/351/271 272/353/276 271/2481/272
f 263/348/264 276/351/271 275/349/273
f 276/351/271 277/356/278 273/352/275
f 264/354/266 277/356/278 276/351/271
f 278/355/277 274/400/295 273/352/275
f 264/354/266 278/355/277 277/356/278
f 279/358/279 265/335/262 218/2482/221
f 266/333/263 265/335/262 279/358/279
f 267/338/265 266/333/263 280/359/280
f 268/398/312 267/338/265 281/360/281
f 282/362/283 279/358/279 220/2483/220
f 283/361/282 280/359/280 279/358/279
f 284/363/284 281/360/281 280/359/280
f 254/323/253 253/324/254 285/364/285
f 269/340/267 254/323/253 286/365/286
f 249/317/249 285/364/285 253/324/254
f 290/2484/291 289/2485/289 256/2486/246
f 273/352/275 292/2487/296 291/375/293
f 274/376/295 293/404/317 292/377/296
f 282/2488/283 220/288/220 224/295/227
f 283/2489/282 282/2488/283 224/295/227
f 284/363/284 283/361/282 294/380/297
f 295/381/298 294/388/297 224/295/227
f 268/398/312 297/397/302 264/339/266
f 298/384/301 296/382/299 255/325/255
f 288/367/288 298/384/301 269/340/267
f 233/300/232 230/301/233 300/389/304
f 301/390/305 56/63/54 44/49/43
f 302/391/306 300/389/304 230/301/233
f 303/392/307 302/391/306 236/304/236
f 305/394/309 303/392/307 239/393/308
f 305/394/309 243/313/245 304/2490/1852
f 306/395/310 304/2490/1852 243/313/245
f 296/382/299 306/395/310 248/383/300
f 297/385/302 309/399/313 278/355/277
f 309/399/313 308/434/316 274/400/295
f 310/401/314 307/396/311 268/398/312
f 284/363/284 310/401/314 281/360/281
f 308/403/316 312/1335/1018 293/404/317
f 295/381/298 313/494/378 299/387/303
f 301/390/305 300/389/304 314/405/318
f 54/61/52 56/63/54 301/390/305
f 63/74/59 54/61/52 314/405/318
f 318/410/322 314/405/318 300/389/304
f 315/406/319 314/405/318 318/410/322
f 319/411/323 316/408/320 315/416/319
f 64/76/63 316/408/320 319/411/323
f 321/2491/325 315/406/319 318/410/322
f 305/394/309 304/2490/1852 322/417/326
f 320/412/324 317/409/321 322/417/326
f 325/428/334 319/411/323 321/413/325
f 322/417/326 304/2490/1852 306/395/310
f 326/424/332 324/420/328 323/425/327
f 321/413/325 324/420/328 326/424/332
f 325/428/334 321/413/325 326/424/332
f 327/431/337 349/453/352 325/428/334
f 322/417/326 306/395/310 328/421/329
f 323/418/327 322/417/326 329/422/330
f 332/427/333 327/431/337 325/428/334
f 307/396/311 335/463/359 334/432/338
f 337/2492/365 333/2493/336 332/451/333
f 309/399/313 338/2494/340 336/433/339
f 338/2494/340 309/399/313 297/385/302
f 338/2495/340 339/2496/342 337/2497/341
f 339/2498/342 338/2494/340 297/385/302
f 310/401/314 335/463/359 307/396/311
f 341/440/344 328/421/329 298/384/301
f 342/441/345 329/422/330 328/421/329
f 343/442/346 330/423/331 329/422/330
f 344/445/348 331/429/335 325/428/334
f 345/444/347 332/427/333 331/429/335
f 346/446/349 312/1335/1018 308/403/316
f 347/448/350 346/446/349 336/447/339
f 347/450/351 337/2492/365 332/451/333
f 340/439/343 284/363/284 299/386/303
f 90/120/88 65/75/62 319/411/323
f 83/108/81 90/120/88 349/453/352
f 351/455/354 327/431/337 333/430/336
f 354/460/357 352/456/355 351/455/354
f 355/462/358 353/465/356 334/432/338
f 358/468/362 350/454/353 352/456/355
f 359/469/363 348/251/187 350/454/353
f 339/438/342 361/2499/367 360/2500/366
f 361/2499/367 339/438/342 334/432/338
f 361/476/369 353/459/356 333/458/336
f 362/479/370 355/462/358 335/463/359
f 363/2501/371 354/2502/357 355/2503/358
f 356/466/360 354/460/357 363/2504/371
f 340/439/343 365/484/373 363/480/371
f 357/467/361 356/466/360 364/2505/372
f 366/489/374 358/468/362 357/467/361
f 365/491/373 340/2506/343 299/387/303
f 369/493/377 364/488/372 365/491/373
f 366/486/374 364/488/372 369/493/377
f 313/494/378 370/495/379 369/493/377
f 370/495/379 371/1395/380 366/486/374
f 215/284/216 15/15/13 102/135/99
f 372/497/381 225/291/223 222/290/222
f 375/498/382 374/504/387 94/499/383
f 376/501/384 375/498/382 95/500/95
f 379/502/385 378/509/392 373/503/386
f 380/505/388 379/502/385 374/504/387
f 381/506/389 380/505/388 375/498/382
f 384/507/390 383/513/396 377/508/391
f 385/510/393 384/507/390 378/509/392
f 381/506/389 385/510/393 380/505/388
f 388/511/394 387/518/401 382/512/395
f 389/514/397 388/511/394 383/513/396
f 390/515/398 389/514/397 384/507/390
f 392/516/399 391/2507/412 386/517/400
f 393/519/402 392/516/399 387/518/401
f 394/520/403 393/519/402 388/511/394
f 390/515/398 394/520/403 389/514/397
f 392/516/399 395/705/414 391/2507/412
f 397/543/405 374/2508/387 373/2509/386
f 397/543/405 99/134/94 94/2457/383
f 398/2510/406 378/2511/392 377/2512/391
f 398/545/406 397/543/405 373/2509/386
f 400/528/407 383/2513/396 382/529/395
f 400/2514/407 398/2510/406 377/2512/391
f 402/2515/409 387/2516/401 386/2517/400
f 402/534/409 399/551/408 382/537/395
f 403/539/411 401/536/410 386/535/400
f 404/541/413 403/539/411 391/540/412
f 405/555/422 404/541/413 395/542/414
f 406/544/415 101/133/98 397/543/405
f 407/2518/416 400/528/407 399/530/408
f 407/556/416 406/544/415 398/545/406
f 409/549/417 402/534/409 401/536/410
f 409/549/417 407/970/416 399/551/408
f 410/552/419 408/550/418 401/536/410
f 411/553/420 410/552/419 403/539/411
f 412/554/421 411/553/420 404/541/413
f 411/553/420 413/564/429 410/552/419
f 414/566/425 413/564/429 411/553/420
f 418/557/423 414/566/425 411/553/420
f 418/558/423 419/561/426 415/559/424
f 419/561/426 420/589/448 416/562/427
f 420/589/448 417/571/433 416/562/427
f 410/552/419 421/573/435 408/550/418
f 422/563/428 421/573/435 410/552/419
f 424/565/430 422/563/428 413/564/429
f 424/567/430 425/576/437 423/568/431
f 415/559/424 425/576/437 424/567/430
f 426/570/432 425/576/437 415/559/424
f 423/568/431 428/575/436 427/574/434
f 428/581/436 430/590/449 429/579/440
f 426/570/432 430/2519/449 428/575/436
f 432/580/439 431/583/442 427/2520/434
f 429/579/440 433/584/443 432/580/439
f 434/586/445 433/584/443 429/579/440
f 409/549/417 408/550/418 435/2521/1853
f 421/573/435 435/2521/1853 408/550/418
f 433/584/443 437/585/444 436/582/441
f 438/587/446 376/501/384 96/121/89
f 417/571/433 441/593/452 426/570/432
f 443/594/453 442/591/450 440/597/451
f 430/590/449 440/597/451 442/591/450
f 426/570/432 440/592/451 430/2519/449
f 444/1003/762 437/585/444 434/586/445
f 441/593/452 447/600/457 446/596/455
f 447/600/457 441/593/452 417/571/433
f 445/595/454 118/152/115 149/204/147
f 439/588/447 449/606/463 448/599/456
f 450/602/459 434/586/445 443/594/453
f 451/601/458 444/1003/762 434/586/445
f 453/603/460 443/594/453 446/598/455
f 452/610/466 454/605/462 449/606/463
f 456/612/468 451/601/458 450/602/459
f 454/605/462 458/611/467 448/599/456
f 447/2522/457 459/687/523 455/608/464
f 459/2523/523 447/600/457 458/611/467
f 460/613/469 450/602/459 453/603/460
f 445/595/454 149/204/147 197/261/197
f 445/595/454 197/261/197 198/262/198
f 461/614/470 198/262/198 199/263/199
f 462/615/471 199/263/199 200/265/201
f 463/616/472 200/265/201 201/617/210
f 466/619/474 462/615/471 463/616/472
f 467/620/475 463/616/472 464/618/473
f 468/621/476 464/618/473 465/622/477
f 471/604/461 461/614/470 466/619/474
f 471/604/461 466/619/474 467/620/475
f 472/624/479 467/620/475 468/621/476
f 473/625/480 468/621/476 469/623/478
f 474/626/481 469/623/478 470/627/482
f 471/604/461 472/624/479 473/625/480
f 477/629/484 473/625/480 474/626/481
f 478/630/485 474/626/481 475/628/483
f 479/631/486 475/628/483 476/632/487
f 481/634/489 478/630/485 479/631/486
f 482/2524/490 479/2525/486 480/2526/488
f 593/642/493 477/629/484 481/634/489
f 485/643/494 464/2527/473 201/278/210
f 465/644/477 464/2527/473 485/643/494
f 487/646/496 469/2528/478 465/644/477
f 470/647/482 469/2528/478 487/646/496
f 489/649/498 475/2529/483 470/647/482
f 476/650/487 475/2529/483 489/649/498
f 491/652/500 480/2530/488 476/650/487
f 483/640/491 480/2531/488 491/653/500
f 484/641/492 483/640/491 492/654/501
f 496/658/505 485/643/494 210/279/211
f 486/645/495 485/643/494 496/658/505
f 497/659/506 487/646/496 486/645/495
f 488/648/497 487/646/496 497/659/506
f 498/660/507 489/649/498 488/648/497
f 490/651/499 489/649/498 498/660/507
f 491/652/500 490/651/499 499/661/508
f 492/663/501 491/652/500 500/662/509
f 493/665/502 492/2532/501 501/666/510
f 503/673/512 494/672/503 493/665/502
f 505/671/513 495/856/654 494/672/503
f 506/1023/514 500/662/509 499/661/508
f 507/677/516 502/667/511 501/666/510
f 509/676/515 503/673/512 502/667/511
f 508/678/517 454/605/462 457/609/465
f 510/683/519 509/676/515 508/2533/517
f 510/2534/519 508/678/517 504/679/518
f 510/683/519 505/671/513 503/673/512
f 511/684/520 501/666/510 506/675/514
f 507/677/516 501/666/510 511/684/520
f 512/688/522 459/2523/523 458/611/467
f 514/692/524 513/685/521 512/2535/522
f 514/689/524 512/2536/522 508/690/517
f 514/692/524 509/676/515 507/677/516
f 515/697/528 511/684/520 506/675/514
f 516/693/525 453/603/460 455/608/464
f 517/694/526 516/693/525 512/686/522
f 517/696/527 513/685/521 511/684/520
f 518/698/529 460/613/469 453/603/460
f 519/699/530 518/698/529 516/693/525
f 519/2537/530 517/696/527 515/697/528
f 520/1034/533 515/697/528 506/675/514
f 518/698/529 521/700/531 456/612/468
f 519/699/530 522/1026/532 521/700/531
f 522/701/532 519/2538/530 515/702/528
f 393/519/402 523/704/534 392/516/399
f 525/707/536 524/706/535 393/519/402
f 396/521/404 525/707/536 394/520/403
f 523/704/534 526/708/537 395/705/414
f 527/709/538 523/704/534 524/706/535
f 528/710/539 524/706/535 525/707/536
f 530/712/541 526/708/537 527/709/538
f 532/714/543 531/713/542 527/709/538
f 532/714/543 528/710/539 529/711/540
f 534/724/550 405/555/422 395/542/414
f 395/542/414 535/717/546 534/724/550
f 526/716/545 536/719/547 535/717/546
f 530/718/541 537/748/570 536/719/547
f 538/750/548 537/748/570 530/718/541
f 539/753/553 412/554/421 405/555/422
f 543/723/549 539/753/553 405/555/422
f 543/725/551 544/734/554 540/726/552
f 544/728/554 545/732/557 541/729/555
f 546/731/556 542/810/574 541/729/555
f 547/738/562 543/723/549 534/724/550
f 547/740/558 548/736/560 544/728/554
f 549/735/559 545/732/557 544/728/554
f 550/737/561 546/731/556 545/732/557
f 535/717/546 551/745/563 547/738/562
f 551/739/563 552/742/565 548/736/560
f 553/741/564 549/735/559 548/736/560
f 554/743/566 550/737/561 549/735/559
f 535/717/546 555/746/568 551/745/563
f 556/761/567 552/742/565 551/739/563
f 535/717/546 557/747/569 555/746/568
f 536/719/547 558/749/571 557/747/569
f 537/748/570 559/751/572 558/749/571
f 538/750/548 560/768/584 559/751/572
f 561/752/573 418/557/423 412/554/421
f 540/726/552 419/561/426 561/754/573
f 419/561/426 562/757/575 420/589/448
f 541/755/555 562/757/575 419/561/426
f 553/741/564 552/742/565 563/758/576
f 554/743/566 553/741/564 564/759/577
f 556/744/567 555/746/568 566/765/579
f 556/761/567 567/763/580 563/758/576
f 568/764/581 564/759/577 563/758/576
f 569/766/582 567/763/580 566/762/579
f 569/766/582 570/770/586 568/764/581
f 558/749/571 571/767/583 566/765/579
f 559/751/572 572/769/585 571/767/583
f 560/768/584 573/779/595 572/769/585
f 569/766/582 566/762/579 574/774/590
f 571/767/583 576/778/594 574/772/588
f 577/773/589 569/766/582 574/774/590
f 578/776/592 575/771/587 569/766/582
f 572/769/585 580/780/596 576/778/594
f 578/784/592 577/781/589 583/783/597
f 581/787/600 579/814/593 578/784/592
f 573/779/595 582/2539/604 580/780/596
f 578/784/592 583/783/597 584/785/598
f 581/787/600 578/784/592 585/786/599
f 580/780/596 587/2540/1854 583/789/602
f 587/790/603 588/796/606 584/791/598
f 582/793/604 588/929/702 587/794/605
f 585/786/599 589/800/609 586/788/601
f 585/786/599 588/2541/606 590/798/607
f 589/800/609 585/786/599 591/799/608
f 593/642/493 396/521/404 390/515/398
f 594/935/707 533/715/544 529/711/540
f 550/737/561 595/803/612 546/731/556
f 554/743/566 596/802/611 550/737/561
f 542/810/574 597/809/613 562/2542/575
f 597/804/613 439/588/447 420/589/448
f 565/760/578 596/802/611 554/743/566
f 568/764/581 598/805/614 565/760/578
f 570/770/586 599/807/616 598/805/614
f 575/771/587 599/807/616 570/770/586
f 579/777/593 600/806/615 575/771/587
f 546/731/556 601/808/617 542/810/574
f 603/829/619 602/828/618 600/2543/615
f 604/813/620 603/829/619 579/814/593
f 586/788/601 604/813/620 581/787/600
f 589/800/609 605/815/621 586/788/601
f 607/817/623 606/816/622 589/800/609
f 609/819/625 608/818/624 546/731/556
f 565/760/578 610/824/630 596/802/611
f 452/610/466 449/606/463 439/588/447
f 601/808/617 452/2544/466 597/809/613
f 610/824/630 565/760/578 611/820/626
f 612/822/628 594/935/707 529/711/540
f 627/821/627 525/707/536 396/521/404
f 613/823/629 529/711/540 627/821/627
f 596/802/611 614/825/631 609/819/625
f 616/827/633 615/2545/632 602/828/618
f 617/830/634 616/827/633 603/829/619
f 605/815/621 617/830/634 604/813/620
f 619/832/636 618/831/635 605/815/621
f 620/833/637 619/832/636 606/816/622
f 601/808/617 457/835/465 452/2544/466
f 608/818/624 622/836/639 601/808/617
f 609/819/625 623/837/640 622/836/639
f 599/807/616 624/877/672 611/820/626
f 624/877/672 599/807/616 615/826/632
f 626/839/642 482/635/490 625/2546/641
f 627/821/627 481/634/489 626/839/642
f 613/823/629 627/821/627 626/839/642
f 628/2547/643 626/2548/642 625/2549/641
f 612/822/628 613/823/629 628/840/643
f 631/2550/646 630/844/645 628/840/643
f 632/848/647 625/838/641 484/641/492
f 629/847/644 625/838/641 633/849/648
f 631/845/646 629/847/644 634/850/649
f 636/852/651 504/854/518 457/835/465
f 637/853/652 505/2551/513 504/854/518
f 622/836/639 638/858/656 636/852/651
f 639/857/655 637/853/652 636/852/651
f 639/859/657 632/862/660 495/856/654
f 623/837/640 640/860/658 638/858/656
f 640/860/658 641/864/662 639/857/655
f 614/825/631 642/863/661 640/860/658
f 642/863/661 643/867/665 641/864/662
f 610/824/630 644/866/664 642/863/661
f 644/866/664 645/2552/666 643/867/665
f 633/869/648 632/862/660 645/868/666
f 634/871/649 633/869/648 646/870/667
f 635/873/650 634/871/649 647/872/668
f 649/875/670 644/866/664 610/824/630
f 650/876/671 645/2552/666 644/866/664
f 624/877/672 651/879/674 649/875/670
f 652/878/673 650/876/671 649/875/670
f 646/870/667 645/868/666 650/880/671
f 653/2553/675 654/883/676 652/881/673
f 647/872/668 646/870/667 652/881/673
f 648/874/669 647/872/668 654/883/676
f 615/826/632 651/879/674 624/877/672
f 616/2554/633 656/2555/678 615/2556/632
f 653/882/675 651/879/674 615/826/632
f 657/2557/679 654/2558/676 653/2559/675
f 655/884/677 654/883/676 657/891/680
f 659/893/682 656/895/678 616/827/633
f 660/894/683 657/2560/679 656/895/678
f 659/2561/682 661/897/684 660/896/683
f 658/892/681 657/891/680 660/896/683
f 662/898/685 659/893/682 618/831/635
f 663/899/686 661/2562/684 659/900/682
f 664/902/687 662/898/685 619/832/636
f 665/903/688 663/899/686 662/901/685
f 666/905/689 531/713/542 532/714/543
f 667/906/690 532/714/543 533/715/544
f 666/911/689 668/913/692 538/915/548
f 669/910/691 668/913/692 666/911/689
f 670/918/695 669/910/691 667/912/690
f 668/913/692 671/919/696 560/914/584
f 672/916/693 671/919/696 668/913/692
f 673/917/694 672/916/693 669/910/691
f 671/919/696 674/926/699 573/920/595
f 675/921/697 674/926/699 671/919/696
f 676/922/698 675/921/697 672/916/693
f 674/923/699 678/928/700 582/793/604
f 675/921/697 679/927/701 678/925/700
f 678/2563/700 680/931/704 588/933/702
f 679/927/701 681/934/706 680/930/703
f 682/937/709 676/922/698 673/917/694
f 683/941/711 667/906/690 594/935/707
f 684/938/710 670/918/695 667/912/690
f 685/940/712 673/917/694 670/918/695
f 686/1944/1488 677/936/708 682/937/709
f 687/2564/714 683/941/711 612/822/628
f 688/942/713 684/938/710 683/939/711
f 689/944/715 685/940/712 684/938/710
f 690/945/716 687/2564/714 612/822/628
f 691/2565/717 690/945/716 630/844/645
f 690/948/716 692/950/718 688/942/713
f 691/949/717 693/953/719 692/950/718
f 691/946/717 631/845/646 635/851/650
f 694/952/720 689/944/715 688/942/713
f 693/953/719 695/959/721 694/952/720
f 693/951/719 635/851/650 648/954/669
f 696/957/723 682/937/709 689/944/715
f 694/952/720 696/957/723 689/944/715
f 695/960/721 648/874/669 655/884/677
f 698/958/724 697/956/722 694/952/720
f 695/960/721 655/884/677 658/892/725
f 698/961/726 658/892/725 661/897/1855
f 698/961/726 661/897/1855 663/963/728
f 421/573/435 700/966/731 435/2521/1853
f 431/577/438 701/973/737 700/966/731
f 436/582/441 702/968/733 701/967/732
f 437/585/444 703/971/735 702/968/733
f 704/969/734 409/549/417 435/2521/1853
f 702/968/733 705/972/736 701/967/732
f 703/971/735 706/977/741 705/972/736
f 700/966/731 707/974/738 435/2521/1853
f 701/973/737 708/983/747 707/974/738
f 709/975/739 708/2566/747 701/967/732
f 710/976/740 709/975/739 705/972/736
f 711/980/744 710/976/740 706/977/741
f 712/981/745 708/983/747 709/2567/739
f 714/979/743 713/978/742 710/976/740
f 708/983/747 715/982/746 707/974/738
f 712/981/745 716/995/755 715/982/746
f 717/984/748 716/2568/755 712/985/745
f 713/978/742 717/984/748 709/975/739
f 719/987/750 716/2569/755 717/988/748
f 720/989/751 717/988/748 713/990/742
f 721/991/752 713/990/742 718/992/749
f 707/974/738 723/994/754 435/2521/1853
f 715/982/746 724/996/756 723/994/754
f 716/995/755 725/998/757 724/996/756
f 719/997/750 726/1000/759 725/998/757
f 720/2570/751 726/1000/759 719/997/750
f 722/993/753 728/1104/838 727/999/758
f 725/998/757 729/1001/760 723/994/754
f 704/969/734 435/2521/1853 730/1687/1282
f 723/994/754 730/1687/1282 435/2521/1853
f 732/1004/763 714/979/743 711/980/744
f 722/993/753 734/1006/765 728/1104/838
f 735/1008/767 703/971/735 444/1003/762
f 736/1007/766 706/977/741 703/971/735
f 737/1014/772 711/980/744 736/1007/766
f 732/1004/763 711/980/744 737/1014/772
f 738/1009/768 718/986/749 732/1004/763
f 733/1005/764 718/992/749 738/1011/768
f 739/1010/769 732/1004/763 737/1014/772
f 740/1020/770 738/1009/768 739/1010/769
f 451/601/458 741/1013/771 735/1008/767
f 742/1021/778 733/1005/764 740/1012/770
f 741/1013/771 743/1015/773 736/1007/766
f 744/1017/775 741/1013/771 456/612/468
f 745/1016/774 743/1015/773 741/1013/771
f 746/1018/776 737/1014/772 743/1015/773
f 746/1018/776 747/1019/777 739/1010/769
f 747/1019/777 748/1043/792 740/1020/770
f 749/1022/779 740/1012/770 748/1048/792
f 520/1034/533 506/675/514 750/1035/780
f 751/1025/781 744/1017/775 456/612/468
f 522/1026/532 752/1028/782 751/1025/781
f 751/1025/781 753/1029/783 745/1016/774
f 752/1028/782 754/2571/784 753/1029/783
f 755/1031/785 746/1018/776 745/1016/774
f 756/2572/786 755/1031/785 753/1029/783
f 754/1030/784 520/703/533 757/1037/787
f 756/2572/786 759/2573/789 755/1031/785
f 756/1032/786 754/1030/784 758/1038/788
f 760/1750/1334 498/660/507 497/659/506
f 499/661/508 498/660/507 760/1750/1334
f 758/2574/788 757/1036/787 761/1040/790
f 755/1031/785 763/2575/793 748/1043/792
f 759/1039/789 764/1046/794 763/1044/793
f 759/1039/789 758/1038/788 762/1042/791
f 765/1047/795 749/1022/779 748/1048/792
f 766/1050/796 765/1175/795 763/1044/793
f 768/1055/798 764/1046/794 762/1042/791
f 766/1050/796 764/1046/794 768/1055/798
f 770/1063/800 761/1040/790 767/1051/797
f 770/2576/800 768/2577/798 761/2578/790
f 769/2579/799 768/2580/798 770/2581/800
f 771/1059/801 770/1063/800 772/1060/802
f 774/1064/805 770/1063/800 767/1051/797
f 775/1062/804 772/1060/802 770/1063/800
f 777/1065/806 591/799/608 590/798/607
f 778/1067/808 592/801/610 591/799/608
f 783/1068/809 779/2582/817 780/1069/810
f 784/1070/811 780/1069/810 781/2583/812
f 785/1073/813 777/1065/806 776/1066/807
f 785/1073/813 781/1072/812 782/1074/814
f 786/1075/815 778/1067/808 777/1065/806
f 787/1076/816 780/1081/810 779/1077/817
f 790/1079/819 781/1072/812 780/1081/810
f 791/1082/821 790/1079/819 788/1080/820
f 791/1082/821 782/1074/814 781/1072/812
f 792/1083/822 789/1098/818 779/1084/823
f 793/1086/825 792/1083/822 783/1085/824
f 797/1088/827 794/1115/849 795/1089/828
f 799/1091/830 798/1090/829 795/1089/828
f 799/1093/830 788/1080/820 787/1076/816
f 801/1097/832 800/1099/833 797/1121/827
f 801/1095/832 787/1076/816 789/1078/818
f 801/1095/832 798/1094/829 787/1076/816
f 792/1083/822 800/1099/833 789/1098/818
f 803/1101/835 726/2584/759 720/989/751
f 804/1102/836 720/989/751 727/999/758
f 805/1103/837 727/999/758 728/1104/838
f 808/1106/840 807/1109/843 803/1101/835
f 809/1107/841 808/1106/840 804/1102/836
f 811/1110/844 810/1108/842 808/1106/840
f 812/1111/845 807/1109/843 810/1108/842
f 813/1112/846 810/1108/842 811/1110/844
f 816/1114/848 815/1116/850 812/1111/845
f 816/1114/848 795/1089/828 794/1115/849
f 817/1117/851 816/1114/848 813/1112/846
f 796/1092/831 795/1089/828 816/1114/848
f 818/1118/852 817/1117/851 814/1113/847
f 819/1119/853 815/1128/850 794/1120/849
f 820/1122/854 819/1119/853 797/1121/827
f 821/1123/855 820/1122/854 800/1099/833
f 802/1100/834 821/1123/855 792/1083/822
f 807/1125/857 822/1126/858 729/1001/760
f 823/1129/859 822/1126/858 815/1128/850
f 824/1130/860 823/1129/859 819/1119/853
f 821/1123/855 824/1130/860 820/1122/854
f 822/1126/858 825/1131/861 731/1002/761
f 824/1130/860 825/1131/861 823/1129/859
f 791/1082/821 788/1080/820 826/1137/867
f 826/1139/867 788/2585/820 799/1091/830
f 806/1105/839 728/1104/838 734/1006/765
f 828/1133/863 809/1107/841 806/1105/839
f 829/1134/864 814/1113/847 811/1110/844
f 830/1135/865 607/817/623 592/801/610
f 835/1136/866 782/1074/814 831/1142/871
f 835/1136/866 830/1135/865 778/1067/808
f 832/1138/868 831/1142/871 782/1074/814
f 833/1140/869 799/1091/830 796/1092/831
f 834/1141/870 811/1110/844 828/1133/863
f 836/1143/872 832/1138/868 826/1137/867
f 837/1144/873 796/1092/831 818/1118/852
f 836/1143/872 826/1137/867 838/2586/875
f 734/1006/765 733/1005/764 742/1021/778
f 840/1147/876 833/1140/869 837/1144/873
f 838/1146/875 826/1139/867 833/1140/869
f 834/1141/870 828/1133/863 841/1148/877
f 829/1134/864 834/1141/870 842/1149/878
f 830/1135/865 620/833/637 607/817/623
f 836/1143/872 844/1151/880 831/1142/871
f 839/1145/874 845/1158/887 827/1132/862
f 841/1148/877 827/1132/862 845/1158/887
f 846/1153/882 829/1134/864 842/1149/878
f 850/1152/881 818/1118/852 829/1134/864
f 843/1150/879 835/1136/866 847/2587/1856
f 844/1151/880 847/2587/1856 835/1136/866
f 848/1154/883 836/1143/872 838/2586/875
f 839/1145/874 742/1021/778 749/1022/779
f 852/1157/886 840/1147/876 851/1156/885
f 853/1159/888 846/1153/882 842/1149/878
f 850/1152/881 851/1156/885 837/1144/873
f 843/1150/879 847/2587/1856 854/1160/889
f 664/902/687 620/833/637 843/1150/879
f 856/1161/890 854/1160/889 855/1165/891
f 665/903/688 664/904/687 856/1162/890
f 854/1160/889 847/2587/1856 844/1151/880
f 859/1167/894 857/1164/892 855/1163/891
f 848/1154/883 838/2586/875 860/1169/896
f 854/1160/889 844/1151/880 848/1154/883
f 858/1168/893 854/2588/889 860/1170/896
f 863/1173/899 849/1155/884 749/1022/779
f 864/2589/900 863/1173/899 765/1047/795
f 868/1176/901 851/1156/885 850/1152/881
f 868/1176/901 865/1177/902 866/1178/903
f 852/1157/886 868/1176/901 866/1178/903
f 860/1180/896 838/1146/875 852/1157/886
f 869/1179/904 866/1178/903 867/1181/905
f 861/1171/897 860/1170/896 869/1183/904
f 871/1185/907 862/1172/898 861/1171/897
f 872/2590/908 859/2591/894 862/2592/898
f 864/1174/900 873/1189/909 863/1193/899
f 864/1174/900 766/1050/796 769/1056/799
f 875/1191/911 874/1190/910 845/1158/887
f 876/1192/912 875/2593/911 863/1193/899
f 877/1194/913 842/1149/878 841/1148/877
f 878/1195/914 877/1194/913 874/1190/910
f 879/1196/915 878/1195/914 875/1191/911
f 865/1177/902 850/1152/881 853/1159/888
f 853/1159/888 877/1194/913 878/1195/914
f 866/1178/903 865/1177/902 853/1159/888
f 880/1198/916 878/1195/914 879/1196/915
f 867/1181/905 866/1178/903 880/1198/916
f 883/2594/919 870/2595/906 867/2596/905
f 884/2597/920 871/1185/907 870/1184/906
f 885/2598/921 872/2599/908 871/2600/907
f 886/1210/922 873/1189/909 769/1056/799
f 876/1192/912 873/1189/909 886/1210/922
f 887/1211/923 879/2601/915 876/1192/912
f 887/1211/923 881/1202/917 879/2601/915
f 882/1200/918 881/1202/917 887/1211/923
f 889/1213/925 883/1203/919 882/1200/918
f 890/1217/926 884/1216/920 883/2602/919
f 773/1219/803 886/1210/922 771/1058/801
f 891/1218/927 887/1211/923 886/1210/922
f 891/1222/927 888/1221/924 887/2603/923
f 892/1220/928 889/1223/925 888/1221/924
f 893/1224/929 891/1222/927 773/1061/803
f 894/1225/930 890/1217/926 892/1220/928
f 680/931/704 895/1230/935 776/1226/931
f 676/922/698 896/1228/933 681/934/706
f 897/1229/934 784/1087/826 776/1226/931
f 681/934/706 897/2604/1857 895/1227/932
f 898/1231/936 793/1086/825 784/1087/826
f 681/934/706 898/2605/936 897/2604/1857
f 899/1234/937 802/2606/834 793/2607/825
f 681/934/706 899/1234/937 898/2605/936
f 896/1228/933 900/1233/938 681/934/706
f 697/956/722 901/1235/939 696/957/723
f 699/962/727 902/2608/940 901/1235/939
f 902/1236/940 699/964/729 665/965/730
f 902/2608/940 903/1244/943 901/1235/939
f 903/1241/943 902/1238/940 859/1240/942
f 901/1235/939 904/1245/944 696/957/723
f 226/292/224 225/291/223 907/1246/945
f 909/1248/947 908/1247/946 905/1249/948
f 909/1248/947 227/294/226 226/292/224
f 913/1252/951 908/1247/946 907/1246/945
f 915/1254/953 911/1251/950 905/1249/948
f 915/1254/953 914/1257/956 910/1255/954
f 912/1253/952 915/1254/953 905/1249/948
f 917/1256/955 916/1259/958 914/1257/956
f 918/1258/957 917/1256/955 915/1254/953
f 290/370/291 270/369/290 919/1270/968
f 920/1262/961 919/1270/968 270/369/290
f 921/1263/962 920/1273/971 291/1264/293
f 293/404/317 922/1275/973 921/1263/962
f 924/1265/963 909/1248/947 906/1250/949
f 295/381/298 227/294/226 909/1248/947
f 925/1268/966 286/365/286 285/364/285
f 926/1267/965 287/366/287 286/365/286
f 249/317/249 951/1269/967 285/364/285
f 920/1262/961 929/1299/990 927/1271/969
f 930/1272/970 929/2609/1858 920/1273/971
f 931/1274/972 930/1272/970 921/1263/962
f 934/1276/974 933/1285/981 928/1277/975
f 934/1276/974 929/1278/976 930/1279/970
f 936/1281/978 935/1280/977 930/1279/970
f 938/1283/979 937/1290/985 932/1284/980
f 939/1286/982 938/1283/979 933/1285/981
f 939/1286/982 934/1276/974 935/1280/977
f 940/1287/983 935/1280/977 936/1281/978
f 941/1291/984 911/1251/950 910/1255/954
f 941/1291/984 923/1266/964 906/1250/949
f 942/1292/986 941/1288/984 937/1290/985
f 943/1294/987 942/1292/986 938/1283/979
f 943/1294/987 939/1286/982 940/1287/983
f 945/1311/988 290/370/291 927/1271/969
f 946/2610/989 929/2611/990 928/2612/992
f 946/1298/989 945/1311/988 927/1271/969
f 947/1312/991 933/2613/981 932/2614/980
f 947/1300/991 946/1298/989 928/1301/992
f 914/1257/956 937/2615/985 910/1255/954
f 914/1257/956 947/1312/991 932/2614/980
f 925/1268/966 285/364/285 948/1306/993
f 926/1267/965 925/1268/966 949/1307/994
f 944/1342/1024 926/1267/965 950/1308/995
f 951/1269/967 954/1318/1002 948/1306/993
f 916/1259/958 952/1309/996 947/1312/991
f 954/1318/1002 955/1315/999 948/1306/993
f 956/1314/998 949/1307/994 948/1306/993
f 957/1316/1000 953/1313/997 949/1307/994
f 289/368/289 952/1309/996 958/1260/959
f 958/1260/959 954/1318/1002 951/1269/967
f 916/1259/958 958/1260/959 952/1309/996
f 960/1317/1001 955/1315/999 954/1318/1002
f 956/1314/998 955/1315/999 960/1317/1001
f 958/1260/959 964/1321/1005 959/1319/1003
f 961/1320/1004 956/1314/998 966/1324/1008
f 960/1317/1001 962/1323/1007 965/1326/1010
f 963/1325/1009 966/1324/1008 967/1348/1030
f 969/1329/1013 966/1324/1008 965/1326/1010
f 970/1328/1012 967/1348/1030 966/1324/1008
f 971/1322/1006 968/1327/1011 964/1321/1005
f 1057/1439/1102 971/1322/1006 958/1260/959
f 973/1333/1016 940/1287/983 936/1281/978
f 974/1331/1015 943/1294/987 940/1287/983
f 975/1334/1017 963/1325/1009 967/1348/1030
f 312/1335/1018 976/1338/1021 922/1275/973
f 972/1330/1014 923/1266/964 977/1366/1045
f 313/494/378 295/381/298 972/1330/1014
f 311/402/315 287/366/287 926/1267/965
f 979/1337/1020 931/1274/972 922/1275/973
f 980/1339/1022 936/1281/978 931/1282/972
f 981/1341/1023 973/1333/1016 936/1281/978
f 974/1331/1015 977/2616/1045 923/1332/964
f 978/1336/1019 926/1267/965 944/1342/1024
f 982/1343/1025 944/1342/1024 983/1344/1026
f 983/1344/1026 950/1308/995 953/1313/997
f 957/1316/1000 985/1346/1028 953/1313/997
f 985/1346/1028 957/1316/1000 961/1320/1004
f 986/1347/1029 961/1320/1004 975/1334/1017
f 970/1328/1012 988/1388/1061 987/1349/1031
f 989/1351/1033 326/424/332 343/443/346
f 990/1350/1032 325/428/334 326/424/332
f 991/1368/1036 345/444/347 344/445/348
f 346/446/349 992/1352/1034 976/1338/1021
f 347/448/350 993/1355/1037 992/1352/1034
f 993/1353/1035 347/450/351 345/452/347
f 341/440/344 311/402/315 978/1336/1019
f 992/1352/1034 994/1356/1038 979/1337/1020
f 993/1355/1037 995/2617/1041 994/1356/1038
f 980/1339/1022 979/1340/1020 994/1360/1038
f 996/2618/1040 994/2619/1038 995/2620/1041
f 981/1341/1023 996/1361/1040 997/1363/1042
f 999/1404/1044 974/1331/1015 981/1341/1023
f 999/1404/1044 981/1341/1023 998/1364/1043
f 341/440/344 978/1336/1019 982/1343/1025
f 342/441/345 341/440/344 982/1343/1025
f 991/1368/1036 344/445/348 990/1350/1032
f 995/1370/1039 991/1368/1036 1000/1369/1046
f 1002/1373/1049 342/441/345 982/1343/1025
f 1003/1372/1048 343/442/346 342/441/345
f 989/1351/1033 343/443/346 1003/1374/1048
f 1005/1376/1051 990/1350/1032 989/1351/1033
f 1001/1371/1047 1000/1369/1046 1006/1377/1052
f 984/1345/1027 982/1343/1025 983/1344/1026
f 985/1346/1028 986/1347/1029 984/1345/1027
f 986/1347/1029 1007/1378/1053 1002/1373/1049
f 1007/1378/1053 1008/1380/1054 1003/1372/1048
f 1005/1376/1051 1006/1377/1052 990/1350/1032
f 1009/1381/1055 1007/1378/1053 986/1347/1029
f 1005/1376/1051 1004/1375/1050 1010/1382/1056
f 1009/1381/1055 986/1347/1029 975/1334/1017
f 1012/1385/1058 1008/1380/1054 1009/1381/1055
f 1010/1384/1056 1008/1380/1054 1012/1385/1058
f 1011/1383/1057 1010/1382/1056 1013/1390/1059
f 1009/1381/1055 975/1334/1017 987/1349/1031
f 1012/1385/1058 1009/1381/1055 987/1349/1031
f 988/1388/1061 1015/1389/1062 1012/1385/1058
f 1015/1389/1062 1016/2621/1063 1013/1386/1059
f 972/1330/1014 977/1366/1045 1018/1393/1065
f 370/495/379 313/494/378 972/1330/1014
f 1020/1394/1066 1018/1393/1065 1019/1396/1067
f 371/1395/380 370/495/379 1020/1394/1066
f 367/490/375 371/496/380 1019/1397/1067
f 997/2622/1042 995/2623/1041 1021/2624/1069
f 998/1364/1043 997/1363/1042 1022/1400/1070
f 1024/1401/1071 1022/1400/1070 1023/1402/1072
f 999/1404/1044 998/1364/1043 1024/1401/1071
f 1027/1405/1074 1024/1401/1071 1025/1403/1073
f 1028/1409/1075 1025/2625/1073 1026/1410/1076
f 1018/1393/1065 977/1366/1045 1028/1408/1075
f 1030/2626/1078 1019/1396/1067 1018/1393/1065
f 1021/1415/1079 995/1370/1039 1001/1371/1047
f 1033/1417/1081 1022/2627/1070 1021/1415/1079
f 1023/1419/1072 1022/2627/1070 1033/1417/1081
f 1034/1418/1082 1025/2625/1073 1023/1419/1072
f 1026/1410/1076 1025/2625/1073 1034/1418/1082
f 1035/1420/1083 1029/1411/1077 1026/1410/1076
f 1030/1413/1078 1029/1411/1077 1035/1420/1083
f 1036/1421/1084 1031/1398/1068 1030/1413/1078
f 1032/1416/1080 1001/1371/1047 1006/1377/1052
f 1033/1417/1081 1032/1416/1080 1037/1422/1085
f 1038/1423/1086 1034/1418/1082 1033/1417/1081
f 1039/1424/1087 1035/1420/1083 1034/1418/1082
f 1037/1422/1085 1006/1377/1052 1005/1376/1051
f 1040/1425/1088 1038/1423/1086 1037/1422/1085
f 348/251/187 1036/1421/1084 1039/1424/1087
f 1014/1387/1060 1040/1425/1088 1005/1376/1051
f 1039/1424/1087 1040/1425/1088 1014/1387/1060
f 1451/1981/1302 1043/1261/960 102/135/99
f 372/497/381 907/1246/945 225/291/223
f 372/497/381 918/1258/957 912/1253/952
f 372/497/381 102/135/99 918/1258/957
f 918/1258/957 102/135/99 1043/1261/960
f 359/469/363 367/490/375 1031/1398/1068
f 359/469/363 1031/1398/1068 1036/1421/1084
f 348/251/187 359/469/363 1036/1421/1084
f 1107/1498/1149 497/659/506 348/251/187
f 958/1260/959 1043/1261/960 1041/1440/1103
f 1042/1457/1119 1041/1440/1103 1045/1426/1089
f 1042/1457/1119 1045/1426/1089 1044/1429/1092
f 1041/1440/1103 1043/1261/960 1046/1430/1093
f 1041/1440/1103 1046/1430/1093 1045/1426/1089
f 1046/1430/1093 1049/1433/1096 1048/1427/1090
f 1051/1468/1094 1047/2628/1091 1048/2629/1090
f 1053/1469/1128 1051/1468/1094 1050/1550/1095
f 1055/1435/1098 965/1326/1010 968/1327/1011
f 969/1329/1013 965/1326/1010 1055/1435/1098
f 971/1322/1006 1058/1438/1101 1054/1436/1099
f 1057/1439/1102 958/1260/959 1059/1441/1104
f 1055/1435/1098 1054/1436/1099 1060/1442/1105
f 969/1329/1013 1055/1435/1098 1061/1443/1106
f 1056/1437/1100 969/1329/1013 1062/1444/1107
f 1058/1438/1101 1057/1439/1102 1063/1445/1108
f 1064/1470/1129 1062/1444/1107 1061/1443/1106
f 1057/1439/1102 1059/1441/1104 1065/1449/1112
f 1057/1439/1102 1065/1449/1112 1063/1445/1108
f 1067/1446/1109 1060/1442/1105 1063/1445/1108
f 1061/1443/1106 1060/1442/1105 1067/1446/1109
f 1064/1470/1129 1061/1443/1106 1068/1448/1111
f 1070/2630/1115 1067/1446/1109 1066/1447/1110
f 1071/1451/1114 1068/1473/1111 1067/1452/1109
f 1059/1441/1104 1041/1440/1103 1042/1457/1119
f 1059/1441/1104 1042/1457/1119 1069/1450/1113
f 1066/1447/1110 1069/1450/1113 1072/1454/1116
f 1070/2630/1115 1066/1447/1110 1073/1455/1117
f 1075/1460/1121 1073/1459/1117 1072/2631/1116
f 1076/1458/1120 1070/1453/1115 1073/1459/1117
f 1077/1461/1122 1074/1456/1118 1070/1453/1115
f 1078/1462/1123 1072/1454/1116 1044/1429/1092
f 1075/1460/1121 1072/2631/1116 1078/1464/1123
f 1079/1465/1125 1078/1464/1123 1047/2628/1091
f 1080/1463/1124 1075/1460/1121 1078/1464/1123
f 1080/1463/1124 1076/1458/1120 1075/1460/1121
f 1079/1465/1125 1047/2628/1091 1051/1468/1094
f 1082/1467/1127 1079/1465/1125 1051/1468/1094
f 1082/1467/1127 1081/1466/1126 1079/1465/1125
f 1071/1451/1114 1084/1474/1131 1083/1472/1130
f 1084/1474/1131 1071/1451/1114 1074/1456/1118
f 1086/1476/1133 1085/1475/1132 1074/1456/1118
f 1087/1477/1134 1086/1476/1133 1077/1461/1122
f 1088/1478/1135 1087/1477/1134 1076/1458/1120
f 1081/1466/1126 1088/1478/1135 1080/1463/1124
f 1082/1467/1127 1089/1479/1136 1081/1466/1126
f 988/1388/1061 970/1328/1012 1056/1437/1100
f 1090/1480/1137 1056/1437/1100 1091/1481/1138
f 1064/1470/1129 1092/1488/1143 1091/1481/1138
f 1092/1488/1143 1064/1470/1129 1083/1471/1130
f 1093/1482/1139 1015/1389/1062 988/1388/1061
f 1094/1483/1140 1016/2621/1063 1015/1389/1062
f 1017/1392/1064 1016/1391/1063 1094/2632/1140
f 1014/1387/1060 1017/1392/1064 1095/1486/1141
f 1093/1482/1139 1090/1480/1137 1091/1481/1138
f 1097/1493/1145 1095/1485/1141 1094/1483/1140
f 1092/1488/1143 1098/1492/1144 1094/1483/1140
f 1096/1487/1142 1095/1486/1141 1097/1500/1145
f 1099/1495/1146 1097/1493/1145 1098/1492/1144
f 1084/1494/1131 1100/1504/1147 1099/1495/1146
f 1088/1478/1135 1086/1476/1133 1087/1477/1134
f 1014/1387/1060 348/251/187 1039/1424/1087
f 1103/1501/1151 1014/1387/1060 1096/1487/1142
f 1102/1502/1150 1097/1493/1145 1099/1495/1146
f 1103/1501/1151 1102/1499/1150 1104/1506/1152
f 1106/1507/1154 1014/1387/1060 1103/1501/1151
f 1108/1509/1156 1104/1503/1152 1100/1504/1147
f 1109/1513/1155 1105/1505/1153 1104/1506/1152
f 1086/1476/1133 1110/1518/1157 1108/1510/1156
f 1106/1507/1154 1105/1505/1153 1109/1513/1155
f 1112/1514/1159 1107/1498/1149 1106/1507/1154
f 1113/2633/1160 1109/1508/1155 1110/1511/1157
f 1111/1512/1158 1109/1513/1155 1113/2634/1160
f 1088/1478/1135 1115/1520/1162 1113/1519/1160
f 1112/1514/1159 1111/1512/1158 1114/1523/1161
f 1115/1520/1162 1088/1478/1135 1089/1479/1136
f 1120/1529/1167 1114/2635/1161 1115/2636/1162
f 1116/1528/1163 1114/2635/1161 1120/1529/1167
f 1101/1497/1148 1122/1531/1169 1120/1527/1167
f 1117/1524/1164 1116/1522/1163 1121/1534/1168
f 1123/1533/1170 1118/1525/1165 1117/1524/1164
f 1125/1535/1171 1124/1538/1174 1127/1536/1172
f 1124/1538/1174 1460/1983/1519 1128/1539/1175
f 1126/1537/1173 1127/1536/1172 1130/2637/1176
f 1126/2638/1173 1131/2639/1177 1129/2640/1213
f 1127/1536/1172 1128/1539/1175 1132/2641/1178
f 1127/2642/1172 1133/2643/1179 1130/2644/1176
f 1134/1546/1180 1131/1542/1177 1130/1541/1176
f 1043/1261/960 1135/1548/1182 1049/1433/1096
f 1136/1552/1185 1135/1548/1182 1043/1261/960
f 1043/1261/960 1137/1547/1181 1136/1552/1185
f 1043/1261/960 1451/1981/1302 1124/1538/1174
f 1139/1551/1184 1050/1550/1095 1052/2645/1097
f 1136/1552/1185 1140/1555/1188 1138/1549/1183
f 1137/1547/1181 1142/1554/1187 1140/1555/1188
f 1137/1547/1181 1124/1538/1174 1143/1556/1189
f 1143/1556/1189 1141/1553/1186 1137/1547/1181
f 1145/1559/1190 1052/2645/1097 1138/2646/1183
f 1139/1551/1184 1052/2645/1097 1145/1559/1190
f 1053/1469/1128 1139/1551/1184 1146/1560/1192
f 1149/1564/1196 1145/1559/1190 1144/1570/1191
f 1150/1563/1195 1146/1560/1192 1145/1559/1190
f 1150/1563/1195 1147/1561/1193 1146/1560/1192
f 1142/1554/1187 1141/1553/1186 1151/1565/1197
f 1142/2647/1187 1152/2648/1198 1148/2649/1194
f 1153/1567/1199 1144/1570/1191 1148/1568/1194
f 1154/1606/1230 1150/1563/1195 1149/1564/1196
f 1156/1573/1202 1152/1569/1198 1151/2650/1197
f 1157/1572/1201 1153/1567/1199 1152/1569/1198
f 1158/1574/1203 1149/1564/1196 1153/1567/1199
f 1158/1574/1203 1154/1606/1230 1149/1564/1196
f 1160/1576/1205 1155/1571/1200 1141/1553/1186
f 1143/1556/1189 1125/1535/1171 1126/1537/1173
f 1162/1577/1206 1151/2650/1197 1155/1578/1200
f 1156/1573/1202 1151/2650/1197 1162/1577/1206
f 1164/1581/1209 1157/1572/1201 1156/1573/1202
f 1164/1581/1209 1158/1574/1203 1157/1572/1201
f 1160/1576/1205 1159/1575/1204 1165/1582/1210
f 1166/1586/1212 1162/1577/1206 1161/1579/1207
f 1167/1585/1211 1163/1580/1208 1162/1577/1206
f 1167/1585/1211 1164/1581/1209 1163/1580/1208
f 1159/1575/1204 1126/1537/1173 1129/2651/1213
f 1159/2652/1204 1168/2653/1214 1165/2654/1210
f 1169/1590/1215 1161/1579/1207 1165/1591/1210
f 1170/1592/1216 1166/1586/1212 1161/1579/1207
f 1171/1593/1217 1167/1585/1211 1166/1586/1212
f 1172/1594/1218 1168/1589/1214 1129/1588/1213
f 1173/1595/1219 1169/1590/1215 1168/1589/1214
f 1174/1596/1220 1170/1592/1216 1169/1590/1215
f 1174/1596/1220 1171/1593/1217 1170/1592/1216
f 1175/1597/1221 1172/1594/1218 1131/1542/1177
f 1176/1598/1222 1173/1595/1219 1172/1594/1218
f 1176/1598/1222 1174/1596/1220 1173/1595/1219
f 1177/1602/1226 1082/1467/1127 1053/1469/1128
f 1147/1561/1193 1177/1602/1226 1053/1469/1128
f 1167/1585/1211 1178/1599/1223 1164/1581/1209
f 1171/1593/1217 1179/1600/1224 1167/1585/1211
f 1147/1561/1193 1180/1601/1225 1177/1602/1226
f 1182/1604/1228 1181/1603/1227 1147/1561/1193
f 1183/1605/1229 1182/1604/1228 1150/1563/1195
f 1158/1574/1203 1183/1605/1229 1154/1606/1230
f 1179/1600/1224 1184/1607/1231 1178/1599/1223
f 1176/1598/1222 1186/1611/1235 1174/1596/1220
f 1180/1601/1225 1101/1497/1148 1082/1467/1127
f 1184/1607/1231 1187/1609/1233 1158/1574/1203
f 1171/1593/1217 1188/1610/1234 1185/1608/1232
f 1174/1596/1220 1189/1612/1236 1188/1610/1234
f 1107/1498/1149 1112/1514/1159 1118/1525/1165
f 1122/1531/1169 1192/1615/1239 1121/1532/1168
f 1193/1617/1240 1190/1613/1237 1118/1525/1165
f 1191/1614/1238 1190/1613/1237 1195/1619/1242
f 1122/1531/1169 1180/1601/1225 1181/1603/1227
f 1192/1615/1239 1122/1531/1169 1181/1603/1227
f 1198/2655/1245 1123/2656/1170 1192/2657/1239
f 1193/1617/1240 1123/1533/1170 1198/2658/1245
f 1182/1604/1228 1200/1626/1247 1198/1622/1245
f 1194/1618/1241 1193/1617/1240 1199/1629/1246
f 1201/1628/1248 1195/1619/1242 1194/1618/1241
f 1200/1626/1247 1202/1630/1249 1199/1627/1246
f 1203/1632/1250 1196/1620/1243 1195/1619/1242
f 1200/1626/1247 1183/1605/1229 1187/1609/1233
f 1202/1630/1249 1200/1626/1247 1187/1609/1233
f 1201/1631/1248 1202/1630/1249 1205/1634/1252
f 1203/2659/1250 1201/2660/1248 1206/2661/1253
f 1184/1607/1231 1208/1639/1255 1206/1635/1253
f 1204/1633/1251 1203/1632/1250 1207/1652/1254
f 1185/1608/1232 1209/1641/1256 1208/1639/1255
f 1209/1641/1256 1210/1642/1257 1207/1640/1254
f 1188/1610/1234 1211/1643/1258 1210/1642/1257
f 1212/1644/1259 1191/1614/1238 1214/1646/1261
f 1213/1645/1260 1196/1620/1243 1204/1633/1251
f 1214/1646/1261 1213/1645/1260 1216/1648/1263
f 1210/1642/1257 1220/1659/1267 1219/1653/1266
f 1215/1647/1262 1204/1633/1251 1219/1651/1266
f 1211/1643/1258 1222/1660/1269 1220/1659/1267
f 1222/1660/1269 1223/1668/1270 1221/1661/1268
f 1216/1648/1263 1215/1647/1262 1221/1657/1268
f 1189/1612/1236 1225/1667/1272 1222/1660/1269
f 1225/1667/1272 1226/1669/1273 1223/1668/1270
f 1226/1669/1273 1227/1677/1274 1224/1670/1271
f 1217/1649/1264 1216/1648/1263 1224/1665/1271
f 1186/1611/1235 1229/1676/1276 1226/1669/1273
f 1229/1676/1276 1230/1678/1277 1227/1677/1274
f 1230/1678/1277 1231/2098/1278 1228/1679/1275
f 1218/1650/1265 1217/1649/1264 1228/1674/1275
f 1234/1689/1284 1233/1685/1280 731/1002/761
f 102/1712/99 407/970/416 1235/1713/1301
f 704/969/734 1235/1713/1301 407/970/416
f 1233/1685/1280 1236/1686/1281 723/994/754
f 1239/1694/1289 1238/1690/1285 1237/1688/1283
f 1243/1692/1287 1242/1691/1286 1233/1685/1280
f 1246/1693/1288 1243/1692/1287 1238/1690/1285
f 1246/1695/1288 1240/1698/1291 1244/1696/1290
f 1240/1698/1291 1247/1722/1309 1245/1700/1292
f 1241/1725/1312 1247/1722/1309 1240/1698/1291
f 1249/1702/1294 1248/1701/1293 1236/1686/1281
f 1252/1703/1295 1249/1702/1294 1242/1691/1286
f 1244/1696/1290 1250/1705/1296 1252/1704/1295
f 1250/1705/1296 1253/1729/1315 1251/2662/1299
f 1245/1700/1292 1253/1729/1315 1250/1705/1296
f 1250/1705/1296 1255/2663/1300 1254/1708/1298
f 1251/1709/1299 1256/1719/1306 1255/1710/1300
f 1251/1709/1299 1257/1720/1307 1256/1719/1306
f 1259/1716/1304 1258/1954/1496 1254/1717/1298
f 1260/1718/1305 1259/1716/1304 1255/1710/1300
f 1253/1729/1315 1261/1728/1308 1251/2662/1299
f 1257/1720/1307 1262/1731/1317 1260/1718/1305
f 1247/1722/1309 1265/1724/1311 1264/1723/1310
f 1265/1724/1311 1247/1722/1309 1241/1725/1312
f 1266/1727/1314 1253/1729/1315 1245/1700/1292
f 1261/1721/1308 1267/1730/1316 1257/1720/1307
f 1264/1723/1310 1268/1732/1318 1266/1727/1314
f 1269/2035/1562 1262/1731/1317 1267/1730/1316
f 1271/1733/1319 1270/1734/1320 1264/1723/1310
f 1268/1732/1318 1272/1741/1321 1261/1728/1308
f 1273/1736/1322 1269/2035/1562 1267/1730/1316
f 1272/1735/1321 1274/1737/1323 1267/1730/1316
f 1271/1733/1319 1276/1738/1324 1270/1734/1320
f 1277/1740/1326 1268/1732/1318 1270/1734/1320
f 1279/2664/1327 1272/1741/1321 1277/1740/1326
f 1279/1742/1327 1278/1743/1328 1274/1737/1323
f 1274/1737/1323 1280/1744/1329 1273/1736/1322
f 348/251/187 497/659/506 211/250/186
f 1281/1746/1330 750/1024/780 499/661/508
f 1282/1747/1331 499/661/508 760/1750/1334
f 1283/1748/1332 767/1051/797 1281/1745/1330
f 1285/1749/1333 1284/1875/1437 775/1062/804
f 1286/1752/1336 774/1064/805 1283/1748/1332
f 1288/1753/1337 1285/1749/1333 774/1064/805
f 1289/1755/1339 1283/1748/1332 1281/1745/1330
f 1290/1754/1338 1286/1752/1336 1283/1748/1332
f 1291/1756/1340 1287/1751/1335 1286/1752/1336
f 1294/1757/1341 1288/1753/1337 1287/1751/1335
f 1295/2049/1343 1281/1746/1330 1282/1747/1331
f 1296/1758/1342 1289/1755/1339 1281/1745/1330
f 1297/1760/1344 1290/1754/1338 1289/1755/1339
f 1299/1761/1345 1291/1756/1340 1290/1754/1338
f 1298/1763/1347 1275/1739/1325 1292/1762/1346
f 1300/2665/1349 1299/2666/1345 1298/1763/1347
f 1300/2665/1349 1298/1763/1347 1293/1764/1348
f 1300/1768/1349 1294/1757/1341 1291/1756/1340
f 1301/1770/1351 1296/1758/1342 1295/1759/1343
f 1303/1769/1350 1297/1760/1344 1296/1758/1342
f 1277/1740/1326 1304/2667/1352 1279/2664/1327
f 1302/1773/1353 1304/2667/1352 1277/1740/1326
f 1305/1774/1354 1303/1780/1350 1302/1772/1353
f 1305/1774/1354 1302/1772/1353 1298/1775/1347
f 1305/1777/1354 1299/1761/1345 1297/1760/1344
f 1306/1782/1576 1301/1770/1351 1295/1759/1343
f 1307/1778/1355 1280/1744/1329 1278/1743/1328
f 1308/1779/1356 1307/1778/1355 1302/1772/1353
f 1308/1781/1357 1303/1769/1350 1301/1770/1351
f 1310/1784/1360 1309/1783/1359 824/1130/860
f 1311/1785/1361 1310/1784/1360 821/1123/855
f 825/1131/861 1312/1786/1362 1234/1689/1284
f 1313/1787/1363 1237/1688/1283 1234/1689/1284
f 1312/1786/1362 1314/1788/1364 1313/1787/1363
f 1315/1789/1365 1239/1694/1289 1237/1688/1283
f 1315/1790/1366 1316/1791/1367 1240/1698/1291
f 1316/1791/1367 1317/2668/1405 1241/1725/1312
f 1318/1799/1373 1315/1789/1365 1313/1787/1363
f 1319/2669/1368 1316/1791/1367 1315/1790/1366
f 1320/1795/1370 1317/1838/1405 1316/1796/1367
f 1321/1798/1372 1319/1792/1368 1318/1794/1369
f 1322/1797/1371 1320/1795/1370 1319/1792/1368
f 1314/1788/1364 1323/2670/1859 1318/1799/1373
f 1323/1800/1374 1324/1801/1375 1321/1798/1372
f 1324/1801/1375 1325/1841/1408 1322/1797/1371
f 1314/1788/1364 1326/1808/1377 1323/2670/1859
f 1327/1802/1376 1324/1801/1375 1323/1800/1374
f 1328/1804/1378 1325/1841/1408 1324/1801/1375
f 1314/1788/1364 1329/1805/1379 1326/1808/1377
f 1327/1802/1376 1326/1803/1377 1330/1810/1381
f 1329/1805/1379 1332/1813/1385 1330/1807/1381
f 1333/1809/1382 1327/1802/1376 1330/1810/1381
f 1334/1812/1384 1331/1806/1380 1327/1802/1376
f 1309/1783/1359 1335/1814/1386 1332/1813/1385
f 1333/2671/1382 1332/2672/1383 1336/2673/1387
f 1334/1812/1384 1333/1809/1382 1337/1816/1388
f 1335/1814/1386 1339/1822/1394 1336/1818/1390
f 1339/1819/1391 1340/1821/1393 1337/1816/1388
f 1341/1829/1392 1338/1848/1389 1337/2674/1388
f 1310/1784/1360 1342/1823/1395 1339/1822/1394
f 1311/1785/1361 1343/2675/1482 1342/1823/1395
f 1340/1824/1393 1339/2676/1391 1344/1825/1396
f 1346/1827/1398 1341/1829/1392 1340/1824/1393
f 1342/1831/1395 1348/2677/1860 1345/1832/1397
f 1343/1934/1482 1348/1936/1483 1342/2678/1395
f 1347/1828/1399 1346/1827/1398 1349/1834/1401
f 1348/1940/1860 1351/1939/1403 1345/2679/1397
f 1352/2129/1626 1350/1835/1402 1349/1834/1401
f 1317/1838/1405 1353/1843/1410 1241/1845/1312
f 1354/1837/1404 1353/1843/1410 1317/1838/1405
f 1355/1839/1406 1354/1837/1404 1320/1795/1370
f 1356/1840/1407 1355/1839/1406 1322/1797/1371
f 1328/1804/1378 1356/1840/1407 1325/1841/1408
f 1338/1817/1389 1357/1842/1409 1334/1812/1384
f 1352/2129/1626 1358/1851/1414 1350/1835/1402
f 1360/1849/1412 1347/1828/1399 1361/1850/1413
f 1355/1839/1406 1363/1854/1417 1354/1837/1404
f 1356/1840/1407 1364/1857/1420 1355/1839/1406
f 1364/1857/1420 1363/1854/1417 1355/1839/1406
f 1328/1804/1378 1364/1857/1420 1356/1840/1407
f 1357/1842/1409 1365/1853/1416 1331/1806/1380
f 1341/1829/1392 1366/1860/1422 1359/1847/1411
f 1366/1860/1422 1341/1829/1392 1360/1849/1412
f 1354/1837/1404 1367/1855/1418 1362/1852/1415
f 1365/1853/1416 1368/1856/1419 1328/1804/1378
f 1370/1861/1423 1360/1849/1412 1361/1850/1413
f 1358/1851/1414 1372/1873/1435 1371/1862/1424
f 1374/1864/1426 1364/1857/1420 1368/1856/1419
f 1365/1853/1416 1375/1865/1427 1368/1856/1419
f 1377/1867/1429 1376/1866/1428 1365/1853/1416
f 1369/1858/1421 1377/1867/1429 1357/1842/1409
f 1367/1855/1418 1378/1884/1446 1373/1863/1425
f 1379/1868/1430 1378/1884/1446 1367/1855/1418
f 1374/1864/1426 1379/1868/1430 1363/1854/1417
f 1263/1726/1313 1380/1894/1455 1276/1738/1324
f 1380/2680/1455 1263/1844/1313 1373/1863/1425
f 1376/1866/1428 1381/1869/1431 1375/1865/1427
f 1366/1859/1422 1382/1917/1432 1369/1858/1421
f 1382/1870/1432 1366/1860/1422 1370/1861/1423
f 1383/1871/1433 1370/1861/1423 1371/1862/1424
f 1372/1873/1435 1385/1927/1477 1384/1872/1434
f 1386/1874/1436 893/1224/929 775/1062/804
f 1387/1876/1438 892/1220/928 893/1224/929
f 894/1225/930 892/1220/928 1387/1876/1438
f 1389/1878/1440 1386/1874/1436 1284/1875/1437
f 1391/1880/1442 1387/1876/1438 1386/1874/1436
f 894/1225/930 1387/1876/1438 1391/1880/1442
f 1389/1878/1440 1285/1749/1333 1392/1881/1443
f 1379/1868/1430 1395/1886/1448 1393/1883/1445
f 1396/1885/1447 1394/2681/1444 1393/1883/1445
f 1397/1888/1449 1398/1889/1450 1395/1886/1448
f 1398/1889/1450 1399/2682/1451 1396/1885/1447
f 1390/1879/1441 1389/1878/1440 1396/1887/1447
f 1400/1891/1452 1391/1880/1442 1390/1879/1441
f 894/1225/930 1391/1880/1442 1401/1892/1453
f 1388/1877/1439 894/1225/930 1402/1893/1454
f 1380/1894/1455 1403/1896/1457 1292/1762/1346
f 1403/1901/1457 1380/2680/1455 1373/1863/1425
f 1404/1899/1456 1293/1898/1348 1292/2683/1346
f 1405/1897/1458 1294/2684/1341 1293/1898/1348
f 1405/1900/1458 1392/1881/1443 1288/1753/1337
f 1393/1883/1445 1404/1899/1456 1403/1901/1457
f 1405/1897/1458 1404/1899/1456 1393/1883/1445
f 1405/1900/1458 1394/1882/1444 1392/1881/1443
f 1381/1869/1431 1397/1888/1449 1374/1864/1426
f 1406/1905/1461 1399/2682/1451 1398/1889/1450
f 1407/1903/1459 1408/1904/1460 1398/1889/1450
f 1408/1904/1460 1409/1910/1462 1406/1905/1461
f 1400/1891/1452 1399/1890/1451 1406/1906/1461
f 1410/1908/1463 1407/1903/1459 1376/1866/1428
f 1410/1908/1463 1411/1909/1464 1408/1904/1460
f 1411/1909/1464 1412/2685/1465 1409/1910/1462
f 1401/1892/1453 1400/1891/1452 1409/1907/1462
f 1413/1912/1466 1402/1893/1454 1401/1892/1453
f 1388/1877/1439 1402/1893/1454 1413/1912/1466
f 1415/1914/1468 1410/1908/1463 1377/1867/1429
f 1416/1915/1469 1411/1909/1464 1410/1908/1463
f 1417/2686/1470 1412/2687/1465 1411/2688/1464
f 1416/1915/1469 1418/2689/1471 1417/1916/1470
f 1413/1912/1466 1412/1911/1465 1417/1918/1470
f 1414/1913/1467 1413/1912/1466 1418/1919/1471
f 1420/1921/1473 1416/1923/1469 1382/1870/1432
f 1421/2690/1474 1418/2691/1471 1416/2692/1469
f 1419/1920/1472 1418/1919/1471 1421/1924/1474
f 1423/1926/1476 1420/1921/1473 1383/1871/1433
f 1423/2271/1476 1424/2693/1478 1421/2694/1474
f 899/1234/937 1311/1930/1361 802/2606/834
f 900/1233/938 1425/1929/1479 899/1234/937
f 1426/1931/1480 1427/1932/1481 896/1228/933
f 1425/2695/1479 1428/1938/1484 1348/1940/1483
f 903/1244/943 1429/1947/1486 904/1245/944
f 1429/1941/1486 903/1241/943 885/1243/921
f 1429/1948/1486 1388/1877/1439 1414/1913/1467
f 904/1245/944 1430/1945/1489 696/957/723
f 1429/1948/1486 1414/1913/1467 1419/1920/1491
f 1431/1949/1490 1419/1920/1491 1422/1925/1861
f 1430/1945/1489 1733/1943/1487 682/937/709
f 1431/1949/1490 1422/1925/1861 1424/1928/1862
f 1258/1715/1303 1432/1950/1492 1248/1701/1293
f 1259/1716/1304 1433/1952/1494 1258/1954/1496
f 1434/1951/1493 1433/1952/1494 1259/1716/1304
f 1258/1715/1303 1435/1958/1495 1432/1950/1492
f 1433/1952/1494 1436/1955/1497 1435/1953/1495
f 1434/1951/1493 1437/1960/1501 1436/1955/1497
f 1439/1956/1498 704/969/734 730/1687/1282
f 1432/1950/1492 1440/1959/1500 1438/1957/1499
f 1436/1955/1497 1441/1961/1502 1435/1953/1495
f 1437/1960/1501 1442/1963/1504 1441/1961/1502
f 1443/1965/1506 1442/1963/1504 1437/1960/1501
f 1447/1962/1503 1444/1967/1508 1441/1961/1502
f 1435/1958/1495 1445/1970/1511 1440/1959/1500
f 1446/2696/1505 1445/1970/1511 1435/1958/1495
f 1443/1965/1506 1448/1969/1510 1447/1962/1503
f 1449/1972/1507 1445/1970/1511 1446/2696/1505
f 1440/1959/1500 1452/1971/1512 1438/1957/1499
f 1445/1970/1511 1453/1973/1513 1452/1971/1512
f 1449/1972/1507 1454/1984/1520 1453/1973/1513
f 1455/2697/1514 1454/1984/1520 1449/1972/1507
f 1456/1975/1515 1455/1974/1514 1444/1967/1508
f 1457/1976/1516 1454/2698/1520 1455/1977/1514
f 1458/1978/1517 1455/1977/1514 1456/1979/1515
f 1124/1538/1174 1451/1981/1302 1460/1983/1519
f 1453/1973/1513 1461/1985/1521 1452/1971/1512
f 1454/1984/1520 1462/1987/1522 1461/1985/1521
f 1460/1983/1519 1235/1982/1301 1464/1989/1524
f 1439/1956/1498 1438/1957/1499 1466/1992/1526
f 1439/1956/1498 1466/1992/1526 1465/1990/1525
f 1452/1971/1512 1467/1993/1527 1466/1992/1526
f 1462/1987/1522 1468/2024/1551 1467/1993/1527
f 1128/1539/1175 1463/1988/1523 1469/2699/1528
f 1128/2700/1175 1470/2701/1529 1132/2702/1178
f 1471/1997/1530 1133/1545/1179 1132/1544/1178
f 1472/1998/1531 1134/1546/1180 1133/1545/1179
f 1463/1988/1523 1464/1989/1524 1473/2703/1532
f 1463/2704/1523 1474/2705/1533 1469/2706/1528
f 1475/2002/1534 1470/1996/1529 1469/1995/1528
f 1476/2003/1535 1471/1997/1530 1470/1996/1529
f 1496/2004/1536 1472/1998/1531 1471/1997/1530
f 1464/1991/1524 1465/1990/1525 1477/2014/1537
f 1464/2707/1524 1478/2708/1538 1473/2709/1532
f 1479/2008/1539 1474/2001/1533 1473/2000/1532
f 1480/2009/1540 1475/2002/1534 1474/2001/1533
f 1485/2010/1541 1476/2003/1535 1475/2002/1534
f 1466/1992/1526 1482/2710/1543 1477/2014/1537
f 1483/2015/1544 1478/2007/1538 1477/2006/1537
f 1484/2017/1545 1479/2008/1539 1478/2007/1538
f 1485/2010/1541 1480/2009/1540 1479/2008/1539
f 1485/2010/1541 1490/2028/1555 1496/2004/1536
f 1467/1993/1527 1486/2025/1552 1481/2018/1542
f 1487/2019/1546 1482/2016/1543 1481/2020/1547
f 1488/2022/1549 1483/2015/1544 1482/2016/1543
f 1489/2023/1550 1484/2017/1545 1483/2015/1544
f 1489/2023/1550 1490/2028/1555 1485/2010/1541
f 1468/2024/1551 1491/2711/1863 1486/2025/1552
f 1434/1951/1493 1492/2027/1554 1437/1960/1501
f 1443/1965/1506 1493/2032/1559 1448/1969/1510
f 1450/1968/1509 1448/1969/1510 1493/2032/1559
f 1450/1968/1509 1494/2034/1561 1456/1975/1515
f 1495/2227/1709 1459/1980/1518 1456/1979/1515
f 1495/2227/1709 1456/1979/1515 1494/2041/1561
f 1496/2004/1536 1175/1597/1221 1134/1546/1180
f 1496/2004/1536 1176/1598/1222 1175/1597/1221
f 1262/1731/1317 1497/2030/1557 1434/1951/1493
f 1492/2027/1554 1498/2031/1558 1443/1965/1506
f 1500/2040/1567 1495/2227/1709 1494/2041/1561
f 1490/2028/1555 1503/2117/1617 1508/2029/1556
f 1497/2030/1557 1501/2036/1563 1492/2027/1554
f 1504/2037/1564 1497/2030/1557 1273/1736/1322
f 1505/2038/1565 1501/2036/1563 1504/2037/1564
f 1506/2039/1566 1507/2070/1568 1494/2034/1561
f 1496/2004/1536 1508/2029/1556 1186/1611/1235
f 1280/1744/1329 1509/2043/1569 1504/2037/1564
f 1505/2038/1565 1510/2044/1570 1498/2031/1558
f 1510/2044/1570 1511/2061/1583 1493/2032/1559
f 1506/2039/1566 1493/2032/1559 1511/2061/1583
f 1512/2046/1572 1500/2040/1567 1507/2042/1568
f 1513/2082/1596 1502/2045/1571 1512/2046/1572
f 1514/2047/1573 1509/2043/1569 1280/1744/1329
f 1515/2048/1574 1514/2047/1573 1307/1778/1355
f 1515/2712/1574 1308/1781/1357 1306/1782/1358
f 1306/1782/1576 1295/1759/1343 1516/2051/1575
f 1518/2053/1578 1505/2038/1565 1509/2043/1569
f 1519/2054/1579 1518/2053/1578 1514/2047/1573
f 1515/2055/1574 1306/2713/1358 1517/2056/1577
f 1516/2050/1575 1282/1747/1331 1520/2058/1580
f 1518/2053/1578 1521/2059/1581 1510/2044/1570
f 1519/2054/1579 1522/2062/1582 1521/2059/1581
f 497/659/506 1107/1498/1149 1212/1644/1259
f 1521/2059/1581 1523/2063/1584 1511/2061/1583
f 1522/2062/1582 1524/2714/1585 1523/2063/1584
f 1523/2063/1584 1506/2039/1566 1511/2061/1583
f 1524/2064/1585 1517/2056/1577 1526/2068/1587
f 1523/2063/1584 1528/2072/1589 1507/2070/1568
f 1525/2071/1586 1529/2715/1590 1528/2072/1589
f 1525/2065/1586 1524/2064/1585 1527/2069/1588
f 1530/2074/1591 1512/2046/1572 1507/2042/1568
f 1531/2076/1592 1530/2300/1591 1528/2077/1589
f 1527/2716/1588 1526/2067/1587 1532/2078/1593
f 1529/2073/1590 1527/2069/1588 1533/2080/1594
f 1531/2076/1592 1535/2083/1597 1530/2300/1591
f 1531/2076/1592 1529/2073/1590 1534/2081/1595
f 1536/2084/1598 1212/1644/1259 1214/1646/1261
f 1538/2086/1600 760/1750/1334 1212/1644/1259
f 1539/2087/1601 1520/2058/1580 760/1750/1334
f 1540/2088/1602 1516/2050/1575 1520/2058/1580
f 1541/2089/1603 1532/2078/1593 1516/2051/1575
f 1533/2091/1594 1532/2078/1593 1541/2089/1603
f 1534/2717/1595 1533/2091/1594 1542/2092/1604
f 1535/2083/1597 1534/2081/1595 1543/2094/1605
f 1508/2029/1556 1545/2096/1607 1229/1676/1276
f 1545/2096/1607 1546/2097/1608 1230/1678/1277
f 1546/2097/1608 1547/2099/1609 1231/2098/1278
f 1547/2099/1609 1548/2108/1610 1232/2100/1279
f 1536/2084/1598 1218/1650/1265 1232/1683/1279
f 1508/2029/1556 1550/2106/1612 1546/2097/1608
f 1550/2106/1612 1551/2107/1613 1547/2099/1609
f 1551/2107/1613 1552/2109/1614 1548/2108/1610
f 1552/2109/1614 1553/2411/1615 1549/2110/1611
f 1537/2085/1599 1536/2084/1598 1549/2104/1611
f 1554/2120/1616 1538/2086/1600 1537/2085/1599
f 1555/2118/1618 1553/2411/1615 1552/2109/1614
f 1556/2119/1619 1539/2087/1601 1538/2086/1600
f 1503/2117/1617 1551/2107/1613 1550/2106/1612
f 1754/2121/1620 1555/2118/1618 1551/2107/1613
f 1557/2122/1621 1540/2090/1602 1539/2123/1601
f 1558/2125/1622 1541/2089/1603 1540/2090/1602
f 1559/2126/1623 1542/2092/1604 1541/2089/1603
f 1543/2718/1605 1542/2092/1604 1559/2126/1623
f 1709/2421/1845 1754/2121/1620 1503/2117/1617
f 1544/2719/1606 1543/2718/1605 1559/2126/1623
f 1349/1834/1401 1351/1836/1403 1560/2127/1624
f 1352/2129/1626 1349/1834/1401 1561/2128/1625
f 1567/2131/1628 1563/2720/1864 1564/2132/1629
f 1568/2133/1630 1564/2132/1629 1565/2721/1631
f 1569/2136/1632 1561/2128/1625 1560/2127/1624
f 1569/2136/1632 1565/2135/1631 1566/2137/1633
f 1570/2138/1634 1562/2130/1627 1561/2128/1625
f 1572/2143/1638 1565/2135/1631 1564/2139/1629
f 1573/2142/1637 1566/2137/1633 1565/2135/1631
f 1574/2144/1639 1571/2155/1651 1563/2145/1640
f 1575/2147/1642 1574/2144/1639 1567/2146/1643
f 1577/2722/1645 1580/2723/1646 1576/2724/1661
f 1577/2149/1645 1564/2139/1629 1571/2141/1636
f 1581/2152/1648 1572/2143/1638 1578/2151/1647
f 1582/2154/1650 1580/2174/1666 1571/2155/1651
f 1583/2156/1652 1582/2154/1650 1574/2144/1639
f 1584/2157/1653 1457/1976/1516 1458/1978/1517
f 1585/2158/1654 1458/1978/1517 1459/1980/1518
f 1592/2163/1659 1591/2725/1662 1587/2164/1660
f 1592/2165/1659 1577/2726/1645 1576/2166/1661
f 1593/2168/1663 1592/2163/1659 1588/2161/1657
f 1593/2168/1663 1578/2727/1647 1577/2169/1645
f 1593/2168/1663 1579/2171/1649 1578/2727/1647
f 1595/2172/1665 1591/2192/1662 1576/2173/1661
f 1582/2154/1650 1595/2172/1665 1580/2174/1666
f 1584/2175/1653 1596/2195/1684 1462/1987/1522
f 1585/2728/1654 1596/2195/1684 1584/2175/1653
f 1598/2181/1672 1597/2176/1667 1586/2159/1655
f 1599/2177/1668 1596/2729/1684 1585/2158/1654
f 1600/2178/1669 1585/2158/1654 1597/2176/1667
f 1602/2180/1671 1601/2179/1670 1597/2176/1667
f 1603/2182/1673 1599/2177/1668 1600/2178/1669
f 1604/2183/1674 1600/2178/1669 1601/2179/1670
f 1605/2184/1675 1601/2179/1670 1602/2180/1671
f 1608/2186/1677 1607/2187/1678 1603/2182/1673
f 1608/2186/1677 1588/2161/1657 1587/2164/1660
f 1609/2188/1679 1608/2186/1677 1604/2183/1674
f 1609/2188/1679 1589/2162/1658 1588/2161/1657
f 1609/2188/1679 1605/2184/1675 1606/2185/1676
f 1611/2190/1681 1607/2199/1678 1587/2191/1660
f 1612/2193/1682 1611/2190/1681 1591/2192/1662
f 1613/2194/1683 1612/2193/1682 1595/2172/1665
f 1583/2156/1652 1614/2202/1690 1613/2194/1683
f 1615/2198/1687 1468/2024/1551 1603/2197/1686
f 1616/2200/1688 1615/2198/1687 1611/2190/1681
f 1617/2201/1689 1616/2200/1688 1612/2193/1682
f 1614/2359/1690 1618/2214/1699 1617/2215/1689
f 1491/2026/1553 1621/2203/1691 1487/2019/1546
f 1621/2203/1691 1622/2204/1692 1488/2022/1549
f 1623/2205/1693 1491/2711/1863 1468/2024/1551
f 1622/2204/1692 1490/2028/1555 1489/2023/1550
f 1622/2204/1692 1624/2209/1697 1490/2028/1555
f 1623/2206/1694 1625/2207/1695 1621/2203/1691
f 1625/2207/1695 1626/2208/1696 1622/2204/1692
f 1626/2208/1696 1627/2220/1703 1624/2209/1697
f 1628/2210/1698 1623/2205/1693 1616/2200/1688
f 1628/2211/1698 1629/2218/1700 1625/2212/1695
f 1618/2214/1699 1629/2218/1700 1628/2211/1698
f 1629/2216/1700 1630/2219/1702 1626/2208/1696
f 1619/2217/1701 1630/2222/1702 1629/2218/1700
f 1630/2219/1702 1631/2242/1724 1627/2220/1703
f 1620/2221/1704 1631/2368/1724 1630/2222/1702
f 1358/1851/1414 1352/2129/1626 1562/2130/1627
f 1633/2223/1705 1570/2138/1634 1566/2137/1633
f 1632/2224/1706 1566/2137/1633 1634/2225/1707
f 1634/2225/1707 1573/2142/1637 1581/2152/1648
f 1635/2226/1708 1581/2152/1648 1579/2153/1649
f 1636/2230/1712 1586/2159/1655 1495/2227/1709
f 1590/2160/1656 1589/2162/1658 1637/2228/1710
f 1594/2170/1664 1590/2160/1656 1638/2229/1711
f 1639/2238/1720 1602/2180/1671 1598/2181/1672
f 1640/2231/1713 1602/2180/1671 1639/2238/1720
f 1610/2189/1680 1637/2228/1710 1589/2162/1658
f 1610/2189/1680 1606/2185/1676 1640/2231/1713
f 1642/2233/1715 1562/2130/1627 1633/2223/1705
f 1643/2234/1716 1632/2224/1706 1634/2225/1707
f 1635/2226/1708 1579/2153/1649 1645/2244/1719
f 1644/2235/1717 1634/2225/1707 1635/2226/1708
f 1502/2045/1571 1636/2230/1712 1495/2227/1709
f 1594/2170/1664 1645/2237/1719 1579/2171/1649
f 1647/2236/1718 1638/2229/1711 1646/2254/1735
f 1648/2239/1721 1598/2181/1672 1502/2045/1571
f 1649/2246/1727 1640/2231/1713 1639/2238/1720
f 1650/2257/1737 1641/2232/1714 1640/2231/1713
f 1650/2257/1737 1640/2231/1713 1649/2246/1727
f 1637/2228/1710 1641/2232/1714 1650/2257/1737
f 1637/2228/1710 1646/2254/1735 1638/2229/1711
f 1627/2220/1703 1651/2240/1722 1624/2209/1697
f 1654/2243/1725 1635/2226/1708 1645/2244/1719
f 1647/2236/1718 1653/2256/1726 1645/2237/1719
f 1655/2247/1728 1639/2238/1720 1648/2239/1721
f 1652/2241/1723 1656/2248/1729 1627/2220/1703
f 1372/1873/1435 1358/1851/1414 1642/2233/1715
f 1659/2251/1732 1633/2223/1705 1658/2250/1731
f 1657/2249/1730 1642/2233/1715 1659/2251/1732
f 1658/2250/1731 1643/2234/1716 1644/2235/1717
f 1654/2243/1725 1661/2253/1734 1644/2235/1717
f 1664/2259/1739 1650/2257/1737 1663/2258/1738
f 1385/1927/1477 1372/1873/1435 1665/2260/1740
f 1665/2260/1740 1657/2249/1730 1666/2261/1741
f 1666/2261/1741 1659/2251/1732 1658/2250/1731
f 1668/2263/1743 1658/2250/1731 1667/2262/1742
f 1670/2264/1744 1654/2243/1725 1653/2245/1726
f 1667/2262/1742 1661/2253/1734 1654/2243/1725
f 1669/2265/1745 1653/2245/1726 1662/2285/1736
f 1671/2302/1770 1648/2239/1721 1513/2082/1596
f 1672/2266/1746 1648/2239/1721 1671/2302/1770
f 1673/2267/1747 1655/2247/1728 1672/2266/1746
f 1663/2258/1738 1649/2246/1727 1673/2267/1747
f 1674/2269/1749 1423/1926/1476 1385/1927/1477
f 1675/2270/1750 1424/2693/1478 1423/2271/1476
f 1674/2269/1749 1665/2260/1740 1666/2261/1741
f 1675/2270/1750 1674/2272/1749 1676/2274/1751
f 1678/2276/1753 1668/2263/1743 1667/2262/1742
f 1676/2273/1751 1666/2261/1741 1668/2263/1743
f 1677/2275/1752 1676/2274/1751 1678/2277/1753
f 1678/2276/1753 1667/2262/1742 1670/2264/1744
f 1679/2278/1754 1678/2277/1753 1681/2281/1756
f 1683/2283/1758 1680/2279/1755 1679/2278/1754
f 1687/2284/1760 1684/2287/1761 1685/2288/1762
f 1669/2265/1745 1687/2286/1760 1685/2730/1762
f 1681/2280/1756 1670/2264/1744 1669/2265/1745
f 1689/2295/1765 1685/2731/1762 1688/2296/1764
f 1682/2282/1757 1681/2281/1756 1689/2295/1765
f 1691/2298/1767 1671/2302/1770 1513/2082/1596
f 1692/2304/1768 1691/2298/1767 1530/2074/1591
f 1693/2301/1769 1672/2266/1746 1671/2302/1770
f 1694/2303/1771 1693/2301/1769 1691/2298/1767
f 1695/2305/1772 1673/2267/1747 1672/2266/1746
f 1696/2306/1773 1695/2305/1772 1693/2301/1769
f 1697/2307/1774 1663/2258/1738 1673/2267/1747
f 1698/2308/1775 1697/2307/1774 1695/2305/1772
f 1684/2287/1761 1646/2254/1735 1664/2259/1739
f 1664/2259/1739 1663/2258/1738 1697/2307/1774
f 1685/2288/1762 1684/2287/1761 1664/2259/1739
f 1699/2309/1776 1697/2307/1774 1698/2308/1775
f 1686/2289/1763 1685/2288/1762 1699/2309/1776
f 1701/2732/1778 1688/2733/1764 1686/2734/1763
f 1702/2735/1779 1690/2297/1766 1688/2296/1764
f 1703/2736/1780 1683/2737/1758 1690/2738/1766
f 1692/2299/1781 1535/2083/1597 1544/2095/1606
f 1694/2739/1771 1692/2299/1781 1704/2323/1782
f 1696/2324/1773 1694/2739/1771 1704/2323/1782
f 1705/2325/1783 1698/2327/1785 1696/2324/1773
f 1706/2326/1784 1700/2740/1777 1698/2327/1785
f 1706/2741/1784 1701/2742/1778 1700/2743/1777
f 1707/2744/1786 1702/2745/1779 1701/2746/1778
f 1708/2340/1787 1703/2398/1780 1702/2747/1779
f 1704/2334/1788 1544/2719/1606 1559/2126/1623
f 1711/2268/1748 1709/2421/1845 1503/2117/1617
f 1705/2337/1791 1704/2334/1788 1710/2335/1789
f 1712/2336/1790 1706/2339/1784 1705/2337/1791
f 1656/2248/1729 1711/2268/1748 1651/2240/1722
f 1713/2338/1792 1707/2748/1786 1706/2339/1784
f 1708/2340/1787 1707/2748/1786 1713/2338/1792
f 1428/1938/1484 1718/2346/1798 1560/2342/1794
f 900/1233/938 1719/2344/1796 1718/2343/1795
f 1720/2345/1797 1568/2148/1644 1560/2342/1794
f 1719/2344/1796 1720/2351/1797 1718/2343/1795
f 1720/2345/1797 1575/2147/1642 1568/2148/1644
f 1721/2749/1799 1583/2750/1652 1575/2751/1642
f 1722/2350/1800 1721/2356/1799 1720/2351/1797
f 1427/1932/1481 1722/2350/1800 1719/2344/1796
f 1723/2352/1801 1614/2359/1690 1583/2353/1652
f 1722/2350/1800 1724/2357/1802 1723/2355/1801
f 1427/1932/1481 1725/2362/1805 1724/2357/1802
f 1726/2358/1803 1618/2214/1699 1614/2359/1690
f 1726/2358/1803 1727/2361/1804 1619/2217/1701
f 1724/2357/1802 1727/2363/1804 1726/2360/1803
f 1727/2363/1804 1728/2366/1807 1620/2365/1704
f 1725/2362/1805 1728/2366/1807 1727/2363/1804
f 1729/2364/1806 1728/2366/1807 1725/2362/1805
f 1729/2364/1806 1730/2372/1808 1620/2365/1704
f 1426/1931/1480 1731/2369/1809 1427/1932/1481
f 1731/2369/1809 1732/2370/1810 1725/2362/1805
f 1730/2367/1808 1652/2374/1723 1631/2368/1724
f 1732/2370/1810 1734/2371/1811 1729/2364/1806
f 1734/2371/1811 1735/2752/1812 1730/2372/1808
f 1735/2373/1812 1660/2377/1733 1652/2374/1723
f 1733/1943/1487 1736/2375/1813 1732/2370/1810
f 1734/2371/1811 1737/2379/1814 1735/2752/1812
f 1733/1943/1487 1426/1931/1480 686/1944/1488
f 1736/2375/1813 1738/2378/1815 1734/2371/1811
f 1740/2381/1817 1739/2380/1816 904/1245/944
f 1431/1949/1490 1424/1928/1862 1675/2382/1818
f 1740/2383/1819 1675/2382/1818 1677/2385/1821
f 1740/2381/1817 1741/2390/1824 1739/2380/1816
f 1741/2384/1820 1740/2383/1819 1677/2385/1821
f 1739/2380/1816 1742/2391/1825 1430/1945/1489
f 1741/2390/1824 1743/2396/1826 1742/2391/1825
f 1743/2392/1826 1741/2387/1820 1683/2389/1823
f 1736/2375/1813 1744/2394/1827 1738/2378/1815
f 1742/2391/1825 1745/2404/1833 1744/2394/1827
f 1746/2395/1828 1745/2404/1833 1742/2391/1825
f 1746/2397/1828 1743/2753/1826 1703/2398/1780
f 1737/2376/1814 1747/2402/1832 1715/2400/1830
f 1744/2394/1827 1747/2754/1832 1737/2379/1814
f 1748/2401/1831 1716/2429/1835 1715/2400/1830
f 1748/2403/1831 1747/2754/1832 1744/2394/1827
f 1749/2407/1834 1717/2341/1793 1716/2755/1835
f 1749/2405/1834 1748/2403/1831 1745/2404/1833
f 1749/2407/1834 1746/2397/1828 1708/2340/1787
f 1554/2114/1616 1553/2116/1615 1750/2408/1836
f 1555/2118/1618 1752/2412/1839 1750/2410/1838
f 1752/2412/1839 1753/2756/1865 1751/2413/1840
f 1753/2419/1841 1556/2124/1619 1554/2757/1616
f 1755/2417/1842 1753/2756/1865 1752/2412/1839
f 1755/2417/1842 1756/2758/1843 1753/2756/1865
f 1756/2418/1843 1557/2122/1621 1556/2124/1619
f 1755/2417/1842 1757/2423/1844 1756/2758/1843
f 1757/2420/1844 1558/2125/1622 1557/2122/1621
f 1757/2420/1844 1559/2126/1623 1558/2125/1622
f 1758/2422/1846 1755/2417/1842 1709/2421/1845
f 1710/2335/1789 1559/2126/1623 1757/2420/1844
f 1758/2422/1846 1759/2759/1847 1757/2423/1844
f 1759/2424/1847 1712/2336/1790 1710/2335/1789
f 1656/2248/1729 1760/2427/1849 1711/2268/1748
f 1760/2427/1849 1709/2421/1845 1711/2268/1748
f 1759/2424/1847 1713/2338/1792 1712/2336/1790
f 1761/2425/1848 1760/2427/1849 1656/2248/1729
f 1761/2425/1848 1762/2431/1850 1709/2421/1845
f 1762/2428/1850 1761/2426/1848 1715/2400/1830
f 1762/2431/1850 1758/2422/1846 1709/2421/1845
f 1763/2430/1851 1759/2759/1847 1758/2422/1846
f 1763/2760/1851 1762/2428/1850 1716/2429/1835
f 1763/2435/1851 1717/2341/1793 1713/2338/1792
