# Blender 5.2.2 LTS
# www.blender.org
mtllib right_finger1_lower.mtl
o right_finger1_lower
v -0.004541 -0.002805 -0.018528
v -0.004188 -0.003126 -0.018902
v -0.004229 -0.003172 -0.018683
v -0.004223 -0.003240 -0.018417
v -0.004265 -0.003230 -0.017972
v -0.004238 -0.002843 -0.019256
v -0.004289 -0.002953 -0.019033
v -0.004415 -0.003011 -0.018278
v -0.003857 -0.003505 -0.018551
v -0.003897 -0.003565 -0.018330
v -0.003893 -0.003636 -0.018032
v -0.003951 -0.003615 -0.017553
v -0.003976 -0.003195 -0.018933
v -0.003979 -0.003347 -0.018678
v -0.004114 -0.003423 -0.017912
v -0.003983 -0.002986 -0.019174
v -0.003512 -0.003859 -0.018201
v -0.003551 -0.003917 -0.017980
v -0.003533 -0.003991 -0.017657
v -0.003492 -0.004054 -0.017276
v -0.003634 -0.003557 -0.018584
v -0.003638 -0.003711 -0.018328
v -0.003776 -0.003794 -0.017562
v -0.003643 -0.003349 -0.018828
v -0.003676 -0.003005 -0.019190
v -0.003124 -0.004214 -0.017827
v -0.003187 -0.004235 -0.017630
v -0.003190 -0.004277 -0.017311
v -0.003284 -0.003907 -0.018234
v -0.003283 -0.004054 -0.017977
v -0.003301 -0.003695 -0.018486
v -0.003289 -0.003346 -0.018858
v -0.002934 -0.004237 -0.017880
v -0.002968 -0.004433 -0.016828
v -0.002984 -0.004009 -0.018170
v -0.002923 -0.003769 -0.018434
v -0.004028 -0.003669 -0.010253
v -0.003676 -0.004009 -0.010103
v -0.003323 -0.004333 -0.006697
v -0.003480 -0.004156 -0.010991
v -0.004687 -0.002910 -0.005146
v -0.004335 -0.003319 -0.009595
v -0.004497 -0.003106 -0.009166
v -0.003112 -0.004472 -0.006553
v -0.004185 -0.003491 -0.010348
v -0.003857 -0.003845 -0.010059
v -0.003517 -0.004198 -0.006255
v -0.002874 -0.004609 -0.006580
v -0.004239 -0.003521 -0.005404
v -0.004485 -0.003213 -0.005341
v -0.003822 -0.003947 -0.005959
v -0.004062 -0.003713 -0.005837
v -0.003528 -0.004180 -0.005833
v -0.003239 -0.004382 -0.006132
v -0.003425 -0.004218 -0.005596
v -0.002851 -0.004602 -0.006153
v -0.002960 -0.004457 -0.005779
v -0.004499 -0.003129 -0.004533
v -0.004584 -0.003062 -0.004792
v -0.004579 -0.002969 -0.004403
v -0.004555 -0.002878 -0.004152
v -0.004205 -0.003522 -0.005101
v -0.004191 -0.003483 -0.004862
v -0.004338 -0.003303 -0.004741
v -0.004315 -0.003212 -0.004475
v -0.004331 -0.003078 -0.004285
v -0.004334 -0.002935 -0.004078
v -0.003856 -0.003886 -0.005452
v -0.003833 -0.003855 -0.005211
v -0.003960 -0.003706 -0.005083
v -0.003973 -0.003581 -0.004807
v -0.003995 -0.003411 -0.004579
v -0.004047 -0.003064 -0.004155
v -0.003604 -0.004052 -0.005440
v -0.003619 -0.003937 -0.005159
v -0.003661 -0.003734 -0.004873
v -0.003684 -0.003451 -0.004540
v -0.003271 -0.004256 -0.005524
v -0.003331 -0.004059 -0.005205
v -0.003322 -0.003830 -0.004919
v -0.003244 -0.003682 -0.004747
v -0.003474 -0.003311 -0.004374
v -0.003972 -0.002422 -0.003476
v -0.002965 -0.004323 -0.005490
v -0.002972 -0.004174 -0.005278
v -0.004855 -0.001724 -0.020296
v -0.004892 -0.001787 -0.020077
v -0.004934 -0.001826 -0.019766
v -0.004872 -0.001399 -0.020650
v -0.004917 -0.001517 -0.020422
v -0.005000 -0.001536 -0.020109
v -0.005033 -0.001559 -0.019681
v -0.004886 -0.001050 -0.021000
v -0.004940 -0.001173 -0.020773
v -0.005041 -0.001207 -0.020458
v -0.005088 -0.001218 -0.020121
v -0.005106 -0.001218 -0.019751
v -0.004894 -0.000699 -0.021349
v -0.004953 -0.000822 -0.021122
v -0.005067 -0.000858 -0.020808
v -0.005124 -0.000871 -0.020471
v -0.005151 -0.000869 -0.020082
v -0.004896 -0.000348 -0.021698
v -0.004959 -0.000471 -0.021471
v -0.005078 -0.000507 -0.021158
v -0.005141 -0.000521 -0.020821
v -0.005172 -0.000512 -0.020453
v -0.004895 0.000003 -0.022047
v -0.004958 -0.000121 -0.021821
v -0.005079 -0.000157 -0.021507
v -0.005145 -0.000171 -0.021171
v -0.005180 -0.000146 -0.020793
v -0.004542 -0.002442 -0.019599
v -0.004579 -0.002138 -0.019952
v -0.004628 -0.002258 -0.019725
v -0.004670 -0.001796 -0.020328
v -0.004686 -0.001965 -0.020075
v -0.004801 -0.002043 -0.019759
v -0.004664 -0.001577 -0.020565
v -0.004665 -0.001249 -0.020896
v -0.004668 -0.000899 -0.021243
v -0.004670 -0.000549 -0.021590
v -0.004669 -0.000198 -0.021938
v -0.004334 -0.002505 -0.019632
v -0.004323 -0.002302 -0.019855
v -0.004340 -0.001973 -0.020198
v -0.004381 -0.001448 -0.020736
v -0.004354 -0.000754 -0.021425
v -0.004288 -0.000250 -0.021930
v -0.003998 -0.002671 -0.019508
v -0.003944 -0.001942 -0.020253
v -0.003881 -0.002429 -0.019769
v -0.004953 -0.001865 -0.019341
v -0.005211 -0.000887 -0.015555
v -0.005237 -0.000532 -0.015676
v -0.004588 -0.002511 -0.019381
v -0.004509 -0.002820 -0.018794
v -0.004661 -0.002589 -0.018339
v -0.004735 -0.002293 -0.019411
v -0.004787 -0.002311 -0.018967
v -0.004859 -0.002072 -0.019422
v -0.004880 -0.002091 -0.019001
v -0.004353 -0.002678 -0.019382
v -0.004472 -0.002760 -0.019095
v -0.005246 -0.000628 -0.015116
v -0.005250 -0.000117 -0.015625
v -0.005097 -0.001886 -0.008727
v -0.005126 -0.001566 -0.013086
v -0.005182 -0.001239 -0.014228
v -0.004792 -0.002636 -0.008400
v -0.005277 -0.001164 -0.008441
v -0.005236 -0.000909 -0.014103
v -0.005294 -0.000516 -0.011430
v -0.004989 -0.002217 -0.008073
v -0.005315 -0.000854 -0.008153
v -0.005187 -0.001608 -0.008267
v -0.005241 -0.001402 -0.008080
v -0.005380 -0.000867 -0.003066
v -0.005406 -0.000520 -0.002705
v -0.005420 -0.000070 -0.002523
v -0.004931 -0.002476 -0.004558
v -0.005147 -0.001940 -0.004159
v -0.005220 -0.001710 -0.004131
v -0.004810 -0.002701 -0.004758
v -0.005280 -0.001481 -0.003816
v -0.005234 -0.001464 -0.002979
v -0.005337 -0.001195 -0.003353
v -0.005318 -0.001113 -0.002651
v -0.004856 -0.002444 -0.003807
v -0.005035 -0.002234 -0.004408
v -0.005012 -0.002244 -0.004026
v -0.004935 -0.002257 -0.003684
v -0.004898 -0.002165 -0.003439
v -0.005259 -0.001522 -0.003399
v -0.004987 -0.001956 -0.003325
v -0.004936 -0.001844 -0.003072
v -0.005155 -0.001716 -0.003316
v -0.005055 -0.001674 -0.002968
v -0.004884 -0.002519 -0.004257
v -0.004671 -0.002687 -0.004028
v -0.004667 -0.002544 -0.003751
v -0.004683 -0.002385 -0.003559
v -0.004682 -0.002233 -0.003363
v -0.004686 -0.002039 -0.003172
v -0.004824 -0.001727 -0.002856
v -0.004332 -0.002751 -0.003871
v -0.004423 -0.002302 -0.003377
v -0.004560 -0.001735 -0.002794
v -0.004020 -0.002770 -0.003841
v -0.005208 -0.001402 -0.002682
v -0.005176 -0.001331 -0.002484
v -0.005226 -0.001133 -0.002359
v -0.005185 -0.001007 -0.002142
v -0.005365 -0.000862 -0.002633
v -0.005324 -0.000841 -0.002308
v -0.005236 -0.000790 -0.002010
v -0.005190 -0.000659 -0.001792
v -0.005384 -0.000516 -0.002284
v -0.005335 -0.000493 -0.001958
v -0.005241 -0.000441 -0.001660
v -0.005193 -0.000310 -0.001441
v -0.005412 -0.000173 -0.002277
v -0.005392 -0.000166 -0.001934
v -0.005341 -0.000143 -0.001607
v -0.005244 -0.000091 -0.001309
v -0.005195 0.000039 -0.001090
v -0.005015 -0.001533 -0.002682
v -0.005015 -0.001370 -0.002447
v -0.005013 -0.001207 -0.002292
v -0.005007 -0.001042 -0.002109
v -0.005016 -0.000860 -0.001941
v -0.005008 -0.000693 -0.001758
v -0.005017 -0.000511 -0.001589
v -0.005009 -0.000344 -0.001406
v -0.005018 -0.000163 -0.001238
v -0.005010 0.000004 -0.001055
v -0.004705 -0.001605 -0.002677
v -0.004711 -0.001003 -0.002048
v -0.004678 -0.000559 -0.001600
v -0.004712 -0.000046 -0.001084
v -0.004305 -0.001582 -0.002629
v -0.004665 0.000497 -0.000535
v -0.002464 -0.004591 -0.017462
v -0.002616 -0.004577 -0.017289
v -0.002508 -0.004664 -0.017006
v -0.002515 -0.004290 -0.017892
v -0.002629 -0.004439 -0.017630
v -0.002783 -0.004541 -0.016864
v -0.002222 -0.004604 -0.017525
v -0.001795 -0.004871 -0.017159
v -0.001761 -0.004934 -0.016962
v -0.001776 -0.004641 -0.017543
v -0.002026 -0.004843 -0.016959
v -0.001440 -0.004924 -0.017182
v -0.001569 -0.004754 -0.017417
v -0.001336 -0.004209 -0.017994
v -0.001294 -0.003026 -0.019168
v -0.001091 -0.005035 -0.016937
v -0.001141 -0.004718 -0.017486
v -0.001261 -0.003632 -0.018559
v -0.000787 -0.004949 -0.017196
v -0.000914 -0.004468 -0.017709
v -0.000944 -0.004089 -0.018063
v -0.000941 -0.003723 -0.018424
v -0.000810 -0.003041 -0.019138
v -0.000280 -0.005069 -0.016926
v -0.000529 -0.004600 -0.017551
v -0.000452 -0.004799 -0.017383
v -0.000686 -0.004208 -0.017866
v -0.000550 -0.004344 -0.017676
v -0.000325 -0.004159 -0.017055
v -0.000730 -0.003856 -0.018198
v -0.000662 -0.003986 -0.017971
v -0.000498 -0.004059 -0.017641
v -0.000433 -0.004037 -0.017354
v -0.000456 -0.003962 -0.016781
v -0.000619 -0.003365 -0.018683
v -0.000662 -0.003647 -0.018322
v -0.000564 -0.003692 -0.018006
v -0.000506 -0.003715 -0.017666
v -0.000488 -0.003693 -0.017340
v -0.000867 -0.003324 -0.018826
v -0.000471 -0.003414 -0.018357
v -0.000426 -0.003437 -0.018021
v -0.000399 -0.003435 -0.017646
v -0.000264 -0.002863 -0.019300
v -0.000185 -0.004605 -0.017512
v -0.000218 -0.004379 -0.017523
v -0.000181 -0.004273 -0.017293
v -0.000117 -0.004267 -0.016912
v -0.000348 -0.004209 -0.017532
v -0.000202 -0.003054 -0.019011
v -0.000303 -0.003217 -0.018675
v -0.000265 -0.003249 -0.018365
v -0.000237 -0.003257 -0.017970
v -0.000104 -0.003130 -0.018705
v -0.000075 -0.003163 -0.018314
v -0.000054 -0.003194 -0.012653
v -0.002569 -0.004654 -0.016487
v -0.002266 -0.004790 -0.016433
v -0.001827 -0.004941 -0.016570
v -0.001866 -0.004962 -0.012795
v -0.002047 -0.004874 -0.016499
v -0.001543 -0.005011 -0.016543
v -0.001571 -0.005034 -0.012760
v -0.001188 -0.005077 -0.016479
v -0.000738 -0.005109 -0.016613
v -0.000841 -0.005119 -0.016194
v -0.000499 -0.005138 -0.016197
v -0.000369 -0.004224 -0.008132
v -0.000481 -0.003975 -0.012571
v -0.000495 -0.003700 -0.014659
v -0.000395 -0.003466 -0.012738
v 0.000007 -0.005124 -0.016610
v 0.000019 -0.005146 -0.016191
v -0.000210 -0.003282 -0.012909
v -0.002625 -0.004734 -0.006552
v -0.001586 -0.005073 -0.006921
v -0.000604 -0.005182 -0.006921
v -0.000494 -0.003699 -0.012477
v -0.000366 -0.003461 -0.012069
v -0.000127 -0.003278 -0.012476
v -0.000137 -0.003325 -0.011892
v -0.002149 -0.004925 -0.006910
v -0.002390 -0.004834 -0.006905
v -0.001892 -0.005001 -0.006937
v -0.001235 -0.005132 -0.006927
v -0.000887 -0.005166 -0.007232
v -0.000516 -0.004001 -0.006488
v -0.000513 -0.003730 -0.006011
v 0.000000 -0.005188 -0.007236
v -0.000147 -0.004366 -0.006598
v -0.000149 -0.003385 -0.005344
v -0.002767 -0.004609 -0.005951
v -0.002573 -0.004625 -0.005849
v -0.002642 -0.004444 -0.005571
v -0.002075 -0.004938 -0.006476
v -0.002101 -0.004899 -0.006263
v -0.001860 -0.004932 -0.006185
v -0.001403 -0.005071 -0.006486
v -0.001419 -0.004991 -0.006197
v -0.001673 -0.004843 -0.005961
v -0.001619 -0.004725 -0.005804
v -0.001225 -0.004872 -0.005971
v -0.001110 -0.004691 -0.005767
v -0.001252 -0.004276 -0.005353
v -0.000749 -0.005126 -0.006492
v -0.000753 -0.005024 -0.006198
v -0.000874 -0.004864 -0.005958
v -0.000888 -0.004535 -0.005679
v -0.000529 -0.004669 -0.005836
v -0.000388 -0.004239 -0.006519
v -0.000419 -0.004274 -0.006124
v -0.000548 -0.004384 -0.005782
v -0.000532 -0.004008 -0.006121
v -0.000582 -0.004034 -0.005769
v -0.000559 -0.003738 -0.005467
v -0.000376 -0.003503 -0.005457
v 0.000400 -0.005134 -0.006494
v -0.000120 -0.004867 -0.005990
v -0.000176 -0.004685 -0.005869
v -0.000154 -0.004406 -0.006147
v -0.000176 -0.004502 -0.005895
v -0.002999 -0.004006 -0.005081
v -0.001668 -0.004495 -0.005561
v -0.001256 -0.003791 -0.004861
v -0.001183 -0.003175 -0.004226
v -0.000928 -0.004140 -0.005305
v -0.000930 -0.003786 -0.004928
v -0.000869 -0.003446 -0.004563
v -0.000833 -0.003217 -0.004285
v -0.000705 -0.004258 -0.005540
v -0.000692 -0.004020 -0.005432
v -0.000675 -0.003724 -0.005057
v -0.000557 -0.003453 -0.004726
v -0.000425 -0.003491 -0.005068
v -0.000527 -0.003276 -0.004413
v -0.000405 -0.002927 -0.003973
v -0.000151 -0.003377 -0.005073
v -0.000174 -0.003341 -0.004730
v -0.000174 -0.003247 -0.004433
v -0.000148 -0.003113 -0.004197
v -0.000005 -0.002618 -0.019567
v 0.003622 -0.002707 -0.019463
v -0.004893 0.000354 -0.022396
v -0.004890 0.000705 -0.022743
v -0.004953 0.000581 -0.022519
v -0.004878 0.001057 -0.023040
v -0.004946 0.000932 -0.022856
v -0.005067 0.000894 -0.022554
v -0.004917 0.001272 -0.023072
v -0.005046 0.001242 -0.022867
v -0.005124 0.001229 -0.022564
v -0.004933 0.001699 -0.023091
v -0.005083 0.001664 -0.022871
v -0.005143 0.001599 -0.022566
v -0.004942 0.004184 -0.023079
v -0.005143 0.004283 -0.022561
v -0.004669 0.000153 -0.022287
v -0.004679 0.000658 -0.022791
v -0.004690 0.000491 -0.022609
v -0.004675 0.001030 -0.023091
v -0.004688 0.000846 -0.022947
v -0.004683 0.001272 -0.023159
v -0.004687 0.001583 -0.023183
v -0.004666 0.001929 -0.023185
v -0.004729 0.002632 -0.023154
v -0.004353 0.000127 -0.022298
v -0.004365 0.000573 -0.022740
v -0.004335 0.001018 -0.023108
v -0.004285 0.000812 -0.022969
v -0.004368 0.001270 -0.023181
v -0.004370 0.001582 -0.023200
v -0.004378 0.001920 -0.023173
v -0.004399 0.002271 -0.023103
v -0.004257 0.002353 -0.022861
v -0.004229 0.002416 -0.022451
v -0.004502 0.002631 -0.023086
v -0.004384 0.002658 -0.022873
v -0.004336 0.002666 -0.022463
v -0.003965 0.000612 -0.022784
v -0.003801 0.001261 -0.023164
v -0.004028 0.001575 -0.023171
v -0.004061 0.001887 -0.023098
v -0.003957 0.001990 -0.022874
v -0.003913 0.002020 -0.022472
v -0.004182 0.002127 -0.023056
v -0.004090 0.002209 -0.022470
v -0.003672 0.001561 -0.023100
v -0.003576 0.001709 -0.022858
v -0.003524 0.001735 -0.022567
v -0.003814 0.001772 -0.023056
v -0.003721 0.001866 -0.022467
v -0.003316 0.001468 -0.023084
v -0.003286 0.001599 -0.022873
v -0.003259 0.001655 -0.022450
v -0.002614 0.001227 -0.023148
v -0.002973 0.001432 -0.023079
v -0.002967 0.001555 -0.022872
v -0.002950 0.001609 -0.022472
v -0.004956 0.000230 -0.022170
v -0.005076 0.000193 -0.021857
v -0.005142 0.000179 -0.021521
v -0.005179 0.000225 -0.021160
v -0.005072 0.000544 -0.022206
v -0.005138 0.000529 -0.021871
v -0.005167 0.000526 -0.021524
v -0.005177 0.000728 -0.021383
v -0.005134 0.000879 -0.022221
v -0.005163 0.000876 -0.021874
v -0.005166 0.001261 -0.022150
v -0.005168 0.003979 -0.022144
v -0.004402 0.002652 -0.017067
v -0.004178 0.002129 -0.013219
v -0.003495 0.001733 -0.022104
v -0.003819 0.001803 -0.012681
v -0.005248 0.003968 -0.015987
v -0.004294 0.002361 -0.016055
v -0.004024 0.001960 -0.012626
v -0.003295 0.001618 -0.015820
v -0.002974 0.001576 -0.015130
v -0.004428 0.002628 -0.015893
v -0.004451 0.002586 -0.012961
v -0.003598 0.001687 -0.012575
v -0.005438 0.003603 -0.001262
v -0.004529 0.002800 -0.012682
v -0.004309 0.002305 -0.012667
v -0.003328 0.001583 -0.009394
v -0.002978 0.001550 -0.009206
v -0.004599 0.002681 -0.004973
v -0.004205 0.002087 -0.009311
v -0.004358 0.002297 -0.009356
v -0.004522 0.002474 -0.005437
v -0.003839 0.001770 -0.009249
v -0.004020 0.001903 -0.009238
v -0.003645 0.001674 -0.009316
v -0.003602 0.001644 -0.007991
v -0.004256 0.002067 -0.005311
v -0.004412 0.002272 -0.005307
v -0.003919 0.001719 -0.000974
v -0.003316 0.001554 -0.005719
v -0.002979 0.001536 -0.005801
v -0.004563 0.002421 -0.000970
v -0.004290 0.002022 -0.000976
v -0.004106 0.001848 -0.000964
v -0.003647 0.001599 -0.000982
v -0.003329 0.001525 -0.000967
v -0.002998 0.001518 -0.000950
v -0.005420 0.000187 -0.001940
v -0.005397 0.000184 -0.001584
v -0.005344 0.000207 -0.001257
v -0.005247 0.000258 -0.000958
v -0.005196 0.000388 -0.000740
v -0.005430 0.000550 -0.001637
v -0.005401 0.000534 -0.001234
v -0.005348 0.000556 -0.000908
v -0.005249 0.000605 -0.000615
v -0.005196 0.000730 -0.000420
v -0.005434 0.000903 -0.001277
v -0.005405 0.000882 -0.000888
v -0.005346 0.000899 -0.000582
v -0.005238 0.000932 -0.000360
v -0.005432 0.001318 -0.000877
v -0.005395 0.001376 -0.000552
v -0.005263 0.001235 -0.000314
v -0.005272 0.001677 -0.000291
v -0.005277 0.004252 -0.000297
v -0.005019 0.000186 -0.000887
v -0.005011 0.000353 -0.000704
v -0.005020 0.000536 -0.000539
v -0.005012 0.000711 -0.000373
v -0.005022 0.000934 -0.000256
v -0.005032 0.001236 -0.000179
v -0.005035 0.001576 -0.000153
v -0.005037 0.001925 -0.000162
v -0.005064 0.002555 -0.000202
v -0.004672 0.000709 -0.000350
v -0.004587 0.000960 -0.000205
v -0.004718 0.001236 -0.000137
v -0.004721 0.001574 -0.000124
v -0.004728 0.001918 -0.000174
v -0.004602 0.002368 -0.000560
v -0.004742 0.002271 -0.000275
v -0.004651 0.002674 -0.000940
v -0.004702 0.002659 -0.000552
v -0.004832 0.002631 -0.000296
v -0.004380 0.001271 -0.000140
v -0.004384 0.001564 -0.000172
v -0.004323 0.001979 -0.000556
v -0.004421 0.001880 -0.000286
v -0.004446 0.002217 -0.000951
v -0.004535 0.002124 -0.000345
v -0.003963 0.001673 -0.000548
v -0.004037 0.001542 -0.000277
v -0.004186 0.001758 -0.000347
v -0.003590 0.001184 -0.000196
v -0.003648 0.001551 -0.000556
v -0.003673 0.001436 -0.000303
v -0.003127 0.000919 -0.000235
v -0.003320 0.001489 -0.000561
v -0.003324 0.001389 -0.000315
v -0.002655 0.001190 -0.000193
v -0.002978 0.001485 -0.000561
v -0.002975 0.001387 -0.000315
v -0.005081 0.004280 -0.022867
v -0.004913 0.004670 -0.023069
v -0.005032 0.004683 -0.022868
v -0.005083 0.004694 -0.022566
v -0.004870 0.004862 -0.023037
v -0.004918 0.004915 -0.022861
v -0.004948 0.004962 -0.022465
v -0.004729 0.003687 -0.023151
v -0.004663 0.004367 -0.023171
v -0.004682 0.004676 -0.023148
v -0.004617 0.004897 -0.023078
v -0.004685 0.005027 -0.022867
v -0.004692 0.005090 -0.022565
v -0.004545 0.002976 -0.023081
v -0.004442 0.002981 -0.022871
v -0.004406 0.002986 -0.022500
v -0.004547 0.003325 -0.023080
v -0.004447 0.003321 -0.022871
v -0.004411 0.003322 -0.022503
v -0.004509 0.003673 -0.023083
v -0.004397 0.003649 -0.022872
v -0.004347 0.003655 -0.022458
v -0.004409 0.004039 -0.023095
v -0.004285 0.003962 -0.022875
v -0.004248 0.003907 -0.022467
v -0.004384 0.004379 -0.023156
v -0.004371 0.004682 -0.023158
v -0.004283 0.005077 -0.022856
v -0.004370 0.005140 -0.022566
v -0.004198 0.004190 -0.023048
v -0.004107 0.004129 -0.022501
v -0.004078 0.004422 -0.023083
v -0.003985 0.004335 -0.022869
v -0.003946 0.004308 -0.022474
v -0.004036 0.004696 -0.023130
v -0.003893 0.004927 -0.023060
v -0.003951 0.005151 -0.022551
v -0.003840 0.004542 -0.023041
v -0.003600 0.004636 -0.022876
v -0.003746 0.004475 -0.022488
v -0.003688 0.004728 -0.023068
v -0.003557 0.004603 -0.022566
v -0.003234 0.004841 -0.023046
v -0.003299 0.004739 -0.022865
v -0.003280 0.004693 -0.022445
v -0.002577 0.004958 -0.023041
v -0.002654 0.005046 -0.022888
v -0.002834 0.005109 -0.022584
v -0.002971 0.004787 -0.022864
v -0.002962 0.004746 -0.022461
v -0.005155 0.004382 -0.022141
v -0.005100 0.004710 -0.022113
v -0.004973 0.004958 -0.019426
v -0.004686 0.005118 -0.022129
v -0.004475 0.003317 -0.017245
v -0.004289 0.003923 -0.017113
v -0.004367 0.005170 -0.022147
v -0.004373 0.005140 -0.014565
v -0.003929 0.005179 -0.022130
v -0.004020 0.005138 -0.012650
v -0.003530 0.004600 -0.022026
v -0.003604 0.005140 -0.014990
v -0.003290 0.004685 -0.018505
v -0.002986 0.005136 -0.022165
v -0.002970 0.004729 -0.018454
v -0.002986 0.005124 -0.016923
v -0.005235 0.004360 -0.015988
v -0.005176 0.004680 -0.015965
v -0.004999 0.004949 -0.015908
v -0.004712 0.005096 -0.015789
v -0.004477 0.002977 -0.016963
v -0.004412 0.003646 -0.016631
v -0.004150 0.004145 -0.016333
v -0.003976 0.004327 -0.016142
v -0.003779 0.004481 -0.015647
v -0.005246 0.004278 -0.015924
v -0.005270 0.004442 -0.013577
v -0.005237 0.004573 -0.015637
v -0.005240 0.004701 -0.014161
v -0.005178 0.004876 -0.013689
v -0.005172 0.004819 -0.015254
v -0.004969 0.004987 -0.015743
v -0.005040 0.004984 -0.014317
v -0.004539 0.003085 -0.016065
v -0.004540 0.003213 -0.016069
v -0.004556 0.003294 -0.012773
v -0.004722 0.005098 -0.014336
v -0.004510 0.002878 -0.015721
v -0.004503 0.003321 -0.016261
v -0.004510 0.003418 -0.015690
v -0.004522 0.003484 -0.012982
v -0.004428 0.003678 -0.015638
v -0.004445 0.003705 -0.012872
v -0.004301 0.003937 -0.015808
v -0.003565 0.004596 -0.014427
v -0.003440 0.005109 -0.006903
v -0.003299 0.004676 -0.013149
v -0.002978 0.004708 -0.013146
v -0.005247 0.004687 -0.013792
v -0.004997 0.005015 -0.013303
v -0.004557 0.003017 -0.012932
v -0.004545 0.003527 -0.009822
v -0.004709 0.005097 -0.011335
v -0.004317 0.003955 -0.012407
v -0.004325 0.004000 -0.008959
v -0.004161 0.004173 -0.012282
v -0.004024 0.004331 -0.009172
v -0.003802 0.004489 -0.009004
v -0.003573 0.004598 -0.008613
v -0.005309 0.004676 -0.006948
v -0.005210 0.004883 -0.007473
v -0.005008 0.005014 -0.008778
v -0.004460 0.003767 -0.008994
v -0.004176 0.004191 -0.008803
v -0.003994 0.004360 -0.008111
v -0.003301 0.004665 -0.006959
v -0.002984 0.004688 -0.008130
v -0.005353 0.004394 -0.006647
v -0.005015 0.005015 -0.004958
v -0.004646 0.002986 -0.004825
v -0.004640 0.003296 -0.004803
v -0.004616 0.003599 -0.000952
v -0.004714 0.005081 -0.005530
v -0.004531 0.003806 -0.000902
v -0.004360 0.004006 -0.004942
v -0.004349 0.005087 -0.001242
v -0.003006 0.004663 -0.002151
v -0.005369 0.004664 -0.000948
v -0.005249 0.004886 -0.000892
v -0.005031 0.005010 -0.000934
v -0.004729 0.005065 -0.000956
v -0.004229 0.004205 -0.000955
v -0.004032 0.004370 -0.000935
v -0.003828 0.004500 -0.000896
v -0.003594 0.004599 -0.000964
v -0.003312 0.004656 -0.000989
v -0.005438 0.003996 -0.000928
v -0.005396 0.004242 -0.000554
v -0.005422 0.004355 -0.000940
v -0.005337 0.004670 -0.000564
v -0.005242 0.004664 -0.000327
v -0.005232 0.004879 -0.000576
v -0.005199 0.004845 -0.000378
v -0.005061 0.003520 -0.000202
v -0.005042 0.004028 -0.000169
v -0.005034 0.004366 -0.000165
v -0.005026 0.004673 -0.000209
v -0.005020 0.004979 -0.000567
v -0.005015 0.004885 -0.000333
v -0.004695 0.002979 -0.000949
v -0.004743 0.002980 -0.000555
v -0.004864 0.002978 -0.000303
v -0.004682 0.003305 -0.000949
v -0.004728 0.003316 -0.000556
v -0.004847 0.003332 -0.000303
v -0.004652 0.003649 -0.000551
v -0.004769 0.003708 -0.000293
v -0.004758 0.004039 -0.000199
v -0.004723 0.004368 -0.000163
v -0.004717 0.004678 -0.000181
v -0.004674 0.005024 -0.000559
v -0.004652 0.004899 -0.000303
v -0.004597 0.003867 -0.000373
v -0.004391 0.004023 -0.000915
v -0.004422 0.004042 -0.000566
v -0.004525 0.004070 -0.000325
v -0.004259 0.004257 -0.000552
v -0.004380 0.004374 -0.000279
v -0.004375 0.004685 -0.000214
v -0.004253 0.005077 -0.000881
v -0.004036 0.004415 -0.000564
v -0.004066 0.004514 -0.000332
v -0.004037 0.004719 -0.000258
v -0.003274 0.005040 -0.000569
v -0.003944 0.004921 -0.000344
v -0.003630 0.004637 -0.000560
v -0.003855 0.004584 -0.000380
v -0.003700 0.004733 -0.000341
v -0.003310 0.004702 -0.000569
v -0.003327 0.004798 -0.000362
v -0.003164 0.004946 -0.000367
v -0.002985 0.004663 -0.000941
v -0.002983 0.004704 -0.000569
v -0.002970 0.004799 -0.000362
v -0.002625 0.001438 -0.023079
v -0.002623 0.001568 -0.022873
v -0.002624 0.001621 -0.022473
v -0.001685 0.001022 -0.023102
v -0.001895 0.001282 -0.023160
v -0.002278 0.001485 -0.023087
v -0.002274 0.001646 -0.022881
v -0.002324 0.001689 -0.022479
v -0.001932 0.001823 -0.022909
v -0.002100 0.001786 -0.022531
v -0.001937 0.001571 -0.023119
v -0.002052 0.001697 -0.022984
v -0.001817 0.001782 -0.023060
v -0.001908 0.001913 -0.022486
v -0.001465 0.001272 -0.023175
v -0.001578 0.001582 -0.023168
v -0.001555 0.001906 -0.023097
v -0.001678 0.002028 -0.022879
v -0.001717 0.002085 -0.022450
v -0.001432 0.002169 -0.023065
v -0.001489 0.002275 -0.022884
v -0.001553 0.002276 -0.022504
v -0.001286 0.002648 -0.022900
v -0.001427 0.002476 -0.022553
v -0.001205 0.001566 -0.023199
v -0.001224 0.001929 -0.023174
v -0.001215 0.002288 -0.023127
v -0.001348 0.002404 -0.022994
v -0.001128 0.002629 -0.023094
v -0.001342 0.002700 -0.022469
v 0.004279 0.000655 -0.022789
v -0.000839 0.002595 -0.023179
v -0.000514 0.001948 -0.023208
v 0.004274 0.000837 -0.022956
v 0.001245 0.001271 -0.023168
v 0.000939 0.001584 -0.023197
v -0.001581 0.002294 -0.018998
v -0.001463 0.002515 -0.017975
v -0.002651 0.001602 -0.015283
v -0.002363 0.001682 -0.013837
v -0.002149 0.001790 -0.013170
v -0.001952 0.001926 -0.014307
v -0.001776 0.002109 -0.012838
v -0.001423 0.002795 -0.012417
v -0.001639 0.002304 -0.012730
v -0.001497 0.002588 -0.012335
v -0.002651 0.001591 -0.009023
v -0.002140 0.001807 -0.009749
v -0.001923 0.001961 -0.012947
v -0.001789 0.002141 -0.008465
v -0.002373 0.001685 -0.007191
v -0.001959 0.001961 -0.008169
v -0.001653 0.002354 -0.008283
v -0.001512 0.002635 -0.009253
v -0.002680 0.001576 -0.000964
v -0.001545 0.002661 -0.007078
v -0.002397 0.001685 -0.000982
v -0.002190 0.001813 -0.000977
v -0.001995 0.001984 -0.000970
v -0.001844 0.002161 -0.000932
v -0.001707 0.002390 -0.000968
v -0.001614 0.002641 -0.000970
v -0.001975 0.000701 -0.000347
v -0.002647 0.001542 -0.000556
v -0.002625 0.001431 -0.000302
v -0.001827 0.000933 -0.000207
v -0.002333 0.001664 -0.000558
v -0.002257 0.001536 -0.000274
v -0.002103 0.001749 -0.000346
v -0.001923 0.001233 -0.000135
v -0.001912 0.001561 -0.000165
v -0.001960 0.001960 -0.000556
v -0.001870 0.001870 -0.000283
v -0.001674 0.002335 -0.000545
v -0.001753 0.002109 -0.000342
v -0.001539 0.001232 -0.000110
v -0.001572 0.001573 -0.000101
v -0.001561 0.001913 -0.000154
v -0.001543 0.002261 -0.000260
v -0.001568 0.002651 -0.000550
v -0.001446 0.002627 -0.000279
v -0.001189 0.001570 -0.000067
v -0.001223 0.001923 -0.000081
v -0.001230 0.002206 -0.000111
v -0.000888 0.002066 -0.000062
v -0.000575 0.001967 -0.000053
v 0.001840 0.000696 -0.000338
v 0.001206 0.001233 -0.000097
v 0.000459 0.002077 -0.000047
v -0.002626 0.004854 -0.023045
v -0.002631 0.004780 -0.022863
v -0.002616 0.004732 -0.022405
v -0.002281 0.004813 -0.023048
v -0.002310 0.004722 -0.022864
v -0.002321 0.004664 -0.022420
v -0.001774 0.005150 -0.022563
v -0.001779 0.004524 -0.023042
v -0.002015 0.004609 -0.022868
v -0.001880 0.004424 -0.022468
v -0.001923 0.004717 -0.023067
v -0.002074 0.004557 -0.022429
v -0.001673 0.004918 -0.023058
v -0.001891 0.005068 -0.022867
v -0.001423 0.004160 -0.023047
v -0.001624 0.004280 -0.022872
v -0.001516 0.004032 -0.022478
v -0.001538 0.004403 -0.023083
v -0.001698 0.004254 -0.022455
v -0.001570 0.004689 -0.023128
v -0.001065 0.003187 -0.023083
v -0.001222 0.002974 -0.022875
v -0.001272 0.002986 -0.022567
v -0.001211 0.003317 -0.022871
v -0.001271 0.003319 -0.022526
v -0.001112 0.003665 -0.023082
v -0.001256 0.003633 -0.022871
v -0.001323 0.003612 -0.022483
v -0.001206 0.004019 -0.023094
v -0.001347 0.003899 -0.022872
v -0.001411 0.003852 -0.022472
v -0.001218 0.004370 -0.023155
v -0.001224 0.004679 -0.023156
v -0.001207 0.004915 -0.023071
v -0.000854 0.003856 -0.023176
v -0.000874 0.004366 -0.023186
v -0.000894 0.004680 -0.023163
v -0.000466 0.004269 -0.023198
v 0.000815 0.004366 -0.023187
v 0.001189 0.004679 -0.023157
v 0.001783 0.005150 -0.022555
v -0.002652 0.005139 -0.022135
v -0.002319 0.004624 -0.018209
v -0.001856 0.005178 -0.022198
v -0.001931 0.004402 -0.018397
v -0.001436 0.003817 -0.020040
v -0.001555 0.004036 -0.020446
v -0.001738 0.004222 -0.018479
v -0.001438 0.005182 -0.021823
v -0.001290 0.003007 -0.022085
v -0.001294 0.003317 -0.021526
v -0.001348 0.003614 -0.021080
v -0.002627 0.004705 -0.018355
v -0.002444 0.005121 -0.010090
v -0.002111 0.004531 -0.018480
v -0.002143 0.004497 -0.014412
v -0.001930 0.005161 -0.018273
v -0.001933 0.004344 -0.014474
v -0.001497 0.003753 -0.014332
v -0.001576 0.004009 -0.018322
v -0.001394 0.003000 -0.012289
v -0.001394 0.003276 -0.012374
v -0.002656 0.004672 -0.012104
v -0.002357 0.004598 -0.013942
v -0.001772 0.004182 -0.014190
v -0.001638 0.003993 -0.013860
v -0.002203 0.004457 -0.008172
v -0.001807 0.004140 -0.009842
v -0.002029 0.005117 -0.007659
v -0.001421 0.003499 -0.013097
v -0.001499 0.003693 -0.012451
v -0.001653 0.003934 -0.010196
v -0.001411 0.003193 -0.009130
v -0.002412 0.004572 -0.008205
v -0.001894 0.004064 -0.000970
v -0.001985 0.004310 -0.009489
v -0.001436 0.002877 -0.009519
v -0.001445 0.002980 -0.008928
v -0.001444 0.003417 -0.009578
v -0.001457 0.003318 -0.008910
v -0.001527 0.003672 -0.009762
v -0.001547 0.003642 -0.008767
v -0.001672 0.003921 -0.008888
v -0.002915 0.005095 -0.002723
v -0.001410 0.003082 -0.009121
v -0.002700 0.004625 -0.003226
v -0.002075 0.004252 -0.000991
v -0.001483 0.002982 -0.007196
v -0.001490 0.003323 -0.007378
v -0.002283 0.004414 -0.000994
v -0.001571 0.003308 -0.000949
v -0.001647 0.003624 -0.000968
v -0.001751 0.003859 -0.000979
v -0.002488 0.004534 -0.000957
v -0.002331 0.004483 -0.000560
v -0.002436 0.004591 -0.000384
v -0.002685 0.004607 -0.000964
v -0.002677 0.004646 -0.000569
v -0.002594 0.004736 -0.000343
v -0.002521 0.005037 -0.000571
v -0.002481 0.004925 -0.000350
v -0.002229 0.004526 -0.000334
v -0.002136 0.004706 -0.000238
v -0.001723 0.003920 -0.000562
v -0.001793 0.004151 -0.000330
v -0.002028 0.004280 -0.000550
v -0.001919 0.004395 -0.000277
v -0.001646 0.004914 -0.000300
v -0.001558 0.002978 -0.000938
v -0.001523 0.002979 -0.000552
v -0.001410 0.002975 -0.000285
v -0.001535 0.003317 -0.000551
v -0.001418 0.003322 -0.000283
v -0.001599 0.003633 -0.000547
v -0.001465 0.003664 -0.000272
v -0.001565 0.004015 -0.000250
v -0.001577 0.004366 -0.000156
v -0.001576 0.004681 -0.000163
v -0.001169 0.003150 -0.000125
v -0.001254 0.004057 -0.000108
v -0.001227 0.004366 -0.000089
v -0.001211 0.004683 -0.000138
v -0.000860 0.004009 -0.000053
v -0.000922 0.004365 -0.000068
v 0.000493 0.003975 -0.000040
v 0.000857 0.004370 -0.000060
v 0.004263 0.005078 -0.000877
v 0.002311 0.005039 -0.000561
v 0.000798 -0.004947 -0.017193
v 0.000170 -0.004613 -0.017508
v 0.001019 -0.004790 -0.017396
v 0.000156 -0.004419 -0.017507
v 0.000129 -0.004312 -0.017287
v 0.000137 -0.004273 -0.016909
v 0.000352 -0.003144 -0.018883
v 0.000325 -0.003202 -0.018668
v 0.000274 -0.003240 -0.018156
v 0.000179 -0.002869 -0.019284
v 0.000197 -0.003045 -0.019014
v 0.000125 -0.003125 -0.018703
v 0.000102 -0.003158 -0.018304
v 0.000814 -0.005051 -0.016941
v 0.000523 -0.004596 -0.017536
v 0.000695 -0.004194 -0.017847
v 0.000529 -0.004322 -0.017615
v 0.000387 -0.004215 -0.017310
v 0.000354 -0.004170 -0.016848
v 0.000755 -0.003837 -0.018187
v 0.000697 -0.003965 -0.017968
v 0.000577 -0.004000 -0.017656
v 0.000515 -0.003981 -0.017321
v 0.000500 -0.003961 -0.016963
v 0.000721 -0.003504 -0.018532
v 0.000692 -0.003626 -0.018309
v 0.000609 -0.003674 -0.018003
v 0.000564 -0.003692 -0.017670
v 0.000542 -0.003690 -0.017330
v 0.000543 -0.003167 -0.018923
v 0.000590 -0.003331 -0.018659
v 0.000503 -0.003392 -0.018349
v 0.000464 -0.003416 -0.018019
v 0.000443 -0.003419 -0.017646
v 0.000836 -0.003043 -0.019123
v 0.001216 -0.004515 -0.017674
v 0.000888 -0.004443 -0.017698
v 0.000945 -0.004065 -0.018060
v 0.000959 -0.003704 -0.018414
v 0.000925 -0.003346 -0.018794
v 0.001437 -0.004915 -0.017194
v 0.001380 -0.005001 -0.016953
v 0.001238 -0.003748 -0.018421
v 0.001239 -0.003146 -0.019035
v 0.001692 -0.003589 -0.018596
v 0.001780 -0.004888 -0.017146
v 0.001819 -0.004927 -0.016929
v 0.001688 -0.004730 -0.017422
v 0.001995 -0.004770 -0.017276
v 0.002079 -0.004839 -0.016929
v 0.001773 -0.004462 -0.017730
v 0.002267 -0.004588 -0.017530
v 0.002286 -0.004424 -0.017745
v 0.002569 -0.004547 -0.017512
v 0.002745 -0.004547 -0.017348
v 0.002570 -0.004666 -0.016890
v 0.002603 -0.004418 -0.017700
v 0.002966 -0.003936 -0.018237
v 0.003117 -0.003568 -0.018608
v 0.000209 -0.003274 -0.012935
v 0.000045 -0.003192 -0.012644
v 0.000773 -0.005107 -0.016623
v 0.000518 -0.005139 -0.016194
v 0.000353 -0.004191 -0.012556
v 0.000488 -0.003978 -0.013203
v 0.000523 -0.003699 -0.014701
v 0.000401 -0.003454 -0.013129
v 0.000866 -0.005120 -0.016195
v 0.001362 -0.005044 -0.016634
v 0.001213 -0.005081 -0.016203
v 0.001551 -0.005020 -0.016201
v 0.001847 -0.004947 -0.016518
v 0.002183 -0.004836 -0.016539
v 0.002313 -0.004808 -0.013088
v 0.002581 -0.004688 -0.013113
v 0.000137 -0.004313 -0.011819
v 0.000134 -0.003285 -0.012450
v 0.000141 -0.003334 -0.011333
v 0.000532 -0.005182 -0.006878
v 0.000489 -0.003973 -0.011540
v 0.000505 -0.003699 -0.012645
v 0.000378 -0.003459 -0.012385
v 0.002096 -0.004892 -0.012973
v 0.002607 -0.004720 -0.006853
v 0.000352 -0.004225 -0.006604
v 0.000477 -0.003995 -0.006606
v 0.000470 -0.003730 -0.006009
v 0.000343 -0.003515 -0.005615
v 0.000871 -0.005165 -0.006882
v 0.001230 -0.005126 -0.006912
v 0.001572 -0.005067 -0.006899
v 0.002365 -0.004828 -0.006607
v 0.000174 -0.004684 -0.005868
v 0.000130 -0.004363 -0.006528
v 0.000144 -0.004400 -0.006147
v 0.000170 -0.004499 -0.005894
v 0.000125 -0.003393 -0.005212
v 0.000856 -0.005013 -0.006178
v 0.000837 -0.004868 -0.005962
v 0.000525 -0.004670 -0.005834
v 0.000396 -0.004264 -0.006123
v 0.000532 -0.004382 -0.005780
v 0.000495 -0.004005 -0.006121
v 0.000549 -0.004036 -0.005767
v 0.001104 -0.005100 -0.006480
v 0.000875 -0.004702 -0.005794
v 0.000882 -0.004501 -0.005645
v 0.001391 -0.004982 -0.006176
v 0.001526 -0.004847 -0.005942
v 0.001267 -0.004684 -0.005750
v 0.001566 -0.005038 -0.006489
v 0.001682 -0.004623 -0.005678
v 0.001880 -0.004992 -0.006876
v 0.002082 -0.004920 -0.006390
v 0.001878 -0.004934 -0.006214
v 0.002105 -0.004750 -0.005899
v 0.002133 -0.004916 -0.006832
v 0.002098 -0.004881 -0.006204
v 0.002739 -0.004622 -0.006067
v 0.002686 -0.004518 -0.005637
v 0.002605 -0.004485 -0.005571
v 0.000149 -0.003347 -0.004738
v 0.000177 -0.003261 -0.004443
v 0.000689 -0.004262 -0.005535
v 0.000665 -0.004025 -0.005423
v 0.000679 -0.003831 -0.005114
v 0.000525 -0.003734 -0.005416
v 0.000584 -0.003358 -0.004485
v 0.000383 -0.003502 -0.005073
v 0.000434 -0.003440 -0.004749
v 0.000563 -0.003129 -0.004184
v 0.000915 -0.004332 -0.005458
v 0.000916 -0.004143 -0.005286
v 0.000724 -0.003712 -0.004903
v 0.000897 -0.003688 -0.004777
v 0.000918 -0.003503 -0.004566
v 0.000944 -0.003313 -0.004365
v 0.001236 -0.004168 -0.005232
v 0.001024 -0.003824 -0.004886
v 0.001301 -0.003681 -0.004729
v 0.002739 -0.004144 -0.005197
v 0.002782 -0.004486 -0.017511
v 0.002803 -0.004550 -0.016918
v 0.002927 -0.004242 -0.017871
v 0.003122 -0.004339 -0.017324
v 0.003011 -0.004429 -0.016892
v 0.003265 -0.004085 -0.017944
v 0.003189 -0.004253 -0.017623
v 0.003232 -0.004283 -0.016950
v 0.003288 -0.003899 -0.018225
v 0.003394 -0.004110 -0.017658
v 0.003596 -0.003997 -0.017394
v 0.003435 -0.004135 -0.016933
v 0.003311 -0.003642 -0.018517
v 0.003520 -0.003857 -0.018194
v 0.003565 -0.003924 -0.017977
v 0.003595 -0.003973 -0.017660
v 0.003638 -0.003549 -0.018573
v 0.003646 -0.003710 -0.018320
v 0.003893 -0.003666 -0.018049
v 0.003808 -0.003809 -0.017286
v 0.003642 -0.003277 -0.018880
v 0.003902 -0.003446 -0.018597
v 0.003910 -0.003574 -0.018326
v 0.003976 -0.003635 -0.017640
v 0.003981 -0.003190 -0.018921
v 0.004093 -0.003412 -0.018358
v 0.004131 -0.003438 -0.018022
v 0.004143 -0.003448 -0.017635
v 0.003976 -0.002953 -0.019190
v 0.004259 -0.003040 -0.018969
v 0.004235 -0.003199 -0.018675
v 0.004277 -0.003233 -0.018365
v 0.004297 -0.003251 -0.017972
v 0.004312 -0.002821 -0.019265
v 0.004405 -0.003015 -0.018707
v 0.004448 -0.003034 -0.018286
v 0.004549 -0.002665 -0.019292
v 0.004533 -0.002800 -0.019022
v 0.004564 -0.002822 -0.018715
v 0.004580 -0.002828 -0.018345
v 0.003671 -0.004001 -0.009954
v 0.004504 -0.003109 -0.005143
v 0.004640 -0.002895 -0.005114
v 0.004016 -0.003678 -0.008999
v 0.002848 -0.004600 -0.006527
v 0.003283 -0.004331 -0.006514
v 0.003493 -0.004180 -0.006188
v 0.003861 -0.003864 -0.005829
v 0.004182 -0.003490 -0.009262
v 0.004334 -0.003308 -0.008308
v 0.002821 -0.004544 -0.005823
v 0.003080 -0.004464 -0.006254
v 0.003096 -0.004411 -0.005841
v 0.003472 -0.004172 -0.005780
v 0.003677 -0.004030 -0.005831
v 0.004035 -0.003690 -0.005513
v 0.004286 -0.003405 -0.005264
v 0.002848 -0.004448 -0.005592
v 0.002930 -0.004201 -0.005275
v 0.003213 -0.004257 -0.005492
v 0.003283 -0.004057 -0.005175
v 0.003427 -0.004132 -0.005453
v 0.003273 -0.003862 -0.004914
v 0.003655 -0.004000 -0.005440
v 0.003623 -0.003935 -0.005143
v 0.003619 -0.003822 -0.004917
v 0.003653 -0.003559 -0.004613
v 0.003512 -0.003122 -0.004155
v 0.003857 -0.003853 -0.005436
v 0.003843 -0.003824 -0.005134
v 0.003874 -0.003704 -0.004867
v 0.004108 -0.003588 -0.005081
v 0.003954 -0.003482 -0.004568
v 0.003961 -0.003232 -0.004286
v 0.003956 -0.002905 -0.003941
v 0.004170 -0.003479 -0.004789
v 0.004184 -0.003343 -0.004512
v 0.004474 -0.003114 -0.004715
v 0.004273 -0.003043 -0.004157
v 0.004429 -0.003068 -0.004407
v 0.004319 -0.002799 -0.003866
v 0.004635 -0.002890 -0.004727
v 0.004611 -0.002872 -0.004390
v 0.004564 -0.002822 -0.004089
v 0.004586 -0.002637 -0.003790
v 0.004271 0.000122 -0.022262
v 0.004080 -0.002474 -0.019681
v 0.004299 -0.001119 -0.021031
v 0.004309 -0.002556 -0.019570
v 0.004314 -0.002285 -0.019851
v 0.004410 -0.001770 -0.020378
v 0.004361 -0.000381 -0.021758
v 0.004608 -0.002374 -0.019646
v 0.004659 -0.002118 -0.019961
v 0.004666 -0.001639 -0.020473
v 0.004672 -0.001946 -0.020144
v 0.004671 -0.001273 -0.020837
v 0.004680 -0.000919 -0.021190
v 0.004697 -0.000587 -0.021523
v 0.004697 -0.000225 -0.021880
v 0.004680 0.000136 -0.022237
v 0.004881 -0.001945 -0.019992
v 0.004867 -0.002096 -0.019720
v 0.004865 -0.001736 -0.020286
v 0.004979 -0.001867 -0.019754
v 0.004889 -0.001388 -0.020638
v 0.004939 -0.001514 -0.020413
v 0.005038 -0.001552 -0.020102
v 0.005081 -0.001563 -0.019769
v 0.004911 -0.001040 -0.020987
v 0.004968 -0.001167 -0.020763
v 0.005084 -0.001210 -0.020453
v 0.005142 -0.001227 -0.020119
v 0.005165 -0.001240 -0.019734
v 0.004934 -0.000701 -0.021335
v 0.004993 -0.000830 -0.021112
v 0.005117 -0.000882 -0.020803
v 0.005182 -0.000906 -0.020470
v 0.005215 -0.000926 -0.020039
v 0.005013 -0.000339 -0.021682
v 0.005027 -0.000512 -0.021454
v 0.005142 -0.000586 -0.021151
v 0.005206 -0.000622 -0.020819
v 0.005232 -0.000644 -0.020475
v 0.005241 -0.000682 -0.020056
v 0.004945 0.000016 -0.022041
v 0.005035 -0.000110 -0.021844
v 0.005175 -0.000258 -0.021637
v 0.005188 -0.000339 -0.021452
v 0.005224 -0.000370 -0.021161
v 0.005243 -0.000391 -0.020823
v 0.005252 -0.000380 -0.020520
v 0.005222 0.000014 -0.021678
v 0.005248 -0.000126 -0.021166
v 0.004754 -0.002454 -0.019074
v 0.004701 -0.002607 -0.018641
v 0.004761 -0.002337 -0.019403
v 0.004823 -0.002361 -0.018684
v 0.004900 -0.002122 -0.019413
v 0.004923 -0.002121 -0.019043
v 0.005007 -0.001876 -0.019336
v 0.005093 -0.001574 -0.019373
v 0.005202 -0.001278 -0.012917
v 0.005266 -0.000823 -0.012877
v 0.005281 -0.000519 -0.013040
v 0.005131 -0.001583 -0.012904
v 0.005289 -0.000167 -0.013074
v 0.004889 -0.002437 -0.004439
v 0.005243 -0.001045 -0.012814
v 0.004779 -0.002652 -0.004777
v 0.005090 -0.001916 -0.004072
v 0.005182 -0.001612 -0.003733
v 0.005312 -0.000855 -0.002697
v 0.004984 -0.002212 -0.004094
v 0.005239 -0.001380 -0.003390
v 0.005277 -0.001162 -0.003089
v 0.005342 -0.000163 -0.002321
v 0.004281 -0.001546 -0.002562
v 0.004345 -0.002625 -0.003685
v 0.004348 -0.002261 -0.003294
v 0.004762 -0.002652 -0.004380
v 0.004854 -0.002439 -0.003970
v 0.004665 -0.002336 -0.003437
v 0.004811 -0.002390 -0.003706
v 0.004671 -0.002105 -0.003163
v 0.004642 -0.001893 -0.002937
v 0.004959 -0.002184 -0.003689
v 0.004908 -0.002127 -0.003388
v 0.004861 -0.002048 -0.003181
v 0.005076 -0.001913 -0.003679
v 0.005037 -0.001889 -0.003349
v 0.004938 -0.001848 -0.003051
v 0.005154 -0.001620 -0.003331
v 0.005108 -0.001594 -0.003002
v 0.005215 -0.001388 -0.003003
v 0.005333 -0.000500 -0.002354
v 0.004666 -0.001541 -0.002578
v 0.004729 -0.001011 -0.002026
v 0.004687 -0.000371 -0.001379
v 0.004629 0.000279 -0.000719
v 0.004905 -0.001718 -0.002825
v 0.005039 -0.001512 -0.002683
v 0.005008 -0.001379 -0.002449
v 0.005219 -0.001283 -0.002642
v 0.004976 -0.001195 -0.002238
v 0.004984 -0.000857 -0.001894
v 0.004985 -0.000511 -0.001544
v 0.005014 -0.000177 -0.001223
v 0.004986 0.000140 -0.000888
v 0.005174 -0.001316 -0.002456
v 0.005204 -0.001143 -0.002343
v 0.005175 -0.001019 -0.002131
v 0.005282 -0.000847 -0.002302
v 0.005218 -0.000799 -0.002002
v 0.005181 -0.000670 -0.001780
v 0.005293 -0.000497 -0.001953
v 0.005222 -0.000450 -0.001651
v 0.005183 -0.000321 -0.001429
v 0.005329 -0.000168 -0.001933
v 0.005296 -0.000147 -0.001603
v 0.005224 -0.000100 -0.001300
v 0.005184 0.000028 -0.001078
v 0.002095 0.001025 -0.023090
v 0.000670 0.002113 -0.023203
v 0.000851 0.002625 -0.023179
v 0.001470 0.001616 -0.023175
v 0.001196 0.002272 -0.023154
v 0.001194 0.002621 -0.023091
v 0.001334 0.002728 -0.022871
v 0.001386 0.002758 -0.022566
v 0.002150 0.001251 -0.023145
v 0.001579 0.001929 -0.023101
v 0.001713 0.002062 -0.022901
v 0.001761 0.002125 -0.022519
v 0.001447 0.002248 -0.023071
v 0.001546 0.002311 -0.022882
v 0.001640 0.002264 -0.022567
v 0.001379 0.002475 -0.023041
v 0.001483 0.002548 -0.022506
v 0.001915 0.001548 -0.023143
v 0.001887 0.001789 -0.023066
v 0.001915 0.001910 -0.022870
v 0.001931 0.001965 -0.022454
v 0.002253 0.001534 -0.023081
v 0.002329 0.001666 -0.022848
v 0.002358 0.001710 -0.022454
v 0.002099 0.001714 -0.023035
v 0.002144 0.001813 -0.022503
v 0.002623 0.001449 -0.023070
v 0.002643 0.001570 -0.022868
v 0.002651 0.001617 -0.022565
v 0.001395 0.002782 -0.022183
v 0.001596 0.002347 -0.022091
v 0.002636 0.001635 -0.022090
v 0.001948 0.001945 -0.012752
v 0.002366 0.001689 -0.014612
v 0.001425 0.002793 -0.012343
v 0.001627 0.002334 -0.012130
v 0.001497 0.002591 -0.012071
v 0.001776 0.002117 -0.012464
v 0.002142 0.001782 -0.000903
v 0.002654 0.001582 -0.007448
v 0.002360 0.001677 -0.008191
v 0.001962 0.001928 -0.000950
v 0.001791 0.002111 -0.000908
v 0.001648 0.002324 -0.003767
v 0.001517 0.002596 -0.004735
v 0.001515 0.002641 -0.003676
v 0.002358 0.001662 -0.000958
v 0.002648 0.001562 -0.000946
v 0.001537 0.000929 -0.000196
v 0.000890 0.001571 -0.000059
v 0.000900 0.002005 -0.000057
v 0.000848 0.003001 -0.000075
v 0.001224 0.001575 -0.000067
v 0.001220 0.001920 -0.000082
v 0.001208 0.002267 -0.000120
v 0.001151 0.002903 -0.000155
v 0.001574 0.001234 -0.000105
v 0.001569 0.001570 -0.000100
v 0.001550 0.001903 -0.000163
v 0.001641 0.002345 -0.000956
v 0.001611 0.002326 -0.000556
v 0.001515 0.002241 -0.000276
v 0.001518 0.002642 -0.000911
v 0.001494 0.002635 -0.000563
v 0.001402 0.002618 -0.000307
v 0.002079 0.000927 -0.000206
v 0.001920 0.001231 -0.000126
v 0.001903 0.001553 -0.000168
v 0.001923 0.001924 -0.000563
v 0.001849 0.001850 -0.000296
v 0.001765 0.002112 -0.000573
v 0.001724 0.002076 -0.000358
v 0.002267 0.001221 -0.000159
v 0.002330 0.001629 -0.000552
v 0.002243 0.001525 -0.000274
v 0.002117 0.001773 -0.000571
v 0.002079 0.001729 -0.000355
v 0.002676 0.001184 -0.000176
v 0.002637 0.001527 -0.000553
v 0.002619 0.001422 -0.000293
v 0.001538 0.004914 -0.023063
v 0.000501 0.003863 -0.023194
v 0.002015 0.005064 -0.022862
v 0.000849 0.003325 -0.023170
v 0.000915 0.004019 -0.023179
v 0.001123 0.002980 -0.023079
v 0.001275 0.003004 -0.022869
v 0.001335 0.003013 -0.022566
v 0.001121 0.003325 -0.023078
v 0.001271 0.003305 -0.022869
v 0.001331 0.003297 -0.022566
v 0.001187 0.003688 -0.023086
v 0.001327 0.003602 -0.022866
v 0.001386 0.003555 -0.022471
v 0.001187 0.004032 -0.023145
v 0.001216 0.004368 -0.023160
v 0.001362 0.003839 -0.023035
v 0.001466 0.003781 -0.022486
v 0.001424 0.004060 -0.023063
v 0.001535 0.004029 -0.022864
v 0.001587 0.004005 -0.022428
v 0.001550 0.004375 -0.023082
v 0.001697 0.004289 -0.022868
v 0.001728 0.004226 -0.022566
v 0.001575 0.004679 -0.023122
v 0.001797 0.004503 -0.023038
v 0.001909 0.004403 -0.022566
v 0.001933 0.004703 -0.023062
v 0.002057 0.004594 -0.022866
v 0.002097 0.004546 -0.022571
v 0.002382 0.004825 -0.023041
v 0.002318 0.004703 -0.022862
v 0.002331 0.004656 -0.022566
v 0.003055 0.004952 -0.023036
v 0.002633 0.004774 -0.022861
v 0.002621 0.004731 -0.022549
v 0.002904 0.005107 -0.022571
v 0.001466 0.005182 -0.021847
v 0.001857 0.005178 -0.022188
v 0.001355 0.003017 -0.022145
v 0.001352 0.003298 -0.022144
v 0.001420 0.003502 -0.014187
v 0.001742 0.004211 -0.022149
v 0.001935 0.004401 -0.022134
v 0.002106 0.004527 -0.022153
v 0.002320 0.004630 -0.022094
v 0.002629 0.005142 -0.022113
v 0.002307 0.005136 -0.014211
v 0.002630 0.004718 -0.021787
v 0.001391 0.003011 -0.012795
v 0.001387 0.003276 -0.013787
v 0.001493 0.003739 -0.016288
v 0.001631 0.003996 -0.016344
v 0.002021 0.005105 -0.004935
v 0.001936 0.004349 -0.016173
v 0.002269 0.005113 -0.007198
v 0.002128 0.004490 -0.016101
v 0.002364 0.004611 -0.016107
v 0.002578 0.005121 -0.011697
v 0.001499 0.003705 -0.013358
v 0.001780 0.004183 -0.014863
v 0.001393 0.003260 -0.012277
v 0.001429 0.003487 -0.012188
v 0.001632 0.003959 -0.013503
v 0.001655 0.003928 -0.007013
v 0.002685 0.004632 -0.000990
v 0.001410 0.003064 -0.003862
v 0.001407 0.003214 -0.006370
v 0.001441 0.003442 -0.007231
v 0.001526 0.003688 -0.007294
v 0.002438 0.004558 -0.000982
v 0.001436 0.002885 -0.004184
v 0.001540 0.003670 -0.005897
v 0.001813 0.004135 -0.006358
v 0.001416 0.003199 -0.003842
v 0.001448 0.002984 -0.003634
v 0.001454 0.003379 -0.004149
v 0.001465 0.003321 -0.003618
v 0.001553 0.003650 -0.003677
v 0.001680 0.003916 -0.003678
v 0.001839 0.004109 -0.000931
v 0.002019 0.004287 -0.000967
v 0.002232 0.004445 -0.000937
v 0.001523 0.004916 -0.000295
v 0.001216 0.004687 -0.000135
v 0.000907 0.004013 -0.000056
v 0.001151 0.003365 -0.000142
v 0.001214 0.004027 -0.000102
v 0.001223 0.004369 -0.000083
v 0.001457 0.002975 -0.000896
v 0.001438 0.002976 -0.000570
v 0.001358 0.002974 -0.000323
v 0.001475 0.003315 -0.000902
v 0.001453 0.003320 -0.000565
v 0.001367 0.003324 -0.000314
v 0.001561 0.003637 -0.000916
v 0.001529 0.003649 -0.000553
v 0.001423 0.003673 -0.000286
v 0.001689 0.003905 -0.000949
v 0.001656 0.003952 -0.000533
v 0.001537 0.004037 -0.000251
v 0.001564 0.004377 -0.000152
v 0.001574 0.004684 -0.000158
v 0.001759 0.004185 -0.000330
v 0.001986 0.004320 -0.000549
v 0.001885 0.004413 -0.000277
v 0.001922 0.004691 -0.000216
v 0.002061 0.004922 -0.000335
v 0.002386 0.004596 -0.000556
v 0.002137 0.004523 -0.000344
v 0.002280 0.004707 -0.000314
v 0.002665 0.004680 -0.000563
v 0.002635 0.004786 -0.000347
v 0.004240 0.001031 -0.023086
v 0.003357 0.001236 -0.023133
v 0.002974 0.001428 -0.023068
v 0.002973 0.001547 -0.022867
v 0.002966 0.001609 -0.022444
v 0.003321 0.001456 -0.023070
v 0.003295 0.001581 -0.022868
v 0.003282 0.001645 -0.022432
v 0.004026 0.001300 -0.023154
v 0.003684 0.001548 -0.023084
v 0.003589 0.001674 -0.022870
v 0.003542 0.001724 -0.022454
v 0.003836 0.001753 -0.023041
v 0.003754 0.001837 -0.022505
v 0.004036 0.001569 -0.023145
v 0.004081 0.001869 -0.023078
v 0.003990 0.001959 -0.022867
v 0.003959 0.001990 -0.022482
v 0.004210 0.002097 -0.023039
v 0.004316 0.002327 -0.022876
v 0.004128 0.002160 -0.022502
v 0.004372 0.001275 -0.023153
v 0.004377 0.001580 -0.023168
v 0.004392 0.001911 -0.023144
v 0.004426 0.002250 -0.023079
v 0.004278 0.002371 -0.022483
v 0.004538 0.002597 -0.023056
v 0.004445 0.002630 -0.022863
v 0.004400 0.002642 -0.022462
v 0.004684 0.000483 -0.022580
v 0.004697 0.000675 -0.022774
v 0.004684 0.001035 -0.023069
v 0.004702 0.001277 -0.023133
v 0.004697 0.001771 -0.023159
v 0.004739 0.002531 -0.023120
v 0.004939 0.000367 -0.022382
v 0.004935 0.000718 -0.022730
v 0.005009 0.000591 -0.022509
v 0.004922 0.001067 -0.023025
v 0.005002 0.000941 -0.022845
v 0.005143 0.000899 -0.022550
v 0.004968 0.001276 -0.023055
v 0.005122 0.001245 -0.022859
v 0.005208 0.001230 -0.022563
v 0.004987 0.001640 -0.023071
v 0.005164 0.001724 -0.022868
v 0.005229 0.001624 -0.022569
v 0.004997 0.002816 -0.023053
v 0.004013 0.001946 -0.012092
v 0.004173 0.002115 -0.012995
v 0.004295 0.002369 -0.020720
v 0.004423 0.002616 -0.020415
v 0.005015 0.000238 -0.022160
v 0.005171 0.000190 -0.021863
v 0.005251 0.000283 -0.021516
v 0.005147 0.000548 -0.022209
v 0.005221 0.000533 -0.021914
v 0.005215 0.000881 -0.022228
v 0.005248 0.000851 -0.021880
v 0.005245 0.001228 -0.022210
v 0.005246 0.003992 -0.022148
v 0.002984 0.001543 -0.007154
v 0.003319 0.001575 -0.007223
v 0.003816 0.001797 -0.012004
v 0.004321 0.002336 -0.013612
v 0.003592 0.001682 -0.011962
v 0.004452 0.002594 -0.013808
v 0.004319 0.002308 -0.011876
v 0.004457 0.002573 -0.012002
v 0.004525 0.002794 -0.013420
v 0.004575 0.002717 -0.000963
v 0.003621 0.001665 -0.007187
v 0.004013 0.001902 -0.007184
v 0.004203 0.002092 -0.007037
v 0.003839 0.001772 -0.007184
v 0.004353 0.002302 -0.007111
v 0.002981 0.001515 -0.000928
v 0.003319 0.001540 -0.000930
v 0.003625 0.001626 -0.000951
v 0.003865 0.001742 -0.000970
v 0.004060 0.001888 -0.000959
v 0.004237 0.002069 -0.000975
v 0.004389 0.002278 -0.000972
v 0.004501 0.002491 -0.000933
v 0.004678 0.000697 -0.000329
v 0.002976 0.001483 -0.000555
v 0.002974 0.001386 -0.000299
v 0.004663 0.000945 -0.000184
v 0.003447 0.001187 -0.000170
v 0.003318 0.001503 -0.000553
v 0.003323 0.001398 -0.000295
v 0.003636 0.001577 -0.000548
v 0.003666 0.001451 -0.000280
v 0.004022 0.001230 -0.000142
v 0.003904 0.001691 -0.000542
v 0.004020 0.001559 -0.000250
v 0.004262 0.002000 -0.000542
v 0.004158 0.001789 -0.000322
v 0.004373 0.001236 -0.000109
v 0.004374 0.001576 -0.000136
v 0.004401 0.001918 -0.000250
v 0.004426 0.002260 -0.000556
v 0.004528 0.002233 -0.000299
v 0.004621 0.002666 -0.000541
v 0.004588 0.002447 -0.000348
v 0.004645 0.000495 -0.000505
v 0.004715 0.001235 -0.000103
v 0.004716 0.001577 -0.000085
v 0.004724 0.001924 -0.000119
v 0.004752 0.002263 -0.000166
v 0.004750 0.002602 -0.000265
v 0.004988 0.000442 -0.000585
v 0.005008 0.000700 -0.000354
v 0.005014 0.000930 -0.000234
v 0.005018 0.001235 -0.000155
v 0.005019 0.001576 -0.000126
v 0.005020 0.001925 -0.000128
v 0.005022 0.002334 -0.000151
v 0.005346 0.000289 -0.001884
v 0.005331 0.000182 -0.001582
v 0.005298 0.000202 -0.001253
v 0.005225 0.000249 -0.000949
v 0.005185 0.000377 -0.000728
v 0.005336 0.000546 -0.001240
v 0.005299 0.000552 -0.000903
v 0.005225 0.000597 -0.000605
v 0.005182 0.000722 -0.000407
v 0.005349 0.001096 -0.000987
v 0.005333 0.000881 -0.000886
v 0.005295 0.000897 -0.000576
v 0.005211 0.000929 -0.000347
v 0.005321 0.001328 -0.000554
v 0.005223 0.001234 -0.000302
v 0.005226 0.001662 -0.000277
v 0.005229 0.002390 -0.000287
v 0.002976 0.004860 -0.023039
v 0.002973 0.004794 -0.022861
v 0.002965 0.004751 -0.022434
v 0.003487 0.005050 -0.022868
v 0.003329 0.004829 -0.023040
v 0.003309 0.004755 -0.022861
v 0.003291 0.004711 -0.022425
v 0.003921 0.005143 -0.022559
v 0.003866 0.004561 -0.023026
v 0.003644 0.004651 -0.022870
v 0.003799 0.004497 -0.022480
v 0.003703 0.004737 -0.023054
v 0.003565 0.004624 -0.022431
v 0.003927 0.004916 -0.023047
v 0.004227 0.004227 -0.023027
v 0.004185 0.004184 -0.022855
v 0.004159 0.004170 -0.022490
v 0.004100 0.004443 -0.023061
v 0.004022 0.004369 -0.022861
v 0.003987 0.004350 -0.022474
v 0.004046 0.004700 -0.023108
v 0.004335 0.005059 -0.022859
v 0.004585 0.002847 -0.023030
v 0.004588 0.003096 -0.022886
v 0.004508 0.003002 -0.022588
v 0.004518 0.003589 -0.022841
v 0.004520 0.003308 -0.022578
v 0.004473 0.003999 -0.023056
v 0.004445 0.003653 -0.022563
v 0.004348 0.003976 -0.022862
v 0.004291 0.003976 -0.022475
v 0.004398 0.004392 -0.023126
v 0.004378 0.004681 -0.023133
v 0.004371 0.004907 -0.023059
v 0.004373 0.005137 -0.022565
v 0.004731 0.002983 -0.023064
v 0.004770 0.003400 -0.023060
v 0.004604 0.003319 -0.022897
v 0.004601 0.003548 -0.022970
v 0.004688 0.004301 -0.023136
v 0.004702 0.004673 -0.023124
v 0.004690 0.004893 -0.023053
v 0.004702 0.005020 -0.022862
v 0.004709 0.005090 -0.022564
v 0.005228 0.003985 -0.022565
v 0.004995 0.003777 -0.023051
v 0.005153 0.004346 -0.022867
v 0.004985 0.004366 -0.023061
v 0.005225 0.004367 -0.022511
v 0.004962 0.004667 -0.023054
v 0.005103 0.004682 -0.022862
v 0.005161 0.004697 -0.022533
v 0.004909 0.004856 -0.023026
v 0.004965 0.004911 -0.022857
v 0.004992 0.004957 -0.022522
v 0.002956 0.005133 -0.022125
v 0.003268 0.005143 -0.021794
v 0.004014 0.005177 -0.022158
v 0.003757 0.005168 -0.021803
v 0.004503 0.002971 -0.022197
v 0.004508 0.002873 -0.020542
v 0.004513 0.003308 -0.022202
v 0.004512 0.003433 -0.021590
v 0.004422 0.003701 -0.022154
v 0.004371 0.005170 -0.022152
v 0.004355 0.005169 -0.021124
v 0.004539 0.003104 -0.022041
v 0.004541 0.003232 -0.022036
v 0.004708 0.005117 -0.022177
v 0.004720 0.005115 -0.021146
v 0.004687 0.005131 -0.020598
v 0.005239 0.004374 -0.021530
v 0.005178 0.004698 -0.021565
v 0.005195 0.004710 -0.021300
v 0.005018 0.004957 -0.021418
v 0.004999 0.005027 -0.020691
v 0.005250 0.004418 -0.020921
v 0.005238 0.004672 -0.020929
v 0.005179 0.004868 -0.020930
v 0.005179 0.004881 -0.018189
v 0.003297 0.004684 -0.014714
v 0.003557 0.005123 -0.010787
v 0.003792 0.004486 -0.012313
v 0.004173 0.004160 -0.012760
v 0.003999 0.004333 -0.012944
v 0.004523 0.003488 -0.013709
v 0.004450 0.003708 -0.012552
v 0.004322 0.003951 -0.012377
v 0.004557 0.003008 -0.013845
v 0.005004 0.005019 -0.015613
v 0.005348 0.003603 -0.001265
v 0.005265 0.004659 -0.012017
v 0.002979 0.004689 -0.007993
v 0.003565 0.004603 -0.013487
v 0.003947 0.005088 -0.001285
v 0.004559 0.003283 -0.012968
v 0.003051 0.005098 -0.004126
v 0.003290 0.004668 -0.008561
v 0.004168 0.004172 -0.008374
v 0.004414 0.005082 -0.001335
v 0.004564 0.003028 -0.012377
v 0.004523 0.003519 -0.011866
v 0.005007 0.005005 -0.009244
v 0.005347 0.003985 -0.000916
v 0.005302 0.004366 -0.008657
v 0.005191 0.004871 -0.009794
v 0.003536 0.005108 -0.006416
v 0.004010 0.004317 -0.000986
v 0.004320 0.003971 -0.007659
v 0.004719 0.005077 -0.006880
v 0.003568 0.004579 -0.000979
v 0.004465 0.003749 -0.000971
v 0.004611 0.002987 -0.000976
v 0.004604 0.003280 -0.000964
v 0.005017 0.004984 -0.000995
v 0.005298 0.004646 -0.000965
v 0.005205 0.004860 -0.000969
v 0.003294 0.004650 -0.000982
v 0.003780 0.004477 -0.000926
v 0.004174 0.004171 -0.000950
v 0.004337 0.003966 -0.000965
v 0.004557 0.003525 -0.000969
v 0.004724 0.005054 -0.000964
v 0.005334 0.004352 -0.000947
v 0.002983 0.004669 -0.000966
v 0.002978 0.004713 -0.000565
v 0.002977 0.004812 -0.000354
v 0.003146 0.004950 -0.000357
v 0.003299 0.004696 -0.000563
v 0.003323 0.004795 -0.000347
v 0.003748 0.005041 -0.000571
v 0.003618 0.004612 -0.000562
v 0.003846 0.004546 -0.000350
v 0.003689 0.004721 -0.000315
v 0.003841 0.004923 -0.000329
v 0.004314 0.004054 -0.000570
v 0.004227 0.004226 -0.000346
v 0.004012 0.004360 -0.000555
v 0.004092 0.004437 -0.000288
v 0.004040 0.004700 -0.000219
v 0.004584 0.003600 -0.000565
v 0.004434 0.004065 -0.000285
v 0.004399 0.004393 -0.000163
v 0.004379 0.004687 -0.000160
v 0.004640 0.005022 -0.000548
v 0.004375 0.004915 -0.000296
v 0.004669 0.002986 -0.000545
v 0.004807 0.002971 -0.000276
v 0.004662 0.003294 -0.000543
v 0.004803 0.003318 -0.000272
v 0.004734 0.003680 -0.000251
v 0.004728 0.004036 -0.000145
v 0.004720 0.004372 -0.000102
v 0.004715 0.004679 -0.000147
v 0.004713 0.004903 -0.000300
v 0.005046 0.003170 -0.000179
v 0.005010 0.003996 -0.000133
v 0.005017 0.004366 -0.000135
v 0.005011 0.004668 -0.000196
v 0.005006 0.004957 -0.000568
v 0.005003 0.004872 -0.000331
v 0.005228 0.003956 -0.000279
v 0.005317 0.004231 -0.000546
v 0.005219 0.004363 -0.000288
v 0.005273 0.004659 -0.000565
v 0.005201 0.004656 -0.000326
v 0.005192 0.004855 -0.000581
v 0.005167 0.004827 -0.000384
vn -0.7919 -0.5914 -0.1521
vn -0.4903 -0.7708 -0.4068
vn -0.6421 -0.7310 -0.2311
vn -0.8129 -0.5803 -0.0495
vn -0.7204 -0.6774 -0.1489
vn -0.8516 -0.5223 -0.0453
vn -0.7948 -0.6060 -0.0316
vn -0.2691 -0.7844 -0.5588
vn -0.4594 -0.7760 -0.4321
vn -0.4388 -0.7737 -0.4570
vn -0.5831 -0.7799 -0.2275
vn -0.7455 -0.6640 -0.0579
vn -0.6545 -0.7407 -0.1515
vn -0.7297 -0.6832 -0.0277
vn -0.1834 -0.7456 -0.6407
vn -0.5490 -0.7180 -0.4280
vn -0.3919 -0.8160 -0.4249
vn -0.1921 -0.7842 -0.5901
vn -0.4018 -0.7978 -0.4495
vn -0.5338 -0.8168 -0.2188
vn -0.6780 -0.7330 -0.0558
vn -0.5933 -0.7944 -0.1299
vn -0.6242 -0.7804 -0.0377
vn -0.1317 -0.7547 -0.6427
vn -0.0604 -0.7237 -0.6875
vn -0.3694 -0.8417 -0.3939
vn -0.1825 -0.7975 -0.5750
vn -0.3690 -0.8473 -0.3820
vn -0.3530 -0.9218 -0.1603
vn -0.5317 -0.8422 -0.0890
vn -0.1209 -0.7574 -0.6417
vn -0.0300 -0.7197 -0.6936
vn -0.1236 -0.7696 -0.6265
vn -0.0333 -0.7250 -0.6880
vn -0.7285 -0.6849 -0.0125
vn -0.5660 -0.8244 -0.0062
vn -0.6075 -0.7943 -0.0118
vn -0.6540 -0.7564 -0.0121
vn -0.8267 -0.5625 -0.0136
vn -0.7946 -0.6070 -0.0128
vn -0.7630 -0.6462 -0.0130
vn -0.6923 -0.7215 -0.0124
vn -0.5297 -0.8479 -0.0203
vn -0.4672 -0.8828 -0.0493
vn -0.5220 -0.8529 0.0115
vn -0.5994 -0.8004 0.0039
vn -0.7300 -0.6815 0.0518
vn -0.8012 -0.5982 0.0123
vn -0.8522 -0.5232 -0.0039
vn -0.7155 -0.6985 0.0083
vn -0.6653 -0.7464 0.0153
vn -0.5064 -0.8593 0.0716
vn -0.5766 -0.8140 0.0702
vn -0.4630 -0.8512 0.2473
vn -0.4343 -0.8946 0.1055
vn -0.3588 -0.8913 0.2774
vn -0.3524 -0.8814 0.3144
vn -0.7979 -0.5982 0.0740
vn -0.6632 -0.6955 0.2764
vn -0.7122 -0.6468 0.2729
vn -0.6580 -0.7422 0.1272
vn -0.5549 -0.7771 0.2972
vn -0.5994 -0.7574 0.2590
vn -0.3944 -0.7996 0.4529
vn -0.3523 -0.7850 0.5096
vn -0.5598 -0.6989 0.4452
vn -0.2718 -0.7470 0.6068
vn -0.6293 -0.7690 0.1122
vn -0.5324 -0.7888 0.3071
vn -0.5429 -0.7846 0.2993
vn -0.3796 -0.8038 0.4580
vn -0.2909 -0.7845 0.5477
vn -0.1402 -0.7529 0.6430
vn -0.4725 -0.8394 0.2684
vn -0.3241 -0.8284 0.4569
vn -0.2306 -0.7893 0.5690
vn -0.0962 -0.7623 0.6400
vn -0.0312 -0.7240 0.6891
vn -0.2267 -0.8147 0.5338
vn -0.2685 -0.9333 0.2386
vn -0.0325 -0.7758 0.6302
vn -0.0533 -0.7283 0.6832
vn -0.2249 -0.8453 0.4845
vn -0.1217 -0.7918 0.5985
vn -0.0667 -0.7460 0.6626
vn -0.9265 -0.3337 -0.1739
vn -0.6236 -0.6518 -0.4317
vn -0.7629 -0.5939 -0.2556
vn -0.9606 -0.2703 -0.0645
vn -0.8792 -0.4459 -0.1678
vn -0.9223 -0.3115 -0.2290
vn -0.6006 -0.5895 -0.5402
vn -0.7634 -0.4999 -0.4090
vn -0.9659 -0.2334 -0.1119
vn -0.9814 -0.1891 -0.0342
vn -0.9185 -0.2987 -0.2591
vn -0.5813 -0.5863 -0.5642
vn -0.7440 -0.4910 -0.4532
vn -0.9688 -0.2040 -0.1406
vn -0.9901 -0.1327 -0.0458
vn -0.9187 -0.2848 -0.2736
vn -0.5730 -0.5847 -0.5743
vn -0.7346 -0.4868 -0.4726
vn -0.9712 -0.1787 -0.1573
vn -0.9941 -0.0931 -0.0564
vn -0.9198 -0.2749 -0.2799
vn -0.5709 -0.5819 -0.5792
vn -0.7320 -0.4807 -0.4828
vn -0.9727 -0.1647 -0.1633
vn -0.9961 -0.0649 -0.0598
vn -0.2912 -0.7508 -0.5929
vn -0.4970 -0.7121 -0.4958
vn -0.7723 -0.5653 -0.2898
vn -0.4136 -0.7137 -0.5653
vn -0.6090 -0.6543 -0.4484
vn -0.2505 -0.7111 -0.6570
vn -0.2396 -0.6899 -0.6831
vn -0.2284 -0.6896 -0.6872
vn -0.2236 -0.6885 -0.6900
vn -0.2210 -0.6891 -0.6901
vn -0.7321 -0.4765 -0.4868
vn -0.1818 -0.7266 -0.6626
vn -0.5129 -0.7212 -0.4656
vn -0.1161 -0.7272 -0.6765
vn -0.0592 -0.7089 -0.7028
vn -0.0742 -0.7016 -0.7087
vn -0.0397 -0.7036 -0.7095
vn -0.0395 -0.7117 -0.7014
vn -0.2465 -0.7568 -0.6054
vn -0.0201 -0.7096 -0.7043
vn -0.0016 -0.6906 -0.7232
vn -0.9390 -0.3391 -0.0576
vn -0.9937 -0.1105 -0.0181
vn -0.9985 -0.0523 -0.0183
vn -0.9998 -0.0148 -0.0142
vn -0.8251 -0.5208 -0.2191
vn -0.6863 -0.6550 -0.3162
vn -0.8882 -0.4519 -0.0829
vn -0.8816 -0.4457 -0.1554
vn -0.9254 -0.3765 -0.0439
vn -0.4035 -0.7400 -0.5382
vn -0.6680 -0.6760 -0.3112
vn -0.3638 -0.7424 -0.5626
vn -0.0994 -0.7316 -0.6745
vn -0.9506 -0.3100 -0.0141
vn -0.9690 -0.2467 -0.0144
vn -0.9826 -0.1849 -0.0154
vn -0.9931 -0.1160 -0.0138
vn -0.9980 -0.0607 -0.0174
vn -0.8882 -0.4591 -0.0175
vn -0.8839 -0.4676 -0.0137
vn -0.9990 -0.0428 -0.0128
vn -0.9311 -0.3645 -0.0139
vn -0.9962 -0.0865 -0.0128
vn -0.9788 -0.2042 -0.0134
vn -0.9648 -0.2625 -0.0145
vn -0.9899 -0.1412 -0.0131
vn -0.8928 -0.4495 0.0286
vn -0.9930 -0.1170 0.0137
vn -0.9996 -0.0272 0.0055
vn -0.9613 -0.2756 0.0011
vn -0.9385 -0.3444 0.0254
vn -0.8577 -0.5127 0.0379
vn -0.9820 -0.1871 0.0260
vn -0.9735 -0.2286 0.0042
vn -0.9376 -0.3387 0.0792
vn -0.8612 -0.4719 0.1889
vn -0.9486 -0.2663 0.1713
vn -0.9197 -0.3921 0.0186
vn -0.8291 -0.5455 0.1227
vn -0.8889 -0.4457 0.1057
vn -0.6993 -0.6307 0.3364
vn -0.7673 -0.5613 0.3101
vn -0.6286 -0.6182 0.4719
vn -0.7093 -0.5895 0.3866
vn -0.8255 -0.5641 0.0188
vn -0.5246 -0.7063 0.4754
vn -0.6199 -0.6750 0.4001
vn -0.5945 -0.7171 0.3637
vn -0.3899 -0.7595 0.5208
vn -0.3636 -0.7408 0.5649
vn -0.2925 -0.7128 0.6375
vn -0.3066 -0.7143 0.6291
vn -0.2792 -0.7523 0.5967
vn -0.2167 -0.7436 0.6325
vn -0.1168 -0.7378 0.6648
vn -0.0952 -0.7245 0.6826
vn 0.0791 -0.7308 0.6780
vn -0.0291 -0.7201 0.6932
vn -0.0173 -0.7120 0.7020
vn 0.0271 -0.7071 0.7066
vn -0.8886 -0.3759 0.2628
vn -0.7520 -0.4971 0.4329
vn -0.9799 -0.1674 0.1090
vn -0.9370 -0.2670 0.2251
vn -0.5847 -0.5841 0.5630
vn -0.7404 -0.4850 0.4653
vn -0.9969 -0.0732 0.0303
vn -0.9807 -0.1524 0.1225
vn -0.9334 -0.2627 0.2444
vn -0.5759 -0.5830 0.5731
vn -0.7362 -0.4839 0.4732
vn -0.9982 -0.0319 0.0510
vn -0.9804 -0.1477 0.1304
vn -0.9320 -0.2618 0.2508
vn -0.5731 -0.5830 0.5759
vn -0.7344 -0.4840 0.4757
vn -0.4090 -0.7744 0.4828
vn -0.2270 -0.7451 0.6271
vn -0.7313 -0.6174 0.2899
vn -0.2379 -0.6909 0.6827
vn -0.3411 -0.7633 0.5486
vn -0.1527 -0.7063 0.6913
vn -0.2248 -0.6969 0.6810
vn -0.1608 -0.6988 0.6970
vn -0.2174 -0.6942 0.6862
vn -0.1615 -0.7020 0.6936
vn -0.2232 -0.6875 0.6910
vn -0.5718 -0.5834 0.5768
vn -0.1515 -0.7000 0.6979
vn -0.1105 -0.7430 0.6601
vn -0.0367 -0.7120 0.7012
vn -0.0313 -0.7091 0.7044
vn -0.0465 -0.7090 0.7036
vn -0.0320 -0.6830 0.7297
vn -0.0914 -0.7807 -0.6182
vn -0.2377 -0.8550 -0.4609
vn -0.3831 -0.9034 -0.1926
vn -0.3820 -0.9181 -0.1053
vn -0.1635 -0.9243 -0.3448
vn -0.2862 -0.8805 -0.3778
vn -0.1109 -0.9166 -0.3841
vn 0.0404 -0.7013 -0.7117
vn 0.0098 -0.7068 -0.7073
vn -0.0756 -0.7945 -0.6025
vn -0.2073 -0.9086 -0.3627
vn -0.3208 -0.9363 -0.1428
vn -0.2342 -0.9573 -0.1694
vn 0.0013 -0.7487 -0.6630
vn -0.1015 -0.9008 -0.4221
vn -0.0838 -0.8140 -0.5748
vn 0.0889 -0.7079 -0.7007
vn 0.2204 -0.6685 -0.7103
vn 0.1140 -0.6566 -0.7456
vn 0.2235 -0.6995 -0.6788
vn 0.1583 -0.7524 -0.6394
vn 0.0361 -0.7225 -0.6904
vn -0.0852 -0.9688 -0.2326
vn -0.0209 -0.8687 -0.4949
vn -0.0085 -0.9590 -0.2831
vn 0.1457 -0.5128 -0.8461
vn 0.0207 -0.7060 -0.7079
vn 0.5303 -0.4789 -0.6997
vn 0.2881 -0.4904 -0.8225
vn 0.5783 -0.5819 -0.5719
vn 0.7393 -0.4049 -0.5381
vn 0.8842 0.0727 -0.4614
vn 0.9396 0.3423 0.0017
vn 0.6733 0.7389 -0.0250
vn 0.8902 0.4342 -0.1379
vn 0.3496 -0.7955 -0.4948
vn 0.6360 -0.6218 -0.4570
vn 0.8770 -0.4066 -0.2562
vn 0.9644 -0.2097 -0.1613
vn 0.9927 -0.1162 -0.0316
vn 0.7689 -0.6291 -0.1145
vn 0.6433 -0.7290 -0.2339
vn 0.8402 -0.5407 -0.0416
vn 0.1428 -0.1237 -0.9820
vn 0.4976 0.1635 -0.8518
vn 0.6587 0.0303 -0.7518
vn 0.4350 0.8050 -0.4035
vn 0.7756 0.5960 -0.2079
vn 0.4252 0.8749 -0.2319
vn 0.1363 -0.8771 -0.4606
vn 0.4216 -0.8735 -0.2433
vn 0.5371 -0.8351 -0.1192
vn 0.5963 -0.8022 -0.0297
vn 0.0458 -0.7762 -0.6288
vn 0.2327 -0.9706 -0.0616
vn 0.1844 -0.9625 -0.1990
vn -0.4269 -0.9041 -0.0174
vn -0.3318 -0.9426 -0.0371
vn -0.2726 -0.9613 -0.0403
vn -0.2085 -0.9780 -0.0073
vn -0.1936 -0.9796 -0.0533
vn -0.1378 -0.9886 -0.0603
vn -0.0543 -0.9928 -0.1067
vn -0.0820 -0.9964 -0.0195
vn -0.0335 -0.9991 -0.0275
vn 0.9548 0.2971 0.0053
vn 0.9901 -0.1405 0.0016
vn 0.8046 -0.5929 -0.0328
vn 0.0042 -0.9931 -0.1171
vn -0.0001 -0.9996 -0.0278
vn 0.6980 0.7160 0.0091
vn 0.2563 0.9661 -0.0307
vn 0.6085 -0.7928 -0.0343
vn 0.2883 -0.9417 -0.1736
vn -0.3978 -0.9163 0.0458
vn -0.1942 -0.9804 0.0324
vn -0.2658 -0.9640 -0.0078
vn -0.0360 -0.9975 0.0603
vn 0.9806 -0.1961 -0.0091
vn 0.7354 -0.6773 -0.0211
vn 0.3600 -0.9206 -0.1516
vn 0.2919 -0.9558 -0.0348
vn -0.3830 -0.9235 -0.0230
vn -0.3198 -0.9474 0.0089
vn -0.3729 -0.9278 0.0050
vn -0.2542 -0.9671 0.0116
vn -0.1205 -0.9917 0.0459
vn -0.0758 -0.9971 0.0014
vn 0.9729 0.2302 0.0218
vn 0.9471 -0.3191 0.0344
vn 0.0003 -1.0000 0.0028
vn 0.2217 -0.9751 0.0098
vn -0.1517 -0.8212 0.5502
vn -0.2270 -0.8715 0.4348
vn -0.2766 -0.9562 0.0958
vn -0.2659 -0.9402 0.2129
vn -0.1675 -0.9318 0.3221
vn -0.0803 -0.8394 0.5375
vn -0.0188 -0.7641 0.6449
vn -0.1217 -0.9776 0.1720
vn -0.0699 -0.9247 0.3742
vn 0.0538 -0.7015 0.7106
vn -0.0169 -0.8190 0.5735
vn 0.0927 -0.7014 0.7067
vn -0.0460 -0.9744 0.2202
vn -0.0211 -0.8964 0.4426
vn 0.0284 -0.7616 0.6474
vn 0.2461 -0.5918 0.7676
vn 0.1596 -0.4027 0.9013
vn 0.3621 -0.3098 0.8791
vn 0.9841 0.1496 0.0959
vn 0.7143 0.6977 0.0546
vn 0.9575 -0.0832 0.2760
vn 0.9306 0.3116 0.1921
vn 0.8516 -0.4938 0.1761
vn 0.6337 -0.7720 0.0493
vn 0.0294 -0.9973 0.0674
vn 0.0127 -0.9715 0.2367
vn 0.0211 -0.5546 0.8319
vn 0.0043 -0.6873 0.7263
vn 0.2371 0.9704 0.0455
vn 0.2244 0.9459 0.2344
vn 0.4325 0.8608 0.2681
vn 0.2253 0.8962 0.3822
vn 0.3876 0.8253 0.4107
vn 0.0832 0.0763 0.9936
vn 0.0471 0.1417 0.9888
vn 0.0068 -0.7217 0.6922
vn 0.0963 -0.7190 0.6883
vn 0.0163 -0.7235 0.6902
vn 0.3632 -0.6456 0.6718
vn 0.2862 -0.7205 0.6317
vn 0.1634 -0.7630 0.6254
vn 0.0434 -0.7702 0.6364
vn 0.6711 -0.4013 0.6234
vn 0.8954 0.0722 0.4394
vn 0.7883 -0.4230 0.4468
vn 0.5997 -0.6861 0.4119
vn 0.3382 -0.8355 0.4330
vn 0.5242 -0.8302 0.1896
vn 0.1437 -0.8338 0.5331
vn 0.1886 -0.9784 0.0851
vn 0.1238 -0.9611 0.2469
vn 0.0339 -0.9158 0.4002
vn 0.0026 -0.8229 0.5682
vn 0.0040 -0.7301 0.6834
vn 0.0188 -0.7098 -0.7041
vn 0.0032 -0.7205 -0.6934
vn -0.9228 -0.2565 -0.2874
vn -0.5788 -0.5588 -0.5940
vn -0.7352 -0.4727 -0.4858
vn -0.9033 -0.1804 -0.3892
vn -0.5435 -0.3979 -0.7391
vn -0.7322 -0.4253 -0.5320
vn -0.9731 -0.1307 -0.1897
vn -0.9213 -0.0363 -0.3873
vn -0.6198 -0.1423 -0.7718
vn -0.9898 -0.0275 -0.1399
vn -0.9901 0.0698 -0.1216
vn -0.2438 -0.6865 -0.6850
vn -0.1926 -0.6763 -0.7110
vn -0.5697 -0.5793 -0.5829
vn -0.2357 -0.6115 -0.7553
vn -0.1691 -0.4409 -0.8815
vn -0.1972 -0.1639 -0.9666
vn -0.2000 -0.0267 -0.9794
vn -0.6164 -0.0201 -0.7872
vn -0.0146 0.0284 -0.9995
vn -0.6128 0.0210 -0.7900
vn -0.0496 -0.6967 -0.7157
vn -0.2229 -0.6873 -0.6913
vn -0.0333 -0.6239 -0.7808
vn -0.0243 -0.4255 -0.9047
vn -0.0135 -0.1630 -0.9865
vn 0.0347 0.0281 -0.9990
vn 0.1458 0.1433 -0.9789
vn -0.1202 0.0447 -0.9917
vn 0.2711 0.0650 -0.9604
vn 0.8365 0.2050 -0.5083
vn 0.8032 0.4966 -0.3289
vn 0.4189 0.2777 -0.8645
vn 0.9141 0.2610 -0.3102
vn 0.8791 0.4734 -0.0557
vn -0.0503 -0.7025 -0.7099
vn 0.0559 -0.0597 -0.9966
vn 0.1313 0.1431 -0.9810
vn 0.3816 0.3899 -0.8381
vn 0.5386 0.4640 -0.7033
vn 0.6527 0.6841 -0.3256
vn 0.6808 0.7311 -0.0453
vn 0.2727 0.4106 -0.8701
vn 0.4402 0.5458 -0.7129
vn 0.4554 0.8182 -0.3511
vn 0.0508 0.2561 -0.9653
vn 0.1772 0.8183 -0.5468
vn 0.4179 0.9022 -0.1068
vn 0.2205 0.9092 -0.3531
vn -0.0078 0.0447 -0.9990
vn 0.0197 0.3372 -0.9412
vn 0.0470 0.8559 -0.5150
vn 0.0512 0.9964 -0.0682
vn 0.2306 0.9710 -0.0625
vn -0.9205 -0.2715 -0.2810
vn -0.5712 -0.5804 -0.5804
vn -0.9756 -0.1508 -0.1598
vn -0.9965 -0.0504 -0.0670
vn -0.9213 -0.2696 -0.2802
vn -0.7329 -0.4750 -0.4870
vn -0.9763 -0.1477 -0.1581
vn -0.9970 -0.0578 -0.0514
vn -0.9994 -0.0175 -0.0311
vn -0.9751 -0.1436 -0.1689
vn -0.9947 -0.0712 -0.0740
vn -0.9969 -0.0398 -0.0672
vn -0.9994 0.0127 -0.0327
vn 0.9520 0.3055 0.0162
vn 0.9521 0.3014 -0.0512
vn 0.7713 0.6363 0.0127
vn 0.7725 0.6338 -0.0385
vn 0.5820 0.8119 -0.0463
vn 0.4088 0.9126 0.0025
vn -0.9998 0.0107 -0.0170
vn 0.8640 0.5031 0.0176
vn 0.5383 0.8427 0.0109
vn 0.6648 0.7469 0.0119
vn 0.0179 0.9998 0.0044
vn 0.2105 0.9776 0.0071
vn 0.9189 0.3944 0.0126
vn 0.9343 0.3553 0.0297
vn 0.3772 0.9261 0.0087
vn 0.8543 0.5195 0.0131
vn 0.5194 0.8545 0.0098
vn 0.1855 0.9826 0.0075
vn 0.8383 0.5450 0.0139
vn 0.7569 0.6534 0.0128
vn 0.9147 0.4038 0.0139
vn 0.9717 0.2358 0.0123
vn 0.9717 0.2358 0.0121
vn 0.3635 0.9315 0.0094
vn 0.6502 0.7596 0.0119
vn 0.3405 0.9402 0.0084
vn 0.8369 0.5472 0.0136
vn 0.7484 0.6631 0.0125
vn 0.4834 0.8725 0.0711
vn 0.1497 0.9887 0.0060
vn -0.0191 0.9998 0.0053
vn 0.9090 0.4103 0.0734
vn 0.7352 0.6756 0.0563
vn 0.6376 0.7683 0.0563
vn 0.3130 0.9483 0.0527
vn -0.0786 0.9957 0.0482
vn 0.1232 0.9913 0.0464
vn -0.9960 -0.0736 0.0498
vn -0.9787 -0.1488 0.1417
vn -0.9313 -0.2625 0.2524
vn -0.7332 -0.4844 0.4772
vn -0.9980 -0.0500 0.0378
vn -0.9781 -0.1516 0.1427
vn -0.9300 -0.2620 0.2577
vn -0.5707 -0.5792 0.5820
vn -0.7317 -0.4649 0.4985
vn -0.9979 -0.0486 0.0418
vn -0.9777 -0.1445 0.1522
vn -0.9233 -0.2152 0.3182
vn -0.5586 -0.4911 0.6685
vn -0.6779 -0.2406 0.6947
vn -0.9962 -0.0347 0.0803
vn -0.9557 -0.0557 0.2892
vn -0.7211 -0.1228 0.6818
vn -0.7304 -0.0111 0.6830
vn -1.0000 0.0025 -0.0071
vn -0.7340 0.0451 0.6776
vn -0.2279 -0.6973 0.6796
vn -0.1632 -0.6940 0.7013
vn -0.2171 -0.6641 0.7154
vn -0.1609 -0.5695 0.8061
vn -0.2457 -0.3340 0.9100
vn -0.3118 -0.1564 0.9372
vn -0.2953 -0.0148 0.9553
vn -0.2091 0.0735 0.9751
vn -0.4094 0.0046 0.9123
vn -0.0346 -0.5733 0.8186
vn -0.0239 -0.3640 0.9311
vn -0.0499 -0.1431 0.9885
vn 0.0498 0.0771 0.9958
vn 0.2015 0.2108 0.9566
vn 0.5002 0.2844 0.8179
vn 0.9701 0.2305 0.0756
vn 0.9297 0.2099 0.3028
vn 0.8655 0.1778 0.4683
vn 0.8433 0.4415 0.3066
vn 0.3493 0.0911 0.9326
vn 0.3463 0.0775 0.9349
vn 0.2184 0.2307 0.9482
vn 0.0801 -0.0193 0.9966
vn 0.4692 0.4489 0.7605
vn 0.8185 0.5715 0.0586
vn 0.6220 0.4716 0.6251
vn 0.7026 0.6546 0.2789
vn 0.4949 0.8160 0.2987
vn 0.5105 0.6040 0.6120
vn 0.3242 0.5042 0.8004
vn 0.2680 0.9251 0.2690
vn 0.2256 0.8712 0.4360
vn 0.1083 0.3950 0.9123
vn 0.0749 0.4378 0.8959
vn 0.0164 -0.1330 0.9910
vn -0.0028 -0.3134 0.9496
vn 0.1019 0.9661 0.2372
vn 0.0837 0.9195 0.3842
vn -0.0824 0.9689 0.2332
vn -0.0230 0.4946 0.8688
vn -0.0611 0.1434 0.9878
vn -0.9239 0.0531 -0.3788
vn -0.6186 0.1608 -0.7691
vn -0.9088 0.2583 -0.3277
vn -0.9458 0.3069 -0.1059
vn -0.5201 0.5405 -0.6614
vn -0.6760 0.6907 -0.2569
vn -0.7014 0.7083 -0.0801
vn -0.1069 -0.0018 -0.9943
vn -0.1663 0.1738 -0.9706
vn -0.2525 0.9015 -0.3514
vn 0.8900 0.0773 -0.4494
vn 0.9928 0.1094 -0.0482
vn 0.9568 0.0943 -0.2752
vn 0.3572 -0.0050 -0.9340
vn -0.0138 -0.0200 -0.9997
vn 0.9600 -0.0676 -0.2718
vn 0.8950 -0.0573 -0.4424
vn 0.9955 -0.0812 -0.0479
vn 0.9247 -0.2349 -0.2995
vn 0.8499 -0.1901 -0.4915
vn 0.2783 -0.0535 -0.9590
vn 0.8191 -0.4685 -0.3310
vn 0.4345 -0.2650 -0.8608
vn 0.8905 -0.4509 -0.0602
vn 0.1547 -0.1032 -0.9825
vn -0.1065 0.6020 -0.7914
vn 0.0560 0.1679 -0.9842
vn -0.3180 0.9374 -0.1418
vn -0.0442 0.9088 -0.4149
vn 0.7862 -0.6163 -0.0455
vn 0.5598 -0.4504 -0.6955
vn 0.6704 -0.6791 -0.2990
vn 0.6094 -0.6057 -0.5116
vn 0.6941 -0.7185 -0.0435
vn 0.2143 -0.1773 -0.9605
vn 0.1218 0.0275 -0.9922
vn 0.0354 0.5293 -0.8477
vn 0.4393 -0.5434 -0.7153
vn 0.4459 -0.8330 -0.3276
vn 0.5936 -0.8030 -0.0527
vn 0.2655 -0.3120 -0.9122
vn 0.1672 -0.8932 -0.4174
vn 0.2471 -0.9309 -0.2688
vn 0.4317 -0.8965 -0.0993
vn 0.2471 -0.9675 -0.0542
vn 0.0162 -0.0273 -0.9995
vn -0.0016 0.8573 -0.5147
vn -0.0010 0.9911 -0.1334
vn 0.0134 0.9872 -0.1587
vn 0.0530 -0.9712 -0.2321
vn 0.0661 -0.9962 -0.0572
vn -0.9938 0.1058 -0.0336
vn -0.9410 0.3376 -0.0243
vn -0.3319 0.9431 -0.0223
vn -0.6888 0.7249 -0.0036
vn -0.0930 0.9837 -0.1542
vn -0.0907 0.9953 -0.0331
vn -0.0005 1.0000 0.0038
vn -0.0685 0.9977 0.0015
vn 0.4228 -0.9062 -0.0033
vn 0.2425 -0.9702 -0.0013
vn 0.0192 0.9994 -0.0297
vn 0.0126 0.9995 -0.0306
vn 0.0279 0.9996 0.0037
vn 0.0348 -0.9994 -0.0039
vn -0.9925 0.1092 -0.0542
vn -0.9236 0.3792 -0.0558
vn -0.2821 0.9593 -0.0114
vn -0.6593 0.7501 -0.0516
vn 0.9486 -0.3157 0.0216
vn 0.9947 -0.1017 0.0156
vn 0.9592 -0.2788 -0.0472
vn 0.8817 -0.4717 0.0091
vn 0.7755 -0.6313 0.0088
vn 0.5401 -0.8416 0.0032
vn -0.9796 0.1951 -0.0488
vn -0.9984 0.0549 -0.0109
vn -0.9715 0.2367 -0.0139
vn -0.9967 0.0406 -0.0705
vn -0.8474 0.5295 -0.0388
vn -0.5371 0.8416 -0.0564
vn -0.5281 0.8489 -0.0211
vn -0.8069 0.5907 -0.0040
vn 0.9960 -0.0892 0.0093
vn 0.9932 0.1031 0.0549
vn 0.9925 -0.0875 0.0852
vn -0.2297 0.9733 -0.0064
vn 0.9927 0.1175 0.0262
vn 0.9719 0.2337 0.0278
vn 0.9859 -0.1552 0.0629
vn 0.9720 -0.2343 0.0179
vn 0.9682 -0.2500 0.0096
vn 0.9286 -0.3707 0.0167
vn 0.8654 -0.5008 0.0142
vn 0.9159 -0.4012 0.0089
vn 0.3746 -0.9272 0.0017
vn 0.1933 -0.9811 -0.0016
vn 0.0076 1.0000 0.0033
vn 0.0077 1.0000 0.0021
vn 0.0021 -1.0000 -0.0040
vn -0.4520 0.8920 -0.0004
vn 0.9977 0.0667 0.0084
vn 0.9625 -0.2711 0.0100
vn -0.1872 0.9823 0.0012
vn 0.8495 -0.5275 0.0077
vn 0.7514 -0.6598 0.0076
vn 0.6339 -0.7734 0.0049
vn 0.6649 -0.7469 0.0053
vn 0.5040 -0.8637 0.0030
vn 0.3384 -0.9410 0.0004
vn -0.7580 0.6522 -0.0046
vn -0.9768 0.2139 -0.0089
vn -0.9586 0.2847 -0.0082
vn -0.4102 0.9120 -0.0007
vn 0.8998 -0.4363 0.0102
vn 0.8277 -0.5611 0.0083
vn 0.7346 -0.6785 0.0049
vn 0.6188 -0.7856 0.0043
vn 0.1476 -0.9891 -0.0016
vn -0.0257 -0.9997 -0.0039
vn -0.9957 0.0922 -0.0109
vn -0.9987 0.0200 0.0464
vn 0.9979 0.0631 0.0116
vn 0.9940 -0.1088 0.0102
vn -0.1405 0.9901 0.0019
vn -0.3764 0.9264 -0.0016
vn 0.9499 -0.3061 0.0631
vn 0.8752 -0.4814 0.0481
vn 0.8137 -0.5812 0.0082
vn -0.0256 0.9996 0.0146
vn -0.0646 -0.9979 -0.0037
vn -0.7168 0.6967 0.0283
vn -0.9467 0.3208 0.0283
vn -0.3277 0.9438 0.0434
vn 0.6981 -0.7136 0.0588
vn -0.1119 0.9919 0.0605
vn 0.5822 -0.8117 0.0467
vn 0.4833 -0.8747 0.0355
vn 0.3008 -0.9521 0.0547
vn 0.1097 -0.9927 0.0501
vn -0.9638 0.0642 0.2589
vn -0.9933 0.1089 0.0382
vn -0.9359 0.2840 0.2084
vn -0.7248 0.2322 0.6486
vn -0.6930 0.7055 0.1483
vn -0.5938 0.6164 0.5172
vn -0.4157 -0.0036 0.9095
vn -0.1749 -0.0688 0.9822
vn -0.2434 0.0564 0.9683
vn -0.2542 0.2964 0.9206
vn -0.2623 0.9415 0.2115
vn -0.2003 0.7370 0.6455
vn 0.9963 0.0538 0.0672
vn 0.9579 0.0436 0.2838
vn 0.8988 0.0330 0.4372
vn 0.4330 0.0054 0.9014
vn 0.9894 -0.1288 0.0665
vn 0.9513 -0.1314 0.2789
vn 0.3722 -0.0654 0.9258
vn 0.3948 -0.0454 0.9177
vn 0.8903 -0.3638 0.2738
vn 0.8930 -0.1231 0.4329
vn 0.5781 -0.2506 0.7765
vn 0.2969 -0.1999 0.9338
vn 0.1722 -0.0485 0.9839
vn 0.0257 0.2476 0.9685
vn -0.0680 0.9591 0.2749
vn -0.0169 0.7132 0.7007
vn 0.8032 -0.5934 0.0537
vn 0.8056 -0.5400 0.2436
vn 0.7194 -0.4160 0.5563
vn 0.6280 -0.3742 0.6823
vn 0.6579 -0.6823 0.3187
vn 0.4105 -0.3678 0.8344
vn 0.1583 -0.2350 0.9590
vn 0.5149 -0.8199 0.2505
vn 0.4306 -0.7919 0.4330
vn 0.2443 -0.3178 0.9162
vn 0.2255 -0.3836 0.8955
vn -0.0028 0.9621 0.2728
vn -0.0147 0.9962 0.0864
vn -0.0073 0.8951 0.4457
vn 0.1035 0.3618 0.9265
vn 0.1167 0.2739 0.9547
vn 0.3426 -0.8979 0.2764
vn 0.3980 -0.6823 0.6133
vn 0.3473 -0.7387 0.5777
vn 0.1016 -0.9569 0.2719
vn 0.0988 -0.8985 0.4276
vn -0.0018 0.9045 0.4264
vn 0.0252 0.0202 0.9995
vn 0.0027 0.0226 0.9997
vn -0.0839 -0.9947 0.0596
vn -0.0857 -0.9591 0.2697
vn -0.0859 -0.9031 0.4207
vn -0.0218 0.0165 0.9996
vn 0.0510 0.9409 -0.3348
vn -0.0743 0.8483 -0.5242
vn -0.1307 0.9893 -0.0652
vn -0.0067 -0.4106 -0.9118
vn -0.0245 0.3002 -0.9536
vn -0.0373 -0.0301 -0.9989
vn -0.1139 0.9295 -0.3507
vn -0.1679 0.5074 -0.8452
vn -0.3173 0.9464 -0.0609
vn -0.5040 0.7854 -0.3593
vn -0.4658 0.8824 -0.0663
vn -0.3869 0.6644 -0.6394
vn -0.3469 0.8600 -0.3741
vn -0.3565 0.5248 -0.7730
vn -0.6001 0.7963 -0.0757
vn -0.0358 -0.1424 -0.9892
vn -0.1945 0.3066 -0.9318
vn -0.1254 0.1185 -0.9850
vn -0.6592 0.6521 -0.3745
vn -0.5366 0.3522 -0.7668
vn -0.7981 0.5026 -0.3324
vn -0.8157 0.5738 -0.0735
vn -0.7151 0.6952 -0.0729
vn -0.8503 0.3335 -0.4072
vn -0.8828 0.4635 -0.0762
vn -0.3565 0.3450 -0.8683
vn -0.0581 0.0057 -0.9983
vn -0.2004 0.0976 -0.9748
vn -0.6708 0.3716 -0.6419
vn -0.5134 0.1837 -0.8383
vn -0.9542 0.2889 -0.0779
vn 0.0327 -0.6902 -0.7229
vn -0.1593 0.0448 -0.9862
vn -0.3662 0.2037 -0.9080
vn -0.0120 -0.0013 -0.9999
vn 0.0208 -0.0390 -0.9990
vn -0.8254 0.5645 -0.0087
vn -0.9041 0.4271 -0.0100
vn -0.1728 0.9850 0.0016
vn -0.3602 0.9329 -0.0006
vn -0.5225 0.8526 -0.0044
vn -0.6413 0.7673 -0.0049
vn -0.7646 0.6445 -0.0067
vn -0.8536 0.5209 -0.0089
vn -0.9186 0.3950 -0.0093
vn -0.9704 0.2414 -0.0100
vn -0.2209 0.9753 0.0016
vn -0.6586 0.7524 -0.0039
vn -0.5515 0.8342 -0.0030
vn -0.7877 0.6160 -0.0070
vn -0.4092 0.9124 -0.0014
vn -0.8822 0.4706 -0.0123
vn -0.9434 0.3307 -0.0242
vn -0.0502 0.9987 0.0028
vn -0.2648 0.9630 0.0507
vn -0.6042 0.7961 0.0337
vn -0.4406 0.8961 0.0538
vn -0.7115 0.7019 0.0333
vn -0.8025 0.5954 0.0389
vn -0.9612 0.2758 -0.0113
vn -0.9018 0.4291 0.0522
vn -0.9662 0.2546 0.0412
vn -0.0057 -0.5870 0.8096
vn -0.0718 0.9231 0.3778
vn -0.2556 0.9325 0.2552
vn -0.1921 0.6851 0.7027
vn -0.0249 -0.3875 0.9215
vn -0.4855 0.8322 0.2680
vn -0.3177 0.5351 0.7828
vn -0.5122 0.6243 0.5898
vn -0.1032 -0.0457 0.9936
vn -0.2488 0.2378 0.9389
vn -0.6944 0.6756 0.2475
vn -0.4948 0.4697 0.7311
vn -0.8449 0.4564 0.2789
vn -0.6465 0.4931 0.5822
vn -0.0532 -0.1624 0.9853
vn -0.1684 0.0879 0.9818
vn -0.3075 0.2251 0.9245
vn -0.5717 0.3040 0.7621
vn -0.9391 0.2204 0.2636
vn -0.7175 0.1447 0.6813
vn -0.0569 -0.0286 0.9980
vn -0.1738 0.0839 0.9812
vn -0.2900 0.0777 0.9539
vn 0.0291 -0.6809 0.7318
vn -0.0664 0.0203 0.9976
vn -0.0120 -0.0150 0.9998
vn 0.0014 -0.5863 0.8101
vn 0.0185 -0.1953 0.9806
vn 0.0101 -0.0069 0.9999
vn -0.0763 -0.9214 -0.3812
vn -0.1008 -0.9636 -0.2477
vn -0.1327 -0.9899 -0.0503
vn -0.2531 -0.9201 -0.2990
vn -0.2067 -0.8538 -0.4778
vn -0.3094 -0.9487 -0.0649
vn -0.4766 -0.8027 -0.3586
vn -0.2616 -0.2833 -0.9227
vn -0.6372 -0.7669 -0.0769
vn -0.4835 -0.8716 -0.0804
vn -0.0423 0.5273 -0.8486
vn -0.0186 0.0225 -0.9996
vn -0.0045 0.0249 -0.9997
vn 0.0002 0.9021 -0.4316
vn -0.0081 0.9317 -0.3632
vn -0.0151 0.9862 -0.1651
vn -0.6873 -0.6318 -0.3583
vn -0.4390 -0.5022 -0.7450
vn -0.5833 -0.5753 -0.5735
vn -0.7232 -0.6856 -0.0830
vn -0.8284 -0.5561 -0.0674
vn -0.1213 0.0387 -0.9919
vn -0.9216 0.1134 -0.3711
vn -0.9874 0.1099 -0.1137
vn -0.9297 -0.0627 -0.3629
vn -0.6182 0.0042 -0.7860
vn -0.9923 -0.0703 -0.1020
vn -0.8986 -0.2121 -0.3841
vn -0.9634 -0.2496 -0.0974
vn -0.8035 -0.4325 -0.4090
vn -0.5704 -0.1153 -0.8132
vn -0.5373 -0.4114 -0.7363
vn -0.4164 -0.2379 -0.8775
vn -0.8971 -0.4327 -0.0900
vn -0.1618 -0.0938 -0.9824
vn -0.2008 -0.1599 -0.9665
vn -0.0698 0.1484 -0.9865
vn -0.0155 0.5921 -0.8057
vn -0.1684 -0.0277 -0.9853
vn -0.0750 0.0069 -0.9972
vn -0.0176 0.2113 -0.9773
vn -0.0120 0.0363 -0.9993
vn 0.0338 0.0341 -0.9988
vn 0.0600 0.1769 -0.9824
vn -0.0282 0.9992 -0.0279
vn -0.3379 -0.9412 -0.0085
vn -0.6321 -0.7748 -0.0118
vn -0.4994 -0.8663 -0.0103
vn -0.8237 -0.5669 -0.0142
vn -0.7402 -0.6723 -0.0131
vn -0.9944 0.1038 -0.0208
vn -0.9972 -0.0737 -0.0147
vn -0.9684 -0.2489 -0.0134
vn -0.9074 -0.4201 -0.0145
vn -0.0294 0.9987 -0.0422
vn 0.0163 0.9854 -0.1694
vn -0.1610 -0.9869 -0.0064
vn -0.0281 0.9996 0.0032
vn -0.0174 0.9998 0.0031
vn -0.6456 -0.7636 -0.0118
vn -0.8309 -0.5562 -0.0141
vn -0.9086 -0.4175 -0.0140
vn -0.0052 1.0000 -0.0021
vn -0.9972 0.0739 -0.0084
vn -0.9969 -0.0785 -0.0089
vn -0.1906 -0.9816 -0.0057
vn -0.3694 -0.9292 -0.0091
vn -0.7539 -0.6568 -0.0129
vn -0.8427 -0.5381 -0.0141
vn -0.9681 -0.2501 -0.0116
vn -0.0009 1.0000 0.0044
vn -0.9171 -0.3984 -0.0125
vn -0.8542 -0.5198 -0.0135
vn -0.9904 -0.1100 -0.0837
vn -0.5452 -0.8382 -0.0105
vn -0.3874 -0.9219 -0.0079
vn -0.7619 -0.6475 -0.0143
vn -0.6572 -0.7536 -0.0123
vn -0.9758 0.2179 -0.0194
vn -0.9913 0.1166 -0.0605
vn -0.9682 -0.2493 -0.0219
vn -0.9406 -0.3386 -0.0250
vn -0.9849 -0.1612 -0.0627
vn -0.9216 -0.3878 -0.0179
vn -0.8686 -0.4951 -0.0181
vn -0.9929 0.0818 -0.0866
vn 0.0016 1.0000 0.0042
vn -0.0038 1.0000 0.0039
vn -0.2301 -0.9731 -0.0065
vn -0.7649 -0.6429 0.0392
vn -0.6688 -0.7425 0.0369
vn -0.9968 0.0789 -0.0153
vn -0.9910 -0.1332 -0.0160
vn -0.4148 -0.9097 0.0195
vn -0.9900 -0.1349 0.0410
vn -0.9477 -0.3155 0.0478
vn -0.8720 -0.4864 0.0553
vn -0.2745 -0.9608 0.0381
vn -0.4750 -0.8537 0.2135
vn -0.3128 -0.9132 0.2613
vn -0.3755 -0.7123 0.5929
vn -0.3411 -0.7540 0.5614
vn 0.0010 0.9571 0.2897
vn -0.1242 0.1697 0.9776
vn -0.1034 0.1018 0.9894
vn -0.3977 -0.5945 0.6988
vn -0.2465 -0.3163 0.9161
vn -0.0826 0.3752 0.9233
vn -0.8087 -0.5076 0.2973
vn -0.6378 -0.7112 0.2957
vn -0.5837 -0.5005 0.6394
vn -0.4074 -0.4126 0.8147
vn -0.9674 0.0536 0.2477
vn -0.7664 0.0401 0.6411
vn -0.9597 -0.1201 0.2542
vn -0.9972 0.0618 0.0417
vn -0.7560 -0.0785 0.6499
vn -0.9174 -0.2768 0.2860
vn -0.6880 -0.1737 0.7046
vn -0.5454 -0.3186 0.7752
vn -0.2887 -0.0923 0.9530
vn -0.1225 0.2325 0.9648
vn -0.0353 0.7313 0.6811
vn -0.3832 -0.0075 0.9236
vn -0.2619 -0.0952 0.9604
vn -0.1380 0.0652 0.9883
vn -0.0485 0.3594 0.9319
vn -0.0700 0.0018 0.9975
vn -0.0319 0.1164 0.9927
vn 0.0058 0.9999 0.0133
vn 0.0141 0.0167 0.9998
vn 0.0345 0.1139 0.9929
vn 0.0272 0.9966 0.0781
vn -0.0031 0.9583 0.2857
vn -0.0215 -0.2987 -0.9541
vn 0.0016 -0.7510 -0.6603
vn -0.0554 -0.0590 -0.9967
vn 0.0434 -0.3138 -0.9485
vn -0.1288 0.9534 -0.2727
vn -0.0311 -0.7901 -0.6121
vn -0.1078 -0.8921 -0.4388
vn -0.1444 -0.9716 -0.1876
vn -0.2309 -0.9121 -0.3388
vn -0.3699 -0.8964 -0.2443
vn -0.1715 -0.9834 -0.0600
vn -0.5267 -0.8475 -0.0661
vn -0.1223 -0.4725 -0.8728
vn -0.6199 0.7156 -0.3219
vn -0.1454 0.8827 -0.4469
vn -0.6470 0.7613 -0.0420
vn -0.2058 0.9774 -0.0494
vn -0.9534 0.0027 -0.3016
vn -0.8818 -0.0773 -0.4653
vn -0.7891 0.3950 -0.4705
vn -0.9558 0.2383 -0.1724
vn -0.9401 0.3387 -0.0387
vn -0.8856 -0.4043 -0.2288
vn -0.6098 -0.5588 -0.5621
vn -0.7772 -0.3813 -0.5006
vn -0.9571 -0.2552 -0.1374
vn -0.9869 -0.1528 -0.0514
vn -0.1809 -0.8351 -0.5195
vn -0.3880 -0.8084 -0.4426
vn -0.6432 -0.7348 -0.2153
vn -0.4532 -0.7192 -0.5267
vn -0.6577 -0.6142 -0.4360
vn -0.7521 -0.6501 -0.1085
vn -0.8192 -0.5719 -0.0428
vn -0.0704 -0.7692 -0.6352
vn -0.0418 -0.6943 -0.7185
vn -0.1749 -0.6197 -0.7651
vn -0.2970 -0.3879 -0.8725
vn -0.2615 -0.6566 -0.7074
vn -0.3558 -0.6039 -0.7133
vn -0.2454 -0.6969 -0.6739
vn -0.1380 -0.7487 -0.6484
vn 0.1091 -0.9691 -0.2212
vn 0.0246 -0.8694 -0.4935
vn 0.0799 -0.8863 -0.4562
vn -0.0790 -0.7017 -0.7081
vn -0.0214 -0.7171 -0.6966
vn 0.0253 -0.7350 -0.6776
vn 0.0855 -0.8028 -0.5900
vn -0.0067 -0.7054 -0.7088
vn 0.2074 -0.9107 -0.3573
vn 0.2524 -0.9567 -0.1450
vn 0.3157 -0.9364 -0.1534
vn 0.2114 -0.8962 -0.3901
vn 0.1408 -0.8469 -0.5128
vn 0.3767 -0.9081 -0.1830
vn 0.1731 -0.9144 -0.3660
vn 0.3922 -0.9180 -0.0591
vn 0.0662 -0.7733 -0.6306
vn -0.5852 -0.8103 -0.0305
vn -0.2403 -0.9512 -0.1937
vn 0.0609 -0.9920 -0.1103
vn 0.0509 -0.9607 -0.2728
vn 0.0325 -0.9991 -0.0285
vn -0.9478 0.3188 -0.0025
vn -0.6827 0.7307 0.0033
vn -0.9899 -0.1414 -0.0075
vn -0.8177 -0.5755 -0.0143
vn 0.1477 -0.9858 -0.0795
vn 0.1393 -0.9900 -0.0225
vn 0.2629 -0.9641 -0.0370
vn 0.3478 -0.9369 -0.0347
vn 0.3250 -0.9457 -0.0057
vn 0.3832 -0.9237 -0.0061
vn 0.4265 -0.9045 -0.0064
vn -0.2667 -0.9637 -0.0134
vn 0.0065 -0.9759 -0.2183
vn -0.5707 -0.8172 -0.0798
vn -0.2519 0.9677 0.0076
vn -0.9803 -0.1970 -0.0118
vn -0.9578 0.2875 -0.0011
vn -0.7559 -0.6538 -0.0338
vn 0.4275 -0.9040 -0.0004
vn -0.7268 0.6855 0.0427
vn -0.9420 -0.3328 0.0443
vn -0.9734 0.2289 0.0120
vn -0.6642 -0.7470 0.0300
vn 0.0741 -0.9955 0.0598
vn 0.0843 -0.9961 -0.0264
vn 0.1422 -0.9887 0.0470
vn 0.1965 -0.9798 0.0368
vn 0.2039 -0.9789 -0.0142
vn -0.2587 0.9351 0.2422
vn -0.0887 0.0724 0.9934
vn -0.0525 0.1395 0.9888
vn -0.2334 -0.9710 0.0515
vn 0.0265 -0.8955 0.4443
vn -0.0251 -0.7632 0.6457
vn -0.0235 -0.5416 0.8403
vn -0.1770 -0.4178 0.8911
vn -0.2760 0.9590 0.0642
vn -0.2467 0.8841 0.3969
vn -0.4550 0.8454 0.2799
vn -0.3776 -0.3047 0.8744
vn -0.9864 0.1252 0.1063
vn -0.9408 0.2735 0.2003
vn -0.9567 -0.1002 0.2734
vn -0.8924 0.0256 0.4506
vn 0.0879 -0.9754 0.2020
vn -0.0855 -0.6564 0.7495
vn -0.2495 -0.6118 0.7507
vn 0.0807 -0.9217 0.3795
vn 0.0552 -0.8337 0.5494
vn -0.0456 -0.7364 0.6750
vn 0.1590 -0.9772 0.1405
vn 0.0228 -0.7519 0.6589
vn 0.2535 -0.9671 0.0219
vn 0.2985 -0.9474 0.1154
vn 0.1645 -0.9408 0.2962
vn 0.1546 -0.8701 0.4681
vn 0.3200 -0.9474 0.0078
vn 0.3767 -0.9252 0.0450
vn 0.2755 -0.9256 0.2596
vn 0.3713 -0.9146 0.1598
vn 0.1986 -0.8717 0.4479
vn 0.0951 -0.7852 0.6120
vn -0.1714 -0.9604 0.2195
vn -0.0900 -0.9019 0.4225
vn -0.6642 -0.4357 0.6075
vn -0.7748 -0.4554 0.4385
vn -0.8406 -0.5155 0.1664
vn -0.5520 -0.8149 0.1768
vn -0.6511 -0.6409 0.4065
vn -0.4498 -0.7300 0.5146
vn -0.3770 -0.8613 0.3408
vn -0.1920 -0.8055 0.5606
vn -0.0421 -0.7692 0.6377
vn -0.2797 -0.6685 0.6892
vn -0.3538 -0.6653 0.6574
vn -0.1560 -0.7151 0.6814
vn -0.2011 -0.7482 0.6322
vn -0.1022 -0.7295 0.6763
vn -0.0488 -0.7233 0.6888
vn -0.0953 -0.7203 0.6871
vn -0.0237 -0.7112 0.7025
vn 0.0097 -0.7155 0.6986
vn 0.1423 -0.8165 -0.5596
vn 0.2195 -0.8149 -0.5365
vn 0.3407 -0.8746 -0.3450
vn 0.5223 -0.8523 -0.0284
vn 0.5239 -0.8468 -0.0916
vn 0.0851 -0.7490 -0.6571
vn 0.4686 -0.8481 -0.2470
vn 0.3259 -0.8413 -0.4313
vn 0.1598 -0.7853 -0.5981
vn 0.6277 -0.7767 -0.0525
vn 0.5329 -0.8284 -0.1725
vn 0.6100 -0.7921 -0.0188
vn 0.0334 -0.7180 -0.6952
vn 0.3668 -0.7936 -0.4855
vn 0.5073 -0.8177 -0.2721
vn 0.6039 -0.7892 -0.1116
vn 0.0937 -0.7417 -0.6641
vn 0.1755 -0.7811 -0.5992
vn 0.3527 -0.8089 -0.4704
vn 0.6247 -0.7586 -0.1854
vn 0.3775 -0.7889 -0.4849
vn 0.5376 -0.7916 -0.2906
vn 0.7128 -0.6992 -0.0552
vn 0.0877 -0.7405 -0.6663
vn 0.2527 -0.7743 -0.5802
vn 0.7225 -0.6844 -0.0973
vn 0.6383 -0.7425 -0.2032
vn 0.7563 -0.6537 -0.0268
vn 0.5998 -0.7418 -0.2999
vn 0.4489 -0.7727 -0.4487
vn 0.7346 -0.6668 -0.1254
vn 0.7799 -0.6246 -0.0415
vn 0.1228 -0.7392 -0.6622
vn 0.3197 -0.7621 -0.5630
vn 0.8067 -0.5872 -0.0671
vn 0.7200 -0.6730 -0.1690
vn 0.7060 -0.6622 -0.2512
vn 0.6034 -0.6885 -0.4023
vn 0.8123 -0.5766 -0.0875
vn 0.8456 -0.5328 -0.0340
vn 0.6553 -0.7553 -0.0067
vn 0.6866 -0.7268 -0.0212
vn 0.8219 -0.5692 0.0225
vn 0.8527 -0.5223 0.0083
vn 0.7284 -0.6851 -0.0065
vn 0.4761 -0.8784 -0.0413
vn 0.4623 -0.8864 0.0221
vn 0.5718 -0.8199 -0.0285
vn 0.5681 -0.8230 -0.0010
vn 0.7639 -0.6453 -0.0067
vn 0.7980 -0.6027 -0.0069
vn 0.5106 -0.8582 0.0532
vn 0.3326 -0.9139 0.2329
vn 0.5945 -0.8039 0.0199
vn 0.4719 -0.8666 0.1623
vn 0.6245 -0.7787 0.0602
vn 0.7149 -0.6987 0.0269
vn 0.6816 -0.7316 0.0166
vn 0.7722 -0.6348 0.0291
vn 0.2797 -0.8432 0.4591
vn 0.0393 -0.7399 0.6716
vn 0.1187 -0.7743 0.6216
vn 0.3785 -0.8532 0.3588
vn 0.2158 -0.8230 0.5255
vn 0.5501 -0.8260 0.1225
vn 0.4445 -0.8561 0.2637
vn 0.0791 -0.7668 0.6369
vn 0.5412 -0.8263 0.1558
vn 0.3561 -0.8610 0.3630
vn 0.2044 -0.8292 0.5202
vn 0.0821 -0.7502 0.6561
vn 0.6255 -0.7751 0.0892
vn 0.5219 -0.8261 0.2127
vn 0.3979 -0.8145 0.4222
vn 0.6808 -0.7233 0.1153
vn 0.2584 -0.7863 0.5612
vn 0.1269 -0.7386 0.6621
vn 0.0544 -0.7276 0.6839
vn 0.6264 -0.7387 0.2489
vn 0.4912 -0.7502 0.4427
vn 0.7762 -0.6148 0.1397
vn 0.3620 -0.7550 0.5468
vn 0.6750 -0.6648 0.3200
vn 0.2147 -0.7560 0.6183
vn 0.8283 -0.5560 0.0697
vn 0.7483 -0.6399 0.1746
vn 0.6027 -0.7255 0.3323
vn 0.4715 -0.7393 0.4808
vn 0.0351 -0.7027 -0.7107
vn 0.0407 -0.7043 -0.7088
vn 0.0523 -0.7187 -0.6933
vn 0.1362 -0.7288 -0.6711
vn 0.3457 -0.7378 -0.5798
vn 0.4933 -0.7124 -0.4992
vn 0.1869 -0.7401 -0.6459
vn 0.0696 -0.7135 -0.6972
vn 0.2332 -0.6946 -0.6806
vn 0.2572 -0.7250 -0.6390
vn 0.2053 -0.6918 -0.6923
vn 0.1837 -0.7006 -0.6895
vn 0.1564 -0.6995 -0.6973
vn 0.0569 -0.7022 -0.7097
vn 0.1559 -0.6884 -0.7084
vn 0.1743 -0.6885 -0.7040
vn 0.7603 -0.6028 -0.2420
vn 0.7020 -0.5947 -0.3918
vn 0.5791 -0.6008 -0.5511
vn 0.5439 -0.6070 -0.5795
vn 0.7164 -0.5333 -0.4499
vn 0.9040 -0.3606 -0.2298
vn 0.9501 -0.2960 -0.0986
vn 0.5069 -0.6276 -0.5910
vn 0.6822 -0.5508 -0.4808
vn 0.8880 -0.3725 -0.2696
vn 0.9508 -0.2729 -0.1465
vn 0.9758 -0.2149 -0.0403
vn 0.4512 -0.6621 -0.5983
vn 0.6396 -0.5855 -0.4981
vn 0.8697 -0.3953 -0.2954
vn 0.9508 -0.2652 -0.1599
vn 0.9847 -0.1633 -0.0603
vn 0.3599 -0.6534 -0.6660
vn 0.5569 -0.6616 -0.5022
vn 0.8463 -0.4367 -0.3052
vn 0.9495 -0.2637 -0.1700
vn 0.9857 -0.1508 -0.0750
vn 0.9960 -0.0866 -0.0237
vn 0.4713 -0.5874 -0.6579
vn 0.5487 -0.4992 -0.6706
vn 0.7757 -0.4286 -0.4633
vn 0.8742 -0.4430 -0.1986
vn 0.9529 -0.2641 -0.1488
vn 0.9973 0.0310 -0.0665
vn 0.9983 -0.0521 -0.0253
vn 0.9961 -0.0702 -0.0543
vn 0.9289 -0.1621 -0.3329
vn 0.8712 -0.4888 -0.0468
vn 0.8550 -0.5032 -0.1257
vn 0.7977 -0.5400 -0.2684
vn 0.8638 -0.4877 -0.1264
vn 0.9161 -0.3989 -0.0420
vn 0.9430 -0.3289 -0.0504
vn 0.9140 -0.3747 -0.1554
vn 0.9663 -0.2564 -0.0240
vn 0.9802 -0.1980 -0.0061
vn 0.9969 -0.0788 -0.0050
vn 0.9992 -0.0388 -0.0046
vn 0.9683 -0.2498 -0.0061
vn 0.9907 -0.1363 -0.0055
vn 0.9999 -0.0143 -0.0048
vn 0.8958 -0.4438 0.0233
vn 0.9045 -0.4259 -0.0232
vn 0.8727 -0.4880 0.0176
vn 0.9465 -0.3222 0.0172
vn 0.9573 -0.2877 0.0294
vn 0.9898 -0.1356 0.0446
vn 0.9140 -0.4012 0.0603
vn 0.9671 -0.2518 0.0375
vn 0.9840 -0.1760 0.0287
vn 0.9993 -0.0313 0.0200
vn 0.1478 -0.7349 0.6619
vn 0.0628 -0.7266 0.6841
vn 0.8299 -0.5506 0.0906
vn 0.8225 -0.5355 0.1916
vn 0.3830 -0.7352 0.5593
vn 0.7148 -0.6128 0.3371
vn 0.2180 -0.7417 0.6343
vn 0.1600 -0.7170 0.6785
vn 0.8342 -0.5172 0.1910
vn 0.6915 -0.6385 0.3379
vn 0.5170 -0.6912 0.5049
vn 0.9239 -0.3692 0.1009
vn 0.8670 -0.4414 0.2311
vn 0.6360 -0.6188 0.4611
vn 0.9155 -0.3783 0.1367
vn 0.8146 -0.5379 0.2170
vn 0.9940 -0.0838 0.0697
vn 0.0166 -0.7139 0.7000
vn 0.1061 -0.7289 0.6763
vn 0.0390 -0.7150 0.6981
vn 0.0418 -0.7087 0.7042
vn 0.4333 -0.7057 0.5606
vn 0.5224 -0.7296 0.4413
vn 0.2165 -0.7694 0.6010
vn 0.9129 -0.3865 0.1314
vn 0.9281 -0.3647 0.0747
vn 0.1854 -0.7274 0.6607
vn 0.2165 -0.6983 0.6823
vn 0.2132 -0.6945 0.6872
vn 0.2419 -0.6910 0.6811
vn 0.2152 -0.6910 0.6900
vn 0.6840 -0.5982 0.4176
vn 0.4347 -0.6490 0.6243
vn 0.3476 -0.6788 0.6468
vn 0.9535 -0.2502 0.1681
vn 0.9633 -0.2072 0.1709
vn 0.9149 -0.3015 0.2685
vn 0.4484 -0.6307 0.6334
vn 0.3556 -0.6702 0.6515
vn 0.9438 -0.2465 0.2204
vn 0.9649 -0.1935 0.1777
vn 0.9097 -0.3000 0.2873
vn 0.4472 -0.6288 0.6361
vn 0.3523 -0.6685 0.6550
vn 0.9912 -0.0993 0.0874
vn 0.9400 -0.2453 0.2369
vn 0.9647 -0.1885 0.1841
vn 0.9083 -0.2985 0.2931
vn 0.4607 -0.6300 0.6251
vn 0.3542 -0.6591 0.6634
vn 0.0335 -0.6194 -0.7843
vn 0.0077 -0.4053 -0.9142
vn 0.0163 -0.1712 -0.9851
vn 0.0358 0.0111 -0.9993
vn 0.0942 0.0640 -0.9935
vn 0.2154 0.1217 -0.9689
vn 0.1592 0.0442 -0.9863
vn 0.0550 -0.0468 -0.9974
vn 0.5388 0.2927 -0.7900
vn 0.6537 0.6129 -0.4438
vn 0.3271 0.3057 -0.8942
vn 0.8091 0.4780 -0.3419
vn 0.7344 0.6730 -0.0877
vn 0.6236 0.3489 -0.6996
vn 0.4628 0.2320 -0.8556
vn 0.8567 0.3321 -0.3947
vn 0.9442 0.3100 -0.1111
vn 0.1404 0.2105 -0.9675
vn 0.3096 0.5179 -0.7975
vn 0.5542 0.7704 -0.3152
vn 0.2500 0.4633 -0.8502
vn 0.3907 0.6166 -0.6835
vn 0.3894 0.8643 -0.3183
vn 0.5096 0.8579 -0.0664
vn 0.6359 0.7699 -0.0536
vn 0.0335 0.2807 -0.9592
vn 0.1357 0.8429 -0.5206
vn 0.3602 0.9309 -0.0611
vn 0.1557 0.9250 -0.3467
vn 0.8985 0.4346 -0.0625
vn 0.8396 0.5432 -0.0043
vn 0.8094 0.5788 -0.0993
vn 0.9626 0.2702 -0.0193
vn 0.3676 0.9300 0.0022
vn 0.6548 0.7558 0.0004
vn 0.1712 0.9852 -0.0044
vn 0.9708 0.2400 -0.0028
vn 0.8591 0.5118 -0.0017
vn 0.7685 0.6399 -0.0008
vn 0.5583 0.8288 0.0381
vn 0.3988 0.9170 0.0020
vn 0.2102 0.9777 0.0028
vn 0.7881 0.6147 0.0310
vn 0.6813 0.7314 0.0298
vn 0.9195 0.3931 -0.0026
vn 0.8829 0.4696 -0.0045
vn 0.4134 0.9096 0.0425
vn 0.0119 -0.4052 0.9141
vn 0.0158 -0.0543 0.9984
vn 0.1608 -0.0044 0.9870
vn 0.0717 0.0270 0.9971
vn 0.1898 0.0990 0.9768
vn 0.0794 -0.0040 0.9968
vn 0.3210 0.1130 0.9403
vn 0.4363 0.0304 0.8993
vn 0.1719 0.1121 0.9787
vn 0.0600 -0.1356 0.9889
vn 0.3385 0.2632 0.9034
vn 0.6049 0.3460 0.7172
vn 0.9602 0.2770 0.0358
vn 0.8857 0.4629 0.0340
vn 0.9544 0.2981 -0.0158
vn 0.9437 0.2560 0.2094
vn 0.7642 0.1853 0.6179
vn 0.8531 0.4668 0.2331
vn 0.0969 -0.0264 0.9949
vn 0.0200 -0.3551 0.9346
vn 0.2569 0.2825 0.9242
vn 0.5083 0.5170 0.6887
vn 0.7804 0.6047 0.1592
vn 0.6682 0.5262 0.5260
vn 0.6826 0.7026 0.2012
vn 0.3147 0.5667 0.7614
vn 0.0817 0.1069 0.9909
vn 0.5725 0.8028 0.1667
vn 0.5016 0.6751 0.5410
vn 0.4329 0.8656 0.2518
vn 0.2161 0.9469 0.2379
vn 0.1906 0.9022 0.3868
vn 0.0883 0.4319 0.8976
vn 0.0257 0.1817 0.9830
vn 0.0414 0.5536 -0.8318
vn 0.0244 0.0002 -0.9997
vn 0.0072 0.9074 -0.4202
vn 0.1095 -0.0336 -0.9934
vn 0.5717 0.0637 -0.8180
vn 0.9087 0.1015 -0.4048
vn 0.1986 -0.0046 -0.9801
vn 0.5770 -0.0495 -0.8152
vn 0.9887 -0.0709 -0.1319
vn 0.9131 -0.0730 -0.4011
vn 0.8763 -0.3090 -0.3695
vn 0.4707 -0.2065 -0.8578
vn 0.9638 -0.2505 -0.0908
vn 0.2303 -0.1121 -0.9666
vn 0.1650 -0.0315 -0.9858
vn 0.9087 -0.4106 -0.0750
vn 0.6452 -0.3351 -0.6866
vn 0.8310 -0.4573 -0.3167
vn 0.5626 -0.2591 -0.7851
vn 0.8510 -0.5215 -0.0616
vn 0.6909 -0.6033 -0.3983
vn 0.3826 -0.2755 -0.8819
vn 0.7616 -0.6357 -0.1257
vn 0.1394 0.0453 -0.9892
vn 0.6395 -0.7624 -0.0989
vn 0.4271 -0.4734 -0.7704
vn 0.4733 -0.7825 -0.4046
vn 0.2490 -0.2619 -0.9324
vn 0.5159 -0.8487 -0.1163
vn 0.2049 -0.8545 -0.4773
vn 0.3101 -0.8951 -0.3204
vn 0.3427 -0.9335 -0.1058
vn 0.0199 -0.0450 -0.9988
vn 0.0079 0.8522 -0.5232
vn 0.1163 -0.9600 -0.2547
vn 0.1711 -0.9814 -0.0871
vn 0.0035 0.9921 -0.1253
vn 0.0050 1.0000 -0.0021
vn 0.0285 0.9987 -0.0423
vn 0.9873 0.1018 -0.1220
vn 0.9974 -0.0690 -0.0201
vn 0.9686 -0.2484 -0.0054
vn 0.7586 -0.6512 -0.0221
vn 0.6474 -0.7617 -0.0241
vn 0.5179 -0.8550 -0.0265
vn 0.3629 -0.9316 -0.0203
vn 0.1832 -0.9830 -0.0078
vn 0.0366 0.9989 -0.0281
vn 0.9970 -0.0769 -0.0047
vn 0.9955 0.0911 -0.0247
vn 0.9117 -0.4108 -0.0068
vn 0.8453 -0.5343 -0.0069
vn 0.7587 -0.6514 -0.0072
vn 0.6512 -0.7589 -0.0066
vn 0.0080 1.0000 0.0035
vn 0.5269 -0.8499 -0.0065
vn 0.3711 -0.9286 -0.0055
vn 0.0332 0.9994 0.0029
vn 0.9973 0.0727 -0.0035
vn 0.9152 -0.4029 -0.0062
vn 0.9969 -0.0784 -0.0037
vn 0.9698 -0.2440 -0.0048
vn 0.8526 -0.5225 -0.0060
vn 0.8489 -0.5285 -0.0094
vn 0.2027 -0.9777 0.0545
vn 0.9955 -0.0950 -0.0048
vn 0.9928 0.0930 -0.0760
vn 0.9691 -0.2466 -0.0071
vn 0.9166 -0.3997 -0.0083
vn 0.0219 0.9998 0.0027
vn 0.9359 0.3524 -0.0047
vn 0.9196 -0.3926 -0.0104
vn 0.7553 -0.6553 -0.0067
vn 0.9755 0.2196 -0.0147
vn 0.9618 -0.2732 -0.0141
vn 0.9870 -0.1365 -0.0845
vn 0.9832 -0.1759 -0.0489
vn 0.9937 0.0958 -0.0577
vn 0.9350 -0.3544 -0.0142
vn 0.8666 -0.4989 -0.0074
vn 0.7475 -0.6633 0.0373
vn 0.6535 -0.7559 0.0390
vn 0.5503 -0.8332 0.0531
vn 0.3879 -0.9198 0.0588
vn 0.0018 1.0000 0.0030
vn 0.0353 0.7401 0.6716
vn 0.0487 0.3619 0.9310
vn 0.1052 -0.0088 0.9944
vn 0.4228 -0.0610 0.9042
vn 0.2960 -0.0817 0.9517
vn 0.1609 0.0204 0.9868
vn 0.9975 0.0650 0.0293
vn 0.9804 0.0604 0.1875
vn 0.8177 0.0419 0.5741
vn 0.9876 -0.1540 0.0313
vn 0.9702 -0.1403 0.1978
vn 0.8037 -0.1083 0.5850
vn 0.9396 -0.3397 0.0426
vn 0.9223 -0.3065 0.2353
vn 0.7303 -0.2126 0.6492
vn 0.8595 -0.5083 0.0534
vn 0.8093 -0.5178 0.2772
vn 0.5551 -0.3357 0.7611
vn 0.2840 -0.1407 0.9484
vn 0.1440 0.2451 0.9587
vn 0.6426 -0.7191 0.2645
vn 0.6071 -0.5197 0.6011
vn 0.4571 -0.4199 0.7841
vn 0.2455 -0.2631 0.9330
vn 0.0800 0.6423 0.7623
vn 0.1293 0.4182 0.8991
vn 0.4240 -0.8520 0.3071
vn 0.4668 -0.5857 0.6626
vn 0.4145 -0.6385 0.6485
vn 0.1897 -0.9379 0.2903
vn 0.1708 -0.8701 0.4623
vn -0.0175 0.0231 -0.9996
vn 0.0071 0.3283 -0.9445
vn -0.0124 0.8567 -0.5157
vn 0.1621 0.9810 -0.1062
vn -0.0155 0.9408 -0.3387
vn -0.1905 0.9174 -0.3494
vn -0.0211 0.9973 -0.0705
vn -0.0453 0.2544 -0.9660
vn -0.0384 -0.0798 -0.9961
vn -0.4239 0.8317 -0.3586
vn -0.1602 0.8259 -0.5406
vn -0.3883 0.9187 -0.0715
vn -0.2048 0.9764 -0.0690
vn -0.5487 0.8338 -0.0609
vn -0.4189 0.5635 -0.7120
vn -0.1276 0.1400 -0.9819
vn -0.2510 0.4123 -0.8758
vn -0.6392 0.7072 -0.3022
vn -0.6586 0.7513 -0.0421
vn -0.5351 0.4726 -0.7002
vn -0.7937 0.5101 -0.3315
vn -0.7533 0.6566 -0.0365
vn 0.0186 -0.1542 -0.9879
vn -0.1992 0.2170 -0.9556
vn -0.0378 0.0234 -0.9990
vn -0.1200 0.1613 -0.9796
vn -0.8656 0.4969 -0.0619
vn -0.8348 0.2787 -0.4748
vn -0.9013 0.3251 -0.2864
vn -0.9358 0.3493 -0.0478
vn 0.1619 -0.6684 -0.7260
vn 0.1812 -0.6933 -0.6975
vn 0.1550 -0.4586 -0.8750
vn 0.0133 -0.4131 -0.9106
vn 0.1634 -0.1487 -0.9753
vn 0.1383 0.0278 -0.9900
vn -0.4210 0.2838 -0.8615
vn -0.2567 0.1475 -0.9552
vn -0.0099 0.0817 -0.9966
vn 0.5121 -0.5890 -0.6251
vn 0.6781 -0.5133 -0.5261
vn 0.4493 -0.4590 -0.7665
vn 0.6713 -0.4540 -0.5858
vn 0.8963 -0.2975 -0.3288
vn 0.8713 -0.2062 -0.4453
vn 0.5494 -0.1462 -0.8226
vn 0.9653 -0.1487 -0.2148
vn 0.8940 -0.0317 -0.4470
vn 0.5419 -0.0335 -0.8398
vn 0.9885 -0.0292 -0.1483
vn 0.4709 0.0338 -0.8815
vn -0.6580 0.7530 0.0066
vn -0.7663 0.6425 0.0072
vn -0.8545 0.5193 0.0099
vn 0.5032 -0.6031 -0.6189
vn 0.6633 -0.5067 -0.5508
vn 0.8803 -0.2444 -0.4065
vn 0.8919 -0.3052 -0.3337
vn 0.9613 -0.1493 -0.2314
vn 0.9963 -0.0376 -0.0772
vn 0.9659 -0.1691 -0.1960
vn 0.9960 -0.0514 -0.0727
vn 0.9959 -0.0498 -0.0753
vn 0.0096 0.9999 0.0042
vn -0.1908 0.9816 0.0053
vn -0.5309 0.8474 0.0065
vn -0.9221 0.3868 0.0085
vn -0.8577 0.5141 0.0065
vn -0.9179 0.3967 0.0062
vn -0.8519 0.5237 0.0066
vn -0.9701 0.2426 0.0047
vn -0.9187 0.3948 0.0057
vn -0.7635 0.6457 0.0067
vn -0.6559 0.7548 0.0066
vn 1.0000 0.0027 -0.0023
vn 0.9994 -0.0287 0.0192
vn -0.3646 0.9311 0.0060
vn -0.5229 0.8524 0.0065
vn -0.8507 0.5256 0.0068
vn 0.2309 0.9718 0.0470
vn -0.1719 0.9838 0.0518
vn 0.0334 0.9983 0.0478
vn -0.3468 0.9360 0.0607
vn -0.6480 0.7594 0.0573
vn -0.7661 0.6392 0.0675
vn -0.9142 0.4017 0.0542
vn -0.8516 0.5220 0.0472
vn -0.9717 0.2260 0.0691
vn 0.0390 -0.5793 0.8142
vn 0.0393 0.9732 0.2266
vn 0.0386 0.9321 0.3601
vn 0.0473 -0.3818 0.9230
vn -0.0402 0.1856 0.9818
vn -0.1473 0.9591 0.2418
vn -0.0934 0.7357 0.6708
vn 0.0047 0.5081 0.8613
vn -0.2993 0.9120 0.2804
vn -0.1865 0.6650 0.7232
vn -0.1102 0.0315 0.9934
vn -0.5222 0.8505 0.0634
vn -0.5087 0.8004 0.3170
vn -0.3572 0.5023 0.7875
vn -0.7204 0.6284 0.2935
vn -0.5226 0.5792 0.6256
vn -0.0626 -0.1165 0.9912
vn -0.2003 0.2302 0.9523
vn -0.4939 0.3924 0.7759
vn -0.8508 0.4710 0.2332
vn -0.6701 0.3427 0.6584
vn -0.9128 0.2956 0.2817
vn -0.7483 0.3743 0.5477
vn 0.0582 -0.1546 0.9863
vn -0.0369 0.0525 0.9979
vn -0.1841 0.1329 0.9739
vn -0.3057 0.1994 0.9310
vn -0.5758 0.2305 0.7844
vn 0.2127 -0.6673 0.7138
vn 0.2083 -0.5468 0.8109
vn 0.3034 -0.3389 0.8905
vn 0.3742 -0.1588 0.9136
vn 0.3698 -0.0238 0.9288
vn 0.3257 0.0450 0.9444
vn -0.1674 0.1307 0.9772
vn 0.9910 -0.1098 0.0764
vn 0.9395 -0.2445 0.2400
vn 0.9601 -0.2000 0.1952
vn 0.9080 -0.2983 0.2942
vn 0.4493 -0.6405 0.6227
vn 0.3592 -0.6438 0.6757
vn 0.9915 -0.0914 0.0924
vn 0.9393 -0.2442 0.2411
vn 0.9628 -0.1895 0.1928
vn 0.9079 -0.2952 0.2977
vn 0.7933 -0.4203 0.4406
vn 0.6163 -0.4323 0.6582
vn 0.9986 -0.0250 0.0476
vn 0.9935 -0.0938 0.0651
vn 0.9590 -0.1523 0.2389
vn 0.4467 -0.2680 0.8536
vn 0.9766 -0.0321 0.2125
vn 0.9248 -0.1405 0.3537
vn 0.7846 -0.0961 0.6125
vn 0.8004 -0.0117 0.5994
vn 0.9992 0.0164 0.0358
vn 0.5570 0.0144 0.8304
vn 0.7880 0.0047 0.6157
vn -0.0270 -0.9732 -0.2286
vn -0.0215 -0.9345 -0.3552
vn -0.0222 -0.9983 -0.0543
vn -0.0016 0.0212 -0.9998
vn 0.0012 0.0265 -0.9996
vn -0.0002 0.9141 -0.4055
vn -0.2004 -0.9474 -0.2496
vn -0.1783 -0.8969 -0.4046
vn -0.2120 -0.9758 -0.0543
vn -0.4368 -0.8504 -0.2935
vn -0.4220 -0.7601 -0.4941
vn -0.3914 -0.9182 -0.0603
vn -0.5628 -0.8251 -0.0502
vn -0.0362 0.5317 -0.8462
vn -0.0127 0.0163 -0.9998
vn -0.6521 -0.7098 -0.2663
vn -0.7092 -0.5844 -0.3943
vn -0.7534 -0.6219 -0.2137
vn -0.5426 -0.7315 -0.4129
vn -0.6054 -0.6419 -0.4706
vn -0.6707 -0.7406 -0.0409
vn -0.7768 -0.6285 -0.0410
vn -0.1183 0.0047 -0.9930
vn -0.2126 -0.2811 -0.9358
vn -0.0783 0.0166 -0.9968
vn 0.0474 0.8995 -0.4343
vn -0.6391 0.2384 -0.7312
vn -0.8785 0.1608 -0.4498
vn -0.9809 0.1542 -0.1182
vn -0.9439 -0.3147 -0.1001
vn -0.8988 -0.2891 -0.3294
vn -0.9873 -0.0889 -0.1318
vn -0.7964 -0.5142 -0.3183
vn -0.4703 -0.3095 -0.8265
vn -0.8646 -0.4998 -0.0517
vn -0.1511 -0.1179 -0.9815
vn -0.2857 -0.2562 -0.9235
vn -0.1988 -0.1933 -0.9608
vn -0.0415 0.1202 -0.9919
vn 0.0175 0.5805 -0.8140
vn 0.0771 0.9823 -0.1706
vn -0.0131 0.9851 -0.1717
vn -0.2898 -0.0747 -0.9542
vn -0.8494 -0.0923 -0.5196
vn -0.7450 -0.2724 -0.6089
vn 0.0643 -0.0446 -0.9969
vn 0.1296 0.1510 -0.9800
vn 0.1150 0.6014 -0.7906
vn 0.2174 0.9016 -0.3741
vn 0.2868 0.9456 -0.1536
vn -0.2894 0.1501 -0.9454
vn 0.4833 -0.0233 -0.8751
vn 0.9903 0.0096 -0.1385
vn 0.8954 0.0760 -0.4388
vn 0.5307 0.0387 -0.8467
vn 0.5576 0.1579 -0.8150
vn 0.8792 0.2931 -0.3756
vn 0.9263 0.3635 -0.0992
vn 0.4665 0.5431 -0.6981
vn 0.6247 0.7267 -0.2859
vn 0.6555 0.7491 -0.0951
vn -0.0061 0.9996 -0.0285
vn -0.0415 0.9991 0.0037
vn -0.0086 0.9991 -0.0418
vn -0.9704 0.2413 0.0083
vn -0.9814 0.1885 0.0357
vn -0.9919 -0.1211 0.0386
vn -0.9406 -0.3394 0.0053
vn 0.0842 0.9957 -0.0386
vn -0.9914 0.1050 0.0777
vn -0.9928 -0.0957 0.0720
vn 0.3112 0.9498 -0.0307
vn 0.0754 0.9972 -0.0006
vn 0.2833 0.9587 -0.0268
vn 0.9885 0.1071 -0.1068
vn 0.9996 0.0164 -0.0227
vn 0.9296 0.3662 -0.0407
vn 0.6590 0.7500 -0.0565
vn 0.9291 0.3529 -0.1103
vn 0.4959 0.8682 -0.0181
vn 0.2131 0.9770 -0.0022
vn 0.9995 0.0291 -0.0093
vn 0.9937 0.1078 -0.0310
vn 0.9839 0.1757 -0.0319
vn 0.8307 0.5537 -0.0578
vn -0.1935 -0.9811 -0.0032
vn -0.0421 0.9991 -0.0014
vn -0.0147 0.9999 0.0030
vn -0.7638 -0.6455 0.0008
vn -0.6533 -0.7571 -0.0006
vn -0.9728 -0.2316 0.0088
vn -0.9137 -0.4064 0.0035
vn -0.8514 -0.5244 0.0012
vn -0.9970 0.0776 0.0030
vn 0.9775 0.2110 -0.0024
vn 0.4769 0.8790 0.0018
vn 0.8257 0.5642 -0.0010
vn 0.0083 -1.0000 -0.0034
vn -0.5242 -0.8516 -0.0011
vn -0.3641 -0.9314 -0.0024
vn -0.9964 -0.0848 0.0037
vn -0.9687 -0.2482 0.0033
vn -0.1682 -0.9858 -0.0022
vn -0.9978 0.0657 0.0044
vn -0.9654 -0.2609 0.0032
vn 0.0491 0.9988 0.0095
vn 0.9979 0.0643 -0.0035
vn 0.7953 0.6062 -0.0011
vn 0.4344 0.9007 0.0016
vn -0.6228 -0.7819 0.0271
vn -0.0000 1.0000 0.0035
vn -0.8388 -0.5444 0.0022
vn -0.7466 -0.6653 0.0009
vn 0.1728 0.9849 0.0030
vn -0.3463 -0.9366 0.0532
vn -0.9917 -0.1061 0.0721
vn -0.9962 0.0551 0.0671
vn 0.9654 0.2597 0.0228
vn 0.7653 0.6435 0.0175
vn 0.3925 0.9194 0.0264
vn -0.1554 -0.9864 0.0527
vn -0.8897 -0.4542 0.0457
vn -0.8246 -0.5644 0.0393
vn -0.9563 -0.2845 0.0670
vn 0.1502 0.9875 0.0485
vn 0.9962 0.0820 0.0288
vn 0.0296 -0.9980 0.0561
vn 0.0260 -0.9613 0.2743
vn 0.0191 -0.9021 0.4311
vn 0.0022 0.9138 0.4061
vn 0.0119 0.0040 0.9999
vn -0.0144 0.0252 0.9996
vn -0.1488 -0.9496 0.2759
vn -0.1442 -0.8900 0.4326
vn 0.0073 0.9605 0.2783
vn -0.0383 0.0344 0.9987
vn -0.3998 -0.8761 0.2693
vn -0.4611 -0.6370 0.6177
vn -0.3966 -0.7060 0.5868
vn -0.1361 0.2429 0.9604
vn -0.1249 0.1601 0.9792
vn -0.7651 -0.6140 0.1940
vn -0.6155 -0.7584 0.2147
vn -0.6140 -0.5838 0.5312
vn -0.4655 -0.4802 0.7435
vn -0.2560 -0.3205 0.9120
vn -0.1154 0.3925 0.9125
vn -0.8884 -0.3619 0.2824
vn -0.5886 -0.4407 0.6777
vn -0.2895 -0.1927 0.9376
vn -0.1229 0.2281 0.9659
vn 0.0097 0.9036 0.4283
vn 0.0920 0.9615 0.2589
vn -0.0179 0.7420 0.6701
vn -0.9515 0.0582 0.3021
vn -0.8868 0.0626 0.4579
vn -0.9443 -0.1133 0.3091
vn -0.8791 -0.1067 0.4645
vn -0.5400 -0.2746 0.7956
vn -0.2339 -0.1799 0.9555
vn -0.0654 -0.0198 0.9977
vn 0.0464 0.3417 0.9386
vn 0.0883 0.7586 0.6456
vn -0.3815 0.0314 0.9238
vn -0.3858 -0.0165 0.9225
vn -0.1260 -0.1090 0.9860
vn -0.3664 -0.0580 0.9287
vn 0.3506 0.0755 0.9335
vn 0.3436 0.3374 0.8764
vn 0.3230 0.9276 0.1877
vn 0.2671 0.7536 0.6006
vn 0.5067 -0.0043 0.8621
vn 0.7913 0.0050 0.6114
vn 0.9788 0.0517 0.1981
vn 0.7994 0.0821 0.5951
vn 0.5664 -0.0006 0.8242
vn 0.9586 0.2380 0.1566
vn 0.7853 0.2288 0.5752
vn 0.7417 0.6610 0.1140
vn 0.6579 0.6012 0.4537
vn -0.4739 -0.8804 0.0140
vn 0.4248 0.2818 -0.8603
vn 0.0239 0.4768 0.8787
vn 0.3486 0.0144 -0.9372
vn 0.0709 0.4609 0.8846
vn 0.0857 0.1293 0.9879
vn -0.6780 0.7351 -0.0056
vn -0.0012 0.0304 -0.9995
vn -0.5196 -0.8543 -0.0103
vn -0.5624 -0.8264 0.0265
vn -0.0019 0.8918 0.4523
vn -0.3979 0.8077 0.4351
vn 0.1111 0.2071 0.9720
vn 0.0256 0.0148 0.9996
vn -0.5810 0.6282 -0.5175
vn -0.3707 0.9287 0.0056
vn -0.5153 -0.8558 0.0458
vn -0.7191 -0.6944 0.0252
vt 0.680604 0.404027
vt 0.673972 0.406367
vt 0.672983 0.401599
vt 0.676536 0.392775
vt 0.671549 0.395781
vt 0.680953 0.398230
vt 0.671838 0.386077
vt 0.434778 0.396124
vt 0.429259 0.401554
vt 0.429133 0.395961
vt 0.434572 0.390302
vt 0.426301 0.393175
vt 0.427087 0.388342
vt 0.595617 0.575236
vt 0.595617 0.584875
vt 0.592084 0.579208
vt 0.667674 0.384760
vt 0.431982 0.379259
vt 0.426917 0.381829
vt 0.428218 0.371399
vt 0.429654 0.406862
vt 0.433948 0.400891
vt 0.436338 0.403794
vt 0.421287 0.388259
vt 0.421383 0.393885
vt 0.418374 0.385473
vt 0.419159 0.380630
vt 0.424189 0.371549
vt 0.418680 0.373573
vt 0.417701 0.365270
vt 0.421827 0.399239
vt 0.422933 0.407209
vt 0.413166 0.380531
vt 0.413358 0.386180
vt 0.409515 0.377246
vt 0.410858 0.372944
vt 0.410883 0.365976
vt 0.413970 0.391721
vt 0.414127 0.399885
vt 0.406698 0.384758
vt 0.405651 0.390557
vt 0.663565 0.376930
vt 0.663552 0.217825
vt 0.413770 0.134661
vt 0.417374 0.228268
vt 0.421817 0.208952
vt 0.675925 0.194176
vt 0.671225 0.203510
vt 0.667382 0.219896
vt 0.425950 0.208025
vt 0.429865 0.212301
vt 0.405850 0.355407
vt 0.401710 0.356183
vt 0.409009 0.131495
vt 0.418156 0.125049
vt 0.667522 0.112152
vt 0.674194 0.110794
vt 0.680807 0.106566
vt 0.430578 0.116046
vt 0.425091 0.118653
vt 0.663309 0.121567
vt 0.411894 0.122345
vt 0.418423 0.115872
vt 0.416132 0.110683
vt 0.403174 0.122740
vt 0.401343 0.118351
vt 0.405725 0.114639
vt 0.677573 0.098852
vt 0.676155 0.093208
vt 0.679668 0.090383
vt 0.667560 0.105543
vt 0.442728 0.093425
vt 0.433683 0.094860
vt 0.437097 0.092266
vt 0.436704 0.086475
vt 0.440804 0.087768
vt 0.437214 0.082367
vt 0.442319 0.079522
vt 0.437445 0.077896
vt 0.425913 0.107620
vt 0.434677 0.106660
vt 0.425451 0.102373
vt 0.428380 0.099632
vt 0.433940 0.100048
vt 0.428820 0.093633
vt 0.429507 0.088708
vt 0.431034 0.079530
vt 0.420214 0.107332
vt 0.420689 0.101233
vt 0.421849 0.095033
vt 0.422679 0.087844
vt 0.418280 0.084252
vt 0.414282 0.102200
vt 0.412730 0.109104
vt 0.414343 0.096023
vt 0.412822 0.092308
vt 0.406006 0.108356
vt 0.406316 0.103777
vt 0.407118 0.099509
vt 0.708282 0.432840
vt 0.704180 0.436896
vt 0.702840 0.432127
vt 0.707837 0.423509
vt 0.702018 0.425328
vt 0.715385 0.440491
vt 0.711190 0.444659
vt 0.708664 0.439668
vt 0.715203 0.433153
vt 0.715242 0.425082
vt 0.722934 0.448176
vt 0.718756 0.452341
vt 0.716098 0.447372
vt 0.722689 0.440828
vt 0.722787 0.432352
vt 0.730511 0.455851
vt 0.726347 0.460004
vt 0.723682 0.455043
vt 0.730257 0.448510
vt 0.730519 0.440478
vt 0.738089 0.463526
vt 0.733939 0.467666
vt 0.731269 0.462709
vt 0.737830 0.456191
vt 0.738423 0.447956
vt 0.450844 0.426805
vt 0.445991 0.432265
vt 0.446155 0.426707
vt 0.697317 0.425148
vt 0.695259 0.429382
vt 0.692674 0.424390
vt 0.698983 0.432061
vt 0.577057 0.602143
vt 0.581016 0.605367
vt 0.577057 0.607797
vt 0.607059 0.500955
vt 0.608747 0.506159
vt 0.603662 0.506159
vt 0.006048 0.605840
vt 0.001754 0.602157
vt 0.006048 0.599405
vt 0.574172 0.598520
vt 0.574172 0.604286
vt 0.569299 0.602850
vt 0.604120 0.590435
vt 0.604120 0.596241
vt 0.599270 0.594791
vt 0.437850 0.421851
vt 0.442447 0.416244
vt 0.444548 0.419012
vt 0.438617 0.429397
vt 0.443606 0.424006
vt 0.440127 0.441231
vt 0.446131 0.437485
vt 0.446529 0.444757
vt 0.440344 0.456411
vt 0.447019 0.452394
vt 0.447464 0.460050
vt 0.439514 0.467511
vt 0.447868 0.467708
vt 0.428093 0.419941
vt 0.437853 0.416951
vt 0.430029 0.430606
vt 0.433491 0.486328
vt 0.701237 0.416051
vt 0.723119 0.333672
vt 0.730831 0.336375
vt 0.739891 0.335323
vt 0.691940 0.417529
vt 0.688701 0.421642
vt 0.687217 0.416875
vt 0.691619 0.407849
vt 0.696727 0.417797
vt 0.696374 0.408625
vt 0.443368 0.411477
vt 0.438058 0.411458
vt 0.440560 0.405181
vt 0.435363 0.408675
vt 0.430354 0.414197
vt 0.702463 0.184729
vt 0.708747 0.279786
vt 0.715668 0.304704
vt 0.722874 0.302030
vt 0.728835 0.324144
vt 0.685666 0.394131
vt 0.686242 0.177515
vt 0.731847 0.243837
vt 0.695374 0.170441
vt 0.725023 0.172365
vt 0.713103 0.170698
vt 0.708588 0.174740
vt 0.718211 0.178596
vt 0.690316 0.093802
vt 0.725546 0.061489
vt 0.742984 0.049793
vt 0.707036 0.084594
vt 0.702014 0.085173
vt 0.685391 0.098148
vt 0.718367 0.067713
vt 0.712052 0.077748
vt 0.711226 0.068656
vt 0.712564 0.059521
vt 0.720259 0.052430
vt 0.695600 0.090571
vt 0.689430 0.087232
vt 0.695444 0.082232
vt 0.691140 0.077440
vt 0.695236 0.074793
vt 0.697289 0.069476
vt 0.701833 0.067006
vt 0.707029 0.066844
vt 0.456745 0.061558
vt 0.451830 0.056200
vt 0.454635 0.053966
vt 0.708031 0.059260
vt 0.681691 0.084942
vt 0.685854 0.082257
vt 0.449374 0.072078
vt 0.445076 0.076861
vt 0.445146 0.070849
vt 0.445696 0.066703
vt 0.450637 0.064136
vt 0.445841 0.062469
vt 0.446169 0.058346
vt 0.449541 0.051515
vt 0.437618 0.073411
vt 0.440119 0.062761
vt 0.443790 0.050166
vt 0.430800 0.072757
vt 0.430171 0.064883
vt 0.438430 0.046619
vt 0.246225 0.005441
vt 0.715557 0.048771
vt 0.719884 0.046056
vt 0.725718 0.052058
vt 0.726238 0.044980
vt 0.722673 0.041362
vt 0.727419 0.038521
vt 0.733153 0.053678
vt 0.733320 0.044513
vt 0.733891 0.037410
vt 0.730317 0.033778
vt 0.735084 0.030933
vt 0.740780 0.044402
vt 0.740998 0.036939
vt 0.741565 0.029830
vt 0.737979 0.026184
vt 0.742750 0.023344
vt 0.711152 0.053055
vt 0.454126 0.042689
vt 0.458274 0.047799
vt 0.453937 0.047765
vt 0.004819 0.524133
vt 0.003105 0.528264
vt 0.001443 0.525050
vt 0.574172 0.584498
vt 0.569910 0.581636
vt 0.573716 0.580538
vt 0.581196 0.582480
vt 0.577057 0.585081
vt 0.577523 0.581143
vt 0.458775 0.028559
vt 0.454742 0.031764
vt 0.454785 0.027813
vt 0.005319 0.569287
vt 0.001443 0.572371
vt 0.001523 0.568337
vt 0.459249 0.020988
vt 0.455190 0.024185
vt 0.455220 0.020232
vt 0.572210 0.566347
vt 0.569378 0.570441
vt 0.568300 0.566512
vt 0.013646 0.585382
vt 0.009386 0.582435
vt 0.013168 0.581283
vt 0.447089 0.047648
vt 0.447936 0.034083
vt 0.447756 0.024402
vt 0.449107 0.013285
vt 0.448729 0.001443
vt 0.396158 0.378648
vt 0.398466 0.372894
vt 0.398021 0.365434
vt 0.395571 0.359250
vt 0.405354 0.378398
vt 0.394691 0.369193
vt 0.389411 0.370573
vt 0.370612 0.380882
vt 0.371082 0.406727
vt 0.379675 0.370954
vt 0.379824 0.362535
vt 0.384872 0.358192
vt 0.379007 0.358235
vt 0.365754 0.369695
vt 0.372033 0.363028
vt 0.375035 0.368198
vt 0.369645 0.393322
vt 0.584165 0.552297
vt 0.570839 0.548019
vt 0.578888 0.547365
vt 0.362585 0.390368
vt 0.362212 0.382423
vt 0.361432 0.399218
vt 0.360532 0.406078
vt 0.364302 0.357676
vt 0.357787 0.363341
vt 0.346604 0.357421
vt 0.581722 0.538957
vt 0.585980 0.537276
vt 0.350664 0.367444
vt 0.573356 0.542393
vt 0.576228 0.539415
vt 0.357832 0.385414
vt 0.356201 0.380433
vt 0.274864 0.770770
vt 0.278401 0.775600
vt 0.273541 0.777907
vt 0.272574 0.752046
vt 0.276696 0.758038
vt 0.274251 0.764535
vt 0.355988 0.396095
vt 0.356603 0.388153
vt 0.267012 0.778730
vt 0.270848 0.782849
vt 0.266219 0.785583
vt 0.267391 0.771341
vt 0.266841 0.764253
vt 0.261273 0.779122
vt 0.260883 0.786440
vt 0.261144 0.770959
vt 0.576925 0.532146
vt 0.573230 0.534965
vt 0.570009 0.538235
vt 0.281369 0.768254
vt 0.277888 0.768422
vt 0.034778 0.752860
vt 0.037210 0.746354
vt 0.040453 0.751561
vt 0.347287 0.403315
vt 0.349304 0.395959
vt 0.352727 0.388979
vt 0.348441 0.389195
vt 0.256983 0.786702
vt 0.257066 0.778104
vt 0.348853 0.409653
vt 0.344390 0.388109
vt 0.345062 0.396628
vt 0.347826 0.380586
vt 0.396928 0.347950
vt 0.385299 0.348148
vt 0.380434 0.349680
vt 0.374784 0.266636
vt 0.374167 0.349093
vt 0.366375 0.347678
vt 0.356532 0.350590
vt 0.358758 0.341472
vt 0.351306 0.341521
vt 0.272421 0.660312
vt 0.266698 0.705827
vt 0.261233 0.664012
vt 0.340308 0.350540
vt 0.340020 0.341395
vt 0.036217 0.551911
vt 0.041829 0.743263
vt 0.256983 0.667828
vt 0.343946 0.264718
vt 0.347220 0.270291
vt 0.398106 0.131413
vt 0.375083 0.139378
vt 0.381273 0.267410
vt 0.353586 0.139372
vt 0.266419 0.658266
vt 0.261008 0.649439
vt 0.345428 0.260847
vt 0.351049 0.266511
vt 0.345597 0.248107
vt 0.350413 0.251928
vt 0.390165 0.346729
vt 0.387522 0.139179
vt 0.392874 0.139090
vt 0.381829 0.139745
vt 0.367375 0.139502
vt 0.359773 0.146149
vt 0.272332 0.527745
vt 0.277151 0.563585
vt 0.266375 0.517364
vt 0.340435 0.146243
vt 0.345838 0.105395
vt 0.398826 0.110107
vt 0.397106 0.116123
vt 0.385898 0.129715
vt 0.386500 0.125094
vt 0.381227 0.123375
vt 0.377263 0.118507
vt 0.376221 0.115123
vt 0.371110 0.129903
vt 0.371561 0.123636
vt 0.365187 0.114331
vt 0.367476 0.118732
vt 0.368785 0.105389
vt 0.356822 0.130021
vt 0.357021 0.123654
vt 0.359850 0.118448
vt 0.018380 0.547635
vt 0.015530 0.539847
vt 0.021741 0.540249
vt 0.272459 0.519742
vt 0.277317 0.528441
vt 0.273064 0.512038
vt 0.278076 0.519801
vt 0.266562 0.505493
vt 0.261180 0.505354
vt 0.328869 0.138449
vt 0.331793 0.130078
vt 0.015222 0.532151
vt 0.011293 0.547374
vt 0.011293 0.530954
vt 0.035806 0.516773
vt 0.041155 0.518506
vt 0.041042 0.508684
vt 0.035150 0.508151
vt 0.040625 0.503197
vt 0.032445 0.500727
vt 0.019224 0.532180
vt 0.377563 0.109872
vt 0.369433 0.094787
vt 0.368581 0.081085
vt 0.026891 0.548440
vt 0.023918 0.555510
vt 0.362356 0.096251
vt 0.361889 0.104386
vt 0.361437 0.088362
vt 0.360927 0.082353
vt 0.024390 0.543635
vt 0.278098 0.506983
vt 0.280613 0.512309
vt 0.029559 0.543328
vt 0.266372 0.496522
vt 0.275826 0.501813
vt 0.272878 0.504655
vt 0.354629 0.091909
vt 0.356879 0.099066
vt 0.260936 0.496876
vt 0.260269 0.489369
vt 0.354181 0.085145
vt 0.345879 0.099493
vt 0.350617 0.107830
vt 0.346431 0.092033
vt 0.351702 0.099369
vt 0.346542 0.085579
vt 0.346135 0.080462
vt 0.351943 0.075633
vt 0.264477 0.413254
vt 0.343518 0.415520
vt 0.760826 0.486512
vt 0.756717 0.490613
vt 0.754033 0.485707
vt 0.768360 0.493384
vt 0.764342 0.497153
vt 0.761620 0.493103
vt 0.768119 0.486773
vt 0.777550 0.493546
vt 0.769014 0.497883
vt 0.776170 0.486865
vt 0.834667 0.487194
vt 0.449121 0.482484
vt 0.453724 0.485441
vt 0.449077 0.486484
vt 0.608466 0.540053
vt 0.608466 0.545282
vt 0.603662 0.543754
vt 0.752412 0.712965
vt 0.747818 0.717086
vt 0.748491 0.712678
vt 0.755305 0.717356
vt 0.750433 0.718554
vt 0.743263 0.712798
vt 0.743147 0.717889
vt 0.736486 0.712838
vt 0.733869 0.718166
vt 0.713616 0.713533
vt 0.679721 0.717869
vt 0.442160 0.485364
vt 0.448262 0.475382
vt 0.753233 0.704193
vt 0.748816 0.705258
vt 0.756408 0.712777
vt 0.743374 0.705948
vt 0.736584 0.705925
vt 0.729205 0.706042
vt 0.728951 0.712300
vt 0.713647 0.708574
vt 0.099654 0.997849
vt 0.105296 0.993002
vt 0.107325 0.998214
vt 0.098865 0.993251
vt 0.103846 0.984070
vt 0.441356 0.475624
vt 0.743672 0.693583
vt 0.736784 0.698473
vt 0.729937 0.699120
vt 0.724675 0.701710
vt 0.721514 0.706420
vt 0.013125 0.570283
vt 0.016558 0.567072
vt 0.017804 0.572339
vt 0.009230 0.607644
vt 0.013873 0.607644
vt 0.012913 0.612499
vt 0.009386 0.565039
vt 0.017804 0.558395
vt 0.737131 0.690712
vt 0.732473 0.693760
vt 0.733787 0.688552
vt 0.861002 0.493842
vt 0.864259 0.497854
vt 0.858787 0.498729
vt 0.861983 0.485094
vt 0.869524 0.493599
vt 0.739220 0.682971
vt 0.875349 0.498575
vt 0.867520 0.498877
vt 0.870682 0.487245
vt 0.875922 0.493967
vt 0.744650 0.667730
vt 0.740061 0.675494
vt 0.882858 0.498533
vt 0.883288 0.485278
vt 0.876532 0.484746
vt 0.745669 0.471202
vt 0.741532 0.475329
vt 0.738857 0.470376
vt 0.745404 0.463872
vt 0.746463 0.456012
vt 0.753249 0.478878
vt 0.749125 0.482991
vt 0.746445 0.478043
vt 0.752979 0.471553
vt 0.752949 0.464002
vt 0.757378 0.460945
vt 0.760553 0.479232
vt 0.760521 0.471685
vt 0.768870 0.477751
vt 0.828102 0.478053
vt 0.604100 0.599126
vt 0.604100 0.604927
vt 0.599270 0.603449
vt 0.098328 0.866717
vt 0.098560 0.984324
vt 0.857432 0.283387
vt 0.857975 0.485002
vt 0.866288 0.485023
vt 0.871379 0.477167
vt 0.828853 0.343860
vt 0.104362 0.844686
vt 0.108900 0.782895
vt 0.865595 0.271756
vt 0.861018 0.270504
vt 0.883839 0.325268
vt 0.876715 0.340272
vt 0.099350 0.777225
vt 0.098745 0.841122
vt 0.870511 0.269487
vt 0.105216 0.770847
vt 0.865677 0.196960
vt 0.876939 0.200223
vt 0.105059 0.698677
vt 0.109382 0.697720
vt 0.100995 0.613239
vt 0.096549 0.603131
vt 0.094775 0.771142
vt 0.857448 0.198219
vt 0.869979 0.198479
vt 0.861634 0.196675
vt 0.871126 0.169607
vt 0.105209 0.610425
vt 0.109414 0.610544
vt 0.856908 0.111051
vt 0.865140 0.016620
vt 0.877750 0.120137
vt 0.884609 0.196173
vt 0.101664 0.515877
vt 0.856819 0.016570
vt 0.860974 0.016368
vt 0.871171 0.016860
vt 0.885374 0.016255
vt 0.878161 0.016586
vt 0.748683 0.037116
vt 0.748678 0.029365
vt 0.749240 0.022250
vt 0.745641 0.018591
vt 0.750416 0.015757
vt 0.756653 0.030580
vt 0.756358 0.021792
vt 0.756907 0.014694
vt 0.753295 0.011019
vt 0.758036 0.008328
vt 0.764385 0.022778
vt 0.764011 0.014308
vt 0.764440 0.007653
vt 0.760812 0.004121
vt 0.765209 0.002838
vt 0.773502 0.014131
vt 0.774825 0.007074
vt 0.771815 0.001874
vt 0.781458 0.001443
vt 0.823229 0.022898
vt 0.837572 0.001994
vt 0.005612 0.553734
vt 0.001443 0.556480
vt 0.001929 0.552407
vt 0.460163 0.005865
vt 0.456058 0.009026
vt 0.456082 0.005079
vt 0.467918 0.724115
vt 0.464726 0.727992
vt 0.463986 0.723932
vt 0.472101 0.727957
vt 0.471691 0.723927
vt 0.476530 0.724168
vt 0.483057 0.729482
vt 0.483077 0.724400
vt 0.492689 0.729732
vt 0.490479 0.724524
vt 0.498077 0.724612
vt 0.511819 0.725314
vt 0.467142 0.716377
vt 0.471707 0.716525
vt 0.477140 0.714680
vt 0.483114 0.717561
vt 0.490483 0.717662
vt 0.497980 0.717897
vt 0.505713 0.718273
vt 0.096297 0.515233
vt 0.096651 0.506757
vt 0.097417 0.501136
vt 0.102821 0.506922
vt 0.513550 0.720297
vt 0.490330 0.710346
vt 0.483937 0.710204
vt 0.497240 0.711222
vt 0.105927 0.515486
vt 0.109939 0.516054
vt 0.108000 0.502241
vt 0.110874 0.506898
vt 0.607175 0.533695
vt 0.603662 0.537168
vt 0.603662 0.530312
vt 0.502567 0.713755
vt 0.864275 0.007338
vt 0.856189 0.007430
vt 0.859383 0.002917
vt 0.854180 0.001553
vt 0.494640 0.706102
vt 0.489931 0.702799
vt 0.871247 0.007589
vt 0.870836 0.002078
vt 0.862817 0.001443
vt 0.487693 0.694847
vt 0.482194 0.692984
vt 0.476511 0.682864
vt 0.878426 0.007747
vt 0.878457 0.002395
vt 0.885877 0.007794
vt 0.486759 0.679643
vt 0.482472 0.672610
vt 0.832457 0.498500
vt 0.834568 0.493872
vt 0.843054 0.498352
vt 0.843363 0.493957
vt 0.843633 0.487369
vt 0.847254 0.497687
vt 0.848424 0.493868
vt 0.849509 0.485238
vt 0.669134 0.717125
vt 0.675841 0.711758
vt 0.664939 0.716150
vt 0.669090 0.712110
vt 0.012469 0.493145
vt 0.008555 0.496866
vt 0.007477 0.493034
vt 0.006796 0.484393
vt 0.092204 0.997749
vt 0.091723 0.985152
vt 0.091931 0.993223
vt 0.698519 0.709431
vt 0.690622 0.713336
vt 0.084539 0.993247
vt 0.084636 0.997761
vt 0.084423 0.985235
vt 0.077324 0.993315
vt 0.076997 0.997874
vt 0.690932 0.708524
vt 0.070353 0.993444
vt 0.068908 0.998214
vt 0.071463 0.984569
vt 0.675624 0.705674
vt 0.664255 0.710639
vt 0.669029 0.705335
vt 0.012269 0.486570
vt 0.021167 0.492924
vt 0.066410 0.985382
vt 0.679712 0.701648
vt 0.683003 0.706267
vt 0.061809 0.993457
vt 0.065289 0.997261
vt 0.060071 0.998098
vt 0.062286 0.984851
vt 0.674706 0.698974
vt 0.668772 0.698024
vt 0.029772 0.497412
vt 0.014030 0.497782
vt 0.972312 0.493805
vt 0.969453 0.497644
vt 0.964290 0.494139
vt 0.971329 0.485196
vt 0.967163 0.485604
vt 0.672121 0.693763
vt 0.018649 0.612683
vt 0.022481 0.610811
vt 0.022481 0.615126
vt 0.663729 0.694855
vt 0.668116 0.690427
vt 0.956632 0.497995
vt 0.957857 0.493995
vt 0.963227 0.487373
vt 0.957268 0.484838
vt 0.665742 0.680507
vt 0.058421 0.497063
vt 0.052714 0.487055
vt 0.028370 0.486290
vt 0.950784 0.494080
vt 0.950435 0.485313
vt 0.836887 0.478057
vt 0.844044 0.477496
vt 0.012393 0.477061
vt 0.006431 0.418168
vt 0.019242 0.486583
vt 0.019303 0.477449
vt 0.027386 0.270511
vt 0.019592 0.312225
vt 0.962497 0.475621
vt 0.956349 0.398981
vt 0.049415 0.477911
vt 0.028845 0.477096
vt 0.036330 0.321536
vt 0.949433 0.397972
vt 0.837384 0.343955
vt 0.844386 0.343516
vt 0.849915 0.419012
vt 0.012182 0.338900
vt 0.006043 0.341483
vt 0.076686 0.857317
vt 0.084007 0.870645
vt 0.077079 0.984309
vt 0.070532 0.867892
vt 0.065391 0.850956
vt 0.965945 0.336528
vt 0.842094 0.336338
vt 0.839563 0.291413
vt 0.845124 0.304187
vt 0.835603 0.342539
vt 0.847513 0.328038
vt 0.850271 0.342324
vt 0.851147 0.338736
vt 0.006686 0.337882
vt 0.002417 0.327246
vt 0.005201 0.306807
vt 0.849024 0.293946
vt 0.084082 0.773156
vt 0.089000 0.844887
vt 0.086212 0.844986
vt 0.012045 0.307227
vt 0.091348 0.864469
vt 0.093413 0.837373
vt 0.083830 0.849193
vt 0.081675 0.836755
vt 0.079929 0.777745
vt 0.075884 0.835687
vt 0.070088 0.839453
vt 0.074989 0.775400
vt 0.961075 0.310036
vt 0.955008 0.282264
vt 0.040336 0.145301
vt 0.049694 0.363687
vt 0.948074 0.282310
vt 0.006170 0.284719
vt 0.090139 0.776605
vt 0.078657 0.708890
vt 0.012488 0.241818
vt 0.069303 0.765326
vt 0.064327 0.762677
vt 0.060316 0.694964
vt 0.061164 0.846875
vt 0.964544 0.191756
vt 0.969241 0.195318
vt 0.959580 0.183339
vt 0.850171 0.158485
vt 0.844861 0.296149
vt 0.845733 0.147003
vt 0.006167 0.186088
vt 0.002317 0.293137
vt 0.001952 0.157673
vt 0.073210 0.690887
vt 0.067945 0.690197
vt 0.063542 0.686858
vt 0.059505 0.671864
vt 0.953265 0.147396
vt 0.946743 0.173007
vt 0.839609 0.140392
vt 0.831846 0.015674
vt 0.089963 0.599919
vt 0.083209 0.599462
vt 0.012676 0.115329
vt 0.006203 0.102838
vt 0.076123 0.515581
vt 0.071508 0.514543
vt 0.067372 0.602656
vt 0.020849 0.021891
vt 0.945476 0.042706
vt 0.851295 0.015057
vt 0.846417 0.016228
vt 0.001443 0.014244
vt 0.006076 0.015155
vt 0.062384 0.515836
vt 0.012604 0.015633
vt 0.971206 0.016185
vt 0.968308 0.172220
vt 0.967099 0.015855
vt 0.962814 0.015085
vt 0.957853 0.016658
vt 0.951787 0.017285
vt 0.837283 0.007582
vt 0.839676 0.015993
vt 0.846607 0.007861
vt 0.846540 0.002699
vt 0.851183 0.008180
vt 0.850485 0.003858
vt 0.548803 0.730259
vt 0.532853 0.725419
vt 0.543908 0.725082
vt 0.551290 0.724952
vt 0.557783 0.729576
vt 0.557978 0.724834
vt 0.001822 0.007368
vt 0.002590 0.003054
vt 0.006353 0.007167
vt 0.561751 0.728676
vt 0.562638 0.724674
vt 0.089740 0.515434
vt 0.089727 0.506826
vt 0.089933 0.501307
vt 0.521095 0.721053
vt 0.082630 0.515481
vt 0.082402 0.506884
vt 0.528818 0.720755
vt 0.075045 0.506836
vt 0.082206 0.501344
vt 0.537023 0.719110
vt 0.544215 0.718890
vt 0.551379 0.718177
vt 0.558143 0.718096
vt 0.013856 0.006994
vt 0.006555 0.002072
vt 0.563006 0.716760
vt 0.066582 0.514895
vt 0.066156 0.507281
vt 0.070217 0.503004
vt 0.540528 0.715395
vt 0.544970 0.713859
vt 0.061249 0.507046
vt 0.065671 0.501996
vt 0.551598 0.710739
vt 0.558346 0.710650
vt 0.967139 0.007773
vt 0.967840 0.002724
vt 0.971797 0.007402
vt 0.554714 0.703929
vt 0.559155 0.703301
vt 0.044337 0.007284
vt 0.022980 0.014032
vt 0.029861 0.002357
vt 0.014448 0.001443
vt 0.563608 0.701333
vt 0.958554 0.007858
vt 0.963338 0.003842
vt 0.556278 0.699348
vt 0.559553 0.695980
vt 0.951688 0.008148
vt 0.952108 0.003649
vt 0.046815 0.002902
vt 0.561034 0.687882
vt 0.564283 0.684357
vt 0.944665 0.016344
vt 0.944569 0.008254
vt 0.944332 0.003769
vt 0.561115 0.680093
vt 0.882914 0.493992
vt 0.890437 0.498581
vt 0.890384 0.485347
vt 0.749272 0.647505
vt 0.739999 0.667904
vt 0.743603 0.652041
vt 0.890388 0.494061
vt 0.897949 0.498789
vt 0.896873 0.485504
vt 0.905232 0.494905
vt 0.901666 0.486644
vt 0.902716 0.496549
vt 0.897928 0.494268
vt 0.907736 0.498227
vt 0.905737 0.485675
vt 0.743909 0.642689
vt 0.737278 0.652907
vt 0.732659 0.650245
vt 0.737130 0.645076
vt 0.910599 0.494254
vt 0.121774 0.997652
vt 0.118693 0.993551
vt 0.124111 0.993725
vt 0.124150 0.985424
vt 0.119969 0.984201
vt 0.132251 0.994139
vt 0.128540 0.986531
vt 0.730036 0.644511
vt 0.737590 0.636969
vt 0.724321 0.641767
vt 0.729657 0.637306
vt 0.126917 0.996146
vt 0.131847 0.998381
vt 0.133440 0.984749
vt 0.758298 0.517579
vt 0.757549 0.697231
vt 0.715220 0.628778
vt 0.721798 0.637021
vt 0.714380 0.635048
vt 0.729397 0.621832
vt 0.737625 0.590230
vt 0.125009 0.909033
vt 0.129968 0.886763
vt 0.890825 0.328648
vt 0.897245 0.297167
vt 0.901909 0.282653
vt 0.905919 0.307421
vt 0.909771 0.484888
vt 0.121739 0.774725
vt 0.126016 0.772429
vt 0.132281 0.763861
vt 0.136791 0.765694
vt 0.891727 0.192240
vt 0.906732 0.277781
vt 0.902576 0.208080
vt 0.117525 0.806696
vt 0.118463 0.777064
vt 0.122987 0.679440
vt 0.897958 0.152329
vt 0.127675 0.675508
vt 0.133712 0.696699
vt 0.885092 0.121981
vt 0.892238 0.016602
vt 0.902718 0.016912
vt 0.898327 0.017008
vt 0.906827 0.016774
vt 0.120494 0.516062
vt 0.124392 0.515272
vt 0.134535 0.649311
vt 0.129396 0.516090
vt 0.134887 0.516182
vt 0.471976 0.657752
vt 0.886063 0.002439
vt 0.893039 0.007724
vt 0.487765 0.672018
vt 0.477019 0.654523
vt 0.893653 0.002203
vt 0.899786 0.007795
vt 0.490107 0.664010
vt 0.607266 0.551511
vt 0.603662 0.554940
vt 0.603662 0.548167
vt 0.483519 0.656638
vt 0.490667 0.656456
vt 0.904750 0.003184
vt 0.907679 0.007749
vt 0.494784 0.660713
vt 0.497452 0.655625
vt 0.128253 0.506867
vt 0.120043 0.507030
vt 0.123338 0.502413
vt 0.118130 0.501079
vt 0.483548 0.648266
vt 0.490970 0.649040
vt 0.498397 0.648879
vt 0.502683 0.653129
vt 0.506022 0.648560
vt 0.135159 0.507030
vt 0.134696 0.501139
vt 0.126712 0.500667
vt 0.490965 0.640689
vt 0.498659 0.641493
vt 0.504833 0.641705
vt 0.463986 0.513864
vt 0.468632 0.513483
vt 0.501830 0.634206
vt 0.499704 0.627376
vt 0.472509 0.574613
vt 0.484033 0.588452
vt 0.502275 0.604861
vt 0.943421 0.498140
vt 0.943386 0.494177
vt 0.942865 0.484173
vt 0.936338 0.494283
vt 0.935867 0.498316
vt 0.936362 0.484573
vt 0.929777 0.494434
vt 0.927953 0.498819
vt 0.926504 0.485716
vt 0.930876 0.484827
vt 0.664369 0.646474
vt 0.666545 0.659750
vt 0.663309 0.666155
vt 0.073273 0.493278
vt 0.056684 0.493700
vt 0.075763 0.486645
vt 0.920869 0.494566
vt 0.924599 0.498271
vt 0.919213 0.499203
vt 0.167239 0.984608
vt 0.167778 0.993703
vt 0.162430 0.985098
vt 0.922339 0.485455
vt 0.669436 0.644274
vt 0.672935 0.648867
vt 0.668715 0.651955
vt 0.139389 0.993637
vt 0.139683 0.986926
vt 0.146848 0.993593
vt 0.144030 0.998219
vt 0.146944 0.986068
vt 0.153743 0.993626
vt 0.153313 0.985161
vt 0.159509 0.993683
vt 0.154435 0.998253
vt 0.686540 0.639529
vt 0.680943 0.641169
vt 0.684077 0.636474
vt 0.158540 0.984942
vt 0.676474 0.636674
vt 0.675634 0.643634
vt 0.669746 0.636753
vt 0.664543 0.636329
vt 0.702219 0.633565
vt 0.687754 0.628847
vt 0.691800 0.634492
vt 0.676644 0.629199
vt 0.669780 0.629553
vt 0.678848 0.620315
vt 0.676987 0.592389
vt 0.670239 0.584176
vt 0.056692 0.477291
vt 0.935070 0.392816
vt 0.926420 0.396977
vt 0.930522 0.398759
vt 0.162786 0.940815
vt 0.167057 0.897938
vt 0.922032 0.398785
vt 0.140183 0.976416
vt 0.147009 0.964280
vt 0.153536 0.954597
vt 0.158083 0.931945
vt 0.073992 0.478682
vt 0.153234 0.486648
vt 0.941907 0.395911
vt 0.072593 0.393147
vt 0.061843 0.214798
vt 0.925276 0.311484
vt 0.162464 0.894511
vt 0.157404 0.807524
vt 0.083094 0.470533
vt 0.141276 0.762931
vt 0.147291 0.764809
vt 0.940712 0.259685
vt 0.934649 0.299815
vt 0.166727 0.804458
vt 0.162676 0.797269
vt 0.921491 0.305305
vt 0.152057 0.780600
vt 0.052003 0.054231
vt 0.156346 0.766544
vt 0.161856 0.717412
vt 0.145903 0.694097
vt 0.929470 0.174111
vt 0.934163 0.174780
vt 0.920965 0.210548
vt 0.924948 0.202844
vt 0.138950 0.702546
vt 0.141272 0.689679
vt 0.150722 0.703886
vt 0.155701 0.686230
vt 0.148636 0.689325
vt 0.156238 0.707926
vt 0.166368 0.709700
vt 0.161738 0.688907
vt 0.143473 0.693890
vt 0.159369 0.102672
vt 0.071022 0.161840
vt 0.939069 0.066210
vt 0.920219 0.017179
vt 0.924389 0.017630
vt 0.141530 0.651921
vt 0.148932 0.655927
vt 0.933713 0.016826
vt 0.149431 0.515822
vt 0.156292 0.516263
vt 0.165836 0.516333
vt 0.161400 0.516525
vt 0.938081 0.016923
vt 0.930109 0.008200
vt 0.937837 0.008322
vt 0.932482 0.004349
vt 0.936084 0.003441
vt 0.060742 0.007346
vt 0.563947 0.669458
vt 0.559806 0.671898
vt 0.927875 0.003317
vt 0.559189 0.661880
vt 0.556685 0.668438
vt 0.555270 0.663893
vt 0.029559 0.574264
vt 0.020689 0.566540
vt 0.028272 0.564720
vt 0.923277 0.008036
vt 0.024597 0.560586
vt 0.029559 0.558395
vt 0.920960 0.002136
vt 0.552455 0.657104
vt 0.142316 0.507123
vt 0.142294 0.501323
vt 0.149689 0.507144
vt 0.142243 0.515544
vt 0.149858 0.501316
vt 0.156554 0.507088
vt 0.157285 0.501121
vt 0.162795 0.507434
vt 0.164925 0.500667
vt 0.603815 0.580643
vt 0.598503 0.580594
vt 0.603815 0.575236
vt 0.551861 0.649623
vt 0.547172 0.654333
vt 0.544229 0.649336
vt 0.558720 0.649659
vt 0.563828 0.651251
vt 0.521614 0.645794
vt 0.525408 0.640517
vt 0.545154 0.642516
vt 0.529176 0.646011
vt 0.551892 0.641968
vt 0.558815 0.641687
vt 0.544169 0.633921
vt 0.551914 0.635332
vt 0.201518 0.023210
vt 0.543651 0.604421
vt 0.552328 0.596549
vt 0.208424 0.014336
vt 0.079907 0.001519
vt 0.165966 0.007356
vt 0.582082 0.523736
vt 0.585980 0.505236
vt 0.318679 0.367739
vt 0.577844 0.524009
vt 0.581856 0.531459
vt 0.047225 0.751424
vt 0.039738 0.756584
vt 0.339207 0.409305
vt 0.338624 0.403373
vt 0.340093 0.396580
vt 0.335127 0.400508
vt 0.335639 0.395815
vt 0.340552 0.387891
vt 0.336713 0.384640
vt 0.581762 0.516040
vt 0.052761 0.751913
vt 0.047904 0.756241
vt 0.052018 0.741846
vt 0.047377 0.743191
vt 0.239006 0.763514
vt 0.234767 0.767666
vt 0.232005 0.762553
vt 0.239472 0.756222
vt 0.234352 0.755916
vt 0.239973 0.748419
vt 0.235419 0.745860
vt 0.246068 0.771145
vt 0.242512 0.775148
vt 0.239750 0.770338
vt 0.245722 0.763881
vt 0.245835 0.756464
vt 0.330937 0.401380
vt 0.329727 0.395583
vt 0.252122 0.778734
vt 0.249693 0.782712
vt 0.247064 0.777830
vt 0.331553 0.388825
vt 0.251653 0.771519
vt 0.332363 0.381612
vt 0.251654 0.763399
vt 0.332820 0.373495
vt 0.324704 0.405759
vt 0.580177 0.500955
vt 0.578573 0.508092
vt 0.575842 0.515872
vt 0.570579 0.506858
vt 0.573229 0.512283
vt 0.568300 0.512232
vt 0.610386 0.591208
vt 0.611723 0.596241
vt 0.607005 0.596241
vt 0.322424 0.398524
vt 0.326668 0.392775
vt 0.310559 0.358045
vt 0.323294 0.363283
vt 0.309425 0.363315
vt 0.315135 0.390313
vt 0.321142 0.382380
vt 0.321253 0.390156
vt 0.315832 0.403821
vt 0.302645 0.375093
vt 0.304177 0.368320
vt 0.314720 0.373850
vt 0.305446 0.394160
vt 0.301988 0.362275
vt 0.301096 0.357531
vt 0.295554 0.357566
vt 0.297449 0.365127
vt 0.291757 0.370719
vt 0.281391 0.366756
vt 0.285234 0.370335
vt 0.285067 0.356756
vt 0.291536 0.375423
vt 0.338112 0.270863
vt 0.341781 0.264525
vt 0.323649 0.350830
vt 0.322833 0.357757
vt 0.329176 0.341476
vt 0.240286 0.666468
vt 0.235734 0.652321
vt 0.246102 0.699180
vt 0.333729 0.275038
vt 0.310907 0.351070
vt 0.314110 0.341686
vt 0.300474 0.348580
vt 0.293283 0.349052
vt 0.295145 0.271332
vt 0.290527 0.273856
vt 0.284837 0.274437
vt 0.339534 0.235921
vt 0.339750 0.260286
vt 0.051970 0.648311
vt 0.047351 0.632276
vt 0.246474 0.654367
vt 0.240704 0.630238
vt 0.251708 0.664938
vt 0.334239 0.258835
vt 0.284269 0.138010
vt 0.236068 0.522605
vt 0.246993 0.509748
vt 0.241111 0.522694
vt 0.251722 0.501171
vt 0.334956 0.111275
vt 0.321522 0.138532
vt 0.321619 0.341502
vt 0.313756 0.139201
vt 0.306371 0.138926
vt 0.306832 0.341659
vt 0.047519 0.508673
vt 0.019313 0.524633
vt 0.015259 0.524527
vt 0.339855 0.102519
vt 0.322032 0.123233
vt 0.343442 0.119149
vt 0.322608 0.118559
vt 0.011334 0.510085
vt 0.015592 0.516865
vt 0.051920 0.518602
vt 0.047188 0.516965
vt 0.048165 0.503177
vt 0.052906 0.508126
vt 0.021857 0.516714
vt 0.240988 0.512136
vt 0.235317 0.512122
vt 0.240383 0.504416
vt 0.232839 0.504643
vt 0.316522 0.129777
vt 0.014902 0.509226
vt 0.019235 0.509065
vt 0.310425 0.123196
vt 0.307641 0.118119
vt 0.321978 0.114926
vt 0.313464 0.113962
vt 0.306535 0.130004
vt 0.304513 0.112418
vt 0.299757 0.138444
vt 0.295459 0.127864
vt 0.299888 0.124036
vt 0.295166 0.117199
vt 0.294348 0.137500
vt 0.289408 0.132621
vt 0.295144 0.123826
vt 0.281509 0.120904
vt 0.282784 0.111550
vt 0.284597 0.110119
vt 0.339388 0.092213
vt 0.338891 0.085794
vt 0.235521 0.499341
vt 0.240692 0.496947
vt 0.247014 0.496824
vt 0.252122 0.489369
vt 0.244993 0.490238
vt 0.334110 0.099469
vt 0.326443 0.095732
vt 0.333088 0.092434
vt 0.329917 0.086699
vt 0.330637 0.080192
vt 0.326542 0.109378
vt 0.322079 0.111724
vt 0.321551 0.107693
vt 0.581028 0.566377
vt 0.577359 0.570598
vt 0.577057 0.565433
vt 0.327282 0.100294
vt 0.321763 0.103979
vt 0.319789 0.095322
vt 0.322708 0.092981
vt 0.322474 0.088424
vt 0.322142 0.084082
vt 0.314768 0.102789
vt 0.313919 0.091944
vt 0.600777 0.500955
vt 0.600777 0.565220
vt 0.596799 0.556987
vt 0.284635 0.374464
vt 0.277797 0.378233
vt 0.280676 0.370317
vt 0.275753 0.356853
vt 0.273447 0.366283
vt 0.277318 0.386277
vt 0.272074 0.372817
vt 0.270623 0.379859
vt 0.270338 0.386012
vt 0.263533 0.367893
vt 0.267790 0.373605
vt 0.266873 0.357807
vt 0.274452 0.394445
vt 0.265339 0.385360
vt 0.264297 0.380598
vt 0.263580 0.373683
vt 0.270150 0.392435
vt 0.263146 0.393682
vt 0.262773 0.388138
vt 0.257452 0.382241
vt 0.027698 0.603408
vt 0.027698 0.592048
vt 0.029426 0.599238
vt 0.257514 0.394226
vt 0.257201 0.388291
vt 0.659934 0.379326
vt 0.652849 0.387932
vt 0.652015 0.379040
vt 0.263367 0.400422
vt 0.256110 0.401350
vt 0.252538 0.381705
vt 0.253412 0.389021
vt 0.647694 0.379005
vt 0.647516 0.387437
vt 0.250561 0.395987
vt 0.250232 0.402424
vt 0.647041 0.394735
vt 0.642225 0.401714
vt 0.642892 0.394976
vt 0.643202 0.386401
vt 0.256488 0.407270
vt 0.249327 0.408919
vt 0.638287 0.393321
vt 0.637992 0.402472
vt 0.244558 0.403633
vt 0.244355 0.409552
vt 0.633154 0.409394
vt 0.633542 0.402706
vt 0.633616 0.394660
vt 0.261950 0.205751
vt 0.656004 0.371274
vt 0.659739 0.211434
vt 0.660424 0.373540
vt 0.638668 0.106919
vt 0.633820 0.106351
vt 0.652110 0.190747
vt 0.280127 0.357393
vt 0.279155 0.130930
vt 0.271113 0.358151
vt 0.270011 0.130702
vt 0.647798 0.196549
vt 0.643543 0.175823
vt 0.274267 0.125009
vt 0.279820 0.115594
vt 0.265637 0.123633
vt 0.274002 0.116020
vt 0.261803 0.115895
vt 0.652034 0.114802
vt 0.656122 0.121627
vt 0.645446 0.109481
vt 0.279341 0.110579
vt 0.282082 0.102044
vt 0.277869 0.103734
vt 0.266479 0.079575
vt 0.271630 0.108457
vt 0.270346 0.101595
vt 0.266085 0.114745
vt 0.267136 0.107627
vt 0.270798 0.095948
vt 0.262311 0.107379
vt 0.263104 0.100921
vt 0.263327 0.096014
vt 0.262885 0.089454
vt 0.258003 0.115899
vt 0.258102 0.107322
vt 0.258440 0.100760
vt 0.257908 0.094956
vt 0.655835 0.113047
vt 0.655208 0.106477
vt 0.252957 0.099650
vt 0.256439 0.088502
vt 0.256580 0.082404
vt 0.257082 0.074963
vt 0.251736 0.093322
vt 0.251592 0.087303
vt 0.647188 0.099091
vt 0.649675 0.105416
vt 0.638799 0.097600
vt 0.644195 0.093057
vt 0.250016 0.079627
vt 0.246579 0.085076
vt 0.249302 0.073345
vt 0.633683 0.097922
vt 0.637839 0.090866
vt 0.633302 0.090562
vt 0.242856 0.084745
vt 0.243940 0.078201
vt 0.243674 0.071727
vt 0.253683 0.474897
vt 0.251626 0.447782
vt 0.254794 0.418068
vt 0.249920 0.421807
vt 0.242616 0.424246
vt 0.243417 0.417317
vt 0.249703 0.415627
vt 0.248439 0.433411
vt 0.243019 0.435505
vt 0.242532 0.428268
vt 0.243346 0.443537
vt 0.243568 0.451296
vt 0.243579 0.458620
vt 0.251136 0.463802
vt 0.244017 0.466493
vt 0.244804 0.474343
vt 0.238115 0.419006
vt 0.237977 0.424954
vt 0.238573 0.431420
vt 0.238464 0.439159
vt 0.237222 0.434231
vt 0.605352 0.433181
vt 0.609635 0.437121
vt 0.604692 0.439921
vt 0.605503 0.425945
vt 0.614118 0.430693
vt 0.238392 0.446845
vt 0.237003 0.441935
vt 0.597870 0.440870
vt 0.602058 0.444813
vt 0.597134 0.447580
vt 0.598133 0.433611
vt 0.598345 0.425230
vt 0.238294 0.454502
vt 0.236859 0.449618
vt 0.590728 0.448524
vt 0.594492 0.452451
vt 0.589808 0.455218
vt 0.591133 0.441279
vt 0.591467 0.431896
vt 0.236998 0.462159
vt 0.236481 0.457145
vt 0.584280 0.456134
vt 0.587120 0.460063
vt 0.582885 0.462706
vt 0.584948 0.448927
vt 0.585356 0.441422
vt 0.586124 0.432309
vt 0.596385 0.597702
vt 0.592309 0.592981
vt 0.596385 0.590435
vt 0.577139 0.466760
vt 0.578869 0.462728
vt 0.579477 0.456383
vt 0.579876 0.449038
vt 0.579579 0.442436
vt 0.005353 0.577293
vt 0.005906 0.581212
vt 0.001443 0.579211
vt 0.574131 0.456528
vt 0.571161 0.467687
vt 0.628669 0.401160
vt 0.625296 0.410618
vt 0.630208 0.415296
vt 0.622773 0.417792
vt 0.617895 0.418090
vt 0.623822 0.423035
vt 0.617409 0.424764
vt 0.617802 0.410026
vt 0.612364 0.416464
vt 0.612262 0.425560
vt 0.605678 0.417319
vt 0.598507 0.276681
vt 0.588512 0.275861
vt 0.581906 0.279434
vt 0.605258 0.276356
vt 0.593378 0.274461
vt 0.574242 0.280213
vt 0.623432 0.091761
vt 0.623139 0.402155
vt 0.628300 0.099066
vt 0.611771 0.083864
vt 0.604985 0.076532
vt 0.588256 0.054052
vt 0.618353 0.084298
vt 0.599838 0.069082
vt 0.595009 0.062550
vt 0.573117 0.045899
vt 0.248945 0.069451
vt 0.249314 0.060995
vt 0.628278 0.090407
vt 0.632261 0.083996
vt 0.623478 0.081517
vt 0.628173 0.077501
vt 0.242317 0.064095
vt 0.239084 0.069954
vt 0.242459 0.058183
vt 0.243353 0.053308
vt 0.622460 0.075762
vt 0.617764 0.075460
vt 0.236113 0.069637
vt 0.237282 0.063078
vt 0.238401 0.058584
vt 0.611693 0.075301
vt 0.616562 0.068877
vt 0.611194 0.068097
vt 0.614905 0.064356
vt 0.006048 0.596400
vt 0.002044 0.592251
vt 0.006048 0.589893
vt 0.605164 0.067765
vt 0.610434 0.061559
vt 0.604652 0.060563
vt 0.580468 0.046591
vt 0.251622 0.045208
vt 0.243250 0.045569
vt 0.242509 0.033654
vt 0.244191 0.019691
vt 0.237840 0.050907
vt 0.236955 0.055793
vt 0.607621 0.056642
vt 0.584082 0.596815
vt 0.584082 0.590435
vt 0.589424 0.590675
vt 0.236007 0.042786
vt 0.235159 0.047851
vt 0.597681 0.052795
vt 0.600004 0.060639
vt 0.236905 0.038236
vt 0.237148 0.030810
vt 0.237528 0.023263
vt 0.007281 0.513757
vt 0.001443 0.509674
vt 0.007281 0.505457
vt 0.238295 0.009106
vt 0.237295 0.016336
vt 0.598455 0.048724
vt 0.602928 0.053598
vt 0.611254 0.522546
vt 0.611254 0.517564
vt 0.614814 0.518925
vt 0.232786 0.035932
vt 0.232005 0.040531
vt 0.594628 0.046274
vt 0.588080 0.045423
vt 0.591956 0.041647
vt 0.569299 0.612538
vt 0.569299 0.607171
vt 0.573557 0.609483
vt 0.584082 0.610885
vt 0.588021 0.608229
vt 0.588021 0.613780
vt 0.587106 0.038862
vt 0.580420 0.037856
vt 0.584339 0.034035
vt 0.584082 0.582698
vt 0.588351 0.579356
vt 0.589199 0.584139
vt 0.596188 0.609877
vt 0.596188 0.614648
vt 0.591562 0.611498
vt 0.573205 0.037435
vt 0.579473 0.031239
vt 0.572782 0.030244
vt 0.576717 0.026409
vt 0.002799 0.503859
vt 0.006464 0.500667
vt 0.233838 0.013226
vt 0.232823 0.018029
vt 0.754429 0.517662
vt 0.749969 0.565143
vt 0.744477 0.583627
vt 0.726039 0.596002
vt 0.737020 0.578654
vt 0.722660 0.584500
vt 0.714913 0.591947
vt 0.745091 0.563906
vt 0.723183 0.579016
vt 0.727198 0.573225
vt 0.730175 0.576201
vt 0.221225 0.993719
vt 0.224911 0.985868
vt 0.226390 0.994184
vt 0.718211 0.580445
vt 0.715014 0.584451
vt 0.217914 0.997135
vt 0.222745 0.997806
vt 0.712579 0.581345
vt 0.211717 0.986804
vt 0.212459 0.993429
vt 0.738575 0.568969
vt 0.733273 0.569514
vt 0.410202 0.975404
vt 0.413830 0.983045
vt 0.409327 0.983762
vt 0.738918 0.561593
vt 0.734922 0.564905
vt 0.418056 0.986601
vt 0.423039 0.982460
vt 0.421570 0.987588
vt 0.413389 0.987337
vt 0.418796 0.974989
vt 0.414025 0.973966
vt 0.740822 0.553548
vt 0.429689 0.987238
vt 0.423531 0.973854
vt 0.429969 0.982806
vt 0.216127 0.985523
vt 0.220296 0.976514
vt 0.222082 0.986882
vt 0.211145 0.978477
vt 0.421334 0.802980
vt 0.411456 0.762537
vt 0.429530 0.965855
vt 0.210132 0.764058
vt 0.219790 0.759456
vt 0.407488 0.756306
vt 0.224313 0.766777
vt 0.412207 0.504308
vt 0.419253 0.663059
vt 0.425508 0.646792
vt 0.404294 0.504480
vt 0.408179 0.505357
vt 0.214411 0.758130
vt 0.219359 0.577213
vt 0.223574 0.514959
vt 0.417031 0.505441
vt 0.477491 0.581204
vt 0.491328 0.595384
vt 0.522479 0.596545
vt 0.500778 0.595238
vt 0.499003 0.588252
vt 0.491474 0.588104
vt 0.506558 0.588588
vt 0.520429 0.589927
vt 0.491428 0.580605
vt 0.484123 0.580433
vt 0.498693 0.581074
vt 0.506086 0.581922
vt 0.212428 0.514967
vt 0.218709 0.515963
vt 0.212663 0.575220
vt 0.212601 0.507361
vt 0.213076 0.501763
vt 0.219148 0.507240
vt 0.514307 0.584460
vt 0.484111 0.572887
vt 0.477542 0.569397
vt 0.491143 0.573332
vt 0.497629 0.574591
vt 0.403635 0.497185
vt 0.223551 0.507648
vt 0.224391 0.502953
vt 0.227403 0.507470
vt 0.596188 0.603769
vt 0.592309 0.606992
vt 0.592309 0.600587
vt 0.502556 0.577364
vt 0.490605 0.565944
vt 0.483955 0.565334
vt 0.411565 0.497079
vt 0.407226 0.496940
vt 0.410711 0.492386
vt 0.416333 0.496622
vt 0.405590 0.491151
vt 0.495055 0.569577
vt 0.423092 0.496564
vt 0.422717 0.490915
vt 0.414431 0.490606
vt 0.488440 0.557729
vt 0.483228 0.556421
vt 0.148065 0.497727
vt 0.088275 0.497782
vt 0.687879 0.599323
vt 0.158354 0.493344
vt 0.684555 0.590264
vt 0.207308 0.997922
vt 0.215010 0.998187
vt 0.206563 0.993397
vt 0.699654 0.591857
vt 0.707170 0.585920
vt 0.199831 0.997906
vt 0.200072 0.986810
vt 0.200011 0.993398
vt 0.699674 0.585907
vt 0.193476 0.993375
vt 0.191825 0.998130
vt 0.194389 0.984789
vt 0.684310 0.584335
vt 0.677021 0.583635
vt 0.189337 0.985149
vt 0.688492 0.580545
vt 0.691769 0.584397
vt 0.183891 0.993422
vt 0.188284 0.997082
vt 0.183378 0.997710
vt 0.184287 0.983932
vt 0.683696 0.579157
vt 0.177983 0.993572
vt 0.176361 0.998187
vt 0.179291 0.986988
vt 0.676890 0.576350
vt 0.665127 0.576501
vt 0.670292 0.575746
vt 0.175172 0.987060
vt 0.674122 0.570928
vt 0.672079 0.565220
vt 0.669807 0.567931
vt 0.389168 0.975647
vt 0.397509 0.982162
vt 0.390026 0.982104
vt 0.383187 0.985898
vt 0.384471 0.981992
vt 0.384217 0.975518
vt 0.667221 0.558122
vt 0.181066 0.497210
vt 0.377702 0.981907
vt 0.377988 0.975098
vt 0.177685 0.487050
vt 0.146351 0.471192
vt 0.154845 0.478646
vt 0.206256 0.986799
vt 0.199991 0.977637
vt 0.194875 0.804263
vt 0.179559 0.977921
vt 0.175148 0.977667
vt 0.389055 0.966549
vt 0.393106 0.975552
vt 0.384538 0.965219
vt 0.377970 0.958492
vt 0.171693 0.477052
vt 0.199792 0.795541
vt 0.206095 0.977642
vt 0.189769 0.850096
vt 0.183965 0.851371
vt 0.179571 0.819148
vt 0.175821 0.847751
vt 0.164660 0.151995
vt 0.394008 0.836218
vt 0.390026 0.834646
vt 0.385034 0.834758
vt 0.165105 0.304824
vt 0.205474 0.773899
vt 0.190262 0.786234
vt 0.200023 0.762639
vt 0.195024 0.760723
vt 0.184559 0.789453
vt 0.184718 0.648036
vt 0.381796 0.505272
vt 0.200569 0.633913
vt 0.203635 0.579264
vt 0.195627 0.652696
vt 0.190151 0.654117
vt 0.171148 0.250055
vt 0.213728 0.598292
vt 0.190420 0.623681
vt 0.179928 0.633822
vt 0.207507 0.586276
vt 0.196745 0.585544
vt 0.200703 0.578838
vt 0.197949 0.573973
vt 0.205298 0.574298
vt 0.190669 0.575302
vt 0.184694 0.575371
vt 0.180062 0.515575
vt 0.175927 0.516423
vt 0.395872 0.504833
vt 0.391437 0.504182
vt 0.387086 0.505124
vt 0.181851 0.085076
vt 0.564401 0.582181
vt 0.559302 0.588804
vt 0.544554 0.595404
vt 0.530483 0.590009
vt 0.544904 0.588731
vt 0.552371 0.588586
vt 0.205275 0.514636
vt 0.205272 0.507513
vt 0.205414 0.502124
vt 0.522050 0.585472
vt 0.197858 0.514789
vt 0.197754 0.507444
vt 0.529686 0.585328
vt 0.190742 0.515141
vt 0.190495 0.507220
vt 0.197780 0.501948
vt 0.537284 0.584171
vt 0.184723 0.515917
vt 0.183714 0.506839
vt 0.190116 0.501375
vt 0.545225 0.581726
vt 0.552619 0.581184
vt 0.559299 0.581010
vt 0.175231 0.507319
vt 0.178482 0.502458
vt 0.548511 0.576932
vt 0.553485 0.574208
vt 0.559527 0.573452
vt 0.160640 0.002439
vt 0.148933 0.001541
vt 0.564630 0.570471
vt 0.388363 0.495867
vt 0.393746 0.491295
vt 0.396743 0.495753
vt 0.555941 0.568762
vt 0.559963 0.565666
vt 0.382396 0.495969
vt 0.383220 0.491313
vt 0.745654 0.537603
vt 0.741365 0.545907
vt 0.437346 0.987090
vt 0.430001 0.976212
vt 0.437163 0.982702
vt 0.444164 0.982610
vt 0.436840 0.973463
vt 0.254151 0.486484
vt 0.740819 0.538335
vt 0.744411 0.523018
vt 0.450491 0.982550
vt 0.444885 0.987028
vt 0.449283 0.973496
vt 0.443681 0.973105
vt 0.453838 0.974526
vt 0.734437 0.527045
vt 0.738552 0.522736
vt 0.738889 0.530400
vt 0.458983 0.982318
vt 0.455852 0.986200
vt 0.458160 0.973945
vt 0.289256 0.985971
vt 0.286193 0.982202
vt 0.294283 0.982429
vt 0.286868 0.973818
vt 0.290594 0.974259
vt 0.745029 0.515469
vt 0.731991 0.521692
vt 0.738386 0.515317
vt 0.727014 0.518838
vt 0.731182 0.514907
vt 0.295224 0.973860
vt 0.300206 0.986383
vt 0.300910 0.982168
vt 0.301139 0.973421
vt 0.245066 0.486167
vt 0.245119 0.481890
vt 0.757931 0.508451
vt 0.750259 0.508710
vt 0.750277 0.518391
vt 0.745047 0.508283
vt 0.734293 0.508304
vt 0.723763 0.514099
vt 0.716203 0.511573
vt 0.717733 0.507232
vt 0.239932 0.485223
vt 0.238180 0.480382
vt 0.612183 0.565220
vt 0.610033 0.560459
vt 0.612183 0.556646
vt 0.757021 0.503243
vt 0.552129 0.486720
vt 0.556381 0.490562
vt 0.551445 0.493102
vt 0.749599 0.503517
vt 0.544661 0.493471
vt 0.548846 0.497000
vt 0.544224 0.497695
vt 0.544821 0.487035
vt 0.745063 0.502469
vt 0.534182 0.493705
vt 0.536298 0.498070
vt 0.536239 0.487211
vt 0.737162 0.501984
vt 0.510713 0.497760
vt 0.285729 0.747401
vt 0.289457 0.767080
vt 0.295157 0.935441
vt 0.239443 0.477565
vt 0.237640 0.472695
vt 0.567439 0.471706
vt 0.571578 0.475499
vt 0.566640 0.478135
vt 0.559713 0.479262
vt 0.563984 0.482961
vt 0.559012 0.485766
vt 0.559907 0.472871
vt 0.565259 0.464190
vt 0.552378 0.479724
vt 0.552951 0.472151
vt 0.544782 0.479360
vt 0.574168 0.471225
vt 0.432651 0.640283
vt 0.439921 0.641678
vt 0.452031 0.745676
vt 0.456221 0.747534
vt 0.300550 0.928800
vt 0.294298 0.780537
vt 0.299464 0.745468
vt 0.293647 0.742708
vt 0.304318 0.776373
vt 0.299954 0.784832
vt 0.288838 0.637252
vt 0.284676 0.640442
vt 0.491134 0.023148
vt 0.563253 0.036412
vt 0.446420 0.640791
vt 0.451086 0.640659
vt 0.454768 0.640590
vt 0.293436 0.638874
vt 0.423421 0.505121
vt 0.438058 0.504560
vt 0.430704 0.504621
vt 0.444645 0.504919
vt 0.453903 0.504926
vt 0.284254 0.504782
vt 0.288218 0.505137
vt 0.297466 0.504244
vt 0.292807 0.505094
vt 0.302412 0.504905
vt 0.472995 0.512751
vt 0.430510 0.496507
vt 0.430467 0.490941
vt 0.478345 0.513088
vt 0.483412 0.539629
vt 0.437936 0.496355
vt 0.438055 0.490733
vt 0.487711 0.550001
vt 0.488023 0.542397
vt 0.444810 0.496122
vt 0.489243 0.534925
vt 0.484453 0.527091
vt 0.449784 0.505235
vt 0.445479 0.490299
vt 0.450545 0.495899
vt 0.491648 0.527210
vt 0.458097 0.495756
vt 0.014585 0.604759
vt 0.009386 0.604121
vt 0.014585 0.599492
vt 0.484618 0.519442
vt 0.492039 0.519470
vt 0.286722 0.495707
vt 0.496691 0.524269
vt 0.499527 0.518972
vt 0.292425 0.496015
vt 0.291838 0.490429
vt 0.284950 0.489369
vt 0.301299 0.495719
vt 0.296519 0.491503
vt 0.484663 0.511982
vt 0.492100 0.512024
vt 0.499673 0.511913
vt 0.506427 0.516281
vt 0.507090 0.511364
vt 0.511120 0.515004
vt 0.514497 0.511478
vt 0.238596 0.002577
vt 0.473116 0.505573
vt 0.467552 0.506024
vt 0.478094 0.505452
vt 0.484722 0.505398
vt 0.492148 0.505423
vt 0.499750 0.505454
vt 0.508664 0.505477
vt 0.565564 0.029829
vt 0.571846 0.023619
vt 0.565147 0.022633
vt 0.569096 0.018784
vt 0.607005 0.585002
vt 0.611662 0.583458
vt 0.611662 0.588322
vt 0.607005 0.610054
vt 0.611368 0.607018
vt 0.611368 0.612276
vt 0.557609 0.022386
vt 0.564222 0.016000
vt 0.557518 0.015045
vt 0.561480 0.011179
vt 0.020689 0.582154
vt 0.024812 0.583881
vt 0.022398 0.588080
vt 0.001754 0.612239
vt 0.005928 0.608725
vt 0.005928 0.613720
vt 0.545616 0.016924
vt 0.550305 0.014703
vt 0.556627 0.008528
vt 0.550000 0.007940
vt 0.553945 0.004202
vt 0.478129 0.501184
vt 0.473645 0.501797
vt 0.540569 0.007485
vt 0.549410 0.002921
vt 0.484782 0.500955
vt 0.494091 0.500970
vt 0.482798 0.015574
vt 0.509969 0.501019
vt 0.370323 0.981826
vt 0.370304 0.985712
vt 0.370568 0.972522
vt 0.664580 0.543438
vt 0.666582 0.545172
vt 0.190404 0.493551
vt 0.362970 0.981742
vt 0.362583 0.985663
vt 0.363427 0.972231
vt 0.355563 0.981840
vt 0.354324 0.985855
vt 0.357363 0.972279
vt 0.352093 0.973273
vt 0.665552 0.524426
vt 0.667328 0.537482
vt 0.338735 0.982025
vt 0.335667 0.985677
vt 0.334721 0.981928
vt 0.347012 0.981473
vt 0.350584 0.985161
vt 0.345351 0.985846
vt 0.347847 0.973065
vt 0.343240 0.981273
vt 0.343883 0.973312
vt 0.670324 0.521897
vt 0.673256 0.525830
vt 0.669414 0.529344
vt 0.208877 0.493404
vt 0.200104 0.497504
vt 0.305650 0.985808
vt 0.311074 0.982673
vt 0.309010 0.976171
vt 0.323190 0.975596
vt 0.321806 0.981672
vt 0.315678 0.975939
vt 0.330212 0.982102
vt 0.330753 0.986352
vt 0.599270 0.607812
vt 0.603950 0.607812
vt 0.600891 0.612567
vt 0.330193 0.973664
vt 0.677112 0.514278
vt 0.680622 0.518029
vt 0.675909 0.520768
vt 0.670814 0.514656
vt 0.665858 0.514762
vt 0.209663 0.486974
vt 0.199814 0.486833
vt 0.710763 0.510497
vt 0.317752 0.986478
vt 0.315937 0.982912
vt 0.695449 0.510014
vt 0.698754 0.506370
vt 0.700404 0.509982
vt 0.685644 0.512718
vt 0.679161 0.507984
vt 0.671060 0.507616
vt 0.666228 0.507820
vt 0.216902 0.493484
vt 0.209772 0.497781
vt 0.217016 0.486991
vt 0.711536 0.501528
vt 0.707848 0.507307
vt 0.489814 0.497770
vt 0.690591 0.501385
vt 0.484899 0.487274
vt 0.477188 0.493869
vt 0.477027 0.498041
vt 0.671198 0.501922
vt 0.469956 0.493761
vt 0.470513 0.497888
vt 0.469511 0.486597
vt 0.667058 0.503037
vt 0.466485 0.497278
vt 0.221538 0.497092
vt 0.216723 0.497667
vt 0.465182 0.493621
vt 0.223275 0.486089
vt 0.178822 0.477322
vt 0.185618 0.470123
vt 0.201831 0.478085
vt 0.306160 0.931575
vt 0.308324 0.967639
vt 0.315674 0.967739
vt 0.324225 0.966680
vt 0.209604 0.477981
vt 0.311245 0.964239
vt 0.314032 0.964143
vt 0.216980 0.478542
vt 0.209311 0.455575
vt 0.217295 0.456079
vt 0.476590 0.486124
vt 0.484688 0.478191
vt 0.469389 0.465514
vt 0.463986 0.462288
vt 0.464122 0.486319
vt 0.223903 0.462048
vt 0.469078 0.459752
vt 0.223479 0.446186
vt 0.216593 0.444137
vt 0.475304 0.451492
vt 0.476339 0.464746
vt 0.469799 0.451667
vt 0.465624 0.451684
vt 0.227517 0.451416
vt 0.365158 0.804203
vt 0.196260 0.470339
vt 0.192516 0.230270
vt 0.345954 0.761285
vt 0.349902 0.765373
vt 0.318382 0.954416
vt 0.324211 0.757421
vt 0.329467 0.753600
vt 0.334003 0.761919
vt 0.308999 0.785640
vt 0.469250 0.257478
vt 0.223847 0.335533
vt 0.227653 0.391684
vt 0.373735 0.657803
vt 0.354738 0.751712
vt 0.359532 0.777370
vt 0.314967 0.766513
vt 0.319447 0.782661
vt 0.366810 0.670122
vt 0.309406 0.753641
vt 0.320084 0.742489
vt 0.211692 0.024328
vt 0.475278 0.184254
vt 0.464555 0.209024
vt 0.465110 0.391961
vt 0.224258 0.196722
vt 0.352578 0.504799
vt 0.192292 0.135020
vt 0.329819 0.650782
vt 0.334176 0.666347
vt 0.218058 0.145190
vt 0.362520 0.504810
vt 0.314673 0.504923
vt 0.308295 0.505182
vt 0.468507 0.016658
vt 0.463986 0.016722
vt 0.224923 0.016965
vt 0.229119 0.016407
vt 0.368558 0.504947
vt 0.324887 0.505047
vt 0.329577 0.504892
vt 0.320019 0.505009
vt 0.218485 0.016256
vt 0.474847 0.016270
vt 0.375350 0.504688
vt 0.375618 0.495949
vt 0.375816 0.491385
vt 0.184236 0.002965
vt 0.562392 0.550516
vt 0.565415 0.546848
vt 0.368609 0.495823
vt 0.368265 0.491151
vt 0.197257 0.007640
vt 0.562079 0.542968
vt 0.361580 0.495708
vt 0.356588 0.491035
vt 0.360222 0.490349
vt 0.564950 0.531697
vt 0.560503 0.534974
vt 0.345756 0.495596
vt 0.352694 0.495416
vt 0.608243 0.580373
vt 0.606701 0.575236
vt 0.611445 0.575236
vt 0.351107 0.489596
vt 0.560077 0.527287
vt 0.556735 0.531530
vt 0.554377 0.526122
vt 0.321655 0.496211
vt 0.331494 0.496279
vt 0.347921 0.490785
vt 0.343240 0.489369
vt 0.553436 0.519407
vt 0.549826 0.523175
vt 0.546326 0.518621
vt 0.559848 0.519875
vt 0.199389 0.002395
vt 0.216716 0.007204
vt 0.564847 0.520053
vt 0.308288 0.495786
vt 0.307972 0.489955
vt 0.299919 0.489712
vt 0.314989 0.495739
vt 0.315539 0.489855
vt 0.323406 0.489375
vt 0.331744 0.490088
vt 0.545714 0.512176
vt 0.537978 0.511999
vt 0.553027 0.512396
vt 0.559723 0.512559
vt 0.564636 0.512679
vt 0.522552 0.510305
vt 0.526902 0.505102
vt 0.544889 0.506010
vt 0.530117 0.510460
vt 0.552945 0.505924
vt 0.559543 0.506121
vt 0.224729 0.007663
vt 0.224746 0.002511
vt 0.218403 0.001817
vt 0.564018 0.506359
vt 0.544096 0.501297
vt 0.477461 0.007501
vt 0.483544 0.001649
vt 0.552961 0.501554
vt 0.468232 0.007947
vt 0.468380 0.002710
vt 0.559347 0.502012
vt 0.464085 0.008262
vt 0.228864 0.007951
vt 0.464711 0.003970
vt 0.228361 0.003671
vt 0.563091 0.502781
vt 0.677700 0.409249
vt 0.403680 0.132045
vt 0.442735 0.084960
vt 0.450099 0.431574
vt 0.448564 0.419800
vt 0.451711 0.420008
vt 0.451696 0.434365
vt 0.450869 0.439359
vt 0.452599 0.442092
vt 0.451587 0.447063
vt 0.453312 0.449785
vt 0.452170 0.454748
vt 0.453842 0.457474
vt 0.452627 0.462431
vt 0.454245 0.465161
vt 0.453010 0.470115
vt 0.681850 0.410606
vt 0.441301 0.398602
vt 0.704333 0.061517
vt 0.449893 0.081869
vt 0.451332 0.069451
vt 0.604279 0.509045
vt 0.608557 0.514398
vt 0.603662 0.514398
vt 0.452817 0.061688
vt 0.713969 0.053060
vt 0.458770 0.054259
vt 0.457673 0.043511
vt 0.007514 0.528288
vt 0.569910 0.586594
vt 0.581196 0.587550
vt 0.459628 0.033300
vt 0.005834 0.574408
vt 0.460153 0.025734
vt 0.574172 0.571152
vt 0.009386 0.587679
vt 0.007514 0.516643
vt 0.573087 0.574037
vt 0.580285 0.575236
vt 0.005834 0.561848
vt 0.574172 0.559464
vt 0.010614 0.575224
vt 0.023660 0.590966
vt 0.023660 0.599691
vt 0.020689 0.596735
vt 0.573374 0.556578
vt 0.568577 0.541849
vt 0.281139 0.771483
vt 0.604837 0.517284
vt 0.608369 0.522546
vt 0.603662 0.522546
vt 0.260063 0.793502
vt 0.351719 0.381643
vt 0.015001 0.552476
vt 0.778298 0.498356
vt 0.454952 0.480534
vt 0.453376 0.477798
vt 0.610033 0.548902
vt 0.614261 0.553226
vt 0.610033 0.553760
vt 0.758298 0.705959
vt 0.854180 0.493473
vt 0.108142 0.984529
vt 0.454603 0.472849
vt 0.005612 0.558963
vt 0.461101 0.010601
vt 0.469411 0.729135
vt 0.615035 0.543123
vt 0.611352 0.545384
vt 0.611352 0.540053
vt 0.476471 0.728892
vt 0.002862 0.545897
vt 0.105107 0.500667
vt 0.113141 0.500979
vt 0.486743 0.687252
vt 0.706106 0.709439
vt 0.974495 0.498459
vt 0.966383 0.498305
vt 0.970179 0.347224
vt 0.851295 0.307656
vt 0.073912 0.501186
vt 0.058848 0.501071
vt 0.974495 0.001443
vt 0.960128 0.003064
vt 0.739058 0.660340
vt 0.734419 0.655353
vt 0.913342 0.499041
vt 0.116026 0.998302
vt 0.719178 0.639880
vt 0.906610 0.173669
vt 0.119083 0.672952
vt 0.901585 0.001638
vt 0.909749 0.001825
vt 0.514013 0.646523
vt 0.665574 0.667259
vt 0.585085 0.568130
vt 0.589092 0.571036
vt 0.585085 0.572351
vt 0.078131 0.497476
vt 0.170448 0.998316
vt 0.165163 0.997528
vt 0.162132 0.998557
vt 0.930017 0.310098
vt 0.929105 0.017650
vt 0.061714 0.002564
vt 0.916227 0.008302
vt 0.536599 0.647092
vt 0.055963 0.758566
vt 0.568602 0.595635
vt 0.573933 0.589480
vt 0.574172 0.595635
vt 0.326654 0.380385
vt 0.325543 0.385194
vt 0.327158 0.387892
vt 0.251733 0.648733
vt 0.055963 0.500667
vt 0.015325 0.500667
vt 0.329816 0.114692
vt 0.582200 0.572351
vt 0.327366 0.106996
vt 0.582200 0.559464
vt 0.580024 0.590435
vt 0.580024 0.599257
vt 0.577057 0.596570
vt 0.588865 0.549301
vt 0.650836 0.393972
vt 0.638759 0.408133
vt 0.247090 0.396719
vt 0.659986 0.121590
vt 0.029557 0.589163
vt 0.027698 0.585277
vt 0.029557 0.577150
vt 0.659350 0.113063
vt 0.254424 0.109044
vt 0.637501 0.085363
vt 0.607005 0.604132
vt 0.611266 0.599126
vt 0.611812 0.604132
vt 0.018649 0.602576
vt 0.023660 0.607328
vt 0.018649 0.607926
vt 0.584582 0.599700
vt 0.588921 0.605344
vt 0.584082 0.605344
vt 0.603662 0.565220
vt 0.603662 0.557825
vt 0.607148 0.560699
vt 0.007269 0.543012
vt 0.001443 0.538031
vt 0.007269 0.535558
vt 0.001443 0.587007
vt 0.233576 0.461190
vt 0.621472 0.069848
vt 0.001443 0.596519
vt 0.232453 0.042964
vt 0.584082 0.575236
vt 0.221118 0.501113
vt 0.227298 0.515912
vt 0.229119 0.501621
vt 0.400749 0.986875
vt 0.395530 0.985901
vt 0.392803 0.986440
vt 0.392641 0.966144
vt 0.182028 0.500667
vt 0.173333 0.501360
vt 0.399105 0.489867
vt 0.610060 0.537168
vt 0.610060 0.531404
vt 0.613699 0.533613
vt 0.390857 0.490645
vt 0.561753 0.557954
vt 0.452726 0.987189
vt 0.736006 0.532410
vt 0.461101 0.986904
vt 0.284254 0.986817
vt 0.581226 0.610682
vt 0.578671 0.615063
vt 0.577057 0.610682
vt 0.292615 0.986871
vt 0.010009 0.590564
vt 0.014429 0.596607
vt 0.009386 0.596607
vt 0.752248 0.501758
vt 0.004843 0.531174
vt 0.447219 0.744857
vt 0.453102 0.489519
vt 0.455931 0.491014
vt 0.461101 0.489369
vt 0.024812 0.577150
vt 0.542739 0.001955
vt 0.533439 0.001443
vt 0.517596 0.001717
vt 0.340355 0.986406
vt 0.338300 0.973609
vt 0.334410 0.973960
vt 0.705253 0.510371
vt 0.308642 0.986560
vt 0.320938 0.984500
vt 0.677767 0.501501
vt 0.222718 0.493408
vt 0.347160 0.665727
vt 0.228349 0.208729
vt 0.357787 0.503573
vt 0.348856 0.503942
vt 0.334015 0.504548
vt 0.211025 0.001703
vt 0.474713 0.001857
s 1
usemtl right_finger1_lower_mat
f 137/1/1 2/2/2 3/3/3
f 8/4/4 3/3/3 4/5/5
f 8/4/4 1/6/6 137/1/1
f 8/4/4 4/5/5 5/7/7
f 3/8/3 13/9/8 14/10/9
f 4/11/5 9/12/10 10/13/11
f 4/11/5 3/8/3 14/10/9
f 15/14/12 10/15/11 11/16/13
f 5/7/7 4/5/5 15/17/12
f 15/18/12 11/19/13 12/20/14
f 16/21/15 2/22/2 7/23/16
f 22/24/17 9/12/10 21/25/18
f 11/19/13 17/26/19 18/27/20
f 11/19/13 10/13/11 22/24/17
f 23/28/21 18/27/20 19/29/22
f 23/28/21 19/29/22 20/30/23
f 24/31/24 9/12/10 14/10/9
f 25/32/25 13/9/8 16/21/15
f 30/33/26 17/26/19 29/34/27
f 19/29/22 26/35/28 27/36/29
f 19/29/22 18/27/20 30/33/26
f 20/30/23 27/36/29 28/37/30
f 31/38/31 17/26/19 22/24/17
f 32/39/32 21/25/18 24/31/24
f 32/39/32 24/31/24 25/32/25
f 28/37/30 27/36/29 26/35/28
f 35/40/33 26/35/28 30/33/26
f 36/41/34 29/34/27 31/38/31
f 15/17/12 12/42/14 37/43/35
f 20/30/23 39/44/36 40/45/37
f 40/45/37 38/46/38 20/30/23
f 43/47/39 5/7/7 42/48/40
f 1/6/6 8/4/4 43/47/39
f 5/7/7 15/17/12 45/49/41
f 23/28/21 38/46/38 46/50/42
f 37/51/35 23/28/21 46/50/42
f 34/52/43 228/53/44 44/54/45
f 44/54/45 39/44/36 34/52/43
f 40/45/37 39/44/36 47/55/46
f 38/46/38 40/45/37 47/55/46
f 42/48/40 49/56/47 50/57/48
f 41/58/49 43/47/39 50/57/48
f 52/59/50 46/50/42 51/60/51
f 45/49/41 37/43/35 52/61/50
f 47/55/46 39/44/36 54/62/52
f 53/63/53 54/62/52 55/64/54
f 44/54/45 56/65/55 54/62/52
f 54/62/52 314/66/56 57/67/57
f 55/64/54 54/62/52 57/67/57
f 59/68/58 58/69/59 60/70/60
f 50/57/48 62/71/61 59/68/58
f 59/72/58 63/73/62 64/74/63
f 65/75/64 58/76/59 64/74/63
f 59/68/58 41/58/49 50/57/48
f 66/77/65 58/76/59 65/75/64
f 61/78/66 66/77/65 67/79/67
f 52/59/50 68/80/68 49/81/47
f 49/81/47 69/82/69 70/83/70
f 62/84/61 49/81/47 70/83/70
f 71/85/71 62/84/61 70/83/70
f 72/86/72 63/73/62 71/85/71
f 73/87/73 65/75/64 72/86/72
f 53/63/53 55/64/54 74/88/74
f 68/80/68 53/63/53 74/88/74
f 69/82/69 74/88/74 75/89/75
f 76/90/76 69/82/69 75/89/75
f 77/91/77 71/85/71 76/90/76
f 73/87/73 77/91/77 82/92/78
f 79/93/79 55/64/54 78/94/80
f 80/95/81 75/89/75 79/93/79
f 81/96/82 76/90/76 80/95/81
f 82/92/78 76/90/76 81/96/82
f 84/97/83 55/64/54 57/67/57
f 85/98/84 78/94/80 84/97/83
f 344/99/85 79/93/79 85/98/84
f 81/96/82 79/93/79 344/99/85
f 91/100/86 86/101/87 87/102/88
f 92/103/89 87/102/88 88/104/90
f 95/105/91 89/106/92 90/107/93
f 96/108/94 90/107/93 91/100/86
f 97/109/95 91/100/86 92/103/89
f 100/110/96 93/111/97 94/112/98
f 101/113/99 94/112/98 95/105/91
f 102/114/100 95/105/91 96/108/94
f 102/114/100 96/108/94 97/109/95
f 105/115/101 98/116/102 99/117/103
f 106/118/104 99/117/103 100/110/96
f 107/119/105 100/110/96 101/113/99
f 107/119/105 101/113/99 102/114/100
f 110/120/106 103/121/107 104/122/108
f 111/123/109 104/122/108 105/115/101
f 112/124/110 105/115/101 106/118/104
f 112/124/110 106/118/104 107/119/105
f 87/125/88 116/126/111 117/127/112
f 118/128/113 114/129/114 115/130/115
f 88/104/90 117/131/112 118/128/113
f 119/132/116 86/133/87 90/134/93
f 120/135/117 89/136/92 94/137/98
f 121/138/118 93/139/97 99/140/103
f 122/141/119 98/142/102 104/143/108
f 123/144/120 103/145/107 109/146/121
f 125/147/122 113/148/123 115/149/115
f 126/150/124 114/151/114 117/127/112
f 127/152/125 116/126/111 119/153/116
f 127/152/125 119/153/116 120/154/117
f 128/155/126 120/154/117 121/156/118
f 128/155/126 121/156/118 122/157/119
f 129/158/127 122/157/119 123/159/120
f 132/160/128 124/161/129 125/147/122
f 131/162/130 125/147/122 126/150/124
f 127/152/125 131/162/130 126/150/124
f 129/158/127 127/152/125 128/155/126
f 401/163/131 131/162/130 129/158/127
f 92/103/89 88/104/90 133/164/132
f 102/114/100 97/109/95 134/165/133
f 107/119/105 102/114/100 135/166/134
f 112/124/110 135/166/134 146/167/135
f 139/168/136 113/169/123 136/170/137
f 140/171/138 136/170/137 137/1/1
f 140/171/138 137/1/1 1/6/6
f 141/172/139 115/130/115 139/168/136
f 133/164/132 118/128/113 141/172/139
f 142/173/140 139/168/136 140/171/138
f 133/164/132 141/172/139 142/173/140
f 136/174/137 124/161/129 143/175/141
f 144/176/142 6/177/143 7/23/16
f 144/176/142 136/174/137 143/175/141
f 130/178/144 6/177/143 143/175/141
f 132/160/128 16/21/15 130/178/144
f 92/103/89 147/179/145 148/180/146
f 97/109/95 92/103/89 149/181/147
f 152/182/148 145/183/149 134/165/133
f 140/171/138 138/184/150 150/185/151
f 153/186/152 145/183/149 152/182/148
f 146/167/135 145/183/149 153/186/152
f 147/179/145 142/173/140 154/187/153
f 150/185/151 1/6/6 41/58/49
f 153/186/152 152/182/148 155/188/154
f 157/189/155 148/180/146 156/190/156
f 151/191/157 149/181/147 157/189/155
f 154/187/153 140/171/138 161/192/158
f 153/186/152 155/188/154 158/193/159
f 146/167/135 153/186/152 160/194/160
f 163/195/161 147/179/145 162/196/162
f 157/189/155 156/190/156 163/195/161
f 161/192/158 150/185/151 164/197/163
f 167/198/164 157/189/155 165/199/165
f 167/198/164 165/199/165 174/200/166
f 167/198/164 166/201/167 168/202/168
f 158/193/159 151/191/157 167/198/164
f 170/203/169 179/204/170 171/205/171
f 171/205/171 169/206/172 172/207/173
f 162/196/162 154/187/153 170/203/169
f 162/196/162 170/203/169 171/205/171
f 174/200/166 171/205/171 172/207/173
f 174/200/166 173/208/174 175/209/175
f 165/199/165 163/195/161 174/200/166
f 177/210/176 174/200/166 175/209/175
f 177/211/176 176/212/177 178/213/178
f 166/201/167 177/210/176 178/214/178
f 164/197/163 41/58/49 59/68/58
f 164/197/163 60/70/60 179/204/170
f 161/192/158 164/197/163 179/204/170
f 179/204/170 61/215/66 180/216/179
f 169/217/172 180/218/179 181/219/180
f 182/220/181 169/217/172 181/219/180
f 173/221/174 182/220/181 183/222/182
f 184/223/183 173/221/174 183/222/182
f 185/224/184 176/212/177 184/223/183
f 186/225/185 61/78/66 67/79/67
f 187/226/186 181/219/180 186/225/185
f 188/227/187 184/223/183 187/226/186
f 189/228/188 67/79/67 73/87/73
f 83/229/189 186/225/185 189/228/188
f 188/227/187 83/229/189 221/230/190
f 83/229/189 73/87/73 82/92/78
f 1246/231/191 221/230/190 83/229/189
f 168/202/168 191/232/192 192/233/193
f 158/193/159 168/202/168 194/234/194
f 194/234/194 192/233/193 195/235/195
f 195/235/195 193/236/196 196/237/197
f 159/238/198 195/235/195 198/239/199
f 198/239/199 196/237/197 199/240/200
f 199/240/200 197/241/201 200/242/202
f 160/194/160 198/239/199 202/243/203
f 202/243/203 199/240/200 203/244/204
f 203/244/204 200/242/202 204/245/205
f 204/245/205 201/246/206 205/247/207
f 207/248/208 166/201/167 178/214/178
f 208/249/209 190/250/210 207/251/208
f 209/252/211 191/253/212 208/254/209
f 193/255/196 209/256/211 210/257/213
f 211/258/214 193/259/196 210/260/213
f 197/261/201 211/262/214 212/263/215
f 213/264/216 197/265/201 212/266/215
f 201/267/206 213/268/216 214/269/217
f 215/270/218 201/271/206 214/272/217
f 206/273/219 215/274/218 216/275/220
f 185/224/184 188/227/187 217/276/221
f 207/251/208 185/224/184 217/276/221
f 208/249/209 207/251/208 217/276/221
f 212/263/215 218/277/222 219/278/223
f 214/269/217 219/278/223 220/279/224
f 220/279/224 219/278/223 222/280/225
f 219/278/223 221/230/190 1246/231/191
f 26/35/28 226/281/226 227/282/227
f 224/283/228 26/35/28 227/282/227
f 228/53/44 224/283/228 225/284/229
f 228/53/44 28/37/30 224/283/228
f 226/281/226 35/40/33 36/41/34
f 226/281/226 33/285/230 35/40/33
f 225/284/229 224/283/228 223/286/231
f 229/287/232 223/286/231 227/282/227
f 236/288/233 32/39/32 237/289/234
f 223/286/231 232/290/235 230/291/236
f 233/292/237 230/291/236 231/293/238
f 233/292/237 223/286/231 230/291/236
f 232/290/235 226/281/226 239/294/239
f 231/293/238 230/291/236 234/295/240
f 235/296/241 232/290/235 239/294/239
f 237/289/234 240/297/242 236/288/233
f 239/294/239 234/295/240 235/296/241
f 239/298/239 243/299/243 242/300/244
f 236/288/233 244/301/245 243/302/243
f 240/297/242 262/303/246 244/301/245
f 240/297/242 245/304/247 262/303/246
f 238/305/248 241/306/249 246/307/250
f 239/298/239 247/308/251 248/309/252
f 248/310/252 241/306/249 239/294/239
f 242/300/244 249/311/253 250/312/254
f 243/302/243 252/313/255 253/314/256
f 254/315/257 249/316/253 253/317/256
f 256/318/258 251/319/259 255/320/260
f 244/301/245 257/321/261 258/322/262
f 259/323/263 252/324/255 258/325/262
f 260/326/264 253/317/256 259/323/263
f 261/327/265 254/315/257 260/326/264
f 261/327/265 256/318/258 255/320/260
f 264/328/266 258/325/262 263/329/267
f 265/330/268 259/323/263 264/328/266
f 265/330/268 261/327/265 260/326/264
f 268/331/269 247/308/251 250/312/254
f 271/332/270 250/312/271 254/333/257
f 255/320/260 268/334/272 271/335/273
f 255/320/260 271/335/273 254/315/257
f 255/336/260 251/337/259 269/338/274
f 257/321/261 272/339/275 273/340/276
f 263/341/267 273/340/276 274/342/277
f 264/328/266 274/343/277 275/344/278
f 266/345/279 272/339/275 262/303/246
f 277/346/280 273/340/276 276/347/281
f 277/346/280 275/348/278 274/342/277
f 228/53/44 225/284/229 279/349/282
f 283/350/283 231/293/238 281/351/284
f 283/350/283 225/284/229 233/292/237
f 285/352/285 281/351/284 284/353/286
f 284/353/286 238/305/248 286/354/287
f 286/354/287 238/305/248 287/355/288
f 286/354/287 287/355/288 288/356/289
f 288/356/289 287/355/288 289/357/290
f 291/358/291 251/319/259 256/318/258
f 292/359/292 256/318/258 261/327/265
f 293/360/293 292/359/292 265/330/268
f 287/355/288 246/307/250 294/361/294
f 289/357/290 294/361/294 295/362/295
f 290/363/296 270/364/297 251/337/259
f 293/360/293 275/344/278 296/365/298
f 278/366/299 296/367/298 275/348/278
f 297/368/300 228/53/44 279/349/282
f 298/369/301 282/370/302 285/352/285
f 288/356/289 289/357/290 299/371/303
f 300/372/304 291/358/291 292/359/292
f 301/373/305 300/372/304 293/360/293
f 302/374/306 293/375/293 296/367/298
f 303/376/307 301/377/305 302/374/306
f 280/378/308 304/379/309 305/380/310
f 305/380/310 297/368/300 280/378/308
f 306/381/311 304/379/309 282/370/302
f 298/369/301 286/354/287 307/382/312
f 307/382/312 288/356/289 308/383/313
f 309/384/314 290/385/296 291/358/291
f 310/386/315 309/384/314 300/372/304
f 299/371/303 295/362/295 311/387/316
f 313/388/317 301/377/305 303/376/307
f 56/65/55 297/368/300 314/66/56
f 316/389/318 314/66/56 315/390/319
f 305/380/310 317/391/320 297/368/300
f 314/66/56 297/368/300 318/392/321
f 315/390/319 314/66/56 318/392/321
f 318/392/321 317/391/320 319/393/322
f 315/390/319 319/393/322 322/394/323
f 316/389/318 322/394/323 323/395/324
f 317/391/320 298/369/301 320/396/325
f 319/393/322 320/396/325 321/397/326
f 322/394/323 319/393/322 321/397/326
f 320/396/325 298/369/301 307/382/312
f 325/398/327 322/394/323 324/399/328
f 326/400/329 323/395/324 325/398/327
f 299/371/303 307/382/312 308/383/313
f 327/401/330 307/382/312 299/371/303
f 328/402/331 320/396/325 327/401/330
f 329/403/332 321/397/326 328/402/331
f 325/398/327 324/399/328 329/403/332
f 330/404/333 331/405/334 334/406/335
f 335/407/336 332/408/337 309/384/314
f 336/409/338 333/410/339 335/407/336
f 337/411/340 335/407/336 310/386/315
f 338/412/341 310/386/315 301/373/305
f 1004/413/342 299/371/303 311/387/316
f 339/414/343 299/371/303 1004/413/342
f 328/402/331 327/401/330 339/414/343
f 341/415/344 329/416/332 340/417/345
f 332/418/337 312/419/346 290/363/296
f 342/420/347 332/418/337 333/421/348
f 343/422/349 333/421/348 334/423/350
f 343/424/351 331/405/334 341/415/352
f 85/98/84 316/389/318 344/99/85
f 81/96/82 344/99/85 345/425/353
f 82/92/78 81/96/82 345/425/353
f 344/99/85 323/395/324 345/425/353
f 345/425/353 326/400/329 346/426/354
f 347/427/355 345/425/353 346/426/354
f 348/428/356 326/429/329 330/404/333
f 349/430/357 326/400/329 348/431/356
f 350/432/358 346/426/354 349/430/357
f 347/427/355 350/432/358 351/433/359
f 352/434/360 330/404/333 334/406/335
f 336/409/338 352/435/360 334/436/361
f 348/428/356 352/434/360 353/437/362
f 354/438/363 348/439/356 353/440/362
f 337/411/340 354/438/363 353/440/362
f 355/441/364 349/430/357 354/442/363
f 356/443/365 337/411/340 338/412/341
f 356/443/365 355/444/364 354/438/363
f 357/445/366 350/432/358 355/441/364
f 359/446/367 338/447/341 313/388/317
f 360/448/368 356/449/365 359/446/367
f 357/445/366 360/448/368 361/450/369
f 351/433/359 361/450/369 362/451/370
f 358/452/371 351/433/359 362/451/370
f 401/163/131 364/453/372 363/454/373
f 363/454/373 266/345/279 237/289/234
f 83/229/189 347/427/355 358/452/371
f 370/455/374 366/456/375 367/457/376
f 372/458/377 368/459/378 369/460/379
f 373/461/380 369/460/379 370/455/374
f 375/462/381 371/463/382 372/458/377
f 376/464/383 372/458/377 373/461/380
f 375/462/381 376/464/383 378/465/384
f 381/466/385 366/467/375 380/468/386
f 381/469/385 365/470/387 367/471/376
f 383/472/388 368/473/378 382/474/389
f 383/472/388 366/475/375 369/476/379
f 384/477/390 368/473/378 371/478/382
f 385/479/391 371/478/382 374/480/392
f 387/481/393 374/480/392 377/482/394
f 389/483/395 379/484/396 381/466/385
f 391/485/397 382/474/389 390/486/398
f 391/485/397 380/487/386 383/472/388
f 392/488/399 382/474/389 384/477/390
f 393/489/400 384/477/390 385/479/391
f 394/490/401 385/479/391 386/491/402
f 398/492/403 386/491/402 387/481/393
f 398/493/404 396/494/405 395/495/406
f 399/496/407 397/497/408 396/494/405
f 401/163/131 388/498/409 389/483/395
f 402/499/410 390/486/398 392/488/399
f 403/500/411 392/488/399 393/489/400
f 404/501/412 393/489/400 394/490/401
f 407/502/413 394/490/401 395/503/406
f 407/504/413 405/505/414 404/506/412
f 396/507/405 407/508/413 395/509/406
f 396/510/405 406/511/415 405/505/414
f 409/512/416 402/499/410 403/500/411
f 412/513/417 403/500/411 404/501/412
f 412/513/417 410/514/418 409/512/416
f 405/515/414 412/516/417 404/517/412
f 406/518/415 410/519/418 405/515/414
f 414/520/419 402/499/410 409/512/416
f 410/519/418 414/521/420 409/522/416
f 411/523/421 415/524/422 410/519/418
f 417/525/423 390/486/398 402/499/410
f 418/526/424 402/499/410 414/520/419
f 415/524/422 418/527/425 414/521/420
f 420/528/426 415/524/422 416/529/427
f 422/530/428 108/531/429 109/532/121
f 423/533/430 109/532/121 110/120/106
f 424/534/431 110/120/106 111/123/109
f 424/534/431 111/123/109 112/124/110
f 425/535/432 365/536/387 421/537/433
f 426/538/434 421/537/433 422/530/428
f 427/539/435 422/530/428 423/533/430
f 428/540/436 423/533/430 424/534/431
f 429/541/437 367/457/376 425/535/432
f 430/542/438 425/535/432 426/538/434
f 428/540/436 426/538/434 427/539/435
f 431/543/439 370/455/374 429/541/437
f 431/543/439 429/541/437 430/542/438
f 431/543/439 430/542/438 428/540/436
f 431/543/439 428/540/436 432/544/440
f 378/465/384 431/543/439 432/544/440
f 379/545/396 108/546/429 421/547/433
f 388/498/409 123/159/120 379/484/396
f 433/548/441 397/497/408 400/549/442
f 434/550/443 406/518/415 408/551/444
f 413/552/445 435/553/446 411/523/421
f 416/529/427 411/523/421 435/553/446
f 432/544/440 428/540/436 437/554/447
f 438/555/448 434/556/443 397/497/408
f 436/557/449 406/518/415 439/558/450
f 441/559/451 416/529/427 440/560/452
f 428/540/436 424/534/431 146/167/135
f 443/561/453 438/555/448 442/562/454
f 436/557/449 444/563/455 435/553/446
f 440/560/452 435/553/446 444/563/455
f 443/561/453 447/564/456 438/555/448
f 434/556/443 438/555/448 447/564/456
f 454/565/457 444/563/455 436/557/449
f 441/559/451 440/560/452 448/566/458
f 452/567/459 451/568/460 447/564/456
f 453/569/461 447/564/456 443/561/453
f 450/570/462 453/569/461 446/571/463
f 451/572/460 439/558/450 434/550/443
f 454/565/457 456/573/464 444/563/455
f 454/565/457 439/558/450 455/574/465
f 448/566/458 444/563/455 456/573/464
f 457/575/466 448/566/458 456/573/464
f 459/576/467 458/577/468 451/568/460
f 455/574/465 451/572/460 458/578/468
f 455/574/465 460/579/469 454/565/457
f 457/575/466 454/565/457 460/579/469
f 461/580/470 449/581/471 448/566/458
f 428/540/436 146/167/135 160/194/160
f 463/582/472 459/576/467 453/569/461
f 464/583/473 465/584/474 458/578/468
f 466/585/475 461/580/470 457/575/466
f 468/586/476 461/580/470 467/587/477
f 160/194/160 203/244/204 469/588/478
f 469/588/478 204/245/205 470/589/479
f 470/589/479 205/247/207 471/590/480
f 471/590/480 206/591/219 472/592/481
f 469/588/478 470/589/479 474/593/482
f 474/593/482 471/590/480 475/594/483
f 475/594/483 472/592/481 476/595/484
f 476/595/484 473/596/485 477/597/486
f 160/194/160 469/588/478 474/593/482
f 474/593/482 475/594/483 479/598/487
f 479/598/487 476/595/484 480/599/488
f 480/599/488 477/597/486 481/600/489
f 481/600/489 478/601/490 482/602/491
f 479/598/487 480/599/488 483/603/492
f 483/603/492 481/600/489 484/604/493
f 484/604/493 482/602/491 485/605/494
f 484/604/493 485/605/494 486/606/495
f 445/607/496 474/593/482 479/598/487
f 487/608/497 484/604/493 486/606/495
f 488/609/498 206/610/219 216/611/220
f 473/612/485 488/613/498 489/614/499
f 490/615/500 473/616/485 489/617/499
f 478/618/490 490/615/500 491/619/501
f 492/620/502 478/618/490 491/619/501
f 485/621/494 492/620/502 493/622/503
f 486/623/495 493/622/503 494/624/504
f 495/625/505 486/623/495 494/624/504
f 496/626/506 486/623/495 495/625/505
f 489/614/499 220/279/224 222/280/225
f 491/619/501 222/627/225 497/628/507
f 492/620/502 497/628/507 498/629/508
f 493/622/503 498/629/508 499/630/509
f 500/631/510 493/622/503 499/630/509
f 501/632/511 494/624/504 500/631/510
f 503/633/512 495/625/505 501/632/511
f 504/634/513 463/582/472 450/570/462
f 505/635/514 463/582/472 504/634/513
f 506/636/515 502/637/516 505/635/514
f 506/638/517 496/626/518 503/633/512
f 508/639/519 499/630/509 507/640/520
f 510/641/521 500/631/510 508/639/519
f 511/642/522 464/643/473 459/576/467
f 502/637/516 464/643/473 511/642/522
f 512/644/523 509/645/524 502/637/516
f 512/646/523 502/647/516 503/648/512
f 512/649/523 501/632/511 510/641/521
f 513/650/525 460/579/469 465/584/474
f 513/650/525 464/583/473 509/651/524
f 515/652/526 509/651/524 510/653/521
f 515/654/526 508/639/519 514/655/527
f 517/656/528 460/579/469 513/650/525
f 518/657/529 513/650/525 514/658/527
f 518/659/530 507/640/520 516/660/531
f 516/660/532 498/629/508 519/661/533
f 520/662/534 466/585/475 517/656/528
f 521/663/535 517/656/528 518/657/529
f 520/662/534 468/586/476 467/587/477
f 521/663/535 523/664/536 520/662/534
f 524/665/537 516/660/531 522/666/538
f 377/667/394 375/462/381 525/668/539
f 526/669/540 525/668/539 527/670/541
f 527/670/541 378/465/384 528/671/542
f 529/672/543 527/670/541 530/673/544
f 530/673/544 528/671/542 531/674/545
f 526/675/540 533/676/546 377/482/394
f 529/677/543 534/678/547 526/675/540
f 536/679/548 529/680/543 530/681/544
f 531/682/545 536/679/548 530/681/544
f 538/683/549 399/496/407 398/493/404
f 540/684/550 399/496/407 539/685/551
f 541/686/552 387/481/393 532/687/553
f 542/688/554 538/683/549 541/689/555
f 543/690/556 539/685/551 542/688/554
f 545/691/557 541/689/555 544/692/558
f 545/691/557 543/690/556 542/688/554
f 533/676/546 544/693/559 532/687/553
f 548/694/560 544/692/558 547/695/561
f 549/696/562 545/691/557 548/694/560
f 534/678/547 550/697/563 533/676/546
f 535/698/564 551/699/565 534/678/547
f 537/700/566 552/701/567 536/679/548
f 549/696/562 548/694/560 555/702/568
f 550/697/563 554/703/569 547/704/561
f 557/705/570 554/706/569 556/707/571
f 558/708/572 548/694/560 557/705/570
f 551/699/565 556/709/573 550/697/563
f 535/698/564 559/710/574 551/699/565
f 552/701/567 560/711/575 535/712/564
f 557/713/570 562/714/576 563/715/577
f 558/716/572 563/715/577 564/717/578
f 559/710/574 562/718/576 556/709/573
f 563/719/577 562/720/576 565/721/579
f 560/722/575 565/723/579 559/710/574
f 563/715/577 567/724/580 568/725/581
f 566/726/582 568/725/581 569/727/583
f 560/722/575 567/728/584 565/723/579
f 552/701/567 570/729/585 560/711/575
f 572/730/586 552/701/567 561/731/587
f 568/725/581 567/724/580 573/732/588
f 569/727/583 573/732/588 574/733/589
f 575/734/590 378/465/384 432/544/440
f 576/735/591 378/465/384 575/734/590
f 578/736/592 531/682/545 577/737/593
f 540/684/550 433/548/441 400/549/442
f 578/736/592 553/738/594 537/700/566
f 581/739/595 561/731/587 553/738/594
f 584/740/596 581/739/595 582/741/597
f 585/742/598 564/717/578 566/726/582
f 587/743/599 585/742/598 569/727/583
f 588/744/600 561/731/587 583/745/601
f 586/746/602 588/744/600 583/745/601
f 589/747/603 569/727/583 574/733/589
f 591/748/604 432/544/440 437/554/447
f 592/749/605 575/734/590 591/748/604
f 577/750/593 576/735/591 592/749/605
f 594/751/606 577/737/593 593/752/607
f 596/753/608 579/754/609 546/755/610
f 582/741/597 578/736/592 594/751/606
f 580/756/611 555/702/568 597/757/612
f 558/708/572 597/757/612 555/702/568
f 599/758/613 558/716/572 564/717/578
f 602/759/614 601/760/615 603/761/616
f 602/759/614 591/748/604 600/762/617
f 605/763/618 602/759/614 603/761/616
f 593/764/607 605/763/618 606/765/619
f 606/766/619 605/767/618 607/768/620
f 604/769/621 605/763/618 603/761/616
f 610/770/622 608/771/623 609/772/624
f 606/766/619 594/751/606 593/752/607
f 611/773/625 606/766/619 607/768/620
f 595/774/626 442/562/454 433/548/441
f 612/775/627 442/562/454 608/771/623
f 446/571/463 442/562/454 612/775/627
f 613/776/628 595/774/626 579/754/609
f 609/772/624 608/771/623 613/776/628
f 614/777/629 609/772/624 613/776/628
f 609/772/624 614/777/629 615/778/630
f 596/753/608 614/777/629 613/776/628
f 616/779/631 615/778/630 614/777/629
f 618/780/632 596/753/608 580/756/611
f 618/780/632 616/779/631 596/753/608
f 618/780/632 617/781/633 616/779/631
f 582/741/597 594/751/606 611/773/625
f 619/782/634 599/758/613 585/742/598
f 621/783/635 585/742/598 587/743/599
f 620/784/636 590/785/637 586/746/602
f 622/786/638 621/783/635 589/747/603
f 624/787/639 611/773/625 607/768/620
f 625/788/640 446/571/463 608/771/623
f 626/789/641 615/778/630 617/781/633
f 627/790/642 582/741/597 611/773/625
f 628/791/643 597/757/612 630/792/644
f 631/793/645 597/757/612 598/794/646
f 632/795/647 631/796/645 599/758/613
f 633/797/648 632/795/647 619/782/634
f 635/798/649 623/799/650 634/800/651
f 636/801/652 604/802/621 635/803/649
f 627/790/642 624/787/639 636/801/652
f 626/789/641 617/781/633 637/804/653
f 629/805/654 637/804/653 617/781/633
f 629/805/654 630/792/644 638/806/655
f 631/793/645 638/806/655 630/792/644
f 639/807/656 638/806/655 631/793/645
f 640/808/657 633/797/648 621/783/635
f 641/809/658 621/783/635 622/786/638
f 642/810/659 600/762/617 661/811/660
f 634/800/651 601/760/615 642/810/659
f 644/812/661 450/570/462 625/788/640
f 645/813/662 644/812/661 610/770/622
f 626/789/641 645/813/662 610/770/622
f 647/814/663 636/801/652 643/815/664
f 646/816/665 637/804/653 648/817/666
f 649/818/667 648/817/666 637/804/653
f 638/806/655 649/818/667 629/805/654
f 582/741/597 627/790/642 647/814/663
f 584/740/596 582/741/597 650/819/668
f 651/820/669 640/808/657 641/809/658
f 661/811/660 437/554/447 445/607/496
f 653/821/670 634/800/651 652/822/671
f 643/815/664 635/803/649 653/823/670
f 647/814/663 643/815/664 654/824/672
f 656/825/673 649/818/667 638/806/655
f 650/819/668 647/814/663 655/826/674
f 656/827/673 639/828/656 657/829/675
f 639/828/656 632/795/647 658/830/676
f 659/831/677 658/830/676 633/797/648
f 650/819/668 620/784/636 584/740/596
f 660/832/678 659/831/677 640/808/657
f 445/607/496 483/603/492 661/811/660
f 662/833/679 483/603/492 484/604/493
f 652/822/671 642/810/659 663/834/680
f 664/835/681 663/834/680 662/833/679
f 665/836/682 662/833/679 487/608/497
f 666/837/683 652/822/671 664/835/681
f 667/838/684 664/835/681 665/836/682
f 487/839/497 496/626/506 668/840/685
f 487/839/497 668/840/685 669/841/686
f 487/839/497 669/841/686 670/842/687
f 665/843/682 670/842/687 671/844/688
f 666/845/683 654/824/672 653/823/670
f 667/846/684 672/847/689 666/845/683
f 667/848/684 671/844/688 673/849/690
f 674/850/691 450/570/462 644/812/661
f 675/851/692 504/634/513 674/850/691
f 676/852/693 505/635/514 675/851/692
f 676/853/694 496/626/518 506/638/517
f 677/854/695 674/850/691 644/812/661
f 677/854/695 675/851/692 674/850/691
f 678/855/696 676/852/693 675/851/692
f 668/840/697 676/853/694 679/856/698
f 646/816/665 677/854/695 645/813/662
f 646/816/665 678/855/696 677/854/695
f 680/857/699 679/858/700 678/855/696
f 668/840/697 679/856/698 681/859/701
f 669/841/686 681/859/701 682/860/702
f 670/842/687 682/860/702 683/861/703
f 671/844/688 683/861/703 684/862/704
f 685/863/705 654/824/672 672/847/689
f 673/864/690 685/863/705 672/847/689
f 673/849/690 684/862/704 686/865/706
f 680/857/699 646/816/665 648/817/666
f 688/866/707 680/857/699 648/817/666
f 689/867/708 687/868/709 680/857/699
f 682/860/702 687/869/709 690/870/710
f 656/825/673 689/867/708 688/866/707
f 691/871/711 690/872/710 689/867/708
f 683/861/703 690/870/710 692/873/712
f 684/862/704 692/873/712 693/874/713
f 695/875/714 656/827/673 657/829/675
f 696/876/715 691/877/711 695/875/714
f 693/874/713 696/878/716 697/879/717
f 698/880/718 694/881/719 685/863/705
f 699/882/720 685/863/705 686/883/706
f 686/865/706 697/879/721 699/884/722
f 700/885/723 657/829/675 658/830/676
f 701/886/724 695/875/714 700/885/723
f 659/831/677 700/885/723 658/830/676
f 697/879/717 701/887/724 702/888/725
f 703/889/726 659/831/677 660/832/678
f 704/890/727 700/885/723 703/889/726
f 705/891/728 698/880/718 699/882/720
f 699/884/722 704/892/729 705/893/730
f 706/894/731 660/832/678 651/820/669
f 707/895/732 660/832/678 706/894/731
f 708/896/733 703/889/726 707/895/732
f 705/893/730 704/892/729 708/897/734
f 419/898/735 709/899/736 418/527/425
f 711/900/737 419/898/735 420/528/426
f 391/485/397 390/486/398 712/901/738
f 417/525/423 712/901/738 390/486/398
f 709/902/739 713/903/740 417/525/423
f 710/904/741 714/905/742 709/899/736
f 716/906/743 710/904/741 711/900/737
f 717/907/744 716/906/743 718/908/745
f 720/909/746 714/905/742 715/910/747
f 721/911/748 720/909/746 717/907/744
f 717/907/744 720/909/746 715/910/747
f 722/912/749 717/907/744 718/908/745
f 723/913/750 712/901/738 713/903/740
f 719/914/751 723/913/750 713/903/740
f 721/915/748 724/916/752 719/914/751
f 726/917/753 721/911/748 717/907/744
f 722/912/749 726/917/753 717/907/744
f 728/918/754 726/919/753 729/920/755
f 730/921/756 726/919/753 727/922/757
f 731/923/758 730/921/756 732/924/759
f 725/925/760 733/926/761 724/916/752
f 728/927/754 734/928/762 725/925/760
f 736/929/763 728/918/754 729/920/755
f 737/930/764 736/929/763 731/923/758
f 731/923/758 736/929/763 729/920/755
f 738/931/765 731/923/758 732/924/759
f 391/485/397 739/932/766 401/933/131
f 740/934/767 734/928/762 735/935/768
f 737/936/764 740/934/767 735/935/768
f 741/937/769 733/926/761 740/934/767
f 744/938/770 723/913/750 733/926/761
f 732/924/759 745/939/771 746/940/772
f 746/940/772 738/931/765 732/924/759
f 747/941/773 420/528/426 441/559/451
f 716/906/743 711/900/737 747/941/773
f 718/908/745 716/906/743 748/942/774
f 749/943/775 750/944/776 718/908/745
f 750/944/776 727/945/757 722/912/749
f 745/939/771 751/946/777 753/947/778
f 746/940/772 753/947/778 754/948/779
f 754/948/779 752/949/780 746/940/772
f 755/950/781 441/559/451 449/581/471
f 748/942/774 747/941/773 755/950/781
f 757/951/782 749/943/775 756/952/783
f 751/946/777 750/953/776 757/954/782
f 753/947/778 751/946/777 758/955/784
f 756/952/783 748/942/774 759/956/785
f 754/948/779 761/957/786 762/958/787
f 755/950/781 449/581/471 462/959/788
f 759/956/785 755/950/781 763/960/789
f 763/960/789 462/959/788 468/586/476
f 766/961/790 759/956/785 765/962/791
f 767/963/792 756/952/783 766/961/790
f 758/955/784 767/964/792 768/965/793
f 768/965/793 761/957/786 758/955/784
f 764/966/794 769/967/795 770/968/796
f 497/628/507 222/627/225 771/969/797
f 523/664/536 763/960/789 468/586/476
f 524/970/798 772/971/799 523/664/536
f 524/665/537 522/666/538 773/972/800
f 519/661/533 771/969/797 774/973/801
f 772/971/799 765/962/791 763/960/789
f 773/974/800 775/975/802 772/971/799
f 773/972/800 522/666/538 776/976/803
f 777/977/804 775/978/802 776/979/803
f 522/666/538 774/973/801 778/980/805
f 776/976/803 778/980/805 779/981/806
f 775/975/802 767/963/792 766/961/790
f 777/982/804 780/983/807 775/975/802
f 777/984/804 779/981/806 781/985/808
f 782/986/809 767/964/792 780/987/807
f 783/988/810 780/987/807 781/989/808
f 778/980/805 774/973/801 784/990/811
f 779/981/806 784/990/811 785/991/812
f 781/985/808 785/991/812 786/992/813
f 782/986/809 769/967/795 768/965/793
f 783/993/810 786/992/813 787/994/814
f 788/995/815 769/967/795 782/986/809
f 789/996/816 782/986/809 787/997/814
f 785/991/812 784/990/811 790/998/817
f 786/992/813 790/998/817 791/999/818
f 787/994/814 791/999/818 792/1000/819
f 222/627/225 1246/1001/191 1567/1002/820
f 791/999/818 790/998/817 793/1003/821
f 793/1003/821 790/998/817 794/1004/822
f 771/969/797 1567/1002/820 795/1005/823
f 784/990/811 774/973/801 796/1006/824
f 794/1004/822 790/998/817 797/1007/825
f 573/732/588 798/1008/826 799/1009/827
f 574/733/589 799/1009/827 800/1010/828
f 802/1011/829 798/1008/826 801/1012/830
f 803/1013/831 799/1009/827 802/1011/829
f 806/1014/832 801/1012/830 808/1015/833
f 806/1014/832 807/1016/834 809/1017/835
f 809/1017/835 802/1011/829 806/1014/832
f 810/1018/836 801/1019/837 570/1020/838
f 811/1021/839 570/729/585 571/1022/840
f 804/1023/841 811/1021/839 571/1022/840
f 813/1024/842 805/1025/843 815/1026/844
f 816/1027/845 813/1028/842 814/1029/846
f 816/1030/845 806/1014/832 813/1024/842
f 817/1031/847 805/1032/843 808/1033/833
f 819/1034/848 737/930/764 731/923/758
f 819/1034/848 738/931/765 820/1035/849
f 821/1036/850 818/1037/851 819/1034/848
f 821/1036/850 820/1035/849 822/1038/852
f 824/1039/853 818/1037/851 821/1036/850
f 824/1039/853 822/1038/852 825/1040/854
f 827/1041/855 823/1042/856 824/1039/853
f 827/1043/855 812/1044/857 826/1045/858
f 828/1046/859 824/1039/853 825/1040/854
f 828/1046/859 813/1028/842 827/1041/855
f 829/1047/860 812/1044/857 815/1048/861
f 830/1049/862 815/1048/861 817/1031/847
f 831/1050/863 817/1031/847 810/1018/836
f 818/1051/851 740/934/767 737/936/764
f 832/1052/864 818/1051/851 823/1053/856
f 832/1052/864 823/1053/856 826/1045/858
f 833/1054/865 826/1045/858 829/1047/860
f 834/1055/866 829/1047/860 830/1049/862
f 835/1056/867 740/934/767 832/1052/864
f 835/1056/867 832/1052/864 833/1054/865
f 834/1055/866 836/1057/868 835/1056/867
f 831/1050/863 837/1058/869 834/1055/866
f 839/1059/870 588/744/600 590/785/637
f 800/1010/828 803/1013/831 840/1060/871
f 839/1059/870 804/1023/841 572/730/586
f 809/1017/835 842/1061/872 852/1062/873
f 852/1062/873 803/1013/831 809/1017/835
f 816/1027/845 844/1063/874 845/1064/875
f 845/1065/875 807/1016/834 816/1030/845
f 820/1035/849 738/931/765 847/1066/876
f 822/1038/852 847/1066/876 848/1067/877
f 825/1040/854 848/1067/877 849/1068/878
f 828/1046/859 825/1040/854 849/1068/878
f 828/1046/859 843/1069/879 814/1029/846
f 841/1070/880 838/1071/881 804/1023/841
f 589/747/603 800/1010/828 850/1072/882
f 854/1073/883 839/1059/870 851/1074/884
f 855/1075/885 852/1062/873 842/1061/872
f 857/1076/886 843/1069/879 856/1077/887
f 846/1078/888 841/1070/880 854/1073/883
f 847/1066/876 752/949/780 858/1079/889
f 859/1080/890 847/1066/876 858/1079/889
f 849/1068/878 848/1067/877 859/1080/890
f 860/1081/891 589/747/603 850/1072/882
f 861/1082/892 860/1081/891 840/1060/871
f 862/1083/893 857/1076/886 863/1084/894
f 855/1075/885 845/1065/875 862/1085/893
f 856/1077/887 849/1068/878 867/1086/895
f 851/1074/884 590/785/637 881/1087/896
f 863/1084/894 856/1077/887 868/1088/897
f 863/1084/894 868/1088/897 869/1089/898
f 869/1089/898 862/1083/893 863/1084/894
f 859/1080/890 858/1079/889 870/1090/899
f 867/1086/895 859/1080/890 870/1090/899
f 861/1082/892 864/1091/900 871/1092/901
f 871/1092/901 860/1081/891 861/1082/892
f 855/1075/885 865/1093/902 873/1094/903
f 873/1094/903 864/1091/900 855/1075/885
f 752/949/780 762/958/787 874/1095/904
f 874/1095/904 762/958/787 875/1096/905
f 868/1088/897 867/1086/895 876/1097/906
f 879/1098/907 876/1097/906 877/1099/908
f 869/1089/898 868/1088/897 878/1100/909
f 865/1101/902 869/1089/898 880/1102/910
f 880/1102/910 878/1100/909 879/1098/907
f 874/1095/904 882/1103/911 752/949/780
f 882/1103/911 874/1095/904 875/1096/905
f 870/1090/899 858/1079/889 882/1103/911
f 870/1090/899 875/1096/905 877/1099/908
f 881/1087/896 1402/1104/912 866/1105/913
f 883/1106/914 641/809/658 860/1081/891
f 873/1094/903 872/1107/915 884/1108/916
f 884/1108/916 864/1091/900 873/1094/903
f 885/1109/917 762/958/787 764/966/794
f 877/1099/908 885/1109/917 886/1110/918
f 871/1092/901 864/1091/900 891/1111/919
f 891/1111/919 883/1106/914 871/1092/901
f 885/1109/917 764/966/794 770/968/796
f 886/1110/918 885/1109/917 888/1112/920
f 879/1098/907 888/1112/920 889/1113/921
f 872/1114/915 880/1102/910 890/1115/922
f 890/1115/922 879/1098/907 889/1113/921
f 651/820/669 883/1106/914 894/1116/923
f 894/1116/923 892/1117/924 895/1118/925
f 707/895/732 894/1116/923 895/1118/925
f 895/1118/925 893/1119/926 896/1120/927
f 708/896/733 895/1118/925 896/1120/927
f 705/891/728 897/1121/928 698/880/718
f 898/1122/929 708/897/734 896/1123/930
f 893/1119/926 892/1117/924 899/1124/931
f 900/1125/932 893/1126/926 899/1127/931
f 898/1122/929 896/1123/930 900/1125/933
f 884/1128/916 901/1129/934 903/1130/935
f 892/1117/924 884/1108/916 903/1131/935
f 903/1130/935 902/1132/936 904/1133/937
f 899/1124/931 903/1131/935 904/1134/937
f 900/1125/932 899/1127/931 904/1135/937
f 907/1136/938 770/968/796 788/995/815
f 908/1137/939 788/995/815 789/996/816
f 909/1138/940 906/1139/941 907/1136/938
f 910/1140/942 907/1136/938 908/1137/939
f 889/1113/921 909/1138/940 911/1141/943
f 911/1141/943 910/1140/942 912/1142/944
f 890/1115/922 911/1141/943 901/1143/934
f 901/1143/934 912/1142/944 913/1144/945
f 902/1145/936 901/1146/934 913/1147/945
f 914/1148/946 902/1149/936 913/1150/945
f 915/1151/947 904/1135/937 914/1148/946
f 905/1152/948 900/1125/933 915/1151/947
f 908/1153/939 792/1000/819 916/1154/949
f 917/1155/950 910/1156/942 916/1154/949
f 914/1148/946 917/1155/950 918/1157/951
f 919/1158/952 914/1148/946 918/1157/951
f 905/1152/948 915/1151/947 919/1158/952
f 920/1159/953 916/1154/949 793/1003/821
f 918/1157/951 920/1159/953 921/1160/954
f 919/1158/952 918/1157/951 921/1160/954
f 694/881/719 1691/1161/955 650/819/668
f 920/1159/953 793/1003/821 794/1004/822
f 922/1162/956 794/1004/822 797/1007/825
f 921/1160/954 922/1162/956 923/1163/957
f 919/1158/952 921/1160/954 923/1163/957
f 897/1121/928 924/1164/958 694/881/719
f 905/1165/948 925/1166/959 897/1121/928
f 248/309/252 927/1167/960 928/1168/961
f 928/1169/961 241/306/249 248/310/252
f 929/1170/962 267/1171/963 268/331/269
f 930/1172/964 268/1173/272 269/338/274
f 270/364/297 930/1172/964 269/338/274
f 272/339/275 935/1174/965 936/1175/966
f 937/1176/967 932/1177/968 933/1178/969
f 276/347/281 936/1175/966 937/1176/967
f 938/1179/970 933/1178/969 934/1180/971
f 277/346/280 937/1176/967 938/1179/970
f 928/1168/961 927/1167/960 940/1181/972
f 929/1170/962 940/1181/972 927/1167/960
f 943/1182/973 929/1183/974 930/1172/964
f 944/1184/975 930/1172/964 931/1185/976
f 947/1186/977 941/1187/978 942/1188/979
f 948/1189/980 942/1188/979 943/1190/973
f 949/1191/981 943/1190/973 944/1192/975
f 952/1193/982 945/1194/983 946/1195/984
f 953/1196/985 946/1195/984 947/1186/977
f 954/1197/986 947/1186/977 948/1189/980
f 933/1178/969 955/1198/987 956/1199/988
f 957/1200/989 950/1201/990 951/1202/991
f 957/1203/989 933/1178/969 956/1199/988
f 958/1204/992 951/1202/991 952/1193/982
f 934/1180/971 957/1203/989 958/1205/992
f 959/1206/993 952/1193/982 953/1196/985
f 959/1207/993 934/1180/971 958/1205/992
f 955/1198/987 935/1174/965 960/1208/994
f 955/1198/987 932/1177/968 936/1175/966
f 928/1168/961 940/1181/972 961/1209/995
f 962/1210/996 940/1181/972 942/1211/997
f 963/1212/998 941/1213/999 946/1214/984
f 964/1215/1000 945/1216/983 951/1217/991
f 965/1218/1001 950/1219/990 956/1199/988
f 967/1220/1002 926/1221/1003 966/1222/1004
f 928/1169/961 966/1222/1004 926/1221/1003
f 963/1212/998 961/1209/995 962/1210/996
f 968/1223/1005 963/1224/998 964/1225/1000
f 969/1226/1006 964/1225/1000 965/1218/1001
f 969/1226/1006 965/1218/1001 960/1208/994
f 928/1169/961 976/1227/1007 973/1228/1008
f 976/1227/1007 961/1229/995 970/1230/1009
f 968/1223/1005 970/1230/1009 961/1229/995
f 970/1230/1009 968/1223/1005 969/1226/1006
f 967/1220/1002 971/1231/1010 972/1232/1011
f 973/1228/1008 971/1231/1010 966/1222/1004
f 975/1233/1012 971/1231/1010 974/1234/1013
f 974/1234/1013 973/1228/1008 977/1235/1014
f 976/1227/1007 977/1235/1014 973/1228/1008
f 980/1236/1015 977/1235/1014 979/1237/1016
f 975/1233/1012 980/1236/1015 981/1238/1017
f 978/1239/1018 979/1237/1016 977/1235/1014
f 938/1179/970 985/1240/1019 986/1241/1020
f 986/1241/1020 278/366/299 938/1179/970
f 987/1242/1021 246/307/250 939/1243/1022
f 988/1244/1023 294/361/294 987/1242/1021
f 990/1245/1024 944/1192/975 989/1246/1025
f 991/1247/1026 949/1191/981 990/1245/1024
f 959/1206/993 954/1197/986 991/1247/1026
f 992/1248/1027 985/1240/1019 959/1207/993
f 994/1249/1028 939/1243/1022 967/1220/1002
f 995/1250/1029 987/1242/1021 994/1249/1028
f 994/1249/1028 972/1232/1011 997/1251/1030
f 998/1252/1031 972/1232/1011 975/1233/1012
f 1008/1253/1032 998/1252/1031 999/1254/1033
f 1000/1255/1034 999/1254/1033 981/1238/1017
f 1003/1256/1035 303/376/307 1002/1257/1036
f 986/1241/1020 985/1240/1019 1002/1257/1037
f 986/1241/1020 302/374/306 278/366/299
f 1004/413/342 295/362/295 988/1244/1023
f 989/1258/1025 931/1185/976 1001/1259/1038
f 1006/1260/1039 990/1245/1024 1005/1261/1040
f 992/1262/1027 991/1247/1026 1006/1260/1039
f 985/1240/1019 992/1248/1027 1007/1263/1041
f 999/1254/1033 1000/1255/1034 1009/1264/1042
f 1001/1259/1038 270/364/297 312/419/346
f 1005/1261/1040 989/1246/1025 1010/1265/1043
f 1012/1266/1044 1005/1261/1040 1011/1267/1045
f 1013/1268/1046 1006/1260/1039 1012/1266/1044
f 1003/1256/1035 1007/1263/1041 1013/1269/1046
f 1014/1270/1047 1004/413/342 993/1271/1048
f 1015/1272/1049 1014/1270/1047 995/1250/1029
f 1016/1273/1050 995/1250/1029 996/1274/1051
f 1020/1275/1052 312/419/346 342/420/347
f 343/422/349 1020/1275/1052 342/420/347
f 1021/1276/1053 341/415/352 1018/1277/1054
f 1022/1278/1055 313/388/317 1003/1256/1035
f 328/402/331 339/414/343 1023/1279/1056
f 340/1280/345 1023/1279/1056 1024/1281/1057
f 1018/1277/1058 1024/1282/1057 1025/1283/1059
f 1010/1284/1043 1001/1259/1038 1019/1285/1060
f 1020/1275/1052 1010/1284/1043 1019/1285/1060
f 1021/1286/1061 1026/1287/1062 1020/1275/1052
f 1021/1276/1053 1025/1283/1059 1027/1288/1063
f 1028/1289/1064 1010/1265/1043 1026/1290/1065
f 1029/1291/1066 1026/1290/1065 1027/1292/1067
f 1012/1266/1044 1011/1267/1045 1028/1289/1064
f 1012/1266/1044 1028/1289/1064 1029/1291/1066
f 339/414/343 1014/1270/1047 1030/1293/1068
f 1025/1283/1059 1024/1282/1057 1031/1294/1069
f 1032/1295/1070 1025/1283/1059 1031/1294/1069
f 1023/1279/1056 1030/1293/1068 1033/1296/1071
f 1024/1281/1057 1033/1296/1071 1034/1297/1072
f 1031/1298/1069 1034/1297/1072 1035/1299/1073
f 1030/1293/1068 1016/1273/1050 1036/1300/1074
f 1035/1299/1073 1034/1297/1072 1037/1301/1075
f 1016/1273/1050 997/1251/1030 1038/1302/1076
f 1036/1300/1074 1038/1302/1076 1039/1303/1077
f 1040/1304/1078 1036/1300/1074 1039/1303/1077
f 1034/1297/1072 1040/1304/1078 1041/1305/1079
f 1038/1302/1076 1008/1253/1032 1042/1306/1080
f 1039/1303/1077 1038/1302/1076 1042/1306/1080
f 1017/1307/1081 1042/1306/1080 1008/1253/1032
f 1017/1307/1081 1039/1303/1077 1042/1306/1080
f 1017/1307/1081 1043/1308/1082 1039/1303/1077
f 1037/1301/1075 1034/1297/1072 1041/1305/1079
f 1041/1305/1079 1044/1309/1083 1045/1310/1084
f 1046/1311/1085 1041/1305/1079 1045/1310/1084
f 1047/1312/1086 359/446/367 1022/1278/1055
f 361/450/369 1047/1312/1086 1048/1313/1087
f 362/451/370 361/450/369 1048/1313/1087
f 1029/1291/1066 1049/1314/1088 1050/1315/1089
f 1052/1316/1090 1029/1291/1066 1050/1315/1089
f 1013/1268/1046 1012/1266/1044 1052/1316/1090
f 1054/1317/1091 1052/1316/1090 1051/1318/1092
f 1022/1278/1055 1013/1269/1046 1054/1319/1091
f 1054/1319/1091 1059/1320/1093 1055/1321/1094
f 1047/1312/1086 1054/1319/1091 1055/1321/1094
f 1048/1313/1087 1055/1321/1094 1053/1322/1095
f 1056/1323/1096 1048/1313/1087 1053/1322/1095
f 1049/1324/1088 1032/1325/1070 1057/1326/1097
f 1058/1327/1098 1049/1328/1088 1057/1329/1097
f 1059/1320/1093 1051/1330/1092 1058/1331/1098
f 1059/1320/1093 1064/1332/1099 1060/1333/1100
f 1053/1322/1095 1060/1333/1100 1061/1334/1101
f 1062/1335/1102 1053/1322/1095 1061/1334/1101
f 1057/1326/1097 1035/1299/1073 1063/1336/1103
f 1064/1332/1099 1058/1331/1098 1063/1336/1103
f 1062/1335/1102 1061/1334/1101 1065/1337/1104
f 1134/1338/1105 1056/1339/1096 1062/1340/1102
f 1064/1332/1099 1037/1301/1075 1065/1337/1104
f 363/454/373 960/1208/994 935/1174/965
f 982/1341/1106 1069/1342/1107 1067/1343/1108
f 982/1341/1106 1067/1343/1108 979/1237/1016
f 1071/1344/1109 980/1236/1015 1070/1345/1110
f 983/1346/1111 1069/1342/1107 978/1239/1018
f 1073/1347/1112 1069/1342/1107 1072/1348/1113
f 983/1346/1111 1075/1349/1114 1072/1348/1113
f 983/1346/1111 1072/1348/1113 1069/1342/1107
f 1077/1350/1115 1073/1347/1112 1076/1351/1116
f 1078/1352/1117 1070/1345/1110 1077/1350/1115
f 984/1353/1118 1075/1349/1114 983/1346/1111
f 1072/1348/1113 1080/1354/1119 1081/1355/1120
f 1076/1351/1116 1081/1355/1120 1082/1356/1121
f 1079/1357/1122 1083/1358/1123 1084/1359/1124
f 1079/1357/1122 1080/1354/1119 1075/1349/1114
f 1085/1360/1125 1080/1354/1119 1084/1359/1124
f 1082/1356/1121 1081/1355/1120 1085/1360/1125
f 984/1361/1118 1083/1362/1123 1079/1363/1122
f 1084/1359/1124 1088/1364/1126 1089/1365/1127
f 1082/1366/1121 1085/1367/1125 1090/1368/1128
f 1087/1369/1129 1091/1370/1130 1088/1364/1126
f 1087/1369/1129 1088/1364/1126 1083/1358/1123
f 1093/1371/1131 1089/1365/1127 1092/1372/1132
f 1094/1373/1133 1085/1367/1125 1093/1374/1131
f 1097/1375/1134 1091/1370/1130 1096/1376/1135
f 1092/1377/1132 1097/1378/1134 1098/1379/1136
f 1099/1380/1137 1092/1377/1132 1098/1379/1136
f 1095/1381/1138 1100/1382/1139 1096/1376/1135
f 1095/1381/1138 1096/1376/1135 1091/1370/1130
f 1102/1383/1140 1097/1378/1134 1101/1384/1141
f 1104/1385/1142 1100/1382/1139 1103/1386/1143
f 1101/1384/1141 1104/1387/1142 1105/1388/1144
f 1106/1389/1145 1101/1384/1141 1105/1388/1144
f 1078/1352/1117 1077/1350/1115 1107/1390/1146
f 1086/1391/1147 1107/1392/1146 1077/1393/1115
f 1108/1394/1148 1099/1380/1137 1102/1383/1140
f 1109/1395/1149 1102/1383/1140 1106/1389/1145
f 1110/1396/1150 1086/1391/1147 1090/1368/1128
f 1009/1264/1042 1068/1397/1151 1111/1398/1152
f 1071/1344/1109 1111/1398/1152 1068/1397/1151
f 1071/1344/1109 1074/1399/1153 1112/1400/1154
f 1078/1352/1117 1112/1400/1154 1074/1399/1153
f 1115/1401/1155 1110/1396/1150 1094/1373/1133
f 1116/1402/1156 1094/1373/1133 1099/1380/1137
f 1044/1309/1083 1017/1307/1081 1111/1398/1152
f 1118/1403/1157 1117/1404/1158 1044/1309/1083
f 1113/1405/1159 1119/1406/1160 1118/1403/1157
f 1113/1405/1159 1107/1390/1146 1121/1407/1161
f 1122/1408/1162 1114/1409/1163 1110/1396/1150
f 1122/1408/1162 1115/1401/1155 1123/1410/1164
f 1123/1410/1164 1115/1401/1155 1116/1402/1156
f 1108/1394/1148 1123/1410/1164 1116/1402/1156
f 1045/1310/1084 1117/1404/1158 1124/1411/1165
f 1119/1406/1160 1124/1411/1165 1117/1404/1158
f 1066/1412/1166 1124/1411/1165 1125/1413/1167
f 1134/1414/1105 1037/1301/1075 1066/1412/1166
f 1125/1413/1167 1126/1415/1168 1127/1416/1169
f 1120/1417/1170 1126/1415/1168 1119/1406/1160
f 1128/1418/1171 1127/1416/1169 1126/1415/1168
f 1129/1419/1172 1066/1412/1166 1127/1416/1169
f 1128/1418/1171 1121/1407/1161 1130/1420/1173
f 1131/1421/1174 1128/1418/1171 1130/1420/1173
f 1129/1419/1172 1131/1421/1174 1132/1422/1175
f 1129/1419/1172 1132/1422/1175 1133/1423/1176
f 1130/1420/1173 1114/1424/1163 1135/1425/1177
f 1131/1421/1174 1135/1425/1177 1136/1426/1178
f 1132/1422/1175 1136/1426/1178 1137/1427/1179
f 1122/1408/1162 1135/1428/1177 1114/1409/1163
f 1122/1408/1162 1136/1429/1178 1135/1428/1177
f 1138/1430/1180 1137/1427/1179 1136/1426/1178
f 1139/1431/1181 1133/1423/1176 1137/1427/1179
f 1133/1423/1176 1139/1431/1181 1140/1432/1182
f 1134/1414/1105 1140/1432/1182 1141/1433/1183
f 1139/1431/1181 1142/1434/1184 1143/1435/1185
f 1123/1410/1164 1142/1436/1184 1138/1437/1180
f 1144/1438/1186 1143/1439/1185 1142/1436/1184
f 1145/1440/1187 1140/1432/1182 1143/1435/1185
f 1108/1394/1148 1144/1438/1186 1123/1410/1164
f 1146/1441/1188 1145/1440/1187 1143/1435/1185
f 1147/1442/1189 1141/1433/1183 1145/1440/1187
f 1144/1438/1186 1109/1395/1149 1148/1443/1190
f 1146/1444/1188 1148/1443/1190 1149/1445/1191
f 1145/1440/1187 1149/1446/1191 1150/1447/1192
f 1147/1442/1189 1150/1447/1192 1151/1448/1193
f 1152/1449/1194 1154/1450/1195 364/453/372
f 364/453/372 1154/1450/1195 1153/1451/1196
f 1156/1452/1197 1160/1453/1198 1159/1454/1199
f 1156/1452/1197 1159/1454/1199 1155/1455/1200
f 1157/1456/1201 1161/1457/1202 1162/1458/1203
f 1157/1456/1201 1160/1453/1198 1156/1452/1197
f 1157/1456/1201 1163/1459/1204 1161/1457/1202
f 1154/1450/1195 1164/1460/1205 1163/1459/1204
f 1154/1450/1195 1165/1461/1206 1164/1460/1205
f 1158/1462/1207 1166/1463/1208 1165/1461/1206
f 1158/1462/1207 1167/1464/1209 1166/1463/1208
f 1169/1465/1210 1160/1453/1198 1168/1466/1211
f 1162/1458/1203 1170/1467/1212 1168/1466/1211
f 1162/1458/1203 1168/1466/1211 1160/1453/1198
f 1161/1457/1202 1172/1468/1213 1173/1469/1214
f 1174/1470/1215 1170/1471/1212 1173/1472/1214
f 1175/1473/1216 1168/1474/1211 1174/1470/1215
f 1163/1459/1204 1176/1475/1217 1177/1476/1218
f 1178/1477/1219 1172/1478/1213 1177/1479/1218
f 1179/1480/1220 1173/1472/1214 1178/1477/1219
f 1180/1481/1221 1174/1470/1215 1179/1480/1220
f 1164/1460/1205 1181/1482/1222 1182/1483/1223
f 1183/1484/1224 1176/1485/1217 1182/1486/1223
f 1184/1487/1225 1177/1479/1218 1183/1484/1224
f 1185/1488/1226 1178/1477/1219 1184/1487/1225
f 1165/1461/1206 1186/1489/1227 1187/1490/1228
f 1188/1491/1229 1181/1492/1222 1187/1493/1228
f 1189/1494/1230 1182/1486/1223 1188/1491/1229
f 1190/1495/1231 1183/1484/1224 1189/1494/1230
f 1191/1496/1232 1184/1487/1225 1190/1495/1231
f 1166/1497/1208 1192/1498/1233 1193/1499/1234
f 1187/1493/1228 1194/1500/1235 1195/1501/1236
f 1196/1502/1237 1187/1493/1228 1195/1501/1236
f 1197/1503/1238 1188/1491/1229 1196/1502/1237
f 1198/1504/1239 1189/1494/1230 1197/1503/1238
f 1194/1505/1235 1186/1506/1227 1193/1507/1234
f 1200/1508/1240 1195/1501/1236 1199/1509/1241
f 1198/1504/1239 1196/1502/1237 1200/1508/1240
f 1153/1451/1196 1100/1382/1139 1095/1381/1138
f 1155/1455/1200 1159/1454/1199 1103/1386/1143
f 1155/1455/1200 1103/1386/1143 1100/1382/1139
f 1202/1510/1242 1104/1387/1142 1201/1511/1243
f 1201/1511/1243 1103/1512/1143 1203/1513/1244
f 1205/1514/1245 1159/1515/1199 1169/1516/1210
f 1206/1517/1246 1203/1513/1244 1205/1514/1245
f 1207/1518/1247 1169/1516/1210 1171/1519/1248
f 1208/1520/1249 1171/1519/1248 1175/1473/1216
f 1180/1481/1221 1208/1520/1249 1175/1473/1216
f 1209/1521/1250 1208/1520/1249 1180/1481/1221
f 1210/1522/1251 1185/1488/1226 1191/1496/1232
f 1211/1523/1252 1191/1496/1232 1198/1504/1239
f 1212/1524/1253 1207/1518/1247 1208/1520/1249
f 1215/1525/1254 1209/1521/1250 1185/1488/1226
f 1213/1526/1255 1211/1523/1252 1198/1504/1239
f 1214/1527/1256 1202/1510/1242 1204/1528/1257
f 1216/1529/1258 1109/1395/1149 1202/1510/1242
f 1217/1530/1259 1206/1517/1246 1207/1518/1247
f 1218/1531/1260 1207/1518/1247 1212/1524/1253
f 1219/1532/1261 1215/1525/1254 1210/1522/1251
f 1220/1533/1262 1214/1527/1256 1206/1517/1246
f 1221/1534/1263 1218/1531/1260 1209/1521/1250
f 1222/1535/1264 1209/1521/1250 1215/1525/1254
f 1223/1536/1265 1211/1523/1252 1213/1526/1255
f 1141/1433/1183 1147/1442/1189 1225/1537/1266
f 1226/1538/1267 1141/1433/1183 1225/1537/1266
f 1216/1529/1258 1148/1443/1190 1109/1395/1149
f 1216/1529/1258 1149/1445/1191 1148/1443/1190
f 1227/1539/1268 1150/1540/1192 1149/1445/1191
f 1228/1541/1269 1151/1542/1193 1150/1540/1192
f 1229/1543/1270 1225/1537/1266 1151/1448/1193
f 1214/1527/1256 1227/1539/1268 1216/1529/1258
f 1214/1527/1256 1228/1541/1269 1227/1539/1268
f 1230/1544/1271 1229/1543/1270 1151/1448/1193
f 1231/1545/1272 1226/1538/1267 1229/1543/1270
f 1226/1538/1267 1231/1545/1272 1232/1546/1273
f 1230/1547/1271 1220/1533/1262 1233/1548/1274
f 1229/1543/1270 1233/1549/1274 1234/1550/1275
f 1231/1545/1272 1234/1550/1275 1235/1551/1276
f 1217/1530/1259 1233/1548/1274 1220/1533/1262
f 1236/1552/1277 1234/1553/1275 1233/1548/1274
f 1237/1554/1278 1235/1555/1276 1234/1553/1275
f 1232/1556/1273 1235/1557/1276 1238/1558/1279
f 1218/1531/1260 1236/1552/1277 1217/1530/1259
f 1218/1531/1260 1237/1554/1278 1236/1552/1277
f 1239/1559/1280 1238/1560/1279 1237/1554/1278
f 1221/1534/1263 1239/1559/1280 1218/1531/1260
f 1221/1534/1263 1240/1561/1281 1239/1559/1280
f 1242/1562/1282 1219/1532/1261 1211/1523/1252
f 1224/1563/1283 1232/1546/1273 1243/1564/1284
f 1224/1563/1283 1243/1564/1284 1244/1565/1285
f 1224/1563/1283 1244/1565/1285 1245/1566/1286
f 1246/231/191 1224/1563/1283 1245/1566/1286
f 1247/1567/1287 1232/1546/1273 1238/1568/1279
f 1240/1561/1281 1247/1569/1287 1238/1560/1279
f 1243/1570/1284 1247/1571/1287 1248/1572/1288
f 1249/1573/1289 1243/1564/1284 1248/1574/1288
f 1250/1575/1290 1240/1561/1281 1241/1576/1291
f 1244/1565/1285 1249/1573/1289 1251/1577/1292
f 1244/1565/1285 1251/1577/1292 1252/1578/1293
f 1245/1566/1286 1252/1578/1293 1253/1579/1294
f 1245/1580/1286 1253/1581/1294 1254/1582/1295
f 1255/1583/1296 1245/1566/1286 1254/1584/1295
f 1250/1575/1290 1256/1585/1297 1248/1586/1288
f 1251/1587/1292 1256/1588/1297 1257/1589/1298
f 1258/1590/1299 1251/1577/1292 1257/1591/1298
f 1219/1532/1261 1257/1592/1300 1250/1575/1290
f 1259/1593/1301 1258/1594/1302 1257/1592/1300
f 1252/1595/1293 1258/1596/1299 1260/1597/1303
f 1261/1598/1304 1252/1599/1293 1260/1600/1303
f 1242/1562/1282 1259/1593/1301 1219/1532/1261
f 1242/1562/1282 1260/1601/1305 1259/1593/1301
f 1262/1602/1306 1261/1603/1307 1260/1601/1305
f 1253/1604/1294 1261/1605/1304 1263/1606/1308
f 1264/1607/1309 1253/1608/1294 1263/1609/1308
f 1223/1536/1265 1262/1602/1306 1242/1562/1282
f 1265/1610/1310 1263/1611/1311 1262/1602/1306
f 1266/1612/1312 1264/1613/1313 1263/1611/1311
f 1254/1582/1295 1264/1614/1309 1267/1615/1314
f 1268/1616/1315 1254/1584/1295 1267/1617/1314
f 742/1618/1316 712/901/738 1269/1619/1317
f 743/1620/1318 1269/1619/1317 712/901/738
f 1270/1621/1319 1272/1622/1320 744/938/770
f 1273/1623/1321 1270/1621/1319 1271/1624/1322
f 1277/1625/1323 1269/1619/1317 743/1620/1318
f 1281/1626/1324 1272/1622/1320 1273/1623/1321
f 1281/1626/1324 1279/1627/1325 1278/1628/1326
f 1282/1629/1327 1280/1630/1328 1279/1631/1325
f 1284/1632/1329 1273/1623/1321 1274/1633/1330
f 1284/1634/1329 1282/1629/1327 1281/1635/1324
f 1275/1636/1331 1284/1632/1329 1274/1633/1330
f 1276/1637/1332 1282/1629/1327 1275/1638/1331
f 1286/1639/1333 1277/1625/1323 1272/1622/1320
f 1287/1640/1334 1272/1622/1320 1278/1628/1326
f 1279/1627/1325 1287/1640/1334 1278/1628/1326
f 1280/1641/1328 1288/1642/1335 1279/1643/1325
f 1290/1644/1336 1277/1625/1323 1286/1639/1333
f 1293/1645/1337 1286/1639/1333 1287/1640/1334
f 1293/1646/1337 1291/1647/1338 1290/1648/1336
f 1288/1642/1335 1293/1646/1337 1287/1649/1334
f 1294/1650/1339 1288/1642/1335 1289/1651/1340
f 1295/1652/1341 1277/1625/1323 1290/1644/1336
f 1291/1647/1338 1295/1653/1342 1290/1648/1336
f 1292/1654/1343 1296/1655/1344 1291/1647/1338
f 1285/1656/1345 1299/1657/1346 1283/1658/1347
f 1285/1656/1345 1276/1637/1332 1298/1659/1348
f 401/163/131 1152/1449/1194 364/453/372
f 1299/1657/1346 1280/1630/1328 1283/1658/1347
f 1294/1650/1339 1302/1660/1349 1292/1654/1343
f 1294/1650/1339 1289/1651/1340 1301/1661/1350
f 1300/1662/1351 1292/1654/1343 1302/1660/1349
f 1285/1656/1345 1298/1659/1348 1303/1663/1352
f 1285/1656/1345 1304/1664/1353 1299/1657/1346
f 1306/1665/1354 1301/1661/1350 1280/1641/1328
f 1306/1666/1354 1299/1657/1346 1304/1664/1353
f 1307/1667/1355 1309/1668/1356 1302/1660/1349
f 1309/1668/1356 1308/1669/1357 1302/1660/1349
f 1311/1670/1358 1310/1671/1359 1306/1665/1354
f 1310/1671/1359 1307/1667/1355 1301/1661/1350
f 1305/1672/1360 1312/1673/1361 1304/1664/1353
f 1311/1674/1358 1304/1664/1353 1312/1673/1361
f 1315/1675/1362 1308/1669/1357 1309/1668/1356
f 774/973/801 795/1005/823 1317/1676/1363
f 790/998/817 796/1006/824 1318/1677/1364
f 1320/1678/1365 797/1007/825 1319/1679/1366
f 1322/1680/1367 1318/1677/1364 1321/1681/1368
f 1323/1682/1369 1319/1679/1366 1322/1680/1367
f 1324/1683/1370 1319/1679/1366 1323/1682/1369
f 1326/1684/1371 796/1006/824 1325/1685/1372
f 1327/1686/1373 1321/1681/1368 1326/1684/1371
f 1330/1687/1374 1322/1680/1367 1327/1686/1373
f 1331/1688/1375 1328/1689/1376 1314/1690/1377
f 1332/1691/1378 1328/1689/1376 1331/1688/1375
f 1333/1692/1379 1329/1693/1380 1332/1691/1378
f 1333/1694/1379 1323/1682/1369 1330/1687/1374
f 1335/1695/1381 1317/1676/1363 1334/1696/1382
f 1336/1697/1383 1325/1685/1372 1335/1695/1381
f 1338/1698/1384 1326/1684/1371 1336/1697/1383
f 1328/1689/1376 1311/1674/1358 1312/1673/1361
f 1339/1699/1385 1310/1671/1359 1311/1670/1358
f 1339/1700/1385 1328/1689/1376 1329/1693/1380
f 1340/1701/1386 1337/1702/1387 1339/1700/1385
f 1340/1703/1386 1329/1704/1380 1330/1705/1374
f 1340/1706/1386 1327/1686/1373 1338/1698/1384
f 1343/1707/1388 1335/1695/1381 1341/1708/1389
f 1344/1709/1390 1315/1675/1362 1307/1667/1355
f 1344/1709/1390 1310/1671/1359 1337/1710/1387
f 1345/1711/1391 1342/1712/1392 1344/1709/1390
f 1345/1711/1391 1337/1710/1387 1338/1713/1384
f 1345/1714/1391 1336/1697/1383 1343/1707/1388
f 1347/1715/1393 1315/1675/1362 1342/1712/1392
f 1348/1716/1394 1342/1712/1392 1343/1717/1388
f 1348/1718/1395 1341/1708/1389 1346/1719/1396
f 1270/1621/1319 741/937/769 835/1056/867
f 811/1021/839 1349/1720/1397 831/1721/863
f 835/1056/867 1350/1722/1398 1270/1621/1319
f 836/1057/868 1350/1722/1398 835/1056/867
f 838/1071/881 1351/1723/1399 811/1021/839
f 1271/1624/1322 1270/1621/1319 1350/1722/1398
f 836/1057/868 1353/1724/1400 1350/1722/1398
f 1354/1725/1401 1275/1638/1331 1274/1726/1330
f 1355/1727/1402 1276/1637/1332 1275/1638/1331
f 1352/1728/1403 1354/1729/1401 1271/1624/1322
f 1357/1730/1404 1355/1727/1402 1354/1725/1401
f 1359/1731/1405 1355/1727/1402 1358/1732/1406
f 1353/1724/1400 1357/1733/1404 1352/1728/1403
f 1361/1734/1407 1357/1730/1404 1360/1735/1408
f 1362/1736/1409 1358/1732/1406 1361/1734/1407
f 836/1057/868 1363/1737/1410 1353/1724/1400
f 837/1058/869 1364/1738/1411 836/1057/868
f 1362/1736/1409 1361/1734/1407 1366/1739/1412
f 1363/1737/1410 1365/1740/1413 1360/1741/1408
f 1368/1742/1414 1365/1743/1413 1367/1744/1415
f 1369/1745/1416 1361/1734/1407 1368/1742/1414
f 1364/1738/1411 1367/1746/1415 1363/1737/1410
f 1371/1747/1417 1367/1744/1415 1370/1748/1418
f 1372/1749/1419 1368/1742/1414 1371/1747/1417
f 837/1058/869 1370/1750/1418 1364/1738/1411
f 1349/1751/1397 1373/1752/1420 837/1058/869
f 1372/1749/1419 1371/1747/1417 1375/1753/1421
f 1373/1752/1420 1374/1754/1422 1370/1750/1418
f 1377/1755/1423 1374/1754/1422 1376/1756/1424
f 1378/1757/1425 1371/1758/1417 1377/1759/1423
f 1349/1751/1397 1376/1756/1424 1373/1752/1420
f 1377/1759/1423 1379/1760/1426 1380/1761/1427
f 1378/1757/1425 1380/1761/1427 1381/1762/1428
f 1349/1751/1397 1379/1763/1429 1376/1756/1424
f 1351/1723/1399 1382/1764/1430 1349/1720/1397
f 1380/1761/1427 1379/1760/1426 1383/1765/1431
f 1384/1766/1432 1380/1761/1427 1383/1765/1431
f 1385/1767/1433 1351/1723/1399 838/1071/881
f 1386/1768/1434 1387/1769/1435 841/1070/880
f 1356/1770/1436 1298/1659/1348 1276/1637/1332
f 1389/1771/1437 1356/1770/1436 1359/1731/1405
f 1390/1772/1438 1389/1771/1437 1362/1736/1409
f 1391/1773/1439 1375/1753/1421 1392/1774/1440
f 1393/1775/1441 1375/1776/1421 1378/1757/1425
f 1393/1775/1441 1381/1762/1428 1394/1777/1442
f 1397/1778/1443 1394/1777/1442 1384/1766/1432
f 1395/1779/1444 838/1071/881 1387/1769/1435
f 1399/1780/1445 1388/1781/1446 1389/1771/1437
f 1400/1782/1447 1390/1772/1438 1366/1739/1412
f 1401/1783/1448 1400/1782/1447 1369/1745/1416
f 1409/1784/1449 1369/1745/1416 1391/1773/1439
f 1403/1785/1450 1409/1784/1449 1392/1774/1440
f 1402/1104/912 1404/1786/1451 1386/1768/1434
f 1403/1787/1450 1393/1775/1441 1405/1788/1452
f 1406/1789/1453 1405/1788/1452 1393/1775/1441
f 1404/1786/1451 1396/1790/1454 1387/1769/1435
f 1402/1104/912 1386/1768/1434 846/1078/888
f 1398/1791/1455 1303/1663/1352 1298/1659/1348
f 1408/1792/1456 1390/1772/1438 1400/1782/1447
f 1410/1793/1457 1398/1791/1455 1399/1780/1445
f 1410/1793/1457 1390/1772/1438 1411/1794/1458
f 1412/1795/1459 1408/1792/1456 1401/1783/1448
f 1413/1796/1460 1408/1792/1456 1412/1795/1459
f 1406/1789/1453 1397/1778/1443 1414/1797/1461
f 1416/1798/1462 1398/1791/1455 1410/1793/1457
f 1303/1663/1352 1398/1791/1455 1415/1799/1463
f 1417/1800/1464 1410/1793/1457 1411/1794/1458
f 1418/1801/1465 1411/1794/1458 1408/1792/1456
f 1404/1786/1451 1407/1802/1466 1396/1790/1454
f 1303/1663/1352 1313/1803/1467 1305/1672/1360
f 1421/1804/1468 1417/1800/1464 1418/1801/1465
f 1422/1805/1469 1413/1796/1460 1409/1784/1449
f 1403/1785/1450 1422/1805/1469 1409/1784/1449
f 1420/1806/1470 1314/1690/1377 1313/1803/1467
f 1425/1807/1471 1416/1798/1462 1417/1800/1464
f 1423/1808/1472 1425/1807/1471 1426/1809/1473
f 1423/1808/1472 1424/1810/1474 1415/1799/1463
f 1427/1811/1475 1425/1807/1471 1421/1804/1468
f 1428/1812/1476 1427/1811/1475 1413/1796/1460
f 1429/1813/1477 1413/1796/1460 1422/1805/1469
f 1430/1814/1478 1429/1813/1477 1422/1805/1469
f 881/1087/896 1691/1161/955 1402/1104/912
f 1430/1815/1478 1405/1788/1452 1431/1816/1479
f 1419/1817/1480 1431/1816/1479 1405/1788/1452
f 1402/1104/912 1693/1818/1481 1404/1786/1451
f 1691/1161/955 1693/1818/1481 1402/1104/912
f 1432/1819/1482 919/1158/952 1433/1820/1483
f 922/1162/956 1320/1678/1365 1434/1821/1484
f 1435/1822/1485 1320/1678/1365 1324/1683/1370
f 1434/1821/1484 1435/1822/1485 1436/1823/1486
f 923/1163/957 1436/1823/1486 1437/1824/1487
f 1438/1825/1488 1314/1690/1377 1424/1810/1474
f 1439/1826/1489 1331/1688/1375 1438/1825/1488
f 1440/1827/1490 1332/1691/1378 1439/1826/1489
f 1440/1828/1490 1324/1683/1370 1333/1694/1379
f 1426/1809/1473 1438/1825/1488 1424/1810/1474
f 1441/1829/1491 1439/1826/1489 1438/1825/1488
f 1442/1830/1492 1440/1827/1490 1439/1826/1489
f 1443/1831/1493 1324/1683/1370 1440/1828/1490
f 1427/1811/1475 1441/1829/1491 1426/1809/1473
f 1444/1832/1494 1442/1830/1492 1441/1829/1491
f 1445/1833/1495 1443/1834/1493 1442/1830/1492
f 1435/1822/1485 1443/1831/1493 1446/1835/1496
f 1447/1836/1497 1427/1811/1475 1428/1812/1476
f 1447/1836/1497 1445/1833/1495 1444/1832/1494
f 1448/1837/1498 1446/1838/1496 1445/1833/1495
f 1436/1823/1486 1446/1835/1496 1449/1839/1499
f 1437/1824/1487 1449/1839/1499 1450/1840/1500
f 1433/1820/1483 1450/1840/1500 1451/1841/1501
f 1448/1837/1498 1447/1836/1497 1429/1813/1477
f 1430/1814/1478 1448/1837/1498 1429/1813/1477
f 1453/1842/1502 1452/1843/1503 1448/1837/1498
f 1450/1840/1500 1452/1844/1503 1454/1845/1504
f 1451/1841/1501 1454/1845/1504 1455/1846/1505
f 1456/1847/1506 925/1166/959 1432/1848/1482
f 1432/1819/1482 1455/1846/1507 1456/1849/1506
f 1457/1850/1508 1430/1815/1478 1431/1816/1479
f 1458/1851/1509 1453/1852/1502 1457/1850/1508
f 1457/1850/1508 1431/1816/1479 1419/1817/1480
f 1455/1846/1505 1458/1853/1509 1459/1854/1510
f 1460/1855/1511 1419/1817/1480 1414/1797/1461
f 1461/1856/1512 1457/1850/1508 1460/1855/1511
f 1463/1857/1513 1269/1619/1317 1277/1625/1323
f 1464/1858/1514 1277/1625/1323 1295/1652/1341
f 1296/1655/1344 1464/1859/1515 1295/1653/1342
f 1297/1860/1516 1465/1861/1517 1296/1655/1344
f 1468/1862/1518 1464/1859/1515 1465/1861/1517
f 1466/1863/1519 1468/1862/1518 1465/1861/1517
f 401/163/131 739/1864/766 1152/1449/1194
f 1467/1865/1520 1470/1866/1521 1463/1857/1513
f 1472/1867/1522 1467/1868/1523 1468/1862/1518
f 1473/1869/1524 1468/1862/1518 1469/1870/1525
f 1472/1867/1522 1473/1869/1524 1475/1871/1526
f 1474/1872/1527 1476/1873/1528 1471/1874/1529
f 1478/1875/1530 1474/1876/1527 1472/1867/1522
f 1479/1877/1531 1472/1867/1522 1475/1871/1526
f 1480/1878/1532 1478/1879/1530 1481/1880/1533
f 1481/1880/1533 1479/1881/1531 1482/1882/1534
f 1476/1873/1528 1483/1883/1535 1470/1866/1521
f 1477/1884/1536 1484/1885/1537 1476/1873/1528
f 1480/1886/1532 1485/1887/1538 1477/1884/1536
f 1487/1888/1539 1481/1880/1533 1482/1882/1534
f 1488/1889/1540 1481/1880/1533 1489/1890/1541
f 1489/1890/1541 1487/1888/1539 1490/1891/1542
f 739/1864/766 1492/1892/1543 1491/1893/1544
f 742/1618/1316 1492/1894/1543 739/932/766
f 1483/1883/1535 1493/1895/1545 1462/1896/1546
f 1484/1885/1537 1494/1897/1547 1483/1883/1535
f 1485/1887/1538 1495/1898/1548 1484/1885/1537
f 1486/1899/1549 1495/1898/1548 1485/1887/1538
f 1488/1900/1550 1496/1901/1551 1486/1899/1549
f 1491/1893/1544 1498/1902/1552 1499/1903/1553
f 1493/1904/1545 1500/1905/1554 1501/1906/1555
f 1493/1895/1545 1498/1907/1552 1492/1894/1543
f 1502/1908/1556 1498/1909/1552 1501/1910/1555
f 1494/1897/1547 1500/1911/1554 1493/1895/1545
f 1504/1912/1557 1500/1913/1554 1503/1914/1558
f 1505/1915/1559 1501/1910/1555 1504/1912/1557
f 1495/1898/1548 1503/1916/1558 1494/1897/1547
f 1507/1917/1560 1503/1914/1558 1506/1918/1561
f 1508/1919/1562 1504/1912/1557 1507/1917/1560
f 1496/1901/1551 1506/1920/1561 1495/1898/1548
f 1509/1921/1563 1507/1917/1560 1506/1918/1561
f 1466/1863/1519 1297/1860/1516 1300/1662/1351
f 1482/1882/1534 1510/1922/1564 1511/1923/1565
f 1512/1924/1566 1482/1882/1534 1511/1923/1565
f 1490/1891/1542 1487/1888/1539 1512/1924/1566
f 1152/1449/1194 1491/1893/1544 1167/1464/1209
f 1167/1464/1209 1497/1925/1567 1514/1926/1568
f 1515/1927/1569 1192/1928/1233 1514/1929/1568
f 1517/1930/1570 1497/1931/1567 1499/1932/1553
f 1518/1933/1571 1514/1929/1568 1517/1930/1570
f 1518/1933/1571 1516/1934/1572 1515/1927/1569
f 1519/1935/1573 1499/1932/1553 1502/1908/1556
f 1520/1936/1574 1517/1930/1570 1519/1935/1573
f 1520/1936/1574 1516/1934/1572 1518/1933/1571
f 1521/1937/1575 1502/1908/1556 1505/1915/1559
f 1520/1936/1574 1519/1935/1573 1521/1937/1575
f 1521/1937/1575 1505/1915/1559 1508/1919/1562
f 1199/1509/1241 1193/1938/1234 1515/1927/1569
f 1516/1934/1572 1199/1509/1241 1515/1927/1569
f 1523/1939/1576 1524/1940/1577 1466/1863/1519
f 1524/1940/1577 1473/1869/1524 1469/1870/1525
f 1475/1871/1526 1473/1869/1524 1525/1941/1578
f 1525/1941/1578 1510/1942/1564 1475/1871/1526
f 1513/1943/1579 1512/1924/1566 1526/1944/1580
f 1308/1669/1357 1523/1939/1576 1300/1662/1351
f 1530/1945/1581 1526/1944/1580 1529/1946/1582
f 1530/1945/1581 1531/1947/1583 1528/1948/1584
f 1535/1949/1585 1510/1922/1564 1534/1950/1586
f 1529/1946/1582 1511/1923/1565 1535/1949/1585
f 1687/1951/1587 1580/1952/1588 1516/1934/1572
f 1525/1941/1578 1533/1953/1589 1536/1954/1590
f 1536/1954/1590 1534/1955/1586 1525/1941/1578
f 1530/1945/1581 1529/1946/1582 1537/1956/1591
f 1316/1957/1592 1523/1939/1576 1308/1669/1357
f 1539/1958/1593 1523/1939/1576 1538/1959/1594
f 1540/1960/1595 1524/1940/1577 1539/1958/1593
f 1540/1960/1595 1536/1954/1590 1533/1953/1589
f 1534/1955/1586 1536/1954/1590 1542/1961/1596
f 1542/1962/1596 1543/1963/1597 1534/1950/1586
f 1537/1956/1591 1535/1949/1585 1543/1963/1597
f 1545/1964/1598 1537/1956/1591 1544/1965/1599
f 1532/1966/1600 1530/1945/1581 1545/1964/1598
f 1580/1952/1588 1223/1536/1265 1516/1934/1572
f 1334/1696/1382 795/1005/823 1546/1967/1601
f 1547/1968/1602 1316/1957/1592 1347/1715/1393
f 1548/1969/1603 1347/1715/1393 1348/1716/1394
f 1334/1696/1382 1546/1967/1601 1549/1970/1604
f 1346/1719/1396 1549/1970/1604 1550/1971/1605
f 1551/1972/1606 1538/1959/1594 1547/1968/1602
f 1552/1973/1607 1547/1968/1602 1548/1969/1603
f 1548/1974/1608 1550/1971/1605 1552/1975/1607
f 1551/1972/1606 1540/1960/1595 1539/1958/1593
f 1552/1973/1607 1553/1976/1609 1551/1972/1606
f 1552/1975/1607 1550/1971/1605 1554/1977/1610
f 1550/1971/1605 1549/1970/1604 1555/1978/1611
f 1553/1976/1609 1541/1979/1612 1540/1960/1595
f 1554/1980/1610 1556/1981/1613 1553/1976/1609
f 1554/1977/1610 1555/1978/1611 1557/1982/1614
f 1558/1983/1615 1541/1979/1612 1556/1981/1613
f 1559/1984/1616 1556/1985/1613 1557/1986/1614
f 1555/1978/1611 1549/1970/1604 1560/1987/1617
f 1561/1988/1618 1555/1978/1611 1560/1987/1617
f 1558/1989/1615 1543/1963/1597 1542/1962/1596
f 1559/1990/1616 1561/1988/1618 1562/1991/1619
f 1563/1992/1620 1543/1963/1597 1558/1989/1615
f 1564/1993/1621 1558/1989/1615 1562/1994/1619
f 1565/1995/1622 1544/1965/1599 1563/1992/1620
f 1566/1996/1623 1563/1992/1620 1564/1993/1621
f 1561/1988/1618 1568/1997/1624 1569/1998/1625
f 1562/1991/1619 1569/1998/1625 1570/1999/1626
f 1564/2000/1621 1570/1999/1626 1571/2001/1627
f 1565/1995/1622 1532/1966/1600 1545/1964/1598
f 1566/2002/1623 1571/2001/1627 1572/2003/1628
f 1573/2004/1629 1246/231/191 1255/1583/1296
f 1574/2005/1630 1567/1002/820 1573/2006/1629
f 1575/2007/1631 1546/1967/1601 1574/2005/1630
f 1576/2008/1632 1549/1970/1604 1575/2007/1631
f 1577/2009/1633 1568/1997/1624 1576/2008/1632
f 1570/1999/1626 1577/2009/1633 1578/2010/1634
f 1571/2001/1627 1578/2010/1634 1579/2011/1635
f 1580/1952/1588 1265/1610/1310 1223/1536/1265
f 1580/1952/1588 1266/1612/1312 1265/1610/1310
f 1581/2012/1636 1267/2013/1637 1266/1612/1312
f 1582/2014/1638 1268/2015/1639 1267/2013/1637
f 1255/2016/1296 1268/2017/1315 1583/2018/1640
f 1584/2019/1641 1255/2020/1296 1583/2021/1640
f 1585/2022/1642 1582/2014/1638 1581/2012/1636
f 1585/2022/1642 1583/2023/1643 1582/2014/1638
f 1586/2024/1644 1584/2025/1645 1583/2023/1643
f 1573/2026/1629 1584/2027/1641 1587/2028/1646
f 1588/2029/1647 1573/2030/1629 1587/2031/1646
f 1589/2032/1648 1585/2022/1642 1580/1952/1588
f 1589/2032/1648 1586/2024/1644 1585/2022/1642
f 1590/2033/1649 1587/2034/1646 1586/2024/1644
f 1591/2035/1650 1588/2036/1647 1587/2034/1646
f 1592/2037/1651 1574/2005/1630 1588/2038/1647
f 1589/2032/1648 1591/2035/1650 1590/2033/1649
f 1593/2039/1652 1592/2040/1653 1591/2035/1650
f 1594/2041/1654 1575/2007/1631 1592/2037/1651
f 1595/2042/1655 1576/2008/1632 1594/2041/1654
f 1687/1951/1587 1589/2032/1648 1580/1952/1588
f 1700/2043/1656 1593/2039/1652 1589/2032/1648
f 1579/2011/1657 1595/2042/1655 1596/2044/1658
f 1598/2045/1659 1379/1760/1426 1597/2046/1660
f 1599/2047/1661 1383/1765/1431 1598/2045/1659
f 1382/2048/1662 1597/2049/1663 1379/1763/1429
f 1600/2050/1664 1382/1764/1430 1351/1723/1399
f 1602/2051/1665 1597/2046/1660 1601/2052/1666
f 1603/2053/1667 1598/2045/1659 1602/2051/1665
f 1606/2054/1668 1601/2052/1666 1608/2055/1669
f 1609/2056/1670 1606/2054/1668 1607/2057/1671
f 1609/2056/1670 1602/2051/1665 1606/2054/1668
f 1610/2058/1672 1601/2059/1673 1382/2048/1662
f 1615/2060/1674 1611/2061/1675 1612/2062/1676
f 1615/2063/1674 1605/2064/1677 1614/2065/1678
f 1616/2066/1679 1612/2067/1676 1613/2068/1680
f 1616/2066/1679 1606/2054/1668 1615/2063/1674
f 1617/2069/1681 1605/2070/1682 1608/2071/1683
f 1618/2072/1684 1610/2073/1672 1600/2050/1664
f 1619/2074/1685 1489/1890/1541 1620/2075/1686
f 1620/2075/1686 1490/1891/1542 1621/2076/1687
f 1625/2077/1688 1622/2078/1689 1623/2079/1690
f 1626/2080/1691 1624/2081/1692 1622/2078/1689
f 1626/2082/1691 1611/2083/1675 1624/2084/1692
f 1627/2085/1693 1622/2078/1689 1625/2077/1688
f 1627/2085/1693 1612/2062/1676 1626/2080/1691
f 1628/2086/1694 1611/2087/1695 1614/2088/1696
f 1629/2089/1697 1614/2088/1696 1617/2069/1681
f 1630/2090/1698 1617/2069/1681 1610/2058/1672
f 1631/2091/1699 1618/2072/1684 1604/2092/1700
f 1619/2093/1685 1496/1901/1551 1488/1900/1550
f 1633/2094/1701 1620/2075/1686 1634/2095/1702
f 1623/2079/1690 1622/2078/1689 1634/2095/1702
f 1623/2079/1690 1620/2075/1686 1621/2076/1687
f 1635/2096/1703 1633/2097/1701 1634/2098/1702
f 1635/2096/1703 1624/2099/1692 1633/2097/1701
f 1636/2100/1704 1624/2099/1692 1628/2086/1694
f 1637/2101/1705 1628/2086/1694 1629/2089/1697
f 1638/2102/1706 1629/2089/1697 1630/2090/1698
f 1639/2103/1707 1630/2104/1698 1618/2072/1684
f 1640/2105/1708 1618/2072/1684 1631/2091/1699
f 1509/2106/1563 1496/1901/1551 1632/2107/1709
f 1633/2097/1701 1509/2106/1563 1632/2107/1709
f 1642/2108/1710 1507/1917/1560 1509/1921/1563
f 1642/2109/1710 1633/2097/1701 1636/2100/1704
f 1641/2110/1711 1507/1917/1560 1643/2111/1712
f 1643/2111/1712 1642/2108/1710 1644/2112/1713
f 1646/2113/1714 1636/2100/1704 1637/2101/1705
f 1647/2114/1715 1644/2112/1713 1646/2115/1714
f 1648/2116/1716 1643/2111/1712 1647/2114/1715
f 1649/2117/1717 1637/2101/1705 1638/2102/1706
f 1649/2118/1717 1647/2114/1715 1646/2115/1714
f 1639/2103/1707 1649/2119/1717 1638/2120/1706
f 1650/2121/1718 1648/2116/1716 1647/2114/1715
f 1651/2122/1719 1639/2103/1707 1640/2105/1708
f 1652/2123/1720 1385/1767/1433 1395/1779/1444
f 1652/2123/1720 1604/2092/1700 1385/1767/1433
f 1653/2124/1721 1654/2125/1722 1652/2123/1720
f 1657/2126/1723 1490/1891/1542 1513/1943/1579
f 1623/2079/1690 1656/2127/1724 1658/2128/1725
f 1660/2129/1726 1623/2079/1690 1658/2128/1725
f 1627/2085/1693 1625/2077/1688 1660/2129/1726
f 1661/2130/1727 1604/2092/1700 1654/2125/1722
f 1663/2131/1728 1656/2127/1724 1657/2126/1723
f 1658/2128/1725 1663/2131/1728 1664/2132/1729
f 1665/2133/1730 1631/2091/1699 1661/2130/1727
f 1662/2134/1731 1666/2135/1732 1661/2130/1727
f 1641/2110/1711 1521/1937/1575 1508/1919/1562
f 1645/2136/1733 1522/2137/1734 1641/2110/1711
f 1669/2138/1735 1645/2136/1733 1648/2116/1716
f 1651/2122/1719 1640/2105/1708 1665/2133/1730
f 1671/2139/1736 1648/2116/1716 1651/2140/1719
f 1666/2135/1732 1671/2141/1736 1665/2133/1730
f 1671/2139/1736 1670/2142/1737 1669/2138/1735
f 1672/2143/1738 1666/2135/1732 1667/2144/1739
f 1673/2145/1740 1522/2137/1734 1668/2146/1741
f 1674/2147/1742 1668/2146/1741 1670/2142/1737
f 1675/2148/1743 1670/2142/1737 1671/2139/1736
f 1672/2143/1738 1675/2149/1743 1671/2141/1736
f 1407/1802/1466 1652/2123/1720 1395/1779/1444
f 1599/2047/1661 1603/2053/1667 1677/2150/1744
f 1655/2151/1745 1653/2124/1721 1678/2152/1746
f 1616/2066/1679 1613/2068/1680 1680/2153/1747
f 1681/2154/1748 1607/2057/1671 1616/2066/1679
f 1660/2129/1726 1659/2155/1749 1683/2156/1750
f 1627/2085/1693 1683/2156/1750 1684/2157/1751
f 1684/2157/1751 1680/2158/1747 1627/2085/1693
f 1663/2131/1728 1657/2126/1723 1531/1947/1583
f 1664/2132/1729 1663/2131/1728 1685/2159/1752
f 1688/2160/1753 1673/2145/1740 1674/2147/1742
f 1686/2161/1754 1676/2162/1755 1672/2143/1738
f 1397/1778/1443 1599/2047/1661 1689/2163/1756
f 1609/2056/1670 1679/2164/1757 1690/2165/1758
f 1677/2150/1744 1609/2056/1670 1690/2165/1758
f 1531/1947/1583 1513/1943/1579 1528/1948/1584
f 1691/1161/955 1662/2134/1731 1654/2125/1722
f 1692/2166/1759 1682/2167/1760 1664/2132/1729
f 1689/2163/1756 1677/2150/1744 1694/2168/1761
f 1678/2152/1746 1652/2123/1720 1693/1818/1481
f 1691/1161/955 1655/2151/1745 1678/2152/1746
f 1697/2169/1762 1531/1947/1583 1532/1966/1600
f 1698/2170/1763 1682/2167/1760 1692/2166/1759
f 1696/2171/1764 1667/2144/1739 1662/2134/1731
f 1700/2043/1656 1687/1951/1587 1522/2137/1734
f 1701/2172/1765 1700/2043/1656 1673/2145/1740
f 1702/2173/1766 1688/2160/1753 1676/2174/1755
f 1699/2175/1767 1676/2162/1755 1686/2161/1754
f 1704/2176/1768 1679/2164/1757 1681/2154/1748
f 1691/1161/955 1678/2152/1746 1703/2177/1769
f 1684/2157/1751 1683/2156/1750 1705/2178/1770
f 1705/2178/1770 1695/2179/1771 1684/2157/1751
f 1706/2180/1772 1699/2175/1767 1667/2144/1739
f 1404/1786/1451 1693/1818/1481 1407/1802/1466
f 1690/2165/1758 1679/2164/1757 1707/2181/1773
f 1707/2181/1773 1694/2168/1761 1690/2165/1758
f 1710/2182/1774 1697/2169/1762 1709/2183/1775
f 1712/2184/1776 1701/2172/1765 1688/2160/1753
f 1713/2185/1777 1712/2184/1776 1702/2173/1766
f 1711/2186/1778 1713/2187/1777 1699/2175/1767
f 1689/2163/1756 1694/2168/1761 1714/2188/1779
f 1705/2178/1770 1708/2189/1780 1717/2190/1781
f 1717/2190/1781 1695/2179/1771 1705/2178/1770
f 1698/2170/1763 1710/2182/1774 1718/2191/1782
f 1718/2191/1782 1708/2189/1780 1698/2170/1763
f 1719/2192/1783 1711/2186/1778 1706/2180/1772
f 1720/2193/1784 1700/2043/1656 1701/2172/1765
f 1414/1797/1461 1689/2163/1756 1721/2194/1785
f 1722/2195/1786 1414/1797/1461 1721/2194/1785
f 1723/2196/1787 1460/1855/1511 1722/2195/1786
f 1724/2197/1788 925/1166/959 1456/1847/1506
f 1456/1849/1506 1723/2198/1789 1724/2199/1790
f 1722/2195/1786 1714/2188/1779 1725/2200/1791
f 1723/2196/1787 1725/2200/1791 1726/2201/1792
f 1724/2197/1788 1727/2202/1793 925/1166/959
f 1724/2199/1790 1723/2198/1789 1726/2203/1794
f 1725/2200/1791 1707/2181/1773 1728/2204/1795
f 1728/2204/1795 1729/2205/1796 1730/2206/1797
f 1726/2201/1792 1728/2204/1795 1730/2206/1797
f 1731/2207/1798 1726/2203/1794 1730/2208/1799
f 1704/2176/1768 1732/2209/1800 1734/2210/1801
f 1728/2204/1795 1704/2176/1768 1734/2210/1801
f 1734/2211/1801 1733/2212/1802 1735/2213/1803
f 1729/2205/1796 1734/2210/1801 1735/2214/1803
f 1736/2215/1804 1729/2216/1796 1735/2217/1803
f 1731/2207/1798 1730/2208/1799 1736/2215/1805
f 1717/2190/1781 1737/2218/1806 1732/2219/1800
f 1733/2220/1802 1732/2209/1800 1738/2221/1807
f 1739/2222/1808 1733/2223/1802 1738/2224/1807
f 1740/2225/1809 1735/2217/1803 1739/2222/1808
f 924/1164/958 1696/2171/1764 1691/1161/955
f 1731/2226/1810 1741/2227/1811 1727/2202/1793
f 1742/2228/1812 1736/2215/1805 1740/2225/1809
f 1743/2229/1813 1532/1966/1600 1565/1995/1622
f 1744/2230/1814 1565/1995/1622 1572/2231/1628
f 1710/2182/1774 1743/2229/1813 1745/2232/1815
f 1745/2232/1815 1744/2230/1814 1746/2233/1816
f 1718/2191/1782 1745/2232/1815 1737/2218/1806
f 1737/2218/1806 1746/2233/1816 1747/2234/1817
f 1738/2235/1807 1737/2218/1806 1747/2234/1817
f 1748/2236/1818 1738/2224/1807 1747/2237/1817
f 1749/2238/1819 1738/2224/1807 1748/2236/1818
f 1750/2239/1820 1739/2222/1808 1749/2238/1819
f 924/1164/958 1719/2192/1783 1696/2171/1764
f 1741/2227/1811 1719/2192/1783 924/1164/958
f 1751/2240/1821 1740/2225/1809 1750/2239/1820
f 1744/2241/1822 1579/2011/1635 1752/2242/1823
f 1753/2243/1824 1746/2244/1825 1752/2242/1823
f 1754/2245/1826 1748/2236/1818 1753/2243/1824
f 1755/2246/1827 1749/2238/1819 1754/2245/1826
f 1756/2247/1828 1719/2192/1783 1741/2227/1811
f 1757/2248/1829 1741/2227/1811 1751/2249/1821
f 1757/2250/1829 1750/2239/1820 1755/2246/1827
f 1752/2242/1830 1596/2044/1658 1758/2251/1831
f 1687/1951/1587 1700/2043/1656 1589/2032/1648
f 1759/2252/1832 1758/2253/1831 1593/2039/1652
f 1759/2252/1832 1700/2043/1656 1720/2193/1784
f 1760/2254/1833 1753/2243/1834 1758/2251/1831
f 1761/2255/1835 1720/2193/1784 1712/2184/1776
f 1762/2256/1836 1759/2252/1832 1761/2255/1835
f 1755/2246/1827 1760/2254/1833 1762/2257/1836
f 1763/2258/1837 1712/2184/1776 1713/2185/1777
f 1763/2259/1837 1711/2186/1778 1756/2247/1828
f 1764/2260/1838 1761/2255/1835 1763/2258/1837
f 1764/2261/1838 1756/2247/1828 1757/2248/1829
f 1764/2262/1838 1755/2246/1827 1762/2257/1836
f 137/1/1 7/2263/16 2/2/2
f 8/4/4 137/1/1 3/3/3
f 3/8/3 2/22/2 13/9/8
f 4/11/5 14/10/9 9/12/10
f 15/18/12 4/11/5 10/13/11
f 16/21/15 7/23/16 6/177/143
f 16/21/15 13/9/8 2/22/2
f 22/24/17 10/13/11 9/12/10
f 11/19/13 22/24/17 17/26/19
f 23/28/21 11/19/13 18/27/20
f 23/28/21 12/20/14 11/19/13
f 24/31/24 14/10/9 13/9/8
f 24/31/24 21/25/18 9/12/10
f 25/32/25 24/31/24 13/9/8
f 30/33/26 18/27/20 17/26/19
f 19/29/22 30/33/26 26/35/28
f 20/30/23 19/29/22 27/36/29
f 31/38/31 22/24/17 21/25/18
f 31/38/31 29/34/27 17/26/19
f 32/39/32 31/38/31 21/25/18
f 35/40/33 30/33/26 29/34/27
f 35/40/33 33/285/230 26/35/28
f 36/41/34 35/40/33 29/34/27
f 32/39/32 36/41/34 31/38/31
f 23/28/21 20/30/23 38/46/38
f 37/51/35 12/20/14 23/28/21
f 20/30/23 28/37/30 39/44/36
f 34/52/43 39/44/36 28/37/30
f 43/47/39 8/4/4 5/7/7
f 41/58/49 1/6/6 43/47/39
f 45/49/41 15/17/12 37/43/35
f 42/48/40 5/7/7 45/49/41
f 44/54/45 228/53/44 48/2264/1839
f 42/48/40 45/49/41 49/56/47
f 50/57/48 43/47/39 42/48/40
f 52/59/50 37/51/35 46/50/42
f 52/61/50 49/56/47 45/49/41
f 51/60/51 46/50/42 38/46/38
f 51/60/51 38/46/38 47/55/46
f 51/60/51 47/55/46 53/63/53
f 53/63/53 47/55/46 54/62/52
f 44/54/45 48/2264/1839 56/65/55
f 54/62/52 39/44/36 44/54/45
f 54/62/52 56/65/55 314/66/56
f 50/57/48 49/56/47 62/71/61
f 59/72/58 62/84/61 63/73/62
f 59/72/58 64/74/63 58/76/59
f 66/77/65 60/2265/60 58/76/59
f 61/78/66 60/2265/60 66/77/65
f 52/59/50 51/60/51 68/80/68
f 49/81/47 68/80/68 69/82/69
f 71/85/71 63/73/62 62/84/61
f 72/86/72 64/74/63 63/73/62
f 65/75/64 64/74/63 72/86/72
f 73/87/73 66/77/65 65/75/64
f 67/79/67 66/77/65 73/87/73
f 68/80/68 51/60/51 53/63/53
f 69/82/69 68/80/68 74/88/74
f 76/90/76 70/83/70 69/82/69
f 71/85/71 70/83/70 76/90/76
f 77/91/77 72/86/72 71/85/71
f 73/87/73 72/86/72 77/91/77
f 79/93/79 74/88/74 55/64/54
f 75/89/75 74/88/74 79/93/79
f 80/95/81 76/90/76 75/89/75
f 82/92/78 77/91/77 76/90/76
f 84/97/83 78/94/80 55/64/54
f 85/98/84 79/93/79 78/94/80
f 81/96/82 80/95/81 79/93/79
f 91/100/86 90/107/93 86/101/87
f 92/103/89 91/100/86 87/102/88
f 95/105/91 94/112/98 89/106/92
f 96/108/94 95/105/91 90/107/93
f 97/109/95 96/108/94 91/100/86
f 100/110/96 99/117/103 93/111/97
f 101/113/99 100/110/96 94/112/98
f 102/114/100 101/113/99 95/105/91
f 105/115/101 104/122/108 98/116/102
f 106/118/104 105/115/101 99/117/103
f 107/119/105 106/118/104 100/110/96
f 110/120/106 109/532/121 103/121/107
f 111/123/109 110/120/106 104/122/108
f 112/124/110 111/123/109 105/115/101
f 87/125/88 86/2266/87 116/126/111
f 118/2267/113 117/127/112 114/151/114
f 88/2268/90 87/125/88 117/127/112
f 119/153/116 90/2269/93 89/2270/92
f 119/153/116 116/126/111 86/2266/87
f 120/154/117 94/2271/98 93/2272/97
f 120/154/117 119/153/116 89/2270/92
f 121/156/118 99/2273/103 98/2274/102
f 121/156/118 120/154/117 93/2272/97
f 122/157/119 104/2275/108 103/2276/107
f 122/157/119 121/156/118 98/2274/102
f 123/159/120 109/2277/121 108/2278/429
f 123/159/120 122/157/119 103/2276/107
f 125/147/122 115/149/115 114/151/114
f 125/147/122 124/161/129 113/148/123
f 126/150/124 117/127/112 116/126/111
f 126/150/124 125/147/122 114/151/114
f 127/152/125 126/150/124 116/126/111
f 128/155/126 127/152/125 120/154/117
f 129/158/127 128/155/126 122/157/119
f 132/160/128 130/178/144 124/161/129
f 131/162/130 132/160/128 125/147/122
f 129/158/127 131/162/130 127/152/125
f 135/166/134 102/114/100 134/165/133
f 112/124/110 107/119/105 135/166/134
f 139/168/136 115/130/115 113/169/123
f 140/171/138 139/168/136 136/170/137
f 140/171/138 1/6/6 138/184/150
f 141/172/139 118/128/113 115/130/115
f 133/164/132 88/104/90 118/128/113
f 142/173/140 141/172/139 139/168/136
f 136/174/137 113/148/123 124/161/129
f 144/176/142 143/175/141 6/177/143
f 144/2279/142 137/1/1 136/170/137
f 137/2280/1 144/176/142 7/23/16
f 130/178/144 143/175/141 124/161/129
f 130/178/144 16/21/15 6/177/143
f 132/160/128 25/32/25 16/21/15
f 132/160/128 32/39/32 25/32/25
f 147/179/145 133/164/132 142/173/140
f 92/103/89 133/164/132 147/179/145
f 149/181/147 92/103/89 148/180/146
f 134/165/133 97/109/95 149/181/147
f 152/182/148 134/165/133 149/181/147
f 145/183/149 135/166/134 134/165/133
f 146/167/135 135/166/134 145/183/149
f 150/185/151 138/184/150 1/6/6
f 152/182/148 149/181/147 151/191/157
f 154/187/153 142/173/140 140/171/138
f 155/188/154 152/182/148 151/191/157
f 156/190/156 148/180/146 147/179/145
f 157/189/155 149/181/147 148/180/146
f 161/192/158 140/171/138 150/185/151
f 158/193/159 155/188/154 151/191/157
f 159/238/198 153/186/152 158/193/159
f 160/194/160 153/186/152 159/238/198
f 162/196/162 147/179/145 154/187/153
f 163/195/161 156/190/156 147/179/145
f 164/197/163 150/185/151 41/58/49
f 167/198/164 151/191/157 157/189/155
f 167/198/164 174/200/166 166/201/167
f 158/193/159 167/198/164 168/202/168
f 170/203/169 154/187/153 161/192/158
f 170/203/169 161/192/158 179/204/170
f 171/205/171 179/204/170 169/206/172
f 174/200/166 162/196/162 171/205/171
f 174/200/166 172/207/173 173/208/174
f 165/199/165 157/189/155 163/195/161
f 174/200/166 163/195/161 162/196/162
f 177/210/176 175/209/175 176/2281/177
f 166/201/167 174/200/166 177/210/176
f 164/197/163 59/68/58 60/70/60
f 179/204/170 60/70/60 61/215/66
f 169/217/172 179/2282/170 180/218/179
f 182/220/181 172/2283/173 169/217/172
f 173/221/174 172/2283/173 182/220/181
f 184/2284/183 175/2285/175 173/2286/174
f 176/212/177 175/2287/175 184/223/183
f 185/224/184 178/213/178 176/212/177
f 186/225/185 180/218/179 61/78/66
f 181/219/180 180/218/179 186/225/185
f 187/226/186 182/220/181 181/219/180
f 183/222/182 182/220/181 187/226/186
f 187/226/186 184/223/183 183/222/182
f 189/228/188 186/225/185 67/79/67
f 83/229/189 187/226/186 186/225/185
f 188/227/187 187/226/186 83/229/189
f 83/229/189 189/228/188 73/87/73
f 168/202/168 166/201/167 190/2288/210
f 168/202/168 190/2288/210 191/232/192
f 194/234/194 168/202/168 192/233/193
f 195/235/195 192/233/193 193/236/196
f 159/238/198 158/193/159 194/234/194
f 159/238/198 194/234/194 195/235/195
f 198/239/199 195/235/195 196/237/197
f 199/240/200 196/237/197 197/241/201
f 160/194/160 159/238/198 198/239/199
f 202/243/203 198/239/199 199/240/200
f 203/244/204 199/240/200 200/242/202
f 204/245/205 200/242/202 201/246/206
f 207/251/208 190/250/210 166/2289/167
f 208/249/209 191/2290/212 190/250/210
f 209/252/211 192/2291/193 191/253/212
f 193/255/196 192/2292/193 209/256/211
f 211/258/214 196/2293/197 193/259/196
f 197/261/201 196/2294/197 211/262/214
f 213/264/216 200/2295/202 197/265/201
f 201/267/206 200/2296/202 213/268/216
f 215/270/218 205/2297/207 201/271/206
f 206/273/219 205/2298/207 215/274/218
f 185/224/184 184/223/183 188/227/187
f 207/251/208 178/213/178 185/224/184
f 218/2299/222 209/252/211 208/254/209
f 210/257/213 209/256/211 218/2300/222
f 218/2301/222 211/258/214 210/260/213
f 212/263/215 211/262/214 218/277/222
f 219/2302/223 213/264/216 212/266/215
f 214/269/217 213/268/216 219/278/223
f 220/2303/224 215/270/218 214/272/217
f 216/275/220 215/274/218 220/2304/224
f 221/2305/190 217/2306/221 188/2307/187
f 208/249/209 217/276/221 221/230/190
f 218/277/222 208/249/209 221/230/190
f 219/278/223 218/277/222 221/230/190
f 26/35/28 33/285/230 226/281/226
f 224/283/228 227/282/227 223/286/231
f 224/283/228 28/37/30 26/35/28
f 228/53/44 34/52/43 28/37/30
f 229/287/232 227/282/227 226/281/226
f 239/294/239 226/281/226 36/41/34
f 236/288/233 36/41/34 32/39/32
f 223/286/231 229/287/232 232/290/235
f 233/292/237 225/284/229 223/286/231
f 232/290/235 229/287/232 226/281/226
f 236/288/233 239/294/239 36/41/34
f 235/296/241 230/291/236 232/290/235
f 235/296/241 234/295/240 230/291/236
f 238/305/248 231/293/238 234/295/240
f 238/305/248 234/295/240 241/306/249
f 239/294/239 241/306/249 234/295/240
f 239/298/239 236/2308/233 243/299/243
f 236/288/233 240/297/242 244/301/245
f 240/297/242 237/289/234 245/304/247
f 239/298/239 242/300/244 247/308/251
f 242/300/244 243/299/243 249/311/253
f 242/300/244 250/312/254 247/308/251
f 243/302/243 244/301/245 252/313/255
f 243/299/243 253/2309/256 249/311/253
f 254/315/257 250/2310/271 249/316/253
f 244/301/245 262/303/246 257/321/261
f 244/2311/245 258/2312/262 252/2313/255
f 259/323/263 253/317/256 252/324/255
f 260/326/264 254/315/257 253/317/256
f 261/327/265 255/320/260 254/315/257
f 263/329/267 258/325/262 257/2314/261
f 264/328/266 259/323/263 258/325/262
f 265/330/268 260/326/264 259/323/263
f 245/304/247 237/289/234 266/345/279
f 245/304/247 266/345/279 262/303/246
f 248/309/252 247/308/251 267/1171/963
f 268/331/269 267/1171/963 247/308/251
f 270/364/297 269/338/274 251/337/259
f 271/332/270 268/331/1840 250/312/271
f 255/336/260 269/338/274 268/1173/272
f 257/321/261 262/303/246 272/339/275
f 263/341/267 257/321/261 273/340/276
f 264/2315/266 263/341/267 274/342/277
f 265/330/268 264/328/266 275/344/278
f 276/347/281 273/340/276 272/339/275
f 277/346/280 274/342/277 273/340/276
f 277/346/280 278/366/299 275/348/278
f 280/378/308 279/349/282 225/284/229
f 283/350/283 233/292/237 231/293/238
f 283/350/283 280/378/308 225/284/229
f 283/350/283 281/351/284 282/370/302
f 284/353/286 281/351/284 231/293/238
f 285/352/285 282/370/302 281/351/284
f 284/353/286 231/293/238 238/305/248
f 286/354/287 285/352/285 284/353/286
f 287/355/288 238/305/248 246/307/250
f 291/358/291 290/385/296 251/319/259
f 292/359/292 291/358/291 256/318/258
f 265/330/268 292/359/292 261/327/265
f 289/357/290 287/355/288 294/361/294
f 293/360/293 265/330/268 275/344/278
f 280/378/308 297/368/300 279/349/282
f 298/369/301 285/352/285 286/354/287
f 293/360/293 300/372/304 292/359/292
f 299/371/303 289/357/290 295/362/295
f 302/374/306 301/377/305 293/375/293
f 278/366/299 302/374/306 296/367/298
f 297/368/300 48/2264/1839 228/53/44
f 280/378/308 283/350/283 304/379/309
f 282/370/302 304/379/309 283/350/283
f 298/369/301 306/381/311 282/370/302
f 307/382/312 286/354/287 288/356/289
f 308/383/313 288/356/289 299/371/303
f 300/372/304 309/384/314 291/358/291
f 301/373/305 310/386/315 300/372/304
f 290/363/296 312/419/346 270/364/297
f 56/65/55 48/2264/1839 297/368/300
f 316/389/318 57/67/57 314/66/56
f 305/380/310 304/379/309 317/391/320
f 297/368/300 317/391/320 318/392/321
f 317/391/320 304/379/309 306/381/311
f 315/390/319 318/392/321 319/393/322
f 316/389/318 315/390/319 322/394/323
f 317/391/320 306/381/311 298/369/301
f 319/393/322 317/391/320 320/396/325
f 324/399/328 322/394/323 321/397/326
f 325/398/327 323/395/324 322/394/323
f 326/400/329 345/425/353 323/395/324
f 327/401/330 320/396/325 307/382/312
f 328/402/331 321/397/326 320/396/325
f 329/403/332 324/399/328 321/397/326
f 330/404/333 326/429/329 325/2316/327
f 331/405/334 325/2316/327 329/416/332
f 330/404/333 325/2316/327 331/405/334
f 309/384/314 332/408/337 290/385/296
f 335/407/336 333/410/339 332/408/337
f 336/409/338 334/436/361 333/410/339
f 310/386/315 335/407/336 309/384/314
f 337/411/340 336/409/338 335/407/336
f 338/412/341 337/411/340 310/386/315
f 339/414/343 327/401/330 299/371/303
f 340/1280/345 329/403/332 328/402/331
f 341/415/344 331/405/334 329/416/332
f 342/420/347 312/419/346 332/418/337
f 343/422/349 342/420/347 333/421/348
f 343/424/351 334/406/335 331/405/334
f 313/388/317 338/447/341 301/377/305
f 84/97/83 57/67/57 316/389/318
f 85/98/84 84/97/83 316/389/318
f 83/229/189 82/92/78 345/425/353
f 344/99/85 316/389/318 323/395/324
f 346/426/354 326/400/329 349/430/357
f 347/427/355 346/426/354 350/432/358
f 336/409/338 353/440/362 352/435/360
f 348/428/356 330/404/333 352/434/360
f 354/442/363 349/430/357 348/431/356
f 337/411/340 353/440/362 336/409/338
f 355/441/364 350/432/358 349/430/357
f 356/443/365 354/438/363 337/411/340
f 357/445/366 351/433/359 350/432/358
f 358/452/371 347/427/355 351/433/359
f 359/446/367 356/449/365 338/447/341
f 360/448/368 355/441/364 356/449/365
f 357/445/366 355/441/364 360/448/368
f 351/433/359 357/445/366 361/450/369
f 132/160/128 131/162/130 237/289/234
f 363/454/373 237/289/234 131/162/130
f 131/162/130 401/163/131 363/454/373
f 237/289/234 32/39/32 132/160/128
f 83/229/189 345/425/353 347/427/355
f 1246/231/191 83/229/189 358/452/371
f 370/455/374 369/460/379 366/456/375
f 372/458/377 371/463/382 368/459/378
f 373/461/380 372/458/377 369/460/379
f 375/462/381 374/2317/392 371/463/382
f 376/464/383 375/462/381 372/458/377
f 377/667/394 374/2317/392 375/462/381
f 381/466/385 367/2318/376 366/467/375
f 381/466/385 379/484/396 365/2319/387
f 383/2320/388 369/2321/379 368/2322/378
f 383/472/388 380/487/386 366/475/375
f 384/477/390 382/474/389 368/473/378
f 385/479/391 384/477/390 371/478/382
f 386/491/402 385/479/391 374/480/392
f 387/481/393 386/491/402 374/480/392
f 389/483/395 381/466/385 380/468/386
f 389/483/395 388/498/409 379/484/396
f 391/485/397 383/472/388 382/474/389
f 391/485/397 389/2323/395 380/487/386
f 392/488/399 390/486/398 382/474/389
f 393/489/400 392/488/399 384/477/390
f 394/490/401 393/489/400 385/479/391
f 395/503/406 394/490/401 386/491/402
f 398/492/403 395/503/406 386/491/402
f 398/493/404 399/496/407 396/494/405
f 399/496/407 400/549/442 397/497/408
f 401/163/131 129/158/127 388/498/409
f 391/485/397 401/933/131 389/2323/395
f 403/500/411 402/499/410 392/488/399
f 404/501/412 403/500/411 393/489/400
f 407/502/413 404/501/412 394/490/401
f 407/504/413 396/510/405 405/505/414
f 396/2324/405 408/551/444 406/518/415
f 397/497/408 408/2325/444 396/494/405
f 412/513/417 409/512/416 403/500/411
f 405/515/414 410/519/418 412/516/417
f 410/519/418 413/552/445 411/523/421
f 406/518/415 413/552/445 410/519/418
f 410/519/418 415/524/422 414/521/420
f 411/523/421 416/529/427 415/524/422
f 418/526/424 417/525/423 402/499/410
f 415/524/422 419/898/735 418/527/425
f 420/528/426 419/898/735 415/524/422
f 422/530/428 421/537/433 108/531/429
f 423/533/430 422/530/428 109/532/121
f 424/534/431 423/533/430 110/120/106
f 425/535/432 367/457/376 365/536/387
f 426/538/434 425/535/432 421/537/433
f 427/539/435 426/538/434 422/530/428
f 428/540/436 427/539/435 423/533/430
f 429/541/437 370/455/374 367/457/376
f 430/542/438 429/541/437 425/535/432
f 428/540/436 430/542/438 426/538/434
f 431/543/439 373/461/380 370/455/374
f 431/543/439 376/464/383 373/461/380
f 378/465/384 376/464/383 431/543/439
f 379/484/396 421/2326/433 365/2319/387
f 379/484/396 123/159/120 108/2278/429
f 388/498/409 129/158/127 123/159/120
f 397/497/408 434/556/443 408/2325/444
f 413/552/445 436/557/449 435/553/446
f 436/557/449 413/552/445 406/518/415
f 424/534/431 112/124/110 146/167/135
f 433/548/441 438/555/448 397/497/408
f 434/550/443 439/558/450 406/518/415
f 440/560/452 416/529/427 435/553/446
f 441/559/451 420/528/426 416/529/427
f 433/548/441 442/562/454 438/555/448
f 439/558/450 454/565/457 436/557/449
f 448/566/458 440/560/452 444/563/455
f 449/581/471 441/559/451 448/566/458
f 447/564/456 451/568/460 434/556/443
f 453/569/461 452/567/459 447/564/456
f 446/571/463 453/569/461 443/561/453
f 451/572/460 455/574/465 439/558/450
f 457/575/466 456/573/464 454/565/457
f 452/567/459 459/576/467 451/568/460
f 453/569/461 459/576/467 452/567/459
f 457/575/466 461/580/470 448/566/458
f 462/959/788 449/581/471 461/580/470
f 445/607/496 428/540/436 160/194/160
f 450/570/462 463/582/472 453/569/461
f 459/576/467 464/643/473 458/577/468
f 455/574/465 465/584/474 460/579/469
f 465/584/474 455/574/465 458/578/468
f 466/585/475 457/575/466 460/579/469
f 466/585/475 467/587/477 461/580/470
f 468/586/476 462/959/788 461/580/470
f 160/194/160 202/243/203 203/244/204
f 469/588/478 203/244/204 204/245/205
f 470/589/479 204/245/205 205/247/207
f 471/590/480 205/247/207 206/591/219
f 474/593/482 470/589/479 471/590/480
f 475/594/483 471/590/480 472/592/481
f 476/595/484 472/592/481 473/596/485
f 479/598/487 475/594/483 476/595/484
f 480/599/488 476/595/484 477/597/486
f 481/600/489 477/597/486 478/601/490
f 483/603/492 480/599/488 481/600/489
f 484/604/493 481/600/489 482/602/491
f 445/607/496 160/194/160 474/593/482
f 445/607/496 479/598/487 483/603/492
f 488/609/498 472/2327/481 206/610/219
f 473/612/485 472/2328/481 488/613/498
f 490/615/500 477/2329/486 473/616/485
f 478/2330/490 477/2331/486 490/2332/500
f 492/620/502 482/2333/491 478/618/490
f 485/621/494 482/2333/491 492/620/502
f 486/623/495 485/621/494 493/622/503
f 496/626/506 487/839/497 486/623/495
f 220/2334/224 488/609/498 216/611/220
f 489/614/499 488/613/498 220/279/224
f 222/627/225 490/615/500 489/617/499
f 491/619/501 490/615/500 222/627/225
f 492/620/502 491/619/501 497/628/507
f 493/622/503 492/620/502 498/629/508
f 500/631/510 494/624/504 493/622/503
f 501/632/511 495/625/505 494/624/504
f 503/633/512 496/626/518 495/625/505
f 505/635/514 502/637/516 463/582/472
f 506/636/515 503/2335/512 502/637/516
f 507/640/520 499/630/509 498/629/508
f 508/639/519 500/631/510 499/630/509
f 510/641/521 501/632/511 500/631/510
f 463/582/472 511/642/522 459/576/467
f 502/637/516 509/645/524 464/643/473
f 502/637/516 511/642/522 463/582/472
f 512/644/523 510/2336/521 509/645/524
f 512/649/523 503/633/512 501/632/511
f 514/655/527 508/639/519 507/640/520
f 513/650/525 465/584/474 464/583/473
f 515/652/526 514/658/527 513/650/525
f 515/652/526 513/650/525 509/651/524
f 515/654/526 510/641/521 508/639/519
f 222/280/225 219/278/223 1246/231/191
f 516/660/532 507/640/520 498/629/508
f 517/656/528 466/585/475 460/579/469
f 518/657/529 517/656/528 513/650/525
f 518/659/530 514/655/527 507/640/520
f 519/661/533 498/629/508 497/628/507
f 520/662/534 467/587/477 466/585/475
f 521/663/535 520/662/534 517/656/528
f 521/2337/1841 518/659/530 516/660/531
f 522/666/538 516/660/532 519/661/533
f 520/662/534 523/664/536 468/586/476
f 521/663/535 524/970/798 523/664/536
f 524/665/537 521/2337/1841 516/660/531
f 525/668/539 375/462/381 378/465/384
f 526/669/540 377/667/394 525/668/539
f 527/670/541 525/668/539 378/465/384
f 529/672/543 526/669/540 527/670/541
f 530/673/544 527/670/541 528/671/542
f 532/687/553 387/481/393 377/482/394
f 377/482/394 533/676/546 532/687/553
f 526/675/540 534/678/547 533/676/546
f 529/677/543 535/698/564 534/678/547
f 536/679/548 535/712/564 529/680/543
f 531/682/545 537/700/566 536/679/548
f 538/2338/1842 398/492/403 387/481/393
f 538/683/549 539/685/551 399/496/407
f 540/684/550 400/549/442 399/496/407
f 541/686/552 538/2338/1842 387/481/393
f 542/688/554 539/685/551 538/683/549
f 543/690/556 540/684/550 539/685/551
f 532/687/553 544/693/559 541/686/552
f 545/691/557 542/688/554 541/689/555
f 545/691/557 546/755/610 543/690/556
f 533/676/546 547/704/561 544/693/559
f 548/694/560 545/691/557 544/692/558
f 549/696/562 546/755/610 545/691/557
f 533/676/546 550/697/563 547/704/561
f 534/678/547 551/699/565 550/697/563
f 536/679/548 552/701/567 535/712/564
f 537/700/566 553/738/594 552/701/567
f 548/694/560 547/695/561 554/706/569
f 550/697/563 556/709/573 554/703/569
f 557/705/570 548/694/560 554/706/569
f 558/708/572 555/702/568 548/694/560
f 551/699/565 559/710/574 556/709/573
f 535/698/564 560/722/575 559/710/574
f 553/738/594 561/731/587 552/701/567
f 557/713/570 556/2339/571 562/714/576
f 558/716/572 557/713/570 563/715/577
f 559/710/574 565/723/579 562/718/576
f 563/715/577 566/726/582 564/717/578
f 563/715/577 565/2340/579 567/724/580
f 566/726/582 563/715/577 568/725/581
f 560/722/575 570/1020/838 567/728/584
f 552/701/567 571/1022/840 570/729/585
f 572/730/586 571/1022/840 552/701/567
f 569/727/583 568/725/581 573/732/588
f 576/735/591 528/671/542 378/465/384
f 531/674/545 528/671/542 576/735/591
f 577/750/593 531/674/545 576/735/591
f 531/682/545 578/736/592 537/700/566
f 543/690/556 579/754/609 540/684/550
f 546/755/610 579/754/609 543/690/556
f 549/696/562 580/756/611 546/755/610
f 578/736/592 581/739/595 553/738/594
f 582/741/597 581/739/595 578/736/592
f 580/756/611 549/696/562 555/702/568
f 581/739/595 583/745/601 561/731/587
f 584/740/596 583/745/601 581/739/595
f 584/740/596 586/746/602 583/745/601
f 569/727/583 585/742/598 566/726/582
f 588/744/600 572/730/586 561/731/587
f 589/747/603 587/743/599 569/727/583
f 586/746/602 590/785/637 588/744/600
f 591/748/604 575/734/590 432/544/440
f 592/749/605 576/735/591 575/734/590
f 593/764/607 577/750/593 592/749/605
f 594/751/606 578/736/592 577/737/593
f 540/684/550 595/774/626 433/548/441
f 579/754/609 595/774/626 540/684/550
f 580/756/611 596/753/608 546/755/610
f 558/708/572 598/794/646 597/757/612
f 599/758/613 598/2341/646 558/716/572
f 585/742/598 599/758/613 564/717/578
f 602/759/614 600/762/617 601/760/615
f 600/762/617 591/748/604 437/554/447
f 602/759/614 592/749/605 591/748/604
f 605/763/618 592/749/605 602/759/614
f 593/764/607 592/749/605 605/763/618
f 604/769/621 607/2342/620 605/763/618
f 606/766/619 611/773/625 594/751/606
f 595/774/626 608/771/623 442/562/454
f 446/571/463 443/561/453 442/562/454
f 608/771/623 446/571/463 612/775/627
f 613/776/628 608/771/623 595/774/626
f 610/770/622 609/772/624 615/778/630
f 596/753/608 613/776/628 579/754/609
f 596/753/608 616/779/631 614/777/629
f 616/779/631 617/781/633 615/778/630
f 597/757/612 618/780/632 580/756/611
f 620/784/636 586/746/602 584/740/596
f 621/783/635 619/782/634 585/742/598
f 589/747/603 621/783/635 587/743/599
f 437/554/447 428/540/436 445/607/496
f 623/799/650 603/761/616 601/760/615
f 604/769/621 603/761/616 623/799/650
f 624/787/639 607/768/620 604/802/621
f 610/770/622 625/788/640 608/771/623
f 624/787/639 627/790/642 611/773/625
f 626/789/641 610/770/622 615/778/630
f 618/780/632 628/791/643 617/781/633
f 628/791/643 629/805/654 617/781/633
f 628/791/643 618/780/632 597/757/612
f 629/805/654 628/791/643 630/792/644
f 631/793/645 630/792/644 597/757/612
f 599/758/613 631/796/645 598/2341/646
f 619/782/634 632/795/647 599/758/613
f 621/783/635 633/797/648 619/782/634
f 620/784/636 881/1087/896 590/785/637
f 634/800/651 623/799/650 601/760/615
f 635/798/649 604/769/621 623/799/650
f 636/801/652 624/787/639 604/802/621
f 625/788/640 450/570/462 446/571/463
f 639/828/656 631/796/645 632/795/647
f 641/809/658 640/808/657 621/783/635
f 661/811/660 600/762/617 437/554/447
f 642/810/659 601/760/615 600/762/617
f 643/815/664 636/801/652 635/803/649
f 610/770/622 644/812/661 625/788/640
f 626/789/641 646/816/665 645/813/662
f 647/814/663 627/790/642 636/801/652
f 646/816/665 626/789/641 637/804/653
f 629/805/654 649/818/667 637/804/653
f 650/819/668 582/741/597 647/814/663
f 652/822/671 634/800/651 642/810/659
f 653/821/670 635/798/649 634/800/651
f 654/824/672 643/815/664 653/823/670
f 655/826/674 647/814/663 654/824/672
f 656/825/673 638/806/655 639/807/656
f 657/829/675 639/828/656 658/830/676
f 633/797/648 658/830/676 632/795/647
f 650/819/668 881/1087/896 620/784/636
f 640/808/657 659/831/677 633/797/648
f 651/820/669 660/832/678 640/808/657
f 662/833/679 661/811/660 483/603/492
f 487/608/497 662/833/679 484/604/493
f 663/834/680 642/810/659 661/811/660
f 663/834/680 661/811/660 662/833/679
f 664/835/681 652/822/671 663/834/680
f 665/836/682 664/835/681 662/833/679
f 666/837/683 653/821/670 652/822/671
f 667/838/684 666/837/683 664/835/681
f 665/843/682 487/839/497 670/842/687
f 666/845/683 672/847/689 654/824/672
f 667/846/684 673/864/690 672/847/689
f 667/848/684 665/843/682 671/844/688
f 674/850/691 504/634/513 450/570/462
f 675/851/692 505/635/514 504/634/513
f 676/852/693 506/636/515 505/635/514
f 645/813/662 677/854/695 644/812/661
f 677/854/695 678/855/696 675/851/692
f 678/855/696 679/858/700 676/852/693
f 668/840/697 496/626/518 676/853/694
f 646/816/665 680/857/699 678/855/696
f 680/857/699 681/2343/701 679/858/700
f 669/841/686 668/840/697 681/859/701
f 670/842/687 669/841/686 682/860/702
f 671/844/688 670/842/687 683/861/703
f 685/863/705 655/826/674 654/824/672
f 673/864/690 686/883/706 685/863/705
f 673/849/690 671/844/688 684/862/704
f 687/868/709 681/2343/701 680/857/699
f 649/818/667 688/866/707 648/817/666
f 688/866/707 689/867/708 680/857/699
f 689/867/708 690/872/710 687/868/709
f 682/860/702 681/859/701 687/869/709
f 656/825/673 688/866/707 649/818/667
f 656/825/673 691/871/711 689/867/708
f 691/871/711 692/2344/712 690/872/710
f 683/861/703 682/860/702 690/870/710
f 684/862/704 683/861/703 692/873/712
f 694/881/719 650/819/668 655/826/674
f 685/863/705 694/881/719 655/826/674
f 686/865/706 684/862/704 693/874/1843
f 695/875/714 691/877/711 656/827/673
f 696/876/715 692/2345/712 691/877/711
f 693/874/713 692/873/712 696/878/716
f 699/882/720 698/880/718 685/863/705
f 686/865/706 693/874/1843 697/879/721
f 700/885/723 695/875/714 657/829/675
f 701/886/724 696/876/715 695/875/714
f 700/885/723 702/2346/725 701/886/724
f 697/879/717 696/878/716 701/887/724
f 699/884/722 697/879/721 702/888/1844
f 703/889/726 700/885/723 659/831/677
f 704/890/727 702/2346/725 700/885/723
f 699/884/722 702/888/1844 704/892/729
f 707/895/732 703/889/726 660/832/678
f 708/896/733 704/890/727 703/889/726
f 418/526/424 709/902/739 417/525/423
f 419/898/735 710/904/741 709/899/736
f 711/900/737 710/904/741 419/898/735
f 417/525/423 713/903/740 712/901/738
f 709/902/739 714/2347/742 713/903/740
f 710/904/741 715/910/747 714/905/742
f 716/906/743 715/910/747 710/904/741
f 717/907/744 715/910/747 716/906/743
f 714/2347/742 719/914/751 713/903/740
f 720/2348/746 719/914/751 714/2347/742
f 721/915/748 719/914/751 720/2348/746
f 719/914/751 724/916/752 723/913/750
f 721/915/748 725/925/760 724/916/752
f 726/917/753 725/2349/760 721/911/748
f 722/912/749 727/945/757 726/917/753
f 728/918/754 725/2350/760 726/919/753
f 730/921/756 729/920/755 726/919/753
f 731/923/758 729/920/755 730/921/756
f 724/916/752 733/926/761 723/913/750
f 725/925/760 734/928/762 733/926/761
f 728/927/754 735/935/768 734/928/762
f 736/2351/763 735/935/768 728/927/754
f 737/936/764 735/935/768 736/2351/763
f 740/934/767 733/926/761 734/928/762
f 742/1618/1316 391/485/397 712/901/738
f 391/485/397 742/1618/1316 739/932/766
f 723/913/750 743/1620/1318 712/901/738
f 744/938/770 743/1620/1318 723/913/750
f 741/937/769 744/938/770 733/926/761
f 745/939/771 730/921/756 727/922/757
f 732/924/759 730/921/756 745/939/771
f 747/941/773 711/900/737 420/528/426
f 748/942/774 716/906/743 747/941/773
f 749/943/775 718/908/745 748/942/774
f 750/944/776 722/912/749 718/908/745
f 750/953/776 751/946/777 727/922/757
f 745/939/771 727/922/757 751/946/777
f 746/940/772 752/949/780 738/931/765
f 746/940/772 745/939/771 753/947/778
f 755/950/781 747/941/773 441/559/451
f 756/952/783 749/943/775 748/942/774
f 749/943/775 757/951/782 750/944/776
f 758/955/784 751/946/777 757/954/782
f 759/956/785 748/942/774 755/950/781
f 760/2352/1845 757/951/782 756/952/783
f 758/955/784 757/954/782 760/2353/1845
f 758/955/784 761/957/786 753/947/778
f 754/948/779 753/947/778 761/957/786
f 763/960/789 755/950/781 462/959/788
f 764/966/794 762/958/787 761/957/786
f 765/962/791 759/956/785 763/960/789
f 766/961/790 756/952/783 759/956/785
f 767/963/792 760/2352/1845 756/952/783
f 758/955/784 760/2353/1845 767/964/792
f 768/965/793 769/967/795 761/957/786
f 764/966/794 761/957/786 769/967/795
f 519/661/533 497/628/507 771/969/797
f 523/664/536 772/971/799 763/960/789
f 524/970/798 773/974/800 772/971/799
f 522/666/538 519/661/533 774/973/801
f 772/971/799 775/975/802 765/962/791
f 773/974/800 776/2354/803 775/975/802
f 775/975/802 766/961/790 765/962/791
f 776/976/803 522/666/538 778/980/805
f 775/975/802 780/983/807 767/963/792
f 777/982/804 781/2355/808 780/983/807
f 777/984/804 776/976/803 779/981/806
f 782/986/809 768/965/793 767/964/792
f 783/988/810 782/986/809 780/987/807
f 779/981/806 778/980/805 784/990/811
f 781/985/808 779/981/806 785/991/812
f 783/988/810 787/997/814 782/986/809
f 783/993/810 781/985/808 786/992/813
f 788/995/815 770/968/796 769/967/795
f 789/996/816 788/995/815 782/986/809
f 786/992/813 785/991/812 790/998/817
f 787/994/814 786/992/813 791/999/818
f 789/2356/816 787/994/814 792/1000/819
f 771/969/797 222/627/225 1567/1002/820
f 792/1000/819 791/999/818 793/1003/821
f 774/973/801 771/969/797 795/1005/823
f 790/998/817 784/990/811 796/1006/824
f 573/732/588 567/724/580 798/1008/826
f 574/733/589 573/732/588 799/1009/827
f 570/1020/838 798/2357/1846 567/728/584
f 802/1011/829 799/1009/827 798/1008/826
f 803/1013/831 800/1010/828 799/1009/827
f 570/1020/838 801/1019/837 798/2357/1846
f 572/730/586 804/1023/841 571/1022/840
f 806/2358/832 808/2359/833 805/2360/843
f 806/1014/832 802/1011/829 801/1012/830
f 809/1017/835 803/1013/831 802/1011/829
f 810/1018/836 808/1033/833 801/1019/837
f 811/1021/839 810/2361/836 570/729/585
f 813/1028/842 815/2362/844 812/2363/857
f 813/1024/842 806/1014/832 805/1025/843
f 816/1030/845 807/1016/834 806/1014/832
f 817/1031/847 815/1048/861 805/1032/843
f 810/1018/836 817/1031/847 808/1033/833
f 819/1034/848 818/1037/851 737/930/764
f 819/1034/848 731/923/758 738/931/765
f 821/1036/850 819/1034/848 820/1035/849
f 824/1039/853 823/1042/856 818/1037/851
f 824/1039/853 821/1036/850 822/1038/852
f 827/1041/855 826/2364/858 823/1042/856
f 827/1041/855 813/1028/842 812/2363/857
f 828/1046/859 827/1041/855 824/1039/853
f 828/1046/859 814/1029/846 813/1028/842
f 829/1047/860 826/1045/858 812/1044/857
f 830/1049/862 829/1047/860 815/1048/861
f 831/1050/863 830/1049/862 817/1031/847
f 811/1021/839 831/1721/863 810/2361/836
f 832/1052/864 740/934/767 818/1051/851
f 833/1054/865 832/1052/864 826/1045/858
f 834/1055/866 833/1054/865 829/1047/860
f 831/1050/863 834/1055/866 830/1049/862
f 740/934/767 835/1056/867 741/937/769
f 834/1055/866 835/1056/867 833/1054/865
f 834/1055/866 837/1058/869 836/1057/868
f 804/1023/841 838/1071/881 811/1021/839
f 800/1010/828 589/747/603 574/733/589
f 588/744/600 839/1059/870 572/730/586
f 839/1059/870 841/1070/880 804/1023/841
f 809/1017/835 807/1016/834 842/1061/872
f 852/1062/873 840/1060/871 803/1013/831
f 844/1063/874 814/1029/846 843/1069/879
f 816/1027/845 814/1029/846 844/1063/874
f 845/1065/875 842/1061/872 807/1016/834
f 822/1038/852 820/1035/849 847/1066/876
f 825/1040/854 822/1038/852 848/1067/877
f 828/1046/859 849/1068/878 843/1069/879
f 851/1074/884 839/1059/870 590/785/637
f 850/1072/882 800/1010/828 840/1060/871
f 840/1060/871 852/1062/873 853/2365/1847
f 854/1073/883 841/1070/880 839/1059/870
f 855/1075/885 853/2365/1847 852/1062/873
f 857/1076/886 844/1063/874 843/1069/879
f 845/1064/875 844/1063/874 857/1076/886
f 855/1075/885 842/1061/872 845/1065/875
f 847/1066/876 738/931/765 752/949/780
f 859/1080/890 848/1067/877 847/1066/876
f 856/1077/887 843/1069/879 849/1068/878
f 860/1081/891 622/786/638 589/747/603
f 840/1060/871 860/1081/891 850/1072/882
f 861/1082/892 840/1060/871 853/2365/1847
f 863/1084/894 857/1076/886 856/1077/887
f 862/1083/893 845/1064/875 857/1076/886
f 866/1105/913 846/1078/888 854/1073/883
f 867/1086/895 849/1068/878 859/1080/890
f 861/1082/892 853/2365/1847 864/1091/900
f 855/1075/885 864/1091/900 853/2365/1847
f 855/1075/885 862/1085/893 865/1093/902
f 866/1105/913 854/1073/883 851/1074/884
f 865/1101/902 862/1083/893 869/1089/898
f 867/1086/895 868/1088/897 856/1077/887
f 866/1105/913 1402/1104/912 846/1078/888
f 860/1081/891 641/809/658 622/786/638
f 873/1094/903 865/1093/902 872/1107/915
f 752/949/780 754/948/779 762/958/787
f 878/1100/909 868/1088/897 876/1097/906
f 879/1098/907 878/1100/909 876/1097/906
f 880/1102/910 869/1089/898 878/1100/909
f 880/1102/910 872/1114/915 865/1101/902
f 752/949/780 882/1103/911 858/1079/889
f 876/1097/906 867/1086/895 870/1090/899
f 870/1090/899 877/1099/908 876/1097/906
f 870/1090/899 882/1103/911 875/1096/905
f 883/1106/914 651/820/669 641/809/658
f 866/1105/913 851/1074/884 881/1087/896
f 871/1092/901 883/1106/914 860/1081/891
f 885/1109/917 875/1096/905 762/958/787
f 877/1099/908 875/1096/905 885/1109/917
f 879/1098/907 877/1099/908 886/1110/918
f 891/1111/919 864/1091/900 887/2366/1848
f 884/1108/916 887/2366/1848 864/1091/900
f 879/1098/907 886/1110/918 888/1112/920
f 890/1115/922 880/1102/910 879/1098/907
f 894/1116/923 706/894/731 651/820/669
f 894/1116/923 891/1111/919 892/1117/924
f 707/895/732 706/894/731 894/1116/923
f 895/1118/925 892/1117/924 893/1119/926
f 708/896/733 707/895/732 895/1118/925
f 698/880/718 897/1121/928 694/881/719
f 705/891/728 898/2367/1849 897/1121/928
f 898/1122/929 705/893/730 708/897/734
f 892/1117/924 891/1111/919 887/2366/1848
f 891/1111/919 894/1116/923 883/1106/914
f 900/1125/932 896/1123/927 893/1126/926
f 884/1108/916 872/1107/915 901/2368/934
f 892/1117/924 887/2366/1848 884/1108/916
f 903/1130/935 901/1129/934 902/1132/936
f 899/1124/931 892/1117/924 903/1131/935
f 898/2367/1849 905/1165/948 897/1121/928
f 905/1152/948 898/1122/929 900/1125/933
f 906/1139/941 885/1109/917 770/968/796
f 907/1136/938 906/1139/941 770/968/796
f 908/1137/939 907/1136/938 788/995/815
f 888/1112/920 885/1109/917 906/1139/941
f 909/1138/940 888/1112/920 906/1139/941
f 910/1140/942 909/1138/940 907/1136/938
f 889/1113/921 888/1112/920 909/1138/940
f 911/1141/943 909/1138/940 910/1140/942
f 890/1115/922 889/1113/921 911/1141/943
f 901/1143/934 872/1114/915 890/1115/922
f 901/1143/934 911/1141/943 912/1142/944
f 914/1148/946 904/1135/937 902/1149/936
f 915/1151/947 900/1125/932 904/1135/937
f 908/1153/939 789/2356/816 792/1000/819
f 916/1154/949 910/1156/942 908/1153/939
f 917/1155/950 912/2369/944 910/1156/942
f 917/1155/950 913/1150/945 912/2369/944
f 914/1148/946 913/1150/945 917/1155/950
f 919/1158/952 915/1151/947 914/1148/946
f 916/1154/949 792/1000/819 793/1003/821
f 920/1159/953 917/1155/950 916/1154/949
f 918/1157/951 917/1155/950 920/1159/953
f 650/819/668 1691/1161/955 881/1087/896
f 922/1162/956 920/1159/953 794/1004/822
f 921/1160/954 920/1159/953 922/1162/956
f 694/881/719 924/1164/958 1691/1161/955
f 897/1121/928 925/1166/959 924/1164/958
f 246/307/250 241/306/249 926/1221/1003
f 248/309/252 267/1171/963 927/1167/960
f 928/1169/961 926/1221/1003 241/306/249
f 929/1170/962 927/1167/960 267/1171/963
f 930/1172/964 929/1183/974 268/1173/272
f 270/364/297 931/1185/976 930/1172/964
f 272/339/275 266/345/279 935/1174/965
f 937/1176/967 936/1175/966 932/1177/968
f 276/347/281 272/339/275 936/1175/966
f 938/1179/970 937/1176/967 933/1178/969
f 277/346/280 276/347/281 937/1176/967
f 938/1179/970 278/366/299 277/346/280
f 939/1243/1022 246/307/250 926/1221/1003
f 929/1170/962 942/1211/997 940/1181/972
f 943/1182/973 942/2370/979 929/1183/974
f 944/1184/975 943/1182/973 930/1172/964
f 947/1186/977 946/1195/984 941/1187/978
f 948/1189/980 947/1186/977 942/1188/979
f 949/1191/981 948/1189/980 943/1190/973
f 952/1193/982 951/1202/991 945/1194/983
f 953/1196/985 952/1193/982 946/1195/984
f 954/1197/986 953/1196/985 947/1186/977
f 954/1197/986 948/1189/980 949/1191/981
f 933/1178/969 932/1177/968 955/1198/987
f 957/1203/989 956/1199/988 950/1219/990
f 957/1203/989 934/1180/971 933/1178/969
f 958/1204/992 957/1200/989 951/1202/991
f 959/1206/993 958/1204/992 952/1193/982
f 959/1206/993 953/1196/985 954/1197/986
f 955/1198/987 936/1175/966 935/1174/965
f 962/2371/996 942/2372/997 941/2373/999
f 962/1210/996 961/1209/995 940/1181/972
f 963/1224/998 946/2374/984 945/2375/983
f 963/1212/998 962/1210/996 941/1213/999
f 964/1225/1000 951/2376/991 950/1219/990
f 964/1225/1000 963/1224/998 945/2375/983
f 965/1218/1001 956/1199/988 955/1198/987
f 965/1218/1001 964/1225/1000 950/1219/990
f 960/1208/994 965/1218/1001 955/1198/987
f 967/1220/1002 939/1243/1022 926/1221/1003
f 963/1224/998 968/1223/1005 961/1229/995
f 969/1226/1006 968/1223/1005 964/1225/1000
f 928/1169/961 961/1229/995 976/1227/1007
f 928/1169/961 973/1228/1008 966/1222/1004
f 967/1220/1002 966/1222/1004 971/1231/1010
f 973/1228/1008 974/1234/1013 971/1231/1010
f 975/1233/1012 972/1232/1011 971/1231/1010
f 976/1227/1007 978/1239/1018 977/1235/1014
f 983/1346/1111 978/1239/1018 976/1227/1007
f 980/1236/1015 974/1234/1013 977/1235/1014
f 975/1233/1012 974/1234/1013 980/1236/1015
f 978/1239/1018 982/1341/1106 979/1237/1016
f 976/1227/1007 970/1230/1009 984/1353/1118
f 984/1353/1118 983/1346/1111 976/1227/1007
f 364/453/372 984/1353/1118 970/1230/1009
f 938/1179/970 934/1180/971 985/1240/1019
f 987/1242/1021 294/361/294 246/307/250
f 988/1244/1023 295/362/295 294/361/294
f 989/1258/1025 944/1184/975 931/1185/976
f 990/1245/1024 949/1191/981 944/1192/975
f 991/1247/1026 954/1197/986 949/1191/981
f 959/1207/993 985/1240/1019 934/1180/971
f 992/1262/1027 959/1206/993 991/1247/1026
f 993/1271/1048 988/1244/1023 987/1242/1021
f 994/1249/1028 987/1242/1021 939/1243/1022
f 995/1250/1029 993/1271/1048 987/1242/1021
f 996/1274/1051 995/1250/1029 994/1249/1028
f 994/1249/1028 967/1220/1002 972/1232/1011
f 996/1274/1051 994/1249/1028 997/1251/1030
f 998/1252/1031 997/1251/1030 972/1232/1011
f 998/1252/1031 1008/1253/1032 997/1251/1030
f 998/1252/1031 975/1233/1012 981/1238/1017
f 999/1254/1033 998/1252/1031 981/1238/1017
f 1001/1259/1038 931/1185/976 270/364/297
f 1002/1257/1036 303/376/307 302/374/306
f 986/1241/1020 1002/1257/1036 302/374/306
f 1005/1261/1040 990/1245/1024 989/1246/1025
f 1006/1260/1039 991/1247/1026 990/1245/1024
f 1007/2377/1041 992/1262/1027 1006/1260/1039
f 1007/1263/1041 1002/1257/1037 985/1240/1019
f 1003/1256/1035 1002/1257/1037 1007/1263/1041
f 993/1271/1048 1004/413/342 988/1244/1023
f 1003/1256/1035 313/388/317 303/376/307
f 1004/413/342 311/387/316 295/362/295
f 1010/1284/1043 989/1258/1025 1001/1259/1038
f 1011/1267/1045 1005/1261/1040 1010/1265/1043
f 1012/1266/1044 1006/1260/1039 1005/1261/1040
f 1013/1268/1046 1007/2377/1041 1006/1260/1039
f 995/1250/1029 1014/1270/1047 993/1271/1048
f 1016/1273/1050 1015/1272/1049 995/1250/1029
f 1016/1273/1050 996/1274/1051 997/1251/1030
f 999/1254/1033 1017/1307/1081 1008/1253/1032
f 1017/1307/1081 999/1254/1033 1009/1264/1042
f 1018/1277/1058 341/415/344 340/417/345
f 1019/1285/1060 1001/1259/1038 312/419/346
f 1020/1275/1052 1019/1285/1060 312/419/346
f 343/422/349 1021/1286/1061 1020/1275/1052
f 1021/1276/1053 343/424/351 341/415/352
f 339/414/343 1004/413/342 1014/1270/1047
f 340/1280/345 328/402/331 1023/1279/1056
f 1018/1277/1058 340/417/345 1024/1282/1057
f 1020/1275/1052 1026/1287/1062 1010/1284/1043
f 1021/1286/1061 1027/2378/1850 1026/1287/1062
f 1021/1276/1053 1018/1277/1054 1025/1283/1059
f 1028/1289/1064 1011/1267/1045 1010/1265/1043
f 1029/1291/1066 1028/1289/1064 1026/1290/1065
f 1022/1278/1055 1003/1256/1035 1013/1269/1046
f 1023/1279/1056 339/414/343 1030/1293/1068
f 1032/1295/1070 1027/1288/1063 1025/1283/1059
f 1030/1293/1068 1014/1270/1047 1015/1272/1049
f 1024/1281/1057 1023/1279/1056 1033/1296/1071
f 1031/1298/1069 1024/1281/1057 1034/1297/1072
f 1032/1295/1070 1031/1294/1069 1035/2379/1073
f 1030/1293/1068 1015/1272/1049 1016/1273/1050
f 1033/1296/1071 1030/1293/1068 1036/1300/1074
f 1036/1300/1074 1016/1273/1050 1038/1302/1076
f 1040/1304/1078 1033/1296/1071 1036/1300/1074
f 1034/1297/1072 1033/1296/1071 1040/1304/1078
f 1038/1302/1076 997/1251/1030 1008/1253/1032
f 1043/1308/1082 1040/1304/1078 1039/1303/1077
f 1041/1305/1079 1040/1304/1078 1043/1308/1082
f 1044/1309/1083 1043/1308/1082 1017/1307/1081
f 1041/1305/1079 1043/1308/1082 1044/1309/1083
f 1046/1311/1085 1037/1301/1075 1041/1305/1079
f 1022/1278/1055 359/446/367 313/388/317
f 1047/1312/1086 360/448/368 359/446/367
f 361/450/369 360/448/368 1047/1312/1086
f 1029/1291/1066 1027/1292/1067 1049/1314/1088
f 1052/1316/1090 1012/1266/1044 1029/1291/1066
f 1052/1316/1090 1050/1315/1089 1051/1318/1092
f 1054/1317/1091 1013/1268/1046 1052/1316/1090
f 1054/1319/1091 1051/1330/1092 1059/1320/1093
f 1047/1312/1086 1022/1278/1055 1054/1319/1091
f 1055/1321/1094 1059/1320/1093 1053/1322/1095
f 1048/1313/1087 1047/1312/1086 1055/1321/1094
f 1056/1323/1096 362/451/370 1048/1313/1087
f 1056/1323/1096 358/452/371 362/451/370
f 1049/1324/1088 1027/2380/1063 1032/1325/1070
f 1058/1327/1098 1050/2381/1089 1049/1328/1088
f 1051/1330/1092 1050/2382/1089 1058/1331/1098
f 1059/1320/1093 1058/1331/1098 1064/1332/1099
f 1053/1322/1095 1059/1320/1093 1060/1333/1100
f 1056/1323/1096 1053/1322/1095 1062/1335/1102
f 1057/1326/1097 1032/1325/1070 1035/1299/1073
f 1063/2383/1103 1058/1327/1098 1057/1329/1097
f 1065/2384/1104 1060/2385/1100 1064/2386/1099
f 1061/1334/1101 1060/1333/1100 1065/1337/1104
f 1134/1414/1105 358/452/371 1056/1323/1096
f 1063/1336/1103 1035/1299/1073 1037/1301/1075
f 1064/1332/1099 1063/1336/1103 1037/1301/1075
f 1134/1338/1105 1062/1340/1102 1065/2387/1104
f 1134/1414/1105 1065/1337/1104 1037/1301/1075
f 1066/1412/1166 1037/1301/1075 1046/1311/1085
f 363/454/373 364/453/372 969/1226/1006
f 363/454/373 935/1174/965 266/345/279
f 363/454/373 969/1226/1006 960/1208/994
f 970/1230/1009 969/1226/1006 364/453/372
f 1246/231/191 358/452/371 1134/1414/1105
f 980/1236/1015 979/1237/1016 1067/1343/1108
f 1068/1397/1151 981/1238/1017 980/1236/1015
f 982/1341/1106 978/1239/1018 1069/1342/1107
f 1070/1345/1110 980/1236/1015 1067/1343/1108
f 1071/1344/1109 1068/1397/1151 980/1236/1015
f 1073/1347/1112 1067/1343/1108 1069/1342/1107
f 1070/1345/1110 1067/1343/1108 1073/1347/1112
f 1074/1399/1153 1071/1344/1109 1070/1345/1110
f 1076/1351/1116 1073/1347/1112 1072/1348/1113
f 1077/1350/1115 1070/1345/1110 1073/1347/1112
f 1078/1352/1117 1074/1399/1153 1070/1345/1110
f 984/1353/1118 1079/1357/1122 1075/1349/1114
f 1072/1348/1113 1075/1349/1114 1080/1354/1119
f 1076/1351/1116 1072/1348/1113 1081/1355/1120
f 1077/1350/1115 1076/1351/1116 1082/1356/1121
f 1079/1357/1122 1084/1359/1124 1080/1354/1119
f 1085/1360/1125 1081/1355/1120 1080/1354/1119
f 1086/1391/1147 1077/1393/1115 1082/1366/1121
f 984/1353/1118 364/453/372 1087/1369/1129
f 984/1353/1118 1087/1369/1129 1083/1358/1123
f 1084/1359/1124 1083/1358/1123 1088/1364/1126
f 1085/1360/1125 1084/1359/1124 1089/1365/1127
f 1086/1391/1147 1082/1366/1121 1090/1368/1128
f 1092/1372/1132 1089/1365/1127 1088/1364/1126
f 1093/1374/1131 1085/1367/1125 1089/2388/1127
f 1094/1373/1133 1090/1368/1128 1085/1367/1125
f 1087/1369/1129 364/453/372 1095/1381/1138
f 1087/1369/1129 1095/1381/1138 1091/1370/1130
f 1097/1375/1134 1088/1364/1126 1091/1370/1130
f 1092/1372/1132 1088/1364/1126 1097/1375/1134
f 1099/1380/1137 1093/1374/1131 1092/1377/1132
f 1099/1380/1137 1094/1373/1133 1093/1374/1131
f 1101/1384/1141 1097/1378/1134 1096/2389/1135
f 1102/1383/1140 1098/1379/1136 1097/1378/1134
f 1102/1383/1140 1099/1380/1137 1098/1379/1136
f 1104/1385/1142 1096/1376/1135 1100/1382/1139
f 1101/2390/1141 1096/1376/1135 1104/1385/1142
f 1106/1389/1145 1102/1383/1140 1101/1384/1141
f 1000/1255/1034 981/1238/1017 1068/1397/1151
f 1109/1395/1149 1108/1394/1148 1102/1383/1140
f 1009/1264/1042 1000/1255/1034 1068/1397/1151
f 1086/1391/1147 1114/1409/1163 1107/1392/1146
f 1110/1396/1150 1114/1409/1163 1086/1391/1147
f 1094/1373/1133 1110/1396/1150 1090/1368/1128
f 1078/1352/1117 1113/1405/1159 1112/1400/1154
f 1113/1405/1159 1078/1352/1117 1107/1390/1146
f 1116/1402/1156 1115/1401/1155 1094/1373/1133
f 1108/1394/1148 1116/1402/1156 1099/1380/1137
f 1111/1398/1152 1017/1307/1081 1009/1264/1042
f 1117/1404/1158 1045/1310/1084 1044/1309/1083
f 1071/1344/1109 1118/1403/1157 1111/1398/1152
f 1118/1403/1157 1044/1309/1083 1111/1398/1152
f 1118/1403/1157 1119/1406/1160 1117/1404/1158
f 1118/1403/1157 1071/1344/1109 1112/1400/1154
f 1113/1405/1159 1118/1403/1157 1112/1400/1154
f 1113/1405/1159 1120/1417/1170 1119/1406/1160
f 1121/1407/1161 1120/1417/1170 1113/1405/1159
f 1121/2391/1161 1107/1392/1146 1114/1409/1163
f 1122/1408/1162 1110/1396/1150 1115/1401/1155
f 1046/1311/1085 1045/1310/1084 1124/1411/1165
f 1066/1412/1166 1046/1311/1085 1124/1411/1165
f 1126/1415/1168 1124/1411/1165 1119/1406/1160
f 1125/1413/1167 1124/1411/1165 1126/1415/1168
f 1120/1417/1170 1128/1418/1171 1126/1415/1168
f 1066/2392/1166 1125/2393/1167 1127/2394/1169
f 1129/1419/1172 1134/1414/1105 1066/1412/1166
f 1128/1418/1171 1120/1417/1170 1121/1407/1161
f 1131/1421/1174 1127/1416/1169 1128/1418/1171
f 1129/1419/1172 1127/1416/1169 1131/1421/1174
f 1134/1414/1105 1129/1419/1172 1133/1423/1176
f 1130/2395/1173 1121/2391/1161 1114/1409/1163
f 1131/1421/1174 1130/1420/1173 1135/1425/1177
f 1132/1422/1175 1131/1421/1174 1136/1426/1178
f 1122/2396/1162 1138/1430/1180 1136/1426/1178
f 1133/1423/1176 1132/1422/1175 1137/1427/1179
f 1140/1432/1182 1134/1414/1105 1133/1423/1176
f 1138/1437/1180 1122/1408/1162 1123/1410/1164
f 1142/1434/1184 1137/1427/1179 1138/1430/1180
f 1139/1431/1181 1137/1427/1179 1142/1434/1184
f 1123/1410/1164 1144/1438/1186 1142/1436/1184
f 1140/1432/1182 1139/1431/1181 1143/1435/1185
f 1144/1438/1186 1146/1444/1188 1143/1439/1185
f 1141/1433/1183 1140/1432/1182 1145/1440/1187
f 1144/1438/1186 1108/1394/1148 1109/1395/1149
f 1146/1444/1188 1144/1438/1186 1148/1443/1190
f 1145/2397/1187 1146/1444/1188 1149/1445/1191
f 1147/1442/1189 1145/1440/1187 1150/1447/1192
f 1153/1451/1196 1156/1452/1197 1155/1455/1200
f 1153/1451/1196 1154/1450/1195 1157/1456/1201
f 1153/1451/1196 1157/1456/1201 1156/1452/1197
f 1154/1450/1195 1152/1449/1194 1158/1462/1207
f 1157/1456/1201 1162/1458/1203 1160/1453/1198
f 1157/1456/1201 1154/1450/1195 1163/1459/1204
f 1154/1450/1195 1158/1462/1207 1165/1461/1206
f 1158/1462/1207 1152/1449/1194 1167/1464/1209
f 1169/1465/1210 1159/1454/1199 1160/1453/1198
f 1162/1458/1203 1161/1457/1202 1170/1467/1212
f 1171/1519/1248 1169/1516/1210 1168/1474/1211
f 1161/1457/1202 1163/1459/1204 1172/1468/1213
f 1161/2398/1202 1173/2399/1214 1170/2400/1212
f 1174/1470/1215 1168/1474/1211 1170/1471/1212
f 1175/1473/1216 1171/1519/1248 1168/1474/1211
f 1163/1459/1204 1164/1460/1205 1176/1475/1217
f 1163/2401/1204 1177/2402/1218 1172/2403/1213
f 1178/1477/1219 1173/1472/1214 1172/1478/1213
f 1179/1480/1220 1174/1470/1215 1173/1472/1214
f 1180/1481/1221 1175/1473/1216 1174/1470/1215
f 1164/1460/1205 1165/1461/1206 1181/1482/1222
f 1164/2404/1205 1182/2405/1223 1176/2406/1217
f 1183/1484/1224 1177/1479/1218 1176/1485/1217
f 1184/1487/1225 1178/1477/1219 1177/1479/1218
f 1185/1488/1226 1179/1480/1220 1178/1477/1219
f 1185/1488/1226 1180/1481/1221 1179/1480/1220
f 1165/1461/1206 1166/1463/1208 1186/1489/1227
f 1165/2407/1206 1187/2408/1228 1181/2409/1222
f 1188/1491/1229 1182/1486/1223 1181/1492/1222
f 1189/1494/1230 1183/1484/1224 1182/1486/1223
f 1190/1495/1231 1184/1487/1225 1183/1484/1224
f 1191/1496/1232 1185/1488/1226 1184/1487/1225
f 1166/2410/1208 1167/2411/1209 1192/2412/1233
f 1166/2413/1208 1193/1507/1234 1186/1506/1227
f 1187/1490/1228 1186/1489/1227 1194/2414/1235
f 1196/1502/1237 1188/1491/1229 1187/1493/1228
f 1197/1503/1238 1189/1494/1230 1188/1491/1229
f 1198/1504/1239 1190/1495/1231 1189/1494/1230
f 1198/1504/1239 1191/1496/1232 1190/1495/1231
f 1199/1509/1241 1195/1501/1236 1194/1500/1235
f 1200/1508/1240 1196/1502/1237 1195/1501/1236
f 1198/1504/1239 1197/1503/1238 1196/1502/1237
f 364/453/372 1153/1451/1196 1095/1381/1138
f 1153/1451/1196 1155/1455/1200 1100/1382/1139
f 1201/1511/1243 1104/1387/1142 1103/1512/1143
f 1202/1510/1242 1105/1388/1144 1104/1387/1142
f 1202/1510/1242 1106/1389/1145 1105/1388/1144
f 1203/1513/1244 1103/1512/1143 1159/1515/1199
f 1204/1528/1257 1202/1510/1242 1201/1511/1243
f 1205/1514/1245 1203/1513/1244 1159/1515/1199
f 1206/1517/1246 1201/1511/1243 1203/1513/1244
f 1206/1517/1246 1204/1528/1257 1201/1511/1243
f 1207/1518/1247 1205/1514/1245 1169/1516/1210
f 1207/1518/1247 1206/1517/1246 1205/1514/1245
f 1208/1520/1249 1207/1518/1247 1171/1519/1248
f 1185/1488/1226 1209/1521/1250 1180/1481/1221
f 1211/1523/1252 1210/1522/1251 1191/1496/1232
f 1202/1510/1242 1109/1395/1149 1106/1389/1145
f 1209/1521/1250 1212/1524/1253 1208/1520/1249
f 1210/1522/1251 1215/1525/1254 1185/1488/1226
f 1206/1517/1246 1214/1527/1256 1204/1528/1257
f 1214/1527/1256 1216/1529/1258 1202/1510/1242
f 1218/1531/1260 1217/1530/1259 1207/1518/1247
f 1209/1521/1250 1218/1531/1260 1212/1524/1253
f 1211/1523/1252 1219/1532/1261 1210/1522/1251
f 1217/1530/1259 1220/1533/1262 1206/1517/1246
f 1222/1535/1264 1221/1534/1263 1209/1521/1250
f 1219/1532/1261 1222/1535/1264 1215/1525/1254
f 1246/231/191 1134/1414/1105 1224/1563/1283
f 1141/1433/1183 1224/1563/1283 1134/1414/1105
f 1224/1563/1283 1141/1433/1183 1226/1538/1267
f 1216/1529/1258 1227/1539/1268 1149/1445/1191
f 1227/1539/1268 1228/1541/1269 1150/1540/1192
f 1225/1537/1266 1147/1442/1189 1151/1448/1193
f 1229/1543/1270 1226/1538/1267 1225/1537/1266
f 1228/1541/1269 1230/1547/1271 1151/1542/1193
f 1228/1541/1269 1214/1527/1256 1220/1533/1262
f 1230/1547/1271 1228/1541/1269 1220/1533/1262
f 1229/2415/1270 1230/1547/1271 1233/1548/1274
f 1231/1545/1272 1229/1543/1270 1234/1550/1275
f 1217/1530/1259 1236/1552/1277 1233/1548/1274
f 1236/1552/1277 1237/1554/1278 1234/1553/1275
f 1237/1554/1278 1238/1560/1279 1235/1555/1276
f 1232/1556/1273 1231/2416/1272 1235/1557/1276
f 1218/1531/1260 1239/1559/1280 1237/1554/1278
f 1239/1559/1280 1240/1561/1281 1238/1560/1279
f 1221/1534/1263 1241/1576/1291 1240/1561/1281
f 1241/1576/1291 1221/1534/1263 1222/1535/1264
f 1223/1536/1265 1242/1562/1282 1211/1523/1252
f 1232/1546/1273 1224/1563/1283 1226/1538/1267
f 1240/1561/1281 1248/1586/1288 1247/1569/1287
f 1243/1564/1284 1232/1546/1273 1247/1567/1287
f 1250/1575/1290 1248/1586/1288 1240/1561/1281
f 1244/1565/1285 1243/1564/1284 1249/1573/1289
f 1245/1566/1286 1244/1565/1285 1252/1578/1293
f 1255/1583/1296 1246/231/191 1245/1566/1286
f 1249/1573/1289 1248/1574/1288 1256/2417/1297
f 1250/1575/1290 1241/1576/1291 1222/1535/1264
f 1250/1575/1290 1257/1592/1300 1256/1585/1297
f 1251/1577/1292 1249/1573/1289 1256/2417/1297
f 1219/1532/1261 1250/1575/1290 1222/1535/1264
f 1219/1532/1261 1259/1593/1301 1257/1592/1300
f 1259/1593/1301 1260/1601/1305 1258/1594/1302
f 1252/1578/1293 1251/1577/1292 1258/1590/1299
f 1242/1562/1282 1262/1602/1306 1260/1601/1305
f 1262/1602/1306 1263/1611/1311 1261/1603/1307
f 1253/1604/1294 1252/2418/1293 1261/1605/1304
f 1223/1536/1265 1265/1610/1310 1262/1602/1306
f 1265/1610/1310 1266/1612/1312 1263/1611/1311
f 1266/1612/1312 1267/2013/1637 1264/1613/1313
f 1254/1582/1295 1253/1581/1294 1264/1614/1309
f 1268/1616/1315 1255/1583/1296 1254/1584/1295
f 741/937/769 1270/1621/1319 744/938/770
f 744/938/770 1272/1622/1320 743/1620/1318
f 1273/1623/1321 1272/1622/1320 1270/1621/1319
f 1271/1624/1322 1274/1633/1330 1273/1623/1321
f 1272/1622/1320 1277/1625/1323 743/1620/1318
f 1281/1626/1324 1278/1628/1326 1272/1622/1320
f 1281/1635/1324 1282/1629/1327 1279/1631/1325
f 1282/1629/1327 1283/1658/1347 1280/1630/1328
f 1284/1632/1329 1281/1626/1324 1273/1623/1321
f 1275/1638/1331 1282/1629/1327 1284/1634/1329
f 1285/1656/1345 1283/1658/1347 1282/1629/1327
f 1276/1637/1332 1285/1656/1345 1282/1629/1327
f 1287/1640/1334 1286/1639/1333 1272/1622/1320
f 1279/1643/1325 1288/1642/1335 1287/1649/1334
f 1280/1641/1328 1289/1651/1340 1288/1642/1335
f 1293/1645/1337 1290/1644/1336 1286/1639/1333
f 1288/1642/1335 1291/1647/1338 1293/1646/1337
f 1291/1647/1338 1294/1650/1339 1292/1654/1343
f 1294/1650/1339 1291/1647/1338 1288/1642/1335
f 1291/1647/1338 1296/1655/1344 1295/1653/1342
f 1292/1654/1343 1297/1860/1516 1296/1655/1344
f 1292/1654/1343 1300/1662/1351 1297/1860/1516
f 1280/1641/1328 1301/1661/1350 1289/1651/1340
f 1285/1656/1345 1305/1672/1360 1304/1664/1353
f 1305/1672/1360 1285/1656/1345 1303/1663/1352
f 1306/1666/1354 1280/1630/1328 1299/1657/1346
f 1294/1650/1339 1307/1667/1355 1302/1660/1349
f 1307/1667/1355 1294/1650/1339 1301/1661/1350
f 1308/1669/1357 1300/1662/1351 1302/1660/1349
f 1306/1665/1354 1310/1671/1359 1301/1661/1350
f 1311/1674/1358 1306/1666/1354 1304/1664/1353
f 1305/1672/1360 1313/1803/1467 1312/1673/1361
f 1313/1803/1467 1314/1690/1377 1312/1673/1361
f 1307/1667/1355 1315/1675/1362 1309/1668/1356
f 1315/1675/1362 1316/1957/1592 1308/1669/1357
f 796/1006/824 774/973/801 1317/1676/1363
f 797/1007/825 790/998/817 1318/1677/1364
f 1319/1679/1366 797/1007/825 1318/1677/1364
f 1321/1681/1368 1318/1677/1364 796/1006/824
f 1322/1680/1367 1319/1679/1366 1318/1677/1364
f 1324/1683/1370 1320/1678/1365 1319/1679/1366
f 1325/1685/1372 796/1006/824 1317/1676/1363
f 1326/1684/1371 1321/1681/1368 796/1006/824
f 1327/1686/1373 1322/1680/1367 1321/1681/1368
f 1330/1687/1374 1323/1682/1369 1322/1680/1367
f 1314/1690/1377 1328/1689/1376 1312/1673/1361
f 1332/1691/1378 1329/1693/1380 1328/1689/1376
f 1333/1692/1379 1330/2419/1374 1329/1693/1380
f 1333/1694/1379 1324/1683/1370 1323/1682/1369
f 1334/1696/1382 1317/1676/1363 795/1005/823
f 1335/1695/1381 1325/1685/1372 1317/1676/1363
f 1336/1697/1383 1326/1684/1371 1325/1685/1372
f 1338/1698/1384 1327/1686/1373 1326/1684/1371
f 1339/1700/1385 1337/1702/1387 1310/2420/1359
f 1339/1700/1385 1311/1674/1358 1328/1689/1376
f 1340/1701/1386 1338/2421/1384 1337/1702/1387
f 1340/1701/1386 1339/1700/1385 1329/1693/1380
f 1340/1706/1386 1330/1687/1374 1327/1686/1373
f 1341/1708/1389 1335/1695/1381 1334/1696/1382
f 1343/1707/1388 1336/1697/1383 1335/1695/1381
f 1344/1709/1390 1342/1712/1392 1315/1675/1362
f 1344/1709/1390 1307/1667/1355 1310/1671/1359
f 1345/1711/1391 1343/1717/1388 1342/1712/1392
f 1345/1711/1391 1344/1709/1390 1337/1710/1387
f 1345/1714/1391 1338/1698/1384 1336/1697/1383
f 1346/1719/1396 1341/1708/1389 1334/1696/1382
f 1347/1715/1393 1316/1957/1592 1315/1675/1362
f 1348/1716/1394 1347/1715/1393 1342/1712/1392
f 1348/1718/1395 1343/1707/1388 1341/1708/1389
f 831/1050/863 1349/1751/1397 837/1058/869
f 811/1021/839 1351/1723/1399 1349/1720/1397
f 1350/1722/1398 1352/1728/1403 1271/1624/1322
f 1350/1722/1398 1353/1724/1400 1352/1728/1403
f 1354/1729/1401 1274/1633/1330 1271/1624/1322
f 1354/1725/1401 1355/1727/1402 1275/1638/1331
f 1355/1727/1402 1356/1770/1436 1276/1637/1332
f 1352/1728/1403 1357/1733/1404 1354/1729/1401
f 1357/1730/1404 1358/1732/1406 1355/1727/1402
f 1359/1731/1405 1356/1770/1436 1355/1727/1402
f 1353/1724/1400 1360/1741/1408 1357/1733/1404
f 1361/1734/1407 1358/1732/1406 1357/1730/1404
f 1362/1736/1409 1359/1731/1405 1358/1732/1406
f 1353/1724/1400 1363/1737/1410 1360/1741/1408
f 836/1057/868 1364/1738/1411 1363/1737/1410
f 1361/1734/1407 1360/1735/1408 1365/1743/1413
f 1363/1737/1410 1367/1746/1415 1365/1740/1413
f 1368/1742/1414 1361/1734/1407 1365/1743/1413
f 1369/1745/1416 1366/1739/1412 1361/1734/1407
f 1364/1738/1411 1370/1750/1418 1367/1746/1415
f 1371/1747/1417 1368/1742/1414 1367/1744/1415
f 1372/1749/1419 1369/1745/1416 1368/1742/1414
f 837/1058/869 1373/1752/1420 1370/1750/1418
f 1371/1758/1417 1370/2422/1418 1374/2423/1422
f 1373/1752/1420 1376/1756/1424 1374/1754/1422
f 1377/1759/1423 1371/1758/1417 1374/2423/1422
f 1378/1757/1425 1375/1776/1421 1371/1758/1417
f 1377/1759/1423 1376/2424/1424 1379/1760/1426
f 1378/1757/1425 1377/1759/1423 1380/1761/1427
f 1349/1751/1397 1382/2048/1662 1379/1763/1429
f 1384/1766/1432 1381/1762/1428 1380/1761/1427
f 846/1078/888 1386/1768/1434 841/1070/880
f 841/1070/880 1387/1769/1435 838/1071/881
f 1356/1770/1436 1388/1781/1446 1298/1659/1348
f 1389/1771/1437 1388/1781/1446 1356/1770/1436
f 1362/1736/1409 1389/1771/1437 1359/1731/1405
f 1366/1739/1412 1390/1772/1438 1362/1736/1409
f 1372/1749/1419 1391/1773/1439 1369/1745/1416
f 1391/1773/1439 1372/1749/1419 1375/1753/1421
f 1393/1775/1441 1392/2425/1440 1375/1776/1421
f 1393/1775/1441 1378/1757/1425 1381/1762/1428
f 1387/1769/1435 1396/1790/1454 1395/1779/1444
f 1384/1766/1432 1394/1777/1442 1381/1762/1428
f 1395/1779/1444 1385/1767/1433 838/1071/881
f 1388/1781/1446 1398/1791/1455 1298/1659/1348
f 1399/1780/1445 1398/1791/1455 1388/1781/1446
f 1390/1772/1438 1399/1780/1445 1389/1771/1437
f 1369/1745/1416 1400/1782/1447 1366/1739/1412
f 1409/1784/1449 1401/1783/1448 1369/1745/1416
f 1392/1774/1440 1409/1784/1449 1391/1773/1439
f 1386/1768/1434 1404/1786/1451 1387/1769/1435
f 1403/1787/1450 1392/2425/1440 1393/1775/1441
f 1394/1777/1442 1406/1789/1453 1393/1775/1441
f 1406/1789/1453 1394/1777/1442 1397/1778/1443
f 1396/1790/1454 1407/1802/1466 1395/1779/1444
f 1401/1783/1448 1408/1792/1456 1400/1782/1447
f 1410/1793/1457 1399/1780/1445 1390/1772/1438
f 1408/1792/1456 1411/1794/1458 1390/1772/1438
f 1409/1784/1449 1412/1795/1459 1401/1783/1448
f 1409/1784/1449 1413/1796/1460 1412/1795/1459
f 1416/1798/1462 1415/1799/1463 1398/1791/1455
f 1417/1800/1464 1416/1798/1462 1410/1793/1457
f 1418/1801/1465 1417/1800/1464 1411/1794/1458
f 1413/1796/1460 1418/1801/1465 1408/1792/1456
f 1406/1789/1453 1419/1817/1480 1405/1788/1452
f 1419/1817/1480 1406/1789/1453 1414/1797/1461
f 1303/1663/1352 1420/1806/1470 1313/1803/1467
f 1420/1806/1470 1303/1663/1352 1415/1799/1463
f 1413/1796/1460 1421/1804/1468 1418/1801/1465
f 1416/1798/1462 1423/1808/1472 1415/1799/1463
f 1420/1806/1470 1424/1810/1474 1314/1690/1377
f 1415/1799/1463 1424/1810/1474 1420/1806/1470
f 1423/1808/1472 1416/1798/1462 1425/1807/1471
f 1423/1808/1472 1426/1809/1473 1424/1810/1474
f 1421/1804/1468 1425/1807/1471 1417/1800/1464
f 1427/1811/1475 1426/1809/1473 1425/1807/1471
f 1413/1796/1460 1427/1811/1475 1421/1804/1468
f 1429/1813/1477 1428/1812/1476 1413/1796/1460
f 1403/1785/1450 1430/1814/1478 1422/1805/1469
f 1430/1815/1478 1403/1787/1450 1405/1788/1452
f 905/1165/948 1432/1848/1482 925/1166/959
f 1432/1819/1482 905/1152/948 919/1158/952
f 1433/1820/1483 919/1158/952 923/1163/957
f 922/1162/956 797/1007/825 1320/1678/1365
f 923/1163/957 922/1162/956 1434/1821/1484
f 1434/1821/1484 1320/1678/1365 1435/1822/1485
f 923/1163/957 1434/1821/1484 1436/1823/1486
f 1433/1820/1483 923/1163/957 1437/1824/1487
f 1438/1825/1488 1331/1688/1375 1314/1690/1377
f 1439/1826/1489 1332/1691/1378 1331/1688/1375
f 1440/1827/1490 1333/1692/1379 1332/1691/1378
f 1426/1809/1473 1441/1829/1491 1438/1825/1488
f 1441/1829/1491 1442/1830/1492 1439/1826/1489
f 1442/1830/1492 1443/1834/1493 1440/1827/1490
f 1443/1831/1493 1435/1822/1485 1324/1683/1370
f 1427/1811/1475 1444/1832/1494 1441/1829/1491
f 1444/1832/1494 1445/1833/1495 1442/1830/1492
f 1445/1833/1495 1446/1838/1496 1443/1834/1493
f 1447/1836/1497 1444/1832/1494 1427/1811/1475
f 1447/1836/1497 1448/1837/1498 1445/1833/1495
f 1448/1837/1498 1449/2426/1499 1446/1838/1496
f 1436/1823/1486 1435/1822/1485 1446/1835/1496
f 1437/1824/1487 1436/1823/1486 1449/1839/1499
f 1433/1820/1483 1437/1824/1487 1450/1840/1500
f 1432/1819/1482 1433/1820/1483 1451/1841/1501
f 1429/1813/1477 1447/1836/1497 1428/1812/1476
f 1452/1843/1503 1449/2426/1499 1448/1837/1498
f 1430/1814/1478 1453/1842/1502 1448/1837/1498
f 1453/1842/1502 1454/2427/1504 1452/1843/1503
f 1450/1840/1500 1449/1839/1499 1452/1844/1503
f 1451/1841/1501 1450/1840/1500 1454/1845/1504
f 1432/1819/1482 1451/1841/1501 1455/1846/1507
f 1457/1850/1508 1453/1852/1502 1430/1815/1478
f 1458/1851/1509 1454/2428/1504 1453/1852/1502
f 1457/2429/1508 1459/2430/1510 1458/2431/1509
f 1455/1846/1505 1454/1845/1504 1458/1853/1509
f 1456/1849/1506 1455/1846/1507 1459/1854/1851
f 1460/1855/1511 1457/1850/1508 1419/1817/1480
f 1461/1856/1512 1459/2432/1510 1457/1850/1508
f 1456/1849/1506 1459/1854/1851 1461/2433/1852
f 742/1618/1316 1269/1619/1317 1462/1896/1546
f 1463/1857/1513 1462/1896/1546 1269/1619/1317
f 1464/1858/1514 1463/1857/1513 1277/1625/1323
f 1296/1655/1344 1465/1861/1517 1464/1859/1515
f 1297/1860/1516 1466/1863/1519 1465/1861/1517
f 1464/1858/1514 1467/1865/1520 1463/1857/1513
f 1468/1862/1518 1467/1868/1523 1464/1859/1515
f 1466/1863/1519 1469/1870/1525 1468/1862/1518
f 1463/1857/1513 1470/1866/1521 1462/1896/1546
f 1467/1865/1520 1471/1874/1529 1470/1866/1521
f 1472/1867/1522 1471/2434/1529 1467/1868/1523
f 1473/1869/1524 1472/1867/1522 1468/1862/1518
f 1474/1872/1527 1471/1874/1529 1472/2435/1522
f 1471/1874/1529 1476/1873/1528 1470/1866/1521
f 1474/1872/1527 1477/1884/1536 1476/1873/1528
f 1478/1875/1530 1477/2436/1853 1474/1876/1527
f 1479/1877/1531 1478/1875/1530 1472/1867/1522
f 1480/1878/1532 1477/2437/1853 1478/1879/1530
f 1481/1880/1533 1478/1879/1530 1479/1881/1531
f 1470/1866/1521 1483/1883/1535 1462/1896/1546
f 1476/1873/1528 1484/1885/1537 1483/1883/1535
f 1477/1884/1536 1485/1887/1538 1484/1885/1537
f 1480/1886/1532 1486/1899/1549 1485/1887/1538
f 1481/2438/1533 1486/2439/1549 1480/2440/1532
f 1488/1889/1540 1486/2441/1549 1481/1880/1533
f 1489/1890/1541 1481/1880/1533 1487/1888/1539
f 742/1618/1316 1462/1896/1546 1493/1895/1545
f 742/1618/1316 1493/1895/1545 1492/1894/1543
f 1483/1883/1535 1494/1897/1547 1493/1895/1545
f 1484/1885/1537 1495/1898/1548 1494/1897/1547
f 1486/1899/1549 1496/1901/1551 1495/1898/1548
f 1491/1893/1544 1492/1892/1543 1498/1902/1552
f 1491/2442/1544 1499/2443/1553 1497/2444/1567
f 1493/1895/1545 1501/2445/1555 1498/1907/1552
f 1502/1908/1556 1499/1932/1553 1498/1909/1552
f 1494/1897/1547 1503/1916/1558 1500/1911/1554
f 1504/1912/1557 1501/1910/1555 1500/1913/1554
f 1505/1915/1559 1502/1908/1556 1501/1910/1555
f 1495/1898/1548 1506/1920/1561 1503/1916/1558
f 1507/1917/1560 1504/1912/1557 1503/1914/1558
f 1508/1919/1562 1505/1915/1559 1504/1912/1557
f 1496/1901/1551 1509/2106/1563 1506/1920/1561
f 1475/1871/1526 1510/1942/1564 1479/1877/1531
f 1482/1882/1534 1479/1881/1531 1510/1922/1564
f 1512/1924/1566 1487/1888/1539 1482/1882/1534
f 1513/1943/1579 1490/1891/1542 1512/1924/1566
f 1152/1449/1194 739/1864/766 1491/1893/1544
f 1167/1464/1209 1491/1893/1544 1497/1925/1567
f 1167/2411/1209 1514/2446/1568 1192/2412/1233
f 1515/1927/1569 1193/1938/1234 1192/1928/1233
f 1517/1930/1570 1514/1929/1568 1497/1931/1567
f 1518/1933/1571 1515/1927/1569 1514/1929/1568
f 1519/1935/1573 1517/1930/1570 1499/1932/1553
f 1520/1936/1574 1518/1933/1571 1517/1930/1570
f 1521/1937/1575 1519/1935/1573 1502/1908/1556
f 1521/1937/1575 1522/2137/1734 1520/1936/1574
f 1199/1509/1241 1194/1500/1235 1193/1938/1234
f 1516/1934/1572 1200/1508/1240 1199/1509/1241
f 1516/1934/1572 1198/1504/1239 1200/1508/1240
f 1520/1936/1574 1522/2137/1734 1516/1934/1572
f 1300/1662/1351 1523/1939/1576 1466/1863/1519
f 1466/1863/1519 1524/1940/1577 1469/1870/1525
f 1526/1944/1580 1512/1924/1566 1511/1923/1565
f 1524/1940/1577 1527/2447/1854 1473/1869/1524
f 1525/1941/1578 1473/1869/1524 1527/2447/1854
f 1528/1948/1584 1513/1943/1579 1526/1944/1580
f 1516/1934/1572 1213/1526/1255 1198/1504/1239
f 1511/1923/1565 1529/1946/1582 1526/1944/1580
f 1530/1945/1581 1528/1948/1584 1526/1944/1580
f 1530/1945/1581 1532/1966/1600 1531/1947/1583
f 1524/1940/1577 1533/1953/1589 1527/2447/1854
f 1525/1941/1578 1527/2447/1854 1533/1953/1589
f 1525/1941/1578 1534/1955/1586 1510/1942/1564
f 1535/1949/1585 1511/1923/1565 1510/1922/1564
f 1537/1956/1591 1529/1946/1582 1535/1949/1585
f 1516/1934/1572 1223/1536/1265 1213/1526/1255
f 1316/1957/1592 1538/1959/1594 1523/1939/1576
f 1539/1958/1593 1524/1940/1577 1523/1939/1576
f 1540/1960/1595 1533/1953/1589 1524/1940/1577
f 1540/1960/1595 1541/1979/1612 1536/1954/1590
f 1542/1961/1596 1536/1954/1590 1541/1979/1612
f 1534/1950/1586 1543/1963/1597 1535/1949/1585
f 1544/1965/1599 1537/1956/1591 1543/1963/1597
f 1545/1964/1598 1530/1945/1581 1537/1956/1591
f 1546/1967/1601 795/1005/823 1567/1002/820
f 1547/1968/1602 1538/1959/1594 1316/1957/1592
f 1548/1969/1603 1547/1968/1602 1347/1715/1393
f 1548/1974/1608 1348/1718/1395 1346/1719/1396
f 1346/1719/1396 1334/1696/1382 1549/1970/1604
f 1551/1972/1606 1539/1958/1593 1538/1959/1594
f 1552/1973/1607 1551/1972/1606 1547/1968/1602
f 1548/1974/1608 1346/1719/1396 1550/1971/1605
f 1551/1972/1606 1553/1976/1609 1540/1960/1595
f 1552/1973/1607 1554/1980/1610 1553/1976/1609
f 1553/1976/1609 1556/1981/1613 1541/1979/1612
f 1554/1980/1610 1557/2448/1614 1556/1981/1613
f 1554/1977/1610 1550/1971/1605 1555/1978/1611
f 1558/1983/1615 1542/1961/1596 1541/1979/1612
f 1559/2449/1616 1558/1983/1615 1556/1981/1613
f 1561/1988/1618 1557/1982/1614 1555/1978/1611
f 1559/2449/1616 1562/2450/1619 1558/1983/1615
f 1559/1990/1616 1557/1982/1614 1561/1988/1618
f 1563/1992/1620 1544/1965/1599 1543/1963/1597
f 1564/1993/1621 1563/1992/1620 1558/1989/1615
f 1565/1995/1622 1545/1964/1598 1544/1965/1599
f 1566/1996/1623 1565/1995/1622 1563/1992/1620
f 1568/1997/1624 1560/1987/1617 1549/1970/1604
f 1561/1988/1618 1560/1987/1617 1568/1997/1624
f 1562/1991/1619 1561/1988/1618 1569/1998/1625
f 1564/2000/1621 1562/1991/1619 1570/1999/1626
f 1566/1996/1623 1572/2231/1628 1565/1995/1622
f 1566/2002/1623 1564/2000/1621 1571/2001/1627
f 1573/2006/1629 1567/1002/820 1246/1001/191
f 1574/2005/1630 1546/1967/1601 1567/1002/820
f 1575/2007/1631 1549/1970/1604 1546/1967/1601
f 1576/2008/1632 1568/1997/1624 1549/1970/1604
f 1577/2009/1633 1569/1998/1625 1568/1997/1624
f 1570/1999/1626 1569/1998/1625 1577/2009/1633
f 1571/2001/1627 1570/1999/1626 1578/2010/1634
f 1572/2003/1628 1571/2001/1627 1579/2011/1635
f 1580/1952/1588 1581/2012/1636 1266/1612/1312
f 1581/2012/1636 1582/2014/1638 1267/2013/1637
f 1582/2014/1638 1583/2023/1643 1268/2015/1639
f 1584/2027/1641 1573/2026/1629 1255/2451/1296
f 1580/1952/1588 1585/2022/1642 1581/2012/1636
f 1585/2022/1642 1586/2024/1644 1583/2023/1643
f 1586/2024/1644 1587/2034/1646 1584/2025/1645
f 1588/2038/1647 1574/2005/1630 1573/2006/1629
f 1589/2032/1648 1590/2033/1649 1586/2024/1644
f 1590/2033/1649 1591/2035/1650 1587/2034/1646
f 1591/2035/1650 1592/2040/1653 1588/2036/1647
f 1592/2037/1651 1575/2007/1631 1574/2005/1630
f 1589/2032/1648 1593/2039/1652 1591/2035/1650
f 1593/2039/1652 1594/2452/1654 1592/2040/1653
f 1594/2041/1654 1576/2008/1632 1575/2007/1631
f 1593/2039/1652 1595/2453/1655 1594/2452/1654
f 1595/2042/1655 1577/2009/1633 1576/2008/1632
f 1578/2010/1634 1577/2009/1633 1595/2042/1655
f 1596/2454/1658 1595/2453/1655 1593/2039/1652
f 1579/2011/1657 1578/2010/1634 1595/2042/1655
f 1598/2045/1659 1383/1765/1431 1379/1760/1426
f 1599/2047/1661 1384/1766/1432 1383/1765/1431
f 1385/1767/1433 1600/2050/1664 1351/1723/1399
f 1602/2051/1665 1598/2045/1659 1597/2046/1660
f 1603/2053/1667 1599/2047/1661 1598/2045/1659
f 1382/2048/1662 1601/2059/1673 1597/2049/1663
f 1385/1767/1433 1604/2092/1700 1600/2050/1664
f 1606/2054/1668 1608/2055/1669 1605/2064/1677
f 1606/2054/1668 1602/2051/1665 1601/2052/1666
f 1609/2056/1670 1603/2053/1667 1602/2051/1665
f 1610/2058/1672 1608/2071/1683 1601/2059/1673
f 1600/2050/1664 1610/2073/1672 1382/1764/1430
f 1615/2060/1674 1614/2455/1678 1611/2061/1675
f 1615/2063/1674 1606/2054/1668 1605/2064/1677
f 1616/2456/1679 1615/2060/1674 1612/2062/1676
f 1616/2066/1679 1607/2057/1671 1606/2054/1668
f 1617/2069/1681 1614/2088/1696 1605/2070/1682
f 1610/2058/1672 1617/2069/1681 1608/2071/1683
f 1604/2092/1700 1618/2072/1684 1600/2050/1664
f 1619/2074/1685 1488/1889/1540 1489/1890/1541
f 1620/2075/1686 1489/1890/1541 1490/1891/1542
f 1626/2080/1691 1612/2062/1676 1611/2061/1675
f 1627/2085/1693 1626/2080/1691 1622/2078/1689
f 1627/2085/1693 1613/2457/1680 1612/2062/1676
f 1628/2086/1694 1624/2099/1692 1611/2087/1695
f 1629/2089/1697 1628/2086/1694 1614/2088/1696
f 1630/2090/1698 1629/2089/1697 1617/2069/1681
f 1618/2072/1684 1630/2104/1698 1610/2073/1672
f 1619/2093/1685 1632/2107/1709 1496/1901/1551
f 1620/2458/1686 1632/2107/1709 1619/2093/1685
f 1633/2094/1701 1632/2459/1709 1620/2075/1686
f 1623/2079/1690 1634/2095/1702 1620/2075/1686
f 1635/2460/1703 1622/2078/1689 1624/2081/1692
f 1635/2460/1703 1634/2095/1702 1622/2078/1689
f 1636/2100/1704 1633/2097/1701 1624/2099/1692
f 1637/2101/1705 1636/2100/1704 1628/2086/1694
f 1638/2102/1706 1637/2101/1705 1629/2089/1697
f 1639/2103/1707 1638/2120/1706 1630/2104/1698
f 1640/2105/1708 1639/2103/1707 1618/2072/1684
f 1507/1917/1560 1641/2110/1711 1508/1919/1562
f 1633/2097/1701 1642/2109/1710 1509/2106/1563
f 1643/2111/1712 1507/1917/1560 1642/2108/1710
f 1644/2461/1713 1642/2109/1710 1636/2100/1704
f 1645/2136/1733 1641/2110/1711 1643/2111/1712
f 1646/2113/1714 1644/2461/1713 1636/2100/1704
f 1647/2114/1715 1643/2111/1712 1644/2112/1713
f 1648/2116/1716 1645/2136/1733 1643/2111/1712
f 1649/2117/1717 1646/2113/1714 1637/2101/1705
f 1649/2118/1717 1650/2121/1718 1647/2114/1715
f 1639/2103/1707 1650/2462/1718 1649/2119/1717
f 1650/2121/1718 1651/2140/1719 1648/2116/1716
f 1651/2122/1719 1650/2462/1718 1639/2103/1707
f 1599/2047/1661 1397/1778/1443 1384/1766/1432
f 1652/2123/1720 1654/2125/1722 1604/2092/1700
f 1653/2124/1721 1655/2151/1745 1654/2125/1722
f 1656/2127/1724 1621/2076/1687 1490/1891/1542
f 1657/2126/1723 1656/2127/1724 1490/1891/1542
f 1623/2079/1690 1621/2076/1687 1656/2127/1724
f 1660/2129/1726 1625/2077/1688 1623/2079/1690
f 1660/2129/1726 1658/2128/1725 1659/2155/1749
f 1661/2130/1727 1631/2091/1699 1604/2092/1700
f 1654/2125/1722 1662/2134/1731 1661/2130/1727
f 1658/2128/1725 1656/2127/1724 1663/2131/1728
f 1659/2155/1749 1658/2128/1725 1664/2132/1729
f 1665/2133/1730 1640/2105/1708 1631/2091/1699
f 1661/2130/1727 1666/2135/1732 1665/2133/1730
f 1667/2144/1739 1666/2135/1732 1662/2134/1731
f 1641/2110/1711 1522/2137/1734 1521/1937/1575
f 1645/2136/1733 1668/2146/1741 1522/2137/1734
f 1669/2138/1735 1668/2146/1741 1645/2136/1733
f 1669/2138/1735 1670/2142/1737 1668/2146/1741
f 1671/2139/1736 1669/2138/1735 1648/2116/1716
f 1665/2133/1730 1671/2141/1736 1651/2122/1719
f 1672/2143/1738 1671/2141/1736 1666/2135/1732
f 1674/2147/1742 1673/2145/1740 1668/2146/1741
f 1675/2148/1743 1674/2147/1742 1670/2142/1737
f 1675/2148/1743 1676/2174/1755 1674/2147/1742
f 1672/2143/1738 1676/2162/1755 1675/2149/1743
f 1678/2152/1746 1653/2124/1721 1652/2123/1720
f 1677/2150/1744 1603/2053/1667 1609/2056/1670
f 1609/2056/1670 1607/2057/1671 1679/2164/1757
f 1681/2154/1748 1616/2066/1679 1680/2153/1747
f 1681/2154/1748 1679/2164/1757 1607/2057/1671
f 1531/1947/1583 1657/2126/1723 1513/1943/1579
f 1683/2156/1750 1659/2155/1749 1682/2167/1760
f 1627/2085/1693 1680/2158/1747 1613/2457/1680
f 1627/2085/1693 1660/2129/1726 1683/2156/1750
f 1685/2159/1752 1663/2131/1728 1531/1947/1583
f 1664/2132/1729 1682/2167/1760 1659/2155/1749
f 1667/2144/1739 1686/2161/1754 1672/2143/1738
f 1687/1951/1587 1516/1934/1572 1522/2137/1734
f 1676/2174/1755 1688/2160/1753 1674/2147/1742
f 1689/2163/1756 1599/2047/1661 1677/2150/1744
f 1691/1161/955 1654/2125/1722 1655/2151/1745
f 1692/2166/1759 1664/2132/1729 1685/2159/1752
f 1414/1797/1461 1397/1778/1443 1689/2163/1756
f 1407/1802/1466 1693/1818/1481 1652/2123/1720
f 1690/2165/1758 1694/2168/1761 1677/2150/1744
f 1681/2154/1748 1680/2153/1747 1695/2463/1771
f 1684/2157/1751 1695/2179/1771 1680/2158/1747
f 1691/1161/955 1696/2171/1764 1662/2134/1731
f 1697/2169/1762 1685/2159/1752 1531/1947/1583
f 1692/2166/1759 1685/2159/1752 1697/2169/1762
f 1698/2170/1763 1683/2156/1750 1682/2167/1760
f 1667/2144/1739 1699/2175/1767 1686/2161/1754
f 1673/2145/1740 1700/2043/1656 1522/2137/1734
f 1688/2160/1753 1701/2172/1765 1673/2145/1740
f 1699/2175/1767 1702/2464/1766 1676/2162/1755
f 1703/2177/1769 1678/2152/1746 1693/1818/1481
f 1704/2176/1768 1681/2154/1748 1695/2463/1771
f 1696/2171/1764 1706/2180/1772 1667/2144/1739
f 1705/2178/1770 1683/2156/1750 1708/2189/1780
f 1709/2183/1775 1697/2169/1762 1532/1966/1600
f 1710/2182/1774 1692/2166/1759 1697/2169/1762
f 1698/2170/1763 1692/2166/1759 1710/2182/1774
f 1698/2170/1763 1708/2189/1780 1683/2156/1750
f 1706/2180/1772 1711/2186/1778 1699/2175/1767
f 1702/2173/1766 1712/2184/1776 1688/2160/1753
f 1699/2175/1767 1713/2187/1777 1702/2464/1766
f 1707/2181/1773 1679/2164/1757 1715/2465/1855
f 1707/2181/1773 1714/2188/1779 1694/2168/1761
f 1691/1161/955 1703/2177/1769 1693/1818/1481
f 1704/2176/1768 1715/2465/1855 1679/2164/1757
f 1704/2176/1768 1695/2463/1771 1716/2466/1856
f 1717/2190/1781 1716/2467/1856 1695/2179/1771
f 1696/2171/1764 1719/2192/1783 1706/2180/1772
f 1712/2184/1776 1720/2193/1784 1701/2172/1765
f 1722/2195/1786 1460/1855/1511 1414/1797/1461
f 1723/2196/1787 1461/1856/1512 1460/1855/1511
f 1456/1849/1506 1461/2433/1852 1723/2198/1789
f 1714/2188/1779 1721/2194/1785 1689/2163/1756
f 1722/2195/1786 1721/2194/1785 1714/2188/1779
f 1723/2196/1787 1722/2195/1786 1725/2200/1791
f 925/1166/959 1727/2202/1793 924/1164/958
f 1728/2204/1795 1707/2181/1773 1715/2465/1855
f 1725/2200/1791 1714/2188/1779 1707/2181/1773
f 1726/2201/1792 1725/2200/1791 1728/2204/1795
f 1724/2197/1788 1731/2226/1810 1727/2202/1793
f 1731/2207/1798 1724/2199/1790 1726/2203/1794
f 1704/2176/1768 1716/2466/1856 1732/2209/1800
f 1728/2204/1795 1715/2465/1855 1704/2176/1768
f 1734/2210/1801 1732/2209/1800 1733/2220/1802
f 1729/2205/1796 1728/2204/1795 1734/2210/1801
f 1736/2215/1804 1730/2208/1797 1729/2216/1796
f 1717/2190/1781 1708/2189/1780 1737/2218/1806
f 1732/2219/1800 1716/2467/1856 1717/2190/1781
f 1732/2219/1800 1737/2218/1806 1738/2235/1807
f 1739/2222/1808 1735/2217/1803 1733/2223/1802
f 1740/2225/1809 1736/2215/1804 1735/2217/1803
f 1727/2202/1793 1741/2227/1811 924/1164/958
f 1731/2226/1810 1742/2468/1812 1741/2227/1811
f 1742/2228/1812 1731/2207/1798 1736/2215/1805
f 1743/2229/1813 1709/2183/1775 1532/1966/1600
f 1744/2230/1814 1743/2229/1813 1565/1995/1622
f 1710/2182/1774 1709/2183/1775 1743/2229/1813
f 1745/2232/1815 1743/2229/1813 1744/2230/1814
f 1718/2191/1782 1710/2182/1774 1745/2232/1815
f 1737/2218/1806 1708/2189/1780 1718/2191/1782
f 1737/2218/1806 1745/2232/1815 1746/2233/1816
f 1749/2238/1819 1739/2222/1808 1738/2224/1807
f 1750/2239/1820 1740/2225/1809 1739/2222/1808
f 1742/2468/1812 1751/2249/1821 1741/2227/1811
f 1751/2240/1821 1742/2228/1812 1740/2225/1809
f 1744/2241/1822 1572/2003/1628 1579/2011/1635
f 1746/2244/1825 1744/2241/1822 1752/2242/1823
f 1753/2243/1824 1747/2237/1817 1746/2244/1825
f 1753/2243/1824 1748/2236/1818 1747/2237/1817
f 1754/2245/1826 1749/2238/1819 1748/2236/1818
f 1755/2246/1827 1750/2239/1820 1749/2238/1819
f 1756/2247/1828 1711/2186/1778 1719/2192/1783
f 1757/2248/1829 1756/2247/1828 1741/2227/1811
f 1757/2250/1829 1751/2240/1821 1750/2239/1820
f 1758/2253/1831 1596/2454/1658 1593/2039/1652
f 1752/2242/1830 1579/2011/1657 1596/2044/1658
f 1700/2043/1656 1759/2252/1832 1593/2039/1652
f 1758/2251/1831 1753/2243/1834 1752/2242/1830
f 1760/2469/1833 1758/2253/1831 1759/2252/1832
f 1760/2254/1833 1754/2245/1826 1753/2243/1834
f 1761/2255/1835 1759/2252/1832 1720/2193/1784
f 1762/2256/1836 1760/2469/1833 1759/2252/1832
f 1755/2246/1827 1754/2245/1826 1760/2254/1833
f 1763/2258/1837 1761/2255/1835 1712/2184/1776
f 1763/2259/1837 1713/2187/1777 1711/2186/1778
f 1764/2260/1838 1762/2256/1836 1761/2255/1835
f 1764/2261/1838 1763/2259/1837 1756/2247/1828
f 1764/2262/1838 1757/2250/1829 1755/2246/1827
