# Blender 5.2.2 LTS
# www.blender.org
mtllib right_elbow_outword.mtl
o right_elbow_outword
v -0.016920 -0.009435 -0.008502
v -0.016916 -0.008819 -0.008706
v -0.017801 -0.009447 -0.006392
v -0.017577 -0.009348 -0.007258
v -0.018395 -0.009601 -0.004030
v -0.018595 -0.009187 -0.004037
v -0.018897 -0.009092 -0.002254
v -0.017978 -0.009633 -0.005354
v -0.018202 -0.009117 -0.005533
v -0.017846 -0.009760 -0.003444
v -0.018835 -0.009453 -0.002093
v -0.018899 -0.009511 0.001405
v -0.019034 -0.009111 -0.000422
v -0.018589 -0.009704 -0.001393
v -0.017597 -0.003653 -0.007209
v -0.016887 -0.004123 -0.008761
v -0.018583 -0.003628 -0.004052
v -0.018222 -0.003668 -0.005453
v -0.019035 -0.003854 -0.000428
v -0.016940 -0.003473 -0.008455
v -0.017843 -0.003437 -0.006280
v -0.017301 -0.003108 -0.006889
v -0.018913 -0.003665 -0.002116
v -0.018664 -0.003217 -0.001990
v -0.018262 -0.003157 -0.004037
v -0.018732 -0.003167 0.000687
v -0.016581 -0.002079 -0.004107
v -0.017034 -0.002059 -0.000970
v -0.015154 -0.009686 -0.010716
v -0.015015 -0.009112 -0.011680
v -0.014573 -0.009524 -0.012009
v -0.014148 -0.009759 -0.011619
v -0.013939 -0.009044 -0.012947
v -0.016270 -0.009447 -0.009670
v -0.016150 -0.009697 -0.009147
v -0.016019 -0.008836 -0.010261
v -0.015632 -0.009464 -0.010651
v -0.016977 -0.009752 -0.007234
v -0.015099 -0.003934 -0.011568
v -0.014040 -0.003888 -0.012829
v -0.016137 -0.003890 -0.010066
v -0.014903 -0.003504 -0.011709
v -0.015338 -0.003086 -0.010517
v -0.013506 -0.003054 -0.012703
v -0.016352 -0.003222 -0.009227
v -0.015667 -0.003468 -0.010608
v -0.014744 -0.002108 -0.008712
v -0.014098 -0.001629 -0.008806
v -0.013840 -0.001060 -0.008929
v -0.015726 -0.002000 -0.006324
v -0.015058 -0.001651 -0.007113
v -0.015263 -0.001021 -0.006187
v -0.014647 -0.001050 -0.007532
v -0.016393 -0.001614 -0.002793
v -0.016171 -0.001050 -0.003147
v -0.015888 -0.001571 -0.004791
v -0.015807 -0.001040 -0.004625
v -0.016651 -0.001658 -0.000894
v -0.016473 -0.001166 -0.000840
v -0.012552 -0.009561 -0.013997
v -0.012644 -0.009061 -0.014219
v -0.011714 -0.009456 -0.014880
v -0.011455 -0.009755 -0.014390
v -0.013369 -0.009447 -0.013356
v -0.012606 -0.003877 -0.014254
v -0.011006 -0.003883 -0.015534
v -0.012006 -0.003372 -0.014571
v -0.013697 -0.003432 -0.013025
v -0.012846 -0.002021 -0.011124
v -0.011334 -0.002025 -0.012657
v -0.011827 -0.001551 -0.011637
v -0.011022 -0.001043 -0.012247
v -0.012976 -0.001017 -0.010142
v -0.013030 -0.001557 -0.010292
v -0.012132 -0.001032 -0.011142
v -0.011608 -0.002051 -0.003340
v -0.010961 -0.002502 -0.004029
v -0.011572 0.006092 -0.003532
v -0.011934 -0.001939 -0.001918
v -0.011816 -0.002373 -0.001182
v -0.012076 -0.001775 -0.000817
v -0.012137 0.001204 0.000422
v -0.011900 0.006075 -0.002189
v -0.011225 -0.002608 -0.001499
v -0.009433 -0.016354 -0.012568
v -0.009624 -0.015998 -0.012245
v -0.009652 -0.010547 -0.011969
v -0.009154 -0.016451 -0.012313
v -0.009146 -0.016041 -0.012689
v -0.009449 -0.016340 -0.008737
v -0.009692 -0.015963 -0.009112
v -0.009714 -0.010501 -0.009354
v -0.009686 -0.010326 -0.009009
v -0.009524 -0.010179 -0.008705
v -0.009160 -0.016449 -0.009047
v -0.009105 -0.015781 -0.008526
v -0.009116 -0.010546 -0.008519
v -0.009524 -0.010518 -0.012529
v -0.009143 -0.010510 -0.012702
v -0.009006 -0.009473 -0.016652
v -0.011202 -0.009082 -0.015386
v -0.010300 -0.009507 -0.015810
v -0.009794 -0.009046 -0.016324
v -0.009878 -0.009750 -0.015518
v -0.007889 -0.009759 -0.016651
v -0.009576 -0.009838 -0.013135
v -0.010033 -0.009856 -0.012482
v -0.009764 -0.010143 -0.012227
v -0.009397 -0.010082 -0.012859
v -0.010065 -0.009837 -0.008130
v -0.009157 -0.010058 -0.008363
v -0.010440 -0.009762 -0.007770
v -0.008467 -0.003868 -0.017055
v -0.010355 -0.003364 -0.015763
v -0.011442 -0.003089 -0.014672
v -0.009262 -0.003469 -0.016528
v -0.009445 -0.002010 -0.014119
v -0.008954 -0.001530 -0.013985
v -0.008327 -0.001067 -0.014227
v -0.010372 -0.001667 -0.013059
v -0.009669 -0.001058 -0.013350
v -0.010429 -0.001717 -0.006102
v -0.010832 0.005965 -0.005360
v -0.010391 0.005964 -0.006171
v -0.009879 -0.002602 -0.005415
v -0.009770 -0.001783 -0.007112
v -0.009915 0.005915 -0.006912
v -0.009644 -0.002382 -0.006892
v -0.008748 -0.002613 -0.007023
v -0.008654 -0.001740 -0.008443
v -0.009328 0.005970 -0.007687
v -0.011140 -0.001959 -0.004676
v -0.011214 0.005943 -0.004520
v -0.010447 -0.002289 -0.005741
v -0.005038 -0.016388 -0.012534
v -0.004938 -0.016341 -0.008684
v -0.004693 -0.010411 -0.012606
v -0.007881 -0.009307 -0.017319
v -0.006757 -0.009345 -0.017800
v -0.006089 -0.009692 -0.017624
v -0.005561 -0.009478 -0.018097
v -0.005148 -0.009089 -0.018346
v -0.010380 -0.009764 -0.013656
v -0.004773 -0.009819 -0.013012
v -0.004757 -0.009968 -0.012810
v -0.004237 -0.010049 -0.008272
v -0.004275 -0.009816 -0.007988
v -0.006686 -0.003862 -0.017840
v -0.005189 -0.003722 -0.018330
v -0.008880 -0.003135 -0.016444
v -0.007024 -0.003457 -0.017603
v -0.006421 -0.003156 -0.017581
v -0.004321 -0.003148 -0.018219
v -0.007624 -0.001977 -0.015117
v -0.005337 -0.001630 -0.015781
v -0.007072 -0.001291 -0.014906
v -0.005931 -0.002102 -0.016064
v -0.005698 -0.001067 -0.015480
v -0.008707 -0.002359 -0.008006
v -0.007266 -0.001815 -0.009665
v -0.007935 0.005965 -0.009122
v -0.007277 -0.002336 -0.009417
v -0.007103 0.005942 -0.009796
v -0.006071 0.005941 -0.010475
v -0.005656 -0.002466 -0.010283
v -0.005923 -0.002196 -0.010436
v -0.005670 -0.001483 -0.010702
v -0.007155 -0.002606 -0.008700
v -0.006165 -0.002617 -0.000100
v -0.004447 -0.016440 -0.012175
v -0.004812 -0.015960 -0.012596
v -0.004147 -0.015779 -0.008403
v -0.002753 -0.016454 -0.008993
v -0.003726 -0.016389 -0.008463
v -0.000298 -0.010508 -0.008311
v -0.003975 -0.010518 -0.008391
v -0.004174 -0.009413 -0.018523
v -0.003887 -0.009730 -0.018156
v -0.003335 -0.008799 -0.018770
v 0.001456 -0.009761 -0.013215
v -0.003585 -0.009760 0.000219
v -0.003022 -0.009506 0.000112
v -0.002834 -0.009096 0.000094
v -0.003464 -0.003835 -0.018746
v -0.003127 -0.007130 -0.003041
v -0.002779 -0.006830 -0.003881
v -0.004948 -0.006937 -0.000083
v -0.004505 -0.007327 -0.000203
v -0.004843 -0.006573 -0.000489
v -0.003132 -0.007350 -0.002412
v -0.003959 -0.007047 -0.001772
v -0.003337 -0.007476 -0.000103
v -0.002856 -0.007999 0.000109
v -0.003044 -0.007635 0.000103
v -0.004206 -0.003374 -0.018429
v -0.002174 -0.003399 -0.018822
v -0.002960 -0.002843 -0.003820
v -0.004944 -0.003166 -0.000275
v -0.004632 -0.002916 -0.000881
v -0.004222 -0.002885 -0.001638
v -0.003801 -0.002780 -0.002503
v -0.003563 -0.003121 -0.002617
v -0.003588 -0.001970 -0.016572
v -0.004325 -0.001242 -0.015932
v -0.002811 -0.001017 -0.016264
v -0.003709 -0.002429 -0.011206
v -0.003438 -0.001953 -0.011607
v -0.004608 -0.001973 -0.011196
v -0.004975 -0.002613 -0.010157
v -0.002667 -0.002617 -0.005143
v -0.002561 -0.002681 -0.004817
v -0.005239 -0.002720 -0.000271
v -0.004712 -0.002643 -0.001682
v -0.000339 -0.015747 -0.012492
v 0.000047 -0.016451 -0.011950
v 0.000274 -0.016335 -0.012265
v -0.000340 -0.010526 -0.012497
v -0.000005 -0.016424 -0.010146
v 0.000003 -0.016362 -0.008429
v -0.000305 -0.016042 -0.008321
v -0.002417 -0.009418 -0.018830
v -0.001942 -0.009705 -0.018575
v -0.001649 -0.009152 -0.019002
v -0.000389 -0.009518 -0.018926
v 0.002177 -0.009662 -0.018676
v 0.001458 -0.009164 -0.019045
v 0.000141 -0.009866 -0.012843
v -0.000025 -0.010071 -0.008149
v 0.000232 -0.009844 -0.007897
v -0.002849 -0.009735 -0.001921
v -0.001605 -0.009751 -0.003022
v -0.000031 -0.009636 -0.003194
v -0.000360 -0.009139 -0.002839
v -0.002615 -0.009401 -0.001105
v -0.002207 -0.009126 -0.001718
v -0.001725 -0.009541 -0.002461
v -0.001580 -0.009174 -0.002336
v -0.000302 -0.007772 -0.002899
v -0.001787 -0.003799 -0.018985
v -0.002404 -0.006881 -0.004271
v -0.002144 -0.007345 -0.003943
v -0.001863 -0.007203 -0.004252
v -0.000093 -0.007451 -0.003394
v -0.001752 -0.006653 -0.004493
v -0.002616 -0.007747 -0.001134
v -0.002127 -0.007747 -0.001921
v -0.002218 -0.007462 -0.002450
v -0.001562 -0.007779 -0.002377
v -0.001622 -0.003076 -0.018556
v -0.000020 -0.003641 -0.019073
v 0.001220 -0.003176 -0.018758
v -0.002654 -0.003204 -0.004085
v -0.001948 -0.003079 -0.004503
v 0.002313 -0.003118 -0.004409
v -0.000755 -0.001956 -0.016947
v -0.001302 -0.001301 -0.016485
v 0.001059 -0.001650 -0.016692
v 0.000143 -0.001044 -0.016530
v -0.002094 -0.002411 -0.011672
v -0.002216 -0.002615 -0.011123
v -0.002031 -0.001952 -0.011958
v 0.000149 -0.001733 -0.012153
v -0.000747 0.005969 -0.012121
v 0.000358 -0.002350 -0.011915
v -0.002221 -0.002804 -0.004596
v -0.018968 -0.009193 0.001688
v -0.018815 -0.008798 0.002979
v -0.018598 -0.009696 0.001611
v -0.017748 -0.009759 0.005099
v -0.018541 -0.009123 0.004368
v -0.018397 -0.009611 0.004040
v -0.017854 -0.009465 0.006441
v -0.018010 -0.009134 0.006262
v -0.017175 -0.009627 0.007633
v -0.017306 -0.009119 0.008029
v -0.016629 -0.009426 0.009168
v -0.018985 -0.003581 0.001467
v -0.018786 -0.004113 0.003163
v -0.018453 -0.003904 0.004774
v -0.017253 -0.003871 0.008134
v -0.018875 -0.003568 0.002075
v -0.018521 -0.003388 0.003849
v -0.018206 -0.003119 0.004179
v -0.018171 -0.003548 0.005550
v -0.017861 -0.003661 0.006661
v -0.017590 -0.003139 0.006368
v -0.017199 -0.003437 0.007962
v -0.016916 -0.002044 0.002093
v -0.016553 -0.009753 0.008146
v -0.015740 -0.009728 0.009830
v -0.015839 -0.009470 0.010438
v -0.016452 -0.009050 0.009681
v -0.014884 -0.009758 0.010983
v -0.015354 -0.009333 0.011347
v -0.014531 -0.009421 0.012260
v -0.013816 -0.009740 0.012389
v -0.014447 -0.008846 0.012513
v -0.013847 -0.009442 0.013062
v -0.016615 -0.003852 0.009377
v -0.015598 -0.003875 0.011023
v -0.014303 -0.003671 0.012666
v -0.016573 -0.003121 0.008675
v -0.016248 -0.003370 0.009723
v -0.015212 -0.003374 0.011288
v -0.014665 -0.003096 0.011596
v -0.016643 -0.001664 0.001095
v -0.016381 -0.001588 0.002917
v -0.016425 0.002059 0.001153
v -0.016456 -0.001199 0.001160
v -0.016268 -0.000669 0.002151
v -0.016316 0.000116 0.001443
v -0.015728 -0.000425 0.002432
v -0.015751 -0.000065 0.001906
v -0.015326 -0.000504 0.003155
v -0.016153 -0.001418 0.003681
v -0.015987 -0.000658 0.003640
v -0.016211 -0.001993 0.005131
v -0.015734 -0.001534 0.005398
v -0.015592 -0.001094 0.005449
v -0.015810 -0.000325 0.004305
v -0.015722 0.000513 0.004864
v -0.015423 -0.000351 0.003756
v -0.015459 0.000097 0.004319
v -0.015176 -0.002085 0.007987
v -0.014878 -0.001637 0.007581
v -0.014964 -0.001031 0.007010
v -0.014227 -0.001023 0.008425
v -0.013376 -0.002009 0.010596
v -0.013538 -0.001549 0.009744
v -0.012710 -0.009715 0.013633
v -0.012836 -0.009435 0.014100
v -0.013274 -0.009116 0.013764
v -0.010993 -0.009759 0.014869
v -0.011744 -0.009469 0.014941
v -0.011892 -0.009040 0.014987
v -0.013169 -0.003643 0.013859
v -0.013008 -0.003145 0.013531
v -0.011918 -0.003897 0.014965
v -0.011650 -0.003370 0.014960
v -0.010909 -0.003118 0.015264
v -0.012328 -0.000248 0.001395
v -0.012587 -0.000384 0.001745
v -0.012425 -0.000542 0.002549
v -0.011933 -0.002133 0.001829
v -0.012000 -0.000818 0.002116
v -0.012111 -0.000460 0.000772
v -0.011935 -0.000455 0.003265
v -0.011413 -0.002554 0.002190
v -0.012556 -0.000342 0.003216
v -0.012193 0.000145 0.003749
v -0.011590 -0.001844 0.003530
v -0.011630 -0.000786 0.003576
v -0.011372 -0.002352 0.003588
v -0.011219 -0.001912 0.004610
v -0.011277 0.001198 0.004505
v -0.013400 -0.001028 0.009706
v -0.012399 -0.001634 0.011203
v -0.012486 -0.001058 0.010871
v -0.011018 -0.001972 0.012987
v -0.011552 -0.001320 0.011885
v -0.010677 -0.009340 0.015882
v -0.009787 -0.009760 0.015736
v -0.010187 -0.009445 0.016093
v -0.009095 -0.008814 0.016864
v -0.009285 -0.009427 0.016672
v -0.008341 -0.009695 0.016768
v -0.008416 -0.009443 0.017113
v -0.010797 -0.003651 0.015796
v -0.009049 -0.003711 0.016881
v -0.010072 -0.003519 0.016176
v -0.009084 -0.003192 0.016535
v -0.010304 -0.002613 0.004725
v -0.010892 -0.002196 0.005116
v -0.010809 -0.001449 0.005545
v -0.010078 -0.002513 0.005917
v -0.010437 -0.002194 0.006011
v -0.010092 -0.001957 0.006771
v -0.009508 -0.002405 0.007108
v -0.009277 -0.001728 0.007878
v -0.008664 -0.002050 0.008547
v -0.008222 -0.002502 0.008473
v -0.008434 -0.002615 0.007553
v -0.010465 -0.001317 0.012867
v -0.009652 -0.001452 0.013576
v -0.009048 -0.001939 0.014395
v -0.008990 -0.001242 0.013958
v -0.008767 0.000533 0.014005
v -0.008295 -0.000312 0.014260
v -0.006640 -0.009758 0.017219
v -0.007716 -0.009345 0.017529
v -0.006340 -0.009480 0.017955
v -0.006170 -0.009176 0.018158
v -0.005764 -0.009689 0.017872
v -0.007609 -0.003656 0.017584
v -0.005959 -0.003641 0.018222
v -0.006535 -0.003137 0.017649
v -0.006675 -0.003448 0.017854
v -0.006183 -0.002610 0.009467
v -0.007757 -0.001955 0.009402
v -0.006714 -0.002365 0.009912
v -0.006670 -0.001832 0.010205
v -0.006841 -0.000288 0.010131
v -0.006687 0.000054 0.010418
v -0.006426 -0.000218 0.011068
v -0.005906 -0.000772 0.010762
v -0.005171 -0.002476 0.010691
v -0.005155 -0.002089 0.011047
v -0.007541 -0.000338 0.013856
v -0.007953 -0.000023 0.013739
v -0.005879 -0.000516 0.011375
v -0.006972 -0.000490 0.013929
v -0.006596 -0.000460 0.014640
v -0.007276 -0.002108 0.015656
v -0.007767 -0.001584 0.014829
v -0.007729 -0.000636 0.014588
v -0.005748 -0.001711 0.015850
v -0.006762 -0.000703 0.015072
v -0.006319 -0.000866 0.015354
v -0.005605 -0.001329 0.015691
v -0.004720 -0.002106 0.016614
v -0.006199 -0.000243 0.015081
v -0.005756 0.000237 0.015082
v -0.005602 0.000225 0.015579
v -0.002785 -0.009616 0.001419
v -0.000949 -0.009761 0.008474
v -0.004615 -0.009413 0.018528
v -0.004197 -0.009740 0.018162
v -0.004400 -0.008947 0.018675
v -0.003069 -0.009329 0.018937
v -0.002699 -0.009716 0.018577
v -0.004551 -0.007163 0.000547
v -0.004807 -0.006668 0.000503
v -0.003826 -0.006676 0.002290
v -0.003910 -0.007132 0.001785
v -0.003454 -0.007336 0.002003
v -0.003230 -0.007126 0.003058
v -0.002863 -0.006792 0.004035
v -0.004487 -0.003663 0.018646
v -0.004933 -0.003083 0.000266
v -0.004118 -0.003152 0.001783
v -0.003427 -0.003052 0.003127
v -0.002861 -0.003142 0.004074
v -0.003544 -0.003113 0.018474
v -0.002713 -0.002618 0.005116
v -0.004919 -0.002766 0.000624
v -0.004313 -0.002629 0.002566
v -0.004203 -0.002796 0.001937
v -0.003391 -0.002804 0.003482
v -0.004892 -0.000586 0.011486
v -0.004832 -0.000977 0.011282
v -0.003162 -0.002562 0.011286
v -0.005226 -0.000463 0.011941
v -0.004587 -0.000173 0.011840
v -0.004232 0.000201 0.011931
v -0.003866 -0.002032 0.011573
v -0.003866 -0.000229 0.011649
v -0.002664 -0.002253 0.011817
v -0.003169 0.001126 0.011834
v -0.002293 -0.001776 0.012046
v -0.005292 0.001996 0.015743
v -0.003759 -0.001494 0.016282
v -0.003688 -0.000796 0.016217
v -0.001582 -0.001653 0.016773
v -0.002253 -0.001048 0.016492
v 0.000028 -0.016358 0.009473
v -0.000105 -0.015822 0.009747
v 0.000101 -0.016431 0.013193
v -0.000065 -0.016180 0.013248
v -0.000180 -0.015721 0.012653
v -0.000182 -0.010627 0.012962
v 0.000064 -0.010527 0.009387
v -0.000112 -0.010763 0.009755
v -0.000021 -0.010504 0.013308
v -0.002485 -0.009754 0.002479
v -0.002599 -0.009180 0.001222
v -0.002588 -0.007874 0.001263
v -0.002124 -0.009401 0.002008
v -0.001446 -0.009399 0.002584
v -0.000614 -0.009124 0.002910
v -0.000637 -0.007975 0.002922
v -0.001011 -0.009753 0.003433
v 0.000146 -0.009396 0.003033
v -0.000995 -0.009762 0.014257
v -0.000513 -0.009839 0.009209
v -0.000219 -0.010172 0.009769
v 0.000193 -0.010172 0.009170
v -0.000527 -0.009885 0.013387
v -0.000283 -0.010181 0.012943
v -0.001543 -0.009527 0.018960
v 0.002586 -0.009687 0.018709
v -0.000773 -0.009090 0.019193
v -0.002708 -0.007540 0.001605
v -0.002047 -0.007974 0.002057
v -0.002072 -0.007520 0.002365
v -0.001454 -0.007731 0.002610
v -0.002254 -0.007338 0.004091
v -0.002266 -0.007230 0.004278
v -0.002433 -0.006645 0.004415
v -0.001064 -0.007448 0.003235
v -0.001839 -0.006831 0.004543
v -0.000053 -0.007618 0.003158
v 0.001010 -0.007439 0.003430
v 0.002072 -0.006646 0.004632
v -0.002867 -0.003565 0.018967
v -0.001037 -0.004163 0.019189
v -0.002466 -0.003117 0.004415
v -0.001934 -0.003149 0.004555
v -0.000927 -0.003141 0.018828
v 0.000640 -0.003526 0.019119
v -0.002353 -0.002800 0.004712
v 0.002867 -0.002618 0.005237
v -0.000206 -0.002614 0.011501
v -0.002714 0.005930 0.011956
v -0.000645 -0.002376 0.012038
v -0.000463 -0.001979 0.012262
v -0.000657 -0.001077 0.016647
v -0.001553 -0.002042 0.017139
v -0.016840 0.004568 -0.008482
v -0.016920 0.004866 -0.008660
v -0.017836 0.004669 -0.006402
v -0.017468 0.004649 -0.007376
v -0.017732 0.005912 -0.006875
v -0.017072 0.004475 -0.007264
v -0.018528 0.004655 -0.004131
v -0.018640 0.004507 -0.002089
v -0.018589 0.006043 -0.004062
v -0.018196 0.004589 -0.005233
v -0.018242 0.004475 -0.003452
v -0.018219 0.005993 -0.005454
v -0.016968 0.004398 -0.002004
v -0.018903 0.004676 -0.001992
v -0.018889 0.004590 0.001700
v -0.019004 0.004848 0.001349
v -0.018884 0.006190 -0.002065
v -0.019027 0.005978 -0.000275
v -0.018590 0.004487 0.002132
v -0.017327 0.004450 0.002629
v -0.016976 0.006224 -0.008457
v -0.017595 0.006372 -0.006585
v -0.017473 0.006249 -0.007329
v -0.018414 0.006372 -0.004048
v -0.018013 0.006386 -0.005339
v -0.017656 0.006502 -0.004424
v -0.018861 0.006367 0.000930
v -0.018622 0.006453 -0.001374
v -0.018155 0.006499 0.002500
v -0.015318 0.003453 -0.006050
v -0.014616 0.003785 -0.007590
v -0.016161 0.003427 -0.003189
v -0.015850 0.003493 -0.004498
v -0.016479 0.003515 -0.000328
v -0.016423 0.003804 -0.001438
v -0.015565 0.004904 -0.010914
v -0.014883 0.004628 -0.011740
v -0.014361 0.006195 -0.012392
v -0.014235 0.004513 -0.012237
v -0.016305 0.004636 -0.009660
v -0.016352 0.006203 -0.009635
v -0.015465 0.004476 -0.010054
v -0.015521 0.004591 -0.010753
v -0.015334 0.004436 -0.007621
v -0.014365 0.004147 -0.008285
v -0.016859 0.004448 -0.004532
v -0.015705 0.004137 -0.005494
v -0.016200 0.004410 -0.005678
v -0.015200 0.004126 -0.006610
v -0.016403 0.004085 -0.002730
v -0.016066 0.004171 -0.004564
v -0.016863 0.004331 0.000173
v -0.014990 0.006234 -0.011627
v -0.014189 0.006500 -0.011749
v -0.016345 0.006453 -0.008828
v -0.015651 0.006233 -0.010684
v -0.015538 0.006502 -0.009827
v -0.011977 0.003800 -0.011315
v -0.013831 0.003704 -0.008936
v -0.013010 0.003730 -0.010106
v -0.012063 0.005699 -0.000978
v -0.013075 0.004586 -0.013552
v -0.012652 0.005949 -0.014200
v -0.012546 0.004850 -0.014257
v -0.011759 0.004655 -0.014890
v -0.011319 0.005956 -0.015287
v -0.012858 0.004437 -0.011283
v -0.013778 0.004901 -0.013092
v -0.013130 0.004481 -0.013004
v -0.011415 0.004426 -0.012786
v -0.011086 0.004206 -0.012437
v -0.014265 0.004403 -0.009324
v -0.013392 0.004148 -0.009767
v -0.013416 0.004323 -0.010284
v -0.012345 0.004204 -0.011180
v -0.012730 0.006309 -0.013908
v -0.011868 0.006276 -0.014744
v -0.011145 0.006501 -0.014655
v -0.013570 0.006216 -0.013224
v -0.012320 0.006464 -0.013814
v -0.007190 0.006501 -0.010439
v -0.012869 0.006500 -0.002030
v -0.011842 0.006439 -0.003807
v -0.012212 0.006396 -0.002182
v -0.012583 0.006501 0.002675
v -0.012209 0.006269 -0.000010
v -0.008415 0.003818 -0.014173
v -0.010895 0.003793 -0.012359
v -0.009845 0.003495 -0.013213
v -0.009118 0.004663 -0.016633
v -0.008059 0.005984 -0.017248
v -0.011022 0.004624 -0.015348
v -0.010155 0.004633 -0.015959
v -0.011355 0.004479 -0.014655
v -0.010007 0.005154 -0.016190
v -0.009577 0.004433 -0.014195
v -0.009654 0.004480 -0.015846
v -0.008573 0.004231 -0.014295
v -0.010120 0.004169 -0.013280
v -0.009667 0.004130 -0.013456
v -0.008505 0.006284 -0.016898
v -0.010652 0.006234 -0.015682
v -0.009180 0.006488 -0.016038
v -0.009678 0.006223 -0.016329
v -0.009314 0.006497 -0.008587
v -0.011012 0.006497 -0.006371
v -0.011073 0.006305 -0.005277
v -0.009979 0.006324 -0.007102
v -0.007238 0.003484 -0.014814
v -0.005795 0.003530 -0.015440
v -0.007864 0.004667 -0.017269
v -0.006695 0.004636 -0.017773
v -0.006804 0.006201 -0.017769
v -0.007031 0.004479 -0.017211
v -0.005367 0.004552 -0.018082
v -0.005546 0.004828 -0.018202
v -0.007525 0.004314 -0.015163
v -0.007204 0.004120 -0.015002
v -0.007132 0.004452 -0.015923
v -0.005728 0.004125 -0.015617
v -0.008653 0.005979 -0.008442
v -0.006630 0.006469 -0.017379
v -0.005329 0.006374 -0.018095
v -0.005096 0.006501 -0.017629
v -0.005679 0.006385 -0.010972
v -0.008702 0.006299 -0.008561
v -0.007127 0.006309 -0.009963
v -0.004232 0.003434 -0.015951
v -0.002830 0.003493 -0.016267
v -0.003429 0.006037 -0.011627
v -0.004584 0.005958 -0.011220
v -0.005305 0.005987 -0.018291
v -0.004134 0.004673 -0.018546
v -0.002972 0.004393 -0.016811
v -0.004001 0.006184 -0.018601
v -0.002816 0.004486 -0.018520
v -0.004675 0.004111 -0.015968
v -0.005514 0.004360 -0.016073
v -0.003204 0.003990 -0.016296
v -0.003048 0.006501 -0.012488
v -0.004090 0.006366 -0.011655
v -0.001593 0.003900 -0.016454
v 0.000049 0.003451 -0.016526
v -0.002164 0.005968 -0.011939
v -0.002230 0.004627 -0.018876
v -0.002014 0.006060 -0.018956
v -0.000653 0.004884 -0.019051
v 0.000136 0.004436 -0.017252
v 0.002253 0.004634 -0.018929
v 0.002437 0.004502 -0.018646
v -0.000090 0.004294 -0.016917
v 0.000176 0.004036 -0.016689
v -0.002157 0.006322 -0.018817
v -0.001176 0.006462 -0.018632
v -0.001547 0.006309 -0.012240
v -0.018636 0.005992 0.003943
v -0.017905 0.004476 0.004989
v -0.018434 0.004555 0.004111
v -0.018574 0.004799 0.004109
v -0.018138 0.004655 0.005653
v -0.017944 0.006076 0.006441
v -0.017811 0.004673 0.006673
v -0.017435 0.004502 0.007052
v -0.017351 0.004866 0.007885
v -0.016931 0.004632 0.008531
v -0.018918 0.006188 0.001829
v -0.018381 0.006382 0.004179
v -0.017356 0.006500 0.006319
v -0.018117 0.006251 0.005633
v -0.017393 0.006194 0.007712
v -0.016959 0.006361 0.008277
v -0.016561 0.006239 0.009309
v -0.016047 0.000996 0.001428
v -0.016048 0.001830 0.001565
v -0.016054 0.002489 0.002128
v -0.016103 0.002948 0.002858
v -0.015826 0.000391 0.001546
v -0.015803 0.002761 0.002865
v -0.012601 0.001786 0.000928
v -0.012374 0.000322 0.000936
v -0.015847 0.002200 0.001820
v -0.012532 0.002605 0.001740
v -0.012577 0.002754 0.002584
v -0.016027 0.002874 0.003551
v -0.015719 0.001668 0.004878
v -0.015835 0.002573 0.004281
v -0.015242 0.000734 0.004595
v -0.015388 0.001121 0.004695
v -0.015731 0.003020 0.004986
v -0.015382 0.001677 0.004569
v -0.015480 0.003839 0.005764
v -0.015447 0.002245 0.004212
v -0.015377 0.002630 0.003652
v -0.012915 0.001393 0.004171
v -0.015060 0.003513 0.006808
v -0.014282 0.003510 0.008332
v -0.016511 0.003942 0.001034
v -0.016262 0.003498 0.002832
v -0.016421 0.004170 0.003179
v -0.016221 0.004436 0.006086
v -0.015879 0.003920 0.004757
v -0.015387 0.004139 0.006497
v -0.016401 0.004509 0.009196
v -0.015577 0.004318 0.006731
v -0.014867 0.004336 0.008182
v -0.014633 0.004069 0.007889
v -0.016609 0.004982 0.009416
v -0.015806 0.004605 0.010499
v -0.015419 0.006192 0.011221
v -0.014959 0.004477 0.011039
v -0.013744 0.004136 0.009392
v -0.015233 0.004648 0.011427
v -0.014371 0.006162 0.012573
v -0.014457 0.004673 0.012393
v -0.013901 0.004647 0.013053
v -0.015949 0.006462 0.009589
v -0.014932 0.006493 0.010956
v -0.016030 0.006222 0.010255
v -0.014866 0.006252 0.011830
v -0.013815 0.006501 0.012399
v -0.014074 0.000932 0.001050
v -0.012533 0.001225 0.000774
v -0.012101 0.002730 0.000717
v -0.012366 0.002241 0.001183
v -0.012125 0.002938 0.002025
v -0.011653 0.002809 0.003460
v -0.012964 0.000776 0.004172
v -0.012247 0.002123 0.003701
v -0.011871 0.001177 0.004024
v -0.012246 0.002534 0.003240
v -0.011615 0.000486 0.003952
v -0.011663 0.002232 0.003771
v -0.011709 0.001623 0.003979
v -0.013380 0.003467 0.009733
v -0.012530 0.003568 0.010819
v -0.011519 0.003502 0.011906
v -0.012084 0.005705 0.000875
v -0.011957 0.005968 0.002050
v -0.011958 0.003354 0.002083
v -0.011619 0.005956 0.003516
v -0.011053 0.005970 0.005039
v -0.013586 0.004169 0.009830
v -0.012814 0.004449 0.012033
v -0.014027 0.004422 0.009962
v -0.012864 0.004150 0.010597
v -0.011910 0.004110 0.011594
v -0.013768 0.004479 0.012644
v -0.013022 0.006178 0.013982
v -0.013243 0.004651 0.013728
v -0.012383 0.004479 0.013958
v -0.012142 0.004358 0.011963
v -0.011533 0.004133 0.012012
v -0.011330 0.004424 0.012855
v -0.012326 0.004604 0.014439
v -0.012368 0.004890 0.014564
v -0.011895 0.005985 0.014959
v -0.011143 0.004595 0.015419
v -0.010427 0.004481 0.015513
v -0.011121 0.004822 0.015556
v -0.010976 0.006208 0.015640
v -0.012127 0.006328 0.002077
v -0.011720 0.006381 0.003935
v -0.010690 0.006501 0.007031
v -0.011247 0.006280 0.004910
v -0.013438 0.006271 0.013476
v -0.012711 0.006499 0.013531
v -0.011714 0.006317 0.014899
v -0.010833 0.006473 0.015185
v -0.009041 0.005949 0.008158
v -0.008050 0.005948 0.009170
v -0.010473 0.003803 0.012848
v -0.009168 0.003514 0.013831
v -0.008731 0.001520 0.013997
v -0.008311 0.001901 0.013756
v -0.010449 0.005950 0.006212
v -0.009778 0.005965 0.007239
v -0.009926 0.004189 0.013551
v -0.009421 0.004143 0.013760
v -0.010193 0.004627 0.016082
v -0.009437 0.005990 0.016659
v -0.009041 0.004439 0.014738
v -0.009265 0.004598 0.016616
v -0.009381 0.004853 0.016684
v -0.007979 0.004478 0.016899
v -0.008585 0.004173 0.014356
v -0.008410 0.004652 0.017140
v -0.010565 0.006318 0.006347
v -0.009760 0.006267 0.007386
v -0.009336 0.006499 0.008780
v -0.009192 0.006314 0.008276
v -0.007009 0.006502 0.011121
v -0.008286 0.006314 0.009187
v -0.007204 0.006462 0.010464
v -0.009370 0.006500 0.015962
v -0.010230 0.006266 0.016062
v -0.009252 0.006319 0.016608
v -0.003903 0.006502 0.018114
v -0.007617 0.006485 0.017017
v -0.008452 0.006264 0.017090
v -0.007024 0.000663 0.010915
v -0.006980 0.002225 0.010026
v -0.006893 0.001749 0.010783
v -0.006900 0.001202 0.010494
v -0.006502 0.002211 0.010611
v -0.005959 0.002808 0.010847
v -0.005866 0.003340 0.010739
v -0.008341 0.000461 0.013745
v -0.008122 0.001055 0.013020
v -0.007779 0.001748 0.012602
v -0.006759 0.000229 0.010819
v -0.007769 0.002523 0.014040
v -0.007063 0.002817 0.014633
v -0.006270 0.002547 0.011174
v -0.006805 0.002730 0.013292
v -0.005802 0.002226 0.014747
v -0.005678 0.002754 0.011876
v -0.006195 0.002532 0.014733
v -0.008256 0.002494 0.014162
v -0.007705 0.002873 0.014625
v -0.006235 0.003036 0.015377
v -0.005614 0.000664 0.015232
v -0.005632 0.001814 0.015175
v -0.005632 0.002009 0.015465
v -0.007153 0.006201 0.009922
v -0.005814 0.005987 0.010762
v -0.008372 0.003097 0.014307
v -0.007664 0.003900 0.014788
v -0.005861 0.004249 0.015844
v -0.006620 0.002899 0.015134
v -0.007270 0.004197 0.015147
v -0.005717 0.003898 0.015657
v -0.006415 0.004424 0.016042
v -0.007695 0.006187 0.017529
v -0.007656 0.004639 0.017511
v -0.006781 0.004638 0.017799
v -0.005062 0.004485 0.018065
v -0.005966 0.006038 0.018220
v -0.005914 0.004657 0.018193
v -0.005973 0.006300 0.010826
v -0.006803 0.006250 0.017797
v -0.005873 0.006373 0.018066
v -0.005041 0.002829 0.011459
v -0.005094 0.001772 0.013984
v -0.004844 0.002567 0.011822
v -0.004705 0.001057 0.013480
v -0.004170 0.000648 0.012252
v -0.004119 0.001436 0.012233
v -0.004296 0.002097 0.011979
v -0.003866 0.002375 0.011636
v -0.003745 0.001416 0.011842
v -0.003385 0.003680 0.016305
v -0.004870 0.003178 0.011253
v -0.004953 0.006126 0.011215
v -0.004098 0.006183 0.011567
v -0.003857 0.004020 0.016305
v -0.003791 0.004232 0.016487
v -0.003096 0.004444 0.017374
v -0.004856 0.004648 0.018406
v -0.004581 0.004699 0.018596
v -0.003396 0.004647 0.018743
v -0.002859 0.006066 0.018977
v -0.001718 0.004356 0.017106
v -0.002997 0.004645 0.018920
v -0.002822 0.004476 0.018583
v -0.004815 0.006461 0.011799
v -0.003212 0.006501 0.012519
v -0.002800 0.006326 0.012136
v -0.004673 0.006390 0.018319
v -0.004551 0.006183 0.018592
v -0.003228 0.006269 0.018802
v -0.002165 0.006395 0.018863
v -0.001081 0.006122 0.012224
v -0.000387 0.005923 0.012272
v -0.000818 0.003420 0.016636
v -0.001785 0.004075 0.016736
v -0.000963 0.005948 0.019176
v 0.000739 0.004593 0.018994
v 0.000474 0.004855 0.019171
v -0.000067 0.006501 0.013051
v -0.000719 0.006380 0.012542
v 0.000247 -0.010513 -0.012326
v 0.000380 -0.016087 -0.011966
v 0.000291 -0.016380 -0.010597
v 0.000317 -0.016072 -0.010194
v 0.000294 -0.015663 -0.008770
v 0.000389 -0.010521 -0.011965
v 0.000328 -0.010227 -0.009135
v 0.000152 -0.010493 -0.008486
v 0.003447 -0.009754 -0.018173
v 0.002316 -0.009451 -0.018888
v -0.000066 -0.010155 -0.012590
v 0.000535 -0.010061 -0.012254
v 0.000754 -0.009774 -0.007845
v 0.000843 -0.009807 -0.012444
v 0.000414 -0.010054 -0.008693
v 0.000902 -0.009760 -0.003690
v 0.000615 -0.009403 -0.002873
v 0.000637 -0.007804 -0.002827
v 0.001908 -0.009742 -0.002914
v 0.001495 -0.009172 -0.002554
v 0.001689 -0.009514 -0.002578
v 0.001356 -0.008136 -0.002554
v 0.002505 -0.009399 -0.001664
v 0.002816 -0.007949 -0.001144
v 0.001976 -0.003624 -0.018991
v 0.002619 -0.007324 -0.003829
v 0.002678 -0.007078 -0.004204
v 0.002273 -0.006609 -0.004399
v 0.002413 -0.007436 -0.002614
v 0.001675 -0.007639 -0.002599
v 0.002307 -0.007738 -0.001941
v 0.003587 -0.003139 -0.018398
v 0.002536 -0.002055 -0.016927
v 0.001630 -0.001198 -0.016460
v 0.000878 0.005989 -0.012132
v 0.002179 -0.002501 -0.011574
v 0.002335 -0.001918 -0.011942
v 0.004418 -0.002613 -0.010443
v 0.003186 -0.002621 -0.004855
v 0.002812 -0.002790 -0.004517
v 0.003502 -0.009089 -0.018773
v 0.004410 -0.009517 -0.018462
v 0.005348 -0.009100 -0.018354
v 0.005572 -0.009567 -0.018088
v 0.003057 -0.009641 -0.001358
v 0.003094 -0.009429 0.000014
v 0.002868 -0.009148 -0.000944
v 0.003024 -0.007993 -0.000078
v 0.003455 -0.009711 0.000900
v 0.003789 -0.009759 -0.001017
v 0.002952 -0.003895 -0.018860
v 0.004354 -0.003587 -0.018590
v 0.005577 -0.003666 -0.018272
v 0.003111 -0.006329 -0.003866
v 0.003695 -0.007294 -0.002092
v 0.003500 -0.006913 -0.003095
v 0.003228 -0.007485 -0.000895
v 0.003232 -0.007536 0.000495
v 0.004736 -0.007250 -0.000326
v 0.004358 -0.006947 -0.001452
v 0.005020 -0.006641 -0.000384
v 0.005464 -0.003185 -0.018006
v 0.002880 -0.003149 -0.004134
v 0.003272 -0.003176 -0.003601
v 0.004134 -0.003086 -0.002071
v 0.005049 -0.003108 -0.000328
v 0.003235 -0.001156 -0.016231
v 0.003344 -0.001630 -0.016381
v 0.004688 -0.001173 -0.015884
v 0.005294 -0.001667 -0.015901
v 0.003614 -0.002452 -0.011300
v 0.003661 0.005916 -0.011624
v 0.003719 -0.001946 -0.011593
v 0.004743 -0.001985 -0.011216
v 0.004789 0.006212 -0.011221
v 0.005682 -0.002449 -0.010423
v 0.005769 0.006028 -0.010764
v 0.006299 -0.002246 -0.010289
v 0.003731 -0.002794 -0.003113
v 0.005329 -0.002617 -0.001375
v 0.004144 -0.002643 -0.003125
v 0.004553 -0.002786 -0.001559
v 0.005399 -0.002716 0.000002
v 0.007337 -0.009458 -0.017571
v 0.006928 -0.009104 -0.017828
v 0.007071 -0.009702 -0.017285
v 0.008371 -0.009316 -0.017203
v 0.009097 -0.009514 -0.016705
v 0.006672 -0.003214 -0.017642
v 0.006900 -0.003847 -0.017839
v 0.007993 -0.003482 -0.017300
v 0.008610 -0.003817 -0.017094
v 0.005375 -0.002060 -0.016278
v 0.005973 -0.001011 -0.015456
v 0.007233 -0.001342 -0.014933
v 0.007569 -0.002012 -0.015315
v 0.008687 -0.001025 -0.014144
v 0.008875 -0.001462 -0.014118
v 0.006381 -0.001776 -0.010412
v 0.007554 -0.002583 -0.008678
v 0.008780 -0.002615 -0.007295
v 0.007585 -0.002370 -0.009313
v 0.007571 -0.001717 -0.009609
v 0.007347 0.005657 -0.009773
v 0.008914 -0.002237 -0.008211
v 0.008996 -0.001755 -0.008317
v 0.008679 -0.009759 -0.016253
v 0.009646 -0.009109 -0.016529
v 0.010179 -0.009506 -0.016043
v 0.010677 -0.009760 -0.015175
v 0.010606 -0.009145 -0.015942
v 0.011207 -0.009497 -0.015383
v 0.010104 -0.004156 -0.016271
v 0.011529 -0.003872 -0.015306
v 0.009130 -0.003101 -0.016367
v 0.009785 -0.003496 -0.016355
v 0.011120 -0.003472 -0.015496
v 0.009145 -0.001990 -0.014412
v 0.011060 -0.002075 -0.013193
v 0.010030 -0.001670 -0.013471
v 0.009919 -0.001040 -0.013319
v 0.011139 -0.001044 -0.012337
v 0.011178 -0.001601 -0.012494
v 0.009260 -0.002446 -0.007536
v 0.010079 -0.002613 -0.005412
v 0.010283 -0.002235 -0.006441
v 0.009809 -0.001932 -0.007342
v 0.010654 -0.001895 -0.006100
v 0.010681 -0.002406 -0.005452
v 0.011557 -0.002614 0.000699
v 0.011471 -0.002583 -0.001948
v 0.012520 -0.009707 -0.013893
v 0.011685 -0.009097 -0.015182
v 0.012547 -0.009483 -0.014377
v 0.012904 -0.009122 -0.014180
v 0.013726 -0.009510 -0.013190
v 0.013464 -0.009745 -0.012842
v 0.014075 -0.009070 -0.013038
v 0.012894 -0.004113 -0.014200
v 0.011784 -0.003133 -0.014668
v 0.012578 -0.003498 -0.014376
v 0.013880 -0.003401 -0.013035
v 0.014137 -0.003123 -0.012409
v 0.014101 -0.003862 -0.013001
v 0.012286 -0.001524 -0.011389
v 0.012250 -0.001021 -0.011249
v 0.012529 -0.001993 -0.011652
v 0.014085 -0.001987 -0.009751
v 0.013176 -0.001011 -0.010164
v 0.013878 -0.001471 -0.009368
v 0.014143 -0.001062 -0.008800
v 0.011673 -0.002382 -0.003080
v 0.011476 -0.002020 -0.004384
v 0.011130 0.005942 -0.005205
v 0.012008 -0.001759 -0.002714
v 0.011595 0.005938 -0.004092
v 0.012058 -0.002378 -0.001060
v 0.012263 -0.001800 -0.001155
v 0.012219 -0.002201 0.000776
v 0.012318 -0.001850 0.000754
v 0.014327 -0.009758 -0.011901
v 0.014747 -0.009467 -0.012138
v 0.015210 -0.009102 -0.011707
v 0.015588 -0.009475 -0.011014
v 0.015369 -0.009699 -0.010691
v 0.016460 -0.009502 -0.009645
v 0.016218 -0.009757 -0.009103
v 0.016297 -0.009099 -0.010166
v 0.017740 -0.009760 0.005203
v 0.015141 -0.003693 -0.011794
v 0.016277 -0.004179 -0.010202
v 0.015652 -0.003066 -0.010309
v 0.015657 -0.003491 -0.010952
v 0.016362 -0.003460 -0.009882
v 0.016721 -0.003212 -0.008905
v 0.015675 -0.002089 -0.007293
v 0.014866 -0.001034 -0.007521
v 0.014981 -0.001635 -0.007658
v 0.015464 -0.001037 -0.006231
v 0.015687 -0.001664 -0.006188
v 0.015983 -0.001456 -0.005023
v 0.016104 -0.001040 -0.004389
v 0.016648 -0.001443 -0.002136
v 0.016579 -0.000898 -0.001988
v 0.016702 -0.001212 -0.000133
v 0.017342 -0.009463 -0.008030
v 0.017147 -0.009110 -0.008675
v 0.017707 -0.009593 -0.006905
v 0.018136 -0.009760 -0.003601
v 0.017834 -0.009134 -0.007181
v 0.018349 -0.009597 -0.004988
v 0.018391 -0.009187 -0.005622
v 0.018845 -0.009525 -0.003193
v 0.018756 -0.009685 -0.002147
v 0.018892 -0.009129 -0.003662
v 0.019182 -0.009433 -0.000127
v 0.019138 -0.009121 -0.001999
v 0.017169 -0.003873 -0.008633
v 0.017867 -0.003698 -0.007095
v 0.018899 -0.003888 -0.003639
v 0.019142 -0.003843 -0.001976
v 0.017465 -0.003227 -0.007416
v 0.018468 -0.003846 -0.005378
v 0.018287 -0.003439 -0.005618
v 0.018132 -0.003025 -0.004706
v 0.018830 -0.003255 -0.002827
v 0.019251 -0.003628 -0.000207
v 0.016493 -0.001982 -0.004676
v 0.016978 -0.001965 -0.002367
v 0.017209 -0.002023 -0.000285
v 0.000294 -0.016450 0.009737
v 0.000218 -0.016127 0.009351
v 0.000661 -0.015700 0.009287
v 0.007737 -0.016451 0.009790
v 0.000186 -0.016145 0.013392
v 0.000612 -0.015566 0.013466
v 0.000635 -0.010786 0.009284
v 0.008692 -0.010753 0.009470
v 0.000328 -0.010597 0.013460
v 0.001061 -0.009367 0.002878
v 0.001726 -0.007996 0.002518
v 0.001713 -0.009370 0.002563
v 0.002811 -0.009501 0.001583
v 0.002415 -0.009118 0.001888
v 0.001217 -0.009752 0.003463
v 0.010760 -0.009762 0.008705
v 0.000369 -0.009857 0.008864
v 0.000072 -0.009859 0.013865
v 0.000425 -0.010223 0.013550
v 0.003149 -0.009756 0.018281
v 0.002959 -0.009531 0.018874
v 0.001063 -0.009124 0.019184
v 0.001389 -0.007640 0.002883
v 0.002392 -0.007978 0.001940
v 0.002665 -0.007441 0.002472
v 0.002610 -0.007620 0.001936
v 0.000801 -0.007980 0.002940
v 0.002399 -0.007000 0.004546
v 0.002301 -0.007336 0.004155
v 0.002708 -0.007136 0.004125
v 0.001107 -0.004130 0.019189
v 0.002915 -0.003683 0.019002
v 0.002071 -0.003415 0.004639
v 0.002366 -0.002839 0.004772
v 0.002555 -0.003422 0.004508
v 0.002013 -0.003171 0.018811
v 0.003309 -0.002683 0.004221
v 0.001438 -0.002526 0.011742
v 0.000630 -0.001991 0.012268
v 0.002753 -0.002225 0.011852
v 0.002844 0.000488 0.011979
v 0.001136 -0.001012 0.016625
v 0.002055 -0.001609 0.016717
v 0.002369 -0.001012 0.016505
v 0.000838 -0.002044 0.017186
v 0.007702 -0.016122 0.009454
v 0.008022 -0.016327 0.013393
v 0.009529 -0.016447 0.013086
v 0.002716 -0.009722 0.002392
v 0.002897 -0.009130 0.000979
v 0.003906 -0.009761 0.001810
v 0.007664 -0.010165 0.009354
v 0.010159 -0.009759 0.015433
v 0.006730 -0.009747 0.017393
v 0.003082 -0.009170 0.018979
v 0.005369 -0.009577 0.018281
v 0.004794 -0.009174 0.018624
v 0.002943 -0.008007 0.000900
v 0.003398 -0.007298 0.002680
v 0.004621 -0.007347 0.000420
v 0.003815 -0.006672 0.002673
v 0.004798 -0.007045 0.000866
v 0.005122 -0.006808 0.000175
v 0.005027 -0.006578 0.000676
v 0.002863 -0.006669 0.004222
v 0.003586 -0.007004 0.002889
v 0.004488 -0.003836 0.018709
v 0.003623 -0.002831 0.003209
v 0.003003 -0.003070 0.004031
v 0.004296 -0.002911 0.001939
v 0.005140 -0.003123 0.000319
v 0.004908 -0.002907 0.000952
v 0.004820 -0.003089 0.018198
v 0.004592 -0.003364 0.018524
v 0.004386 -0.002641 0.002708
v 0.005693 -0.002620 0.000545
v 0.004167 -0.002605 0.010710
v 0.005061 -0.002170 0.011122
v 0.006609 -0.002470 0.009984
v 0.005189 -0.000776 0.011254
v 0.002416 -0.001826 0.012067
v 0.004002 -0.000739 0.011695
v 0.003671 -0.002459 0.011377
v 0.004109 -0.002095 0.011561
v 0.004215 -0.000412 0.011821
v 0.004065 0.000067 0.012248
v 0.005547 -0.000491 0.011815
v 0.004790 -0.000427 0.012179
v 0.005996 -0.000446 0.014825
v 0.005528 -0.000153 0.015031
v 0.005907 -0.000346 0.011501
v 0.004250 -0.001664 0.016319
v 0.003966 -0.001018 0.016207
v 0.006097 -0.002080 0.016201
v 0.004851 0.000739 0.015924
v 0.005596 -0.001367 0.015764
v 0.005433 -0.000169 0.015646
v 0.003147 -0.002101 0.017023
v 0.007617 -0.016374 0.009526
v 0.009439 -0.015644 0.009501
v 0.007997 -0.015727 0.013638
v 0.009550 -0.009896 0.013952
v 0.008284 -0.010188 0.013689
v 0.009862 -0.009780 0.014282
v 0.006068 -0.009117 0.018261
v 0.007208 -0.009466 0.017740
v 0.007859 -0.009101 0.017576
v 0.005921 -0.003697 0.018301
v 0.007645 -0.003880 0.017673
v 0.009347 -0.003068 0.016323
v 0.007327 -0.003365 0.017637
v 0.007418 -0.003115 0.017333
v 0.007885 -0.002614 0.008286
v 0.006506 -0.002589 0.009569
v 0.006125 -0.002275 0.010502
v 0.006432 -0.001828 0.010518
v 0.005777 -0.000573 0.011040
v 0.006283 -0.000002 0.011148
v 0.006497 0.000068 0.010539
v 0.006734 0.001813 0.010346
v 0.008147 -0.001685 0.009285
v 0.008359 -0.002471 0.008487
v 0.007731 0.005950 0.009614
v 0.007749 -0.002258 0.009395
v 0.006915 -0.000511 0.014615
v 0.007601 -0.000028 0.014177
v 0.005952 -0.000528 0.015397
v 0.006697 -0.000747 0.015194
v 0.006409 -0.001601 0.015566
v 0.007606 -0.001441 0.014955
v 0.007275 -0.000678 0.014882
v 0.008072 0.000030 0.014434
v 0.008364 -0.001961 0.014957
v 0.009512 -0.016449 0.010103
v 0.009786 -0.016317 0.009780
v 0.009740 -0.016365 0.013584
v 0.009907 -0.016017 0.010111
v 0.009426 -0.016378 0.013653
v 0.009834 -0.016129 0.013361
v 0.009474 -0.010302 0.009519
v 0.009792 -0.010492 0.009734
v 0.009917 -0.010513 0.010102
v 0.009832 -0.010491 0.013470
v 0.009661 -0.009835 0.009134
v 0.010055 -0.010095 0.009799
v 0.010354 -0.009842 0.009617
v 0.009522 -0.010524 0.013675
v 0.010008 -0.010056 0.013346
v 0.010285 -0.009804 0.013626
v 0.011496 -0.009748 0.014758
v 0.009522 -0.009445 0.016626
v 0.009748 -0.009660 0.016158
v 0.009547 -0.008977 0.016731
v 0.011047 -0.009488 0.015646
v 0.011021 -0.009075 0.015796
v 0.008398 -0.009528 0.017099
v 0.010541 -0.003840 0.016119
v 0.009208 -0.003873 0.016912
v 0.009243 -0.003353 0.016697
v 0.010938 -0.003427 0.015725
v 0.010746 -0.002609 0.004241
v 0.009243 -0.002611 0.006839
v 0.011030 -0.002430 0.004833
v 0.011469 -0.002044 0.004446
v 0.010865 -0.001725 0.005858
v 0.011245 0.001041 0.005096
v 0.009542 -0.001736 0.007822
v 0.009772 -0.002467 0.006938
v 0.009460 0.005982 0.007926
v 0.009462 -0.002229 0.007689
v 0.010188 -0.001906 0.006953
v 0.010224 0.005916 0.006917
v 0.010562 -0.002219 0.006104
v 0.008323 0.006184 0.009120
v 0.010760 -0.001011 0.012793
v 0.010829 -0.001557 0.012912
v 0.010381 -0.001983 0.013700
v 0.009389 -0.001543 0.013984
v 0.007979 -0.000826 0.014672
v 0.008493 -0.000058 0.014370
v 0.009415 -0.001031 0.013810
v 0.014654 -0.009752 0.011578
v 0.012766 -0.009459 0.014271
v 0.013540 -0.009072 0.013715
v 0.012178 -0.009094 0.014935
v 0.013703 -0.003896 0.013547
v 0.013373 -0.003217 0.013510
v 0.012693 -0.003457 0.014353
v 0.011662 -0.003128 0.014865
v 0.012133 -0.003901 0.014974
v 0.011841 -0.002455 0.001966
v 0.012245 -0.000533 0.001807
v 0.012328 0.000827 0.000696
v 0.012628 -0.000415 0.002407
v 0.012941 0.000168 0.001719
v 0.011913 -0.002067 0.003029
v 0.011984 -0.001021 0.003104
v 0.011572 -0.000436 0.004350
v 0.011876 -0.000465 0.003818
v 0.012247 -0.000423 0.003585
v 0.012232 0.000047 0.004215
v 0.012563 -0.000512 0.003202
v 0.013038 -0.001354 0.010515
v 0.013647 -0.001058 0.009664
v 0.014484 -0.001554 0.008631
v 0.012042 -0.001549 0.011777
v 0.012813 -0.002006 0.011516
v 0.011950 -0.001051 0.011690
v 0.016284 -0.009756 0.009171
v 0.015528 -0.009752 0.010400
v 0.015978 -0.009461 0.010613
v 0.015707 -0.009109 0.011180
v 0.016706 -0.009347 0.009605
v 0.013760 -0.009590 0.013134
v 0.014471 -0.009423 0.012587
v 0.014715 -0.009013 0.012454
v 0.015044 -0.009493 0.011865
v 0.015401 -0.003604 0.011571
v 0.015411 -0.003152 0.010998
v 0.015984 -0.003533 0.010640
v 0.016469 -0.003138 0.009294
v 0.014533 -0.003221 0.012275
v 0.014772 -0.003887 0.012379
v 0.016785 -0.001630 0.001936
v 0.016612 -0.001153 0.002032
v 0.016499 0.000378 0.002080
v 0.015745 -0.000524 0.003650
v 0.015536 -0.000424 0.004384
v 0.016026 -0.000267 0.002869
v 0.015438 0.000338 0.005208
v 0.016188 -0.001530 0.004554
v 0.016010 -0.000734 0.004476
v 0.015775 -0.000093 0.005220
v 0.016404 -0.001972 0.005119
v 0.016262 -0.000675 0.003201
v 0.016429 -0.000066 0.002457
v 0.015195 -0.001341 0.007028
v 0.015681 -0.001294 0.005826
v 0.015712 0.000509 0.005607
v 0.014274 -0.001969 0.009547
v 0.014416 -0.001170 0.008484
v 0.015377 -0.002003 0.007755
v 0.018530 -0.009696 0.003677
v 0.018884 -0.009514 0.003335
v 0.019264 -0.009180 -0.000167
v 0.019213 -0.008834 0.001380
v 0.019004 -0.008978 0.003193
v 0.018021 -0.009595 0.006254
v 0.018429 -0.009497 0.005034
v 0.018623 -0.009160 0.004942
v 0.017117 -0.009694 0.007890
v 0.017272 -0.009472 0.008334
v 0.017430 -0.009178 0.008236
v 0.017742 -0.009500 0.007107
v 0.018127 -0.009174 0.006552
v 0.018988 -0.003776 0.003262
v 0.019216 -0.004167 0.001381
v 0.018642 -0.003666 0.004868
v 0.016661 -0.003639 0.009697
v 0.018858 -0.003103 0.000474
v 0.018541 -0.003140 0.003784
v 0.018977 -0.003494 0.002990
v 0.017551 -0.003091 0.006930
v 0.017430 -0.003633 0.008215
v 0.017989 -0.003374 0.006509
v 0.018117 -0.003801 0.006579
v 0.017128 -0.002036 0.002102
v 0.001656 0.003773 -0.016460
v 0.003991 0.004475 -0.018222
v 0.000383 0.006004 -0.019062
v 0.004163 0.004422 -0.016815
v 0.002844 0.004927 -0.018860
v 0.002617 0.006109 -0.011900
v 0.002193 0.006260 -0.018927
v 0.002419 0.006469 -0.018558
v 0.002321 0.006493 -0.012592
v 0.002444 0.006334 -0.012166
v 0.003358 0.003748 -0.016223
v 0.004704 0.003490 -0.015883
v 0.004488 0.004639 -0.018513
v 0.004411 0.006199 -0.018563
v 0.006619 0.004444 -0.016103
v 0.005764 0.004505 -0.017901
v 0.005621 0.006170 -0.018235
v 0.005693 0.004704 -0.018184
v 0.003522 0.004234 -0.016504
v 0.004856 0.004170 -0.016062
v 0.004505 0.006460 -0.018165
v 0.005650 0.006502 -0.017542
v 0.003931 0.006387 -0.011811
v 0.006027 0.006498 -0.011327
v 0.005982 0.006318 -0.010820
v 0.005972 0.003485 -0.015464
v 0.007411 0.003552 -0.014835
v 0.008762 0.003848 -0.014099
v 0.008078 0.005968 -0.009194
v 0.006814 0.005990 -0.017863
v 0.006702 0.004658 -0.017843
v 0.008001 0.004479 -0.016901
v 0.007736 0.004669 -0.017452
v 0.008970 0.004569 -0.016751
v 0.008836 0.004838 -0.016963
v 0.005784 0.004142 -0.015711
v 0.007092 0.004139 -0.015121
v 0.008344 0.004437 -0.015109
v 0.008721 0.004219 -0.014366
v 0.006768 0.006371 -0.017654
v 0.008378 0.006497 -0.016611
v 0.008051 0.006227 -0.017305
v 0.008335 0.006502 -0.010167
v 0.007089 0.006263 -0.010057
v 0.007598 0.006471 -0.010217
v 0.008133 0.006310 -0.009357
v 0.009984 0.003493 -0.013270
v 0.011167 0.003479 -0.012309
v 0.010576 0.005943 -0.006232
v 0.010069 0.004429 -0.013974
v 0.010127 0.004855 -0.016218
v 0.010300 0.004493 -0.015834
v 0.011169 0.004575 -0.015391
v 0.011306 0.004834 -0.015448
v 0.009971 0.004146 -0.013453
v 0.010926 0.004109 -0.012630
v 0.011202 0.004303 -0.012768
v 0.009288 0.005993 -0.008018
v 0.009915 0.005882 -0.007221
v 0.009625 0.005974 -0.016536
v 0.009279 0.006294 -0.016597
v 0.009980 0.006469 -0.015729
v 0.010593 0.006290 -0.015831
v 0.011441 0.006132 -0.015340
v 0.008943 0.006272 -0.008519
v 0.009561 0.006483 -0.008514
v 0.009952 0.006357 -0.007538
v 0.010195 0.006261 -0.006989
v 0.011327 0.006500 -0.006149
v 0.011106 0.006308 -0.005558
v 0.012203 0.003775 -0.011318
v 0.013173 0.003544 -0.010170
v 0.014005 0.003506 -0.009005
v 0.011996 0.005965 -0.002762
v 0.012266 0.006074 -0.001197
v 0.012324 0.005680 -0.000044
v 0.012579 0.004589 -0.014338
v 0.012404 0.004850 -0.014598
v 0.012820 0.004478 -0.013618
v 0.012347 0.004219 -0.011554
v 0.012422 0.004431 -0.012175
v 0.013396 0.004613 -0.013571
v 0.014038 0.004911 -0.013067
v 0.012646 0.004111 -0.010887
v 0.013109 0.004170 -0.010399
v 0.013886 0.004037 -0.009422
v 0.013942 0.004343 -0.009903
v 0.014123 0.004161 -0.009030
v 0.014411 0.004446 -0.009985
v 0.012042 0.006499 -0.014160
v 0.012561 0.006238 -0.014415
v 0.013258 0.006237 -0.013735
v 0.013440 0.006500 -0.012860
v 0.013869 0.006217 -0.013177
v 0.014450 0.006456 -0.011960
v 0.012882 0.006501 -0.002020
v 0.011862 0.006402 -0.004128
v 0.012131 0.006304 -0.002808
v 0.012560 0.006404 -0.001087
v 0.012465 0.006316 0.001025
v 0.014908 0.003504 -0.007458
v 0.015681 0.003540 -0.005692
v 0.016268 0.003443 -0.003693
v 0.016590 0.003444 -0.001929
v 0.016706 0.003744 -0.000278
v 0.014139 0.004518 -0.012674
v 0.015057 0.004488 -0.011297
v 0.014972 0.004681 -0.011950
v 0.015806 0.004609 -0.010688
v 0.015495 0.004361 -0.007522
v 0.016424 0.004432 -0.005747
v 0.016251 0.005875 -0.010243
v 0.016321 0.004480 -0.009207
v 0.015978 0.004842 -0.010595
v 0.016631 0.004664 -0.009474
v 0.014769 0.004180 -0.008027
v 0.015115 0.004155 -0.007389
v 0.015538 0.004223 -0.006504
v 0.016035 0.004109 -0.005132
v 0.016511 0.004055 -0.003000
v 0.016790 0.004322 -0.002902
v 0.016851 0.004197 -0.001870
v 0.015243 0.006498 -0.010673
v 0.014926 0.005961 -0.012051
v 0.014871 0.006268 -0.012009
v 0.015489 0.006254 -0.011164
v 0.016326 0.006457 -0.009206
v 0.016310 0.006268 -0.009948
v 0.017497 0.006501 -0.006494
v 0.016876 0.006220 -0.009035
v 0.018259 0.006500 -0.003442
v 0.017232 0.004659 -0.008314
v 0.017274 0.005455 -0.008445
v 0.017575 0.004477 -0.006507
v 0.017729 0.004724 -0.007315
v 0.017863 0.004581 -0.006636
v 0.018422 0.004866 -0.005479
v 0.018055 0.006017 -0.006570
v 0.018384 0.004548 -0.004944
v 0.017428 0.004436 -0.002144
v 0.018600 0.004476 -0.003032
v 0.018814 0.004586 -0.003346
v 0.018964 0.004805 -0.003184
v 0.018800 0.006032 -0.004050
v 0.019129 0.005958 -0.002069
v 0.018876 0.004502 -0.000943
v 0.019146 0.004620 -0.000113
v 0.019260 0.006015 -0.000044
v 0.017369 0.006240 -0.008000
v 0.017978 0.006294 -0.006421
v 0.018397 0.006375 -0.004872
v 0.018799 0.006374 -0.003209
v 0.018697 0.006470 -0.000187
v 0.002854 0.006036 0.011981
v 0.000315 0.003727 0.016679
v 0.002414 0.003820 0.016514
v 0.000937 0.005984 0.012260
v 0.001658 0.004072 0.016774
v 0.002015 0.004331 0.017018
v 0.002900 0.004482 0.018648
v 0.001606 0.005974 0.019148
v 0.002537 0.004446 0.017406
v 0.000983 0.006346 0.012418
v 0.003318 0.006391 0.012166
v 0.002645 0.006399 0.018830
v 0.004157 0.006493 0.018244
v 0.003407 0.000646 0.012017
v 0.003556 0.001593 0.011972
v 0.003315 0.002495 0.011865
v 0.003784 0.000704 0.012438
v 0.003815 0.002252 0.011912
v 0.004474 0.000760 0.014016
v 0.004462 0.001342 0.014047
v 0.003956 0.002040 0.012251
v 0.004334 0.002785 0.011675
v 0.005363 0.002216 0.015049
v 0.004588 0.002645 0.011963
v 0.005166 0.002794 0.011567
v 0.005845 0.002563 0.015039
v 0.003972 0.003492 0.016206
v 0.005289 0.000371 0.015581
v 0.005032 0.001197 0.015472
v 0.005217 0.001679 0.015667
v 0.005404 0.002729 0.015763
v 0.005544 0.002431 0.015529
v 0.005059 0.003193 0.011269
v 0.004531 0.005970 0.011472
v 0.005051 0.003933 0.015992
v 0.005052 0.004267 0.016236
v 0.006235 0.004157 0.015692
v 0.003445 0.004631 0.018836
v 0.003370 0.004879 0.018918
v 0.004777 0.006009 0.018624
v 0.004922 0.004556 0.018407
v 0.006213 0.004475 0.017660
v 0.005541 0.004836 0.018403
v 0.004816 0.006294 0.011517
v 0.005600 0.006498 0.011684
v 0.003436 0.006213 0.018868
v 0.005424 0.006300 0.018315
v 0.006171 0.006473 0.017709
v 0.005903 0.002719 0.010982
v 0.006470 0.001854 0.010817
v 0.006630 0.001026 0.010717
v 0.006710 0.000669 0.011214
v 0.006316 0.002266 0.011346
v 0.006051 0.003275 0.010753
v 0.005715 0.002696 0.011495
v 0.006623 0.002779 0.014758
v 0.007088 0.001737 0.012204
v 0.007518 0.002348 0.014256
v 0.007435 0.001157 0.012673
v 0.008046 0.000879 0.014089
v 0.008075 0.001650 0.014293
v 0.006344 0.002923 0.015358
v 0.007223 0.002669 0.014636
v 0.007859 0.002368 0.014541
v 0.007733 0.003136 0.014802
v 0.006493 0.005807 0.010505
v 0.005986 0.004434 0.016434
v 0.006429 0.003948 0.015505
v 0.007069 0.003104 0.015052
v 0.008388 0.004131 0.014592
v 0.008145 0.004443 0.015411
v 0.009124 0.004407 0.014689
v 0.006560 0.004563 0.017901
v 0.005978 0.005993 0.018286
v 0.007719 0.004769 0.017592
v 0.007731 0.005968 0.017625
v 0.008357 0.004552 0.017082
v 0.006278 0.006249 0.010715
v 0.008028 0.006498 0.010176
v 0.007498 0.006314 0.010016
v 0.008547 0.006500 0.016542
v 0.007358 0.006261 0.017673
v 0.009370 0.003779 0.013840
v 0.010512 0.003475 0.012997
v 0.008485 0.002455 0.014372
v 0.010095 0.004128 0.013417
v 0.010621 0.004251 0.013259
v 0.011586 0.004105 0.012163
v 0.010108 0.004478 0.015837
v 0.009371 0.004704 0.016765
v 0.009170 0.005711 0.016937
v 0.010024 0.004599 0.016266
v 0.010638 0.004776 0.016032
v 0.011398 0.004621 0.015409
v 0.011540 0.006194 0.015387
v 0.011130 0.006294 0.005592
v 0.010263 0.006264 0.007061
v 0.011459 0.006491 0.005864
v 0.009152 0.006268 0.008408
v 0.009869 0.006499 0.008311
v 0.010285 0.006501 0.015526
v 0.009501 0.006238 0.016646
v 0.010546 0.006252 0.016042
v 0.008607 0.006236 0.017102
v 0.012408 0.002310 0.001528
v 0.012258 0.002756 0.001451
v 0.012255 0.002885 0.002646
v 0.012524 -0.000071 0.001677
v 0.012619 0.001117 0.001273
v 0.012709 0.001465 0.001387
v 0.012934 0.002071 0.001735
v 0.012779 0.002624 0.002375
v 0.011596 0.001122 0.004655
v 0.011920 0.000532 0.004463
v 0.011925 0.002722 0.003732
v 0.012218 0.001396 0.004596
v 0.012262 0.002389 0.004033
v 0.012536 0.002752 0.003247
v 0.011981 0.001964 0.004343
v 0.013296 0.001004 0.004895
v 0.015284 0.001696 0.005239
v 0.015447 0.002653 0.004275
v 0.012788 0.003412 0.010773
v 0.013742 0.003472 0.009524
v 0.011883 0.003787 0.011771
v 0.011937 0.006119 0.003211
v 0.012269 0.006025 0.001323
v 0.011046 0.006013 0.005527
v 0.011563 0.006162 0.004370
v 0.011999 0.003318 0.002982
v 0.011600 0.002916 0.004257
v 0.013266 0.004167 0.010478
v 0.013413 0.004143 0.010113
v 0.014117 0.004124 0.009197
v 0.011622 0.004438 0.012910
v 0.012527 0.004198 0.011345
v 0.012848 0.004412 0.011616
v 0.012922 0.004510 0.013907
v 0.013153 0.004909 0.014067
v 0.014757 0.004481 0.011650
v 0.013838 0.004634 0.013223
v 0.012125 0.004521 0.014681
v 0.012033 0.005967 0.015043
v 0.011983 0.004847 0.015065
v 0.012186 0.006391 0.003264
v 0.012998 0.006501 0.001094
v 0.012448 0.006498 0.003930
v 0.017051 0.006501 0.007657
v 0.015319 0.006499 0.010733
v 0.012945 0.006030 0.014226
v 0.012553 0.006478 0.013836
v 0.012723 0.006315 0.014252
v 0.013894 0.006400 0.012956
v 0.011427 0.006452 0.014965
v 0.016084 0.000513 0.002258
v 0.014364 0.000978 0.001751
v 0.016123 0.001461 0.002197
v 0.016051 0.002187 0.002557
v 0.016422 0.002446 0.002693
v 0.016617 0.003539 0.001989
v 0.016511 0.001977 0.002167
v 0.015283 0.001066 0.005354
v 0.016080 0.002682 0.003188
v 0.016022 0.002807 0.003806
v 0.015833 0.002547 0.002968
v 0.015430 0.002306 0.004863
v 0.015691 0.001988 0.005381
v 0.015998 0.002869 0.004508
v 0.015767 0.002487 0.005475
v 0.014484 0.003495 0.008350
v 0.015294 0.003511 0.006779
v 0.016794 0.004114 0.002233
v 0.015900 0.004279 0.006224
v 0.016298 0.004012 0.004170
v 0.016553 0.004275 0.004007
v 0.014598 0.004167 0.008446
v 0.015219 0.004133 0.007214
v 0.015662 0.004018 0.006137
v 0.016276 0.004435 0.006465
v 0.014549 0.004436 0.009575
v 0.016164 0.004479 0.009638
v 0.015941 0.006213 0.010763
v 0.015978 0.004655 0.010671
v 0.016636 0.006011 0.009724
v 0.016671 0.004655 0.009581
v 0.014692 0.004629 0.012314
v 0.014607 0.005357 0.012591
v 0.015369 0.004665 0.011571
v 0.016507 0.006448 0.009112
v 0.013973 0.006024 0.013220
v 0.014530 0.006320 0.012409
v 0.015167 0.006223 0.011808
v 0.017190 0.004405 0.002486
v 0.018611 0.004478 0.003079
v 0.018928 0.004669 0.003413
v 0.019242 0.004800 -0.000187
v 0.019206 0.005170 0.001362
v 0.018170 0.004499 0.005311
v 0.018742 0.004634 0.003752
v 0.018582 0.004742 0.004978
v 0.017019 0.004501 0.008577
v 0.017824 0.004663 0.007119
v 0.017413 0.004711 0.008223
v 0.017835 0.006197 0.007156
v 0.018194 0.004668 0.006272
v 0.018173 0.006500 0.004289
v 0.018659 0.006426 0.003411
v 0.018924 0.005969 0.003571
v 0.019156 0.006265 -0.000068
v 0.017875 0.006458 0.005978
v 0.018178 0.006231 0.006279
v 0.018558 0.006204 0.004953
v 0.018887 0.006305 0.003353
v 0.017466 0.006225 0.008058
v 0.016800 0.006283 0.009266
vn -0.9352 -0.2165 -0.2802
vn -0.7455 -0.6136 -0.2602
vn -0.5836 -0.7946 -0.1674
vn -0.2858 -0.9503 -0.1232
vn -0.9529 -0.2254 -0.2028
vn -0.8839 -0.4228 -0.1998
vn -0.9834 -0.1216 -0.1347
vn -0.1130 -0.9933 -0.0256
vn -0.9803 -0.1962 -0.0232
vn -0.8445 -0.5262 -0.0999
vn -0.8100 -0.5847 0.0443
vn -0.3965 -0.9178 -0.0182
vn -0.2520 -0.9663 -0.0525
vn -0.8824 0.2935 -0.3678
vn -0.8274 -0.4438 -0.3443
vn -0.9234 0.2714 -0.2714
vn -0.9592 0.2616 -0.1075
vn -0.9854 0.1684 -0.0251
vn -0.6283 0.7338 -0.2584
vn -0.7966 0.5376 -0.2765
vn -0.6875 0.7093 -0.1557
vn -0.8835 -0.0654 -0.4638
vn -0.8852 0.0633 -0.4610
vn -0.6730 0.6304 -0.3869
vn -0.8164 0.4120 -0.4047
vn -0.9348 0.2914 -0.2031
vn -0.7316 0.6779 -0.0727
vn -0.9337 0.3472 0.0876
vn -0.7277 0.6858 0.0086
vn -0.6334 0.7727 -0.0412
vn -0.8528 -0.1429 -0.5024
vn -0.8729 -0.1487 -0.4647
vn -0.8404 -0.0770 -0.5365
vn -0.6885 -0.5614 -0.4592
vn -0.3318 -0.9242 -0.1892
vn -0.3109 -0.9259 -0.2143
vn -0.1454 -0.9808 -0.1302
vn -0.7800 -0.1648 -0.6036
vn -0.5632 -0.6692 -0.4847
vn -0.4951 -0.8357 -0.2376
vn -0.8435 0.1504 -0.5156
vn -0.7305 0.1223 -0.6719
vn -0.7957 0.0826 -0.6000
vn -0.7011 0.4417 -0.5598
vn -0.4715 0.7642 -0.4400
vn -0.5383 0.7513 -0.3818
vn -0.6307 0.4800 -0.6098
vn -0.7475 0.4263 -0.5093
vn -0.5355 0.7832 -0.3160
vn -0.7274 0.5007 -0.4692
vn -0.7949 0.4822 -0.3683
vn -0.6033 0.7598 -0.2421
vn -0.8471 0.4586 -0.2686
vn -0.9252 0.1106 -0.3629
vn -0.8764 0.1359 -0.4619
vn -0.6180 0.7716 -0.1507
vn -0.8786 0.4601 -0.1282
vn -0.9536 0.1146 -0.2786
vn -0.9736 0.1264 -0.1902
vn -0.8461 0.5307 -0.0495
vn -0.9824 0.1777 -0.0576
vn -0.6590 -0.1879 -0.7283
vn -0.4997 -0.5886 -0.6355
vn -0.4627 -0.7348 -0.4959
vn -0.7235 -0.1552 -0.6727
vn -0.5975 -0.5323 -0.5997
vn -0.1531 -0.9678 -0.1998
vn -0.0260 -0.9993 0.0256
vn -0.6605 0.1530 -0.7351
vn -0.3963 0.7607 -0.5141
vn -0.5532 0.5130 -0.6563
vn -0.4352 0.7566 -0.4880
vn -0.6374 0.4430 -0.6304
vn -0.5025 0.7500 -0.4300
vn -0.5470 0.4812 -0.6850
vn -0.7249 0.4199 -0.5460
vn -0.8319 0.1285 -0.5399
vn -0.7324 0.1096 -0.6720
vn 0.8841 0.3807 0.2708
vn 0.8919 0.3741 0.2540
vn 0.9269 0.1429 0.3470
vn 0.7090 0.7034 0.0505
vn 0.4904 0.8513 0.1864
vn -0.9597 -0.1905 -0.2067
vn -0.8418 -0.5397 -0.0107
vn -0.9531 -0.2249 0.2026
vn -0.6869 -0.1015 0.7197
vn -0.4672 -0.1666 0.8683
vn -0.1394 -0.9823 0.1250
vn -0.1741 -0.9685 0.1780
vn -0.1268 -0.9825 -0.1363
vn -0.2266 -0.1305 0.9652
vn -0.2576 -0.1272 0.9578
vn -0.4514 -0.1482 -0.8799
vn -0.7726 -0.1842 -0.6076
vn -0.1637 -0.2157 -0.9627
vn -0.9817 -0.1582 -0.1062
vn -0.9990 0.0324 0.0313
vn -0.4294 -0.0201 -0.9029
vn -0.4801 -0.2376 -0.8444
vn -0.5146 -0.1520 -0.8438
vn -0.5743 -0.1576 -0.8033
vn -0.5194 -0.3196 -0.7925
vn -0.1359 -0.9684 -0.2089
vn -0.2555 -0.8915 -0.3742
vn -0.2253 -0.8756 -0.4273
vn -0.1238 -0.9521 -0.2796
vn -0.6601 -0.7375 -0.1427
vn -0.3771 -0.9194 -0.1115
vn -0.2215 -0.6979 -0.6811
vn -0.1648 -0.9701 0.1783
vn -0.9281 -0.2802 -0.2454
vn -0.9549 0.0103 0.2966
vn -0.8031 -0.5957 -0.0144
vn -0.1459 -0.6325 0.7607
vn -0.5696 0.1624 -0.8057
vn -0.3170 0.7014 -0.6384
vn -0.4682 0.5432 -0.6970
vn -0.4442 0.1969 -0.8740
vn -0.4420 0.3915 -0.8071
vn -0.4754 0.4461 -0.7583
vn -0.3780 0.7416 -0.5542
vn -0.6707 0.1247 -0.7312
vn -0.5777 0.1395 -0.8043
vn 0.8796 0.2987 0.3702
vn 0.6734 0.6358 0.3772
vn 0.8545 0.1365 0.5013
vn 0.2006 0.9733 0.1113
vn 0.7865 0.1858 0.5890
vn 0.7476 0.3617 0.5570
vn 0.1459 0.9813 0.1256
vn 0.2915 0.9347 0.2033
vn 0.7033 0.1926 0.6843
vn 0.6853 0.3804 0.6210
vn 0.7549 0.1594 0.6362
vn 0.7074 0.1774 0.6842
vn 0.2671 0.9285 0.2580
vn 0.8659 0.2400 0.4389
vn 0.2138 0.9764 0.0308
vn 0.0426 0.9991 0.0035
vn 0.2357 0.9667 -0.1001
vn -0.1831 -0.9684 -0.1692
vn 0.0065 -0.9870 -0.1608
vn 0.2007 -0.2477 -0.9478
vn -0.1450 -0.1378 -0.9798
vn 0.0030 -0.9979 0.0651
vn -0.0082 -0.9564 0.2921
vn 0.0569 -0.9204 -0.3869
vn -0.1547 -0.8999 -0.4077
vn -0.3393 -0.4312 -0.8360
vn -0.2207 -0.6040 -0.7658
vn -0.0213 -0.9995 -0.0224
vn -0.1072 -0.9554 -0.2752
vn 0.0127 -0.9268 -0.3753
vn 0.0238 -0.6319 -0.7747
vn -0.0085 -0.8883 0.4593
vn -0.0209 -0.5442 0.8387
vn -0.3497 0.4467 -0.8235
vn -0.3522 0.1195 -0.9283
vn -0.2739 0.2537 -0.9277
vn -0.2710 -0.1395 -0.9524
vn -0.3189 0.7107 -0.6270
vn -0.4069 0.2659 -0.8739
vn -0.4910 0.0861 -0.8669
vn -0.2305 0.7092 -0.6662
vn -0.2726 0.5081 -0.8170
vn -0.2251 0.7846 -0.5777
vn 0.1474 0.9748 0.1672
vn 0.4686 0.6749 0.5700
vn 0.2522 0.8417 0.4774
vn 0.4443 0.4490 0.7753
vn 0.5987 0.1691 0.7829
vn 0.4864 0.0609 0.8716
vn 0.0777 0.9827 0.1679
vn 0.0256 0.9975 0.0663
vn -0.0555 -0.3793 0.9236
vn -0.0638 -0.1171 0.9911
vn -0.0374 -0.9978 0.0540
vn -0.0761 -0.1569 0.9847
vn -0.0224 -0.1307 0.9912
vn 0.1401 -0.2070 0.9683
vn -0.0673 -0.9409 -0.3320
vn -0.1843 -0.4958 -0.8487
vn -0.1792 -0.0661 -0.9816
vn -0.1411 -0.4929 -0.8586
vn 0.0259 -0.2151 -0.9762
vn 0.2206 -0.5355 -0.8152
vn 0.0723 -0.9826 0.1712
vn 0.1627 -0.9800 0.1149
vn 0.1649 -0.9862 -0.0117
vn 0.6825 -0.7308 0.0114
vn 0.9029 0.1113 0.4152
vn 0.9124 0.4071 0.0427
vn 0.7291 0.5332 0.4291
vn 0.4674 0.8794 0.0911
vn 0.3176 0.9284 0.1929
vn 0.2947 0.9551 0.0318
vn 0.7482 0.3229 0.5796
vn 0.6309 0.6625 0.4039
vn -0.1920 0.4860 -0.8526
vn -0.1692 0.7291 -0.6632
vn -0.1115 0.5130 -0.8511
vn -0.1845 0.1652 -0.9689
vn 0.8391 0.1969 0.5071
vn 0.7045 0.1155 0.7002
vn 0.6444 0.6387 0.4204
vn 0.6463 0.6552 0.3912
vn 0.5922 0.7263 0.3490
vn -0.1455 0.7102 -0.6888
vn 0.2743 0.2762 0.9211
vn 0.3709 0.3184 0.8724
vn 0.2015 0.7843 0.5868
vn 0.3756 0.2441 0.8941
vn 0.0348 0.9802 0.1951
vn 0.0553 0.9720 0.2285
vn 0.2423 0.9577 0.1555
vn 0.2827 0.9426 0.1777
vn 0.7604 0.4828 0.4344
vn 0.2260 -0.6782 -0.6993
vn 0.1032 -0.2054 -0.9732
vn 0.0236 -0.9986 0.0477
vn 0.0439 -0.9988 0.0227
vn 0.6306 -0.2776 0.7248
vn 0.1193 -0.1231 0.9852
vn -0.0452 -0.9128 -0.4059
vn -0.0124 -0.6148 -0.7886
vn 0.0485 -0.9758 -0.2132
vn 0.1224 -0.9071 -0.4027
vn 0.0159 -0.9998 -0.0116
vn 0.2649 -0.6559 0.7069
vn 0.0833 -0.7420 0.6652
vn 0.0844 -0.9964 0.0054
vn 0.8199 -0.4770 0.3164
vn 0.9825 -0.1864 0.0061
vn 0.9740 0.2263 -0.0094
vn 0.2709 -0.8881 0.3714
vn 0.7906 -0.0178 0.6121
vn 0.5261 -0.3949 0.7532
vn 0.5287 -0.2331 0.8161
vn 0.2226 -0.2090 0.9522
vn 0.1733 0.0102 0.9848
vn 0.0817 -0.9218 0.3790
vn -0.0012 -0.5828 0.8126
vn 0.2728 0.8888 0.3682
vn 0.5173 0.3452 0.7831
vn 0.0154 0.9325 0.3608
vn 0.1092 0.6826 0.7226
vn 0.1147 0.1833 0.9763
vn 0.7373 0.0498 0.6737
vn 0.5258 0.0387 0.8497
vn 0.2998 0.7622 0.5737
vn 0.2486 0.9118 0.3268
vn 0.4766 0.8056 0.3519
vn 0.1501 0.7987 0.5827
vn -0.0951 0.1466 -0.9846
vn -0.0508 0.7612 -0.6466
vn 0.0365 0.6936 -0.7194
vn -0.0248 0.7151 -0.6986
vn -0.0902 0.2750 -0.9572
vn 0.0486 0.4716 -0.8805
vn 0.1056 0.7575 0.6442
vn 0.1535 0.2645 0.9521
vn 0.3188 0.4392 0.8399
vn 0.1697 0.2309 0.9581
vn -0.3349 -0.9418 0.0289
vn -0.2356 -0.9687 0.0777
vn -0.9803 -0.1691 0.1025
vn -0.6749 -0.7253 0.1357
vn -0.9537 -0.2049 0.2202
vn -0.7592 -0.5929 0.2685
vn -0.5707 -0.7783 0.2618
vn -0.8858 -0.2308 0.4027
vn -0.7197 -0.5782 0.3843
vn -0.9859 -0.0596 0.1563
vn -0.9827 0.0826 0.1657
vn -0.9640 0.1216 0.2363
vn -0.9407 -0.1399 0.3091
vn -0.8995 0.2855 0.3306
vn -0.9032 0.4059 0.1395
vn -0.8698 0.4675 0.1579
vn -0.8799 0.3999 0.2567
vn -0.6520 0.7426 0.1531
vn -0.6583 0.7140 0.2385
vn -0.7958 0.4827 0.3657
vn -0.8959 0.1316 0.4244
vn -0.6027 0.7346 0.3115
vn -0.8638 0.1539 0.4798
vn -0.6403 0.7645 0.0741
vn -0.6437 0.7374 0.2045
vn -0.2053 -0.9711 0.1216
vn -0.3260 -0.9261 0.1900
vn -0.6593 -0.6282 0.4131
vn -0.8541 -0.1351 0.5023
vn -0.7213 -0.4437 0.5318
vn -0.2407 -0.9533 0.1823
vn -0.4406 -0.8295 0.3431
vn -0.1952 -0.9659 0.1703
vn -0.3998 -0.8427 0.3605
vn -0.7573 -0.0695 0.6494
vn -0.7442 -0.1749 0.6446
vn -0.7361 -0.1511 0.6598
vn -0.8132 0.1534 0.5615
vn -0.7226 0.5317 0.4418
vn -0.6946 0.5199 0.4973
vn -0.5266 0.7362 0.4250
vn -0.7178 0.3065 0.6251
vn -0.8795 0.4479 0.1607
vn -0.8669 0.4970 0.0378
vn -0.9752 0.2057 0.0814
vn -0.9773 0.1691 0.1274
vn -0.9580 0.2304 0.1710
vn -0.9171 0.3431 0.2028
vn -0.8450 0.4444 0.2974
vn -0.3515 0.9256 -0.1405
vn -0.2134 0.9166 0.3381
vn -0.4444 0.8924 0.0776
vn -0.9726 0.0871 0.2156
vn -0.9418 0.1408 0.3054
vn -0.9837 -0.0131 0.1796
vn -0.0941 0.9944 -0.0478
vn -0.5690 0.6568 -0.4948
vn -0.3041 0.8542 -0.4217
vn 0.0256 0.8783 -0.4775
vn -0.5498 0.7816 0.2948
vn -0.7763 0.4993 0.3848
vn -0.9066 0.1190 0.4049
vn -0.5140 0.7551 0.4071
vn -0.7565 0.4102 0.5093
vn -0.8562 0.1067 0.5055
vn -0.2447 -0.9349 0.2572
vn -0.3638 -0.8386 0.4055
vn -0.6996 -0.1073 0.7065
vn -0.6568 -0.1537 0.7382
vn -0.1569 -0.9619 0.2241
vn -0.3006 -0.8639 0.4042
vn -0.6233 -0.1272 0.7716
vn -0.6029 -0.2888 0.7437
vn -0.6617 0.2990 0.6875
vn -0.4930 0.7143 0.4967
vn -0.6236 0.1414 0.7688
vn -0.5403 0.5224 0.6597
vn -0.4002 0.7226 0.5637
vn 0.1999 0.9110 0.3607
vn -0.0663 0.7522 0.6556
vn 0.2100 0.9698 -0.1241
vn 0.1787 0.7632 0.6209
vn 0.8925 0.4394 -0.1022
vn 0.9809 0.1896 0.0443
vn 0.8733 0.4802 -0.0820
vn 0.9853 0.1506 0.0809
vn 0.9319 -0.0023 0.3628
vn 0.9413 0.1899 -0.2792
vn 0.4044 0.9124 -0.0626
vn -0.0603 0.5462 -0.8355
vn -0.4252 0.5778 -0.6967
vn 0.5593 0.6482 -0.5167
vn 0.8971 0.1443 -0.4177
vn 0.6936 0.6843 -0.2250
vn 0.9101 0.2082 -0.3584
vn 0.8729 0.0041 -0.4878
vn -0.6462 0.4600 0.6090
vn -0.7524 0.1227 0.6471
vn -0.4616 0.7125 0.5284
vn -0.6879 0.2560 0.6792
vn -0.5073 -0.4612 0.7280
vn -0.1577 -0.9600 0.2312
vn -0.3710 -0.7566 0.5385
vn -0.4209 -0.5295 0.7365
vn -0.4788 -0.0551 0.8762
vn -0.1759 -0.9100 0.3755
vn -0.2406 -0.8085 0.5371
vn -0.4757 -0.1731 0.8624
vn -0.5423 0.2922 0.7877
vn -0.4644 0.2425 0.8518
vn 0.7510 0.5556 -0.3569
vn 0.3997 0.8891 -0.2232
vn 0.7695 0.4869 -0.4134
vn 0.8888 0.0628 -0.4540
vn 0.7963 0.2691 -0.5418
vn 0.5271 0.7424 -0.4136
vn 0.1265 0.9874 -0.0947
vn 0.7749 0.1597 -0.6115
vn 0.6784 0.3438 -0.6493
vn -0.6016 0.2928 0.7432
vn -0.5276 0.4844 0.6978
vn -0.5243 0.2631 0.8099
vn -0.2678 0.7790 0.5670
vn -0.3559 0.6830 0.6378
vn -0.3859 0.6878 0.6149
vn -0.0208 -0.9996 -0.0210
vn -0.1862 -0.8429 0.5048
vn -0.1027 -0.9705 0.2181
vn -0.2737 -0.6704 0.6897
vn -0.3122 -0.2046 0.9277
vn -0.4113 -0.0519 0.9100
vn -0.3886 0.3018 0.8706
vn -0.2398 0.7275 0.6428
vn -0.3116 0.5231 0.7932
vn -0.2869 0.3139 0.9051
vn 0.0598 0.9926 -0.1057
vn 0.2406 0.9611 -0.1354
vn 0.6145 0.2963 -0.7312
vn 0.3680 0.8438 -0.3905
vn 0.3955 0.7149 -0.5766
vn 0.0981 0.9851 -0.1413
vn 0.6568 0.0910 -0.7486
vn 0.5430 0.2035 -0.8147
vn 0.5232 0.1206 -0.8436
vn 0.3903 0.3700 -0.8431
vn 0.7987 0.5984 -0.0626
vn 0.6455 0.7599 0.0770
vn 0.4802 0.8312 -0.2802
vn 0.2406 0.8409 -0.4848
vn 0.3830 0.8664 0.3204
vn 0.5663 0.6841 0.4597
vn 0.2517 0.9557 -0.1528
vn -0.2088 0.9563 -0.2046
vn -0.3007 0.9505 0.0788
vn -0.4280 0.4680 0.7732
vn -0.4703 0.1946 0.8608
vn 0.0903 0.9218 0.3769
vn 0.3341 0.7134 0.6160
vn -0.4065 0.2630 0.8750
vn -0.2686 0.5648 0.7803
vn 0.0545 0.9945 0.0895
vn -0.3617 0.8647 0.3485
vn -0.1789 0.7710 0.6112
vn -0.6821 0.6918 0.2371
vn -0.3924 0.7318 -0.5571
vn -0.8414 0.5343 -0.0814
vn 0.6243 -0.7184 -0.3067
vn 0.1864 -0.9698 -0.1574
vn -0.1436 -0.8934 0.4256
vn -0.2042 -0.5347 0.8200
vn -0.0676 -0.9446 0.3213
vn -0.1603 -0.4053 0.9000
vn 0.6562 0.6925 -0.2997
vn 0.3473 0.9183 -0.1900
vn 0.9061 0.1757 -0.3849
vn 0.6940 0.6117 -0.3797
vn 0.8652 0.1730 -0.4706
vn 0.6772 0.6321 -0.3767
vn 0.6649 0.7469 -0.0045
vn 0.7438 0.2903 -0.6021
vn 0.2510 0.9095 -0.3314
vn -0.2406 -0.0805 0.9673
vn -0.2345 0.3069 0.9224
vn 0.9329 0.2235 -0.2823
vn 0.8622 0.1960 -0.4672
vn 0.8331 0.3947 -0.3875
vn 0.7683 0.0912 -0.6335
vn -0.1452 0.7264 0.6717
vn -0.1376 0.3483 0.9272
vn 0.8666 0.4654 -0.1798
vn 0.9362 0.2448 0.2523
vn 0.1864 0.9771 -0.1026
vn 0.3637 0.9141 -0.1793
vn 0.4144 0.8709 -0.2642
vn 0.0127 0.7288 -0.6846
vn 0.3156 0.2505 -0.9152
vn 0.0627 0.1877 -0.9802
vn 0.1858 0.5679 -0.8019
vn 0.1338 0.9101 -0.3921
vn 0.3055 0.3706 -0.8771
vn 0.1786 0.1630 -0.9703
vn -0.2028 0.3980 0.8947
vn -0.0868 0.5090 0.8564
vn -0.1563 0.1226 0.9801
vn -0.9029 -0.1382 -0.4070
vn -0.8337 -0.5522 0.0056
vn -0.8076 -0.3079 0.5029
vn -0.9761 -0.0807 -0.2015
vn -0.9931 -0.1047 0.0521
vn -0.6635 -0.1455 -0.7339
vn -0.9659 -0.0699 -0.2492
vn -0.9703 -0.0950 0.2226
vn -0.5939 -0.1463 0.7911
vn 0.8955 -0.2420 -0.3734
vn 0.6605 -0.5059 -0.5548
vn 0.5097 0.0371 -0.8596
vn 0.7408 0.1932 -0.6433
vn 0.2776 -0.8404 -0.4655
vn 0.0669 -0.9748 -0.2130
vn 0.2625 0.1321 -0.9559
vn 0.2606 0.0578 -0.9637
vn 0.0124 0.0219 -0.9997
vn -0.0713 -0.9692 -0.2357
vn -0.8384 -0.5100 -0.1923
vn -0.2638 -0.9550 -0.1356
vn -0.2242 -0.5901 -0.7756
vn -0.3828 -0.9100 0.1593
vn -0.0262 -0.9993 0.0268
vn -0.1106 -0.9196 0.3771
vn -0.8701 -0.4904 0.0498
vn -0.7749 -0.6320 -0.0039
vn -0.0673 -0.9150 0.3979
vn -0.0365 -0.6753 0.7366
vn -0.0347 -0.2236 0.9741
vn 0.8778 0.3064 -0.3681
vn 0.3668 0.8435 -0.3924
vn 0.4076 0.8729 -0.2682
vn 0.4824 0.4163 -0.7707
vn 0.3279 0.6445 -0.6908
vn 0.1096 0.2611 -0.9591
vn 0.4519 0.1353 -0.8818
vn 0.1673 0.8388 -0.5180
vn 0.0418 0.4242 -0.9046
vn 0.0555 0.7635 -0.6434
vn -0.0879 0.0913 -0.9919
vn -0.3341 0.4315 -0.8380
vn 0.4811 0.2892 -0.8276
vn 0.3267 0.4837 -0.8120
vn 0.1115 0.2507 -0.9616
vn 0.7824 0.4315 -0.4492
vn 0.1135 0.9404 -0.3207
vn -0.1331 0.9123 -0.3873
vn 0.0095 0.9787 -0.2050
vn -0.0570 0.9940 -0.0937
vn 0.0659 0.7227 -0.6881
vn 0.0637 0.2469 -0.9669
vn 0.1447 0.3939 -0.9077
vn -0.9285 0.1652 -0.3325
vn -0.9439 -0.0540 -0.3257
vn -0.9274 0.2337 -0.2920
vn -0.8714 -0.2046 -0.4459
vn -0.7926 -0.4562 -0.4045
vn -0.9198 -0.0748 -0.3852
vn -0.1995 -0.9769 -0.0764
vn -0.3672 -0.9211 -0.1290
vn -0.1058 -0.9897 -0.0960
vn -0.9757 -0.0327 -0.2165
vn -0.9537 0.2187 -0.2063
vn -0.1987 -0.9791 -0.0430
vn -0.4110 -0.9087 -0.0728
vn -0.2562 -0.9635 -0.0778
vn -0.9549 -0.0609 -0.2907
vn -0.8804 -0.4655 -0.0904
vn -0.7371 -0.6714 0.0773
vn -0.9820 -0.1827 0.0480
vn -0.9802 0.1968 -0.0209
vn -0.8959 0.4318 -0.1044
vn -0.2735 -0.9600 0.0595
vn -0.3436 -0.9384 -0.0368
vn -0.5597 0.8061 -0.1921
vn -0.8206 0.5069 -0.2640
vn -0.8952 0.0377 -0.4441
vn -0.7603 0.5648 -0.3208
vn -0.4463 0.8663 -0.2243
vn -0.6498 0.7597 0.0247
vn -0.3789 0.9251 -0.0263
vn -0.0964 0.9950 -0.0264
vn -0.5921 0.7935 -0.1403
vn -0.8808 -0.1329 -0.4545
vn -0.9191 -0.0997 -0.3813
vn -0.8353 -0.1104 -0.5386
vn -0.9761 -0.1021 -0.1917
vn -0.9502 -0.1527 -0.2716
vn -0.9675 -0.2339 -0.0962
vn -0.7590 0.0096 -0.6511
vn -0.7061 -0.2539 -0.6610
vn -0.7780 -0.0438 -0.6267
vn -0.8551 -0.0806 -0.5121
vn -0.8590 0.0106 -0.5119
vn -0.8114 -0.1576 -0.5629
vn -0.7647 -0.3767 -0.5229
vn -0.1404 -0.9864 -0.0858
vn -0.3345 -0.9119 -0.2376
vn -0.3284 -0.8872 -0.3242
vn -0.1894 -0.9679 -0.1652
vn -0.2250 -0.9631 -0.1475
vn -0.1633 -0.9857 -0.0406
vn -0.2252 -0.9674 -0.1163
vn -0.3742 -0.9127 -0.1640
vn -0.4336 -0.8771 -0.2067
vn -0.4301 -0.8884 -0.1605
vn -0.8779 -0.2076 -0.4314
vn -0.9061 -0.2557 -0.3372
vn -0.4217 -0.8720 -0.2485
vn -0.6865 -0.6990 -0.2001
vn -0.8169 -0.5619 -0.1302
vn -0.5819 -0.8125 -0.0345
vn -0.5520 -0.8338 -0.0016
vn -0.7876 0.0103 -0.6161
vn -0.1839 0.9696 -0.1611
vn -0.3533 0.8785 -0.3216
vn -0.3393 0.9042 -0.2595
vn -0.2657 0.9545 -0.1350
vn -0.4003 0.8795 -0.2574
vn -0.8253 0.0443 -0.5629
vn -0.1929 0.9735 -0.1232
vn -0.3512 0.9057 -0.2373
vn 0.1274 0.9913 -0.0329
vn -0.1926 0.9811 0.0180
vn -0.6584 -0.2193 -0.7200
vn -0.7071 -0.2052 -0.6767
vn -0.7740 -0.2607 -0.5770
vn -0.7861 0.1206 -0.6063
vn 0.9950 0.0242 0.0971
vn 0.9827 0.0032 0.1853
vn -0.6567 -0.2324 -0.7175
vn -0.6141 -0.0871 -0.7844
vn -0.6211 -0.4691 -0.6278
vn -0.6619 0.1793 -0.7279
vn -0.5931 0.1246 -0.7954
vn -0.1294 -0.9775 -0.1666
vn -0.2344 -0.9277 -0.2905
vn -0.2096 -0.9317 -0.2967
vn -0.6246 -0.4091 -0.6652
vn -0.5295 -0.6882 -0.4960
vn -0.6842 -0.6176 -0.3878
vn -0.5429 -0.7541 -0.3695
vn -0.6151 0.2542 -0.7463
vn -0.6098 0.4144 -0.6756
vn -0.2081 0.9529 -0.2206
vn -0.2485 0.9144 -0.3196
vn -0.2884 0.9207 -0.2630
vn -0.1268 0.9760 -0.1773
vn -0.7159 0.0816 -0.6934
vn -0.3256 0.8954 -0.3035
vn 0.0697 0.9975 0.0076
vn 0.1463 0.9853 0.0880
vn 0.4459 0.8797 0.1652
vn 0.7131 0.6912 0.1175
vn 0.6588 0.6922 0.2948
vn 0.4532 0.8884 0.0727
vn 0.6977 0.7155 0.0356
vn -0.5781 -0.1130 -0.8081
vn 0.8449 0.1818 0.5032
vn -0.5326 -0.0738 -0.8432
vn -0.5514 -0.2016 -0.8095
vn -0.5198 -0.2847 -0.8054
vn -0.1117 -0.9753 -0.1905
vn -0.4715 -0.0709 -0.8790
vn -0.0970 -0.9751 -0.1996
vn -0.1785 -0.9239 -0.3384
vn -0.1814 -0.9139 -0.3632
vn -0.1275 -0.9692 -0.2110
vn -0.0723 -0.9846 -0.1594
vn -0.2939 -0.9087 -0.2965
vn -0.1616 -0.9725 -0.1679
vn -0.3076 -0.8568 -0.4139
vn -0.4674 -0.2227 -0.8556
vn -0.5449 -0.3101 -0.7790
vn -0.5127 -0.2090 -0.8327
vn -0.3707 -0.7196 -0.5872
vn 0.8092 0.1791 0.5595
vn -0.5447 0.1023 -0.8323
vn -0.1320 0.9664 -0.2205
vn -0.2412 0.9031 -0.3553
vn -0.5118 0.0654 -0.8566
vn -0.4275 0.1491 -0.8916
vn 0.3214 0.9154 0.2425
vn 0.7576 0.3552 0.5476
vn 0.6737 0.3310 0.6608
vn -0.4485 -0.1058 -0.8875
vn -0.3604 0.1153 -0.9256
vn -0.4169 -0.0412 -0.9080
vn -0.3063 -0.5652 -0.7660
vn -0.3281 0.4661 -0.8216
vn -0.1643 -0.8190 -0.5498
vn -0.2781 -0.2530 -0.9267
vn -0.2631 -0.9019 -0.3427
vn -0.3766 -0.6215 -0.6869
vn -0.1319 -0.8946 -0.4270
vn -0.2071 -0.8267 -0.5231
vn 0.6552 0.1426 0.7419
vn 0.5833 0.1910 0.7895
vn -0.3301 0.6843 -0.6502
vn -0.1234 0.9484 -0.2920
vn -0.0278 0.9924 -0.1199
vn -0.1724 0.7755 -0.6073
vn 0.5495 0.3693 0.7494
vn 0.5030 0.2216 0.8354
vn 0.4036 0.4891 0.7732
vn -0.3547 -0.1205 -0.9272
vn -0.2648 0.2406 -0.9338
vn -0.1809 -0.0938 -0.9790
vn -0.2597 -0.0962 -0.9609
vn 0.2580 0.2663 0.9287
vn -0.2746 0.1899 -0.9426
vn -0.1830 -0.4864 -0.8544
vn -0.0546 -0.9354 -0.3493
vn -0.0526 -0.9542 -0.2944
vn -0.1870 0.4046 -0.8952
vn -0.0946 -0.5633 -0.8208
vn -0.3404 -0.2307 -0.9115
vn -0.2404 -0.5445 -0.8036
vn -0.1626 -0.0758 -0.9838
vn -0.1760 -0.4862 -0.8560
vn -0.0067 0.9432 -0.3321
vn -0.0844 0.7183 -0.6906
vn 0.2234 0.8652 0.4488
vn 0.1510 0.9285 0.3391
vn 0.0369 0.9910 0.1288
vn 0.1067 0.9810 0.1623
vn 0.2616 0.5209 0.8125
vn 0.1133 0.4875 0.8657
vn -0.0099 -0.1141 -0.9934
vn -0.0133 0.0966 -0.9952
vn -0.1069 -0.3009 -0.9477
vn 0.2060 0.1996 0.9580
vn 0.0033 -0.9787 -0.2054
vn 0.1130 -0.9169 -0.3827
vn 0.1361 -0.5426 -0.8289
vn -0.0254 -0.2533 -0.9670
vn -0.0185 -0.8141 -0.5804
vn 0.0264 -0.4746 -0.8798
vn 0.0032 0.2828 -0.9592
vn -0.0937 0.2166 -0.9718
vn 0.0841 0.5005 -0.8616
vn -0.1558 -0.9877 0.0118
vn -0.9468 -0.2620 0.1870
vn -0.8600 -0.4903 0.1414
vn -0.9567 0.2165 0.1948
vn -0.9592 -0.0494 0.2784
vn -0.9466 0.0027 0.3225
vn -0.9419 -0.0343 0.3342
vn -0.4040 -0.9076 0.1140
vn -0.1768 -0.9822 0.0638
vn -0.3862 -0.9033 0.1866
vn -0.5833 -0.7800 0.2268
vn -0.8842 -0.2607 0.3876
vn -0.7069 -0.6085 0.3606
vn -0.8511 -0.2135 0.4797
vn -0.9917 0.0841 0.0969
vn -0.4571 0.8824 0.1115
vn -0.5963 0.7928 0.1259
vn -0.8142 0.4744 0.3348
vn -0.7487 0.6192 0.2368
vn -0.2690 0.9576 0.1035
vn -0.5376 0.8120 0.2274
vn -0.4943 0.8365 0.2367
vn -0.7446 0.5202 0.4183
vn -0.9559 -0.1056 0.2741
vn -0.9389 0.0262 0.3432
vn -0.1452 0.0584 0.9877
vn -0.7795 -0.2595 0.5701
vn -0.7683 -0.4577 0.4476
vn 0.0312 -0.8343 0.5504
vn 0.1730 -0.4140 0.8937
vn 0.1566 -0.6502 0.7434
vn -0.5235 -0.8288 0.1977
vn -0.2591 -0.9517 0.1645
vn 0.2338 -0.4304 0.8719
vn -0.0779 0.3826 0.9206
vn 0.1803 0.0687 0.9812
vn 0.2085 -0.8698 0.4472
vn 0.1615 -0.6812 0.7141
vn -0.5603 0.3062 -0.7696
vn -0.9639 -0.0452 0.2624
vn -0.6039 -0.2802 -0.7462
vn -0.3936 -0.0252 -0.9190
vn -0.9127 -0.2465 0.3259
vn -0.1629 -0.2020 -0.9657
vn -0.3512 0.2726 -0.8957
vn -0.4116 -0.3808 -0.8280
vn -0.3855 -0.6194 -0.6839
vn 0.0092 -0.6063 -0.7952
vn -0.9996 0.0130 -0.0266
vn -0.9432 -0.3254 0.0668
vn -0.9263 -0.3264 0.1882
vn -0.9585 -0.2385 0.1565
vn -0.2084 -0.9751 0.0756
vn -0.3396 -0.9374 0.0775
vn -0.9791 -0.0728 0.1897
vn -0.9935 -0.0000 -0.1140
vn -0.9711 -0.1471 0.1882
vn -0.9440 -0.1666 0.2848
vn -0.8921 -0.3143 0.3245
vn -0.4506 -0.8627 0.2295
vn -0.4169 -0.8794 0.2299
vn -0.9045 -0.1162 0.4104
vn -0.4854 -0.8295 0.2762
vn -0.8668 -0.1823 0.4640
vn -0.5366 -0.7919 0.2914
vn -0.4310 -0.8676 0.2480
vn -0.8146 -0.2882 0.5033
vn -0.2656 -0.9444 0.1937
vn -0.1556 -0.9801 0.1229
vn -0.8147 -0.0100 0.5798
vn -0.8054 -0.0361 0.5917
vn -0.2166 -0.9654 0.1455
vn -0.8630 -0.0780 0.4992
vn -0.8572 -0.2174 0.4669
vn -0.4256 -0.8722 0.2411
vn -0.6755 0.4538 0.5811
vn -0.7726 -0.0320 0.6340
vn -0.2652 -0.9376 0.2250
vn -0.3388 -0.9052 0.2564
vn -0.7364 -0.0175 0.6764
vn -0.1835 -0.9712 0.1518
vn -0.3073 -0.9110 0.2751
vn -0.2153 0.9649 0.1501
vn -0.2749 0.9471 0.1655
vn -0.8517 0.0449 0.5220
vn -0.3999 0.8764 0.2683
vn -0.4021 0.8710 0.2823
vn -0.2078 0.9624 0.1747
vn -0.4844 0.7872 0.3817
vn 0.5688 0.3303 0.7533
vn 0.4518 0.0111 0.8921
vn 0.8743 0.4625 0.1472
vn 0.4712 -0.8301 0.2982
vn -0.1805 0.2203 -0.9586
vn -0.1710 0.0584 -0.9835
vn 0.3384 -0.2477 -0.9078
vn 0.1810 -0.8465 -0.5007
vn 0.0511 -0.9916 -0.1191
vn 0.2238 -0.9313 -0.2874
vn 0.1038 0.2841 -0.9532
vn 0.3425 -0.4527 -0.8232
vn 0.7370 0.1676 -0.6548
vn -0.8063 0.1266 0.5777
vn -0.7497 -0.0858 0.6562
vn -0.6983 -0.0611 0.7132
vn 0.9969 0.0326 -0.0722
vn 0.9772 -0.1355 -0.1636
vn 0.9949 -0.1011 0.0016
vn 0.9651 0.2145 -0.1501
vn 0.9361 0.2233 -0.2716
vn 0.8950 0.1878 -0.4047
vn 0.9511 -0.0286 -0.3076
vn -0.4076 -0.8658 0.2903
vn -0.8074 -0.3056 0.5048
vn -0.8107 -0.1221 0.5726
vn -0.7369 -0.2066 0.6436
vn -0.7287 -0.1313 0.6721
vn -0.3817 -0.8631 0.3307
vn -0.3696 -0.8617 0.3476
vn -0.2618 -0.9255 0.2739
vn -0.5969 0.4723 0.6486
vn -0.6985 -0.0468 0.7141
vn -0.1402 -0.9784 0.1521
vn -0.0642 -0.9963 0.0568
vn -0.2458 -0.9344 0.2577
vn -0.3442 -0.8609 0.3746
vn -0.1827 -0.9603 0.2109
vn -0.2371 -0.9333 0.2695
vn -0.6348 -0.1894 0.7491
vn -0.5817 -0.3938 0.7117
vn -0.5742 -0.1996 0.7940
vn -0.6160 0.2025 0.7613
vn -0.1866 -0.9507 0.2476
vn -0.5616 -0.3886 0.7304
vn -0.1084 -0.9794 0.1703
vn 0.9820 0.1886 0.0079
vn 0.6044 0.7629 -0.2295
vn 0.8941 0.4297 -0.1263
vn 0.1551 0.9832 -0.0962
vn 0.7611 0.5712 -0.3074
vn 0.1369 0.9822 -0.1288
vn -0.4977 0.7172 0.4878
vn -0.1694 0.9667 0.1918
vn -0.4405 0.7274 0.5261
vn -0.1771 0.9475 0.2661
vn 0.6427 0.1971 -0.7403
vn 0.7376 0.2285 -0.6354
vn -0.6469 -0.1822 0.7405
vn -0.5489 -0.0987 0.8300
vn 0.7606 -0.1898 0.6208
vn 0.7052 0.3362 0.6243
vn 0.8901 0.0172 0.4555
vn 0.6955 -0.4839 0.5312
vn -0.3318 0.0171 0.9432
vn -0.3200 0.0088 0.9474
vn 0.8076 0.1149 -0.5784
vn -0.6850 -0.1539 0.7121
vn -0.5770 -0.3207 0.7511
vn -0.3327 -0.8443 0.4201
vn -0.2101 -0.9227 0.3231
vn -0.4871 -0.2007 0.8499
vn -0.5132 -0.3065 0.8017
vn -0.4920 0.1769 0.8525
vn -0.1201 -0.9732 0.1962
vn -0.1534 -0.9497 0.2731
vn -0.4586 -0.4183 0.7841
vn -0.0923 -0.9774 0.1904
vn -0.4590 -0.0852 0.8843
vn -0.4952 -0.2393 0.8352
vn -0.2325 -0.9021 0.3634
vn -0.2159 -0.9036 0.3701
vn -0.1711 -0.9189 0.3554
vn 0.3308 0.9250 -0.1870
vn 0.7730 0.2813 -0.5686
vn 0.8442 0.2027 -0.4962
vn 0.7718 0.4191 -0.4783
vn 0.3200 0.9167 -0.2392
vn 0.6840 0.4651 -0.5620
vn 0.4636 0.7119 -0.5275
vn 0.2980 0.9204 -0.2533
vn 0.1700 0.9566 -0.2368
vn 0.0218 0.9992 -0.0347
vn -0.4897 0.5038 0.7116
vn -0.4794 0.3563 0.8020
vn -0.1058 0.9818 0.1578
vn -0.4609 0.3824 0.8009
vn 0.9926 0.0649 -0.1029
vn 0.9971 0.0531 -0.0539
vn 0.7883 -0.3735 0.4889
vn 0.8775 -0.0659 0.4751
vn 0.6949 -0.6323 0.3425
vn 0.5112 -0.1009 -0.8535
vn 0.5416 -0.2912 -0.7886
vn 0.7269 -0.2924 -0.6214
vn 0.8810 0.2523 0.4002
vn 0.8546 -0.2970 0.4260
vn 0.8178 0.5667 0.1004
vn 0.3188 -0.8502 0.4189
vn 0.2324 -0.9646 0.1249
vn -0.0886 -0.9738 0.2094
vn 0.5238 -0.8456 0.1027
vn 0.4903 -0.8701 -0.0501
vn 0.0130 -0.9969 -0.0772
vn 0.5491 0.1930 0.8132
vn 0.3124 -0.6623 0.6810
vn -0.0204 -0.8815 0.4717
vn -0.5630 -0.0457 0.8252
vn -0.7870 0.1799 0.5901
vn -0.5342 -0.8354 -0.1292
vn -0.9391 -0.3009 -0.1661
vn -0.7266 -0.6682 -0.1601
vn -0.4507 -0.1720 0.8759
vn -0.8053 -0.2449 0.5399
vn -0.6194 -0.6949 -0.3654
vn 0.6599 -0.0881 -0.7461
vn 0.5106 0.5114 -0.6912
vn 0.4829 0.1820 -0.8565
vn -0.4597 -0.2406 0.8549
vn -0.4781 -0.1169 0.8705
vn -0.0817 -0.2487 0.9651
vn -0.4515 -0.1617 0.8775
vn -0.3126 -0.6689 0.6744
vn -0.2328 -0.7598 0.6071
vn -0.2756 -0.8795 0.3880
vn -0.4463 -0.2279 0.8654
vn -0.0878 -0.9771 0.1937
vn -0.3341 -0.3034 0.8924
vn -0.4387 -0.0582 0.8967
vn -0.3522 0.4737 0.8072
vn -0.1179 -0.9441 0.3079
vn -0.0992 -0.9584 0.2675
vn -0.0672 -0.9632 0.2604
vn -0.1293 -0.9234 0.3615
vn 0.3699 0.6906 -0.6215
vn 0.0448 0.9869 -0.1552
vn -0.0286 0.9837 0.1778
vn 0.0331 -0.8010 -0.5977
vn -0.3411 -0.8462 -0.4093
vn -0.7750 0.5268 -0.3491
vn -0.8735 0.2645 -0.4087
vn -0.8914 0.0379 -0.4516
vn -0.5807 -0.5210 -0.6256
vn -0.8364 -0.3754 -0.3995
vn -0.8139 -0.1926 -0.5482
vn 0.0204 -0.2172 -0.9759
vn -0.3841 0.2558 -0.8872
vn -0.4013 -0.1161 -0.9086
vn 0.1627 0.0077 -0.9866
vn -0.9825 0.1262 -0.1368
vn -0.4269 -0.0356 0.9036
vn -0.2308 0.0492 0.9718
vn -0.2099 -0.2161 0.9536
vn 0.3383 -0.2313 -0.9122
vn 0.3901 0.4420 -0.8078
vn 0.2711 0.4859 -0.8309
vn -0.3002 -0.4973 0.8140
vn -0.1877 -0.7831 0.5929
vn -0.0193 -0.9908 0.1336
vn -0.1398 -0.8810 0.4521
vn -0.1027 -0.8937 0.4368
vn -0.0979 -0.9435 0.3165
vn -0.0983 -0.9199 0.3796
vn -0.0355 -0.9670 0.2523
vn -0.1395 0.2475 0.9588
vn -0.2422 -0.0076 0.9702
vn -0.1480 -0.0502 0.9877
vn 0.1530 0.9064 -0.3937
vn 0.1476 0.7546 -0.6393
vn -0.3000 0.2261 0.9267
vn -0.2285 0.4163 0.8800
vn -0.1446 0.7062 0.6931
vn -0.1391 0.8646 0.4828
vn -0.0432 0.8112 0.5831
vn -0.0524 -0.0870 0.9948
vn -0.0268 0.1201 0.9924
vn 0.2146 0.2071 -0.9545
vn -0.1068 -0.5853 0.8038
vn 0.0099 -0.1349 0.9908
vn -0.0340 0.2576 0.9657
vn -0.0292 -0.8939 0.4473
vn 0.0286 -0.9551 0.2948
vn 0.0110 -0.8140 0.5808
vn 0.0061 -0.2963 0.9551
vn 0.0417 -0.6353 0.7711
vn 0.0025 0.9938 -0.1108
vn 0.0799 0.8331 -0.5473
vn 0.1928 -0.9811 0.0165
vn 0.1742 -0.9764 -0.1280
vn 0.9879 -0.1517 0.0322
vn 0.9644 -0.1739 -0.1993
vn 0.9820 -0.1426 -0.1235
vn 0.1262 -0.1570 -0.9795
vn 0.3658 -0.1625 -0.9164
vn 0.1479 -0.1264 -0.9809
vn 0.9072 -0.2188 -0.3594
vn 0.7575 -0.1889 0.6249
vn 0.9410 -0.1083 0.3207
vn 0.9175 -0.3921 0.0669
vn 0.0633 -0.8758 -0.4785
vn 0.1741 -0.5112 -0.8417
vn 0.0479 -0.1983 -0.9790
vn 0.0961 -0.9806 -0.1710
vn 0.6725 -0.7061 -0.2218
vn 0.2379 -0.9678 -0.0827
vn 0.8640 -0.5027 0.0278
vn 0.9749 -0.1784 -0.1329
vn 0.0816 -0.9556 0.2831
vn -0.1193 -0.9173 0.3799
vn -0.2562 -0.8825 0.3945
vn -0.0179 -0.9982 0.0579
vn -0.1844 -0.0303 0.9824
vn -0.1520 -0.6653 0.7309
vn -0.1256 -0.9702 0.2070
vn -0.3988 -0.6948 0.5986
vn -0.4679 -0.1452 0.8717
vn -0.7005 -0.4181 0.5784
vn -0.2807 0.8981 0.3386
vn -0.1904 0.9612 0.1998
vn -0.1817 0.7206 0.6692
vn -0.4304 0.5008 0.7510
vn -0.2076 0.0164 0.9781
vn -0.4257 0.0891 0.9004
vn -0.3639 0.7227 0.5876
vn -0.6577 0.5000 0.5635
vn -0.8771 0.2236 0.4251
vn -0.9300 -0.2224 0.2926
vn 0.0996 0.3044 -0.9473
vn -0.0135 0.3070 -0.9516
vn 0.1232 0.7196 -0.6834
vn -0.1623 0.2364 0.9580
vn -0.1860 0.1402 0.9725
vn 0.0873 0.7732 -0.6281
vn 0.1067 0.1770 -0.9784
vn -0.0841 0.8455 0.5274
vn -0.0075 0.6967 0.7174
vn -0.0002 0.1746 0.9846
vn -0.1643 0.2799 0.9459
vn -0.0468 0.1139 0.9924
vn -0.0645 0.9863 0.1518
vn -0.0634 0.9932 0.0981
vn -0.4007 0.5344 0.7442
vn -0.1197 0.9336 0.3376
vn 0.2055 -0.7133 -0.6700
vn 0.1428 -0.9323 -0.3322
vn 0.2727 -0.1776 -0.9456
vn 0.2068 -0.2863 -0.9355
vn -0.4643 -0.8389 0.2841
vn -0.9716 0.2332 0.0401
vn -0.9099 -0.4129 0.0394
vn -0.2659 -0.9627 -0.0494
vn -0.0670 -0.9977 0.0123
vn 0.1632 -0.1982 -0.9665
vn 0.2064 0.3243 -0.9232
vn -0.7954 0.3874 0.4660
vn -0.7753 0.0666 0.6281
vn -0.4832 0.8591 0.1688
vn -0.9063 0.4046 -0.1221
vn -0.1574 0.9836 0.0884
vn -0.9209 0.1874 0.3418
vn -0.7903 0.4411 0.4253
vn -0.6783 0.6311 0.3763
vn -0.6055 0.7697 0.2023
vn -0.4679 0.8799 -0.0825
vn 0.1611 0.0486 -0.9857
vn 0.2180 0.6857 -0.6944
vn 0.2972 0.2723 -0.9152
vn -0.6362 0.2891 0.7153
vn 0.1738 0.5062 -0.8447
vn 0.1826 0.1654 -0.9692
vn 0.2623 0.5254 -0.8094
vn 0.1968 0.7723 -0.6040
vn -0.1793 0.7899 0.5864
vn -0.2782 0.2691 0.9221
vn -0.3719 0.3125 0.8741
vn -0.2833 0.2174 0.9341
vn -0.3230 0.5088 0.7980
vn -0.2573 0.8203 0.5107
vn -0.4401 0.2132 0.8723
vn -0.4494 0.5178 0.7279
vn -0.5090 0.1515 0.8474
vn -0.1255 0.9863 0.1067
vn -0.8314 0.1662 0.5302
vn -0.8032 0.3964 0.4447
vn -0.2475 0.9596 0.1339
vn -0.2720 0.9496 0.1559
vn -0.3280 0.9261 0.1862
vn -0.1105 0.9928 0.0456
vn -0.8113 0.3964 0.4296
vn -0.9093 0.2379 0.3415
vn -0.8766 0.4742 0.0818
vn 0.3170 -0.5933 -0.7400
vn 0.3843 -0.3758 -0.8433
vn 0.3673 -0.6789 -0.6358
vn 0.1433 -0.9665 -0.2129
vn 0.1719 -0.9845 -0.0357
vn -0.0225 -0.9997 -0.0106
vn 0.3385 0.1823 -0.9231
vn 0.3390 -0.1436 -0.9298
vn 0.2584 0.6336 -0.7292
vn 0.3273 0.7347 -0.5943
vn 0.3682 0.4436 -0.8171
vn 0.2925 0.7288 -0.6191
vn 0.4810 0.3971 -0.7817
vn 0.4036 0.3063 -0.8622
vn 0.3688 0.7287 -0.5771
vn -0.1558 0.9699 0.1873
vn -0.4589 0.6778 0.5744
vn -0.7060 0.1325 0.6957
vn -0.6073 0.5154 0.6046
vn -0.2335 0.9723 -0.0074
vn -0.1519 0.9882 -0.0180
vn 0.2162 -0.9005 -0.3774
vn 0.4993 -0.1542 -0.8526
vn 0.4893 -0.3455 -0.8008
vn 0.5363 -0.1840 -0.8238
vn 0.5558 -0.2993 -0.7756
vn 0.5929 0.1112 -0.7976
vn 0.5233 0.0649 -0.8497
vn 0.4739 0.4142 -0.7771
vn 0.4470 0.1405 -0.8834
vn 0.4262 0.7275 -0.5377
vn 0.4891 0.4587 -0.7418
vn 0.5038 0.4992 -0.7050
vn 0.5050 0.0749 -0.8598
vn 0.5834 0.1386 -0.8003
vn 0.4050 0.7715 -0.4906
vn 0.5864 0.4773 -0.6544
vn -0.4673 0.8027 0.3706
vn -0.1678 0.9818 0.0893
vn -0.6893 0.5721 0.4444
vn -0.7700 0.2468 0.5884
vn -0.8512 0.2199 0.4765
vn -0.7963 0.0996 0.5966
vn -0.5780 0.7623 0.2913
vn -0.8770 0.3301 0.3492
vn -0.8815 0.1924 0.4312
vn -0.2509 0.9667 0.0494
vn 0.2837 -0.8763 -0.3893
vn 0.2485 -0.9276 -0.2789
vn 0.5974 -0.1444 -0.7889
vn 0.6294 -0.2362 -0.7403
vn 0.2133 -0.9536 -0.2123
vn 0.3508 -0.8727 -0.3397
vn 0.6709 -0.1417 -0.7279
vn 0.6768 -0.3060 -0.6695
vn 0.2140 -0.9605 -0.1778
vn 0.2254 -0.9669 -0.1196
vn 0.6059 0.4073 -0.6834
vn 0.6172 0.5039 -0.6043
vn 0.7209 0.1389 -0.6790
vn 0.6692 0.0615 -0.7405
vn 0.5244 0.7213 -0.4524
vn 0.6593 0.1256 -0.7413
vn 0.6592 0.4274 -0.6187
vn 0.4945 0.7318 -0.4690
vn 0.5568 0.7326 -0.3914
vn 0.7856 0.0744 -0.6142
vn 0.7528 0.4150 -0.5110
vn -0.6750 0.7149 0.1823
vn -0.9596 0.1836 0.2134
vn -0.7211 0.6889 0.0735
vn -0.9783 0.1775 0.1069
vn -0.8424 0.5367 -0.0474
vn 0.7187 -0.1495 -0.6791
vn 0.7425 -0.2249 -0.6310
vn 0.7855 -0.1350 -0.6039
vn 0.4055 -0.8524 -0.3302
vn 0.4223 -0.8530 -0.3068
vn 0.3443 -0.9080 -0.2389
vn 0.4105 -0.8800 -0.2389
vn 0.8332 -0.1585 -0.5298
vn 0.7904 -0.2558 -0.5566
vn 0.7516 0.2787 -0.5978
vn 0.5403 0.7573 -0.3668
vn 0.7705 0.4196 -0.4798
vn 0.7385 0.4344 -0.5157
vn 0.8409 0.0603 -0.5378
vn 0.6786 0.6447 -0.3519
vn 0.8764 0.1853 -0.4445
vn 0.5701 0.7762 -0.2692
vn 0.8401 0.1067 -0.5318
vn 0.7666 0.4873 -0.4182
vn 0.8808 0.1341 -0.4542
vn 0.8147 0.4923 -0.3065
vn 0.9182 0.1424 -0.3695
vn 0.8744 0.3922 -0.2858
vn 0.6540 0.7329 -0.1875
vn 0.9137 0.3839 -0.1334
vn 0.6927 0.7141 -0.1010
vn 0.9902 0.0702 -0.1203
vn 0.9866 0.1629 -0.0005
vn 0.7208 -0.5980 -0.3506
vn 0.5924 -0.7741 -0.2233
vn 0.9088 -0.2063 -0.3627
vn 0.8748 -0.1662 -0.4550
vn 0.9238 -0.2519 -0.2884
vn 0.4201 -0.9069 -0.0323
vn 0.7365 -0.6623 -0.1379
vn 0.9615 -0.1816 -0.2062
vn 0.8703 -0.4364 -0.2283
vn 0.7739 -0.6332 0.0106
vn 0.9759 -0.1928 -0.1022
vn 0.8986 0.2389 -0.3679
vn 0.9545 0.1407 -0.2630
vn 0.9865 -0.1633 -0.0105
vn 0.9803 0.1662 -0.1072
vn 0.6937 0.6490 -0.3124
vn 0.6187 0.7677 -0.1668
vn 0.8323 0.4933 -0.2527
vn 0.7919 0.5987 -0.1200
vn 0.9637 0.1775 -0.1997
vn 0.9459 0.3238 -0.0178
vn 0.5658 0.8241 -0.0254
vn -0.1174 -0.9845 -0.1300
vn -0.1596 -0.9714 -0.1759
vn 0.0141 -0.9633 -0.2680
vn 0.0327 -0.2584 -0.9655
vn -0.2298 -0.2041 -0.9516
vn -0.0420 -0.0610 -0.9973
vn -0.0748 -0.0967 -0.9925
vn 0.0563 -0.0272 -0.9980
vn -0.2421 -0.2776 0.9297
vn -0.2390 -0.0779 0.9679
vn -0.0774 -0.0408 0.9962
vn -0.5615 0.1446 -0.8148
vn -0.3144 -0.0113 -0.9492
vn -0.2057 0.1241 -0.9707
vn -0.5685 -0.0313 -0.8221
vn -0.7581 -0.0961 -0.6450
vn -0.8243 -0.3437 -0.4498
vn 0.0176 -0.8044 -0.5938
vn -0.1550 -0.8436 -0.5141
vn -0.3373 -0.8110 -0.4781
vn 0.0191 -0.9997 -0.0179
vn -0.0451 -0.8788 -0.4750
vn -0.1509 -0.4736 0.8677
vn 0.0460 -0.9819 0.1838
vn 0.0379 -0.2788 0.9596
vn 0.1325 -0.6469 0.7510
vn -0.7456 0.3890 -0.5411
vn -0.3862 0.3761 -0.8423
vn -0.2062 0.9635 -0.1705
vn -0.4842 0.8440 -0.2307
vn -0.2321 0.8602 -0.4541
vn -0.9399 0.1797 -0.2904
vn -0.7480 0.2258 -0.6241
vn -0.0449 0.9663 -0.2535
vn 0.0107 0.9936 -0.1122
vn -0.1738 0.9030 -0.3930
vn 0.0496 0.0678 0.9965
vn 0.1522 -0.1646 0.9745
vn -0.0952 0.1312 -0.9868
vn -0.3062 0.2213 -0.9259
vn -0.5531 0.0769 -0.8296
vn 0.0127 0.3858 0.9225
vn 0.1384 0.2723 0.9522
vn 0.0687 0.6788 0.7311
vn -0.0582 0.8671 -0.4948
vn -0.0601 0.3317 -0.9415
vn -0.1721 0.5600 -0.8104
vn -0.1657 0.8364 -0.5224
vn 0.0419 0.0991 0.9942
vn 0.0927 0.4756 0.8748
vn -0.0597 0.7651 0.6411
vn -0.0320 0.6879 0.7251
vn 0.0119 0.7744 0.6326
vn 0.1162 0.7784 0.6170
vn 0.0122 -0.4651 -0.8852
vn -0.1206 -0.8290 0.5461
vn 0.1596 -0.9861 0.0464
vn -0.0537 -0.7277 0.6837
vn -0.9587 -0.0801 -0.2730
vn 0.1232 -0.9185 -0.3756
vn 0.0276 -0.4081 -0.9125
vn 0.1013 -0.9846 0.1425
vn 0.0999 -0.9650 0.2426
vn 0.0430 -0.9003 0.4331
vn 0.2339 -0.2208 0.9468
vn 0.2595 -0.3903 0.8833
vn 0.0884 -0.9425 0.3224
vn 0.3058 -0.1864 0.9337
vn -0.1604 0.9860 -0.0452
vn -0.8433 0.2183 -0.4911
vn -0.7686 0.5257 -0.3646
vn -0.4685 0.8477 -0.2489
vn -0.9226 0.1221 -0.3661
vn -0.9430 0.3326 -0.0101
vn -0.6050 0.6266 -0.4912
vn -0.7420 0.1534 -0.6526
vn -0.8082 0.4911 -0.3250
vn 0.2253 0.1496 0.9627
vn 0.2913 0.2859 0.9129
vn -0.7368 0.5035 -0.4512
vn -0.7432 0.3392 -0.5766
vn -0.6010 0.7177 -0.3518
vn -0.9671 0.1807 -0.1791
vn -0.8935 0.0413 -0.4471
vn 0.1862 0.7477 0.6374
vn 0.2014 0.5280 0.8250
vn -0.3991 0.8801 -0.2572
vn -0.4348 0.8725 -0.2230
vn -0.4194 0.8572 -0.2987
vn -0.8442 0.1697 -0.5085
vn -0.3071 0.8313 -0.4633
vn -0.0715 0.9834 -0.1668
vn -0.3761 0.6099 -0.6975
vn -0.3681 0.4851 -0.7933
vn -0.4169 0.1151 -0.9017
vn -0.5234 0.1950 -0.8295
vn -0.2145 0.1823 -0.9596
vn -0.1745 0.1774 -0.9686
vn -0.1254 0.0285 -0.9917
vn -0.3076 0.3804 -0.8721
vn -0.0580 0.3926 -0.9179
vn 0.2626 0.9274 -0.2665
vn -0.2021 0.9315 -0.3024
vn 0.4000 0.7817 -0.4785
vn 0.6666 0.7396 -0.0930
vn 0.3253 0.9440 0.0551
vn -0.5179 0.8554 0.0046
vn -0.5758 0.7835 -0.2338
vn 0.2316 0.1275 0.9644
vn 0.2288 0.5008 0.8348
vn 0.3278 0.4957 0.8042
vn 0.3371 0.2331 0.9121
vn 0.2158 0.7791 0.5886
vn 0.7493 0.3255 0.5767
vn 0.4660 0.1079 0.8782
vn 0.3146 -0.1035 -0.9436
vn -0.0464 -0.1669 0.9849
vn -0.0213 -0.3930 0.9193
vn 0.0527 -0.8662 0.4969
vn 0.0436 -0.9945 0.0947
vn 0.3574 -0.2665 0.8951
vn 0.4127 -0.1819 0.8925
vn 0.2163 -0.9073 0.3607
vn 0.3015 -0.7078 0.6388
vn 0.1900 -0.8753 0.4446
vn 0.3226 0.5173 0.7927
vn 0.3976 0.1488 0.9054
vn -0.1040 0.9882 -0.1123
vn -0.5300 0.5583 -0.6383
vn -0.6586 0.1524 -0.7369
vn -0.7415 -0.0622 -0.6681
vn -0.1074 0.9821 -0.1550
vn -0.3698 0.8528 -0.3688
vn -0.6879 0.0687 -0.7226
vn -0.6314 0.1602 -0.7587
vn -0.1026 0.9321 0.3474
vn -0.7507 0.6606 0.0080
vn -0.2055 0.9738 -0.0971
vn -0.5583 0.7026 0.4413
vn 0.4160 0.2108 0.8846
vn 0.4851 0.8620 0.1471
vn 0.3791 0.2622 0.8874
vn 0.3918 0.3616 0.8460
vn 0.3739 0.2481 0.8937
vn -0.2924 0.8001 0.5237
vn -0.0741 0.7973 0.5990
vn 0.2058 0.1706 0.9636
vn 0.4084 0.1558 0.8994
vn 0.3355 0.7210 0.6063
vn 0.5024 0.4128 0.7597
vn 0.6106 -0.5796 -0.5397
vn 0.1468 -0.9839 0.1023
vn 0.1909 -0.9745 -0.1178
vn 0.9770 -0.1441 0.1572
vn 0.6973 -0.1201 0.7067
vn 0.9815 -0.1484 -0.1207
vn 0.3030 -0.3593 -0.8827
vn 0.9735 -0.1922 -0.1240
vn 0.7335 -0.1564 -0.6614
vn 0.0772 -0.0579 0.9953
vn 0.2695 -0.1921 0.9437
vn 0.8626 -0.1689 0.4768
vn 0.6808 -0.6567 -0.3244
vn 0.2966 -0.9486 -0.1100
vn 0.7133 -0.6871 0.1384
vn 0.6827 -0.2365 0.6914
vn 0.7727 -0.1360 0.6200
vn 0.2022 -0.9726 0.1150
vn 0.1863 -0.9548 0.2315
vn 0.4324 -0.6362 0.6389
vn 0.4134 -0.5429 0.7310
vn 0.4907 -0.1065 0.8648
vn 0.4644 0.1587 0.8713
vn 0.4052 0.5215 0.7509
vn 0.5312 0.1502 0.8338
vn 0.4973 0.4857 0.7189
vn 0.3205 0.7674 0.5554
vn 0.2558 0.7663 0.5893
vn -0.1815 0.9812 -0.0654
vn -0.1243 0.9876 -0.0958
vn -0.4685 0.8210 -0.3263
vn -0.6359 0.5338 -0.5574
vn -0.7410 0.5241 -0.4199
vn -0.5724 0.7784 -0.2579
vn -0.8016 0.2396 -0.5477
vn -0.8755 0.1393 -0.4626
vn 0.4089 0.7380 0.5367
vn 0.5905 0.4177 0.6905
vn 0.6380 0.1191 0.7608
vn 0.3777 0.0597 0.9240
vn 0.5637 0.1263 0.8163
vn 0.4557 -0.7599 0.4636
vn 0.5349 -0.5963 0.5986
vn 0.6917 -0.2003 0.6938
vn 0.6221 -0.1763 0.7628
vn 0.5555 -0.1330 0.8208
vn 0.6213 0.1372 0.7715
vn 0.5983 0.4278 0.6776
vn 0.4227 0.7311 0.5355
vn 0.5512 0.6310 0.5459
vn 0.7029 0.1738 0.6897
vn -0.5810 0.8066 -0.1084
vn -0.9428 0.2408 -0.2305
vn -0.9880 0.1455 -0.0510
vn -0.8931 0.3886 -0.2267
vn -0.9858 0.0254 0.1658
vn -0.9902 0.0843 -0.1116
vn -0.1423 0.8216 0.5520
vn -0.2625 0.5512 0.7920
vn -0.3207 0.9052 0.2787
vn -0.8822 0.3316 -0.3344
vn -0.8890 0.1438 -0.4348
vn 0.0580 0.9968 -0.0549
vn -0.6230 0.6881 0.3720
vn -0.1480 0.8663 -0.4772
vn 0.7448 0.3033 0.5944
vn 0.4977 0.7344 0.4614
vn 0.5713 0.7277 0.3794
vn 0.7624 0.4654 0.4495
vn 0.8130 0.0544 0.5797
vn 0.6356 0.4414 0.6334
vn 0.5837 0.6250 0.5183
vn 0.1738 -0.9838 0.0432
vn 0.2543 -0.9546 0.1552
vn 0.1980 -0.9682 0.1530
vn 0.2318 -0.9611 0.1500
vn 0.4313 -0.8646 0.2577
vn 0.7691 -0.4522 0.4516
vn 0.7570 -0.1125 0.6437
vn 0.6569 -0.4611 0.5965
vn 0.6213 -0.6129 0.4882
vn 0.8033 -0.1464 0.5773
vn 0.7903 -0.2743 0.5479
vn 0.7642 0.3041 0.5688
vn 0.8201 0.3063 0.4833
vn 0.6028 0.7221 0.3396
vn 0.5688 0.7209 0.3959
vn 0.7405 0.1611 0.6525
vn 0.7253 0.5037 0.4693
vn 0.9727 0.1962 0.1240
vn 0.8615 0.5011 0.0815
vn 0.2294 0.9638 0.1357
vn 0.3592 0.8701 -0.3375
vn 0.1179 0.6440 -0.7559
vn 0.9769 0.0577 0.2058
vn 0.8606 0.4481 0.2420
vn 0.9623 0.2288 0.1467
vn 0.9610 0.1704 0.2180
vn 0.4813 0.7730 0.4133
vn 0.4180 0.6701 0.6134
vn 0.5319 0.8330 -0.1527
vn 0.6221 0.7551 0.2069
vn 0.9640 0.0618 0.2586
vn 0.9648 0.0633 0.2553
vn 0.8606 0.3110 0.4032
vn 0.8587 0.1632 0.4858
vn 0.6100 0.7284 0.3120
vn 0.9224 0.2181 0.3187
vn 0.5172 -0.8518 0.0826
vn 0.9846 -0.0933 0.1480
vn 0.9896 -0.1188 0.0809
vn 0.3907 -0.9137 0.1116
vn 0.3796 -0.9172 0.1210
vn 0.9427 -0.2376 0.2344
vn 0.8715 -0.4433 0.2097
vn 0.9724 -0.1814 0.1468
vn 0.3577 -0.9205 0.1570
vn 0.6254 -0.7545 0.1992
vn 0.7297 -0.6105 0.3080
vn 0.7072 -0.6190 0.3416
vn 0.9191 -0.2161 0.3296
vn 0.8977 -0.1654 0.4085
vn 0.9949 0.0681 0.0739
vn 0.9810 0.1011 0.1658
vn 0.9248 0.2931 0.2426
vn 0.9296 0.1531 0.3353
vn 0.8930 0.4366 0.1093
vn 0.6958 0.7179 0.0193
vn 0.6813 0.7170 0.1474
vn 0.6179 0.7432 0.2567
vn 0.8557 0.3252 0.4025
vn 0.0878 -0.2124 -0.9732
vn 0.0468 -0.9774 -0.2062
vn 0.0478 -0.9752 -0.2163
vn 0.1176 -0.7566 -0.6433
vn -0.1945 0.3858 0.9019
vn 0.0438 0.1883 0.9811
vn 0.2556 0.1679 -0.9521
vn 0.2662 -0.1399 -0.9537
vn 0.1891 -0.5544 -0.8105
vn 0.1632 -0.2329 -0.9587
vn 0.0841 -0.9764 -0.1992
vn 0.1056 -0.9369 -0.3332
vn 0.2555 0.4908 -0.8330
vn 0.2214 -0.0080 -0.9751
vn 0.1818 -0.2765 -0.9437
vn 0.2116 -0.6687 -0.7128
vn 0.3447 -0.2540 -0.9037
vn 0.3630 -0.1175 -0.9243
vn 0.1386 -0.9050 -0.4023
vn 0.0576 0.9777 -0.2017
vn 0.0999 0.9278 -0.3593
vn 0.0431 0.9513 -0.3051
vn 0.1341 0.8149 -0.5638
vn -0.2245 0.7588 0.6114
vn -0.0235 0.9852 0.1700
vn -0.1165 0.8261 0.5513
vn -0.0892 0.9832 0.1593
vn -0.3239 0.7619 0.5609
vn 0.4550 -0.0816 -0.8867
vn 0.3686 0.0956 -0.9246
vn 0.5046 -0.2459 -0.8276
vn 0.3409 0.2138 -0.9155
vn 0.2868 -0.0259 -0.9576
vn 0.1705 -0.8879 -0.4273
vn 0.0808 -0.9751 -0.2066
vn 0.3510 -0.6221 -0.6999
vn -0.5874 0.0483 0.8079
vn -0.6062 0.1621 0.7786
vn 0.2029 0.7914 -0.5766
vn 0.3641 0.5046 -0.7828
vn 0.3959 -0.0407 -0.9174
vn 0.1092 0.9685 -0.2240
vn 0.1488 0.9690 -0.1970
vn -0.4334 0.6019 0.6707
vn -0.1388 0.9643 0.2257
vn -0.0471 0.9958 0.0785
vn -0.6442 0.2066 0.7364
vn -0.5753 0.4256 0.6984
vn 0.5910 -0.0935 -0.8013
vn 0.3444 -0.7349 -0.5842
vn 0.1206 -0.9713 -0.2048
vn 0.1519 -0.9633 -0.2211
vn 0.5116 -0.2695 -0.8159
vn 0.2505 -0.8753 -0.4136
vn 0.4519 -0.4175 -0.7883
vn 0.5637 -0.2186 -0.7965
vn 0.4939 0.1644 -0.8539
vn 0.4069 -0.7091 -0.5758
vn 0.4698 -0.5967 -0.6506
vn 0.5492 -0.5320 -0.6445
vn 0.3118 -0.8714 -0.3787
vn -0.8458 0.1365 0.5157
vn 0.4510 -0.1991 -0.8700
vn 0.2090 0.9060 -0.3680
vn 0.1595 0.9546 -0.2514
vn 0.5153 0.2504 -0.8196
vn 0.4605 0.3410 -0.8196
vn 0.2427 0.9095 -0.3376
vn 0.5877 0.0306 -0.8085
vn -0.1960 0.9553 0.2212
vn -0.7726 0.2682 0.5755
vn -0.6511 0.3796 0.6572
vn -0.7212 0.1991 0.6635
vn -0.4987 0.7932 0.3494
vn -0.6554 0.6002 0.4585
vn -0.1648 0.9826 0.0861
vn -0.3058 0.9175 0.2543
vn -0.3731 0.9144 0.1573
vn 0.7756 -0.0841 -0.6256
vn 0.6345 -0.1577 -0.7567
vn 0.6436 -0.2836 -0.7109
vn 0.6696 -0.2773 -0.6890
vn 0.7253 -0.2293 -0.6491
vn 0.6702 -0.0524 -0.7403
vn 0.4569 -0.7812 -0.4254
vn 0.1457 -0.9778 -0.1509
vn 0.1273 -0.9835 -0.1284
vn 0.2397 -0.9297 -0.2798
vn 0.3930 -0.8417 -0.3703
vn 0.7404 -0.1622 -0.6524
vn 0.7556 -0.2197 -0.6171
vn 0.7744 -0.4305 -0.4637
vn 0.3614 -0.8904 -0.2768
vn 0.3165 -0.9044 -0.2863
vn 0.8455 -0.2438 -0.4750
vn 0.8376 -0.1055 -0.5360
vn -0.9132 0.2522 0.3200
vn -0.9566 0.1950 0.2165
vn -0.9349 0.3380 0.1079
vn 0.3856 0.8069 -0.4474
vn 0.2809 0.8924 -0.3532
vn 0.6634 0.0258 -0.7478
vn 0.1726 0.9697 -0.1729
vn 0.7095 0.0441 -0.7033
vn 0.7119 -0.1916 -0.6756
vn 0.3639 0.8546 -0.3705
vn 0.3371 0.8798 -0.3352
vn 0.1906 0.9727 -0.1322
vn 0.2686 0.9353 -0.2303
vn -0.6238 0.7505 0.2183
vn -0.6843 0.7088 0.1714
vn -0.1291 0.9915 0.0148
vn -0.9982 0.0548 0.0245
vn -0.6623 0.7461 -0.0692
vn -0.4848 0.8736 0.0431
vn 0.8839 -0.1191 -0.4523
vn 0.9666 0.0481 -0.2519
vn 0.9299 -0.1274 -0.3450
vn 0.9818 -0.1419 -0.1260
vn 0.9712 -0.0812 -0.2242
vn 0.6924 -0.4840 -0.5352
vn 0.3185 -0.9262 -0.2019
vn 0.2095 -0.9637 -0.1654
vn 0.1184 -0.9878 -0.1015
vn 0.3054 -0.9328 -0.1915
vn 0.5196 -0.8186 -0.2449
vn 0.2236 -0.9702 -0.0940
vn 0.8347 0.1125 -0.5392
vn 0.8144 -0.1868 -0.5495
vn 0.1983 -0.9740 -0.1092
vn 0.8633 -0.0825 -0.4979
vn 0.7712 -0.3629 -0.5230
vn 0.8417 -0.2239 -0.4914
vn 0.3849 -0.8930 -0.2332
vn 0.4121 -0.8895 -0.1975
vn 0.8713 -0.4604 -0.1698
vn 0.9221 -0.2540 -0.2920
vn 0.4994 -0.8598 -0.1061
vn 0.9872 -0.1593 -0.0034
vn 0.7110 -0.6981 -0.0839
vn 0.7759 0.1021 -0.6225
vn 0.3640 0.8866 -0.2852
vn 0.3708 0.8922 -0.2580
vn 0.2156 0.9721 -0.0925
vn 0.2974 0.9412 -0.1601
vn 0.7936 0.2149 -0.5692
vn 0.3761 0.8950 -0.2398
vn 0.8177 0.2629 -0.5121
vn 0.8766 0.1162 -0.4671
vn 0.1300 0.9912 -0.0251
vn -0.1533 0.9881 -0.0120
vn 0.3652 -0.9091 -0.2004
vn 0.3538 -0.9209 -0.1638
vn 0.1724 -0.9810 -0.0888
vn 0.4361 -0.8804 -0.1862
vn 0.2596 -0.9478 -0.1853
vn 0.8962 0.0051 -0.4435
vn 0.9226 -0.0849 -0.3763
vn 0.8869 -0.1207 -0.4460
vn 0.9198 0.2006 -0.3372
vn 0.9245 -0.2563 -0.2822
vn 0.2153 -0.9745 -0.0634
vn 0.1717 -0.9846 -0.0336
vn 0.2216 -0.9747 -0.0304
vn 0.6736 -0.7283 -0.1260
vn 0.8463 -0.4821 -0.2269
vn 0.7938 -0.6030 0.0793
vn 0.4248 -0.9046 -0.0364
vn 0.9504 -0.2797 -0.1357
vn 0.9562 -0.2884 -0.0511
vn 0.9718 0.2132 -0.1009
vn 0.6837 -0.7295 -0.0207
vn 0.9806 0.1962 -0.0003
vn 0.4458 0.8651 -0.2299
vn 0.8979 0.1469 -0.4150
vn 0.4097 0.8915 -0.1932
vn 0.8701 0.3987 -0.2897
vn 0.4107 0.8959 -0.1695
vn 0.8732 0.4159 -0.2539
vn 0.6558 0.7482 -0.1004
vn 0.9457 0.2407 -0.2185
vn 0.2448 0.9696 0.0001
vn 0.7268 0.6869 -0.0008
vn 0.0388 0.2509 -0.9672
vn -0.0805 0.2216 -0.9718
vn 0.1448 0.1309 0.9808
vn -0.2012 0.3246 -0.9242
vn 0.1469 -0.3353 0.9306
vn 0.0173 -0.9912 0.1315
vn 0.0375 -0.8604 0.5083
vn 0.0509 0.2759 0.9598
vn 0.1530 -0.1372 0.9787
vn 0.1360 -0.6128 0.7785
vn 0.0455 0.8181 0.5733
vn 0.0563 0.9638 0.2604
vn 0.0595 0.0774 -0.9952
vn -0.1652 -0.0830 -0.9828
vn 0.6954 -0.5615 -0.4486
vn 0.8392 -0.2410 -0.4875
vn 0.5654 -0.5726 -0.5937
vn -0.0216 -0.2322 -0.9724
vn 0.1402 -0.0795 -0.9869
vn 0.6553 0.6208 -0.4303
vn 0.7405 0.1870 -0.6455
vn 0.8996 0.2206 -0.3770
vn 0.8269 0.2240 -0.5157
vn 0.1217 -0.7593 -0.6393
vn 0.8271 0.4220 -0.3712
vn 0.2831 -0.8870 -0.3647
vn 0.7131 -0.6717 -0.2008
vn -0.1828 -0.8950 -0.4068
vn 0.2185 -0.0161 0.9757
vn 0.9550 -0.1352 -0.2641
vn 0.9171 -0.1238 -0.3789
vn 0.9393 -0.3169 0.1318
vn 0.7329 0.3080 0.6066
vn 0.7948 0.2849 0.5359
vn 0.9345 -0.3226 0.1507
vn 0.4226 -0.1400 0.8954
vn -0.3358 0.1955 -0.9214
vn -0.3810 -0.2808 -0.8809
vn -0.5063 -0.2660 -0.8203
vn 0.2751 -0.3489 0.8958
vn 0.1643 -0.7999 0.5772
vn 0.1582 -0.7973 0.5825
vn 0.2357 0.2004 0.9509
vn 0.2790 -0.2765 0.9196
vn 0.0478 -0.9897 0.1350
vn 0.0637 -0.9781 0.1982
vn -0.0804 0.9852 -0.1511
vn -0.2081 0.6041 -0.7693
vn -0.1987 0.5288 -0.8252
vn -0.2594 0.7009 -0.6644
vn 0.1733 0.4668 0.8672
vn 0.2021 0.6905 0.6945
vn 0.3119 0.2036 0.9281
vn -0.9031 0.3359 0.2677
vn -0.8893 0.4499 -0.0820
vn -0.9909 0.0422 0.1281
vn -0.8367 -0.2044 -0.5081
vn -0.5056 -0.0805 -0.8590
vn -0.5997 -0.7938 -0.1012
vn -0.6999 -0.6877 0.1930
vn -0.3291 -0.9435 -0.0387
vn 0.4578 -0.8882 0.0390
vn -0.0122 -0.9854 0.1700
vn -0.5133 -0.7515 0.4145
vn -0.8451 -0.4308 0.3167
vn -0.9116 -0.0436 0.4089
vn -0.8394 -0.4063 0.3611
vn -0.5254 -0.2172 0.8226
vn -0.9388 0.1226 0.3220
vn 0.7243 -0.6893 0.0181
vn -0.1508 -0.7881 0.5968
vn -0.9947 0.0108 0.1019
vn 0.3937 -0.1283 0.9102
vn -0.1629 -0.4726 0.8661
vn -0.5344 0.0652 -0.8427
vn 0.2608 -0.7164 0.6471
vn 0.4045 -0.2185 0.8880
vn 0.3888 -0.2722 0.8802
vn 0.3365 -0.9005 0.2756
vn 0.4218 -0.2822 0.8617
vn 0.4387 -0.5338 0.7229
vn -0.2382 -0.7133 0.6591
vn 0.5084 -0.1735 0.8435
vn 0.1119 -0.9712 0.2104
vn 0.2517 -0.8786 0.4059
vn 0.4306 -0.6657 0.6095
vn 0.2166 -0.7763 0.5920
vn 0.3741 -0.3663 0.8520
vn 0.2103 -0.8700 0.4460
vn -0.4191 0.5195 -0.7446
vn -0.1187 0.9796 -0.1623
vn -0.3669 0.7653 -0.5289
vn -0.3358 0.8758 -0.3467
vn 0.1041 0.9787 0.1768
vn 0.3990 0.1562 0.9036
vn 0.2887 0.6566 0.6968
vn 0.1047 0.9536 0.2823
vn 0.4455 0.2244 0.8667
vn 0.4655 0.0588 0.8831
vn -0.7542 0.1347 -0.6426
vn 0.6172 -0.1270 0.7765
vn 0.4087 -0.0700 0.9100
vn 0.5579 -0.1040 0.8233
vn -0.8246 0.1481 -0.5460
vn -0.7485 0.1393 -0.6483
vn -0.8813 0.1729 -0.4398
vn 0.4896 -0.2300 0.8411
vn 0.3203 -0.8443 0.4296
vn 0.3058 -0.8595 0.4095
vn 0.4902 -0.4297 0.7583
vn 0.4752 -0.0854 0.8757
vn 0.2915 -0.8234 0.4869
vn 0.1497 -0.9673 0.2048
vn 0.4301 -0.6684 0.6069
vn 0.1701 -0.9642 0.2034
vn 0.2502 -0.8670 0.4310
vn -0.7832 0.3052 -0.5417
vn -0.6332 0.4166 -0.6523
vn -0.1676 0.9760 -0.1390
vn -0.4365 0.8517 -0.2901
vn -0.3283 0.9037 -0.2749
vn -0.1944 0.9752 -0.1058
vn -0.3647 0.9059 -0.2153
vn 0.5398 0.0415 0.8408
vn 0.2056 0.9071 0.3672
vn 0.1054 0.9730 0.2053
vn 0.2119 0.9107 0.3546
vn 0.5808 0.0574 0.8120
vn 0.2190 0.9333 0.2847
vn 0.2012 0.8942 0.3998
vn -0.9920 -0.1261 -0.0054
vn -0.9055 -0.2527 0.3409
vn -0.8882 -0.4567 -0.0500
vn -0.6405 0.5852 0.4973
vn -0.8740 -0.0761 0.4800
vn -0.2795 0.3291 0.9020
vn -0.2641 0.0323 0.9639
vn -0.2179 -0.9024 0.3718
vn -0.4466 -0.6044 0.6597
vn -0.3315 -0.5664 0.7545
vn -0.2724 -0.2756 0.9219
vn -0.2240 0.1249 0.9666
vn -0.2429 -0.2086 0.9474
vn 0.0908 -0.6372 0.7654
vn -0.0007 0.2846 -0.9586
vn -0.2194 0.1913 -0.9567
vn -0.5209 -0.0035 -0.8536
vn -0.0238 -0.3982 -0.9170
vn -0.8926 -0.1291 -0.4319
vn 0.1620 0.5307 -0.8319
vn 0.0477 -0.7538 -0.6554
vn -0.2048 -0.8388 -0.5045
vn -0.0965 -0.9802 -0.1730
vn -0.3114 -0.9467 0.0828
vn 0.1526 -0.1654 -0.9744
vn 0.2266 0.0511 -0.9726
vn 0.3418 -0.3254 -0.8817
vn 0.7588 -0.0835 0.6459
vn 0.8129 -0.0824 0.5766
vn 0.6873 -0.1534 0.7100
vn 0.7110 0.1171 0.6934
vn -0.9583 -0.1522 -0.2417
vn -0.9693 -0.0015 -0.2458
vn -0.9575 0.2588 -0.1272
vn -0.8662 0.0056 -0.4997
vn -0.9336 0.0280 -0.3573
vn -0.8529 -0.3632 -0.3750
vn 0.1949 -0.9638 0.1821
vn 0.5241 -0.7076 0.4739
vn 0.6212 -0.6678 0.4100
vn 0.8114 -0.2052 0.5473
vn 0.8154 -0.1956 0.5449
vn 0.2092 -0.9682 0.1374
vn 0.3386 -0.9159 0.2154
vn 0.4036 -0.8762 0.2633
vn 0.3441 -0.8673 0.3597
vn 0.6738 -0.2538 0.6940
vn 0.1712 -0.9761 0.1335
vn 0.3242 -0.8773 0.3540
vn 0.5838 -0.6137 0.5316
vn 0.3460 -0.8544 0.3878
vn 0.6330 0.1458 0.7603
vn 0.6143 -0.2578 0.7458
vn 0.6575 -0.2711 0.7030
vn -0.0912 0.9951 -0.0369
vn -0.8406 0.3486 -0.4146
vn -0.6221 0.7532 -0.2138
vn -0.4783 0.8676 -0.1362
vn -0.7016 0.6830 -0.2033
vn 0.2242 0.9702 0.0919
vn 0.6640 0.2301 0.7115
vn 0.6872 0.2814 0.6698
vn 0.1419 0.9772 0.1580
vn 0.4011 0.8271 0.3937
vn 0.2036 0.9685 0.1433
vn 0.4648 0.7181 0.5179
vn 0.3277 0.8430 0.4266
vn -0.0565 -0.7913 0.6088
vn -0.2337 0.3687 0.8997
vn 0.4286 0.2994 0.8524
vn 0.4526 0.2814 0.8462
vn 0.4404 0.5611 0.7009
vn 0.9806 -0.1723 0.0934
vn 0.4743 0.0076 0.8803
vn 0.3748 -0.3849 0.8434
vn 0.2791 -0.1192 0.9528
vn 0.1485 -0.7709 0.6194
vn 0.4903 0.4878 -0.7223
vn 0.3053 -0.7125 -0.6318
vn -0.1840 -0.9417 0.2817
vn 0.0619 -0.9963 0.0599
vn 0.2194 -0.9232 -0.3154
vn 0.6893 0.3593 -0.6291
vn 0.6671 0.5663 -0.4840
vn 0.3289 -0.0165 -0.9442
vn 0.3723 -0.1500 -0.9159
vn 0.4898 -0.4519 -0.7456
vn 0.4035 -0.8837 -0.2370
vn 0.9643 -0.0933 0.2477
vn 0.9512 -0.0893 -0.2953
vn 0.9691 -0.2171 0.1171
vn 0.9039 -0.0972 0.4166
vn 0.8976 -0.0543 -0.4375
vn 0.9616 0.0132 0.2743
vn 0.8642 -0.1072 0.4916
vn 0.8778 -0.4163 0.2369
vn 0.8384 -0.4213 0.3458
vn 0.4943 -0.8504 0.1804
vn 0.9125 -0.2951 0.2835
vn 0.9702 -0.0980 0.2216
vn 0.6213 -0.7645 0.1720
vn 0.1847 -0.9807 0.0642
vn 0.8494 -0.2127 0.4829
vn 0.7150 -0.6003 0.3582
vn 0.4108 -0.8826 0.2287
vn 0.3080 -0.9272 0.2133
vn 0.1811 -0.9765 0.1166
vn 0.3685 -0.8948 0.2520
vn 0.8234 0.0177 0.5672
vn 0.8329 -0.0193 0.5530
vn 0.8537 0.1364 0.5026
vn 0.2574 -0.9374 0.2346
vn 0.7521 -0.0350 0.6581
vn 0.7266 -0.1687 0.6661
vn 0.3067 -0.9255 0.2223
vn 0.8026 -0.0251 0.5961
vn 0.3002 0.9388 0.1688
vn 0.8454 0.2692 0.4614
vn 0.3902 0.8812 0.2668
vn 0.5175 0.7227 0.4583
vn 0.6864 0.5114 0.5171
vn 0.2902 -0.9558 0.0469
vn 0.2714 -0.9616 0.0398
vn 0.8281 -0.5378 0.1581
vn 0.9943 -0.0669 0.0825
vn 0.3236 -0.9427 0.0815
vn 0.5796 -0.8025 0.1416
vn 0.4495 -0.8849 0.1220
vn 0.4815 -0.8588 0.1749
vn 0.3764 -0.9072 0.1878
vn 0.6332 -0.7229 0.2765
vn 0.9102 -0.0034 0.4141
vn 0.9267 -0.0157 0.3755
vn 0.9284 -0.0008 0.3716
vn 0.3914 -0.9079 0.1499
vn 0.9407 0.0001 0.3393
vn 0.2164 0.9739 0.0677
vn 0.4265 0.9029 0.0539
vn 0.9707 0.1796 0.1594
vn 0.4664 0.8844 0.0161
vn 0.8345 0.5063 0.2174
vn 0.3418 0.9333 0.1105
vn 0.9462 0.0113 0.3234
vn 0.9658 0.0070 0.2593
vn 0.4239 0.8891 0.1726
vn 0.4580 0.8673 0.1950
vn 0.9105 0.0256 0.4127
vn -0.4794 -0.8297 -0.2858
vn 0.9559 0.2453 0.1612
vn -0.8821 -0.4711 -0.0020
vn -0.8510 -0.1372 -0.5069
vn -0.0836 -0.8891 0.4500
vn -0.0657 -0.8836 0.4636
vn -0.2438 -0.8005 -0.5475
vn -0.0764 -0.1915 -0.9785
vn -0.0205 -0.4943 0.8690
vn 0.8521 0.3735 0.3668
vn 0.0633 0.9107 0.4081
vn -0.3919 0.4139 0.8216
vn -0.5678 0.5317 0.6284
vn -0.4657 0.4827 0.7417
vn -0.4510 0.0485 0.8912
vn 0.7158 0.2318 -0.6587
vn -0.2890 0.2713 0.9181
vn -0.5919 -0.4027 0.6982
vn -0.3661 0.4311 0.8247
vn 0.7930 0.4341 -0.4275
vn 0.8101 0.3891 -0.4387
vn -0.8235 -0.0486 -0.5652
vn -0.0547 0.0945 0.9940
vn -0.4349 -0.8808 -0.1871
vn -0.1641 0.9846 -0.0604
vn -0.2429 -0.9597 -0.1411
vn -0.1873 -0.9716 -0.1449
vn -0.8341 -0.2848 -0.4724
vn -0.1885 -0.9598 -0.2081
vn -0.1005 -0.9890 -0.1083
vn 0.1389 0.9823 0.1257
vn -0.2079 -0.9235 -0.3223
vn -0.2277 -0.8907 -0.3935
vn -0.2440 0.8879 -0.3900
vn 0.2817 0.9123 0.2973
vn 0.2530 0.9085 0.3327
vn 0.0196 0.8516 0.5239
vn -0.2444 -0.9678 0.0606
vn -0.5128 -0.6891 -0.5119
vn -0.3693 -0.9241 -0.0979
vn -0.2136 -0.9213 -0.3250
vn -0.9574 -0.2734 0.0929
vn 0.9308 -0.2582 0.2587
vn 0.4792 -0.8461 -0.2335
vn 0.4644 -0.4264 -0.7762
vn 0.9273 -0.3675 -0.0707
vn 0.2945 0.9543 -0.0508
vn -0.2224 0.9357 0.2739
vn -0.1862 0.9323 0.3100
vn -0.1118 0.9588 0.2610
vn -0.1944 0.8781 0.4371
vn -0.4534 0.3195 0.8321
vn 0.8900 0.1365 0.4350
vn 0.7518 -0.2249 -0.6198
vn 0.1027 -0.2146 0.9713
vn -0.4118 -0.3433 0.8441
vn -0.4050 -0.0236 0.9140
vn -0.3263 -0.0306 0.9448
vn -0.2721 0.6805 0.6803
vn -0.1785 0.7772 0.6034
vn 0.9393 -0.3245 0.1117
vn 0.7376 -0.6530 0.1720
vn 0.7011 -0.5875 0.4041
vn 0.5008 -0.1844 -0.8457
vn 0.7695 -0.1686 0.6159
vn 0.0966 -0.9032 -0.4182
vn -0.8033 0.4169 0.4255
vn -0.3990 0.9144 0.0685
vn 0.3178 -0.8669 -0.3840
vn 0.7268 0.1178 -0.6767
vn 0.8239 -0.2997 -0.4810
vn 0.2467 -0.9661 -0.0759
vn -0.2427 -0.9358 -0.2556
vn -0.4926 -0.8319 -0.2554
vn -0.0000 -0.9601 -0.2798
vn 0.0062 -0.2768 -0.9609
vn 0.7842 -0.4007 -0.4737
vn 0.1319 0.5142 0.8475
vn -0.7045 0.0319 -0.7090
vn 0.1906 0.9148 0.3561
vn -0.0024 -0.9926 0.1215
vn -0.6536 0.5471 -0.5229
vn -0.9080 0.4182 -0.0250
vn 0.7976 0.5367 0.2753
vn 0.6442 0.7602 0.0849
vn 0.1914 -0.7786 -0.5976
vn 0.3356 -0.0427 -0.9410
vn 0.1531 -0.9095 -0.3864
vn 0.1325 -0.9495 -0.2842
vn -0.3099 0.8974 0.3142
vn -0.8243 0.3511 0.4442
vn 0.1892 -0.9585 -0.2132
vn 0.3131 -0.9277 -0.2034
vn 0.8713 -0.2311 -0.4329
vn 0.8901 -0.2536 -0.3788
vn 0.3624 -0.9193 -0.1535
vn 0.4716 -0.8675 -0.1583
vn 0.7632 0.2193 -0.6078
vn 0.8160 -0.5122 -0.2678
vn 0.2600 0.9631 -0.0693
vn -0.0833 0.4084 -0.9090
vn -0.0442 0.9513 -0.3052
vn -0.0525 0.9467 -0.3178
vn 0.6031 -0.2977 0.7400
vn -0.4839 0.3163 0.8160
vn 0.5281 -0.3374 0.7793
vn 0.4787 0.1745 0.8605
vn -0.8057 0.3464 -0.4805
vn -0.8442 -0.3731 -0.3850
vn 0.9519 -0.0298 0.3050
vn 0.9410 -0.0253 0.3375
vn 0.8619 -0.0314 0.5061
vn 0.3908 0.8942 0.2184
vn 0.9797 0.1781 0.0924
vn 0.4583 0.5190 0.7215
vn 0.4697 0.8646 0.1788
vt 0.075031 0.835367
vt 0.072056 0.843596
vt 0.070315 0.833959
vt 0.266769 0.381891
vt 0.275663 0.385705
vt 0.281384 0.394859
vt 0.074326 0.821344
vt 0.070546 0.821481
vt 0.075139 0.804787
vt 0.249436 0.378948
vt 0.074930 0.787929
vt 0.071834 0.803379
vt 0.071239 0.771386
vt 0.232747 0.367906
vt 0.239535 0.367224
vt 0.255859 0.375318
vt 0.125256 0.851095
vt 0.072997 0.851711
vt 0.125040 0.834482
vt 0.124950 0.803364
vt 0.123176 0.787847
vt 0.432542 0.919263
vt 0.428374 0.913750
vt 0.432292 0.898227
vt 0.077931 0.865538
vt 0.121033 0.865945
vt 0.426437 0.921029
vt 0.432542 0.938131
vt 0.428979 0.931178
vt 0.125347 0.821347
vt 0.129700 0.821506
vt 0.129081 0.802435
vt 0.127206 0.842376
vt 0.125645 0.770587
vt 0.129488 0.777934
vt 0.400801 0.391107
vt 0.416737 0.380477
vt 0.431047 0.390713
vt 0.439169 0.370457
vt 0.072240 0.874953
vt 0.072272 0.863688
vt 0.077885 0.880572
vt 0.072154 0.884510
vt 0.296669 0.406360
vt 0.308992 0.414223
vt 0.308523 0.418626
vt 0.314414 0.429538
vt 0.075456 0.894472
vt 0.428832 0.720634
vt 0.426145 0.725390
vt 0.422816 0.711920
vt 0.292595 0.398115
vt 0.123257 0.878548
vt 0.123504 0.905734
vt 0.122974 0.893232
vt 0.752436 0.064972
vt 0.754032 0.051171
vt 0.757437 0.053024
vt 0.760942 0.068192
vt 0.764091 0.044259
vt 0.756231 0.068239
vt 0.126992 0.863085
vt 0.127179 0.883929
vt 0.129357 0.870670
vt 0.759845 0.042235
vt 0.765193 0.030772
vt 0.126941 0.894692
vt 0.373544 0.437431
vt 0.356211 0.438745
vt 0.363579 0.425597
vt 0.785353 0.046265
vt 0.780208 0.040959
vt 0.789015 0.031480
vt 0.380029 0.409318
vt 0.390298 0.420687
vt 0.787452 0.023039
vt 0.796193 0.015092
vt 0.690074 0.878848
vt 0.684289 0.887487
vt 0.685002 0.865507
vt 0.689834 0.891700
vt 0.684536 0.903839
vt 0.792903 0.007005
vt 0.802022 0.002784
vt 0.689887 0.864077
vt 0.684605 0.846797
vt 0.689792 0.850243
vt 0.684222 0.829216
vt 0.680299 0.858614
vt 0.680510 0.829549
vt 0.688748 0.828890
vt 0.435647 0.749211
vt 0.433607 0.759236
vt 0.430570 0.749161
vt 0.318824 0.426594
vt 0.332202 0.448906
vt 0.432770 0.733984
vt 0.430252 0.740102
vt 0.333334 0.459528
vt 0.272093 0.454332
vt 0.709733 0.086002
vt 0.711248 0.070178
vt 0.750935 0.082539
vt 0.758689 0.093175
vt 0.755341 0.088364
vt 0.775000 0.084969
vt 0.781307 0.076393
vt 0.776816 0.066315
vt 0.778859 0.094218
vt 0.783145 0.061040
vt 0.689783 0.905207
vt 0.685254 0.918407
vt 0.786486 0.071478
vt 0.763106 0.880666
vt 0.836302 0.879344
vt 0.764026 0.890154
vt 0.786903 0.578320
vt 0.767354 0.574492
vt 0.794634 0.574422
vt 0.443645 0.901484
vt 0.475490 0.898227
vt 0.472313 0.901676
vt 0.749382 0.799125
vt 0.752335 0.851329
vt 0.748337 0.854412
vt 0.563752 0.982111
vt 0.566709 0.984628
vt 0.533813 0.983501
vt 0.744755 0.849518
vt 0.745419 0.802640
vt 0.440503 0.898250
vt 0.441222 0.951799
vt 0.587883 0.931945
vt 0.584378 0.978575
vt 0.584039 0.931945
vt 0.446446 0.951498
vt 0.470387 0.951816
vt 0.438130 0.800062
vt 0.436034 0.788207
vt 0.439474 0.780485
vt 0.437788 0.765354
vt 0.434561 0.774371
vt 0.340005 0.476025
vt 0.343532 0.472903
vt 0.348261 0.486258
vt 0.345832 0.496214
vt 0.256726 0.713557
vt 0.260177 0.711337
vt 0.260278 0.718099
vt 0.274488 0.458456
vt 0.313249 0.468103
vt 0.444217 0.955205
vt 0.473518 0.953407
vt 0.481919 0.957829
vt 0.744793 0.797974
vt 0.709426 0.117926
vt 0.708973 0.102590
vt 0.750278 0.100882
vt 0.758388 0.121426
vt 0.755260 0.106744
vt 0.751348 0.127867
vt 0.754416 0.118905
vt 0.780192 0.109508
vt 0.774585 0.106410
vt 0.785165 0.085096
vt 0.784456 0.100699
vt 0.834930 0.892134
vt 0.836871 0.902826
vt 0.831789 0.906093
vt 0.809650 0.568525
vt 0.811049 0.574379
vt 0.831410 0.916220
vt 0.836502 0.914446
vt 0.826757 0.562779
vt 0.823269 0.570324
vt 0.343819 0.726026
vt 0.349821 0.713985
vt 0.349526 0.724659
vt 0.761066 0.921637
vt 0.829286 0.929931
vt 0.759925 0.929469
vt 0.835527 0.564997
vt 0.839320 0.886575
vt 0.763332 0.898332
vt 0.771677 0.570119
vt 0.772610 0.521943
vt 0.719336 0.545721
vt 0.531591 0.986169
vt 0.529962 0.945859
vt 0.574834 0.970488
vt 0.575454 0.931945
vt 0.578471 0.934325
vt 0.561426 0.923361
vt 0.565212 0.943253
vt 0.533003 0.940289
vt 0.433109 0.816348
vt 0.437815 0.811259
vt 0.435849 0.822456
vt 0.324469 0.467542
vt 0.318085 0.473592
vt 0.306655 0.516177
vt 0.263500 0.758631
vt 0.261368 0.758540
vt 0.256206 0.720618
vt 0.260760 0.509802
vt 0.263191 0.510741
vt 0.756348 0.141602
vt 0.753118 0.145645
vt 0.708636 0.137842
vt 0.756322 0.159782
vt 0.713678 0.164235
vt 0.775878 0.125364
vt 0.783577 0.128489
vt 0.784613 0.115271
vt 0.760402 0.146209
vt 0.782143 0.146514
vt 0.775764 0.143188
vt 0.845672 0.553160
vt 0.851682 0.556118
vt 0.863529 0.544116
vt 0.864191 0.546874
vt 0.344415 0.740948
vt 0.349219 0.740344
vt 0.347863 0.754548
vt 0.341300 0.757357
vt 0.864200 0.537792
vt 0.826130 0.504363
vt 0.911626 0.259264
vt 0.916397 0.296911
vt 0.911202 0.303350
vt 0.566709 0.932041
vt 0.916758 0.307308
vt 0.863585 0.258594
vt 0.862903 0.304313
vt 0.862509 0.337033
vt 0.431064 0.836962
vt 0.435649 0.835757
vt 0.439243 0.826904
vt 0.440055 0.843913
vt 0.433722 0.851834
vt 0.256928 0.759297
vt 0.259284 0.799489
vt 0.858633 0.301671
vt 0.210713 0.522943
vt 0.203565 0.509470
vt 0.186056 0.498301
vt 0.185820 0.503562
vt 0.835780 0.944444
vt 0.838978 0.940488
vt 0.839260 0.957261
vt 0.763954 0.335899
vt 0.749468 0.340714
vt 0.769914 0.328388
vt 0.748693 0.329983
vt 0.836530 0.978242
vt 0.839320 0.970003
vt 0.761297 0.167956
vt 0.763579 0.165990
vt 0.764951 0.186196
vt 0.758384 0.175678
vt 0.803829 0.966800
vt 0.803881 0.981454
vt 0.801019 0.978704
vt 0.802269 0.956994
vt 0.801124 0.965500
vt 0.781055 0.164319
vt 0.345561 0.779183
vt 0.345768 0.767874
vt 0.349956 0.775938
vt 0.272978 0.768061
vt 0.350355 0.756627
vt 0.879913 0.516049
vt 0.813715 0.503476
vt 0.823532 0.502581
vt 0.790334 0.513298
vt 0.776532 0.514237
vt 0.783478 0.510487
vt 0.799924 0.507429
vt 0.356222 0.941455
vt 0.356211 0.899946
vt 0.362076 0.897211
vt 0.565373 0.897842
vt 0.549647 0.898676
vt 0.916200 0.340587
vt 0.913301 0.337574
vt 0.429506 0.855020
vt 0.429661 0.869539
vt 0.350643 0.535156
vt 0.335006 0.600625
vt 0.262778 0.801438
vt 0.295057 0.572187
vt 0.858494 0.339099
vt 0.253030 0.548059
vt 0.250243 0.549822
vt 0.248657 0.554369
vt 0.982831 0.314196
vt 0.984132 0.332963
vt 0.980853 0.325731
vt 0.978793 0.314406
vt 0.968995 0.313685
vt 0.195808 0.509818
vt 0.205975 0.520665
vt 0.977475 0.331707
vt 0.980115 0.339312
vt 0.971156 0.783522
vt 0.974546 0.782610
vt 0.970362 0.795454
vt 0.957797 0.795618
vt 0.208861 0.537357
vt 0.974752 0.799294
vt 0.784082 0.319515
vt 0.787092 0.321943
vt 0.775697 0.328424
vt 0.779292 0.300621
vt 0.717585 0.938485
vt 0.720783 0.943136
vt 0.715791 0.944868
vt 0.964906 0.332958
vt 0.958344 0.783283
vt 0.971012 0.776635
vt 0.769759 0.313974
vt 0.770364 0.320004
vt 0.765507 0.319097
vt 0.774704 0.302472
vt 0.762173 0.190330
vt 0.769964 0.189370
vt 0.775866 0.213507
vt 0.787189 0.189002
vt 0.792691 0.182139
vt 0.795330 0.202540
vt 0.349767 0.791342
vt 0.345537 0.792488
vt 0.885076 0.516421
vt 0.876746 0.529407
vt 0.680319 0.934361
vt 0.683771 0.937482
vt 0.680299 0.942577
vt 0.682938 0.944699
vt 0.208462 0.359128
vt 0.205965 0.361361
vt 0.173012 0.361434
vt 0.074139 0.768726
vt 0.070315 0.747796
vt 0.074778 0.744653
vt 0.183863 0.357928
vt 0.071662 0.726385
vt 0.161289 0.357613
vt 0.149179 0.361095
vt 0.361528 0.875962
vt 0.356829 0.889488
vt 0.356211 0.877528
vt 0.359548 0.864350
vt 0.077754 0.757073
vt 0.120756 0.755297
vt 0.122670 0.740895
vt 0.074688 0.727863
vt 0.074852 0.712384
vt 0.124926 0.724217
vt 0.125766 0.765132
vt 0.127418 0.749267
vt 0.125950 0.734066
vt 0.129914 0.746538
vt 0.129745 0.727128
vt 0.127016 0.712947
vt 0.123018 0.711337
vt 0.514466 0.360572
vt 0.491331 0.360091
vt 0.506237 0.357775
vt 0.412143 0.875508
vt 0.408583 0.874823
vt 0.409721 0.862822
vt 0.457417 0.380904
vt 0.470610 0.362594
vt 0.485639 0.376165
vt 0.143254 0.365539
vt 0.134325 0.362672
vt 0.126483 0.369162
vt 0.121290 0.366985
vt 0.363429 0.859977
vt 0.359950 0.851151
vt 0.361858 0.842246
vt 0.114351 0.374316
vt 0.112144 0.369359
vt 0.102224 0.374735
vt 0.099512 0.380820
vt 0.093596 0.379105
vt 0.366699 0.828880
vt 0.361297 0.831027
vt 0.361355 0.821436
vt 0.410561 0.845761
vt 0.414047 0.858183
vt 0.414913 0.841497
vt 0.545939 0.366434
vt 0.524509 0.359627
vt 0.541419 0.362883
vt 0.413051 0.826826
vt 0.417100 0.835873
vt 0.680718 0.801689
vt 0.684957 0.794676
vt 0.684205 0.811058
vt 0.688487 0.810646
vt 0.693388 0.801785
vt 0.681297 0.774614
vt 0.693539 0.788454
vt 0.686550 0.787912
vt 0.685561 0.772626
vt 0.964899 0.004214
vt 0.954429 0.008605
vt 0.950993 0.004214
vt 0.696624 0.782552
vt 0.689610 0.772303
vt 0.704332 0.777536
vt 0.961642 0.010999
vt 0.971173 0.004676
vt 0.966884 0.009102
vt 0.966898 0.035883
vt 0.513493 0.374857
vt 0.511078 0.378826
vt 0.690273 0.758631
vt 0.684728 0.753494
vt 0.541949 0.380904
vt 0.978656 0.919887
vt 0.978656 0.893555
vt 0.981880 0.901644
vt 0.916353 0.706284
vt 0.910496 0.715920
vt 0.912669 0.693479
vt 0.086032 0.388014
vt 0.082157 0.385897
vt 0.364528 0.813202
vt 0.361568 0.808158
vt 0.071305 0.400673
vt 0.072298 0.393828
vt 0.365119 0.796261
vt 0.361006 0.795547
vt 0.413509 0.811760
vt 0.417248 0.812677
vt 0.411149 0.796442
vt 0.415494 0.794640
vt 0.590271 0.385320
vt 0.568184 0.373649
vt 0.585099 0.380107
vt 0.953584 0.038106
vt 0.949629 0.009297
vt 0.961123 0.038193
vt 0.950863 0.041034
vt 0.836361 0.832054
vt 0.839043 0.859507
vt 0.834063 0.855786
vt 0.824605 0.829273
vt 0.821919 0.841261
vt 0.807109 0.844300
vt 0.957963 0.042763
vt 0.832715 0.817142
vt 0.738742 0.562114
vt 0.974736 0.290438
vt 0.964906 0.263313
vt 0.970748 0.260918
vt 0.967979 0.289375
vt 0.968404 0.041393
vt 0.968410 0.294393
vt 0.823270 0.816596
vt 0.820940 0.818947
vt 0.726561 0.558098
vt 0.740583 0.567645
vt 0.832371 0.807911
vt 0.836862 0.816964
vt 0.489000 0.804468
vt 0.498843 0.777303
vt 0.498030 0.786985
vt 0.989173 0.748509
vt 0.985521 0.741400
vt 0.989173 0.731519
vt 0.917300 0.679370
vt 0.912512 0.676745
vt 0.910254 0.656367
vt 0.909598 0.687132
vt 0.915177 0.666775
vt 0.061620 0.401321
vt 0.060975 0.409565
vt 0.058667 0.405233
vt 0.051566 0.412041
vt 0.366072 0.765664
vt 0.362081 0.782496
vt 0.360557 0.768157
vt 0.048653 0.420247
vt 0.045761 0.418842
vt 0.359866 0.759532
vt 0.413043 0.783694
vt 0.411706 0.765119
vt 0.417173 0.787720
vt 0.211557 0.842834
vt 0.214136 0.837762
vt 0.215654 0.849158
vt 0.714384 0.549889
vt 0.709449 0.540622
vt 0.707707 0.543545
vt 0.207250 0.834979
vt 0.214060 0.829750
vt 0.211844 0.823266
vt 0.700473 0.532492
vt 0.699356 0.521873
vt 0.209681 0.811433
vt 0.212591 0.803341
vt 0.215932 0.817073
vt 0.915177 0.653327
vt 0.913900 0.643432
vt 0.915438 0.636568
vt 0.606345 0.414732
vt 0.607487 0.396293
vt 0.909930 0.634289
vt 0.106734 0.504041
vt 0.040547 0.424194
vt 0.040967 0.434448
vt 0.033776 0.435553
vt 0.360708 0.737808
vt 0.360397 0.752204
vt 0.357925 0.740222
vt 0.411255 0.750995
vt 0.981874 0.076008
vt 0.981874 0.055498
vt 0.986438 0.066451
vt 0.830269 0.034532
vt 0.833136 0.032852
vt 0.834967 0.038493
vt 0.735767 0.477922
vt 0.754008 0.498670
vt 0.211672 0.792068
vt 0.216746 0.800317
vt 0.215399 0.781492
vt 0.691827 0.517605
vt 0.688406 0.497065
vt 0.683117 0.500578
vt 0.196326 0.781429
vt 0.210490 0.779696
vt 0.200726 0.771060
vt 0.212786 0.763821
vt 0.744755 0.792089
vt 0.749568 0.787801
vt 0.752610 0.792406
vt 0.680299 0.484956
vt 0.216361 0.765726
vt 0.751794 0.760326
vt 0.747921 0.759624
vt 0.755326 0.787491
vt 0.763003 0.785508
vt 0.762774 0.757731
vt 0.589394 0.404173
vt 0.597565 0.413503
vt 0.920065 0.624098
vt 0.911991 0.622896
vt 0.753256 0.753523
vt 0.747249 0.753928
vt 0.918855 0.614545
vt 0.909598 0.602868
vt 0.756774 0.762035
vt 0.763178 0.753494
vt 0.625912 0.413958
vt 0.623476 0.433011
vt 0.767829 0.755744
vt 0.767829 0.788970
vt 0.858520 0.958124
vt 0.859924 0.984359
vt 0.852573 0.957914
vt 0.173642 0.502855
vt 0.163529 0.503247
vt 0.033262 0.440857
vt 0.024952 0.449707
vt 0.027295 0.454218
vt 0.017981 0.462626
vt 0.742598 0.341047
vt 0.729361 0.330800
vt 0.412743 0.970767
vt 0.416777 0.957346
vt 0.417248 0.968516
vt 0.731315 0.335012
vt 0.412527 0.954206
vt 0.416515 0.945697
vt 0.719714 0.328614
vt 0.746826 0.327268
vt 0.413307 0.937989
vt 0.710349 0.319529
vt 0.361081 0.722581
vt 0.408456 0.723220
vt 0.883768 0.051364
vt 0.887353 0.062722
vt 0.835263 0.050788
vt 0.835943 0.935500
vt 0.804121 0.938614
vt 0.380271 0.959502
vt 0.379878 0.973422
vt 0.376924 0.971546
vt 0.379810 0.938285
vt 0.830248 0.059588
vt 0.834460 0.064626
vt 0.801751 0.943103
vt 0.805223 0.943457
vt 0.769494 0.509079
vt 0.759818 0.499346
vt 0.748351 0.488163
vt 0.763896 0.790607
vt 0.202565 0.760202
vt 0.854921 0.986535
vt 0.854036 0.981585
vt 0.864023 0.989731
vt 0.852573 0.989850
vt 0.195672 0.750976
vt 0.690689 0.602123
vt 0.685200 0.599722
vt 0.689588 0.592911
vt 0.209838 0.736865
vt 0.212227 0.751287
vt 0.613355 0.427005
vt 0.624014 0.442335
vt 0.059130 0.735703
vt 0.060680 0.754168
vt 0.055089 0.748740
vt 0.643450 0.436389
vt 0.040715 0.976472
vt 0.006809 0.976472
vt 0.006192 0.974172
vt 0.038177 0.971515
vt 0.011593 0.970076
vt 0.042514 0.922972
vt 0.038949 0.925085
vt 0.009637 0.923274
vt 0.501111 0.719641
vt 0.501654 0.769136
vt 0.497799 0.718449
vt 0.993257 0.406136
vt 0.995673 0.398639
vt 0.997216 0.406781
vt 0.996094 0.390547
vt 0.982646 0.397091
vt 0.160377 0.512300
vt 0.151840 0.514345
vt 0.994015 0.382401
vt 0.983475 0.381946
vt 0.996866 0.376108
vt 0.146778 0.534153
vt 0.038823 0.919670
vt 0.964709 0.978901
vt 0.970538 0.978901
vt 0.967839 0.984794
vt 0.061985 0.497228
vt 0.055240 0.491185
vt 0.099235 0.506347
vt 0.056430 0.501543
vt 0.009786 0.919191
vt 0.043718 0.916736
vt 0.006643 0.922079
vt 0.005557 0.916412
vt 0.020368 0.466684
vt 0.014474 0.476179
vt 0.889235 0.076314
vt 0.885277 0.082740
vt 0.979333 0.304561
vt 0.967604 0.303541
vt 0.966088 0.313293
vt 0.981302 0.405200
vt 0.978545 0.395504
vt 0.978269 0.404211
vt 0.980810 0.389646
vt 0.708636 0.319610
vt 0.417248 0.932128
vt 0.413517 0.927576
vt 0.411881 0.932798
vt 0.978534 0.383357
vt 0.980517 0.376108
vt 0.491207 0.984578
vt 0.495228 0.976192
vt 0.495228 0.989997
vt 0.907447 0.040213
vt 0.904684 0.043114
vt 0.900419 0.007269
vt 0.379506 0.933541
vt 0.932624 0.004297
vt 0.929713 0.008228
vt 0.928652 0.004214
vt 0.376551 0.931214
vt 0.376824 0.945385
vt 0.740249 0.475811
vt 0.752065 0.434139
vt 0.686163 0.439158
vt 0.749303 0.428519
vt 0.680319 0.465728
vt 0.693716 0.618348
vt 0.680299 0.441621
vt 0.698115 0.619202
vt 0.696038 0.604578
vt 0.137331 0.726972
vt 0.211676 0.721753
vt 0.971964 0.189902
vt 0.960555 0.185488
vt 0.972679 0.176471
vt 0.962418 0.206959
vt 0.959699 0.205405
vt 0.960392 0.194723
vt 0.245701 0.020442
vt 0.246786 0.016820
vt 0.256858 0.022707
vt 0.960387 0.164103
vt 0.973113 0.163417
vt 0.210847 0.009289
vt 0.217122 0.006737
vt 0.227197 0.009902
vt 0.959800 0.174478
vt 0.960556 0.144220
vt 0.959797 0.110527
vt 0.962156 0.113627
vt 0.972512 0.128428
vt 0.974458 0.144906
vt 0.159639 0.005480
vt 0.198387 0.005485
vt 0.976202 0.187379
vt 0.976306 0.175612
vt 0.974880 0.205052
vt 0.975079 0.194286
vt 0.589607 0.340153
vt 0.606785 0.334483
vt 0.596428 0.339041
vt 0.976101 0.117583
vt 0.541779 0.349523
vt 0.548098 0.351929
vt 0.520623 0.351690
vt 0.569785 0.340690
vt 0.566316 0.347640
vt 0.734206 0.892315
vt 0.731129 0.877597
vt 0.733499 0.905340
vt 0.730882 0.850689
vt 0.731482 0.862927
vt 0.734356 0.834456
vt 0.974809 0.243418
vt 0.962974 0.250357
vt 0.960388 0.236979
vt 0.960352 0.216663
vt 0.974729 0.216388
vt 0.962864 0.228806
vt 0.987959 0.506099
vt 0.985003 0.514017
vt 0.985003 0.504733
vt 0.271128 0.035489
vt 0.286546 0.041019
vt 0.291033 0.047025
vt 0.282121 0.059555
vt 0.264289 0.046420
vt 0.220606 0.022094
vt 0.248787 0.036425
vt 0.231047 0.028263
vt 0.239466 0.037538
vt 0.229285 0.032786
vt 0.737303 0.882824
vt 0.737389 0.872168
vt 0.254748 0.045387
vt 0.220790 0.029366
vt 0.203991 0.026070
vt 0.197411 0.020813
vt 0.737690 0.863337
vt 0.739187 0.819343
vt 0.736911 0.846277
vt 0.975119 0.235844
vt 0.637044 0.308944
vt 0.642919 0.310529
vt 0.635894 0.316293
vt 0.610214 0.328699
vt 0.617600 0.328772
vt 0.975061 0.226617
vt 0.619387 0.321303
vt 0.627232 0.322347
vt 0.504680 0.294063
vt 0.506235 0.345199
vt 0.823546 0.082943
vt 0.824680 0.069809
vt 0.733788 0.916783
vt 0.690220 0.917096
vt 0.734487 0.928793
vt 0.766923 0.856831
vt 0.763540 0.868018
vt 0.254886 0.836409
vt 0.252371 0.844797
vt 0.252651 0.828703
vt 0.966289 0.831016
vt 0.954503 0.840793
vt 0.957440 0.831904
vt 0.963939 0.846201
vt 0.312897 0.073717
vt 0.315112 0.070040
vt 0.319231 0.076849
vt 0.256321 0.821963
vt 0.252371 0.813927
vt 0.263500 0.837806
vt 0.934008 0.429179
vt 0.926252 0.418719
vt 0.929085 0.414821
vt 0.268247 0.054477
vt 0.051931 0.961386
vt 0.051931 0.980761
vt 0.050505 0.971831
vt 0.273001 0.054317
vt 0.920853 0.406516
vt 0.926639 0.402972
vt 0.967888 0.839656
vt 0.970265 0.829370
vt 0.656013 0.291811
vt 0.664536 0.287673
vt 0.656863 0.295569
vt 0.663743 0.281030
vt 0.971034 0.819781
vt 0.960750 0.817292
vt 0.973088 0.810088
vt 0.650568 0.303278
vt 0.547859 0.296728
vt 0.587717 0.279733
vt 0.564177 0.287325
vt 0.549298 0.287833
vt 0.561627 0.284836
vt 0.577667 0.280281
vt 0.760705 0.897203
vt 0.549252 0.290698
vt 0.529310 0.290651
vt 0.820717 0.095259
vt 0.762721 0.906326
vt 0.664303 0.853750
vt 0.660261 0.868023
vt 0.652762 0.849096
vt 0.655284 0.866192
vt 0.653608 0.856855
vt 0.323644 0.089457
vt 0.657192 0.877187
vt 0.335880 0.113680
vt 0.330822 0.094471
vt 0.336524 0.106042
vt 0.308483 0.089984
vt 0.324071 0.112608
vt 0.292493 0.075937
vt 0.295756 0.072964
vt 0.300121 0.084889
vt 0.981873 0.183730
vt 0.985802 0.171492
vt 0.985802 0.192000
vt 0.937114 0.444361
vt 0.931097 0.442657
vt 0.936931 0.439897
vt 0.937087 0.457471
vt 0.941024 0.456083
vt 0.762460 0.913743
vt 0.965587 0.853309
vt 0.955870 0.860377
vt 0.676452 0.263017
vt 0.673153 0.276513
vt 0.964362 0.863862
vt 0.961220 0.880795
vt 0.594421 0.270252
vt 0.269900 0.711337
vt 0.273109 0.718369
vt 0.270025 0.725761
vt 0.821462 0.123154
vt 0.786801 0.141909
vt 0.669066 0.887848
vt 0.658452 0.889951
vt 0.341014 0.116823
vt 0.671505 0.900233
vt 0.658949 0.901599
vt 0.343695 0.129049
vt 0.660918 0.912802
vt 0.317132 0.108915
vt 0.942455 0.470031
vt 0.936581 0.469737
vt 0.315601 0.111840
vt 0.325262 0.127473
vt 0.948114 0.487477
vt 0.944308 0.484573
vt 0.273054 0.733774
vt 0.273219 0.742598
vt 0.962804 0.893307
vt 0.964363 0.875822
vt 0.966879 0.893408
vt 0.691096 0.225548
vt 0.695365 0.227690
vt 0.688785 0.239621
vt 0.684341 0.256828
vt 0.269836 0.742726
vt 0.273177 0.753227
vt 0.269068 0.757751
vt 0.823265 0.137480
vt 0.787310 0.155118
vt 0.904580 0.515857
vt 0.902309 0.501909
vt 0.939343 0.499099
vt 0.272232 0.779234
vt 0.670222 0.914851
vt 0.659426 0.926122
vt 0.331760 0.150879
vt 0.347434 0.152504
vt 0.671512 0.927040
vt 0.658118 0.943645
vt 0.938834 0.483987
vt 0.945088 0.494732
vt 0.950025 0.511650
vt 0.940303 0.512157
vt 0.944624 0.508573
vt 0.963738 0.919944
vt 0.961343 0.907792
vt 0.965225 0.906951
vt 0.700339 0.189577
vt 0.702018 0.198585
vt 0.629993 0.230833
vt 0.636275 0.216252
vt 0.643939 0.206695
vt 0.625093 0.244691
vt 0.269201 0.773373
vt 0.269697 0.797317
vt 0.939185 0.538063
vt 0.903556 0.542429
vt 0.943530 0.523161
vt 0.272844 0.791187
vt 0.335473 0.179454
vt 0.348019 0.200722
vt 0.350643 0.157927
vt 0.350643 0.199070
vt 0.658952 0.957790
vt 0.652762 0.982731
vt 0.947752 0.537226
vt 0.944473 0.539151
vt 0.967520 0.958523
vt 0.956926 0.949534
vt 0.964502 0.937953
vt 0.973088 0.973333
vt 0.966939 0.936289
vt 0.163646 0.002784
vt 0.154940 0.017020
vt 0.177417 0.021539
vt 0.961763 0.088825
vt 0.958884 0.106861
vt 0.959529 0.088938
vt 0.972706 0.090281
vt 0.960484 0.075135
vt 0.973554 0.068123
vt 0.960687 0.066134
vt 0.127289 0.009248
vt 0.133349 0.011452
vt 0.114365 0.015541
vt 0.931077 0.973536
vt 0.929560 0.968659
vt 0.933893 0.962916
vt 0.962504 0.055498
vt 0.932130 0.956093
vt 0.936080 0.948417
vt 0.974465 0.109320
vt 0.512359 0.352208
vt 0.976306 0.088364
vt 0.945596 0.964145
vt 0.943494 0.975742
vt 0.477465 0.344815
vt 0.471193 0.337824
vt 0.490808 0.347252
vt 0.470034 0.343219
vt 0.991104 0.334509
vt 0.989700 0.339312
vt 0.989700 0.325504
vt 0.752335 0.877578
vt 0.745111 0.905773
vt 0.745551 0.893477
vt 0.745771 0.885794
vt 0.746903 0.878164
vt 0.745302 0.870755
vt 0.137900 0.937296
vt 0.143849 0.938769
vt 0.140418 0.939897
vt 0.399025 0.980338
vt 0.398256 0.987012
vt 0.396083 0.980338
vt 0.151470 0.939382
vt 0.142875 0.970895
vt 0.156953 0.941357
vt 0.151270 0.957819
vt 0.970506 0.734748
vt 0.977567 0.733782
vt 0.974833 0.766195
vt 0.138660 0.972298
vt 0.979954 0.736186
vt 0.979531 0.768664
vt 0.966675 0.258020
vt 0.975842 0.256686
vt 0.727342 0.776447
vt 0.985133 0.256676
vt 0.980609 0.260123
vt 0.734895 0.769586
vt 0.985133 0.282826
vt 0.977377 0.261719
vt 0.635392 0.948299
vt 0.634087 0.971228
vt 0.630418 0.948522
vt 0.641567 0.948015
vt 0.641789 0.977477
vt 0.731723 0.824267
vt 0.718388 0.810780
vt 0.735659 0.811811
vt 0.737803 0.792309
vt 0.731645 0.795618
vt 0.123089 0.026786
vt 0.149770 0.025266
vt 0.723222 0.782774
vt 0.714933 0.777426
vt 0.725950 0.789267
vt 0.735591 0.778409
vt 0.737672 0.762985
vt 0.119209 0.034392
vt 0.991174 0.972247
vt 0.991174 0.986848
vt 0.989020 0.978185
vt 0.117097 0.032620
vt 0.731964 0.760437
vt 0.103704 0.038980
vt 0.961275 0.725951
vt 0.955691 0.721824
vt 0.961693 0.712247
vt 0.106345 0.041155
vt 0.931230 0.948398
vt 0.933117 0.936307
vt 0.082558 0.030113
vt 0.094576 0.024799
vt 0.077501 0.037828
vt 0.947808 0.929077
vt 0.934018 0.926679
vt 0.087277 0.046494
vt 0.956861 0.707146
vt 0.963308 0.696933
vt 0.092456 0.049154
vt 0.947992 0.913611
vt 0.934529 0.915449
vt 0.073983 0.035277
vt 0.065039 0.042290
vt 0.934453 0.907597
vt 0.062644 0.048580
vt 0.058914 0.047320
vt 0.428659 0.315533
vt 0.441190 0.324886
vt 0.947104 0.948632
vt 0.947563 0.939188
vt 0.453214 0.334164
vt 0.443739 0.330500
vt 0.435064 0.325616
vt 0.426200 0.319998
vt 0.415422 0.305267
vt 0.420615 0.314920
vt 0.413796 0.310364
vt 0.161501 0.973180
vt 0.156222 0.973484
vt 0.147968 0.972046
vt 0.820263 0.835283
vt 0.815347 0.839344
vt 0.147962 0.976309
vt 0.971562 0.769367
vt 0.980114 0.282400
vt 0.632682 0.980972
vt 0.629234 0.971450
vt 0.636345 0.982031
vt 0.960816 0.766105
vt 0.967323 0.764295
vt 0.979355 0.294531
vt 0.276653 0.978117
vt 0.280534 0.983400
vt 0.276653 0.988347
vt 0.642102 0.982304
vt 0.494954 0.798437
vt 0.501654 0.790360
vt 0.494593 0.808889
vt 0.494784 0.814512
vt 0.917080 0.692765
vt 0.958680 0.679897
vt 0.958320 0.666328
vt 0.766454 0.840019
vt 0.787041 0.829401
vt 0.793250 0.841591
vt 0.763567 0.829544
vt 0.762689 0.816766
vt 0.761132 0.803818
vt 0.791034 0.817407
vt 0.088426 0.050557
vt 0.964041 0.693162
vt 0.957326 0.692376
vt 0.964024 0.683523
vt 0.963833 0.670894
vt 0.081301 0.057096
vt 0.072044 0.065738
vt 0.052656 0.053287
vt 0.948235 0.895757
vt 0.934519 0.898965
vt 0.050434 0.061152
vt 0.068141 0.057405
vt 0.068710 0.063575
vt 0.068175 0.069149
vt 0.060432 0.070929
vt 0.046020 0.061618
vt 0.936607 0.887838
vt 0.933806 0.888353
vt 0.935647 0.873255
vt 0.946298 0.882086
vt 0.036900 0.072375
vt 0.933447 0.874267
vt 0.035951 0.078931
vt 0.761831 0.847812
vt 0.758946 0.812800
vt 0.760638 0.829027
vt 0.464727 0.276644
vt 0.493118 0.286126
vt 0.136353 0.841832
vt 0.139191 0.839679
vt 0.139412 0.851716
vt 0.448681 0.264199
vt 0.948935 0.901698
vt 0.405532 0.301796
vt 0.405043 0.295125
vt 0.948927 0.881197
vt 0.392489 0.285956
vt 0.389882 0.277867
vt 0.139147 0.795776
vt 0.139203 0.808491
vt 0.960982 0.653396
vt 0.958060 0.638474
vt 0.303823 0.951577
vt 0.312723 0.954359
vt 0.307262 0.961302
vt 0.299723 0.954422
vt 0.931088 0.634726
vt 0.939861 0.634516
vt 0.183020 0.843922
vt 0.139116 0.818780
vt 0.964150 0.665760
vt 0.964733 0.645340
vt 0.053880 0.083737
vt 0.030711 0.081018
vt 0.935053 0.854472
vt 0.933332 0.863720
vt 0.945277 0.854905
vt 0.042906 0.091736
vt 0.025712 0.089474
vt 0.932514 0.854129
vt 0.022965 0.101246
vt 0.963931 0.640620
vt 0.963944 0.631257
vt 0.051900 0.088342
vt 0.046338 0.095952
vt 0.020811 0.097262
vt 0.484172 0.281774
vt 0.470988 0.275499
vt 0.136330 0.817912
vt 0.139306 0.829115
vt 0.135930 0.829334
vt 0.461461 0.268099
vt 0.135852 0.809060
vt 0.135795 0.797512
vt 0.444949 0.254553
vt 0.453298 0.262879
vt 0.433247 0.244613
vt 0.427219 0.242816
vt 0.385686 0.279178
vt 0.947965 0.871622
vt 0.948023 0.863949
vt 0.382775 0.264433
vt 0.947883 0.853926
vt 0.985698 0.117175
vt 0.981874 0.130446
vt 0.981874 0.108134
vt 0.299648 0.983466
vt 0.304690 0.986024
vt 0.294845 0.985649
vt 0.162986 0.771018
vt 0.167862 0.771171
vt 0.173357 0.776493
vt 0.309590 0.981982
vt 0.300573 0.965662
vt 0.313048 0.983222
vt 0.745794 0.788515
vt 0.293033 0.952722
vt 0.986069 0.692293
vt 0.981183 0.702382
vt 0.977851 0.690306
vt 0.989579 0.725633
vt 0.985385 0.721975
vt 0.984167 0.725952
vt 0.977667 0.718616
vt 0.889579 0.010868
vt 0.885042 0.019031
vt 0.886043 0.013475
vt 0.989579 0.689309
vt 0.983167 0.687768
vt 0.922212 0.610646
vt 0.917207 0.609794
vt 0.926324 0.603515
vt 0.970301 0.692995
vt 0.731379 0.981934
vt 0.727516 0.988266
vt 0.727516 0.978382
vt 0.952048 0.609001
vt 0.939981 0.606178
vt 0.942157 0.604385
vt 0.974760 0.583888
vt 0.974730 0.588281
vt 0.970301 0.587754
vt 0.989230 0.587942
vt 0.991090 0.585341
vt 0.330403 0.950881
vt 0.339572 0.951224
vt 0.335355 0.952989
vt 0.173261 0.783120
vt 0.136781 0.785117
vt 0.138692 0.770603
vt 0.960872 0.622343
vt 0.953943 0.630132
vt 0.948172 0.630250
vt 0.951491 0.623641
vt 0.963527 0.617442
vt 0.038941 0.107932
vt 0.032395 0.120793
vt 0.972176 0.687998
vt 0.950987 0.613130
vt 0.030653 0.115692
vt 0.959471 0.603737
vt 0.963086 0.603559
vt 0.932526 0.845084
vt 0.945801 0.837677
vt 0.017325 0.104145
vt 0.014584 0.112139
vt 0.011940 0.127883
vt 0.010874 0.120052
vt 0.438209 0.244149
vt 0.429928 0.233311
vt 0.414431 0.207956
vt 0.363080 0.214235
vt 0.974122 0.724646
vt 0.971022 0.722440
vt 0.864723 0.984089
vt 0.346124 0.968856
vt 0.344586 0.975627
vt 0.340752 0.974511
vt 0.977874 0.615694
vt 0.973682 0.618458
vt 0.981908 0.604086
vt 0.334199 0.976197
vt 0.330545 0.960117
vt 0.991090 0.618430
vt 0.985094 0.616113
vt 0.988568 0.599303
vt 0.334963 0.981793
vt 0.129914 0.979273
vt 0.126158 0.985524
vt 0.125197 0.979273
vt 0.326881 0.978548
vt 0.327859 0.974117
vt 0.180568 0.749132
vt 0.183223 0.744749
vt 0.321926 0.981793
vt 0.978693 0.587149
vt 0.215851 0.871645
vt 0.200317 0.897147
vt 0.200317 0.857284
vt 0.164435 0.760787
vt 0.346799 0.978968
vt 0.137382 0.761718
vt 0.171781 0.751133
vt 0.136836 0.753396
vt 0.941990 0.600358
vt 0.958966 0.587097
vt 0.961042 0.585520
vt 0.026263 0.139713
vt 0.018064 0.146001
vt 0.955268 0.583888
vt 0.008805 0.129743
vt 0.007035 0.132247
vt 0.005548 0.143108
vt 0.003880 0.146744
vt 0.006941 0.148388
vt 0.958597 0.402343
vt 0.971063 0.387703
vt 0.971631 0.401200
vt 0.421018 0.222674
vt 0.426353 0.223938
vt 0.423135 0.216092
vt 0.417939 0.204174
vt 0.958705 0.376108
vt 0.957449 0.387995
vt 0.356753 0.208039
vt 0.361175 0.221306
vt 0.956711 0.399397
vt 0.356211 0.198283
vt 0.052723 0.736472
vt 0.011660 0.739042
vt 0.014136 0.761320
vt 0.055412 0.762699
vt 0.139119 0.740822
vt 0.006597 0.735032
vt 0.008108 0.752467
vt 0.011351 0.771362
vt 0.959760 0.418887
vt 0.023751 0.158096
vt 0.020362 0.158679
vt 0.005721 0.200889
vt 0.002784 0.181027
vt 0.972229 0.434470
vt 0.969832 0.431735
vt 0.008222 0.783185
vt 0.760336 0.602434
vt 0.761697 0.616575
vt 0.756543 0.603683
vt 0.409579 0.179085
vt 0.414235 0.185071
vt 0.765662 0.618574
vt 0.955593 0.408781
vt 0.545380 0.896159
vt 0.533084 0.898989
vt 0.530088 0.897046
vt 0.114563 0.913578
vt 0.129643 0.914005
vt 0.127006 0.916420
vt 0.297568 0.876915
vt 0.297265 0.871558
vt 0.345455 0.875164
vt 0.128234 0.966234
vt 0.093295 0.966122
vt 0.097780 0.919969
vt 0.099344 0.968863
vt 0.862316 0.341417
vt 0.350193 0.553409
vt 0.342236 0.590384
vt 0.425134 0.892659
vt 0.429626 0.885867
vt 0.306609 0.643168
vt 0.292729 0.557252
vt 0.294561 0.559649
vt 0.288446 0.561897
vt 0.289491 0.565061
vt 0.095400 0.970566
vt 0.125163 0.966418
vt 0.127843 0.970835
vt 0.088108 0.973705
vt 0.256937 0.553146
vt 0.261059 0.553322
vt 0.211268 0.546743
vt 0.972460 0.804329
vt 0.951158 0.068922
vt 0.944474 0.059117
vt 0.948138 0.059154
vt 0.444343 0.986494
vt 0.443601 0.994527
vt 0.440906 0.985576
vt 0.951158 0.048331
vt 0.783628 0.275790
vt 0.786960 0.316974
vt 0.772447 0.277529
vt 0.774160 0.293845
vt 0.721648 0.983659
vt 0.746630 0.978382
vt 0.750638 0.983656
vt 0.746630 0.987317
vt 0.456259 0.976261
vt 0.453854 0.986721
vt 0.441354 0.974333
vt 0.454250 0.968020
vt 0.443661 0.967232
vt 0.766237 0.278408
vt 0.772204 0.284296
vt 0.773405 0.220979
vt 0.767734 0.205020
vt 0.783714 0.231337
vt 0.685189 0.982557
vt 0.717175 0.980655
vt 0.795102 0.215880
vt 0.801301 0.205918
vt 0.798359 0.193934
vt 0.895387 0.478572
vt 0.893630 0.495486
vt 0.343527 0.812385
vt 0.349214 0.813774
vt 0.345258 0.831509
vt 0.272663 0.818793
vt 0.350643 0.829361
vt 0.891293 0.455912
vt 0.838914 0.452124
vt 0.682413 0.987383
vt 0.834952 0.454524
vt 0.329686 0.619411
vt 0.319284 0.631045
vt 0.899736 0.747670
vt 0.904030 0.744631
vt 0.903511 0.755415
vt 0.438479 0.968890
vt 0.478984 0.982392
vt 0.468093 0.989775
vt 0.465842 0.981152
vt 0.463444 0.993568
vt 0.463572 0.973317
vt 0.181206 0.566750
vt 0.185838 0.560958
vt 0.202184 0.554051
vt 0.849285 0.776458
vt 0.899525 0.763924
vt 0.900098 0.780954
vt 0.849078 0.756222
vt 0.777029 0.267617
vt 0.787092 0.275297
vt 0.908961 0.388436
vt 0.902309 0.393418
vt 0.904419 0.381009
vt 0.457877 0.963397
vt 0.483375 0.990200
vt 0.479018 0.991935
vt 0.483375 0.977510
vt 0.767824 0.265697
vt 0.909045 0.354001
vt 0.913511 0.784754
vt 0.913982 0.798941
vt 0.910357 0.790028
vt 0.756765 0.269837
vt 0.751750 0.255925
vt 0.744883 0.256889
vt 0.916234 0.775568
vt 0.910607 0.774870
vt 0.851824 0.768336
vt 0.781448 0.238727
vt 0.845454 0.744748
vt 0.849877 0.745254
vt 0.937307 0.391853
vt 0.906734 0.397404
vt 0.802658 0.219922
vt 0.806704 0.218064
vt 0.809273 0.233915
vt 0.804947 0.236417
vt 0.944845 0.224447
vt 0.949567 0.207010
vt 0.949202 0.224371
vt 0.350225 0.841635
vt 0.345557 0.843170
vt 0.345955 0.851555
vt 0.920418 0.910442
vt 0.850035 0.909003
vt 0.848972 0.899693
vt 0.922264 0.900309
vt 0.896741 0.465233
vt 0.894438 0.444741
vt 0.350285 0.858333
vt 0.920082 0.890795
vt 0.348442 0.863571
vt 0.850018 0.883607
vt 0.875017 0.409305
vt 0.940016 0.394686
vt 0.937381 0.385901
vt 0.940944 0.379792
vt 0.813491 0.431471
vt 0.826202 0.439174
vt 0.825007 0.442766
vt 0.813909 0.424167
vt 0.951732 0.785271
vt 0.948643 0.774545
vt 0.952230 0.771798
vt 0.903135 0.728494
vt 0.791285 0.974451
vt 0.794768 0.984889
vt 0.791285 0.990694
vt 0.292694 0.658677
vt 0.173380 0.700308
vt 0.155735 0.561705
vt 0.851615 0.732943
vt 0.899866 0.732913
vt 0.901890 0.718711
vt 0.845787 0.733659
vt 0.988444 0.887987
vt 0.984372 0.877945
vt 0.988444 0.868881
vt 0.392981 0.666696
vt 0.373508 0.650368
vt 0.396312 0.649780
vt 0.947681 0.170574
vt 0.952752 0.186625
vt 0.946578 0.187267
vt 0.952549 0.169992
vt 0.846108 0.883363
vt 0.883978 0.423704
vt 0.889656 0.425097
vt 0.894888 0.438973
vt 0.850169 0.852913
vt 0.844893 0.868578
vt 0.846126 0.852768
vt 0.811968 0.363954
vt 0.797978 0.415937
vt 0.301527 0.656116
vt 0.900064 0.705531
vt 0.903738 0.699006
vt 0.903751 0.710644
vt 0.900448 0.695210
vt 0.903711 0.687796
vt 0.852104 0.684684
vt 0.854633 0.700485
vt 0.848554 0.703325
vt 0.851436 0.716075
vt 0.848328 0.721833
vt 0.844888 0.708379
vt 0.845333 0.679460
vt 0.848408 0.688755
vt 0.845133 0.957914
vt 0.847005 0.967459
vt 0.845133 0.981907
vt 0.409520 0.659943
vt 0.416743 0.683190
vt 0.949592 0.158452
vt 0.943671 0.172150
vt 0.943802 0.158539
vt 0.953317 0.149156
vt 0.948943 0.144724
vt 0.878406 0.405718
vt 0.861856 0.392943
vt 0.847193 0.832560
vt 0.849086 0.841359
vt 0.850303 0.827972
vt 0.919073 0.840745
vt 0.598106 0.840777
vt 0.594936 0.843528
vt 0.593451 0.834864
vt 0.597109 0.825878
vt 0.921244 0.820089
vt 0.850845 0.811820
vt 0.835028 0.371640
vt 0.293423 0.663862
vt 0.277287 0.672363
vt 0.900063 0.683099
vt 0.903655 0.672448
vt 0.265878 0.678517
vt 0.268439 0.681616
vt 0.900364 0.668698
vt 0.903966 0.657414
vt 0.255623 0.684191
vt 0.226592 0.695046
vt 0.848728 0.671929
vt 0.847908 0.655160
vt 0.852152 0.653323
vt 0.854387 0.668645
vt 0.845361 0.650017
vt 0.981543 0.668374
vt 0.985705 0.673324
vt 0.981543 0.682200
vt 0.943829 0.144222
vt 0.948220 0.130643
vt 0.952539 0.130112
vt 0.426613 0.671871
vt 0.444178 0.695153
vt 0.952442 0.108581
vt 0.943484 0.117633
vt 0.947690 0.108226
vt 0.845528 0.372828
vt 0.863794 0.387758
vt 0.593861 0.814138
vt 0.599630 0.811137
vt 0.828769 0.364153
vt 0.599346 0.797140
vt 0.594031 0.796057
vt 0.595760 0.779450
vt 0.899943 0.653948
vt 0.903619 0.644272
vt 0.900301 0.638525
vt 0.256857 0.688459
vt 0.245017 0.693547
vt 0.242590 0.690888
vt 0.230923 0.698380
vt 0.900329 0.622400
vt 0.903737 0.632140
vt 0.850655 0.639244
vt 0.844916 0.627788
vt 0.848576 0.620205
vt 0.848826 0.631022
vt 0.855168 0.622512
vt 0.467310 0.700580
vt 0.482988 0.704688
vt 0.473462 0.705085
vt 0.852402 0.607728
vt 0.492878 0.690160
vt 0.943917 0.103330
vt 0.949150 0.091126
vt 0.953317 0.083963
vt 0.943636 0.091320
vt 0.949378 0.078282
vt 0.581595 0.880841
vt 0.584168 0.870710
vt 0.586802 0.880855
vt 0.502253 0.686368
vt 0.487307 0.685575
vt 0.510994 0.982719
vt 0.514564 0.976192
vt 0.514564 0.990317
vt 0.582289 0.845536
vt 0.586409 0.848172
vt 0.587883 0.868380
vt 0.577489 0.844025
vt 0.579746 0.827439
vt 0.214619 0.702769
vt 0.203783 0.703605
vt 0.835069 0.785757
vt 0.839236 0.792679
vt 0.836661 0.798250
vt 0.833941 0.772484
vt 0.839320 0.783034
vt 0.159075 0.702717
vt 0.168221 0.705769
vt 0.831772 0.755492
vt 0.835242 0.751150
vt 0.837469 0.766652
vt 0.836460 0.741540
vt 0.832660 0.723911
vt 0.830634 0.740809
vt 0.786128 0.785385
vt 0.785723 0.770743
vt 0.830250 0.724413
vt 0.783197 0.740960
vt 0.846316 0.612499
vt 0.846486 0.599268
vt 0.850827 0.594589
vt 0.900464 0.608348
vt 0.523528 0.701824
vt 0.516372 0.706352
vt 0.498232 0.705732
vt 0.541930 0.701106
vt 0.778803 0.748227
vt 0.784660 0.755648
vt 0.780409 0.725119
vt 0.517930 0.687858
vt 0.539204 0.683819
vt 0.557662 0.678434
vt 0.927574 0.345003
vt 0.925262 0.347554
vt 0.924695 0.276751
vt 0.596320 0.930133
vt 0.595869 0.864697
vt 0.599566 0.868082
vt 0.637945 0.860433
vt 0.639405 0.854806
vt 0.144084 0.869145
vt 0.191643 0.929810
vt 0.146587 0.931728
vt 0.499058 0.769110
vt 0.494563 0.719728
vt 0.850321 0.258471
vt 0.845036 0.262153
vt 0.799414 0.259775
vt 0.368287 0.979148
vt 0.358054 0.970613
vt 0.369468 0.969921
vt 0.357361 0.977197
vt 0.432542 0.986234
vt 0.429695 0.990295
vt 0.429695 0.977688
vt 0.358844 0.950881
vt 0.359858 0.962407
vt 0.352367 0.969251
vt 0.263500 0.861492
vt 0.255169 0.860946
vt 0.263500 0.850365
vt 0.079471 0.608010
vt 0.643238 0.855882
vt 0.645562 0.849096
vt 0.647194 0.857629
vt 0.493138 0.716466
vt 0.058455 0.505358
vt 0.010422 0.519494
vt 0.885667 0.099178
vt 0.889467 0.116761
vt 0.501654 0.855686
vt 0.498393 0.846399
vt 0.501654 0.841836
vt 0.489045 0.855595
vt 0.487618 0.847297
vt 0.725800 0.274581
vt 0.730700 0.275154
vt 0.721860 0.286238
vt 0.479180 0.973388
vt 0.469293 0.963516
vt 0.479760 0.963397
vt 0.498905 0.828937
vt 0.497557 0.837105
vt 0.493599 0.825481
vt 0.716811 0.289653
vt 0.718337 0.308706
vt 0.710319 0.277721
vt 0.990948 0.827565
vt 0.988065 0.815470
vt 0.990948 0.810088
vt 0.839842 0.099693
vt 0.886163 0.117658
vt 0.381789 0.897627
vt 0.411446 0.897211
vt 0.379731 0.928750
vt 0.211255 0.902715
vt 0.214498 0.905501
vt 0.215851 0.931141
vt 0.938806 0.044084
vt 0.933258 0.046327
vt 0.933248 0.041768
vt 0.834269 0.095674
vt 0.835802 0.116262
vt 0.831047 0.108607
vt 0.688347 0.424073
vt 0.699710 0.628416
vt 0.699290 0.647764
vt 0.696796 0.657140
vt 0.694417 0.636953
vt 0.054854 0.778789
vt 0.060365 0.786817
vt 0.665916 0.482291
vt 0.639100 0.457995
vt 0.655686 0.457313
vt 0.791285 0.968883
vt 0.791285 0.935499
vt 0.795451 0.957649
vt 0.986192 0.102566
vt 0.981874 0.093320
vt 0.986192 0.081576
vt 0.593451 0.863114
vt 0.959338 0.345205
vt 0.954097 0.258828
vt 0.957586 0.272507
vt 0.468899 0.972256
vt 0.465690 0.966542
vt 0.100413 0.514957
vt 0.077996 0.597277
vt 0.643310 0.921023
vt 0.638289 0.930672
vt 0.647194 0.938529
vt 0.020737 0.588173
vt 0.010636 0.553360
vt 0.007819 0.513558
vt 0.005557 0.516532
vt 0.886252 0.133695
vt 0.889953 0.139538
vt 0.005654 0.539311
vt 0.885758 0.145843
vt 0.483056 0.963747
vt 0.744011 0.269621
vt 0.432542 0.953134
vt 0.430094 0.970252
vt 0.425913 0.951989
vt 0.916656 0.765892
vt 0.912318 0.764012
vt 0.915381 0.746549
vt 0.914627 0.770594
vt 0.723992 0.267829
vt 0.710662 0.273991
vt 0.906528 0.048340
vt 0.899017 0.058935
vt 0.902175 0.047129
vt 0.837255 0.130929
vt 0.836011 0.144592
vt 0.928469 0.070269
vt 0.934580 0.051952
vt 0.933737 0.060185
vt 0.948156 0.732838
vt 0.950053 0.753117
vt 0.948423 0.768727
vt 0.950291 0.762695
vt 0.915093 0.731519
vt 0.670618 0.508234
vt 0.672599 0.505141
vt 0.832919 0.132250
vt 0.830374 0.134972
vt 0.775526 0.421776
vt 0.782040 0.424574
vt 0.769105 0.427168
vt 0.792321 0.421774
vt 0.938906 0.054073
vt 0.759389 0.427290
vt 0.082540 0.912615
vt 0.082540 0.958100
vt 0.082338 0.937126
vt 0.717351 0.383187
vt 0.704564 0.402759
vt 0.697404 0.405386
vt 0.698262 0.681055
vt 0.695230 0.686938
vt 0.700123 0.669887
vt 0.712014 0.670917
vt 0.702360 0.683730
vt 0.712380 0.659326
vt 0.702877 0.644269
vt 0.721630 0.648899
vt 0.701151 0.660296
vt 0.715851 0.660772
vt 0.768982 0.968209
vt 0.776249 0.973885
vt 0.765919 0.973620
vt 0.762416 0.941998
vt 0.767079 0.941588
vt 0.780956 0.968773
vt 0.781932 0.973045
vt 0.054949 0.804959
vt 0.060894 0.807264
vt 0.060310 0.828126
vt 0.058163 0.820447
vt 0.983246 0.941805
vt 0.978656 0.946444
vt 0.978656 0.925455
vt 0.047149 0.819236
vt 0.038827 0.813467
vt 0.654695 0.498220
vt 0.658141 0.526113
vt 0.188734 0.861579
vt 0.193596 0.874945
vt 0.852369 0.328555
vt 0.846882 0.327847
vt 0.792660 0.256676
vt 0.796066 0.330477
vt 0.793468 0.341275
vt 0.031642 0.587994
vt 0.888979 0.157104
vt 0.885646 0.163275
vt 0.015155 0.582947
vt 0.009676 0.568881
vt 0.006526 0.556888
vt 0.889551 0.169063
vt 0.832982 0.158540
vt 0.837727 0.161299
vt 0.735616 0.376395
vt 0.696143 0.698737
vt 0.700846 0.702669
vt 0.731158 0.688003
vt 0.720720 0.385171
vt 0.735094 0.371707
vt 0.691496 0.707073
vt 0.763244 0.707129
vt 0.762582 0.700292
vt 0.775411 0.939246
vt 0.501414 0.937050
vt 0.498019 0.940434
vt 0.497213 0.935181
vt 0.776672 0.967816
vt 0.782875 0.939793
vt 0.785548 0.969993
vt 0.050440 0.824393
vt 0.764220 0.937169
vt 0.052456 0.831465
vt 0.058822 0.840086
vt 0.051813 0.837282
vt 0.785548 0.935660
vt 0.777136 0.935499
vt 0.045292 0.845339
vt 0.053172 0.844015
vt 0.063613 0.846858
vt 0.059729 0.858028
vt 0.978269 0.433889
vt 0.978269 0.416041
vt 0.982444 0.416302
vt 0.958562 0.256676
vt 0.926764 0.260333
vt 0.923672 0.257970
vt 0.891552 0.918319
vt 0.889482 0.916010
vt 0.921058 0.919634
vt 0.139731 0.863074
vt 0.919216 0.969073
vt 0.923992 0.916727
vt 0.922367 0.969042
vt 0.141335 0.859485
vt 0.852926 0.340578
vt 0.799211 0.341571
vt 0.888574 0.968933
vt 0.798906 0.344770
vt 0.852819 0.343525
vt 0.641671 0.936745
vt 0.135482 0.863753
vt 0.137608 0.857284
vt 0.072193 0.602425
vt 0.889791 0.973177
vt 0.922016 0.973104
vt 0.883597 0.973713
vt 0.036582 0.593178
vt 0.035251 0.585918
vt 0.039658 0.591299
vt 0.887560 0.975954
vt 0.923992 0.975949
vt 0.023881 0.601549
vt 0.016943 0.595641
vt 0.888808 0.180093
vt 0.884520 0.180106
vt 0.837678 0.176845
vt 0.832886 0.177617
vt 0.837371 0.190398
vt 0.833567 0.194772
vt 0.830248 0.179318
vt 0.670702 0.553203
vt 0.672465 0.533299
vt 0.673526 0.551002
vt 0.778689 0.361816
vt 0.751902 0.368236
vt 0.752425 0.363335
vt 0.691702 0.719318
vt 0.687065 0.724552
vt 0.686694 0.734288
vt 0.680299 0.742716
vt 0.692251 0.728185
vt 0.774229 0.357775
vt 0.600265 0.731802
vt 0.595723 0.729257
vt 0.598611 0.721163
vt 0.063768 0.867489
vt 0.059811 0.873119
vt 0.054788 0.872751
vt 0.046109 0.849231
vt 0.055019 0.858621
vt 0.652063 0.571242
vt 0.655587 0.549715
vt 0.033508 0.625257
vt 0.025509 0.613940
vt 0.834623 0.590119
vt 0.839320 0.583888
vt 0.839092 0.595678
vt 0.885575 0.207334
vt 0.889195 0.195742
vt 0.888909 0.213948
vt 0.885417 0.195218
vt 0.837916 0.206995
vt 0.833827 0.213293
vt 0.830797 0.203022
vt 0.831590 0.221108
vt 0.837838 0.223965
vt 0.885346 0.222031
vt 0.801579 0.358140
vt 0.813049 0.357938
vt 0.606679 0.758022
vt 0.598985 0.779761
vt 0.597079 0.758603
vt 0.623552 0.780403
vt 0.611116 0.770129
vt 0.188644 0.940217
vt 0.193116 0.970112
vt 0.186306 0.971602
vt 0.597316 0.745243
vt 0.612084 0.746289
vt 0.179042 0.970674
vt 0.190958 0.976184
vt 0.175008 0.972785
vt 0.057822 0.897809
vt 0.063873 0.893730
vt 0.063416 0.910844
vt 0.981874 0.197568
vt 0.985484 0.211488
vt 0.981874 0.219348
vt 0.582262 0.734184
vt 0.585908 0.725616
vt 0.585347 0.744827
vt 0.059681 0.886304
vt 0.642138 0.599550
vt 0.661085 0.597234
vt 0.654713 0.611424
vt 0.095685 0.677830
vt 0.063417 0.656291
vt 0.045454 0.636576
vt 0.054081 0.646904
vt 0.051227 0.650469
vt 0.058665 0.659138
vt 0.832412 0.603311
vt 0.836495 0.601713
vt 0.836337 0.609106
vt 0.042071 0.639443
vt 0.831925 0.616334
vt 0.834803 0.621844
vt 0.782874 0.612695
vt 0.781581 0.631557
vt 0.832815 0.632079
vt 0.636287 0.638346
vt 0.646994 0.623369
vt 0.640410 0.638541
vt 0.884768 0.235129
vt 0.837721 0.235934
vt 0.831584 0.234028
vt 0.835086 0.243230
vt 0.830900 0.244510
vt 0.834396 0.250357
vt 0.578988 0.807686
vt 0.582964 0.808872
vt 0.181077 0.941245
vt 0.174100 0.941732
vt 0.211140 0.944826
vt 0.198684 0.969042
vt 0.204498 0.943389
vt 0.570440 0.777453
vt 0.582702 0.784265
vt 0.575898 0.784617
vt 0.575131 0.796524
vt 0.186080 0.937456
vt 0.174156 0.937296
vt 0.600606 0.652548
vt 0.575132 0.665216
vt 0.595025 0.652718
vt 0.569488 0.803434
vt 0.565433 0.806903
vt 0.582401 0.760371
vt 0.582053 0.746013
vt 0.953230 0.353676
vt 0.957491 0.364322
vt 0.953230 0.369786
vt 0.587883 0.754130
vt 0.581298 0.771971
vt 0.985521 0.762917
vt 0.988787 0.754077
vt 0.988787 0.771989
vt 0.109902 0.692062
vt 0.140152 0.702179
vt 0.827667 0.693620
vt 0.826663 0.710357
vt 0.107600 0.688165
vt 0.095721 0.684345
vt 0.829354 0.677198
vt 0.832703 0.676044
vt 0.834807 0.688473
vt 0.832651 0.692114
vt 0.073059 0.666489
vt 0.085712 0.678080
vt 0.078706 0.673756
vt 0.068774 0.666925
vt 0.829787 0.661871
vt 0.833372 0.644430
vt 0.833221 0.656242
vt 0.833878 0.664383
vt 0.830480 0.645578
vt 0.784725 0.710654
vt 0.780932 0.693314
vt 0.779979 0.678262
vt 0.781519 0.661966
vt 0.778515 0.695773
vt 0.591747 0.681823
vt 0.569985 0.689703
vt 0.596915 0.675339
vt 0.620065 0.655855
vt 0.630568 0.650284
vt 0.780662 0.646131
vt 0.574957 0.667014
vt 0.945209 0.237896
vt 0.943779 0.249635
vt 0.899589 0.237721
vt 0.343949 0.214938
vt 0.523193 0.895592
vt 0.520888 0.918462
vt 0.510614 0.910604
vt 0.331016 0.216365
vt 0.332413 0.177338
vt 0.328223 0.210440
vt 0.271596 0.833865
vt 0.508269 0.896067
vt 0.272832 0.804238
vt 0.945015 0.211565
vt 0.902225 0.211461
vt 0.984440 0.456968
vt 0.984440 0.439457
vt 0.988700 0.443036
vt 0.324214 0.238821
vt 0.346584 0.219537
vt 0.340816 0.231178
vt 0.509082 0.866322
vt 0.523140 0.876376
vt 0.508824 0.877249
vt 0.940325 0.551694
vt 0.942894 0.567775
vt 0.937871 0.565975
vt 0.324013 0.222633
vt 0.939442 0.578320
vt 0.896247 0.202322
vt 0.895987 0.211209
vt 0.902280 0.199632
vt 0.320686 0.231116
vt 0.520507 0.890718
vt 0.690409 0.126916
vt 0.696115 0.137432
vt 0.699703 0.156582
vt 0.699744 0.138303
vt 0.696751 0.127186
vt 0.637787 0.142637
vt 0.644950 0.157427
vt 0.641027 0.156286
vt 0.638571 0.154701
vt 0.633371 0.123394
vt 0.269068 0.845438
vt 0.273403 0.842646
vt 0.923992 0.909802
vt 0.632369 0.134757
vt 0.738595 0.988274
vt 0.738595 0.978382
vt 0.741062 0.986012
vt 0.901667 0.185431
vt 0.943537 0.199566
vt 0.898948 0.171362
vt 0.510725 0.855305
vt 0.522531 0.865481
vt 0.340188 0.239781
vt 0.331389 0.251598
vt 0.896278 0.189324
vt 0.916314 0.873906
vt 0.850292 0.870569
vt 0.691437 0.116655
vt 0.508527 0.843014
vt 0.522839 0.846140
vt 0.681894 0.101873
vt 0.688239 0.104881
vt 0.659433 0.068219
vt 0.921617 0.877476
vt 0.628707 0.123802
vt 0.623201 0.108964
vt 0.622753 0.102201
vt 0.919074 0.865402
vt 0.921808 0.866067
vt 0.902201 0.157816
vt 0.895548 0.173028
vt 0.314899 0.254545
vt 0.308024 0.257924
vt 0.304300 0.270254
vt 0.521089 0.821592
vt 0.524394 0.818313
vt 0.523723 0.833138
vt 0.521249 0.808666
vt 0.510827 0.827065
vt 0.523626 0.809417
vt 0.896206 0.158839
vt 0.896540 0.147361
vt 0.299502 0.269289
vt 0.293099 0.280512
vt 0.920336 0.830176
vt 0.521271 0.835239
vt 0.681759 0.093600
vt 0.673810 0.087166
vt 0.507904 0.816091
vt 0.507888 0.830027
vt 0.674742 0.081535
vt 0.509331 0.807115
vt 0.615302 0.104050
vt 0.978804 0.842839
vt 0.978804 0.887987
vt 0.978656 0.869455
vt 0.921757 0.855388
vt 0.919606 0.849935
vt 0.922773 0.842496
vt 0.922477 0.837455
vt 0.585908 0.074699
vt 0.607588 0.090939
vt 0.598634 0.087333
vt 0.593584 0.085100
vt 0.580469 0.076720
vt 0.901674 0.117705
vt 0.521073 0.795958
vt 0.523453 0.793291
vt 0.523209 0.783158
vt 0.899577 0.130943
vt 0.902311 0.143893
vt 0.281825 0.290887
vt 0.291843 0.277964
vt 0.287526 0.291650
vt 0.300736 0.295461
vt 0.300248 0.300747
vt 0.291925 0.307462
vt 0.895937 0.119361
vt 0.896488 0.125370
vt 0.897136 0.108468
vt 0.275661 0.293560
vt 0.266504 0.305347
vt 0.895989 0.104663
vt 0.902003 0.105443
vt 0.922376 0.810088
vt 0.670510 0.811880
vt 0.670166 0.823645
vt 0.671609 0.797843
vt 0.670235 0.073750
vt 0.661759 0.063457
vt 0.508321 0.793853
vt 0.647518 0.055380
vt 0.508470 0.777578
vt 0.520449 0.775697
vt 0.655528 0.057057
vt 0.650413 0.051443
vt 0.627461 0.038805
vt 0.639263 0.046099
vt 0.567357 0.069768
vt 0.674438 0.824241
vt 0.673634 0.812440
vt 0.548031 0.060389
vt 0.555242 0.067286
vt 0.668055 0.787356
vt 0.673956 0.777755
vt 0.674665 0.797127
vt 0.520066 0.064183
vt 0.539454 0.063335
vt 0.901980 0.090699
vt 0.943624 0.080209
vt 0.580094 0.865093
vt 0.539964 0.875726
vt 0.538448 0.842978
vt 0.539376 0.858488
vt 0.524043 0.772929
vt 0.285205 0.315036
vt 0.273523 0.322544
vt 0.279185 0.315737
vt 0.267212 0.309666
vt 0.929560 0.981310
vt 0.931643 0.984254
vt 0.929560 0.989010
vt 0.258463 0.306913
vt 0.244489 0.319342
vt 0.228102 0.327673
vt 0.511488 0.744476
vt 0.520990 0.748335
vt 0.522516 0.762888
vt 0.259872 0.327107
vt 0.522578 0.737654
vt 0.523128 0.750116
vt 0.895799 0.094648
vt 0.249190 0.312725
vt 0.243292 0.315831
vt 0.533302 0.852494
vt 0.534097 0.871098
vt 0.530578 0.877206
vt 0.530369 0.851987
vt 0.535239 0.828163
vt 0.531187 0.842739
vt 0.510780 0.763783
vt 0.639708 0.042236
vt 0.631956 0.036548
vt 0.589137 0.018082
vt 0.614007 0.028852
vt 0.508051 0.754980
vt 0.620807 0.029008
vt 0.507875 0.742547
vt 0.508281 0.733592
vt 0.561127 0.011055
vt 0.519450 0.059294
vt 0.262296 0.329986
vt 0.251589 0.335372
vt 0.234957 0.338325
vt 0.242366 0.339832
vt 0.236117 0.340982
vt 0.515269 0.727543
vt 0.521935 0.718317
vt 0.522571 0.727186
vt 0.232216 0.920685
vt 0.241328 0.911134
vt 0.244801 0.926646
vt 0.220526 0.345578
vt 0.201947 0.330715
vt 0.194928 0.336491
vt 0.202947 0.347347
vt 0.242041 0.892382
vt 0.243977 0.906171
vt 0.531292 0.805500
vt 0.205816 0.349344
vt 0.183754 0.349651
vt 0.239719 0.891196
vt 0.241450 0.870726
vt 0.237719 0.864513
vt 0.228491 0.881598
vt 0.239466 0.863653
vt 0.226694 0.863496
vt 0.612428 0.023806
vt 0.508047 0.724578
vt 0.510038 0.712083
vt 0.602935 0.019270
vt 0.507492 0.711920
vt 0.588454 0.013660
vt 0.227506 0.905920
vt 0.229792 0.919271
vt 0.225936 0.891497
vt 0.229438 0.899036
vt 0.531263 0.007005
vt 0.558994 0.006099
vt 0.224654 0.863604
vt 0.211770 0.713352
vt 0.139151 0.721407
vt 0.269809 0.869638
vt 0.285861 0.869139
vt 0.287465 0.932163
vt 0.054878 0.790058
vt 0.269993 0.931991
vt 0.010535 0.790475
vt 0.017150 0.197692
vt 0.020763 0.192948
vt 0.005875 0.785881
vt 0.959593 0.441928
vt 0.969687 0.458162
vt 0.971954 0.458996
vt 0.763813 0.633452
vt 0.761367 0.622204
vt 0.356562 0.154139
vt 0.955703 0.451872
vt 0.361967 0.140265
vt 0.065609 0.948452
vt 0.068545 0.952155
vt 0.050248 0.955818
vt 0.981867 0.984577
vt 0.978656 0.989733
vt 0.978656 0.983455
vt 0.875569 0.923957
vt 0.871294 0.921197
vt 0.873540 0.916010
vt 0.072888 0.940158
vt 0.076495 0.941224
vt 0.068400 0.940767
vt 0.057162 0.950665
vt 0.058144 0.931724
vt 0.063333 0.943947
vt 0.980027 0.978023
vt 0.056457 0.917224
vt 0.744238 0.969413
vt 0.750222 0.940800
vt 0.750638 0.969535
vt 0.745167 0.972814
vt 0.737865 0.970378
vt 0.013558 0.805046
vt 0.071689 0.965195
vt 0.075568 0.978110
vt 0.070423 0.977187
vt 0.067167 0.963154
vt 0.063802 0.992008
vt 0.061313 0.916412
vt 0.050248 0.922256
vt 0.034591 0.816018
vt 0.042188 0.818087
vt 0.076495 0.961386
vt 0.057499 0.961386
vt 0.096343 0.979273
vt 0.100091 0.981901
vt 0.096343 0.986212
vt 0.263734 0.903980
vt 0.267078 0.887984
vt 0.253894 0.932163
vt 0.858858 0.929970
vt 0.866235 0.925828
vt 0.500797 0.887046
vt 0.487618 0.899297
vt 0.487618 0.868612
vt 0.858693 0.925346
vt 0.850543 0.926424
vt 0.009525 0.815138
vt 0.006472 0.814646
vt 0.020559 0.818758
vt 0.003947 0.205874
vt 0.007710 0.219479
vt 0.959335 0.471367
vt 0.970106 0.478633
vt 0.972653 0.473092
vt 0.014417 0.231400
vt 0.025696 0.229455
vt 0.979435 0.542552
vt 0.978269 0.521426
vt 0.979435 0.489720
vt 0.769014 0.668970
vt 0.765804 0.666629
vt 0.765952 0.650654
vt 0.422181 0.127083
vt 0.423697 0.134280
vt 0.417732 0.148028
vt 0.957438 0.458873
vt 0.361311 0.128631
vt 0.356211 0.146871
vt 0.956658 0.477793
vt 0.959493 0.482798
vt 0.498559 0.946607
vt 0.492302 0.941405
vt 0.491207 0.957523
vt 0.494285 0.950111
vt 0.495765 0.957632
vt 0.848739 0.931669
vt 0.844888 0.919575
vt 0.386731 0.986641
vt 0.386731 0.980338
vt 0.390515 0.985942
vt 0.746178 0.938969
vt 0.733051 0.968772
vt 0.738622 0.938188
vt 0.727516 0.967561
vt 0.729236 0.938721
vt 0.987024 0.036528
vt 0.982497 0.018474
vt 0.987389 0.023781
vt 0.991746 0.034377
vt 0.995560 0.008321
vt 0.988660 0.004214
vt 0.524394 0.938866
vt 0.523641 0.947285
vt 0.750638 0.936124
vt 0.733180 0.936783
vt 0.991254 0.946444
vt 0.988814 0.939551
vt 0.991254 0.931527
vt 0.016812 0.841570
vt 0.023845 0.843232
vt 0.030418 0.845666
vt 0.844888 0.952346
vt 0.864820 0.951805
vt 0.763357 0.686603
vt 0.743528 0.681220
vt 0.007471 0.826349
vt 0.027601 0.220895
vt 0.032454 0.231813
vt 0.018773 0.827998
vt 0.009380 0.828466
vt 0.743320 0.934361
vt 0.017110 0.835114
vt 0.021076 0.837347
vt 0.090775 0.987999
vt 0.088108 0.983810
vt 0.090775 0.979273
vt 0.007676 0.847867
vt 0.034846 0.249377
vt 0.042308 0.251690
vt 0.041360 0.258444
vt 0.972609 0.488776
vt 0.970730 0.499783
vt 0.012176 0.234559
vt 0.019491 0.251148
vt 0.767454 0.684170
vt 0.769802 0.700960
vt 0.766850 0.696996
vt 0.436047 0.104814
vt 0.445717 0.102119
vt 0.437494 0.109682
vt 0.386966 0.084049
vt 0.959725 0.499842
vt 0.957030 0.496408
vt 0.367216 0.110890
vt 0.366888 0.121784
vt 0.957249 0.508755
vt 0.962073 0.514120
vt 0.758270 0.720947
vt 0.013626 0.870138
vt 0.023049 0.849178
vt 0.010872 0.858196
vt 0.670394 0.721845
vt 0.600162 0.712640
vt 0.670989 0.711920
vt 0.671283 0.735308
vt 0.007658 0.865550
vt 0.052904 0.267483
vt 0.054308 0.272333
vt 0.970637 0.529100
vt 0.971314 0.516266
vt 0.972257 0.523130
vt 0.028901 0.272194
vt 0.030718 0.267348
vt 0.034518 0.279238
vt 0.057411 0.281563
vt 0.972701 0.506541
vt 0.758049 0.730905
vt 0.762141 0.716706
vt 0.453185 0.087936
vt 0.464646 0.084338
vt 0.452265 0.094515
vt 0.673600 0.720586
vt 0.475660 0.073369
vt 0.478133 0.076388
vt 0.957089 0.528275
vt 0.376668 0.091229
vt 0.377628 0.099989
vt 0.382217 0.081649
vt 0.957600 0.538516
vt 0.392127 0.073572
vt 0.372473 0.099432
vt 0.641291 0.773526
vt 0.637207 0.772946
vt 0.642533 0.762617
vt 0.256680 0.980598
vt 0.253894 0.990256
vt 0.253894 0.978117
vt 0.985002 0.656916
vt 0.970301 0.661794
vt 0.973669 0.656434
vt 0.989002 0.658630
vt 0.619077 0.944097
vt 0.616658 0.947586
vt 0.608054 0.945033
vt 0.989002 0.649381
vt 0.982727 0.651931
vt 0.604847 0.945392
vt 0.608413 0.959720
vt 0.603060 0.974206
vt 0.976891 0.655294
vt 0.974963 0.626927
vt 0.229548 0.975433
vt 0.223549 0.975549
vt 0.223587 0.945967
vt 0.988896 0.851084
vt 0.988622 0.860265
vt 0.984372 0.847149
vt 0.849483 0.010547
vt 0.853173 0.002784
vt 0.853173 0.018814
vt 0.216706 0.944263
vt 0.206655 0.940039
vt 0.580606 0.899744
vt 0.575340 0.898327
vt 0.583936 0.896159
vt 0.237848 0.975567
vt 0.233153 0.979455
vt 0.263423 0.969489
vt 0.267166 0.959765
vt 0.271310 0.972549
vt 0.261081 0.942721
vt 0.258169 0.972509
vt 0.543498 0.722332
vt 0.541412 0.735044
vt 0.010700 0.884929
vt 0.055097 0.885661
vt 0.541633 0.711920
vt 0.646499 0.759328
vt 0.672216 0.757290
vt 0.671282 0.774841
vt 0.642842 0.747302
vt 0.625644 0.739230
vt 0.672633 0.746361
vt 0.641064 0.752391
vt 0.069149 0.292953
vt 0.071657 0.290029
vt 0.079535 0.296909
vt 0.535893 0.729141
vt 0.534916 0.738482
vt 0.087701 0.308785
vt 0.082861 0.298294
vt 0.091193 0.304861
vt 0.064248 0.281308
vt 0.007806 0.881470
vt 0.006913 0.891562
vt 0.068637 0.310470
vt 0.048126 0.293389
vt 0.054318 0.301867
vt 0.041117 0.285982
vt 0.959670 0.543634
vt 0.969955 0.543126
vt 0.242589 0.715393
vt 0.245494 0.711337
vt 0.245457 0.719024
vt 0.240426 0.726232
vt 0.244513 0.727243
vt 0.969342 0.555640
vt 0.493413 0.064317
vt 0.673869 0.734805
vt 0.489342 0.072426
vt 0.674731 0.757054
vt 0.988171 0.481339
vt 0.984755 0.481289
vt 0.984440 0.472615
vt 0.988171 0.462536
vt 0.459257 0.022027
vt 0.959058 0.553465
vt 0.959068 0.564729
vt 0.402501 0.063250
vt 0.410582 0.050947
vt 0.431008 0.037891
vt 0.956443 0.551436
vt 0.955593 0.564575
vt 0.388234 0.072528
vt 0.398677 0.061682
vt 0.227714 0.946944
vt 0.619077 0.973038
vt 0.611771 0.974320
vt 0.982187 0.625592
vt 0.612727 0.978474
vt 0.616918 0.977346
vt 0.536833 0.807515
vt 0.946512 0.367723
vt 0.947662 0.353676
vt 0.947662 0.396738
vt 0.598094 0.977408
vt 0.593970 0.975250
vt 0.596532 0.972373
vt 0.208599 0.970933
vt 0.582037 0.926129
vt 0.229077 0.944236
vt 0.234690 0.943317
vt 0.240205 0.947331
vt 0.245494 0.946111
vt 0.245494 0.976169
vt 0.272039 0.937730
vt 0.277560 0.939290
vt 0.273562 0.941873
vt 0.266871 0.942232
vt 0.255485 0.943431
vt 0.258464 0.938852
vt 0.240973 0.941897
vt 0.547229 0.774820
vt 0.551875 0.775621
vt 0.543546 0.783874
vt 0.223906 0.942353
vt 0.538672 0.762185
vt 0.253894 0.937730
vt 0.565075 0.773778
vt 0.540040 0.746767
vt 0.532775 0.787236
vt 0.533543 0.768481
vt 0.530742 0.768007
vt 0.544180 0.790276
vt 0.546885 0.800991
vt 0.529962 0.789052
vt 0.116052 0.324980
vt 0.118286 0.321546
vt 0.138560 0.327789
vt 0.533774 0.745986
vt 0.533148 0.758060
vt 0.109268 0.315185
vt 0.098035 0.309356
vt 0.077498 0.321786
vt 0.086943 0.323606
vt 0.087423 0.328263
vt 0.225367 0.760676
vt 0.239347 0.761241
vt 0.226460 0.771104
vt 0.062557 0.309805
vt 0.234525 0.741912
vt 0.242088 0.734869
vt 0.241055 0.744395
vt 0.069304 0.316103
vt 0.239892 0.752164
vt 0.445891 0.027009
vt 0.223958 0.775556
vt 0.430718 0.032188
vt 0.956307 0.571381
vt 0.229360 0.735388
vt 0.226142 0.750040
vt 0.415603 0.045122
vt 0.421124 0.039275
vt 0.152463 0.333800
vt 0.192456 0.331165
vt 0.146870 0.346774
vt 0.143782 0.349655
vt 0.176111 0.352045
vt 0.237614 0.831433
vt 0.233660 0.850521
vt 0.126433 0.342486
vt 0.129463 0.346315
vt 0.140691 0.347910
vt 0.109898 0.339118
vt 0.096590 0.331564
vt 0.237498 0.785600
vt 0.239919 0.781752
vt 0.237762 0.796216
vt 0.223938 0.796214
vt 0.117626 0.342607
vt 0.237479 0.804443
vt 0.238653 0.772163
vt 0.490176 0.011764
vt 0.498240 0.007318
vt 0.225860 0.830273
vt 0.498766 0.005221
vt 0.484069 0.008223
vt 0.474676 0.014486
vt 0.223465 0.804681
vt 0.236776 0.816760
vt 0.223702 0.817256
vt 0.222314 0.831409
vt 0.455566 0.018214
vt 0.463841 0.014839
vt 0.223889 0.787498
vt 0.282915 0.389573
vt 0.406070 0.405623
vt 0.301610 0.406419
vt 0.076201 0.907047
vt 0.427415 0.946421
vt 0.359791 0.462022
vt 0.338288 0.458287
vt 0.788149 0.060464
vt 0.835548 0.865975
vt 0.752335 0.800723
vt 0.587274 0.976085
vt 0.263500 0.716790
vt 0.438110 0.955821
vt 0.255273 0.716896
vt 0.442152 0.957829
vt 0.278428 0.464501
vt 0.281480 0.463707
vt 0.274597 0.467047
vt 0.344308 0.713305
vt 0.578471 0.972026
vt 0.299683 0.945313
vt 0.348556 0.909851
vt 0.350414 0.943455
vt 0.431733 0.797731
vt 0.859127 0.257859
vt 0.709470 0.149033
vt 0.481445 0.813336
vt 0.762812 0.984502
vt 0.758946 0.986060
vt 0.758946 0.979453
vt 0.916758 0.256676
vt 0.297631 0.910811
vt 0.350643 0.514371
vt 0.255908 0.797421
vt 0.479646 0.843938
vt 0.481919 0.827804
vt 0.748339 0.344770
vt 0.802810 0.949504
vt 0.902309 0.529874
vt 0.413968 0.987253
vt 0.413968 0.980338
vt 0.417248 0.983939
vt 0.791210 0.508864
vt 0.362076 0.935947
vt 0.435165 0.859052
vt 0.349998 0.568032
vt 0.978269 0.484152
vt 0.978269 0.439457
vt 0.978872 0.479587
vt 0.966016 0.325142
vt 0.976572 0.338196
vt 0.477906 0.859112
vt 0.849314 0.792154
vt 0.899801 0.804520
vt 0.783475 0.325331
vt 0.721948 0.939927
vt 0.985003 0.519585
vt 0.987091 0.529879
vt 0.985003 0.542552
vt 0.758216 0.323490
vt 0.958307 0.777292
vt 0.476333 0.874616
vt 0.716945 0.934361
vt 0.822477 0.499006
vt 0.359740 0.891643
vt 0.466720 0.361090
vt 0.500796 0.991396
vt 0.500796 0.976192
vt 0.503475 0.985341
vt 0.700573 0.808211
vt 0.944474 0.004988
vt 0.578471 0.988505
vt 0.574682 0.981878
vt 0.578471 0.977594
vt 0.915190 0.720015
vt 0.804559 0.808594
vt 0.570516 0.392446
vt 0.360784 0.777859
vt 0.413785 0.776416
vt 0.415880 0.767475
vt 0.923253 0.629966
vt 0.410054 0.735842
vt 0.111487 0.989141
vt 0.109511 0.980441
vt 0.111487 0.979273
vt 0.834980 0.025047
vt 0.193171 0.778811
vt 0.051703 0.711337
vt 0.061039 0.718801
vt 0.057526 0.720404
vt 0.912582 0.602874
vt 0.356993 0.724958
vt 0.356211 0.711920
vt 0.415286 0.974770
vt 0.733084 0.323996
vt 0.726191 0.318072
vt 0.379138 0.947422
vt 0.801019 0.935498
vt 0.376991 0.959418
vt 0.198964 0.759638
vt 0.680299 0.584910
vt 0.684931 0.583888
vt 0.214230 0.740847
vt 0.064747 0.726421
vt 0.064279 0.753672
vt 0.983641 0.302741
vt 0.166975 0.507495
vt 0.152949 0.525540
vt 0.044680 0.919750
vt 0.501654 0.715496
vt 0.964906 0.300099
vt 0.895520 0.004379
vt 0.990514 0.344880
vt 0.990514 0.362182
vt 0.988316 0.353360
vt 0.840049 0.080519
vt 0.830649 0.082267
vt 0.064366 0.774961
vt 0.237891 0.013343
vt 0.197532 0.003063
vt 0.578167 0.343973
vt 0.976152 0.163452
vt 0.254173 0.807006
vt 0.267618 0.027746
vt 0.986010 0.494150
vt 0.277554 0.035057
vt 0.737535 0.898899
vt 0.690130 0.927015
vt 0.302973 0.057814
vt 0.297942 0.057244
vt 0.281098 0.064244
vt 0.737596 0.913344
vt 0.739187 0.918038
vt 0.608077 0.264169
vt 0.823441 0.110648
vt 0.324752 0.084874
vt 0.930253 0.430965
vt 0.301686 0.089064
vt 0.309272 0.099198
vt 0.679099 0.267584
vt 0.758946 0.915346
vt 0.273673 0.711516
vt 0.607826 0.258546
vt 0.272977 0.725958
vt 0.657974 0.914073
vt 0.944950 0.467498
vt 0.620709 0.244110
vt 0.824680 0.152426
vt 0.656165 0.937539
vt 0.669592 0.945380
vt 0.970445 0.943912
vt 0.641666 0.192923
vt 0.141519 0.005415
vt 0.141467 0.006692
vt 0.117901 0.012140
vt 0.975140 0.075343
vt 0.458382 0.338154
vt 0.405534 0.987251
vt 0.405534 0.980338
vt 0.408400 0.983879
vt 0.159640 0.937296
vt 0.135482 0.969528
vt 0.633998 0.944584
vt 0.643974 0.944096
vt 0.964737 0.731519
vt 0.962655 0.737182
vt 0.957798 0.731947
vt 0.647194 0.949617
vt 0.745111 0.859980
vt 0.722388 0.802225
vt 0.726613 0.795526
vt 0.971118 0.732070
vt 0.100750 0.020011
vt 0.161173 0.941470
vt 0.798023 0.837013
vt 0.647194 0.978199
vt 0.984707 0.292121
vt 0.957798 0.771067
vt 0.501654 0.817919
vt 0.495789 0.819913
vt 0.627468 0.984138
vt 0.791104 0.829695
vt 0.510160 0.289876
vt 0.135482 0.850389
vt 0.400885 0.297973
vt 0.885042 0.003020
vt 0.381829 0.272329
vt 0.376828 0.263342
vt 0.373100 0.248337
vt 0.372410 0.255999
vt 0.946941 0.845527
vt 0.314645 0.986941
vt 0.182631 0.780101
vt 0.316358 0.981432
vt 0.772700 0.979453
vt 0.772700 0.985422
vt 0.768381 0.980473
vt 0.316358 0.954964
vt 0.889952 0.019479
vt 0.294136 0.950881
vt 0.989020 0.966679
vt 0.989020 0.952012
vt 0.991306 0.961477
vt 0.376551 0.980366
vt 0.381163 0.980338
vt 0.381163 0.985760
vt 0.931862 0.837673
vt 0.942984 0.821687
vt 0.930516 0.821634
vt 0.135811 0.771510
vt 0.368380 0.249041
vt 0.365935 0.240860
vt 0.363488 0.232322
vt 0.982123 0.232351
vt 0.981873 0.224915
vt 0.984817 0.238726
vt 0.981873 0.240189
vt 0.984835 0.620024
vt 0.875569 0.981531
vt 0.027020 0.723121
vt 0.964906 0.344880
vt 0.982748 0.344880
vt 0.970923 0.363578
vt 0.167628 0.761042
vt 0.929560 0.810088
vt 0.135482 0.740585
vt 0.982840 0.250357
vt 0.362050 0.233164
vt 0.358656 0.220181
vt 0.023023 0.189689
vt 0.350643 0.869139
vt 0.110852 0.916382
vt 0.094511 0.913131
vt 0.110070 0.912615
vt 0.422816 0.890733
vt 0.902777 0.773604
vt 0.294113 0.875406
vt 0.293033 0.869139
vt 0.129914 0.973705
vt 0.089854 0.969564
vt 0.749746 0.921175
vt 0.749790 0.928603
vt 0.745111 0.925857
vt 0.957797 0.803876
vt 0.749790 0.911340
vt 0.457877 0.993012
vt 0.457646 0.984537
vt 0.978269 0.578320
vt 0.978269 0.548120
vt 0.994924 0.560289
vt 0.500958 0.906287
vt 0.499101 0.917070
vt 0.499101 0.904865
vt 0.335521 0.609848
vt 0.986762 0.147081
vt 0.981874 0.154913
vt 0.981874 0.136014
vt 0.438110 0.986368
vt 0.164832 0.559647
vt 0.905520 0.365057
vt 0.789746 0.245099
vt 0.937913 0.397404
vt 0.940707 0.353676
vt 0.949014 0.789598
vt 0.948323 0.802776
vt 0.380414 0.634583
vt 0.356211 0.626895
vt 0.364900 0.612817
vt 0.366164 0.641415
vt 0.940123 0.983412
vt 0.937211 0.987091
vt 0.937211 0.981310
vt 0.951797 0.798690
vt 0.801977 0.419950
vt 0.321279 0.634051
vt 0.315781 0.642488
vt 0.309764 0.647885
vt 0.814696 0.250357
vt 0.883450 0.410532
vt 0.844888 0.846243
vt 0.871462 0.393855
vt 0.281567 0.673650
vt 0.943598 0.130210
vt 0.444845 0.678880
vt 0.466438 0.685354
vt 0.904030 0.618534
vt 0.978656 0.837271
vt 0.978656 0.810088
vt 0.982497 0.833083
vt 0.903710 0.603609
vt 0.185305 0.705200
vt 0.900719 0.595530
vt 0.782481 0.772672
vt 0.848463 0.583888
vt 0.565638 0.695422
vt 0.501027 0.771735
vt 0.368964 0.897211
vt 0.370983 0.941798
vt 0.368964 0.943525
vt 0.153110 0.549838
vt 0.153768 0.540538
vt 0.160132 0.552436
vt 0.352367 0.985722
vt 0.500352 0.711920
vt 0.795999 0.260472
vt 0.498224 0.854212
vt 0.495661 0.863044
vt 0.842183 0.011001
vt 0.830248 0.014982
vt 0.830248 0.002784
vt 0.524394 0.985311
vt 0.520132 0.989669
vt 0.520132 0.976192
vt 0.900173 0.043473
vt 0.211255 0.931137
vt 0.647931 0.478087
vt 0.852926 0.258118
vt 0.173531 0.558342
vt 0.909598 0.746185
vt 0.912281 0.744409
vt 0.425913 0.972120
vt 0.909598 0.767968
vt 0.895520 0.057929
vt 0.070826 0.934294
vt 0.762851 0.970869
vt 0.204279 0.930791
vt 0.200317 0.914061
vt 0.204279 0.902715
vt 0.984902 0.793212
vt 0.980320 0.804329
vt 0.980320 0.783859
vt 0.922326 0.277969
vt 0.593994 0.929605
vt 0.865521 0.351673
vt 0.865521 0.348079
vt 0.867025 0.349897
vt 0.674731 0.531446
vt 0.990992 0.305954
vt 0.989700 0.315391
vt 0.989700 0.300100
vt 0.717688 0.684775
vt 0.491207 0.924030
vt 0.758946 0.937461
vt 0.771101 0.935515
vt 0.064747 0.824019
vt 0.985067 0.430960
vt 0.487618 0.904864
vt 0.493533 0.915887
vt 0.487618 0.916194
vt 0.959338 0.259520
vt 0.194749 0.857284
vt 0.138996 0.877799
vt 0.071204 0.599359
vt 0.011485 0.579932
vt 0.671274 0.568788
vt 0.666522 0.577961
vt 0.830667 0.159991
vt 0.696329 0.719675
vt 0.682399 0.747926
vt 0.593451 0.768225
vt 0.781492 0.979453
vt 0.781492 0.986737
vt 0.778268 0.983590
vt 0.192685 0.973933
vt 0.978656 0.952012
vt 0.983452 0.965638
vt 0.978656 0.972455
vt 0.593757 0.741284
vt 0.198684 0.939048
vt 0.210720 0.937296
vt 0.612215 0.753904
vt 0.786275 0.604410
vt 0.781516 0.622002
vt 0.646006 0.629475
vt 0.280534 0.945392
vt 0.167069 0.938003
vt 0.586169 0.779517
vt 0.193116 0.937393
vt 0.619321 0.634546
vt 0.630604 0.618874
vt 0.776160 0.718398
vt 0.775845 0.687951
vt 0.777940 0.662440
vt 0.618066 0.661047
vt 0.777579 0.634947
vt 0.577602 0.669321
vt 0.902516 0.250357
vt 0.524394 0.892751
vt 0.703068 0.158656
vt 0.269509 0.832870
vt 0.640677 0.170658
vt 0.899840 0.223491
vt 0.987448 0.904201
vt 0.988936 0.893555
vt 0.990223 0.903260
vt 0.522945 0.856032
vt 0.990223 0.911633
vt 0.336488 0.249226
vt 0.329913 0.260476
vt 0.315128 0.243052
vt 0.507222 0.854600
vt 0.621709 0.113635
vt 0.922320 0.889718
vt 0.321345 0.272578
vt 0.607613 0.096603
vt 0.603005 0.093434
vt 0.923992 0.822461
vt 0.673449 0.836588
vt 0.670020 0.842228
vt 0.670107 0.833367
vt 0.317187 0.280507
vt 0.307371 0.293335
vt 0.895520 0.131041
vt 0.271141 0.297754
vt 0.262078 0.304771
vt 0.901598 0.075837
vt 0.896008 0.088767
vt 0.535810 0.890189
vt 0.534245 0.882787
vt 0.542056 0.890591
vt 0.235131 0.319619
vt 0.222472 0.324032
vt 0.202854 0.328163
vt 0.507956 0.763996
vt 0.245494 0.920687
vt 0.239636 0.936328
vt 0.574248 0.009798
vt 0.530156 0.002784
vt 0.138577 0.711337
vt 0.005557 0.752308
vt 0.767450 0.633383
vt 0.415389 0.169453
vt 0.770277 0.654020
vt 0.723911 0.653562
vt 0.053120 0.933549
vt 0.068378 0.994503
vt 0.117055 0.986983
vt 0.119629 0.979273
vt 0.119629 0.988582
vt 0.061602 0.968330
vt 0.059696 0.963994
vt 0.496295 0.970624
vt 0.729438 0.972249
vt 0.995751 0.039481
vt 0.511440 0.950451
vt 0.979247 0.035957
vt 0.976741 0.032319
vt 0.981476 0.005580
vt 0.727560 0.935007
vt 0.959141 0.978901
vt 0.959141 0.986376
vt 0.954503 0.980117
vt 0.995751 0.004251
vt 0.023282 0.820486
vt 0.431066 0.120873
vt 0.006529 0.870583
vt 0.876968 0.018814
vt 0.869937 0.009882
vt 0.876968 0.007046
vt 0.026800 0.266536
vt 0.022306 0.260492
vt 0.286102 0.937730
vt 0.286416 0.947974
vt 0.286102 0.973975
vt 0.754600 0.730988
vt 0.957229 0.517692
vt 0.974120 0.670805
vt 0.975975 0.682200
vt 0.970301 0.682200
vt 0.222916 0.980699
vt 0.971571 0.641479
vt 0.626400 0.743582
vt 0.202877 0.976501
vt 0.202877 0.987370
vt 0.198684 0.984396
vt 0.634141 0.746828
vt 0.988896 0.842839
vt 0.847751 0.004691
vt 0.243572 0.979862
vt 0.587883 0.901838
vt 0.858741 0.018814
vt 0.858741 0.003369
vt 0.864370 0.012460
vt 0.214109 0.982747
vt 0.216706 0.976501
vt 0.216706 0.991363
vt 0.535879 0.725622
vt 0.972030 0.537180
vt 0.499519 0.066724
vt 0.551026 0.805936
vt 0.575340 0.926377
vt 0.271085 0.982406
vt 0.268121 0.989724
vt 0.268121 0.978117
vt 0.593451 0.969364
vt 0.444474 0.024319
vt 0.965159 0.571688
vt 0.957175 0.578320
vt 0.154806 0.330184
vt 0.223018 0.832259
vt 0.858494 0.348930
vt 0.859953 0.346985
vt 0.859953 0.351673
vt 0.471895 0.011695
s 1
usemtl right_elbow_outword_mat
f 9/1/1 3/2/2 8/3/3
f 8/4/3 3/5/2 38/6/4
f 6/7/5 5/8/6 7/9/7
f 9/1/1 8/3/3 5/8/6
f 10/10/8 8/4/3 38/6/4
f 13/11/9 11/12/10 12/13/11
f 7/9/7 11/12/10 13/11/9
f 14/14/12 11/15/10 5/16/13
f 9/1/1 15/17/14 4/18/15
f 18/19/16 15/17/14 9/1/1
f 6/7/5 7/9/7 23/20/17
f 7/9/7 13/11/9 19/21/18
f 22/22/19 21/23/20 25/24/21
f 15/17/14 2/25/22 4/18/15
f 16/26/23 2/25/22 15/17/14
f 22/22/19 15/27/14 21/23/20
f 45/28/24 20/29/25 22/22/19
f 22/22/19 20/29/25 15/27/14
f 17/30/26 6/7/5 23/20/17
f 18/19/16 6/7/5 17/30/26
f 25/31/21 17/30/26 24/32/27
f 25/31/21 18/19/16 17/30/26
f 25/31/21 21/33/20 18/19/16
f 23/20/17 19/21/18 277/34/28
f 277/34/28 26/35/29 23/20/17
f 25/36/21 24/37/27 28/38/30
f 28/38/30 24/37/27 26/39/29
f 2/25/22 34/40/31 1/41/32
f 36/42/33 37/43/34 34/40/31
f 35/44/35 37/45/34 29/46/36
f 38/6/4 35/44/35 32/47/37
f 36/42/33 30/48/38 37/43/34
f 30/49/38 31/50/39 37/51/34
f 38/6/4 1/52/40 35/44/35
f 41/53/41 2/25/22 16/26/23
f 40/54/42 30/48/38 39/55/43
f 40/56/42 39/57/43 42/58/44
f 44/59/45 42/58/44 43/60/46
f 44/59/45 68/61/47 42/58/44
f 41/53/41 16/26/23 20/62/25
f 46/63/48 41/53/41 45/64/24
f 39/55/43 36/42/33 41/53/41
f 43/60/46 46/65/48 45/66/24
f 42/67/44 39/55/43 46/63/48
f 43/60/46 42/58/44 46/65/48
f 47/68/49 43/69/46 45/70/24
f 48/71/50 47/72/49 51/73/51
f 47/68/49 22/74/19 50/75/52
f 51/73/51 50/76/52 56/77/53
f 51/73/51 47/72/49 50/76/52
f 52/78/54 51/79/51 56/80/53
f 53/81/55 48/82/50 51/79/51
f 56/77/53 50/76/52 27/83/56
f 56/77/53 27/83/56 54/84/57
f 57/85/58 54/86/57 55/87/59
f 58/88/60 27/89/56 28/90/30
f 54/86/57 27/89/56 58/88/60
f 55/87/59 54/86/57 59/91/61
f 61/92/62 62/93/63 60/94/64
f 32/47/37 31/95/39 60/96/64
f 33/97/65 64/98/66 31/50/39
f 61/92/62 60/94/64 64/98/66
f 32/47/37 63/99/67 112/100/68
f 32/47/37 112/100/68 10/10/8
f 61/101/62 33/102/65 65/103/69
f 115/104/70 67/105/71 44/59/45
f 44/59/45 67/105/71 68/61/47
f 70/106/72 115/104/70 44/59/45
f 71/107/73 70/106/72 69/108/74
f 120/109/75 70/106/72 71/107/73
f 69/108/74 47/72/49 48/71/50
f 74/110/76 69/108/74 48/71/50
f 49/111/77 74/112/76 48/82/50
f 71/107/73 69/108/74 74/110/76
f 75/113/78 71/107/73 74/110/76
f 78/114/79 76/115/80 133/116/81
f 76/117/80 80/118/82 77/119/83
f 86/120/84 90/121/85 91/122/86
f 94/123/87 91/124/86 90/125/88
f 95/126/89 90/127/90 88/128/91
f 94/123/87 96/129/92 97/130/93
f 85/131/94 86/120/84 98/132/95
f 99/133/96 85/134/94 98/135/95
f 87/136/97 91/122/86 92/137/98
f 138/138/99 100/139/100 103/140/101
f 101/141/102 102/142/103 62/93/63
f 103/140/101 100/139/100 102/142/103
f 104/143/104 102/144/105 100/145/106
f 104/143/104 100/145/106 105/146/107
f 108/147/108 107/148/109 109/149/110
f 110/150/111 112/100/68 107/151/109
f 108/152/112 92/137/98 93/153/113
f 110/154/111 108/152/108 93/153/114
f 111/155/115 94/123/87 97/130/93
f 103/156/101 101/157/102 66/158/116
f 150/159/117 114/160/118 115/104/70
f 113/161/119 103/156/101 66/158/116
f 116/162/120 113/161/119 66/158/116
f 150/159/117 116/162/120 114/160/118
f 118/163/121 117/164/122 120/109/75
f 72/165/123 120/109/75 71/107/73
f 117/164/122 70/106/72 120/109/75
f 121/166/124 118/163/121 120/109/75
f 132/167/125 134/168/126 122/169/127
f 125/170/128 134/171/126 77/119/83
f 126/172/129 134/168/126 128/173/130
f 129/174/131 128/175/132 125/170/128
f 130/176/133 128/177/130 159/178/134
f 131/179/135 130/180/133 638/181/136
f 129/174/131 159/182/137 128/175/132
f 77/183/83 132/167/125 76/115/80
f 123/184/138 132/167/125 122/169/127
f 84/185/139 125/170/128 77/119/83
f 169/186/140 129/174/131 84/185/139
f 169/186/140 84/185/139 372/187/141
f 88/128/91 85/188/142 135/189/143
f 135/190/144 85/191/94 89/192/145
f 90/127/90 173/193/146 136/194/147
f 88/128/91 170/195/148 173/193/146
f 140/196/149 139/197/150 141/198/151
f 63/99/67 104/143/104 143/199/152
f 106/200/153 143/199/152 144/201/154
f 109/149/110 144/202/154 145/203/155
f 145/203/155 99/204/96 109/149/110
f 112/100/68 110/150/111 147/205/156
f 110/150/111 146/206/157 147/205/156
f 151/207/158 113/161/119 150/159/117
f 113/161/119 148/208/159 138/209/99
f 151/207/158 148/208/159 113/161/119
f 151/207/158 149/210/160 148/208/159
f 149/210/160 142/211/161 148/208/159
f 118/163/121 154/212/162 117/164/122
f 156/213/163 154/212/162 118/163/121
f 119/214/164 156/213/163 118/163/121
f 152/215/165 150/159/117 154/212/162
f 155/216/166 157/217/167 154/212/162
f 156/213/163 155/216/166 154/212/162
f 168/218/168 162/219/169 159/182/137
f 162/219/169 165/220/170 166/221/171
f 160/222/172 162/223/169 166/224/171
f 167/225/173 160/222/172 166/224/171
f 209/226/174 165/220/170 168/218/168
f 168/218/168 159/182/137 129/174/131
f 209/226/174 168/218/168 129/174/131
f 210/227/175 209/226/174 129/174/131
f 96/228/92 136/229/176 172/230/177
f 136/194/147 173/193/146 174/231/178
f 172/230/177 136/229/176 174/232/179
f 97/233/93 172/230/177 176/234/180
f 172/230/177 175/235/181 176/234/180
f 178/236/182 141/198/151 177/237/183
f 142/238/161 177/237/183 141/198/151
f 179/239/184 177/237/183 142/238/161
f 178/236/182 177/237/183 221/240/185
f 137/241/186 145/203/155 908/242/187
f 146/243/157 97/233/93 176/234/180
f 112/100/68 231/244/188 230/245/189
f 181/246/190 230/245/189 182/247/191
f 189/248/192 187/249/193 191/250/194
f 191/251/194 188/252/195 190/253/196
f 192/254/197 190/253/196 188/252/195
f 186/255/198 191/250/194 185/256/199
f 195/257/200 149/210/160 152/215/165
f 153/258/201 195/257/200 152/215/165
f 195/257/200 196/259/202 184/260/203
f 202/261/204 252/262/205 197/263/206
f 200/264/207 202/261/204 201/265/208
f 202/261/204 189/248/192 186/255/198
f 202/261/204 186/255/198 252/262/205
f 203/266/209 153/258/201 157/217/167
f 207/267/210 208/268/211 206/269/212
f 648/270/213 208/268/211 207/267/210
f 167/225/173 166/224/171 208/268/211
f 166/224/171 165/271/170 208/268/211
f 210/227/175 260/272/214 209/226/174
f 197/273/206 211/274/215 210/227/175
f 169/186/140 213/275/216 210/227/175
f 213/275/216 169/186/140 212/276/217
f 199/277/218 213/275/216 212/276/217
f 201/278/208 210/227/175 213/275/216
f 216/279/219 170/280/148 171/281/220
f 174/231/178 173/193/146 219/282/221
f 219/282/221 173/193/146 218/283/222
f 174/232/179 219/284/223 220/285/224
f 179/239/184 221/240/185 177/237/183
f 222/286/225 221/240/185 224/287/226
f 105/146/107 178/288/182 906/289/227
f 227/290/228 145/203/155 144/202/154
f 144/201/154 143/199/152 180/291/229
f 146/243/157 175/235/181 228/292/230
f 147/205/156 228/293/230 229/294/231
f 112/100/68 147/205/156 910/295/232
f 182/296/191 230/297/189 234/298/233
f 183/299/234 234/298/233 193/300/235
f 234/301/233 230/245/189 236/302/236
f 235/303/237 234/298/233 236/304/238
f 237/305/239 236/306/238 233/307/240
f 237/305/239 233/307/240 238/308/241
f 236/302/236 231/244/188 232/309/242
f 233/307/240 236/306/238 232/310/243
f 241/311/244 240/312/245 185/313/199
f 243/314/246 241/311/244 190/253/196
f 240/315/245 242/316/247 244/317/248
f 246/318/249 234/298/233 235/303/237
f 248/319/250 235/320/237 237/305/239
f 248/321/251 247/322/252 246/323/253
f 248/321/251 243/314/246 247/322/252
f 238/324/254 243/314/246 248/321/251
f 196/259/202 239/325/255 184/260/203
f 249/326/256 251/327/257 196/259/202
f 249/326/256 153/258/201 203/266/209
f 203/266/209 255/328/258 249/326/256
f 256/329/259 255/328/258 203/266/209
f 257/330/260 255/328/258 256/329/259
f 259/331/261 207/267/210 206/269/212
f 261/332/262 207/267/210 259/331/261
f 260/272/214 259/333/261 206/334/212
f 209/226/174 260/272/214 206/334/212
f 197/335/206 252/336/205 265/337/263
f 265/337/263 252/336/205 253/338/264
f 12/339/11 14/14/12 268/340/265
f 268/340/265 10/10/8 269/341/266
f 266/342/267 12/13/11 271/343/268
f 266/342/267 271/343/268 270/344/269
f 12/339/11 268/340/265 271/345/268
f 270/344/269 271/343/268 272/346/270
f 272/347/270 271/345/268 269/341/266
f 272/347/270 269/341/266 274/348/271
f 275/349/272 272/350/270 274/351/271
f 275/349/272 274/351/271 276/352/273
f 266/342/267 267/353/274 277/34/28
f 13/11/9 266/342/267 277/34/28
f 278/354/275 270/344/269 279/355/276
f 279/355/276 270/344/269 273/356/277
f 273/356/277 275/357/272 285/358/278
f 281/359/279 277/34/28 278/354/275
f 281/359/279 26/35/29 277/34/28
f 282/360/280 26/35/29 281/359/279
f 282/360/280 281/359/279 279/355/276
f 282/360/280 279/355/276 284/361/281
f 284/361/281 283/362/282 282/360/280
f 286/363/283 283/362/282 284/361/281
f 285/358/278 286/363/283 284/361/281
f 287/364/284 285/358/278 280/365/285
f 287/364/284 286/363/283 285/358/278
f 302/366/286 286/367/283 287/368/284
f 287/369/284 280/370/285 299/371/287
f 28/38/30 26/39/29 288/372/288
f 283/373/282 288/372/288 26/39/29
f 317/374/289 283/373/282 286/367/283
f 274/348/271 269/341/266 289/375/290
f 276/376/273 289/375/290 290/377/291
f 276/376/273 290/377/291 291/378/292
f 292/379/293 276/352/273 291/380/292
f 294/381/294 292/379/293 291/380/292
f 291/378/292 290/377/291 293/382/295
f 294/383/294 293/382/295 295/384/296
f 295/384/296 293/382/295 296/385/297
f 295/384/296 296/385/297 298/386/298
f 297/387/299 295/388/300 298/389/301
f 292/379/293 294/381/294 300/390/302
f 280/370/285 292/379/293 299/371/287
f 287/369/284 299/371/287 303/391/303
f 303/391/303 299/371/287 300/390/302
f 303/391/303 300/390/302 304/392/304
f 305/393/305 303/394/303 304/395/304
f 301/396/306 300/390/302 297/387/299
f 301/396/306 305/397/305 304/392/304
f 288/398/288 58/88/60 28/90/30
f 307/399/307 306/400/308 288/398/288
f 307/399/307 309/401/309 306/400/308
f 310/402/310 309/401/309 307/399/307
f 317/403/289 307/399/307 288/398/288
f 316/404/311 310/402/310 307/399/307
f 316/404/311 307/399/307 315/405/312
f 315/405/312 317/403/289 318/406/313
f 316/407/314 312/408/315 310/409/316
f 320/410/317 319/411/318 321/412/319
f 314/413/320 312/408/315 316/407/314
f 320/414/321 322/415/322 316/407/314
f 349/416/323 314/413/320 322/415/322
f 324/417/324 286/367/283 302/366/286
f 324/417/324 325/418/325 317/374/289
f 326/419/326 318/406/313 325/420/325
f 324/417/324 328/421/327 325/418/325
f 325/422/325 328/423/327 329/424/328
f 327/425/329 325/426/325 329/427/328
f 289/375/290 181/246/190 293/382/295
f 298/386/298 296/385/297 330/428/330
f 298/386/298 330/428/330 331/429/331
f 332/430/332 298/389/301 331/431/333
f 333/432/334 330/428/330 293/382/295
f 331/429/331 330/428/330 334/433/335
f 335/434/336 331/431/333 334/435/337
f 336/436/338 297/387/299 332/430/332
f 301/396/306 337/437/339 305/397/305
f 336/436/338 335/434/336 338/438/340
f 336/436/338 338/438/340 339/439/341
f 340/440/342 337/441/339 339/442/341
f 342/443/343 313/444/344 312/408/315
f 343/445/345 342/443/343 312/408/315
f 343/445/345 312/408/315 314/413/320
f 342/443/343 341/446/346 313/444/344
f 344/447/347 80/448/82 81/449/348
f 345/450/349 344/447/347 346/451/350
f 346/451/350 81/449/348 82/452/351
f 343/445/345 345/453/349 342/443/343
f 345/450/349 351/454/352 344/447/347
f 348/455/353 84/185/139 80/118/82
f 350/456/354 322/457/322 323/458/355
f 350/456/354 349/459/323 322/457/322
f 349/416/323 347/460/356 343/445/345
f 350/456/354 347/461/356 349/459/323
f 352/462/357 351/454/352 345/450/349
f 347/463/356 352/462/357 345/450/349
f 353/464/358 348/455/353 344/465/347
f 351/454/352 354/466/359 353/467/358
f 355/468/360 351/469/352 352/470/357
f 329/471/328 328/472/327 357/473/361
f 358/474/362 329/427/328 357/475/361
f 359/476/363 357/475/361 328/477/327
f 360/478/364 357/475/361 359/476/363
f 293/382/295 181/246/190 333/432/334
f 334/433/335 333/432/334 361/479/365
f 361/479/365 333/432/334 362/480/366
f 361/479/365 362/480/366 363/481/367
f 363/481/367 362/480/366 365/482/368
f 364/483/369 361/484/365 365/485/368
f 365/482/368 366/486/370 367/487/371
f 364/483/369 365/485/368 367/488/372
f 368/489/373 335/434/336 361/484/365
f 361/484/365 364/483/369 369/490/374
f 368/489/373 340/491/342 339/439/341
f 354/492/359 373/493/375 353/494/358
f 353/464/358 372/187/141 348/455/353
f 373/495/375 375/496/376 372/187/141
f 376/497/377 375/496/376 373/495/375
f 374/498/378 376/499/377 373/493/375
f 377/500/379 376/499/377 374/498/378
f 376/497/377 378/501/380 375/496/376
f 375/496/376 382/502/381 372/187/141
f 378/501/380 382/502/381 375/496/376
f 379/503/382 380/504/383 378/505/380
f 360/478/364 359/476/363 383/506/384
f 383/506/384 359/476/363 384/507/385
f 386/508/386 383/506/384 384/507/385
f 413/509/387 340/440/342 371/510/388
f 384/507/385 385/511/389 386/508/386
f 333/432/334 425/512/390 362/480/366
f 367/487/371 366/486/370 390/513/391
f 366/486/370 362/480/366 389/514/392
f 390/513/391 389/514/392 391/515/393
f 392/516/394 390/517/395 391/518/393
f 364/483/369 390/517/395 394/519/396
f 369/490/374 364/483/369 394/519/396
f 396/520/397 371/521/388 394/522/396
f 396/523/397 397/524/398 395/525/399
f 169/186/140 372/187/141 382/502/381
f 444/526/400 446/527/401 169/186/140
f 399/528/402 381/529/403 380/504/383
f 399/528/402 400/530/404 381/529/403
f 381/531/403 398/532/405 382/502/381
f 400/533/404 398/532/405 381/531/403
f 402/534/406 401/535/407 399/528/402
f 405/536/408 401/535/407 402/534/406
f 401/535/407 407/537/409 400/530/404
f 403/538/410 404/539/411 405/540/412
f 406/541/413 398/532/405 400/533/404
f 407/537/409 406/542/413 400/530/404
f 405/536/408 407/537/409 401/535/407
f 408/543/414 404/539/411 409/544/415
f 404/539/411 408/543/414 410/545/416
f 452/546/417 410/545/416 412/547/418
f 385/548/389 413/509/387 414/549/419
f 415/550/420 386/508/386 414/551/419
f 415/552/421 409/544/415 388/553/422
f 408/543/414 409/544/415 415/552/421
f 417/554/423 414/551/419 416/555/424
f 415/550/420 414/551/419 417/554/423
f 415/552/421 411/556/425 408/543/414
f 417/557/426 412/547/418 415/552/421
f 413/509/387 396/558/397 420/559/427
f 412/547/418 417/557/426 421/560/428
f 452/546/417 412/547/418 421/560/428
f 453/561/429 452/546/417 421/560/428
f 422/562/430 453/563/429 421/564/428
f 424/565/431 181/246/190 182/247/191
f 474/566/432 181/246/190 424/565/431
f 391/515/393 393/567/433 426/568/434
f 393/567/433 389/514/392 427/569/435
f 426/568/434 427/569/435 429/570/436
f 431/571/437 435/572/438 188/252/195
f 432/573/439 434/574/440 431/575/437
f 434/576/440 435/572/438 431/571/437
f 433/577/441 436/578/442 434/574/440
f 436/579/442 435/572/438 434/576/440
f 435/572/438 194/580/443 192/254/197
f 433/577/441 437/581/444 436/578/442
f 436/579/442 496/582/445 435/572/438
f 392/516/394 428/583/446 438/584/447
f 428/585/446 429/586/436 438/587/447
f 432/588/439 187/249/193 439/589/448
f 440/590/449 439/591/448 445/592/450
f 440/590/449 433/577/441 432/573/439
f 440/590/449 432/573/439 439/591/448
f 442/593/451 433/577/441 440/590/449
f 395/525/399 443/594/452 396/523/397
f 438/587/447 429/586/436 504/595/453
f 212/596/454 439/589/448 198/597/455
f 169/186/140 445/598/456 212/276/217
f 446/527/401 447/599/457 445/598/456
f 444/526/400 448/600/458 446/527/401
f 410/545/416 449/601/459 405/540/412
f 450/602/460 407/537/409 405/536/408
f 453/563/429 449/603/459 452/604/417
f 456/605/461 450/606/460 449/603/459
f 456/607/461 407/537/409 450/602/460
f 453/563/429 456/605/461 449/603/459
f 457/608/462 451/609/463 455/610/464
f 459/611/465 455/612/464 456/607/461
f 413/509/387 420/559/427 416/613/424
f 420/559/427 461/614/466 416/613/424
f 461/615/466 463/616/467 464/617/468
f 396/558/397 443/618/452 420/559/427
f 465/619/469 467/620/470 468/621/471
f 466/622/472 465/619/469 469/623/473
f 471/624/474 466/622/472 472/625/475
f 472/625/475 469/623/473 470/626/476
f 470/627/476 468/628/471 473/629/477
f 475/630/478 477/631/479 424/632/431
f 478/633/480 477/631/479 493/634/481
f 474/566/432 478/635/482 481/636/483
f 479/637/484 478/633/480 480/638/485
f 479/637/484 482/639/486 478/633/480
f 481/636/483 1122/640/487 425/512/390
f 485/641/488 471/624/474 472/625/475
f 485/642/488 484/643/489 486/644/490
f 487/645/491 483/646/492 484/647/489
f 483/646/492 487/645/491 1125/648/493
f 485/641/488 470/626/476 488/649/494
f 488/649/494 484/650/489 485/641/488
f 488/649/494 473/651/495 487/652/491
f 429/570/436 430/653/496 489/654/497
f 429/586/436 489/655/497 491/656/498
f 193/300/235 475/657/478 183/299/234
f 193/300/235 476/658/499 475/657/478
f 476/658/499 193/300/235 194/659/443
f 476/660/499 477/631/479 475/630/478
f 494/661/500 476/660/499 492/662/501
f 495/663/502 493/634/481 494/661/500
f 480/638/485 478/633/480 495/663/502
f 497/664/503 496/582/445 436/579/442
f 437/581/444 497/665/503 436/578/442
f 500/666/504 497/665/503 498/667/505
f 499/668/506 495/663/502 494/661/500
f 501/669/507 480/638/485 495/663/502
f 499/670/506 501/671/508 495/672/502
f 503/673/509 1135/674/510 500/675/504
f 442/593/451 506/676/511 437/581/444
f 500/666/504 498/667/505 506/676/511
f 510/677/512 507/678/513 506/679/511
f 510/680/512 442/593/451 448/681/514
f 510/680/512 506/676/511 442/593/451
f 444/526/400 510/682/515 448/600/458
f 444/526/400 1141/683/516 510/682/515
f 512/684/517 511/685/518 444/526/400
f 512/684/517 398/532/405 451/686/463
f 514/687/519 451/609/463 457/608/462
f 514/688/519 512/684/517 451/686/463
f 515/689/520 514/687/519 459/690/465
f 889/691/521 515/692/520 459/611/465
f 522/693/522 520/694/523 529/695/524
f 519/696/525 518/697/526 521/698/527
f 523/699/528 521/700/529 518/701/530
f 529/695/524 524/702/531 526/703/532
f 528/704/533 524/705/534 527/706/535
f 529/695/524 520/694/523 527/707/536
f 528/704/533 527/706/535 523/699/528
f 531/708/537 532/709/538 533/710/539
f 531/708/537 533/710/539 535/711/540
f 534/712/541 524/702/531 531/708/537
f 536/713/542 525/714/543 528/704/533
f 539/715/544 529/695/524 542/716/545
f 538/717/546 522/693/522 540/718/547
f 539/719/544 538/720/548 540/721/547
f 544/722/549 534/712/541 535/711/540
f 545/723/550 534/724/541 544/725/549
f 543/726/551 541/727/552 545/723/550
f 548/728/553 53/81/55 547/729/554
f 49/111/77 53/81/55 548/728/553
f 576/730/555 49/111/77 548/728/553
f 57/85/58 55/87/59 549/731/556
f 550/732/557 57/85/58 549/731/556
f 547/729/554 57/85/58 550/732/557
f 549/731/556 59/91/61 552/733/558
f 555/734/559 585/735/560 554/736/561
f 519/696/525 557/737/562 518/697/526
f 558/738/563 557/737/562 519/696/525
f 553/739/564 557/737/562 558/738/563
f 553/740/564 554/741/561 560/742/565
f 559/743/566 554/744/567 556/745/568
f 559/743/566 584/746/569 589/747/570
f 563/748/571 561/749/572 565/750/573
f 565/750/573 561/749/572 566/751/574
f 564/752/575 565/750/573 566/751/574
f 566/753/576 547/729/554 564/754/577
f 566/751/574 561/749/572 562/755/578
f 561/749/572 589/747/570 562/755/578
f 563/748/571 565/750/573 568/756/579
f 567/757/580 530/758/581 568/756/579
f 568/756/579 565/750/573 564/752/575
f 564/754/577 547/729/554 550/732/557
f 564/754/577 550/732/557 568/759/579
f 569/760/582 567/761/580 552/733/558
f 567/761/580 549/731/556 552/733/558
f 555/734/559 553/739/564 570/762/583
f 571/763/584 555/764/585 570/765/586
f 558/738/563 519/696/525 538/717/546
f 572/766/587 558/767/588 538/720/548
f 570/762/583 553/739/564 573/768/589
f 574/769/590 573/770/591 558/767/588
f 572/766/587 574/769/590 558/767/588
f 571/763/584 570/765/586 573/770/591
f 574/769/590 571/763/584 573/770/591
f 572/766/587 538/720/548 539/719/544
f 574/769/590 539/719/544 543/726/551
f 602/771/592 543/726/551 546/772/593
f 72/165/123 75/113/78 605/773/594
f 605/773/594 75/113/78 575/774/595
f 577/775/596 49/111/77 576/730/555
f 577/775/596 73/776/597 49/111/77
f 575/777/595 73/776/597 577/775/596
f 578/778/598 81/449/348 83/779/599
f 83/779/599 76/115/80 78/114/79
f 581/780/600 582/781/601 579/782/602
f 580/783/603 582/784/601 581/785/600
f 583/786/604 582/784/601 580/783/603
f 611/787/605 582/788/606 609/789/607
f 585/790/560 579/782/602 556/791/568
f 580/792/603 581/780/600 585/790/560
f 588/793/608 575/794/595 592/795/609
f 562/755/578 589/747/570 590/796/610
f 589/797/570 584/798/569 591/799/611
f 590/796/610 589/747/570 591/800/611
f 592/795/609 577/801/596 591/802/611
f 594/803/612 580/783/603 593/804/613
f 597/805/614 594/806/615 593/807/616
f 595/808/617 594/806/615 597/805/614
f 596/809/618 585/810/560 555/811/559
f 571/763/584 596/812/619 555/764/585
f 580/783/603 585/810/560 596/809/618
f 597/805/614 596/812/619 571/763/584
f 597/805/614 593/807/616 596/812/619
f 599/813/620 623/814/621 543/726/551
f 600/815/622 623/814/621 599/813/620
f 600/815/622 83/816/623 78/817/79
f 624/818/624 623/814/621 600/815/622
f 78/114/79 133/116/81 624/819/624
f 599/813/620 543/726/551 602/771/592
f 601/820/625 603/821/626 83/816/623
f 603/821/626 601/820/625 602/771/592
f 606/822/627 72/165/123 605/773/594
f 123/184/138 122/169/127 124/823/628
f 133/116/81 132/167/125 123/184/138
f 583/824/604 612/825/629 582/826/601
f 612/825/629 610/827/630 609/828/631
f 611/787/605 609/789/607 614/829/632
f 612/825/629 607/830/633 610/827/630
f 631/831/634 607/832/635 628/833/636
f 613/834/637 614/829/632 636/835/638
f 588/836/639 587/837/640 616/838/641
f 616/839/641 587/840/640 613/841/637
f 617/842/642 606/843/627 616/844/643
f 617/842/642 604/845/644 606/843/627
f 615/846/645 604/845/644 617/842/642
f 124/823/628 122/169/127 127/847/646
f 127/847/646 126/172/129 131/179/135
f 619/848/647 612/849/629 583/786/604
f 620/850/648 619/851/649 595/808/617
f 621/852/650 608/853/651 612/849/629
f 625/854/652 623/814/621 624/818/624
f 625/855/653 131/856/135 643/857/654
f 626/858/655 156/213/163 119/214/164
f 626/858/655 158/859/656 156/213/163
f 608/860/651 628/861/657 607/830/633
f 631/831/634 628/833/636 629/862/658
f 630/863/659 629/864/658 628/861/657
f 631/831/634 629/862/658 632/865/660
f 630/863/659 633/866/661 629/864/658
f 634/867/662 613/834/637 636/835/638
f 635/868/663 604/845/644 615/846/645
f 635/868/663 626/869/655 604/845/644
f 635/870/663 636/835/638 655/871/664
f 635/868/663 655/872/664 637/873/665
f 161/874/666 160/222/172 163/875/667
f 630/876/659 608/853/651 618/877/668
f 639/878/669 630/876/659 618/877/668
f 641/879/670 640/880/671 639/881/669
f 620/850/648 639/881/669 618/882/668
f 641/879/670 620/850/648 595/808/617
f 641/879/670 639/881/669 620/850/648
f 643/857/654 161/874/666 644/883/672
f 644/883/672 164/884/673 642/885/674
f 627/886/675 204/887/676 158/859/656
f 205/888/677 204/889/676 645/890/678
f 648/270/213 207/267/210 647/891/679
f 648/270/213 164/884/673 167/225/173
f 649/892/680 650/893/681 633/866/661
f 651/894/682 631/831/634 653/895/683
f 652/896/684 650/893/681 649/892/680
f 652/896/684 662/897/685 650/893/681
f 637/873/686 645/890/678 627/898/675
f 637/873/665 655/872/664 654/899/687
f 654/899/687 655/872/664 651/900/682
f 646/901/688 645/890/678 656/902/689
f 652/903/684 649/904/680 640/905/671
f 671/906/690 670/907/691 640/880/671
f 642/908/692 658/909/693 657/910/694
f 657/910/694 641/879/670 598/911/695
f 658/912/696 648/270/213 647/891/679
f 658/912/696 647/891/679 672/913/697
f 660/914/698 258/915/699 659/916/700
f 647/891/679 261/332/262 661/917/701
f 651/894/682 653/895/683 665/918/702
f 667/919/703 662/920/685 666/921/704
f 664/922/705 666/923/704 662/897/685
f 656/902/689 651/900/682 668/924/706
f 659/916/700 646/901/688 656/902/689
f 668/924/706 669/925/707 659/916/700
f 669/925/707 660/914/698 659/916/700
f 1377/926/708 664/927/705 663/928/709
f 1381/929/710 663/928/709 670/930/691
f 532/931/538 525/714/543 536/713/542
f 528/704/533 563/748/571 536/713/542
f 537/932/711 530/758/581 569/933/582
f 676/934/712 536/935/542 675/936/713
f 673/937/714 533/710/539 676/934/712
f 673/937/714 676/934/712 677/938/715
f 678/939/716 677/938/715 679/940/717
f 677/941/718 674/942/719 680/943/720
f 679/944/721 680/945/720 681/946/722
f 678/939/716 679/940/717 681/947/722
f 674/942/719 537/932/711 680/943/720
f 681/946/722 682/948/723 724/949/724
f 683/950/725 535/711/540 533/710/539
f 683/950/725 533/710/539 673/937/714
f 546/772/593 544/725/549 683/951/726
f 683/950/725 673/937/714 684/952/727
f 687/953/728 678/954/716 681/946/722
f 686/955/729 685/956/730 684/957/727
f 678/958/731 685/956/730 686/955/729
f 687/953/728 681/946/722 724/949/724
f 688/959/732 687/960/728 689/961/733
f 308/962/734 309/963/309 311/964/735
f 308/962/734 690/965/736 691/966/737
f 308/962/734 691/966/737 692/967/738
f 692/968/739 691/969/740 698/970/741
f 693/971/742 692/972/739 695/973/743
f 691/969/740 690/974/736 696/975/744
f 690/974/736 694/976/745 738/977/746
f 695/978/743 692/979/739 699/980/747
f 698/970/741 691/969/740 696/975/744
f 741/981/748 698/970/741 696/975/744
f 699/980/747 698/982/741 741/983/748
f 323/458/355 320/984/321 321/985/749
f 321/412/319 319/411/318 706/986/750
f 702/987/751 705/988/752 321/985/749
f 708/989/753 706/986/750 319/411/318
f 711/990/754 704/991/755 705/988/752
f 707/992/756 711/993/754 705/994/752
f 707/992/756 709/995/757 745/996/758
f 708/989/753 319/411/318 326/419/326
f 551/997/759 308/998/734 714/999/760
f 569/760/582 552/733/558 714/999/760
f 569/760/582 714/999/760 716/1000/761
f 714/999/760 308/998/734 715/1001/762
f 714/999/760 715/1001/762 716/1000/761
f 717/1002/763 537/932/711 716/1003/764
f 706/986/750 703/1004/765 702/1005/766
f 706/986/750 701/1006/767 703/1004/765
f 715/1001/762 706/986/750 718/1007/768
f 716/1000/761 718/1007/768 719/1008/769
f 717/1002/763 716/1003/764 719/1009/770
f 719/1010/769 718/1011/768 708/1012/753
f 721/1013/771 717/1002/763 719/1009/770
f 708/989/753 712/1014/772 719/1008/769
f 717/1002/763 721/1013/771 722/1015/773
f 719/1016/769 712/1017/772 723/1018/774
f 722/1015/773 719/1009/770 723/1019/775
f 724/949/724 682/948/723 720/1020/776
f 724/949/724 720/1020/776 725/1021/777
f 725/1022/778 720/1023/776 727/1024/779
f 726/1025/780 724/949/724 729/1026/781
f 720/1023/776 717/1002/763 727/1024/779
f 761/1027/782 717/1002/763 722/1015/773
f 723/1018/774 713/1028/783 728/1029/784
f 722/1015/773 723/1019/775 728/1030/785
f 730/1031/786 729/1026/781 731/1032/787
f 729/1033/788 727/1024/779 731/1034/789
f 730/1031/786 731/1032/787 732/1035/790
f 731/1034/789 727/1024/779 764/1036/791
f 731/1034/789 764/1036/791 732/1037/792
f 602/771/592 546/772/593 685/956/730
f 734/1038/793 685/956/730 733/1039/794
f 689/1040/733 724/949/724 735/1041/795
f 688/1042/732 733/1039/794 685/956/730
f 689/1043/733 733/1039/794 688/1042/732
f 735/1041/795 724/949/724 726/1025/780
f 735/1044/796 733/1039/794 689/1043/733
f 735/1044/796 734/1038/793 733/1039/794
f 726/1045/797 734/1038/793 735/1044/796
f 737/1046/798 685/956/730 734/1038/793
f 737/1046/798 734/1038/793 736/1047/799
f 730/1048/786 737/1046/798 736/1047/799
f 341/1049/346 697/1050/800 694/976/745
f 739/1051/801 738/977/746 697/1050/800
f 341/1052/802 346/451/350 697/1053/800
f 696/975/744 82/1054/351 741/981/748
f 742/1055/803 699/980/747 741/983/748
f 711/990/754 744/1056/804 704/991/755
f 746/1057/805 744/1058/804 711/993/754
f 750/1059/806 711/993/754 745/996/758
f 747/1060/807 700/1061/808 742/1055/809
f 748/1062/810 347/461/356 350/456/354
f 746/1063/805 748/1064/810 350/1065/354
f 745/996/758 749/1066/811 750/1059/806
f 748/1067/812 352/470/357 347/1068/356
f 748/1067/812 355/468/360 352/470/357
f 750/1069/806 355/468/360 748/1067/812
f 355/468/360 750/1069/806 749/1070/811
f 356/1071/813 358/474/362 752/1072/814
f 358/474/362 753/1073/815 752/1072/814
f 753/1073/815 358/474/362 360/478/364
f 754/1074/816 756/1075/817 740/1076/818
f 755/1077/819 756/1075/817 754/1074/816
f 754/1074/816 82/452/351 578/778/598
f 757/1078/820 756/1075/817 755/1077/819
f 758/1079/821 743/1080/822 757/1078/820
f 761/1027/782 728/1030/785 759/1081/823
f 759/1082/824 751/1083/825 762/1084/826
f 762/1084/826 752/1072/814 763/1085/827
f 761/1027/782 762/1086/828 763/1087/829
f 732/1037/792 764/1036/791 766/1088/830
f 765/1089/831 732/1035/790 766/1090/832
f 766/1088/830 764/1036/791 767/1091/833
f 760/1092/834 761/1027/782 768/1093/835
f 768/1093/835 763/1087/829 769/1094/836
f 760/1092/834 768/1093/835 770/1095/837
f 766/1088/830 767/1091/833 771/1096/838
f 772/1097/839 766/1090/832 771/1098/840
f 772/1097/839 776/1099/841 773/1100/842
f 771/1096/838 767/1091/833 774/1101/843
f 772/1097/839 771/1098/840 774/1102/844
f 774/1101/843 767/1091/833 775/1103/845
f 603/1104/846 754/1074/816 578/778/598
f 755/1077/819 754/1074/816 603/1104/846
f 779/1105/847 757/1078/820 778/1106/848
f 780/1107/849 779/1108/847 602/771/592
f 781/1109/850 758/1110/821 757/1111/820
f 780/1107/849 602/771/592 685/956/730
f 806/1112/851 780/1107/849 737/1046/798
f 730/1031/786 765/1089/831 782/1113/852
f 782/1114/852 783/1115/853 737/1046/798
f 765/1089/831 772/1097/839 773/1100/842
f 765/1089/831 773/1100/842 784/1116/854
f 784/1117/854 785/1118/855 783/1115/853
f 787/1119/856 380/504/383 786/1120/857
f 360/478/364 383/506/384 788/1121/858
f 788/1121/858 383/506/384 789/1122/859
f 790/1123/860 824/1124/861 825/1125/862
f 791/1126/863 790/1123/860 825/1125/862
f 789/1122/859 387/1127/864 790/1128/865
f 758/1110/821 354/492/359 355/1129/360
f 758/1110/821 374/498/378 354/492/359
f 786/1120/857 379/503/382 793/1130/866
f 788/1121/858 753/1073/815 360/478/364
f 769/1131/867 788/1121/858 794/1132/868
f 770/1095/837 769/1094/836 794/1133/869
f 788/1121/858 789/1122/859 794/1132/868
f 774/1101/843 775/1103/845 796/1134/870
f 800/1135/871 776/1099/841 796/1136/872
f 776/1099/841 800/1135/871 797/1137/873
f 770/1095/837 794/1133/869 798/1138/874
f 796/1134/870 775/1103/845 799/1139/875
f 800/1135/871 796/1136/872 799/1140/876
f 799/1139/875 775/1103/845 801/1141/877
f 795/1142/878 789/1122/859 802/1143/879
f 798/1138/874 795/1144/880 802/1145/881
f 799/1139/875 801/1141/877 803/1146/882
f 780/1107/849 781/1147/850 779/1108/847
f 780/1107/849 804/1148/883 781/1147/850
f 805/1149/884 792/1150/885 804/1151/886
f 780/1107/849 805/1152/887 804/1148/883
f 806/1112/851 805/1152/887 780/1107/849
f 807/1153/888 786/1120/857 805/1149/884
f 809/1154/889 786/1120/857 807/1153/888
f 806/1112/851 809/1155/889 807/1156/890
f 810/1157/891 806/1112/851 808/1158/892
f 808/1158/892 806/1112/851 783/1115/853
f 777/1159/893 785/1118/855 784/1117/854
f 777/1160/893 797/1137/873 812/1161/894
f 777/1159/893 811/1162/895 785/1118/855
f 812/1161/894 797/1137/873 813/1163/896
f 399/528/402 380/504/383 787/1119/856
f 820/1164/897 402/1165/406 818/1166/898
f 819/1167/899 820/1168/900 821/1169/901
f 823/1170/902 822/1171/903 821/1172/904
f 825/1125/862 824/1124/861 817/1173/905
f 791/1126/863 825/1125/862 826/1174/906
f 817/1173/905 824/1124/861 827/1175/907
f 825/1125/862 817/1173/905 820/1168/900
f 826/1174/906 825/1125/862 820/1168/900
f 409/544/415 404/539/411 827/1176/907
f 821/1169/901 826/1174/906 819/1167/899
f 791/1126/863 826/1174/906 821/1169/901
f 828/1177/908 791/1126/863 821/1169/901
f 828/1178/908 831/1179/909 829/1180/910
f 828/1178/908 821/1181/901 830/1182/911
f 831/1179/909 828/1178/908 830/1182/911
f 830/1182/911 822/1183/912 833/1184/913
f 387/1185/914 409/1186/415 824/1187/861
f 835/1188/915 828/1178/908 836/1189/916
f 836/1189/916 828/1178/908 829/1180/910
f 421/1190/428 418/1191/917 423/1192/918
f 834/1193/919 829/1180/910 833/1184/913
f 834/1194/919 839/1195/920 846/1196/921
f 837/1197/922 839/1198/920 840/1199/923
f 423/1200/918 422/1201/430 421/1202/428
f 839/1203/920 423/1200/918 840/1204/923
f 839/1205/920 834/1206/919 832/1207/924
f 787/1119/856 818/1208/925 399/528/402
f 823/1170/902 818/1208/925 841/1209/926
f 841/1209/926 842/1210/927 823/1170/902
f 802/1143/879 789/1122/859 844/1211/928
f 843/1212/929 835/1213/930 836/1214/931
f 843/1212/929 836/1214/931 844/1211/928
f 802/1143/879 844/1211/928 847/1215/932
f 798/1138/874 802/1145/881 847/1216/932
f 798/1138/874 847/1216/932 845/1217/933
f 836/1189/916 829/1180/910 846/1218/934
f 844/1211/928 836/1214/931 846/1219/935
f 849/1220/936 798/1138/874 845/1217/933
f 844/1211/928 846/1219/935 837/1197/922
f 844/1211/928 837/1197/922 848/1221/937
f 847/1215/932 848/1221/937 845/1222/933
f 800/1135/871 803/1223/938 850/1224/939
f 803/1146/882 801/1141/877 851/1225/940
f 851/1225/940 801/1141/877 852/1226/941
f 852/1226/941 853/1227/942 855/1228/943
f 810/1157/891 809/1155/889 806/1112/851
f 841/1209/926 787/1119/856 809/1154/889
f 810/1157/891 841/1229/926 809/1155/889
f 810/1157/891 856/1230/944 841/1229/926
f 883/1231/945 808/1158/892 811/1162/895
f 883/1231/945 811/1162/895 814/1232/946
f 833/1184/913 822/1183/912 859/1233/947
f 833/1184/913 861/1234/948 834/1193/919
f 454/1235/949 453/563/429 422/562/430
f 833/1236/913 859/1237/947 861/1238/948
f 834/1206/919 861/1238/948 832/1207/924
f 863/1239/950 454/1240/949 422/1201/430
f 862/1241/951 863/1239/950 422/1201/430
f 832/1207/924 865/1242/952 860/1243/953
f 861/1238/948 865/1242/952 832/1207/924
f 865/1244/952 864/1245/954 860/1246/953
f 861/1238/948 866/1247/955 865/1242/952
f 861/1238/948 859/1237/947 866/1247/955
f 454/1235/956 456/605/461 453/563/429
f 867/1248/957 863/1249/950 864/1250/954
f 865/1242/952 867/1251/957 864/1252/954
f 867/1253/957 458/1254/958 456/607/461
f 458/1255/958 867/1251/957 866/1247/955
f 862/1241/951 838/1256/959 839/1203/920
f 460/1257/960 462/1258/961 868/1259/962
f 842/1210/927 869/1260/963 823/1170/902
f 866/1247/955 859/1237/947 869/1261/963
f 870/1262/964 866/1263/955 869/1260/963
f 870/1262/964 871/1264/965 866/1263/955
f 871/1264/965 458/1254/958 866/1263/955
f 837/1197/922 460/1265/960 848/1221/937
f 845/1222/933 848/1221/937 872/1266/966
f 845/1222/933 872/1266/966 873/1267/967
f 849/1220/936 845/1217/933 873/1268/967
f 874/1269/968 849/1220/936 873/1268/967
f 872/1266/966 848/1221/937 868/1270/962
f 855/1228/943 853/1227/942 875/1271/969
f 876/1272/970 853/1227/942 877/1273/971
f 876/1272/970 877/1273/971 880/1274/972
f 853/1227/942 874/1269/968 881/1275/973
f 878/1276/974 876/1277/975 880/1278/976
f 882/1279/977 870/1280/964 856/1230/944
f 882/1279/977 871/1281/965 870/1280/964
f 882/1279/977 884/1282/978 871/1281/965
f 883/1231/945 884/1282/978 882/1279/977
f 854/1283/979 876/1277/975 886/1284/980
f 887/1285/981 814/1232/946 885/1286/982
f 886/1284/980 878/1276/974 887/1287/981
f 888/1288/983 814/1232/946 887/1285/981
f 462/1289/961 464/617/468 868/1290/962
f 868/1290/962 464/617/468 891/1291/984
f 891/1291/984 464/617/468 516/1292/985
f 889/691/521 459/611/465 513/1293/986
f 873/1294/967 868/1290/962 892/1295/987
f 892/1295/987 891/1291/984 1529/1296/988
f 878/1276/974 880/1278/976 893/1297/989
f 873/1268/967 892/1298/987 879/1299/990
f 880/1274/972 1534/1300/991 894/1301/992
f 880/1278/976 894/1302/992 895/1303/993
f 892/1295/987 1529/1296/988 1532/1304/994
f 884/1305/978 889/1306/521 513/1307/986
f 896/1308/995 897/1309/996 883/1231/945
f 897/1310/996 889/1306/521 884/1305/978
f 896/1308/995 883/1231/945 814/1232/946
f 888/1311/983 878/1276/974 893/1297/989
f 900/1312/997 215/1313/998 216/1314/219
f 900/1315/999 216/1316/1000 899/1317/1001
f 900/1312/997 218/283/222 215/1313/998
f 217/1318/1002 898/1319/1003 214/1320/1004
f 898/1321/1005 899/1317/1001 216/1316/1000
f 905/1322/1006 902/1323/1007 904/1324/1008
f 175/235/181 219/284/223 905/1325/1006
f 222/1326/225 225/1327/1009 906/289/227
f 907/1328/1010 224/287/226 226/1329/1011
f 180/291/229 906/289/227 1004/1330/1012
f 908/1331/187 227/1332/228 909/1333/1013
f 227/1332/228 180/291/229 911/1334/1014
f 912/1335/1015 905/1322/1006 904/1324/1008
f 904/1324/1008 903/1336/1016 909/1337/1013
f 910/1338/232 904/1324/1008 909/1337/1013
f 910/295/1017 912/1339/1018 904/1340/1019
f 913/1341/1020 910/295/232 180/291/229
f 233/307/240 914/1342/1021 238/308/241
f 914/1343/1022 916/1344/1023 918/1345/1024
f 917/1346/1025 914/1347/1021 918/1348/1024
f 918/1345/1024 916/1344/1023 920/1349/1026
f 243/314/246 923/1350/1027 241/311/244
f 242/1351/247 241/311/244 923/1350/1027
f 926/1352/1028 243/314/246 915/1353/1029
f 244/317/248 242/316/247 924/1354/1030
f 926/1352/1028 923/1350/1027 243/314/246
f 915/1355/1031 919/1356/1032 927/1357/1033
f 928/1358/1034 919/1359/1032 917/1346/1025
f 928/1358/1034 917/1346/1025 920/1360/1026
f 921/1361/1035 920/1360/1026 944/1362/1036
f 928/1363/1034 926/1352/1028 927/1364/1033
f 251/327/257 922/1365/1037 250/1366/1038
f 251/327/257 929/1367/1039 922/1365/1037
f 254/1368/1040 253/338/264 925/1369/1041
f 257/330/260 930/1370/1042 255/328/258
f 931/1371/1043 257/330/260 258/1372/699
f 260/272/214 933/1373/1044 264/1374/1045
f 262/1375/1046 264/1376/1045 934/1377/1047
f 932/1378/1048 262/1375/1046 934/1377/1047
f 933/1379/1044 934/1377/1047 264/1376/1045
f 935/1380/1049 933/1373/1044 260/272/214
f 211/274/215 936/1381/1050 210/227/175
f 937/1382/1051 253/338/264 254/1368/1040
f 937/1383/1052 936/1381/1050 211/274/215
f 906/289/227 941/1384/1053 983/1385/1054
f 940/1386/1055 941/1387/1053 939/1388/1056
f 944/1362/1036 920/1360/1026 942/1389/1057
f 945/1390/1058 944/1391/1036 943/1392/1059
f 943/1392/1059 942/1393/1057 946/1394/1060
f 947/1395/1061 942/1396/1057 916/1397/1023
f 922/1398/1037 938/1399/1062 226/1400/1011
f 949/1401/1063 940/1386/1055 938/1399/1062
f 953/1402/1064 924/1403/1030 923/1350/1027
f 951/1404/1065 924/1405/1030 953/1406/1064
f 928/1358/1034 921/1361/1035 954/1407/1066
f 954/1408/1066 921/1409/1035 945/1390/1058
f 954/1408/1066 945/1390/1058 955/1410/1067
f 926/1352/1028 952/1411/1068 923/1350/1027
f 958/1412/1069 951/1404/1065 953/1406/1064
f 957/1413/1070 953/1414/1064 952/1415/1071
f 954/1416/1066 956/1417/1072 952/1411/1068
f 1167/1418/1073 956/1417/1072 954/1416/1066
f 958/1419/1069 957/1413/1070 956/1420/1072
f 949/1401/1063 948/1421/1074 922/1398/1037
f 929/1367/1039 949/1422/1063 922/1365/1037
f 949/1401/1063 938/1399/1062 948/1421/1074
f 959/1423/1075 950/1424/1076 949/1401/1063
f 949/1401/1063 950/1424/1076 940/1386/1055
f 960/1425/1077 925/1426/1041 924/1405/1030
f 965/1427/1078 930/1370/1042 257/330/260
f 964/1428/1079 965/1427/1078 931/1371/1043
f 967/1429/1080 990/1430/1081 965/1427/1078
f 964/1431/1079 967/1432/1080 965/1433/1078
f 934/1377/1047 968/1434/1082 970/1435/1083
f 971/1436/1084 970/1435/1083 968/1434/1082
f 969/1437/1085 970/1438/1083 971/1439/1084
f 969/1437/1085 971/1439/1084 972/1440/1086
f 935/1380/1049 968/1441/1082 933/1373/1044
f 935/1380/1049 973/1442/1087 968/1441/1082
f 968/1434/1082 973/1443/1087 971/1436/1084
f 972/1440/1086 971/1439/1084 974/1444/1088
f 971/1436/1084 973/1443/1087 975/1445/1089
f 974/1444/1088 971/1439/1084 996/1446/1090
f 935/1380/1049 260/272/214 936/1381/1050
f 998/1447/1091 935/1380/1049 936/1381/1050
f 937/1448/1051 961/1449/1092 976/1450/1093
f 979/1451/1094 978/1452/1095 976/1453/1096
f 979/1451/1094 977/1454/1097 978/1452/1095
f 979/1455/1098 963/1456/1099 980/1457/1100
f 940/1386/1055 981/1458/1101 941/1387/1053
f 983/1459/1054 984/1460/1102 985/1461/1103
f 1004/1330/1012 906/289/227 983/1385/1054
f 180/291/229 1004/1330/1012 1007/1462/1104
f 947/1395/1061 1086/1463/1105 1158/1464/1106
f 987/1465/1107 982/1466/1108 940/1386/1055
f 984/1467/1102 982/1466/1108 987/1465/1107
f 950/1424/1076 987/1465/1107 940/1386/1055
f 986/1468/1109 987/1465/1107 959/1423/1075
f 1012/1469/1110 988/1470/1111 986/1471/1109
f 1012/1472/1110 986/1473/1109 993/1474/1112
f 995/1475/1113 993/1476/1112 992/1477/1114
f 995/1475/1113 1015/1478/1115 993/1476/1112
f 971/1439/1084 975/1479/1089 996/1446/1090
f 997/1480/1116 973/1442/1087 935/1380/1049
f 997/1480/1116 999/1481/1117 973/1442/1087
f 975/1482/1089 973/1442/1087 999/1481/1117
f 1003/1483/1118 999/1484/1117 1002/1485/1119
f 1027/1486/1120 977/1454/1097 1183/1487/1121
f 1004/1330/1012 1006/1488/1122 1007/1462/1104
f 1005/1489/1123 1006/1490/1124 985/1491/1103
f 1008/1492/1125 1009/1493/1126 1006/1490/1124
f 1011/1494/1127 1008/1492/1125 1010/1495/1128
f 1013/1496/1129 989/1497/1130 988/1498/1111
f 1012/1499/1110 1013/1496/1129 988/1498/1111
f 1012/1499/1110 1037/1500/1131 1013/1496/1129
f 1014/1501/1132 1010/1495/1128 1013/1496/1129
f 1037/1502/1131 1014/1503/1132 1013/1504/1129
f 1015/1505/1115 1012/1472/1110 993/1474/1112
f 1015/1505/1115 1037/1506/1131 1012/1472/1110
f 995/1475/1113 1017/1507/1133 1015/1478/1115
f 994/1508/1134 1018/1509/1135 995/1475/1113
f 1016/1510/1136 1015/1478/1115 1017/1507/1133
f 1018/1509/1135 1020/1511/1137 1017/1507/1133
f 997/1480/1116 1021/1512/1138 999/1481/1117
f 998/1447/1091 1021/1512/1138 997/1480/1116
f 1022/1513/1139 1021/1512/1138 998/1447/1091
f 1023/1514/1140 1024/1515/1141 1002/1485/1119
f 1025/1516/1142 1024/1515/1141 1023/1514/1140
f 1433/1517/1143 1024/1515/1141 1025/1516/1142
f 1025/1518/1142 1023/1519/1140 1026/1520/1144
f 1050/1521/1145 1025/1518/1142 1026/1520/1144
f 1051/1522/1146 1025/1516/1142 1050/1523/1145
f 1027/1486/1120 1028/1524/1147 1022/1513/1139
f 1007/1462/1104 1009/1525/1148 1029/1526/1149
f 1030/1527/1150 1031/1528/1151 1009/1493/1126
f 1007/1462/1104 1029/1526/1149 1034/1529/1152
f 1029/1526/1149 1033/1530/1153 1034/1529/1152
f 1032/1531/1154 1033/1532/1155 1031/1528/1151
f 1086/1463/1105 1058/1533/1156 1064/1534/1157
f 1011/1494/1127 1030/1527/1150 1008/1492/1125
f 1038/1535/1158 1011/1494/1127 1014/1501/1132
f 1037/1500/1131 1038/1535/1158 1014/1501/1132
f 1037/1500/1131 1039/1536/1159 1038/1535/1158
f 1041/1537/1160 1036/1538/1161 1038/1535/1158
f 1040/1539/1162 1039/1536/1159 1037/1500/1131
f 1020/1540/1137 1016/1541/1136 1017/1542/1133
f 1019/1543/1163 1042/1544/1164 1020/1511/1137
f 1020/1511/1137 1044/1545/1165 1016/1510/1136
f 1016/1546/1136 1040/1547/1162 1037/1506/1131
f 1042/1544/1164 1045/1548/1166 1044/1545/1165
f 1046/1549/1167 1047/1550/1168 1042/1544/1164
f 1047/1550/1168 1045/1548/1166 1042/1544/1164
f 1022/1513/1139 1049/1551/1169 1026/1552/1144
f 1028/1524/1147 1049/1551/1169 1022/1513/1139
f 1026/1520/1144 1049/1553/1169 1050/1521/1145
f 1052/1554/1170 1050/1521/1145 1049/1553/1169
f 1054/1555/1171 1028/1524/1147 1027/1486/1120
f 1055/1556/1172 1054/1557/1171 1056/1558/1173
f 1034/1529/1152 1033/1530/1153 1058/1533/1156
f 1035/1559/1174 1059/1560/1175 1033/1532/1155
f 1035/1559/1174 1060/1561/1176 1059/1560/1175
f 1058/1533/1156 1059/1562/1177 1061/1563/1178
f 1062/1564/1179 1058/1533/1156 1061/1563/1178
f 1064/1534/1157 1058/1533/1156 1062/1564/1179
f 1062/1564/1179 1061/1563/1178 1063/1565/1180
f 1064/1534/1157 1062/1564/1179 1063/1565/1180
f 1060/1561/1176 1065/1566/1181 1061/1567/1182
f 1041/1537/1160 1035/1559/1174 1036/1538/1161
f 1040/1539/1162 1067/1568/1183 1039/1536/1159
f 1069/1569/1184 1071/1570/1185 1070/1571/1186
f 1071/1570/1185 1068/1572/1187 1070/1571/1186
f 1069/1573/1184 1072/1574/1188 1071/1575/1185
f 1071/1570/1185 1095/1576/1189 1068/1572/1187
f 1073/1577/1190 1072/1574/1188 1069/1573/1184
f 1048/1578/1191 1075/1579/1192 1047/1550/1168
f 1075/1579/1192 1045/1548/1166 1047/1550/1168
f 1075/1579/1192 1073/1580/1190 1045/1548/1166
f 1074/1581/1193 1077/1582/1194 1075/1579/1192
f 1076/1583/1195 1078/1584/1196 1077/1585/1194
f 1077/1586/1194 1073/1577/1190 1075/1587/1192
f 1078/1588/1196 1105/1589/1197 1077/1590/1194
f 1080/1591/1198 1106/1592/1199 1105/1593/1197
f 1081/1594/1200 1082/1595/1201 1080/1591/1198
f 1064/1534/1157 1063/1565/1180 1083/1596/1202
f 1085/1597/1203 1064/1534/1157 1083/1596/1202
f 1064/1534/1157 1085/1597/1203 1086/1463/1105
f 1087/1598/1204 1083/1599/1202 1084/1600/1205
f 1089/1601/1206 1085/1602/1203 1087/1598/1204
f 1091/1603/1207 1086/1463/1105 1090/1604/1208
f 1092/1605/1209 1090/1606/1208 1088/1607/1210
f 1091/1608/1207 1090/1606/1208 1093/1609/1211
f 1094/1610/1212 1093/1609/1211 1090/1606/1208
f 1095/1576/1189 1065/1566/1181 1068/1572/1187
f 1096/1611/1213 1089/1601/1206 1087/1598/1204
f 1092/1605/1209 1089/1601/1206 1100/1612/1214
f 1352/1613/1215 1094/1610/1212 1098/1614/1216
f 1072/1615/1188 1095/1576/1189 1071/1570/1185
f 1099/1616/1217 1095/1576/1189 1072/1615/1188
f 1095/1576/1189 1096/1617/1213 1084/1618/1205
f 1099/1616/1217 1096/1617/1213 1095/1576/1189
f 1102/1619/1218 1101/1620/1219 1099/1621/1217
f 1100/1612/1214 1089/1601/1206 1096/1611/1213
f 1102/1619/1218 1103/1622/1220 1101/1620/1219
f 1103/1623/1220 1097/1624/1221 1100/1612/1214
f 1103/1623/1220 1098/1614/1216 1097/1624/1221
f 1104/1625/1222 1098/1614/1216 1103/1623/1220
f 1105/1626/1197 1099/1621/1217 1073/1577/1190
f 1106/1592/1199 1080/1591/1198 1082/1595/1201
f 1103/1622/1220 1102/1619/1218 1106/1627/1199
f 1107/1628/1223 1103/1622/1220 1106/1627/1199
f 1108/1629/1224 465/1630/1225 1111/1631/1226
f 1153/1632/1227 1109/1633/1228 1110/1634/1229
f 1114/1635/1230 1109/1633/1228 471/1636/474
f 1115/1637/1231 1110/1638/1229 1114/1639/1230
f 473/629/477 1112/1640/1232 1116/1641/1233
f 1112/1642/1232 1113/1643/1234 1116/1644/1233
f 1118/1645/1235 1117/1646/1236 1134/1647/1237
f 1119/1648/1238 1117/1646/1236 1118/1645/1235
f 1121/1649/1239 1120/1650/1240 1119/1651/1238
f 481/1652/483 482/1653/1241 1122/1654/487
f 1122/1654/487 482/1653/1241 1117/1646/1242
f 1117/1655/1236 482/1656/486 1134/1657/1237
f 1122/1654/487 1117/1646/1242 1119/1648/1243
f 425/512/390 1122/640/487 1123/1658/1244
f 486/1659/490 484/1660/489 1124/1661/1245
f 1126/1662/1246 473/629/477 1116/1641/1233
f 487/645/491 1126/1663/1246 1125/648/493
f 389/514/392 483/646/492 1127/1664/1247
f 430/653/496 427/569/435 1127/1664/1247
f 1129/1665/1248 489/655/497 1128/1666/1249
f 1133/1667/1250 1118/1668/1235 1130/1669/1251
f 1118/1668/1235 1121/1670/1239 1119/1671/1238
f 1132/1672/1252 1133/1673/1253 1130/1674/1254
f 1165/1675/1255 1121/1676/1239 1131/1677/1256
f 480/638/485 482/639/486 479/637/484
f 501/1678/507 1134/1679/1237 480/1680/485
f 496/582/445 502/1681/1257 499/1682/1258
f 1136/1683/1259 502/1681/1257 496/582/445
f 497/664/503 1136/1683/1259 496/582/445
f 1132/1684/1252 1130/1685/1254 502/1686/1257
f 491/656/498 1129/1665/1248 1138/1687/1260
f 1138/1687/1260 1129/1665/1248 1162/1688/1261
f 1140/1689/1262 503/1690/509 507/1691/513
f 1135/1692/510 503/1693/509 1140/1694/1262
f 1141/1695/1263 1142/1696/1264 1140/1697/1262
f 509/1698/1265 1138/1687/1260 1139/1699/1266
f 1139/1699/1266 1143/1700/1267 509/1698/1265
f 514/688/519 1145/1701/1268 512/684/517
f 1146/1702/1269 514/687/519 515/689/520
f 1147/1703/1270 1190/1704/1271 1145/1705/1268
f 1149/1706/1272 463/616/467 1150/1707/1273
f 1143/1708/1267 517/1709/1274 508/1710/1275
f 1150/1711/1273 463/1712/467 1152/1713/1276
f 1205/1714/1277 1150/1715/1273 1152/1716/1276
f 1153/1632/1227 465/1717/1278 1109/1633/1228
f 467/1718/1279 1155/1719/1280 1154/1720/1281
f 467/1718/1279 1111/1631/1226 1155/1719/1280
f 1157/1721/1282 943/1392/1059 1120/1722/1240
f 1157/1721/1282 1121/1676/1239 1165/1675/1255
f 1124/1723/1245 1123/1658/1244 1251/1724/1283
f 1159/1725/1284 1115/1726/1231 486/1659/490
f 486/1659/490 1251/1727/1283 1159/1725/1284
f 483/646/492 1160/1728/1285 1127/1664/1247
f 1127/1664/1247 1160/1728/1285 1161/1729/1286
f 490/1730/1287 1127/1664/1247 1128/1731/1249
f 1162/1688/1261 1128/1666/1249 1164/1732/1288
f 1164/1732/1288 1128/1666/1249 1163/1733/1289
f 1163/1734/1290 1127/1664/1247 1161/1729/1286
f 1164/1732/1288 1163/1733/1289 1212/1735/1291
f 1165/1675/1255 945/1390/1058 1157/1721/1282
f 955/1410/1067 1165/1675/1255 1133/1736/1250
f 955/1737/1292 1133/1673/1253 1132/1672/1252
f 1168/1738/1293 1169/1739/1294 1166/1740/1295
f 1171/1741/1296 1169/1742/1294 1168/1743/1293
f 1170/1744/1297 1169/1742/1294 1171/1741/1296
f 1166/1745/1295 1132/1672/1252 1136/1683/1259
f 1137/1746/1298 1166/1745/1295 1136/1683/1259
f 1172/1747/1299 1173/1748/1300 1137/1749/1298
f 1174/1750/1301 1162/1688/1261 1164/1732/1288
f 1174/1750/1301 1212/1735/1291 1215/1751/1302
f 1177/1752/1303 1176/1753/1304 1175/1754/1305
f 1176/1755/1304 1171/1741/1296 1168/1743/1293
f 1177/1756/1303 1171/1741/1296 1176/1755/1304
f 1170/1744/1297 1171/1741/1296 1178/1757/1306
f 963/1456/1099 1170/1744/1297 1178/1757/1306
f 1179/1758/1307 1178/1757/1306 1171/1741/1296
f 1141/1695/1263 1176/1753/1304 1142/1696/1264
f 1176/1755/1304 1168/1743/1293 1172/1759/1299
f 1180/1760/1308 1143/1708/1267 1181/1761/1309
f 1181/1762/1309 1139/1699/1266 1174/1750/1301
f 1215/1751/1302 1180/1763/1308 1181/1762/1309
f 1182/1764/1310 1177/1765/1303 1175/1766/1305
f 980/1457/1100 963/1456/1099 1178/1757/1306
f 1183/1487/1121 1179/1767/1311 1177/1765/1303
f 1183/1487/1121 1177/1765/1303 1182/1764/1310
f 1175/1754/1305 1176/1753/1304 1144/1768/1312
f 1144/1768/1312 1176/1753/1304 1141/1695/516
f 511/685/518 1144/1769/1312 1141/683/516
f 1182/1764/1310 1175/1766/1305 1144/1769/1312
f 511/1770/1313 1183/1771/1313 1182/1772/1313
f 1186/1773/1314 1184/1774/1315 1190/1775/1271
f 1222/1776/1316 1186/1777/1314 1185/1778/1317
f 1185/1778/1317 1186/1777/1314 1190/1704/1271
f 1187/1779/1318 1223/1780/1319 1185/1778/1317
f 1189/1781/1320 1188/1782/1321 1148/1783/1322
f 1191/1784/1323 1190/1704/1271 1147/1703/1270
f 1188/1782/1321 1191/1784/1323 1147/1703/1270
f 1185/1778/1317 1190/1704/1271 1191/1784/1323
f 1187/1779/1318 1191/1784/1323 1189/1781/1320
f 1187/1779/1318 1189/1781/1320 1192/1785/1324
f 1195/1786/1325 1187/1787/1326 1192/1788/1327
f 1197/1789/1328 1196/1790/1329 1195/1786/1325
f 1198/1791/1330 1224/1792/1331 1187/1787/1326
f 1200/1793/1332 1150/1707/1273 1199/1794/1333
f 1199/1794/1333 1236/1795/1334 1203/1796/1335
f 1201/1797/1336 1236/1798/1334 1199/1799/1333
f 1204/1800/1337 1202/1801/1338 1203/1796/1335
f 1205/1802/1277 1143/1708/1267 1180/1760/1308
f 1201/1803/1336 1205/1802/1277 1180/1760/1308
f 1207/1804/1339 1153/1805/1227 1115/1637/1231
f 1112/1642/1232 1154/1806/1281 1208/1807/1340
f 1125/1808/493 1210/1809/1341 1209/1810/1342
f 483/646/492 1125/648/493 1211/1811/1343
f 1212/1735/1291 1213/1812/1344 1214/1813/1345
f 1161/1729/1286 1259/1814/1346 1263/1815/1347
f 1213/1816/1348 1161/1729/1286 1263/1815/1347
f 1214/1813/1345 1213/1812/1344 1263/1817/1347
f 1218/1818/1349 1215/1751/1302 1216/1819/1350
f 1220/1820/1351 1183/1487/1121 511/685/518
f 1220/1820/1351 511/685/518 512/684/517
f 1184/1774/1315 1220/1820/1351 512/684/517
f 1231/1821/1352 1186/1777/1314 1222/1776/1316
f 1228/1822/1353 1223/1780/1319 1227/1823/1354
f 1186/1773/1314 1220/1820/1351 1221/1824/1355
f 1229/1825/1356 1220/1820/1351 1186/1773/1314
f 1231/1821/1352 1229/1826/1356 1186/1777/1314
f 1281/1827/1357 1228/1822/1353 1230/1828/1358
f 1196/1790/1329 1232/1829/1359 1195/1786/1325
f 1198/1830/1330 1225/1831/1360 1224/1832/1331
f 1232/1829/1359 1198/1791/1330 1194/1833/1361
f 1198/1791/1330 1233/1834/1362 1225/1835/1360
f 1198/1791/1330 1232/1829/1359 1233/1834/1362
f 1204/1800/1337 1203/1796/1335 1234/1836/1363
f 1234/1837/1364 1196/1790/1329 1197/1789/1328
f 1235/1838/1365 1203/1796/1335 1236/1795/1334
f 1234/1836/1363 1203/1796/1335 1235/1838/1365
f 1235/1838/1365 1237/1839/1366 1238/1840/1367
f 1235/1838/1365 1236/1795/1334 1237/1839/1366
f 1239/1841/1368 1232/1829/1359 1238/1842/1369
f 1239/1843/1370 1237/1839/1366 1286/1844/1371
f 1237/1839/1366 1240/1845/1372 1285/1846/1373
f 1242/1847/1374 1111/1848/1226 1153/1849/1227
f 1243/1850/1375 1241/1851/1376 1242/1852/1374
f 1155/1719/1280 1111/1631/1226 1241/1851/1376
f 1246/1853/1377 1243/1854/1378 1244/1855/1379
f 1247/1856/1380 1207/1804/1339 1115/1637/1231
f 1249/1857/1381 1242/1858/1374 1248/1859/1382
f 1247/1856/1380 1248/1860/1382 1207/1804/1339
f 1208/1807/1340 1245/1861/1383 1254/1862/1384
f 1246/1853/1377 1244/1855/1379 1249/1857/1381
f 1250/1863/1385 1246/1853/1377 1249/1857/1381
f 1250/1864/1385 1254/1862/1384 1243/1865/1378
f 1159/1725/1284 1251/1727/1283 1247/1866/1380
f 1247/1856/1380 1251/1867/1283 1252/1868/1386
f 1251/1724/1283 1123/1658/1244 1253/1869/1387
f 1210/1809/1341 1254/1862/1384 1209/1810/1342
f 1255/1870/1388 1249/1857/1381 1252/1871/1386
f 1209/1872/1389 1250/1863/1385 1255/1870/1390
f 1256/1873/1391 1209/1874/1342 1255/1875/1388
f 1256/1876/1391 1255/1870/1388 1253/1877/1387
f 1256/1873/1391 1253/1869/1387 1123/1658/1244
f 1257/1878/1392 1256/1873/1391 1123/1658/1244
f 1161/1729/1286 1160/1728/1285 1259/1814/1346
f 1211/1811/1343 1209/1874/1342 1256/1873/1391
f 1261/1879/1393 1160/1728/1285 1257/1878/1392
f 1214/1813/1345 1263/1817/1347 1258/1880/1394
f 1216/1819/1350 1214/1813/1345 1260/1881/1395
f 1265/1882/1396 1216/1819/1350 1260/1881/1395
f 1266/1883/1397 1264/1884/1398 1267/1885/1399
f 1266/1883/1397 1265/1882/1396 1264/1884/1398
f 1217/1886/1400 1266/1883/1397 1267/1885/1399
f 1218/1818/1349 1265/1882/1396 1266/1883/1397
f 1218/1818/1349 1216/1819/1350 1265/1882/1396
f 1217/1887/1400 1219/1888/1401 1266/1889/1397
f 1268/1890/1402 1183/1487/1121 1220/1820/1351
f 1268/1890/1402 1027/1486/1120 1183/1487/1121
f 1229/1825/1356 1269/1891/1403 1220/1820/1351
f 1275/1892/1404 1269/1891/1403 1229/1825/1356
f 1277/1893/1405 1275/1894/1404 1229/1826/1356
f 1280/1895/1406 1275/1894/1404 1277/1893/1405
f 1275/1892/1404 1268/1890/1402 1269/1891/1403
f 1270/1896/1407 1275/1894/1404 1280/1895/1406
f 1278/1897/1408 1280/1895/1406 1277/1893/1405
f 1270/1898/1407 1268/1890/1402 1275/1892/1404
f 1272/1899/1409 1280/1900/1406 1278/1901/1408
f 1277/1893/1405 1229/1826/1356 1231/1821/1352
f 1228/1822/1353 1277/1893/1405 1231/1821/1352
f 1285/1846/1373 1284/1902/1410 1283/1903/1411
f 1282/1904/1412 1285/1846/1373 1283/1903/1411
f 1287/1905/1413 1286/1844/1371 1288/1906/1414
f 1217/1887/1400 1284/1907/1410 1240/1908/1372
f 1257/1878/1392 1321/1909/1415 1290/1910/1416
f 1291/1911/1417 1290/1912/1416 1321/1913/1415
f 1261/1879/1393 1257/1878/1392 1290/1910/1416
f 1292/1914/1418 1261/1915/1393 1290/1916/1416
f 1262/1917/1419 1292/1914/1418 1297/1918/1420
f 1267/1885/1399 1264/1884/1398 1297/1918/1420
f 1267/1885/1399 1297/1918/1420 1295/1919/1421
f 1296/1920/1422 1295/1919/1421 1294/1921/1423
f 1293/1922/1424 1297/1918/1420 1291/1923/1417
f 1298/1924/1425 1027/1486/1120 1268/1890/1402
f 1056/1925/1173 1054/1555/1171 1298/1924/1425
f 1304/1926/1426 1057/1927/1427 1303/1928/1428
f 1300/1929/1429 1057/1927/1427 1299/1930/1430
f 1336/1931/1431 1302/1932/1432 1301/1933/1433
f 1298/1924/1425 1268/1890/1402 1270/1898/1407
f 1304/1926/1426 1271/1934/1434 1305/1935/1435
f 1309/1936/1436 1299/1937/1437 1307/1938/1438
f 1310/1939/1439 1314/1940/1440 1347/1941/1441
f 1310/1942/1439 1347/1943/1441 1312/1944/1442
f 1311/1945/1443 1310/1946/1439 1312/1947/1442
f 1283/1903/1411 1314/1940/1440 1313/1948/1444
f 1283/1903/1411 1284/1902/1410 1314/1940/1440
f 1282/1904/1412 1283/1903/1411 1313/1948/1444
f 1314/1949/1440 1284/1907/1410 1294/1950/1423
f 1313/1948/1444 1314/1940/1440 1310/1939/1439
f 1329/1951/1445 1314/1949/1440 1294/1950/1423
f 1086/1463/1105 1066/1952/1446 1316/1953/1447
f 1289/1954/1448 1086/1463/1105 1317/1955/1449
f 1289/1954/1448 1317/1955/1449 1318/1956/1450
f 1317/1955/1449 1316/1953/1447 1320/1957/1451
f 1318/1956/1450 1317/1955/1449 1320/1957/1451
f 1323/1958/1452 1291/1911/1417 1322/1959/1453
f 1322/1959/1453 1321/1913/1415 1324/1960/1454
f 1324/1961/1454 1289/1954/1448 1318/1956/1450
f 1319/1962/1455 1324/1960/1454 1318/1963/1456
f 1323/1958/1452 1319/1962/1455 1325/1964/1457
f 1366/1965/1458 1325/1964/1457 1319/1962/1455
f 1319/1962/1455 1320/1966/1451 1366/1965/1458
f 1328/1967/1459 1326/1968/1460 1366/1969/1458
f 1293/1922/1424 1323/1970/1452 1330/1971/1461
f 1294/1921/1423 1293/1922/1424 1329/1972/1445
f 1329/1972/1445 1330/1971/1461 1325/1973/1457
f 1326/1974/1460 1329/1972/1445 1325/1973/1457
f 1325/1973/1457 1327/1975/1462 1326/1974/1460
f 1332/1976/1463 1331/1977/1464 1082/1595/1201
f 1307/1938/1438 1334/1978/1465 1309/1936/1436
f 1335/1979/1466 1334/1978/1465 1307/1938/1438
f 1308/1980/1467 1335/1981/1466 1307/1982/1438
f 1340/1983/1468 1338/1984/1469 1339/1985/1470
f 1339/1985/1470 1332/1976/1463 1342/1986/1471
f 1342/1987/1472 1336/1931/1473 1334/1978/1465
f 1339/1988/1474 1334/1978/1465 1335/1979/1466
f 1341/1989/1475 1332/1990/1463 1338/1991/1469
f 1343/1992/1476 1342/1986/1471 1332/1976/1463
f 1343/1992/1476 1332/1976/1463 1333/1993/1477
f 1344/1994/1478 1348/1995/1479 1312/1947/1442
f 1312/1996/1442 1349/1997/1480 1344/1998/1478
f 1344/1994/1478 1349/1999/1480 1345/2000/1481
f 1345/2000/1481 1349/1999/1480 1338/1984/1469
f 1312/2001/1442 1347/2002/1441 1349/2003/1480
f 1351/2004/1482 1091/1603/1207 1093/2005/1211
f 1354/2006/1483 1352/1613/1215 1353/2007/1484
f 1066/1952/1446 1350/2008/1485 1356/2009/1486
f 1357/2010/1487 1356/2011/1488 1350/2012/1485
f 1354/2006/1483 1357/2010/1487 1351/2013/1489
f 1358/2014/1490 1355/2015/1491 1361/2016/1492
f 1359/2017/1493 1358/2014/1490 1361/2016/1492
f 1362/2018/1494 1359/2019/1493 1361/2020/1492
f 1362/2018/1494 1361/2020/1492 1355/2021/1491
f 1359/2017/1493 1316/1953/1447 1358/2014/1490
f 1320/1957/1451 1316/1953/1447 1359/2017/1493
f 1360/2022/1495 1320/1966/1451 1359/2019/1493
f 1353/2007/1484 1352/1613/1215 1364/2023/1496
f 1363/2024/1497 1354/2006/1483 1364/2023/1496
f 1362/2018/1494 1357/2010/1487 1365/2025/1498
f 1357/2010/1487 1354/2006/1483 1365/2025/1498
f 1373/2026/1499 1362/2018/1494 1365/2025/1498
f 1369/2027/1500 1364/2023/1496 1104/1625/1222
f 1369/2028/1500 1367/2029/1501 1368/2030/1502
f 1365/2025/1498 1363/2024/1497 1369/2027/1500
f 1370/2031/1503 1328/1967/1459 1371/2032/1504
f 1371/2033/1504 1360/2022/1495 1373/2026/1499
f 1331/2034/1464 1107/1628/1223 1106/1627/1199
f 1331/1977/1464 1106/1592/1199 1082/1595/1201
f 1370/2031/1503 1368/2030/1502 1341/1989/1475
f 931/2035/1043 258/2036/699 1375/2037/1505
f 964/1431/1079 931/2035/1043 1375/2037/1505
f 653/895/683 667/919/703 1376/2038/1506
f 666/2039/704 664/2040/705 1377/2041/708
f 665/918/702 1376/2038/1506 1378/2042/1507
f 668/2043/706 665/918/702 1393/2044/1508
f 932/1378/1048 934/1377/1047 1380/2045/1509
f 1381/2046/710 666/2039/704 1377/2041/708
f 672/913/697 263/2047/1510 932/1378/1048
f 966/2048/1511 964/1431/1079 1386/2049/1512
f 1387/2050/1513 667/2051/703 1379/2052/1514
f 1378/2042/1507 1376/2038/1506 1389/2053/1515
f 1376/2038/1506 1387/2054/1513 1390/2055/1516
f 1391/2056/1517 1387/2057/1513 1388/2058/1518
f 1375/2059/1505 1393/2060/1508 1385/2061/1519
f 1393/2044/1508 1378/2042/1507 1394/2062/1520
f 1393/2060/1508 1394/2063/1520 1385/2061/1519
f 1410/2064/1521 1386/2049/1512 1394/2065/1520
f 1410/2064/1521 1400/2066/1522 1386/2049/1512
f 1394/2062/1520 1378/2042/1507 1410/2067/1523
f 1388/2058/1518 1379/2068/1514 1381/2046/710
f 1396/2069/1524 1395/2070/1525 1382/2071/1526
f 1395/2070/1525 1388/2072/1527 1382/2071/1526
f 1395/2070/1525 1391/2073/1517 1388/2072/1527
f 1397/2074/1528 1383/2075/1529 1384/2076/1530
f 1380/2077/1509 1397/2074/1528 1384/2076/1530
f 1397/2074/1528 1398/2078/1531 1383/2075/1529
f 1397/2079/1528 1380/2045/1509 969/2080/1085
f 1398/2078/1531 1396/2069/1524 1383/2075/1529
f 1397/2081/1528 969/1437/1085 972/1440/1086
f 972/2082/1086 1398/2078/1531 1397/2074/1528
f 1399/2083/1532 972/2084/1086 974/2085/1088
f 1400/2066/1522 966/2048/1511 1386/2049/1512
f 1401/2086/1533 991/2087/1534 1400/2066/1522
f 1402/2088/1535 994/1508/1134 992/1477/1114
f 1401/2086/1533 1402/2088/1535 992/1477/1114
f 1404/2089/1536 1392/2090/1537 1391/2056/1517
f 1390/2055/1516 1405/2091/1538 1406/2092/1539
f 1411/2093/1540 1400/2066/1522 1410/2064/1521
f 1402/2088/1535 1401/2086/1533 1411/2093/1540
f 974/1444/1088 996/1446/1090 1001/2094/1541
f 1001/2094/1541 996/1446/1090 1000/2095/1542
f 1396/2069/1524 1414/2096/1543 1391/2073/1517
f 1416/2097/1544 1407/2098/1545 1404/2089/1536
f 1415/2099/1546 1416/2100/1544 1414/2096/1543
f 1464/2101/1547 1415/2099/1546 1398/2078/1531
f 974/1444/1088 1001/2094/1541 1418/2102/1548
f 1399/2103/1532 1419/2104/1549 1398/2078/1531
f 1419/2104/1549 1417/2105/1550 1398/2078/1531
f 1418/2102/1548 1001/2094/1541 1403/2106/1551
f 1418/2102/1548 1403/2106/1551 1420/2107/1552
f 1019/1543/1163 1018/1509/1135 1421/2108/1553
f 1433/1517/1143 1003/1483/1118 1024/1515/1141
f 1413/2109/1554 1402/2088/1535 1411/2093/1540
f 1389/2053/1515 1406/2092/1539 1412/2110/1555
f 1413/2111/1554 1412/2110/1555 1424/2112/1556
f 1425/2113/1557 1426/2114/1558 1408/2115/1559
f 1428/2116/1560 1425/2113/1557 1434/2117/1561
f 1425/2113/1557 1427/2118/1562 1426/2114/1558
f 1402/2088/1535 1421/2108/1553 994/1508/1134
f 1413/2109/1554 1429/2119/1563 1402/2088/1535
f 1430/2120/1564 1421/2108/1553 1429/2119/1563
f 1429/2121/1563 1424/2112/1556 1431/2122/1565
f 1423/2123/1566 1433/1517/1143 1025/1516/1142
f 1434/2117/1561 1409/2124/1567 1416/2097/1544
f 1415/2099/1546 1435/2125/1568 1416/2100/1544
f 1436/2126/1569 1435/2125/1568 1415/2099/1546
f 1437/2127/1570 1434/2117/1561 1435/2128/1571
f 1436/2126/1569 1437/2129/1572 1435/2125/1568
f 1438/2130/1573 1428/2116/1560 1434/2117/1561
f 1438/2130/1573 1434/2117/1561 1437/2127/1570
f 1464/2101/1547 1437/2129/1572 1436/2126/1569
f 1420/2131/1574 1417/2105/1550 1419/2104/1549
f 1443/2132/1575 1417/2133/1575 1440/2134/1575
f 1439/2135/1576 1432/2136/1577 1441/2137/1578
f 1432/2136/1577 1433/1517/1143 1442/2138/1579
f 1443/2139/1580 1440/2140/1581 1441/2141/1578
f 1442/2142/1579 1443/2139/1580 1441/2141/1578
f 1444/2143/1582 1443/2139/1580 1442/2142/1579
f 1446/2144/1583 1048/1578/1191 1046/1549/1167
f 1452/2145/1584 1428/2116/1560 1438/2130/1573
f 1428/2116/1560 1451/2146/1585 1427/2118/1562
f 1452/2145/1584 1456/2147/1586 1451/2146/1585
f 1445/2148/1587 1422/2149/1588 1430/2120/1564
f 1454/2150/1589 1430/2151/1564 1431/2122/1565
f 1455/2152/1590 1424/2112/1556 1453/2153/1591
f 1453/2153/1591 1456/2154/1592 1480/2155/1593
f 1459/2156/1594 1446/2144/1583 1458/2157/1595
f 1460/2158/1596 1446/2144/1583 1459/2156/1594
f 1458/2159/1597 1455/2152/1590 1461/2160/1598
f 1462/2161/1599 1447/2162/1600 1460/2158/1596
f 1053/2163/1601 1051/1522/1146 1050/1523/1145
f 1448/2164/1602 1053/2165/1601 1052/1554/1170
f 1052/1554/1170 1055/1556/1172 1449/2166/1603
f 1464/2101/1547 1438/2167/1604 1437/2129/1572
f 1464/2101/1547 1465/2168/1605 1438/2167/1604
f 1465/2169/1606 1452/2145/1584 1438/2130/1573
f 1467/2170/1607 1465/2168/1605 1464/2101/1547
f 1468/2171/1608 1457/2172/1609 1465/2169/1606
f 1467/2170/1607 1466/2173/1610 1465/2168/1605
f 1467/2170/1607 1468/2174/1611 1466/2173/1610
f 1497/2175/1612 1469/2176/1613 1467/2170/1607
f 1443/2139/1580 1467/2170/1607 1417/2105/1550
f 1497/2175/1612 1467/2170/1607 1443/2139/1580
f 1471/2177/1614 1443/2139/1580 1444/2143/1582
f 1471/2178/1614 1053/2165/1601 1472/2179/1615
f 1470/2180/1616 1443/2139/1580 1471/2177/1614
f 1472/2181/1615 1470/2180/1616 1471/2177/1614
f 1449/2166/1603 1450/2182/1617 1474/2183/1618
f 1449/2166/1603 1473/2184/1619 1472/2179/1615
f 1474/2185/1618 1470/2180/1616 1473/2186/1619
f 1475/2187/1620 1074/1581/1193 1048/1578/1191
f 1475/2187/1620 1076/2188/1195 1074/1581/1193
f 1079/2189/1621 1076/1583/1195 1476/2190/1622
f 1478/2191/1623 1081/1594/1200 1477/2192/1624
f 1082/1595/1201 1081/1594/1200 1478/2191/1623
f 1457/2172/1609 1480/2193/1593 1456/2147/1586
f 1482/2194/1625 1483/2195/1626 1481/2196/1627
f 1463/2197/1628 1455/2152/1590 1480/2155/1593
f 1462/2198/1599 1460/2199/1596 1461/2200/1598
f 1462/2201/1629 1463/2197/1628 1484/2202/1630
f 1485/2203/1631 1463/2197/1628 1481/2196/1627
f 1486/2204/1632 1488/2205/1633 1482/2206/1625
f 1481/2196/1627 1483/2195/1626 1487/2207/1634
f 1488/2205/1633 1489/2208/1635 1483/2209/1636
f 1486/2204/1632 1489/2208/1635 1488/2205/1633
f 1490/2210/1637 1447/2162/1600 1462/2161/1599
f 1490/2210/1637 1475/2187/1620 1447/2162/1600
f 1490/2211/1638 1484/2202/1630 1491/2212/1639
f 1494/2213/1640 1477/2192/1624 1493/2214/1641
f 1494/2213/1640 1485/2215/1631 1495/2216/1642
f 1479/2217/1643 1478/2191/1623 1496/2218/1644
f 1469/2176/1613 1468/2174/1611 1467/2170/1607
f 1498/2219/1645 1457/2172/1609 1468/2171/1608
f 1469/2176/1613 1499/2220/1646 1468/2174/1611
f 1497/2175/1612 1499/2220/1646 1469/2176/1613
f 1498/2219/1645 1486/2204/1632 1482/2206/1625
f 1497/2175/1612 1500/2221/1647 1499/2220/1646
f 1503/2222/1648 1501/2223/1649 1497/2175/1612
f 1486/2204/1632 1498/2219/1645 1500/2224/1650
f 1501/2223/1649 1502/2225/1651 1497/2175/1612
f 1502/2226/1652 1504/2227/1653 1486/2204/1632
f 1505/2228/1654 1470/2180/1616 1673/2229/1655
f 1487/2207/1634 1489/2230/1656 1506/2231/1657
f 1487/2207/1634 1506/2231/1657 1508/2232/1658
f 1508/2232/1658 1509/2233/1659 1510/2234/1660
f 1507/2235/1661 1509/2236/1662 1506/2237/1663
f 1512/2238/1664 1511/2239/1665 1509/2240/1662
f 1508/2232/1658 1510/2234/1660 1513/2241/1666
f 1495/2242/1642 1485/2203/1631 1514/2243/1667
f 1514/2243/1667 1508/2232/1658 1515/2244/1668
f 1508/2232/1658 1513/2241/1666 1515/2244/1668
f 1511/2239/1665 1516/2245/1669 1513/2246/1670
f 1699/2247/1671 1479/2217/1643 1496/2218/1644
f 1515/2244/1668 1516/2248/1669 1520/2249/1672
f 1517/2250/1673 1520/2251/1672 1516/2245/1669
f 1723/2252/1674 1520/2251/1672 1517/2250/1673
f 1519/2253/1675 1723/2252/1674 1517/2250/1673
f 1723/2252/1674 1521/2254/1676 1520/2251/1672
f 1522/2255/1677 1723/2252/1674 1519/2253/1675
f 1501/2223/1649 1504/2256/1678 1502/2225/1651
f 1523/2257/1679 1512/2258/1664 1507/2235/1661
f 1503/2222/1648 1523/2259/1680 1501/2223/1649
f 1524/2260/1681 1512/2258/1664 1523/2257/1679
f 1503/2222/1648 1524/2261/1682 1523/2259/1680
f 1525/2262/1683 1512/2238/1664 1524/2263/1681
f 1526/2264/1684 1518/2265/1685 1525/2262/1683
f 1518/2265/1685 1519/2253/1675 1517/2250/1673
f 1527/2266/1686 1526/2267/1684 1505/2228/1654
f 1736/2268/1687 1519/2253/1675 1526/2264/1684
f 1146/2269/1269 515/692/520 890/2270/1688
f 1188/2271/1321 1146/2272/1269 1531/2273/1689
f 891/1291/984 1149/1706/1272 1529/1296/988
f 1529/1296/988 1149/1706/1272 1151/2274/1690
f 1528/2275/1691 1188/2271/1321 1531/2273/1689
f 1532/1304/994 1529/1296/988 1530/2276/1692
f 881/1275/973 874/1269/968 1536/2277/1693
f 1536/2277/1693 879/1299/990 1533/2278/1694
f 1533/2279/1694 1532/1304/994 1530/2276/1692
f 1535/2280/1695 895/1303/993 1566/2281/1696
f 1566/2281/1696 895/1303/993 1565/2282/1697
f 897/1310/996 1531/2283/1689 890/2284/1688
f 1539/2285/1698 814/1232/946 888/1288/983
f 888/1311/983 1535/2280/1695 1539/2286/1698
f 1540/2287/1699 896/1308/995 814/1232/946
f 1541/2288/1700 1148/2289/1322 1543/2290/1701
f 1548/2291/1702 1542/2292/1703 1545/2293/1704
f 1543/2294/1701 1545/2295/1705 1542/2296/1706
f 1192/2297/1324 1189/2298/1320 1541/2288/1700
f 1193/2299/1707 1192/2297/1327 1541/2288/1708
f 1542/2300/1703 1546/2301/1709 1544/2302/1710
f 1548/2291/1702 1545/2293/1704 1549/2303/1711
f 1555/2304/1712 1193/2299/1707 1546/2301/1709
f 1551/2305/1713 1550/2306/1714 1548/2307/1702
f 1551/2305/1713 1549/2308/1711 1552/2309/1715
f 1530/2276/1692 1200/1793/1332 1554/2310/1716
f 1200/1793/1332 1203/1796/1335 1202/1801/1338
f 1556/2311/1717 1546/2312/1709 1547/2313/1718
f 1557/2314/1719 1547/2313/1718 1548/2315/1702
f 1555/2304/1712 1197/2316/1328 1193/2299/1707
f 1556/2317/1717 1555/2304/1712 1546/2301/1709
f 1556/2318/1720 1202/1801/1338 1555/2319/1721
f 1202/2320/1722 1557/2314/1719 1558/2321/1723
f 1555/2322/1721 1204/2323/1337 1197/2324/1328
f 1555/2319/1721 1202/1801/1338 1204/1800/1337
f 1528/2275/1691 1543/2325/1701 1148/2326/1322
f 1561/2327/1724 1543/2325/1701 1528/2275/1691
f 1560/2328/1725 1549/2329/1711 1543/2294/1701
f 1560/2330/1725 1543/2331/1701 1561/2332/1724
f 1560/2328/1725 1552/2333/1715 1549/2329/1711
f 1560/2328/1725 1576/2334/1726 1552/2333/1715
f 1530/2276/1692 1554/2310/1716 1562/2335/1727
f 1563/2336/1728 1530/2276/1692 1562/2335/1727
f 1562/2335/1727 1554/2310/1716 1558/2337/1723
f 1565/2338/1697 1534/1300/991 1568/2339/1729
f 1567/2340/1730 1566/2281/1696 1570/2341/1731
f 1570/2341/1731 1565/2282/1697 1568/2342/1729
f 1569/2343/1732 1536/2277/1693 1594/2344/1733
f 1572/2345/1734 1538/2346/1735 896/2347/1736
f 1571/2348/1737 1561/2349/1724 1528/2350/1691
f 1572/2351/1734 1571/2352/1737 1538/2353/1735
f 1539/2286/1698 1535/2280/1695 1573/2354/1738
f 1574/2355/1739 1540/2287/1699 1573/2356/1738
f 1573/2354/1738 1567/2340/1730 1574/2357/1739
f 1574/2357/1739 1567/2340/1730 1601/2358/1740
f 1579/2359/1741 1226/2360/1742 1225/1831/1360
f 1227/2361/1354 1578/2362/1743 1577/2363/1744
f 1581/2364/1745 1577/2365/1744 1576/2334/1726
f 1576/2366/1746 1580/2367/1747 1582/2368/1748
f 1553/2369/1749 1582/2370/1748 1583/2371/1750
f 1582/2370/1748 1580/2372/1747 1585/2373/1751
f 1577/2374/1752 1586/2375/1753 1584/2376/1754
f 1580/2377/1747 1577/2374/1752 1584/2376/1754
f 1583/2371/1750 1582/2370/1748 1585/2373/1751
f 1580/2377/1747 1584/2376/1754 1585/2378/1751
f 1588/2379/1755 1584/2376/1754 1586/2375/1753
f 1585/2378/1751 1584/2376/1754 1588/2379/1755
f 1579/2359/1741 1233/2380/1362 1587/2381/1756
f 1559/2382/1757 1550/2306/1714 1553/2369/1749
f 1583/2371/1750 1585/2373/1751 1590/2383/1758
f 1588/2384/1755 1587/2385/1756 1239/2386/1759
f 1592/2387/1760 1591/2388/1761 1588/2389/1755
f 1593/2390/1762 1581/2364/1745 1561/2391/1724
f 1593/2392/1762 1227/1823/1354 1581/2393/1745
f 1593/2392/1762 1230/1828/1358 1228/1822/1353
f 1593/2392/1762 1228/1822/1353 1227/1823/1354
f 1563/2336/1728 1562/2335/1727 1564/2394/1763
f 1594/2344/1733 1563/2395/1728 1564/2396/1763
f 1562/2335/1727 1589/2397/1764 1595/2398/1765
f 1589/2399/1766 1583/2371/1750 1590/2383/1758
f 1596/2400/1767 1589/2397/1764 1590/2401/1768
f 1596/2402/1769 1590/2403/1758 1591/2404/1761
f 1597/2405/1770 1596/2400/1767 1592/2387/1760
f 1598/2406/1771 1597/2407/1772 1599/2408/1773
f 1570/2341/1731 1568/2342/1729 1600/2409/1774
f 1594/2344/1733 1598/2406/1771 1569/2343/1732
f 1601/2358/1740 1570/2341/1731 1602/2410/1775
f 1600/2411/1774 1569/2343/1732 1604/2412/1776
f 1605/2413/1777 1593/2392/1762 1571/2348/1737
f 1606/2414/1778 1605/2413/1777 1571/2348/1737
f 1230/1828/1358 1593/2392/1762 1605/2413/1777
f 1607/2415/1779 1230/1828/1358 1605/2413/1777
f 1281/1827/1357 1230/1828/1358 1607/2415/1779
f 1606/2416/1778 1281/2417/1780 1607/2418/1779
f 1606/2416/1778 1571/2352/1737 1572/2351/1734
f 1628/2419/1781 1606/2416/1778 1572/2351/1734
f 1601/2358/1740 1603/2420/1782 1609/2421/1783
f 1609/2422/1783 1575/2423/1784 1574/2355/1739
f 1631/2424/1785 1603/2420/1782 1618/2425/1786
f 1609/2421/1783 1603/2420/1782 1631/2424/1785
f 1276/2426/1787 1228/1822/1353 1281/1827/1357
f 1611/2427/1788 1288/1906/1414 1282/1904/1412
f 1588/2389/1755 1287/1905/1413 1612/2428/1789
f 1610/2429/1790 1287/1905/1413 1288/1906/1414
f 1279/2430/1791 1274/2431/1792 1276/2432/1787
f 1655/2433/1793 1272/1899/1409 1279/2430/1791
f 1610/2429/1790 1611/2427/1788 1613/2434/1794
f 1610/2429/1790 1592/2387/1760 1612/2428/1789
f 1597/2405/1770 1610/2429/1790 1613/2434/1794
f 1599/2408/1773 1597/2407/1772 1613/2435/1795
f 1599/2408/1773 1613/2435/1795 1614/2436/1796
f 1620/2437/1797 1617/2438/1798 1619/2439/1799
f 1618/2425/1786 1617/2438/1798 1620/2437/1797
f 1620/2440/1797 1616/2441/1800 1621/2442/1801
f 1598/2406/1771 1662/2443/1802 1616/2441/1800
f 1602/2410/1775 1604/2444/1776 1617/2438/1803
f 1624/2445/1804 1276/2426/1787 1626/2446/1805
f 1627/2447/1806 1624/2448/1807 1626/2449/1808
f 1655/2433/1793 1279/2430/1791 1624/2450/1804
f 1627/2447/1806 1625/2451/1809 1624/2448/1807
f 1625/2451/1809 1623/2452/1810 1624/2448/1807
f 1276/2426/1787 1281/1827/1357 1626/2446/1805
f 1627/2447/1806 1626/2449/1808 1281/2417/1780
f 1627/2447/1806 1281/2417/1780 1606/2416/1778
f 1618/2425/1786 1620/2437/1797 1630/2453/1811
f 1629/2454/1812 1628/2419/1781 1608/2455/1813
f 1630/2456/1814 1628/2419/1781 1629/2454/1812
f 1630/2453/1811 1620/2437/1797 1622/2457/1815
f 1630/2456/1814 1681/2458/1816 1628/2419/1781
f 1631/2459/1817 1608/2455/1813 1609/2422/1783
f 1629/2454/1812 1608/2455/1813 1631/2459/1817
f 1633/2460/1818 1632/2461/1819 1634/2462/1820
f 1635/2463/1821 1300/2464/1429 1299/2465/1437
f 1632/2466/1819 1300/2467/1429 1636/2468/1822
f 1633/2469/1818 1300/2467/1429 1632/2466/1819
f 1635/2470/1823 1302/2471/1432 1636/2472/1824
f 1639/2473/1825 1632/2466/1826 1638/2474/1827
f 1637/2475/1828 1683/2476/1829 1684/2477/1830
f 1638/2474/1827 1637/2478/1828 1684/2479/1830
f 1639/2480/1825 1638/2481/1827 1685/2482/1831
f 1641/2483/1832 1305/2484/1833 1640/2485/1834
f 1646/2486/1835 1640/2487/1834 1658/2488/1836
f 1641/2489/1832 1308/1980/1467 1306/2490/1837
f 1644/2491/1838 1646/2492/1835 1642/2493/1839
f 1645/2494/1840 1634/2495/1841 1639/2480/1825
f 1643/2496/1842 1647/2497/1843 1641/2498/1832
f 1648/2499/1844 1647/2497/1843 1643/2496/1842
f 1648/2499/1844 1643/2496/1842 1646/2500/1835
f 1650/2501/1845 1311/1945/1443 1651/2502/1846
f 1652/2503/1847 1282/1904/1412 1315/2504/1848
f 1652/2505/1847 1310/1946/1439 1650/2501/1845
f 1633/2460/1818 1634/2462/1820 1657/2506/1849
f 1653/2507/1850 1654/2508/1851 1657/2506/1849
f 1654/2508/1851 1450/2182/1617 1633/2460/1818
f 1655/2433/1793 1658/2509/1836 1273/2510/1852
f 1656/2511/1853 1657/2506/1849 1658/2509/1836
f 1657/2506/1849 1634/2462/1820 1642/2512/1854
f 1664/2513/1855 1663/2514/1856 1659/2515/1857
f 1660/2516/1858 1651/2502/1846 1661/2517/1859
f 1707/2518/1860 1660/2519/1861 1661/2520/1862
f 1664/2513/1855 1659/2515/1857 1707/2518/1860
f 1662/2443/1802 1614/2436/1796 1615/2521/1863
f 1615/2522/1864 1652/2503/1847 1663/2523/1856
f 1664/2513/1855 1615/2521/1863 1663/2514/1856
f 1662/2443/1802 1615/2521/1863 1664/2513/1855
f 1662/2443/1802 1667/2524/1865 1665/2525/1866
f 1668/2526/1867 1665/2525/1866 1667/2524/1865
f 1621/2442/1801 1616/2441/1800 1669/2527/1868
f 1670/2528/1869 1620/2437/1797 1671/2529/1870
f 1671/2530/1870 1621/2531/1801 1669/2532/1868
f 1666/2533/1871 1669/2532/1868 1665/2534/1866
f 1670/2528/1869 1671/2529/1870 1666/2535/1871
f 1474/2183/1618 1450/2182/1617 1654/2508/1851
f 1673/2229/1655 1474/2185/1618 1674/2536/1872
f 1656/2511/1853 1655/2433/1793 1623/2537/1873
f 1625/2451/1809 1656/2538/1874 1623/2452/1810
f 1672/2539/1875 1654/2508/1851 1653/2507/1876
f 1672/2540/1875 1653/2541/1876 1656/2542/1874
f 1625/2543/1809 1672/2540/1875 1656/2542/1874
f 1675/2544/1877 1674/2536/1872 1625/2451/1809
f 1675/2544/1877 1625/2451/1809 1627/2447/1806
f 1677/2545/1878 1666/2535/1871 1717/2546/1879
f 1678/2547/1880 1680/2548/1881 1676/2549/1882
f 1679/2550/1883 1717/2546/1879 1680/2551/1881
f 1622/2552/1884 1681/2458/1816 1630/2456/1814
f 1622/2457/1815 1670/2528/1869 1679/2550/1883
f 1679/2553/1883 1678/2547/1880 1681/2458/1816
f 1670/2528/1869 1666/2535/1871 1677/2545/1878
f 1639/2480/1825 1685/2482/1831 1692/2554/1885
f 1302/2471/1432 1336/2555/1431 1682/2556/1886
f 1638/2474/1827 1684/2479/1830 1685/2557/1831
f 1684/2477/1830 1683/2476/1829 1682/2556/1886
f 1333/2558/1887 1682/2556/1888 1343/2559/1889
f 1687/2560/1890 1082/1595/1201 1479/2217/1643
f 1333/2561/1891 1332/2562/1891 1687/2563/1891
f 1688/2564/1892 1684/2477/1893 1333/2558/1887
f 1686/2565/1894 1685/2566/1831 1688/2564/1892
f 1641/2489/1832 1337/2567/1895 1308/1980/1467
f 1646/2492/1835 1644/2491/1838 1693/2568/1896
f 1645/2494/1840 1690/2569/1897 1691/2570/1898
f 1649/2571/1899 1693/2572/1896 1644/2573/1838
f 1346/2574/1900 1340/2575/1901 1337/2576/1895
f 1689/2577/1902 1346/2574/1900 1337/2576/1895
f 1648/2499/1844 1346/2574/1903 1689/2577/1902
f 1693/2578/1896 1694/2579/1904 1648/2499/1844
f 1649/2571/1899 1691/2570/1898 1695/2580/1905
f 1696/2581/1906 1694/2582/1907 1695/2583/1908
f 1690/2569/1897 1692/2554/1885 1686/2584/1894
f 1698/2585/1909 1348/1995/1479 1344/1994/1478
f 1696/2586/1906 1346/2574/1910 1694/2579/1907
f 1698/2585/1909 1346/2587/1911 1696/2581/1906
f 1651/2502/1846 1311/1945/1443 1348/1995/1479
f 1651/2502/1846 1348/1995/1479 1697/2588/1912
f 1701/2589/1913 1696/2581/1906 1695/2583/1908
f 1705/2590/1914 1696/2581/1906 1701/2589/1913
f 1700/2591/1915 1705/2590/1914 1701/2589/1913
f 1695/2583/1908 1691/2592/1916 1701/2589/1913
f 1687/2560/1890 1701/2589/1913 1686/2593/1917
f 1702/2594/1918 1687/2560/1890 1699/2247/1671
f 1706/2595/1919 1700/2596/1915 1702/2597/1918
f 1703/2598/1920 1698/2585/1909 1704/2599/1921
f 1704/2599/1921 1698/2585/1909 1705/2590/1914
f 1704/2599/1921 1705/2590/1914 1700/2591/1915
f 1706/2595/1919 1704/2600/1921 1700/2596/1915
f 1705/2590/1914 1698/2585/1909 1696/2581/1906
f 1661/2517/1859 1697/2588/1912 1703/2598/1920
f 1707/2518/1860 1661/2520/1862 1703/2601/1922
f 1707/2518/1860 1703/2601/1922 1704/2600/1921
f 1710/2602/1923 1667/2524/1865 1708/2603/1924
f 1710/2602/1923 1708/2603/1924 1712/2604/1925
f 1709/2605/1926 1710/2606/1927 1711/2607/1928
f 1668/2526/1867 1667/2524/1865 1713/2608/1929
f 1714/2609/1930 1668/2610/1867 1713/2611/1931
f 1713/2608/1929 1667/2524/1865 1715/2612/1932
f 1715/2612/1932 1667/2524/1865 1710/2602/1923
f 1715/2613/1933 1710/2606/1927 1709/2605/1926
f 1716/2614/1934 1675/2544/1877 1676/2549/1882
f 1709/2605/1926 1711/2607/1928 1742/2615/1935
f 1709/2616/1936 1716/2614/1934 1676/2549/1882
f 1680/2551/1881 1717/2546/1879 1718/2617/1937
f 1717/2618/1879 1714/2609/1930 1719/2619/1938
f 1718/2620/1937 1676/2549/1882 1680/2548/1881
f 1714/2609/1930 1715/2613/1933 1719/2619/1938
f 1719/2621/1938 1676/2549/1882 1718/2620/1937
f 1720/2622/1939 1496/2623/1644 1514/2243/1667
f 1721/2624/1940 1720/2622/1939 1515/2244/1668
f 1721/2624/1940 1515/2244/1668 1520/2249/1672
f 1722/2625/1941 1721/2624/1940 1521/2626/1676
f 1722/2627/1941 1521/2254/1676 1723/2252/1674
f 1522/2255/1677 1724/2628/1942 1723/2252/1674
f 1725/2629/1943 1706/2595/1919 1721/2624/1940
f 1727/2630/1944 1725/2629/1943 1726/2631/1945
f 1727/2630/1944 1726/2631/1945 1722/2625/1941
f 1729/2632/1946 1728/2633/1947 1725/2629/1943
f 1730/2634/1948 1728/2635/1947 1729/2636/1946
f 1730/2634/1949 1729/2636/1950 1731/2637/1951
f 1729/2632/1946 1725/2629/1943 1732/2638/1952
f 1731/2637/1951 1729/2636/1950 1732/2639/1953
f 1712/2604/1925 1708/2603/1924 1728/2633/1947
f 1730/2634/1948 1712/2640/1925 1728/2635/1947
f 1733/2641/1954 1505/2228/1654 1673/2229/1655
f 1734/2642/1955 1527/2266/1686 1733/2641/1954
f 1735/2643/1956 1722/2627/1941 1724/2628/1942
f 1740/2644/1957 1527/2266/1686 1734/2642/1955
f 1739/2645/1958 1733/2641/1954 1737/2646/1959
f 1738/2647/1960 1727/2648/1961 1739/2649/1958
f 1734/2650/1955 1739/2649/1958 1735/2643/1956
f 1741/2651/1962 1675/2544/1877 1716/2614/1934
f 1731/2637/1951 1732/2639/1953 1738/2647/1960
f 1731/2652/1963 1737/2646/1959 1675/2544/1877
f 1711/2607/1928 1730/2634/1949 1741/2653/1964
f 9/1/1 4/18/15 3/2/2
f 38/6/4 3/5/2 4/2654/15
f 4/18/15 2/25/22 1/41/32
f 38/6/4 4/2654/15 1/52/40
f 7/9/7 5/8/6 11/12/10
f 6/7/5 9/1/1 5/8/6
f 10/10/8 5/16/13 8/4/3
f 14/14/12 12/339/11 11/15/10
f 10/10/8 14/14/12 5/16/13
f 18/19/16 9/1/1 6/7/5
f 23/20/17 7/9/7 19/21/18
f 21/33/20 15/17/14 18/19/16
f 20/62/25 16/26/23 15/17/14
f 24/32/27 17/30/26 23/20/17
f 23/20/17 26/35/29 24/32/27
f 25/36/21 27/2655/56 22/74/19
f 28/38/30 27/2655/56 25/36/21
f 32/47/37 29/46/36 31/95/39
f 30/49/38 33/97/65 31/50/39
f 2/25/22 36/42/33 34/40/31
f 35/44/35 1/52/40 34/2656/1965
f 35/44/35 34/2656/1965 37/45/34
f 32/47/37 35/44/35 29/46/36
f 29/46/36 37/45/34 31/95/39
f 32/47/37 10/10/8 38/6/4
f 40/54/42 33/2657/65 30/48/38
f 2/25/22 41/53/41 36/42/33
f 36/42/33 39/55/43 30/48/38
f 68/61/47 40/56/42 42/58/44
f 45/28/24 41/2658/41 20/29/25
f 46/63/48 39/55/43 41/53/41
f 69/2659/74 43/69/46 47/68/49
f 47/68/49 45/70/24 22/74/19
f 52/78/54 53/81/55 51/79/51
f 53/81/55 49/111/77 48/82/50
f 50/75/52 22/74/19 27/2655/56
f 57/85/58 56/80/53 54/86/57
f 52/78/54 56/80/53 57/85/58
f 59/91/61 54/86/57 58/88/60
f 63/99/67 60/96/64 62/2660/63
f 61/92/62 101/141/102 62/93/63
f 60/94/64 31/50/39 64/98/66
f 33/97/65 61/92/62 64/98/66
f 32/47/37 60/96/64 63/99/67
f 66/158/116 101/157/102 61/101/62
f 66/158/116 61/101/62 65/103/69
f 67/105/71 66/158/116 65/103/69
f 40/56/42 65/103/69 33/102/65
f 68/61/47 65/103/69 40/56/42
f 67/105/71 65/103/69 68/61/47
f 69/108/74 70/106/72 44/59/45
f 75/113/78 72/165/123 71/107/73
f 69/108/74 44/59/45 43/60/46
f 49/111/77 73/776/597 74/112/76
f 73/2661/597 75/113/78 74/110/76
f 133/116/81 76/115/80 132/167/125
f 81/449/348 80/448/82 79/2662/1966
f 80/448/82 76/115/80 79/2662/1966
f 83/779/599 79/2662/1966 76/115/80
f 84/185/139 77/119/83 80/118/82
f 86/120/84 85/131/1967 90/121/85
f 94/123/87 93/2663/113 91/124/86
f 88/128/91 90/127/90 85/188/142
f 94/123/87 90/125/88 96/129/92
f 98/132/95 86/120/84 87/136/97
f 99/133/96 89/2664/145 85/134/94
f 87/136/97 86/120/84 91/122/86
f 92/137/98 91/122/86 93/153/113
f 104/143/104 62/2660/63 102/144/105
f 63/99/67 62/2660/63 104/143/104
f 101/141/102 103/140/101 102/142/103
f 143/199/152 112/100/68 63/99/67
f 87/136/97 108/152/112 98/132/95
f 109/149/110 107/148/109 106/2665/153
f 108/152/112 109/2666/1968 98/132/95
f 106/200/153 107/151/109 143/199/152
f 109/149/110 99/204/96 98/2667/95
f 107/151/109 112/100/68 143/199/152
f 108/152/112 87/136/97 92/137/98
f 110/154/111 107/2668/109 108/152/108
f 94/2669/1969 110/150/111 93/2670/1970
f 110/150/111 94/2669/1969 111/2671/115
f 67/105/71 114/160/118 66/158/116
f 115/104/70 114/160/118 67/105/71
f 114/160/118 116/162/120 66/158/116
f 117/164/122 150/159/117 115/104/70
f 117/164/122 154/212/162 150/159/117
f 70/106/72 117/164/122 115/104/70
f 72/165/123 121/166/124 120/109/75
f 121/166/124 119/214/164 118/163/121
f 125/170/128 128/175/132 134/171/126
f 126/172/129 122/169/127 134/168/126
f 127/847/646 122/169/127 126/172/129
f 130/176/133 126/2672/129 128/177/130
f 131/179/135 126/172/129 130/180/133
f 134/168/126 132/167/125 77/183/83
f 84/185/139 129/174/131 125/170/128
f 170/195/148 88/128/91 135/189/143
f 171/2673/220 135/190/144 89/192/145
f 90/127/90 95/126/89 173/193/146
f 95/126/89 88/128/91 173/193/146
f 99/2674/96 171/2675/220 89/2676/145
f 97/233/93 96/228/92 172/230/177
f 105/2677/107 100/139/106 138/138/1971
f 140/196/149 138/138/1971 139/197/150
f 105/2677/107 138/138/1971 140/196/149
f 142/238/161 141/198/151 139/197/150
f 143/199/152 104/143/104 105/146/107
f 109/149/110 106/2665/153 144/202/154
f 145/203/155 137/241/186 99/204/96
f 146/243/157 111/2678/115 97/233/93
f 110/150/111 111/2671/115 146/206/157
f 113/161/119 138/209/99 103/156/101
f 148/208/159 139/2679/150 138/209/99
f 148/2680/159 142/238/161 139/197/150
f 116/162/120 150/159/117 113/161/119
f 152/215/165 151/207/158 150/159/117
f 151/207/158 152/215/165 149/210/160
f 157/217/167 152/215/165 154/212/162
f 156/213/163 158/859/656 155/216/166
f 130/176/133 159/178/134 162/223/169
f 160/222/172 130/176/133 162/223/169
f 161/874/666 130/176/133 160/222/172
f 168/218/168 165/220/170 162/219/169
f 164/884/673 160/222/172 167/225/173
f 164/884/673 163/875/667 160/222/172
f 169/186/140 210/227/175 129/174/131
f 135/2681/144 171/2682/220 170/2683/148
f 96/228/92 90/2684/88 136/229/176
f 173/193/146 170/195/148 215/1313/998
f 175/235/181 172/230/177 220/285/224
f 137/2685/186 171/2675/220 99/2674/96
f 137/2685/186 217/1318/1002 171/2675/220
f 217/1318/1002 214/1320/1004 171/2675/220
f 178/236/182 140/196/149 141/198/151
f 105/146/107 140/2686/149 178/288/182
f 143/199/152 105/146/107 180/291/229
f 137/241/186 908/242/187 217/2687/1002
f 181/246/190 10/10/8 112/100/68
f 181/246/190 112/100/68 230/245/189
f 184/2688/203 142/238/161 149/2689/160
f 184/2688/203 179/239/184 142/238/161
f 188/252/195 191/251/194 187/2690/193
f 185/313/199 191/251/194 190/253/196
f 186/255/198 189/248/192 191/250/194
f 192/254/197 247/322/252 190/253/196
f 149/210/160 195/257/200 184/260/203
f 153/258/201 196/259/202 195/257/200
f 198/597/455 187/249/193 189/248/192
f 198/597/455 189/248/192 199/2691/218
f 199/2691/218 189/248/192 202/261/204
f 200/264/207 199/2691/218 202/261/204
f 152/215/165 157/217/167 153/258/201
f 158/859/656 204/887/676 155/216/166
f 155/216/166 203/266/209 157/217/167
f 155/216/166 204/887/676 203/266/209
f 204/887/676 256/329/259 203/266/209
f 205/888/677 256/2692/259 204/889/676
f 648/270/213 167/225/173 208/268/211
f 206/269/212 208/268/211 165/271/170
f 209/226/174 206/334/212 165/220/170
f 201/265/208 202/261/204 197/263/206
f 201/278/208 197/273/206 210/227/175
f 199/2693/218 212/2694/217 198/2695/455
f 199/277/218 200/2696/207 213/275/216
f 200/2696/207 201/278/208 213/275/216
f 214/2697/1004 216/279/219 171/281/220
f 215/1313/998 170/195/148 216/1314/219
f 218/283/222 173/193/146 215/1313/998
f 172/230/177 174/232/179 220/285/224
f 222/286/225 178/236/182 221/240/185
f 179/239/184 223/2698/1972 221/240/185
f 223/2698/1972 224/287/226 221/240/185
f 225/1327/1009 222/1326/225 224/2699/226
f 906/289/227 178/288/182 222/1326/225
f 223/2698/1972 226/1329/1011 224/287/226
f 908/242/187 145/203/155 227/290/228
f 227/1332/228 144/201/154 180/291/229
f 146/243/157 176/234/180 175/235/181
f 147/205/156 146/206/157 228/293/230
f 910/2700/1973 147/2701/156 229/2702/231
f 231/244/188 112/100/68 913/1341/1020
f 234/298/233 183/299/234 182/296/191
f 245/2703/1974 193/300/235 234/298/233
f 237/2704/239 235/303/237 236/304/238
f 236/302/236 230/245/189 231/244/188
f 184/2688/203 223/2698/1972 179/239/184
f 239/2705/255 223/2698/1972 184/2688/203
f 250/2706/1038 226/1400/1011 223/2707/1972
f 190/253/196 241/311/244 185/313/199
f 185/313/199 240/312/245 186/2708/198
f 241/2709/244 242/316/247 240/315/245
f 192/2710/197 245/2711/1974 247/2712/252
f 194/659/443 193/300/235 245/2703/1974
f 194/580/443 245/2713/1974 192/254/197
f 246/318/249 245/2703/1974 234/298/233
f 245/2713/1974 246/323/253 247/322/252
f 248/319/250 246/2714/249 235/320/237
f 247/322/252 243/314/246 190/253/196
f 238/308/241 248/319/250 237/305/239
f 249/326/256 196/259/202 153/258/201
f 196/259/202 250/1366/1038 239/325/255
f 250/2715/1038 223/2698/1972 239/2705/255
f 196/259/202 251/327/257 250/1366/1038
f 252/336/205 186/2716/198 240/315/245
f 252/336/205 240/315/245 253/338/264
f 253/338/264 240/315/245 244/317/248
f 255/328/258 251/327/257 249/326/256
f 258/1372/699 257/330/260 256/329/259
f 261/332/262 647/891/679 207/267/210
f 260/272/214 264/1374/1045 259/333/261
f 259/331/261 264/1376/1045 261/332/262
f 262/1375/1046 261/332/262 264/1376/1045
f 263/2047/1510 261/332/262 262/1375/1046
f 197/273/206 265/2717/1975 211/274/215
f 266/342/267 13/11/9 12/13/11
f 268/340/265 14/14/12 10/10/8
f 267/353/274 266/342/267 270/344/269
f 273/356/277 270/344/269 272/346/270
f 271/345/268 268/340/265 269/341/266
f 273/2718/277 272/350/270 275/349/272
f 19/21/18 13/11/9 277/34/28
f 278/354/275 267/353/274 270/344/269
f 278/354/275 277/34/28 267/353/274
f 279/355/276 281/359/279 278/354/275
f 283/373/282 26/39/29 282/2719/280
f 285/358/278 279/355/276 273/356/277
f 285/358/278 284/361/281 279/355/276
f 280/365/285 285/358/278 275/357/272
f 317/374/289 288/372/288 283/373/282
f 276/376/273 274/348/271 289/375/290
f 292/379/293 275/349/272 276/352/273
f 293/382/295 290/377/291 289/375/290
f 294/383/294 291/378/292 293/382/295
f 297/387/299 294/381/294 295/388/300
f 300/390/302 294/381/294 297/387/299
f 280/370/285 275/349/272 292/379/293
f 287/2720/284 303/2721/303 302/2722/286
f 300/390/302 299/371/287 292/379/293
f 305/393/305 302/366/286 303/394/303
f 304/392/304 300/390/302 301/396/306
f 288/398/288 306/400/308 58/88/60
f 59/91/61 58/88/60 306/400/308
f 309/401/309 59/91/61 306/400/308
f 310/402/310 311/2723/735 309/401/309
f 311/2724/1976 312/408/315 313/444/344
f 311/2725/1976 310/2726/1977 312/2727/315
f 315/405/312 307/399/307 317/403/289
f 319/411/318 315/405/312 318/406/313
f 320/410/317 316/404/311 315/405/312
f 320/410/317 315/405/312 319/411/318
f 322/415/322 314/413/320 316/407/314
f 323/458/355 322/457/322 320/984/321
f 324/417/324 317/374/289 286/367/283
f 318/406/313 317/403/289 325/420/325
f 326/419/326 319/411/318 318/406/313
f 327/425/329 326/2728/326 325/426/325
f 305/393/305 324/417/324 302/366/286
f 305/393/305 328/421/327 324/417/324
f 269/341/266 10/10/8 181/246/190
f 289/375/290 269/341/266 181/246/190
f 332/430/332 297/387/299 298/389/301
f 293/382/295 330/428/330 296/385/297
f 335/434/336 332/430/332 331/431/333
f 333/432/334 334/433/335 330/428/330
f 336/436/338 301/396/306 297/387/299
f 335/434/336 336/436/338 332/430/332
f 301/396/306 336/436/338 337/437/339
f 336/436/338 339/439/341 337/437/339
f 346/451/350 344/447/347 81/449/348
f 341/1052/802 345/450/349 346/451/350
f 345/453/349 341/446/346 342/443/343
f 347/460/356 345/453/349 343/445/345
f 344/465/347 348/455/353 80/118/82
f 349/416/323 343/445/345 314/413/320
f 344/447/347 351/454/352 353/467/358
f 355/2729/360 354/466/359 351/454/352
f 356/1071/813 327/425/329 329/427/328
f 358/474/362 356/1071/813 329/427/328
f 305/393/305 337/441/339 328/421/327
f 337/441/339 359/2730/363 328/421/327
f 360/478/364 358/474/362 357/475/361
f 337/441/339 340/440/342 359/2730/363
f 361/484/365 335/434/336 334/435/337
f 365/485/368 361/484/365 363/2731/367
f 366/486/370 365/482/368 362/480/366
f 368/489/373 338/438/340 335/434/336
f 339/439/341 338/438/340 368/489/373
f 368/489/373 370/2732/1978 340/491/342
f 368/489/373 361/484/365 369/490/374
f 370/2732/1978 368/489/373 369/490/374
f 370/2732/1978 371/2733/388 340/491/342
f 371/2733/388 370/2732/1978 369/490/374
f 348/455/353 372/187/141 84/185/139
f 354/492/359 374/498/378 373/493/375
f 373/495/375 372/187/141 353/464/358
f 792/1150/885 377/500/379 374/498/378
f 376/499/377 377/500/379 378/505/380
f 379/503/382 378/505/380 377/500/379
f 793/1130/866 379/503/382 377/500/379
f 378/501/380 381/531/403 382/502/381
f 378/505/380 380/504/383 381/529/403
f 384/507/385 359/476/363 385/511/389
f 340/440/342 385/548/389 359/2730/363
f 413/509/387 385/548/389 340/440/342
f 414/551/419 386/508/386 385/511/389
f 387/1127/864 386/508/386 388/2734/1979
f 333/432/334 181/246/190 425/512/390
f 389/514/392 362/480/366 483/646/492
f 390/517/395 364/483/369 367/488/372
f 390/513/391 366/486/370 389/514/392
f 393/567/433 391/515/393 389/514/392
f 394/519/396 390/517/395 392/516/394
f 395/2735/399 394/519/396 392/516/394
f 369/490/374 394/519/396 371/2733/388
f 394/2736/396 397/2737/398 396/2738/397
f 397/524/398 394/2739/396 395/525/399
f 382/502/381 444/526/400 169/186/140
f 401/535/407 400/530/404 399/528/402
f 403/2740/1980 405/536/408 402/534/406
f 411/556/425 410/545/416 408/543/414
f 411/556/425 412/547/418 410/545/416
f 410/545/416 405/540/412 404/539/411
f 415/550/420 388/2734/1979 386/508/386
f 371/510/388 396/558/397 413/509/387
f 413/509/387 416/613/424 414/549/419
f 415/552/421 412/547/418 411/556/425
f 417/2741/423 416/2742/424 419/2743/1981
f 418/1191/917 417/554/1982 419/2744/1981
f 421/1190/428 417/554/1983 418/1191/917
f 181/246/190 474/566/432 425/512/390
f 362/480/366 425/512/390 483/646/492
f 392/516/394 391/518/393 426/2745/434
f 426/568/434 393/567/433 427/569/435
f 428/583/446 392/516/394 426/2745/434
f 429/570/436 427/569/435 430/653/496
f 429/2746/436 428/583/446 426/2745/434
f 187/2690/193 431/571/437 188/252/195
f 187/2747/193 432/573/439 431/575/437
f 432/573/439 433/577/441 434/574/440
f 188/252/195 435/572/438 192/254/197
f 435/572/438 492/2748/501 194/580/443
f 435/572/438 494/2749/500 492/2748/501
f 439/589/448 187/249/193 198/597/455
f 433/577/441 442/593/451 437/581/444
f 441/2750/1984 442/593/451 440/590/449
f 438/584/447 395/2735/399 392/516/394
f 395/525/399 438/587/447 443/594/452
f 438/587/447 504/595/453 443/594/452
f 212/596/454 445/2751/450 439/589/448
f 169/186/140 446/527/401 445/598/456
f 445/592/450 447/2752/1985 440/590/449
f 447/2752/1985 441/2750/1984 440/590/449
f 447/2752/1985 448/681/514 441/2750/1984
f 446/527/401 448/600/458 447/599/457
f 448/681/514 442/593/451 441/2750/1984
f 449/2753/459 450/602/460 405/536/408
f 406/541/413 451/686/463 398/532/405
f 398/532/405 444/526/400 382/502/381
f 410/545/416 452/546/417 449/601/459
f 406/2754/413 455/610/464 451/609/463
f 407/2755/409 455/610/464 406/2754/413
f 456/607/461 455/612/464 407/537/409
f 458/1254/958 459/611/465 456/607/461
f 459/611/465 457/2756/462 455/612/464
f 423/1192/918 418/1191/917 419/2744/1981
f 460/1265/960 423/1192/918 419/2744/1981
f 419/2743/1981 416/2742/424 461/615/466
f 462/1289/961 419/2743/1981 461/615/466
f 420/2757/427 463/616/467 461/615/466
f 462/1289/961 461/615/466 464/617/468
f 420/559/427 443/618/452 517/1709/1274
f 420/2757/427 517/2758/1274 463/616/467
f 469/623/473 465/619/469 468/621/471
f 468/621/471 470/626/476 469/623/473
f 471/624/474 465/619/469 466/622/472
f 472/625/475 466/622/472 469/623/473
f 183/299/234 475/657/478 182/296/191
f 475/657/478 424/2759/431 182/296/191
f 474/566/432 424/565/431 477/2760/479
f 474/566/432 477/2760/479 478/635/482
f 425/512/390 474/566/432 481/636/483
f 481/636/483 478/635/482 482/2761/1241
f 484/647/489 483/646/492 425/512/390
f 485/641/488 472/625/475 470/626/476
f 485/641/488 486/2762/1986 471/624/474
f 488/649/494 487/652/491 484/650/489
f 488/2763/494 470/627/476 473/629/477
f 489/654/497 430/653/496 490/1730/1287
f 194/659/443 492/2764/501 476/658/499
f 476/660/499 493/634/481 477/631/479
f 494/661/500 493/634/481 476/660/499
f 493/634/481 495/663/502 478/633/480
f 435/572/438 496/582/445 494/2749/500
f 437/581/444 498/667/505 497/665/503
f 496/582/445 499/1682/1258 494/2749/500
f 500/675/504 1135/674/510 497/2765/503
f 499/2766/506 502/2767/1257 501/2768/508
f 504/595/453 429/586/436 505/2769/1987
f 505/2769/1987 429/586/436 491/656/498
f 437/581/444 506/676/511 498/667/505
f 507/1691/513 500/666/504 506/676/511
f 507/1691/513 503/1690/509 500/666/504
f 443/594/452 504/595/453 508/2770/1275
f 509/1698/1265 504/595/453 505/2769/1987
f 504/595/453 509/1698/1265 508/2770/1275
f 510/677/512 1141/1695/1263 507/678/513
f 444/526/400 511/685/518 1141/683/516
f 398/532/405 512/684/517 444/526/400
f 459/690/465 514/687/519 457/608/462
f 516/1292/985 464/617/468 463/616/467
f 443/618/452 508/1710/1275 517/1709/1274
f 517/2758/1274 1152/2771/1276 463/616/467
f 523/699/528 527/706/535 520/2772/1988
f 522/693/522 521/698/527 520/694/523
f 523/699/528 520/2772/1988 521/700/529
f 522/693/522 519/696/525 521/698/527
f 528/704/533 525/714/543 524/705/534
f 529/695/524 527/707/536 524/702/531
f 563/748/571 528/704/533 523/699/528
f 525/714/543 532/931/538 531/2773/537
f 531/2773/537 524/705/534 525/714/543
f 534/712/541 526/703/532 524/702/531
f 530/758/581 537/932/711 563/748/571
f 539/715/544 522/693/522 529/695/524
f 539/715/544 540/718/547 522/693/522
f 538/717/546 519/696/525 522/693/522
f 542/2774/1989 543/726/551 539/719/544
f 534/712/541 541/2775/552 526/703/532
f 541/2775/552 542/716/545 529/695/524
f 541/2775/552 529/695/524 526/703/532
f 543/726/551 542/2774/1989 541/727/552
f 534/712/541 531/708/537 535/711/540
f 545/723/550 541/727/552 534/724/541
f 546/772/593 543/726/551 545/723/550
f 52/78/54 547/729/554 53/81/55
f 547/729/554 52/78/54 57/85/58
f 549/731/556 55/87/59 59/91/61
f 551/997/759 552/733/558 59/91/61
f 553/739/564 555/734/559 554/736/561
f 554/2776/567 585/790/560 556/791/568
f 523/699/528 518/701/530 557/2777/1990
f 559/743/566 523/699/528 557/2777/1990
f 557/2778/562 553/740/564 560/742/565
f 559/743/566 557/2777/1990 560/2779/1991
f 561/749/572 523/699/528 559/743/566
f 559/743/566 560/2779/1991 554/744/567
f 584/746/569 559/743/566 556/745/568
f 561/749/572 559/743/566 589/747/570
f 563/748/571 523/699/528 561/749/572
f 566/753/576 548/728/553 547/729/554
f 566/753/576 562/2780/1992 548/728/553
f 562/2780/1992 576/730/555 548/728/553
f 568/756/579 530/758/581 563/748/571
f 567/761/580 568/759/579 550/732/557
f 567/761/580 550/732/557 549/731/556
f 567/757/580 569/933/582 530/758/581
f 573/768/589 553/739/564 558/738/563
f 574/769/590 572/766/587 539/719/544
f 575/777/595 75/2781/78 73/776/597
f 83/779/599 81/449/348 79/2662/1966
f 611/787/605 579/2782/1993 582/788/606
f 586/2783/1994 556/745/568 579/2782/1993
f 584/746/569 556/745/568 586/2783/1994
f 585/790/560 581/780/600 579/782/602
f 611/787/605 586/2783/1994 579/2782/1993
f 584/746/569 586/2783/1994 587/837/640
f 587/837/640 586/2783/1994 611/787/605
f 592/2784/609 584/746/569 587/837/640
f 588/836/639 592/2784/609 587/837/640
f 562/2780/1992 590/2785/610 576/730/555
f 590/2785/610 577/775/596 576/730/555
f 577/775/596 590/2785/610 591/2786/611
f 592/2784/609 591/800/611 584/746/569
f 592/795/609 575/794/595 577/801/596
f 578/778/598 82/452/351 81/449/348
f 594/803/612 583/786/604 580/783/603
f 593/804/613 580/783/603 596/809/618
f 571/763/584 595/808/617 597/805/614
f 571/763/584 598/911/695 595/808/617
f 622/2787/1995 571/763/584 574/769/590
f 623/814/621 622/2787/1995 574/769/590
f 543/726/551 623/814/621 574/769/590
f 78/817/79 624/818/624 600/815/622
f 599/813/620 601/820/625 600/815/622
f 602/771/592 601/820/625 599/813/620
f 83/779/599 603/1104/846 578/778/598
f 83/816/623 600/815/622 601/820/625
f 72/165/123 606/822/627 121/166/124
f 604/2788/644 121/166/124 606/822/627
f 604/2788/644 119/214/164 121/166/124
f 582/826/601 612/825/629 609/828/631
f 614/829/632 609/789/607 610/2789/1996
f 587/837/640 611/787/605 613/834/637
f 613/834/637 611/787/605 614/829/632
f 614/829/632 610/2789/1996 607/832/635
f 612/825/629 608/860/651 607/830/633
f 631/831/634 614/829/632 607/832/635
f 588/793/608 605/2790/594 575/794/595
f 616/844/643 606/843/627 605/2790/594
f 588/793/608 616/844/643 605/2790/594
f 617/2791/1997 616/838/641 613/834/637
f 615/2792/645 617/2791/1997 613/834/637
f 594/803/612 619/848/647 583/786/604
f 595/808/617 619/851/649 594/806/615
f 619/848/647 621/852/650 612/849/629
f 620/850/648 621/2793/1998 619/851/649
f 620/850/648 618/882/668 621/2793/1998
f 621/852/650 618/877/668 608/853/651
f 622/2787/1995 598/911/695 571/763/584
f 624/819/624 123/184/138 124/823/628
f 625/854/652 622/2787/1995 623/814/621
f 625/2794/653 624/819/624 124/823/628
f 625/2794/653 124/823/628 127/847/646
f 625/855/653 127/2795/646 131/856/135
f 625/854/652 643/2796/1999 622/2787/1995
f 643/857/654 131/856/135 638/2797/136
f 624/819/624 133/116/81 123/184/138
f 604/2788/644 626/858/655 119/214/164
f 627/886/675 158/859/656 626/858/655
f 608/860/651 630/863/659 628/861/657
f 629/864/658 633/866/661 632/2798/660
f 636/835/638 614/829/632 631/831/634
f 615/2792/645 613/834/637 634/867/662
f 635/868/663 615/846/645 634/2799/662
f 635/870/663 634/867/662 636/835/638
f 635/868/663 627/898/675 626/869/655
f 635/868/663 637/873/686 627/898/675
f 161/874/666 638/2797/136 130/176/133
f 640/905/671 649/904/680 630/876/659
f 639/878/669 640/905/671 630/876/659
f 649/892/680 633/866/661 630/863/659
f 598/911/695 641/879/670 595/808/617
f 642/908/692 657/910/694 598/911/695
f 643/2796/1999 598/911/695 622/2787/1995
f 643/857/654 638/2797/136 161/874/666
f 643/2796/1999 644/2800/2000 598/911/695
f 644/883/672 161/874/666 163/875/667
f 644/2800/2000 642/908/692 598/911/695
f 644/883/672 163/875/667 164/884/673
f 627/886/675 645/2801/678 204/887/676
f 645/890/678 646/901/688 205/888/677
f 633/866/661 650/893/681 632/2798/660
f 653/2802/683 632/2798/660 650/893/681
f 653/895/683 631/831/634 632/865/660
f 651/894/682 636/835/638 631/831/634
f 650/893/681 662/897/685 653/2802/683
f 637/873/686 654/899/687 645/890/678
f 654/899/687 656/902/689 645/890/678
f 655/871/664 636/835/638 651/894/682
f 654/899/687 651/900/682 656/902/689
f 640/905/671 670/930/691 652/903/684
f 670/930/691 663/928/709 652/903/684
f 641/879/670 671/906/690 640/880/671
f 642/885/674 164/884/673 648/270/213
f 658/912/696 642/885/674 648/270/213
f 646/901/688 256/2692/259 205/888/677
f 659/916/700 256/2692/259 646/901/688
f 659/916/700 258/915/699 256/2692/259
f 263/2047/1510 661/917/701 261/332/262
f 652/896/684 663/2803/709 662/897/685
f 663/2803/709 664/922/705 662/897/685
f 668/2043/706 651/894/682 665/918/702
f 667/919/703 653/895/683 662/920/685
f 656/902/689 668/924/706 659/916/700
f 641/879/670 1382/2071/1526 671/906/690
f 1381/929/710 1377/926/708 663/928/709
f 671/2804/690 1381/929/710 670/930/691
f 1396/2069/1524 1382/2071/1526 641/879/670
f 657/910/694 1396/2069/1524 641/879/670
f 672/913/697 647/891/679 661/917/701
f 658/909/693 672/2805/2001 657/910/694
f 672/913/697 661/917/701 263/2047/1510
f 672/2805/2001 1383/2075/1529 657/910/694
f 536/713/542 563/748/571 537/932/711
f 674/942/719 536/713/542 537/932/711
f 676/2806/712 532/931/538 536/713/542
f 676/934/712 533/710/539 532/709/538
f 677/938/715 676/934/712 675/936/713
f 678/939/716 673/937/714 677/938/715
f 675/2807/2002 536/713/542 674/942/719
f 677/941/718 675/2807/2002 674/942/719
f 679/2808/721 677/941/718 680/943/720
f 681/946/722 680/945/720 682/948/723
f 544/722/549 535/711/540 683/950/725
f 544/725/549 546/772/593 545/723/550
f 683/951/726 684/957/727 546/772/593
f 686/2809/729 673/937/714 678/939/716
f 684/952/727 673/937/714 686/2809/729
f 684/957/727 685/956/730 546/772/593
f 678/958/731 687/2810/728 685/956/730
f 687/2810/728 688/1042/732 685/956/730
f 309/401/309 551/997/759 59/91/61
f 308/998/734 551/997/759 309/401/309
f 690/965/736 308/962/734 311/964/1976
f 311/2811/1976 313/2812/344 694/2813/745
f 690/974/736 311/2814/1976 694/976/745
f 697/1050/800 738/977/746 694/976/745
f 699/2815/747 692/968/739 698/970/741
f 696/975/744 690/974/736 738/977/746
f 700/1061/808 695/978/743 699/980/747
f 321/985/749 704/991/755 323/458/355
f 705/988/752 704/991/755 321/985/749
f 702/1005/766 321/412/319 706/986/750
f 702/2816/751 707/992/756 705/994/752
f 707/992/756 702/2816/751 703/2817/2003
f 709/995/757 707/992/756 703/2817/2003
f 701/2818/2004 695/978/743 710/2819/2005
f 703/2820/2003 701/2818/2004 710/2819/2005
f 710/2821/2005 709/995/757 703/2817/2003
f 710/2819/2005 695/978/743 700/1061/808
f 712/1014/772 708/989/753 326/419/326
f 327/425/329 713/1028/783 326/2728/326
f 713/1028/783 712/1017/772 326/2728/326
f 714/999/760 552/733/558 551/997/759
f 715/2822/762 308/962/734 692/967/738
f 715/1001/762 692/2823/738 693/2824/2006
f 716/1003/764 537/932/711 569/933/582
f 715/1001/762 693/2824/2006 701/1006/767
f 693/2825/742 695/978/743 701/2818/2004
f 715/1001/762 701/1006/767 706/986/750
f 716/1000/761 715/1001/762 718/1007/768
f 718/1007/768 706/986/750 708/989/753
f 717/1002/763 680/943/720 537/932/711
f 720/1023/776 682/2826/723 680/943/720
f 720/1023/776 680/943/720 717/1002/763
f 722/1015/773 721/1013/771 719/1009/770
f 723/1018/774 712/1017/772 713/1028/783
f 729/1026/781 724/949/724 725/1021/777
f 727/1024/779 717/1002/763 761/1027/782
f 729/1033/788 725/1022/778 727/1024/779
f 730/1031/786 726/1025/780 729/1026/781
f 689/1040/733 687/953/728 724/949/724
f 736/1047/799 726/1045/797 730/1048/786
f 726/1045/797 736/1047/799 734/1038/793
f 341/1049/346 694/976/745 313/2827/344
f 696/975/744 738/977/746 739/1051/801
f 82/452/351 697/1053/800 346/451/350
f 82/1054/351 739/1051/801 697/1050/800
f 740/1076/818 741/2828/2007 82/452/351
f 696/975/744 739/1051/801 82/1054/351
f 700/1061/808 699/980/747 742/1055/803
f 704/991/755 744/1056/804 323/458/355
f 707/992/756 745/996/758 711/993/754
f 747/1060/807 710/2819/2005 700/1061/808
f 710/2821/2005 747/2829/807 709/995/757
f 323/458/355 744/1056/804 350/456/354
f 747/2829/807 745/996/758 709/995/757
f 746/2830/805 350/456/354 744/1056/804
f 750/1059/806 746/1057/805 711/993/754
f 745/996/758 747/2829/807 749/1066/811
f 747/1060/807 742/1055/809 743/2831/2008
f 747/2832/807 743/2833/2009 749/1070/811
f 750/1059/806 748/2834/810 746/1057/805
f 743/2833/2009 355/468/360 749/1070/811
f 713/1028/783 327/425/329 356/1071/813
f 713/1028/783 356/1071/813 751/1083/825
f 751/1083/825 356/1071/813 752/1072/814
f 742/2835/2010 741/2828/2007 740/1076/818
f 740/1076/818 756/1075/817 742/2835/2010
f 754/1074/816 740/1076/818 82/452/351
f 742/2835/2010 756/1075/817 743/1080/822
f 757/1078/820 743/1080/822 756/1075/817
f 758/1079/821 355/2729/360 743/1080/822
f 728/1029/784 713/1028/783 751/1083/825
f 761/1027/782 722/1015/773 728/1030/785
f 760/1092/834 727/1024/779 761/1027/782
f 759/1082/824 728/1029/784 751/1083/825
f 761/1027/782 759/1081/823 762/1086/828
f 762/1084/826 751/1083/825 752/1072/814
f 765/1089/831 730/1031/786 732/1035/790
f 764/1036/791 727/1024/779 760/1092/834
f 768/1093/835 761/1027/782 763/1087/829
f 767/1091/833 764/1036/791 760/1092/834
f 763/1085/827 752/1072/814 753/1073/815
f 768/1093/835 769/1094/836 770/1095/837
f 770/1095/837 767/1091/833 760/1092/834
f 769/1131/867 763/1085/827 753/1073/815
f 772/1097/839 765/1089/831 766/1090/832
f 776/1099/841 772/1097/839 774/1102/844
f 777/1160/893 773/1100/842 776/1099/841
f 778/1106/848 755/1077/819 603/1104/846
f 602/771/592 778/2836/2011 603/821/626
f 602/771/592 779/1108/847 778/2836/2011
f 778/1106/848 757/1078/820 755/1077/819
f 779/2837/847 781/1109/850 757/1111/820
f 737/1046/798 780/1107/849 685/956/730
f 783/1115/853 806/1112/851 737/1046/798
f 730/1048/786 782/1114/852 737/1046/798
f 782/1114/852 765/2838/831 783/1115/853
f 765/2838/831 784/1117/854 783/1115/853
f 777/1160/893 784/1116/854 773/1100/842
f 379/503/382 786/1120/857 380/504/383
f 789/1122/859 383/506/384 386/508/386
f 387/1127/864 789/1122/859 386/508/386
f 790/2839/860 387/1185/914 824/1187/861
f 758/1110/821 792/1150/885 374/498/378
f 793/1130/866 377/500/379 792/1150/885
f 769/1131/867 753/1073/815 788/1121/858
f 795/1142/878 794/1132/868 789/1122/859
f 798/1138/874 767/1091/833 770/1095/837
f 775/1103/845 767/1091/833 798/1138/874
f 796/1136/872 776/1099/841 774/1102/844
f 798/1138/874 794/1133/869 795/1144/880
f 843/1212/929 789/1122/859 790/1128/865
f 803/1223/938 800/1135/871 799/1140/876
f 781/1109/850 792/1150/885 758/1110/821
f 781/1109/850 804/1151/886 792/1150/885
f 805/1149/884 793/1130/866 792/1150/885
f 805/1149/884 786/1120/857 793/1130/866
f 806/1112/851 807/1156/890 805/1152/887
f 809/1154/889 787/1119/856 786/1120/857
f 811/1162/895 808/1158/892 783/1115/853
f 785/1118/855 811/1162/895 783/1115/853
f 777/1160/893 776/1099/841 797/1137/873
f 777/1159/893 812/2840/2012 811/1162/895
f 812/2840/2012 813/2841/2013 811/1162/895
f 815/2842/2014 814/1232/946 811/1162/895
f 813/2841/2013 815/2842/2014 811/1162/895
f 813/2841/2013 816/2843/2015 815/2842/2014
f 813/1163/896 797/1137/873 816/2844/2016
f 399/528/402 818/1208/925 402/534/406
f 403/2845/410 817/1173/905 827/1175/907
f 820/2846/897 403/2740/1980 402/534/406
f 820/1168/900 817/1173/905 403/2845/2017
f 818/1208/925 821/1172/904 820/2846/2018
f 404/2847/411 403/2845/410 827/1175/907
f 818/1208/925 823/1170/902 821/1172/904
f 830/2848/911 821/2849/901 822/2850/912
f 409/2851/415 827/1175/907 824/1124/861
f 819/1167/899 826/1174/906 820/1168/900
f 833/1184/913 831/1179/909 830/1182/911
f 829/1180/910 831/1179/909 833/1184/913
f 387/1185/914 388/2852/422 409/1186/415
f 835/2853/915 790/1123/860 791/1126/863
f 843/2854/929 790/2855/2019 835/2856/930
f 828/2857/908 835/2858/915 791/2859/863
f 846/1218/934 829/1180/910 834/1193/919
f 837/1197/922 846/1219/935 839/1198/2020
f 838/1256/959 422/1201/430 423/1200/918
f 839/1203/920 838/1256/959 423/1200/918
f 460/1265/960 837/1197/922 840/1199/923
f 787/1119/856 841/1209/926 818/1208/925
f 801/1141/877 775/1103/845 798/1138/874
f 844/1211/928 789/1122/859 843/1212/929
f 848/1221/937 847/1215/932 844/1211/928
f 801/1141/877 798/1138/874 849/1220/936
f 850/1224/939 803/1223/938 851/2860/2021
f 853/1227/942 852/1226/941 801/1141/877
f 854/2861/979 850/1224/939 851/2860/2021
f 801/1141/877 849/1220/936 874/1269/968
f 855/1228/943 851/1225/940 852/1226/941
f 854/2861/979 851/2860/2021 855/2862/2022
f 856/2863/944 842/1210/927 841/1209/926
f 808/1158/892 882/1279/977 810/1157/891
f 882/1279/977 856/1230/944 810/1157/891
f 797/1137/873 800/1135/871 850/1224/939
f 816/2844/2016 797/1137/873 850/1224/939
f 816/2843/2015 850/2864/939 815/2842/2014
f 850/2864/939 857/2865/2023 815/2842/2014
f 857/2865/2023 858/2866/2024 815/2842/2014
f 857/2867/2023 850/2868/939 854/2869/979
f 815/2842/2014 858/2866/2024 814/1232/946
f 858/2870/2024 857/2867/2023 854/2869/979
f 860/1246/953 864/1245/954 862/1241/951
f 864/1245/954 863/1239/950 862/1241/951
f 863/1239/950 867/2871/957 454/1240/949
f 866/1247/955 867/1251/957 865/1242/952
f 454/1235/956 867/2872/957 456/605/461
f 862/1241/951 422/1201/430 838/1256/959
f 840/1199/923 423/1192/918 460/1265/960
f 839/1203/920 860/1246/953 862/1241/951
f 839/1205/920 832/1207/924 860/1243/953
f 462/1289/961 460/2873/960 419/2743/1981
f 848/2874/937 460/2875/960 868/2876/962
f 823/1170/902 869/1260/963 822/1171/903
f 869/1260/963 859/2877/947 822/1171/903
f 842/1210/927 870/1262/964 869/1260/963
f 871/1264/965 513/1293/986 458/1254/958
f 873/1267/967 872/1266/966 868/1270/962
f 853/1227/942 801/1141/877 874/1269/968
f 876/1272/970 855/1228/943 875/1271/969
f 876/2878/975 854/2861/979 855/2862/2022
f 876/1272/970 875/1271/969 853/1227/942
f 879/1299/990 874/1269/968 873/1268/967
f 877/1273/971 853/1227/942 881/1275/973
f 880/1274/972 877/1273/971 881/1275/973
f 856/2863/944 870/1262/964 842/1210/927
f 883/1231/945 882/1279/977 808/1158/892
f 884/2879/978 513/1293/986 871/1264/965
f 858/2866/2024 885/1286/982 814/1232/946
f 885/2880/982 858/2870/2024 854/2869/979
f 885/1286/982 854/2881/979 886/2882/980
f 886/1284/980 876/1277/975 878/1276/974
f 886/2882/980 887/1285/981 885/1286/982
f 458/1254/958 513/1293/986 459/611/465
f 889/691/521 890/2270/1688 515/692/520
f 892/1295/987 868/1290/962 891/1291/984
f 880/1274/972 881/1275/973 1534/1300/991
f 893/1297/989 880/1278/976 895/1303/993
f 879/1299/990 892/1298/987 1532/2883/994
f 883/1231/945 897/1309/996 884/1282/978
f 897/1310/996 890/2284/1688 889/1306/521
f 888/1311/983 887/1287/981 878/1276/974
f 898/1319/1003 216/2884/219 214/1320/1004
f 901/2885/2025 219/2886/223 218/2887/2026
f 902/1323/1007 219/2886/223 901/2885/2025
f 901/2885/2025 218/2887/2026 900/1315/2027
f 899/1317/1001 901/2885/2025 900/1315/999
f 899/1317/1001 902/1323/1007 901/2885/2025
f 903/1336/1016 902/1323/1007 899/1317/1001
f 898/1321/1005 903/1336/1016 899/1317/1001
f 904/1324/1008 902/1323/1007 903/1336/1016
f 905/1322/1006 219/2886/223 902/1323/1007
f 175/235/181 220/285/224 219/284/223
f 225/2888/1009 224/287/226 907/1328/1010
f 226/1400/1011 938/1399/1062 907/2889/1010
f 180/291/229 105/146/107 906/289/227
f 217/1318/1002 908/2890/187 898/1319/1003
f 908/2890/187 909/2891/2028 898/1319/1003
f 909/1337/1013 903/1336/1016 898/1321/1005
f 909/1333/1013 227/1332/228 911/1334/1014
f 910/1338/232 909/1337/1013 911/2892/1014
f 910/295/232 911/1334/1014 180/291/229
f 912/1335/2029 228/2893/230 905/1322/1006
f 228/292/230 175/235/181 905/1325/1006
f 229/294/231 228/293/230 912/1339/1018
f 910/295/1017 229/294/231 912/1339/1018
f 232/309/242 231/244/188 913/1341/1020
f 914/2894/1022 233/2895/240 232/2896/243
f 915/2897/1031 238/308/241 914/1342/1021
f 916/2898/1023 914/2894/1022 232/2896/243
f 112/100/68 910/295/232 913/1341/1020
f 916/1397/1023 232/309/242 913/1341/1020
f 915/2899/1031 914/1347/1021 917/1346/1025
f 919/1359/1032 915/2899/1031 917/1346/1025
f 920/1360/1026 917/1346/1025 918/1348/1024
f 922/1398/1037 226/1400/1011 250/2706/1038
f 238/324/254 915/1353/1029 243/314/246
f 924/1403/1030 242/1351/247 923/1350/1027
f 925/1369/1041 244/317/248 924/1354/1030
f 915/1353/1029 927/1364/1033 926/1352/1028
f 927/2900/1033 919/1359/1032 928/1358/1034
f 921/1361/1035 928/1358/1034 920/1360/1026
f 253/338/264 244/317/248 925/1369/1041
f 255/2901/258 930/2902/1042 251/2903/257
f 930/1370/1042 929/1367/1039 251/327/257
f 931/1371/1043 965/1427/1078 257/330/260
f 933/1379/1044 968/1434/1082 934/1377/1047
f 210/227/175 936/1381/1050 260/272/214
f 265/2717/1975 937/1383/1052 211/274/215
f 937/1382/1051 265/337/263 253/338/264
f 907/2904/1010 938/2905/1062 225/2906/1009
f 906/289/227 225/1327/1009 939/2907/2030
f 938/2908/1062 939/2909/1056 225/2910/1009
f 938/1399/1062 940/1386/1055 939/1388/1056
f 906/289/227 939/2907/2030 941/1384/1053
f 913/1341/1020 180/291/229 1086/1463/1105
f 920/1360/1026 916/2911/1023 942/1389/1057
f 944/1391/1036 942/1393/1057 943/1392/1059
f 945/1390/1058 921/1409/1035 944/1391/1036
f 946/2912/1060 942/1396/1057 947/1395/1061
f 916/1397/1023 913/1341/1020 1086/1463/1105
f 947/1395/1061 916/1397/1023 1086/1463/1105
f 922/1398/1037 948/1421/1074 938/1399/1062
f 928/1363/1034 954/1416/1066 926/1352/1028
f 926/1352/1028 954/1416/1066 952/1411/1068
f 923/1350/1027 952/1411/1071 953/1402/1064
f 952/1415/1071 956/1420/1072 957/1413/1070
f 958/1412/1069 953/1406/1064 957/2913/1070
f 959/2914/1075 949/1422/1063 929/1367/1039
f 951/1404/1065 960/1425/1077 924/1405/1030
f 960/1425/1077 254/2915/1040 925/1426/1041
f 960/1425/1077 951/1404/1065 961/1449/1092
f 961/1449/1092 951/1404/1065 958/1412/1069
f 963/2916/1099 961/1449/1092 958/1412/1069
f 962/2917/2031 961/2918/1092 963/1456/1099
f 990/2919/1081 929/2920/1039 930/2921/1042
f 990/2919/1081 959/2922/1075 929/2920/1039
f 990/2919/1081 986/1473/1109 959/2922/1075
f 965/1427/1078 990/1430/1081 930/1370/1042
f 966/2048/1511 967/1432/1080 964/1431/1079
f 969/2080/1085 934/1377/1047 970/1435/1083
f 937/2923/1051 254/2924/1040 960/2925/1077
f 937/1383/1052 976/1453/1096 936/1381/1050
f 937/1448/1051 960/1425/1077 961/1449/1092
f 976/1453/1096 978/1452/1095 936/1381/1050
f 978/1452/1095 977/1454/1097 936/1381/1050
f 977/1454/1097 998/1447/1091 936/1381/1050
f 976/2926/1093 961/2918/1092 962/2917/2031
f 979/1455/1098 976/2926/1093 962/2917/2031
f 979/1451/1094 980/2927/2032 977/1454/1097
f 979/1455/1098 962/2917/2031 963/1456/1099
f 983/1385/1054 941/1384/1053 981/2928/1101
f 940/1386/1055 982/1466/1108 981/1458/1101
f 982/1466/1108 984/1467/1102 981/1458/1101
f 983/1385/1054 981/2928/1101 984/2929/1102
f 1004/1330/1012 983/1385/1054 985/2930/1103
f 1086/1463/1105 180/291/229 1007/1462/1104
f 959/1423/1075 987/1465/1107 950/1424/1076
f 986/1468/1109 988/1498/1111 987/1465/1107
f 988/1498/1111 989/1497/1130 987/1465/1107
f 989/1497/1130 984/1467/1102 987/1465/1107
f 991/2087/1534 967/1432/1080 966/2048/1511
f 991/2087/1534 992/1477/1114 967/1432/1080
f 967/1429/1080 993/2931/1112 990/1430/1081
f 992/1477/1114 993/1476/1112 967/1432/1080
f 990/2919/1081 993/1474/1112 986/1473/1109
f 994/1508/1134 995/1475/1113 992/1477/1114
f 998/1447/1091 997/1480/1116 935/1380/1049
f 996/1446/1090 975/1479/1089 999/1484/1117
f 1000/2095/1542 996/1446/1090 999/1484/1117
f 1003/1483/1118 1000/2095/1542 999/1484/1117
f 1022/1513/1139 998/1447/1091 977/1454/1097
f 980/2927/2032 1183/1487/1121 977/1454/1097
f 1027/1486/1120 1022/1513/1139 977/1454/1097
f 984/1467/1102 1005/1489/1123 985/1491/1103
f 1004/1330/1012 985/2930/1103 1006/1488/1122
f 1005/1489/1123 1008/1492/1125 1006/1490/1124
f 1007/1462/1104 1006/1488/1122 1009/1525/1148
f 1086/1463/1105 1007/1462/1104 1058/1533/1156
f 989/1497/1130 1005/1489/1123 984/1467/1102
f 1005/1489/1123 1010/1495/1128 1008/1492/1125
f 989/1497/1130 1010/1495/1128 1005/1489/1123
f 1013/1496/1129 1010/1495/1128 989/1497/1130
f 1014/1501/1132 1011/1494/1127 1010/1495/1128
f 1016/1546/1136 1037/1506/1131 1015/1505/1115
f 1018/1509/1135 1017/1507/1133 995/1475/1113
f 1018/1509/1135 1019/1543/1163 1020/1511/1137
f 1002/2932/1119 999/1481/1117 1021/1512/1138
f 1403/2106/1551 1000/2095/1542 1003/1483/1118
f 1023/1514/1140 1002/1485/1119 1021/2933/1138
f 1024/1515/1141 1003/1483/1118 1002/1485/1119
f 1022/1513/1139 1026/1552/1144 1021/1512/1138
f 1026/1552/1144 1023/2934/1140 1021/1512/1138
f 1008/1492/1125 1030/1527/1150 1009/1493/1126
f 1029/1526/1149 1009/1525/1148 1031/2935/2033
f 1030/1527/1150 1032/1531/1154 1031/1528/1151
f 1029/1526/1149 1031/2935/2033 1033/1530/1153
f 1032/1531/1154 1035/1559/1174 1033/1532/1155
f 1058/1533/1156 1007/1462/1104 1034/1529/1152
f 1036/1538/1161 1030/1527/1150 1011/1494/1127
f 1036/1538/1161 1032/1531/1154 1030/1527/1150
f 1036/1538/1161 1035/1559/1174 1032/1531/1154
f 1038/1535/1158 1036/1538/1161 1011/1494/1127
f 1039/1536/1159 1041/1537/1160 1038/1535/1158
f 1019/1543/1163 1043/2936/2034 1042/1544/1164
f 1042/1544/1164 1044/1545/1165 1020/1511/1137
f 1016/1546/1136 1044/2937/1165 1040/1547/1162
f 1044/2937/1165 1045/2938/1166 1040/1547/1162
f 1043/2936/2034 1046/1549/1167 1042/1544/1164
f 1046/1549/1167 1048/1578/1191 1047/1550/1168
f 1052/1554/1170 1053/2165/1601 1050/1521/1145
f 1028/1524/1147 1054/1555/1171 1049/1551/1169
f 1055/1556/1172 1052/1554/1170 1049/1553/1169
f 1055/1556/1172 1049/1553/1169 1054/1557/1171
f 1057/1927/1427 1055/1556/1172 1056/1558/1173
f 1058/1533/1156 1033/1530/1153 1059/1562/1177
f 1060/1561/1176 1061/1567/1182 1059/1560/1175
f 1065/1566/1181 1063/2939/2035 1061/1567/1182
f 1067/1568/1183 1035/1559/1174 1041/1537/1160
f 1067/1568/1183 1060/1561/1176 1035/1559/1174
f 1067/1568/1183 1065/1566/1181 1060/1561/1176
f 1068/1572/1187 1065/1566/1181 1067/1568/1183
f 1039/1536/1159 1067/1568/1183 1041/1537/1160
f 1040/1539/1162 1070/1571/1186 1067/1568/1183
f 1069/1569/1184 1070/1571/1186 1040/1539/1162
f 1070/1571/1186 1068/1572/1187 1067/1568/1183
f 1045/2938/1166 1069/1573/1184 1040/1547/1162
f 1045/2938/1166 1073/1577/1190 1069/1573/1184
f 1048/1578/1191 1074/1581/1193 1075/1579/1192
f 1074/1581/1193 1076/2188/1195 1077/1582/1194
f 1077/1586/1194 1105/1626/1197 1073/1577/1190
f 1073/1577/1190 1099/1621/1217 1072/1574/1188
f 1076/1583/1195 1079/2189/1621 1078/1584/1196
f 1078/2940/1196 1080/2941/1198 1105/2942/1197
f 1079/2189/1621 1080/1591/1198 1078/1584/1196
f 1079/2189/1621 1081/1594/1200 1080/1591/1198
f 1065/1566/1181 1084/1618/1205 1063/2939/2035
f 1084/1618/1205 1083/2943/1202 1063/2939/2035
f 1087/1598/1204 1085/1602/1203 1083/1599/1202
f 1088/2944/2036 1086/1463/1105 1085/1597/1203
f 1088/1607/1210 1085/1602/1203 1089/1601/1206
f 1086/1463/1105 1088/2944/2036 1090/1604/1208
f 1089/1601/1206 1092/1605/1209 1088/1607/1210
f 1092/1605/1209 1094/1610/1212 1090/1606/1208
f 1094/1610/1212 1352/1613/1215 1093/1609/1211
f 1095/1576/1189 1084/1618/1205 1065/1566/1181
f 1084/1618/1205 1096/1617/1213 1087/2945/1204
f 1100/1612/1214 1097/1624/1221 1092/1605/1209
f 1097/1624/1221 1094/1610/1212 1092/1605/1209
f 1097/1624/1221 1098/1614/1216 1094/1610/1212
f 1096/1611/1213 1101/2946/1219 1100/1612/1214
f 1096/1617/1213 1099/1616/1217 1101/2947/1219
f 1101/2946/1219 1103/1623/1220 1100/1612/1214
f 1104/1625/1222 1352/1613/1215 1098/1614/1216
f 1367/2029/1501 1104/2948/1222 1103/1622/1220
f 1105/1626/1197 1102/1619/1218 1099/1621/1217
f 1105/1626/1197 1106/1627/1199 1102/1619/1218
f 1107/1628/1223 1367/2029/1501 1103/1622/1220
f 1108/1629/1224 467/1718/1279 465/1630/1225
f 1112/1640/1232 468/628/471 467/2949/1279
f 467/1718/1279 1108/1629/1224 1111/1631/1226
f 471/2950/474 1109/2951/1228 465/2952/469
f 1114/1635/1230 1110/1634/1229 1109/1633/1228
f 473/629/477 468/628/471 1112/1640/1232
f 1156/2953/2037 1119/2954/1243 1120/2955/2038
f 1121/1676/1239 1157/1721/1282 1120/1722/1240
f 1122/1654/487 1119/1648/1243 1156/2956/2037
f 1123/1658/1244 1122/640/487 1158/1464/1106
f 1124/1723/1245 484/647/489 425/512/390
f 486/1659/490 1114/1635/1230 471/1636/474
f 1124/1723/1245 425/512/390 1123/1658/1244
f 1126/1662/1246 487/2957/491 473/629/477
f 1126/2958/1246 1116/1644/1233 1254/1862/1384
f 427/569/435 389/514/392 1127/1664/1247
f 490/1730/1287 430/653/496 1127/1664/1247
f 1128/1731/1249 489/654/497 490/1730/1287
f 1129/1665/1248 491/656/498 489/655/497
f 1133/1667/1250 1131/2959/1256 1118/1668/1235
f 1118/1668/1235 1131/2959/1256 1121/1670/1239
f 1133/1667/1250 1165/2960/1255 1131/2959/1256
f 480/2961/485 1134/2962/1237 482/2963/486
f 501/1678/507 1130/1669/1251 1134/1679/1237
f 502/2964/1257 1130/2965/1254 501/2966/508
f 497/2765/503 1135/674/510 1136/2967/1259
f 1130/1669/1251 1118/1668/1235 1134/1679/1237
f 502/1681/1257 1136/1683/1259 1132/1672/1252
f 1135/674/510 1137/1749/1298 1136/2967/1259
f 1172/1747/1299 1137/1749/1298 1135/674/510
f 505/2769/1987 491/656/498 1138/1687/1260
f 1139/1699/1266 1138/1687/1260 1162/1688/1261
f 507/678/513 1141/1695/1263 1140/1697/1262
f 1142/1696/1264 1172/1747/1299 1135/674/510
f 1142/2968/1264 1135/1692/510 1140/1694/1262
f 509/1698/1265 505/2769/1987 1138/1687/1260
f 509/1698/1265 1143/1700/1267 508/2770/1275
f 514/687/519 1146/1702/1269 1145/1705/1268
f 1146/1702/1269 1147/1703/1270 1145/1705/1268
f 1145/1701/1268 1184/1774/1315 512/684/517
f 1146/1702/1269 1188/1782/1321 1147/1703/1270
f 1149/1706/1272 516/1292/985 463/616/467
f 1151/2274/1690 1149/1706/1272 1150/1707/1273
f 1143/1708/1267 1152/2969/1276 517/1709/1274
f 1143/1708/1267 1205/1802/1277 1152/2969/1276
f 1112/1642/1232 467/2970/1279 1154/1806/1281
f 1115/1637/1231 1153/1805/1227 1110/1638/1229
f 1116/1644/1233 1113/1643/1234 1208/1807/1340
f 1254/1862/1384 1116/1644/1233 1208/1807/1340
f 945/1390/1058 943/1392/1059 1157/1721/1282
f 946/2912/1060 1120/2955/2038 943/2971/1059
f 1156/2953/2037 1120/2955/2038 946/2912/1060
f 1158/1464/1106 1156/2953/2037 946/2912/1060
f 1158/1464/1106 946/2912/1060 947/1395/1061
f 1122/640/487 1156/2953/2037 1158/1464/1106
f 486/1659/490 1115/1726/1231 1114/1635/1230
f 486/1659/490 1124/1661/1245 1251/1727/1283
f 1125/1808/493 1126/2958/1246 1210/1809/1341
f 1162/1688/1261 1129/1665/1248 1128/1666/1249
f 1163/1734/1290 1128/1731/1249 1127/1664/1247
f 955/1410/1067 945/1390/1058 1165/1675/1255
f 1166/1745/1295 955/1737/1292 1132/1672/1252
f 1167/1418/1073 954/1416/1066 955/1737/1292
f 1166/1745/1295 1167/1418/1073 955/1737/1292
f 1168/1743/1293 1166/2972/1295 1173/2973/1300
f 1166/1740/1295 1169/1739/1294 1167/2974/1073
f 1167/2975/1073 1170/1744/1297 956/1420/1072
f 1169/1742/1294 1170/1744/1297 1167/2975/1073
f 1170/1744/1297 958/1419/1069 956/1420/1072
f 1137/1749/1298 1173/1748/1300 1166/2976/1295
f 1172/1759/1299 1168/1743/1293 1173/2973/1300
f 1139/1699/1266 1162/1688/1261 1174/1750/1301
f 1174/1750/1301 1164/1732/1288 1212/1735/1291
f 1177/1756/1303 1179/1758/1307 1171/1741/1296
f 963/1456/1099 958/1419/1069 1170/1744/1297
f 1176/1753/1304 1172/1747/1299 1142/1696/1264
f 1139/1699/1266 1181/1762/1309 1143/1700/1267
f 1215/1751/1302 1181/1762/1309 1174/1750/1301
f 980/1457/1100 1178/1757/1306 1179/1758/1307
f 1183/1487/1121 980/2927/2032 1179/1767/1311
f 511/685/518 1182/1764/1310 1144/1769/1312
f 1145/1701/1268 1190/1775/1271 1184/1774/1315
f 1188/1782/1321 1189/1781/1320 1191/1784/1323
f 1192/2297/1327 1193/2299/1707 1195/2977/1325
f 1191/1784/1323 1187/1779/1318 1185/1778/1317
f 1195/1786/1325 1194/1833/1361 1187/1787/1326
f 1193/2978/1707 1197/1789/1328 1195/1786/1325
f 1194/1833/1361 1198/1791/1330 1187/1787/1326
f 1200/1793/1332 1151/2274/1690 1150/1707/1273
f 1201/2979/1336 1199/2980/1333 1205/2981/1277
f 1203/1796/1335 1200/1793/1332 1199/1794/1333
f 1205/2982/1277 1199/2983/1333 1150/2984/1273
f 1111/1631/1226 465/1630/1225 1206/2985/2039
f 1153/1632/1227 1206/2986/2040 465/1717/1278
f 1153/2987/2041 1111/2988/2041 1206/2989/2041
f 1113/1643/1234 1112/1642/1232 1208/1807/1340
f 1123/1658/1244 1158/1464/1106 1086/1463/1105
f 1210/1809/1341 1126/2958/1246 1254/1862/1384
f 1160/1728/1285 483/646/492 1211/1811/1343
f 1211/1811/1343 1125/648/493 1209/1874/1342
f 1213/1816/1348 1163/1734/1290 1161/1729/1286
f 1212/1735/1291 1163/1733/1289 1213/1812/1344
f 1216/1819/1350 1212/1735/1291 1214/1813/1345
f 1215/1751/1302 1218/1818/1349 1180/1763/1308
f 1215/1751/1302 1212/1735/1291 1216/1819/1350
f 1219/1888/1401 1180/1760/1308 1218/2990/1349
f 1184/1774/1315 1221/1824/1355 1220/1820/1351
f 1184/1774/1315 1186/1773/1314 1221/1824/1355
f 1223/1780/1319 1222/1776/1316 1185/1778/1317
f 1224/2991/2042 1226/2992/2042 1187/2993/2042
f 1225/1831/1360 1226/2360/1742 1224/1832/1331
f 1187/1779/1318 1226/2994/2043 1223/1780/1319
f 1223/1780/1319 1231/1821/1352 1222/1776/1316
f 1227/2361/1354 1223/2995/1319 1226/2360/2043
f 1223/1780/1319 1228/1822/1353 1231/1821/1352
f 1195/1786/1325 1232/1829/1359 1194/1833/1361
f 1204/2996/1337 1234/1837/1364 1197/1789/1328
f 1234/1837/1364 1235/2997/2044 1196/1790/1329
f 1196/1790/1329 1235/2997/2044 1232/1829/1359
f 1201/2998/1336 1240/1845/1372 1236/1795/1334
f 1235/2997/2044 1238/1842/1369 1232/1829/1359
f 1217/1887/1400 1201/1803/1336 1219/1888/1401
f 1240/1845/1372 1237/1839/1366 1236/1795/1334
f 1217/1887/1400 1240/1908/1372 1201/1803/1336
f 1239/1843/1370 1238/1840/1367 1237/1839/1366
f 1232/1829/1359 1239/1841/1368 1233/1834/1362
f 1219/1888/1401 1201/1803/1336 1180/1760/1308
f 1241/1851/1376 1111/1631/1226 1242/1852/1374
f 1207/2999/1339 1242/1847/1374 1153/1849/1227
f 1244/1855/1379 1243/1854/1378 1242/1858/1374
f 1245/3000/1383 1208/3001/1340 1154/3002/1281
f 1245/3003/2045 1154/1720/1281 1155/1719/1280
f 1243/1850/1375 1245/3003/2045 1155/1719/1280
f 1243/1850/1375 1155/1719/1280 1241/1851/1376
f 1254/1862/1384 1245/1861/1383 1243/1865/1378
f 1248/1860/1382 1242/3004/1374 1207/1804/1339
f 1249/1857/1381 1244/1855/1379 1242/1858/1374
f 1250/1863/1385 1243/1854/1378 1246/1853/1377
f 1159/3005/1284 1247/1856/1380 1115/1637/1231
f 1247/1856/1380 1252/1868/1386 1248/1860/1382
f 1252/1871/1386 1249/1857/1381 1248/1859/1382
f 1252/3006/1386 1251/1724/1283 1253/1869/1387
f 1255/1870/1388 1250/1863/1385 1249/1857/1381
f 1209/1810/1389 1254/1862/1384 1250/1864/1385
f 1253/1877/1387 1255/1870/1388 1252/1871/1386
f 1261/1879/1393 1258/3007/1394 1259/1814/1346
f 1260/1881/1395 1258/1880/1394 1261/1915/1393
f 1261/1879/1393 1259/1814/1346 1160/1728/1285
f 1262/1917/1419 1260/1881/1395 1261/1915/1393
f 1211/1811/1343 1256/1873/1391 1257/1878/1392
f 1160/1728/1285 1211/1811/1343 1257/1878/1392
f 1260/1881/1395 1214/1813/1345 1258/1880/1394
f 1258/3007/1394 1263/1815/1347 1259/1814/1346
f 1264/1884/1398 1265/1882/1396 1260/1881/1395
f 1264/1884/1398 1260/1881/1395 1262/1917/1419
f 1217/1887/1400 1267/3008/1399 1296/3009/1422
f 1218/1818/1349 1266/1883/1397 1219/3010/1401
f 1269/1891/1403 1268/1890/1402 1220/1820/1351
f 1274/3011/1792 1278/1897/1408 1277/1893/1405
f 1279/2430/1791 1272/1899/1409 1278/1901/1408
f 1280/1895/1406 1271/3012/1434 1270/1896/1407
f 1272/1899/1409 1271/1934/1434 1280/1900/1406
f 1228/1822/1353 1274/3011/1792 1277/1893/1405
f 1276/2426/1787 1274/3011/1792 1228/1822/1353
f 1282/1904/1412 1288/1906/1414 1285/1846/1373
f 1286/1844/1371 1237/1839/1366 1285/1846/1373
f 1285/1846/1373 1240/1845/1372 1284/1902/1410
f 1288/1906/1414 1286/1844/1371 1285/1846/1373
f 1217/1887/1400 1296/3009/1422 1284/1907/1410
f 1257/1878/1392 1123/1658/1244 1289/1954/1448
f 1257/1878/1392 1289/1954/1448 1321/1909/1415
f 1292/1914/1418 1262/1917/1419 1261/1915/1393
f 1291/1923/1417 1292/1914/1418 1290/1916/1416
f 1297/1918/1420 1292/1914/1418 1291/1923/1417
f 1294/1921/1423 1295/1919/1421 1293/1922/1424
f 1297/1918/1420 1264/1884/1398 1262/1917/1419
f 1267/1885/1399 1295/1919/1421 1296/1920/1422
f 1295/1919/1421 1297/1918/1420 1293/1922/1424
f 1027/1486/1120 1298/1924/1425 1054/1555/1171
f 1303/1928/1428 1056/1558/1173 1298/3013/1425
f 1057/1927/1427 1056/1558/1173 1303/1928/1428
f 1304/1926/1426 1299/1930/1430 1057/1927/1427
f 1301/3014/1433 1635/3015/1821 1299/3016/1437
f 1635/3017/1821 1301/1933/1433 1302/1932/1432
f 1305/1935/1435 1271/1934/1434 1272/1899/1409
f 1273/2510/1852 1305/1935/1435 1272/1899/1409
f 1270/3018/1407 1303/3019/1428 1298/3020/1425
f 1271/1934/1434 1303/1928/1428 1270/3021/1407
f 1304/1926/1426 1303/1928/1428 1271/1934/1434
f 1306/2490/2046 1304/3022/1426 1305/3023/1435
f 1307/3024/2047 1299/1930/1430 1304/1926/1426
f 1306/2490/2046 1307/1982/1438 1304/3022/1426
f 1308/1980/1467 1307/1982/1438 1306/2490/2046
f 1309/1936/1436 1301/1933/1433 1299/1937/1437
f 1310/1939/1439 1315/2504/1848 1313/1948/1444
f 1315/2504/1848 1282/1904/1412 1313/1948/1444
f 1296/3009/1422 1294/1950/1423 1284/1907/1410
f 1289/1954/1448 1123/1658/1244 1086/1463/1105
f 1317/1955/1449 1086/1463/1105 1316/1953/1447
f 1320/1966/1451 1319/1962/1455 1318/1963/1456
f 1322/1959/1453 1291/1911/1417 1321/1913/1415
f 1324/1961/1454 1321/1909/1415 1289/1954/1448
f 1323/1958/1452 1322/1959/1453 1324/1960/1454
f 1319/1962/1455 1323/1958/1452 1324/1960/1454
f 1293/1922/1424 1291/1923/1417 1323/1970/1452
f 1330/3025/1461 1323/1958/1452 1325/1964/1457
f 1327/3026/1462 1325/1964/1457 1366/1965/1458
f 1327/3027/1462 1366/1969/1458 1326/1968/1460
f 1329/1972/1445 1293/1922/1424 1330/1971/1461
f 1309/1936/1436 1334/1978/1465 1301/1933/1433
f 1334/1978/1465 1336/1931/1431 1301/1933/1433
f 1337/2576/1895 1340/2575/1901 1335/3028/1466
f 1340/1983/1468 1345/2000/1481 1338/1984/1469
f 1340/3029/1901 1339/1988/1474 1335/1979/1466
f 1339/1985/1470 1338/1984/1469 1332/1976/1463
f 1339/1988/1474 1342/1987/1472 1334/1978/1465
f 1341/3030/1475 1331/1977/1464 1332/1976/1463
f 1336/1931/1473 1342/1987/1472 1343/3031/1889
f 1341/1989/1475 1338/1991/1469 1349/3032/1480
f 1346/2587/1911 1345/2000/1481 1340/1983/1468
f 1341/1989/1475 1349/3032/1480 1370/2031/1503
f 1348/1995/1479 1311/1945/1443 1312/1947/1442
f 1326/1968/1460 1347/3033/1441 1314/1949/1440
f 1349/3032/1480 1347/3033/1441 1326/1968/1460
f 1326/1968/1460 1328/1967/1459 1349/3032/1480
f 1328/1967/1459 1370/2031/1503 1349/3032/1480
f 1329/1951/1445 1326/1968/1460 1314/1949/1440
f 1350/2008/1485 1066/1952/1446 1086/1463/1105
f 1091/1603/1207 1350/2008/1485 1086/1463/1105
f 1351/2004/1482 1350/2008/1485 1091/1603/1207
f 1352/1613/1215 1351/2013/1489 1093/1609/1211
f 1356/2009/1486 1355/2015/1491 1066/1952/1446
f 1351/2013/1482 1357/2010/1487 1350/2012/1485
f 1354/2006/1483 1351/2013/1489 1352/1613/1215
f 1358/2014/1490 1316/1953/1447 1066/1952/1446
f 1358/2014/1490 1066/1952/1446 1355/2015/1491
f 1362/2018/1494 1360/2022/1495 1359/2019/1493
f 1357/2010/1487 1362/2018/1494 1356/2011/1488
f 1362/2018/1494 1355/2021/1491 1356/2011/1488
f 1364/2023/1496 1354/2006/1483 1353/2007/1484
f 1373/2026/1499 1360/2022/1495 1362/2018/1494
f 1366/1965/1458 1320/1966/1451 1360/2022/1495
f 1366/1965/1458 1360/2022/1495 1371/2033/1504
f 1369/2027/1500 1363/2024/1497 1364/2023/1496
f 1369/2027/1500 1104/1625/1222 1367/3034/1501
f 1104/1625/1222 1364/2023/1496 1352/1613/1215
f 1365/2025/1498 1369/2027/1500 1368/3035/1502
f 1363/2024/1497 1365/2025/1498 1354/2006/1483
f 1372/3036/2048 1371/2033/1504 1373/2026/1499
f 1371/2032/1504 1372/3037/2048 1370/2031/1503
f 1370/2031/1503 1372/3037/2048 1368/2030/1502
f 1372/3036/2048 1373/2026/1499 1365/2025/1498
f 1372/3036/2048 1365/2025/1498 1368/3035/1502
f 1366/1965/1458 1371/2033/1504 1328/3038/1459
f 1331/2034/1464 1374/3039/2049 1107/1628/1223
f 1374/3039/2049 1367/2029/1501 1107/1628/1223
f 1368/2030/1502 1367/2029/1501 1374/3039/2049
f 1341/1989/1475 1374/3039/2049 1331/2034/1464
f 1341/1989/1475 1368/2030/1502 1374/3039/2049
f 660/3040/698 1375/2037/1505 258/2036/699
f 263/2047/1510 262/1375/1046 932/1378/1048
f 665/918/702 653/895/683 1376/2038/1506
f 1379/2068/1514 667/3041/703 666/2039/704
f 669/925/707 1375/2059/1505 660/914/698
f 668/924/706 1393/2060/1508 669/925/707
f 671/906/690 1382/2071/1526 1381/3042/710
f 1381/2046/710 1379/2068/1514 666/2039/704
f 1383/2075/1529 1396/2069/1524 657/910/694
f 672/2805/2001 1384/2076/1530 1383/2075/1529
f 1384/3043/1530 672/913/697 932/1378/1048
f 1384/2076/1530 932/3044/1048 1380/2077/1509
f 1375/2037/1505 1385/3045/1519 964/1431/1079
f 1385/3045/1519 1386/2049/1512 964/1431/1079
f 1376/2038/1506 667/919/703 1387/2054/1513
f 1388/2058/1518 1387/2057/1513 1379/2068/1514
f 1389/2053/1515 1376/2038/1506 1390/2055/1516
f 1391/2056/1517 1392/2090/1537 1387/2057/1513
f 1390/3046/1516 1387/3047/1513 1392/3048/2050
f 1375/2059/1505 669/925/707 1393/2060/1508
f 1393/2044/1508 665/918/702 1378/2042/1507
f 1385/3045/1519 1394/2065/1520 1386/2049/1512
f 969/2080/1085 1380/2045/1509 934/1377/1047
f 1382/2071/1526 1388/2072/1527 1381/3042/710
f 972/2082/1086 1399/2103/1532 1398/2078/1531
f 1400/2066/1522 991/2087/1534 966/2048/1511
f 1401/2086/1533 992/1477/1114 991/2087/1534
f 1389/2053/1515 1390/2055/1516 1406/2092/1539
f 1404/2089/1536 1405/3049/2051 1392/2090/1537
f 1392/3048/2050 1405/3050/1538 1390/3046/1516
f 1404/2089/1536 1407/2098/1545 1405/3049/2051
f 1406/2092/1539 1405/2091/1538 1407/3051/2052
f 1406/2092/1539 1407/3051/2052 1408/3052/2053
f 1407/2098/1545 1409/2124/1567 1408/2115/1559
f 1410/2067/1523 1378/2042/1507 1389/2053/1515
f 1411/3053/1540 1410/2067/1523 1389/2053/1515
f 1411/2093/1540 1401/2086/1533 1400/2066/1522
f 1412/2110/1555 1411/3053/1540 1389/2053/1515
f 1413/2111/1554 1411/3053/1540 1412/2110/1555
f 1001/2094/1541 1000/2095/1542 1403/2106/1551
f 1396/2069/1524 1391/2073/1517 1395/2070/1525
f 1414/3054/1543 1404/2089/1536 1391/2056/1517
f 1414/3054/1543 1416/2097/1544 1404/2089/1536
f 1396/2069/1524 1415/2099/1546 1414/2096/1543
f 1416/2097/1544 1409/2124/1567 1407/2098/1545
f 1398/2078/1531 1415/2099/1546 1396/2069/1524
f 1417/2105/1550 1464/2101/1547 1398/2078/1531
f 1399/2103/1532 1418/3055/1548 1419/2104/1549
f 1399/3056/1532 974/1444/1088 1418/2102/1548
f 1418/3055/1548 1420/2131/1574 1419/2104/1549
f 1421/2108/1553 1018/1509/1135 994/1508/1134
f 1422/2149/1588 1019/1543/1163 1421/2108/1553
f 1409/2124/1567 1425/2113/1557 1408/2115/1559
f 1409/2124/1567 1434/2117/1561 1425/2113/1557
f 1406/2092/1539 1408/3052/2053 1426/3057/1558
f 1412/2110/1555 1406/2092/1539 1426/3057/1558
f 1425/2113/1557 1428/2116/1560 1427/2118/1562
f 1424/2112/1556 1412/2110/1555 1426/3057/1558
f 1402/2088/1535 1429/2119/1563 1421/2108/1553
f 1429/2121/1563 1413/2111/1554 1424/2112/1556
f 1430/2120/1564 1422/2149/1588 1421/2108/1553
f 1430/2151/1564 1429/2121/1563 1431/2122/1565
f 1432/2136/1577 1403/2106/1551 1003/1483/1118
f 1433/1517/1143 1432/2136/1577 1003/1483/1118
f 1423/2123/1566 1025/1516/1142 1051/1522/1146
f 1435/2128/1571 1434/2117/1561 1416/2097/1544
f 1464/2101/1547 1436/2126/1569 1415/2099/1546
f 1467/2170/1607 1464/2101/1547 1417/2105/1550
f 1420/2131/1574 1440/2140/1581 1417/2105/1550
f 1420/2131/1574 1439/3058/2054 1440/2140/1581
f 1420/2107/1552 1403/2106/1551 1439/2135/1576
f 1439/2135/1576 1403/2106/1551 1432/2136/1577
f 1439/3058/2054 1441/2141/1578 1440/2140/1581
f 1441/2141/1578 1432/3059/1577 1442/2142/1579
f 1442/2138/1579 1433/1517/1143 1423/2123/1566
f 1444/3060/2055 1442/2138/1579 1423/2123/1566
f 1444/3061/2055 1423/3062/1566 1051/3063/1146
f 1445/2148/1587 1019/1543/1163 1422/2149/1588
f 1445/2148/1587 1043/2936/2034 1019/1543/1163
f 1445/2148/1587 1446/2144/1583 1043/2936/2034
f 1043/2936/2034 1446/2144/1583 1046/1549/1167
f 1446/2144/1583 1447/2162/1600 1048/1578/1191
f 1057/1927/1427 1450/2182/1617 1055/1556/1172
f 1449/2166/1603 1055/1556/1172 1450/2182/1617
f 1426/3057/1558 1427/3064/1562 1451/3065/2056
f 1453/2153/1591 1426/3057/1558 1451/3065/2056
f 1428/2116/1560 1452/2145/1584 1451/2146/1585
f 1452/2145/1584 1457/2172/1609 1456/2147/1586
f 1454/3066/1589 1445/2148/1587 1430/2120/1564
f 1424/2112/1556 1426/3057/1558 1453/2153/1591
f 1455/2152/1590 1431/2122/1565 1424/2112/1556
f 1454/2150/1589 1431/2122/1565 1455/2152/1590
f 1453/2153/1591 1451/3065/2056 1456/2154/1592
f 1455/2152/1590 1453/2153/1591 1480/2155/1593
f 1445/2148/1587 1458/2157/1595 1446/2144/1583
f 1458/2157/1595 1445/2148/1587 1454/3066/1589
f 1460/2158/1596 1447/2162/1600 1446/2144/1583
f 1458/2159/1597 1454/2150/1589 1455/2152/1590
f 1459/3067/2057 1458/2159/1597 1461/2160/1598
f 1461/2160/1598 1455/2152/1590 1463/2197/1628
f 1459/3067/2057 1461/2160/1598 1460/3068/1596
f 1449/2166/1603 1448/2164/1602 1052/1554/1170
f 1465/2169/1606 1457/2172/1609 1452/2145/1584
f 1466/2173/1610 1468/2174/1611 1465/2168/1605
f 1503/2222/1648 1497/2175/1612 1443/2139/1580
f 1470/2180/1616 1503/2222/1648 1443/2139/1580
f 1471/2178/1614 1444/3061/2055 1051/3063/1146
f 1471/2178/1614 1051/3063/1146 1053/2165/1601
f 1472/2179/1615 1053/2165/1601 1448/2164/1602
f 1472/2181/1615 1473/2186/1619 1470/2180/1616
f 1472/2179/1615 1448/2164/1602 1449/2166/1603
f 1473/2184/1619 1449/2166/1603 1474/2183/1618
f 1447/2162/1600 1475/2187/1620 1048/1578/1191
f 1475/2187/1620 1476/3069/1622 1076/2188/1195
f 1477/2192/1624 1079/2189/1621 1476/2190/1622
f 1477/2192/1624 1081/1594/1200 1079/2189/1621
f 1479/2217/1643 1082/1595/1201 1478/2191/1623
f 1457/2172/1609 1482/2206/1625 1480/2193/1593
f 1481/2196/1627 1480/2155/1593 1482/2194/1625
f 1457/2172/1609 1498/2219/1645 1482/2206/1625
f 1482/2206/1625 1488/2205/1633 1483/2209/1636
f 1463/2197/1628 1480/2155/1593 1481/2196/1627
f 1462/2201/1629 1461/2160/1598 1463/2197/1628
f 1485/2203/1631 1481/2196/1627 1487/2207/1634
f 1487/2207/1634 1483/2195/1626 1489/2230/1656
f 1490/2210/1637 1491/3070/2058 1475/2187/1620
f 1490/2211/1638 1462/2201/1629 1484/2202/1630
f 1491/3071/2058 1492/3072/2059 1475/3073/1620
f 1492/3072/2059 1476/2190/1622 1475/3073/1620
f 1492/3074/2060 1491/2212/1639 1484/2202/1630
f 1492/3072/2059 1493/2214/1641 1476/2190/1622
f 1485/2203/1631 1484/2202/1630 1463/2197/1628
f 1492/3074/2060 1484/2202/1630 1485/2203/1631
f 1493/2214/1641 1477/2192/1624 1476/2190/1622
f 1492/3074/2060 1485/2203/1631 1493/3075/2061
f 1494/3076/1640 1493/3075/2061 1485/2203/1631
f 1494/2213/1640 1478/2191/1623 1477/2192/1624
f 1494/2213/1640 1496/2218/1644 1478/2191/1623
f 1495/2216/1642 1496/2218/1644 1494/2213/1640
f 1499/3077/2062 1498/2219/1645 1468/2171/1608
f 1499/3077/2062 1500/2224/1650 1498/2219/1645
f 1500/2224/1650 1502/2226/1652 1486/2204/1632
f 1497/2175/1612 1502/2225/1651 1500/2221/1647
f 1505/2228/1654 1503/2222/1648 1470/2180/1616
f 1507/2235/1661 1506/2237/1663 1489/2208/1635
f 1486/2204/1632 1507/2235/1661 1489/2208/1635
f 1485/2203/1631 1487/2207/1634 1508/2232/1658
f 1508/2232/1658 1506/2231/1657 1509/2233/1659
f 1509/2240/1662 1511/2239/1665 1510/3078/2063
f 1507/3079/1661 1512/2238/1664 1509/2240/1662
f 1511/2239/1665 1513/2246/1670 1510/3078/2063
f 1514/2243/1667 1485/2203/1631 1508/2232/1658
f 1515/2244/1668 1513/2241/1666 1516/2248/1669
f 1511/2239/1665 1517/2250/1673 1516/2245/1669
f 1511/2239/1665 1518/2265/1685 1517/2250/1673
f 1514/2243/1667 1496/2623/1644 1495/2242/1642
f 1504/2227/1653 1507/2235/1661 1486/2204/1632
f 1504/2227/1653 1523/2257/1679 1507/2235/1661
f 1501/2223/1649 1523/2259/1680 1504/2256/1678
f 1505/2228/1654 1525/3080/2064 1503/2222/1648
f 1512/2238/1664 1518/2265/1685 1511/2239/1665
f 1525/2262/1683 1518/2265/1685 1512/2238/1664
f 1503/2222/1648 1525/3080/2064 1524/2261/1682
f 1505/2228/1654 1526/2267/1684 1525/3080/2064
f 1526/2264/1684 1519/2253/1675 1518/2265/1685
f 1736/2268/1687 1522/2255/1677 1519/2253/1675
f 1527/2266/1686 1736/3081/1687 1526/2267/1684
f 1188/2271/1321 1528/2275/1691 1148/2326/1322
f 891/1291/984 516/1292/985 1149/1706/1272
f 1530/2276/1692 1529/1296/988 1151/2274/1690
f 1531/3082/1689 1146/2269/1269 890/2270/1688
f 1534/1300/991 881/1275/973 1536/2277/1693
f 1535/2280/1695 893/1297/989 895/1303/993
f 1533/2279/1694 879/3083/990 1532/1304/994
f 1536/2277/1693 874/1269/968 879/1299/990
f 1565/2282/1697 895/1303/993 894/1302/992
f 897/1310/996 1537/3084/2065 1531/2283/1689
f 896/1308/995 1537/3085/2066 897/1309/996
f 1537/3084/2065 1538/3086/1735 1531/2283/1689
f 1538/3086/1735 1528/2350/1691 1531/2283/1689
f 896/1308/995 1538/2353/2067 1537/3085/2066
f 1539/2285/1698 1540/2287/1699 814/1232/946
f 888/1311/983 893/1297/989 1535/2280/1695
f 1540/2287/1699 1608/2455/1813 896/1308/995
f 1541/3087/1700 1189/1781/1320 1148/1783/1322
f 1543/2290/1701 1542/2300/1706 1541/2288/1700
f 1541/2288/1708 1544/2302/1710 1193/2299/1707
f 1541/2288/1708 1542/2300/1703 1544/2302/1710
f 1544/2302/1710 1546/2301/1709 1193/2299/1707
f 1542/2300/1703 1547/3088/1718 1546/2301/1709
f 1543/2294/1701 1549/2329/1711 1545/2295/1705
f 1547/2313/1718 1542/3089/1703 1548/2315/1702
f 1551/3090/1713 1548/3091/1702 1549/3092/1711
f 1552/2309/1715 1553/2369/1749 1551/2305/1713
f 1530/2276/1692 1151/2274/1690 1200/1793/1332
f 1554/2310/1716 1200/1793/1332 1202/1801/1338
f 1557/2314/1719 1556/2311/1717 1547/2313/1718
f 1557/2314/1719 1202/2320/1722 1556/2311/1717
f 1557/2314/1719 1548/2315/1702 1550/3093/1714
f 1559/3094/1757 1557/2314/1719 1550/3093/1714
f 1551/2305/1713 1553/2369/1749 1550/2306/1714
f 1558/2321/1723 1557/2314/1719 1559/3094/2068
f 1561/2391/1724 1581/2364/1745 1560/2328/1725
f 1533/2279/1694 1530/2276/1692 1563/2336/1728
f 1554/2310/1716 1202/1801/1338 1558/2337/1723
f 1565/2338/1697 894/1301/992 1534/1300/991
f 1536/2277/1693 1533/2278/1694 1563/2395/1728
f 1569/2343/1732 1534/1300/991 1536/2277/1693
f 1568/2339/1729 1534/1300/991 1569/2343/1732
f 1570/2341/1731 1566/2281/1696 1565/2282/1697
f 1594/2344/1733 1536/2277/1693 1563/2395/1728
f 1601/2358/1740 1567/2340/1730 1570/2341/1731
f 1538/3086/1735 1571/2348/1737 1528/2350/1691
f 1571/2348/1737 1593/2392/1762 1561/2349/1724
f 1573/2354/1738 1535/2280/1695 1566/2281/1696
f 1539/2285/1698 1573/2356/1738 1540/2287/1699
f 1573/2354/1738 1566/2281/1696 1567/2340/1730
f 1540/2287/1699 1575/2423/1784 1608/2455/1813
f 1540/2287/1699 1574/2355/1739 1575/2423/1784
f 1579/2359/1741 1578/2362/1743 1226/2360/1742
f 1578/2362/1743 1227/2361/1354 1226/2360/1742
f 1581/3095/1745 1227/2361/1354 1577/2363/1744
f 1582/2370/1748 1552/2309/1715 1576/3096/1746
f 1576/3097/1746 1577/2374/1752 1580/2377/1747
f 1553/2369/1749 1552/2309/1715 1582/2370/1748
f 1586/3098/1753 1578/2362/1743 1579/2359/1741
f 1577/2374/1752 1578/3099/1743 1586/2375/1753
f 1225/1831/1360 1233/2380/1362 1579/2359/1741
f 1586/2375/1753 1579/3100/1741 1587/3101/1756
f 1588/2379/1755 1586/2375/1753 1587/3101/1756
f 1589/2399/1766 1559/2382/1757 1553/2369/1749
f 1589/2399/1766 1553/2369/1749 1583/2371/1750
f 1590/2383/1758 1585/2373/1751 1591/3102/1761
f 1239/3103/2069 1587/3104/1756 1233/3105/1362
f 1585/2378/1751 1588/2379/1755 1591/3106/1761
f 1560/2328/1725 1581/2364/1745 1576/2334/1726
f 1558/2337/1723 1559/3107/2068 1589/2397/1764
f 1562/2335/1727 1558/2337/1723 1589/2397/1764
f 1564/2394/1763 1562/2335/1727 1595/2398/1765
f 1596/2400/1767 1595/2398/1765 1589/2397/1764
f 1594/2344/1733 1564/2396/1763 1598/2406/1771
f 1597/2405/1770 1564/2394/1763 1595/2398/1765
f 1592/2387/1760 1596/2400/1767 1591/2388/1761
f 1597/2405/1770 1595/2398/1765 1596/2400/1767
f 1598/2406/1771 1564/2396/1763 1597/2407/1772
f 1569/2343/1732 1598/2406/1771 1616/2441/1800
f 1600/2411/1774 1568/2339/1729 1569/2343/1732
f 1602/2410/1775 1570/2341/1731 1600/2409/1774
f 1603/2420/1782 1601/2358/1740 1602/2410/1775
f 1602/2410/1775 1600/2409/1774 1604/2444/1776
f 1603/2420/1782 1602/2410/1775 1617/2438/1798
f 1606/2416/1778 1607/2418/1779 1605/3108/1777
f 1608/2455/1813 1572/2351/1734 896/1308/995
f 1608/2455/1813 1628/2419/1781 1572/2351/1734
f 1574/2357/1739 1601/2358/1740 1609/2421/1783
f 1575/2423/1784 1609/2422/1783 1608/2455/1813
f 1279/2430/1791 1278/1901/1408 1274/2431/1792
f 1610/2429/1790 1288/1906/1414 1611/2427/1788
f 1239/1843/1370 1286/1844/1371 1287/1905/1413
f 1588/2389/1755 1239/1843/1370 1287/1905/1413
f 1612/2428/1789 1592/2387/1760 1588/2389/1755
f 1610/2429/1790 1612/2428/1789 1287/1905/1413
f 1272/1899/1409 1655/2433/1793 1273/2510/1852
f 1614/3109/2070 1613/2434/1794 1611/2427/1788
f 1615/3110/1864 1614/3111/2070 1611/3112/1788
f 1597/2405/1770 1592/2387/1760 1610/2429/1790
f 1619/3113/1799 1617/3114/1803 1616/2441/1800
f 1620/2440/1797 1619/3113/1799 1616/2441/1800
f 1599/2408/1773 1614/2436/1796 1662/2443/1802
f 1598/3115/1771 1599/3116/1773 1662/3117/1802
f 1604/2412/1776 1569/2343/1732 1616/2441/1800
f 1618/2425/1786 1603/2420/1782 1617/2438/1798
f 1617/3114/1803 1604/2412/1776 1616/2441/1800
f 1624/2445/1804 1279/3118/1791 1276/2426/1787
f 1623/2537/1873 1655/2433/1793 1624/2450/1804
f 1628/2419/1781 1627/2447/1806 1606/2416/1778
f 1629/3119/2071 1618/2425/1786 1630/2453/1811
f 1629/3119/2071 1631/2424/1785 1618/2425/1786
f 1635/3120/1821 1636/3121/1822 1300/3122/1429
f 1632/2466/1826 1636/2468/1824 1637/2478/1828
f 1638/2474/1827 1632/2466/1826 1637/2478/1828
f 1634/2495/1841 1632/3123/1826 1639/2480/1825
f 1636/2472/1824 1302/2471/1432 1683/2476/1829
f 1637/2478/1828 1636/2468/1824 1683/3124/1829
f 1640/3125/1834 1305/1935/1435 1273/2510/1852
f 1273/2510/1852 1658/2509/1836 1640/3125/1834
f 1641/3126/2072 1306/3127/2046 1305/3128/1435
f 1658/2509/1836 1642/2512/1854 1646/3129/2073
f 1643/3130/1842 1641/2483/1832 1640/2485/1834
f 1643/3131/1842 1640/2487/1834 1646/2486/1835
f 1645/2494/1840 1642/3132/1839 1634/2495/1841
f 1645/3133/1840 1644/2491/1838 1642/2493/1839
f 1649/2571/1899 1644/2573/1838 1645/2494/1840
f 1650/2501/1845 1310/1946/1439 1311/1945/1443
f 1611/2427/1788 1282/1904/1412 1652/2503/1847
f 1652/2503/1847 1315/2504/1848 1310/1939/1439
f 1657/2506/1849 1654/2508/1851 1633/2460/1818
f 1300/1929/1429 1450/2182/1617 1057/1927/1427
f 1633/2460/1818 1450/2182/1617 1300/1929/1429
f 1655/2433/1793 1656/2511/1853 1658/2509/1836
f 1658/2509/1836 1657/2506/1849 1642/2512/1854
f 1656/2511/1853 1653/2507/1850 1657/2506/1849
f 1659/3134/1857 1652/3135/1847 1650/3136/1845
f 1663/3137/1856 1652/3138/1847 1659/3139/1857
f 1660/2516/1858 1659/3140/1857 1650/2501/1845
f 1660/2516/1858 1650/2501/1845 1651/2502/1846
f 1707/2518/1860 1659/2515/1857 1660/2519/1861
f 1615/2522/1864 1611/2427/1788 1652/2503/1847
f 1665/2525/1866 1669/2527/1868 1662/2443/1802
f 1662/2443/1802 1664/2513/1855 1667/2524/1865
f 1668/2610/1867 1666/2533/1871 1665/2534/1866
f 1669/2527/1868 1616/2441/1800 1662/2443/1802
f 1671/2529/1870 1620/2437/1797 1621/3141/1801
f 1670/2528/1869 1622/2457/1815 1620/2437/1797
f 1666/2533/1871 1671/2530/1870 1669/2532/1868
f 1672/2539/1875 1474/2183/1618 1654/2508/1851
f 1674/2536/1872 1474/2185/1618 1672/3142/1875
f 1673/2229/1655 1470/2180/1616 1474/2185/1618
f 1625/2451/1809 1674/2536/1872 1672/3142/1875
f 1675/2544/1877 1673/2229/1655 1674/2536/1872
f 1676/2549/1882 1627/2447/1806 1628/2419/1781
f 1676/2549/1882 1675/2544/1877 1627/2447/1806
f 1628/2419/1781 1678/2547/1880 1676/2549/1882
f 1679/2550/1883 1677/2545/1878 1717/2546/1879
f 1679/2553/1883 1680/2548/1881 1678/2547/1880
f 1681/2458/1816 1678/2547/1880 1628/2419/1781
f 1622/2552/1884 1679/2553/1883 1681/2458/1816
f 1679/2550/1883 1670/2528/1869 1677/2545/1878
f 1302/2471/1432 1682/2556/1886 1683/2476/1829
f 1343/2559/1889 1682/2556/1888 1336/2555/1473
f 1687/2560/1890 1332/1976/1463 1082/1595/1201
f 1684/2477/1893 1682/2556/1888 1333/2558/1887
f 1687/2560/1890 1688/3143/2074 1333/1993/2075
f 1685/2566/1831 1684/2477/1893 1688/2564/1892
f 1647/2497/1843 1337/2576/1895 1641/2498/1832
f 1689/2577/1902 1337/2576/1895 1647/2497/1843
f 1648/2499/1844 1689/2577/1902 1647/2497/1843
f 1648/3144/1844 1646/2492/1835 1693/2568/1896
f 1690/2569/1897 1645/2494/1840 1639/2480/1825
f 1649/2571/1899 1645/2494/1840 1691/2570/1898
f 1690/2569/1897 1639/2480/1825 1692/2554/1885
f 1337/2567/1895 1335/1981/1466 1308/1980/1467
f 1648/2499/1844 1694/2579/1904 1346/2574/1903
f 1695/2580/1905 1693/2572/1896 1649/2571/1899
f 1693/3145/1896 1695/3146/1905 1694/3147/1904
f 1692/3148/1885 1685/2566/1831 1686/2565/1894
f 1698/2585/1909 1697/2588/1912 1348/1995/1479
f 1698/2585/1909 1344/1994/1478 1345/2000/1481
f 1698/2585/1909 1345/2000/1481 1346/2587/1911
f 1687/2560/1890 1686/2593/1917 1688/3143/2074
f 1479/2217/1643 1699/2247/1671 1687/2560/1890
f 1686/2593/1917 1701/2589/1913 1691/2592/1916
f 1686/2584/1894 1691/2570/1898 1690/2569/1897
f 1702/2594/1918 1701/2589/1913 1687/2560/1890
f 1700/2591/1915 1701/2589/1913 1702/2594/1918
f 1703/2598/1920 1697/2588/1912 1698/2585/1909
f 1707/2518/1860 1704/2600/1921 1706/2595/1919
f 1661/2517/1859 1651/2502/1846 1697/2588/1912
f 1708/2603/1924 1667/2524/1865 1707/2518/1860
f 1711/2607/1928 1710/2606/1927 1712/2640/2076
f 1667/2524/1865 1664/2513/1855 1707/2518/1860
f 1714/2609/1930 1666/2533/1871 1668/2610/1867
f 1715/2613/1933 1714/2609/1930 1713/2611/1931
f 1675/2544/1877 1733/2641/1954 1673/2229/1655
f 1709/2616/1936 1742/3149/2077 1716/2614/1934
f 1717/2546/1879 1666/2535/1871 1714/3150/1930
f 1718/2617/1937 1717/2546/1879 1719/3151/1938
f 1719/2619/1938 1715/2613/1933 1709/2605/1926
f 1719/2621/1938 1709/2616/1936 1676/2549/1882
f 1496/2623/1644 1720/2622/1939 1699/3152/1671
f 1720/2622/1939 1514/2243/1667 1515/2244/1668
f 1521/2626/1676 1721/2624/1940 1520/2249/1672
f 1724/2628/1942 1722/2627/1941 1723/2252/1674
f 1720/2622/1939 1702/2597/1918 1699/3152/1671
f 1702/2597/1918 1720/2622/1939 1706/2595/1919
f 1721/2624/1940 1706/2595/1919 1720/2622/1939
f 1726/2631/1945 1725/2629/1943 1721/2624/1940
f 1735/2643/1956 1727/2648/1961 1722/2627/1941
f 1722/2625/1941 1726/2631/1945 1721/2624/1940
f 1728/2633/1947 1708/2603/1924 1707/2518/1860
f 1728/2633/1947 1707/2518/1860 1706/2595/1919
f 1725/2629/1943 1728/2633/1947 1706/2595/1919
f 1727/2630/1944 1732/2638/1952 1725/2629/1943
f 1733/2641/1954 1527/2266/1686 1505/2228/1654
f 1522/2255/1677 1735/2643/1956 1724/2628/1942
f 1736/2268/1687 1740/3153/2078 1522/2255/1677
f 1740/2644/1957 1736/3081/1687 1527/2266/1686
f 1738/2647/1960 1732/2639/1953 1727/2648/1961
f 1739/2649/1958 1727/2648/1961 1735/2643/1956
f 1739/2645/1958 1734/2642/1955 1733/2641/1954
f 1522/2255/1677 1740/3153/2078 1735/2643/1956
f 1740/3154/2079 1734/3155/2079 1735/3156/2079
f 1741/2653/1964 1730/2634/1949 1731/2637/1951
f 1675/2544/1877 1737/2646/1959 1733/2641/1954
f 1741/2651/1962 1731/2652/1963 1675/2544/1877
f 1731/2652/1963 1738/3157/2080 1737/2646/1959
f 1738/3157/2080 1739/2645/1958 1737/2646/1959
f 1711/2607/1928 1712/2640/2076 1730/2634/1949
f 1742/2615/1935 1711/2607/1928 1741/2653/1964
f 1742/3149/2077 1741/2651/1962 1716/2614/1934
