# Blender 5.2.2 LTS
# www.blender.org
mtllib right_finger3_lower.mtl
o right_finger3_lower
v -0.005513 -0.001017 -0.022406
v -0.005517 -0.000742 -0.022793
v -0.005546 -0.000834 -0.022537
v -0.005526 -0.000284 -0.023405
v -0.005552 -0.000506 -0.022927
v -0.005605 -0.000520 -0.022571
v -0.005512 0.000041 -0.023758
v -0.005543 -0.000086 -0.023541
v -0.005597 -0.000128 -0.023253
v -0.005631 -0.000185 -0.022637
v -0.005543 -0.001093 -0.022048
v -0.005573 -0.001100 -0.021812
v -0.005599 -0.001086 -0.021326
v -0.005615 -0.000825 -0.022022
v -0.005627 -0.000622 -0.022006
v -0.005632 -0.001179 -0.016425
v -0.005665 -0.000871 -0.016495
v -0.005590 -0.001414 -0.016797
v -0.005657 -0.001503 -0.006649
v -0.005716 -0.001168 -0.007166
v -0.005798 -0.000845 -0.003021
v -0.005848 -0.000122 -0.002350
v -0.005581 -0.001758 -0.003253
v -0.005544 -0.001689 -0.002860
v -0.005676 -0.001520 -0.003399
v -0.005652 -0.001512 -0.002999
v -0.005744 -0.001198 -0.003046
v -0.005829 -0.000507 -0.002695
v -0.005583 -0.001488 -0.002700
v -0.005544 -0.001366 -0.002482
v -0.005694 -0.001194 -0.002654
v -0.005603 -0.001146 -0.002353
v -0.005555 -0.001015 -0.002134
v -0.005773 -0.000867 -0.002633
v -0.005721 -0.000845 -0.002305
v -0.005616 -0.000795 -0.002005
v -0.005560 -0.000663 -0.001786
v -0.005798 -0.000517 -0.002283
v -0.005736 -0.000494 -0.001955
v -0.005621 -0.000443 -0.001656
v -0.005562 -0.000311 -0.001438
v -0.005809 -0.000166 -0.001933
v -0.005741 -0.000143 -0.001606
v -0.005622 -0.000091 -0.001308
v -0.005561 0.000040 -0.001091
v -0.004904 -0.002830 -0.020685
v -0.004957 -0.002908 -0.020323
v -0.004871 -0.003167 -0.019681
v -0.004985 -0.002974 -0.019591
v -0.004571 -0.003434 -0.020016
v -0.004590 -0.003511 -0.019723
v -0.004586 -0.003238 -0.020344
v -0.004689 -0.002911 -0.020735
v -0.004706 -0.003069 -0.020463
v -0.004275 -0.003784 -0.019691
v -0.004324 -0.003579 -0.020023
v -0.004342 -0.003366 -0.020301
v -0.004349 -0.003083 -0.020622
v -0.003982 -0.003939 -0.019674
v -0.003998 -0.003734 -0.019942
v -0.004031 -0.003404 -0.020316
v -0.003960 -0.003043 -0.020700
v -0.003660 -0.004071 -0.019603
v -0.003632 -0.003724 -0.020001
v -0.003195 -0.004221 -0.019489
v -0.004576 -0.003588 -0.019381
v -0.004733 -0.003377 -0.019319
v -0.004238 -0.003916 -0.019393
v -0.004252 -0.003967 -0.019013
v -0.004432 -0.003769 -0.018969
v -0.003929 -0.004142 -0.019334
v -0.003888 -0.004265 -0.019040
v -0.003891 -0.004313 -0.018651
v -0.004091 -0.004131 -0.018626
v -0.003452 -0.004575 -0.018891
v -0.003532 -0.004596 -0.018504
v -0.003630 -0.004284 -0.019318
v -0.003623 -0.004414 -0.019045
v -0.003716 -0.004458 -0.018287
v -0.003279 -0.004606 -0.018956
v -0.003292 -0.004758 -0.018264
v -0.003349 -0.004376 -0.019285
v -0.002796 -0.004955 -0.018533
v -0.002871 -0.004965 -0.018339
v -0.002857 -0.005004 -0.017991
v -0.002846 -0.004681 -0.018981
v -0.002971 -0.004806 -0.018701
v -0.003099 -0.004875 -0.017930
v -0.004965 -0.003132 -0.004923
v -0.005111 -0.002897 -0.004778
v -0.004505 -0.003725 -0.005797
v -0.004154 -0.004082 -0.006152
v -0.003563 -0.004554 -0.006440
v -0.003773 -0.004402 -0.006208
v -0.002904 -0.004935 -0.006589
v -0.003128 -0.004822 -0.006908
v -0.004659 -0.003545 -0.005329
v -0.004811 -0.003349 -0.005446
v -0.004322 -0.003919 -0.005701
v -0.003947 -0.004263 -0.006150
v -0.003340 -0.004697 -0.006597
v -0.003883 -0.004292 -0.005774
v -0.003539 -0.004549 -0.005924
v -0.003276 -0.004649 -0.005830
v -0.002895 -0.004901 -0.006187
v -0.002752 -0.004892 -0.005950
v -0.002957 -0.004752 -0.005836
v -0.004908 -0.003175 -0.004664
v -0.004887 -0.003150 -0.004432
v -0.004857 -0.003096 -0.004221
v -0.005114 -0.002839 -0.004384
v -0.004945 -0.002924 -0.004094
v -0.004905 -0.002803 -0.003874
v -0.004598 -0.003571 -0.005033
v -0.004573 -0.003532 -0.004781
v -0.004540 -0.003470 -0.004569
v -0.004659 -0.003310 -0.004443
v -0.004662 -0.003157 -0.004198
v -0.004670 -0.002941 -0.003957
v -0.004258 -0.003944 -0.005404
v -0.004237 -0.003897 -0.005130
v -0.004199 -0.003831 -0.004918
v -0.004323 -0.003678 -0.004792
v -0.004325 -0.003519 -0.004545
v -0.004339 -0.003317 -0.004321
v -0.004250 -0.003074 -0.004058
v -0.003881 -0.004241 -0.005480
v -0.003817 -0.004176 -0.005234
v -0.003977 -0.004033 -0.005140
v -0.003978 -0.003875 -0.004893
v -0.003986 -0.003676 -0.004669
v -0.003428 -0.004529 -0.005605
v -0.003616 -0.004373 -0.005491
v -0.003642 -0.004023 -0.005010
v -0.003322 -0.004331 -0.005316
v -0.003193 -0.004097 -0.005061
v -0.005356 -0.001121 -0.022465
v -0.005355 -0.000911 -0.022743
v -0.005410 -0.000322 -0.023442
v -0.005356 -0.000637 -0.023052
v -0.005340 -0.000158 -0.023617
v -0.005039 -0.001350 -0.022355
v -0.005078 -0.000948 -0.022805
v -0.005134 -0.000432 -0.023358
v -0.004954 -0.000084 -0.023721
v -0.004627 -0.001256 -0.022524
v -0.005229 -0.002481 -0.020156
v -0.005224 -0.002127 -0.021387
v -0.005250 -0.002254 -0.021020
v -0.005219 -0.002459 -0.020554
v -0.005306 -0.002278 -0.020429
v -0.005252 -0.001805 -0.021753
v -0.005298 -0.001911 -0.021510
v -0.005381 -0.001911 -0.021216
v -0.005418 -0.001932 -0.020745
v -0.005280 -0.001468 -0.022105
v -0.005334 -0.001579 -0.021866
v -0.005501 -0.001610 -0.021104
v -0.005374 -0.001263 -0.022211
v -0.005563 -0.001321 -0.021188
v -0.004941 -0.002544 -0.021052
v -0.004997 -0.002643 -0.020812
v -0.005119 -0.002716 -0.019985
v -0.005029 -0.002215 -0.021440
v -0.005049 -0.002375 -0.021172
v -0.005030 -0.001989 -0.021694
v -0.005030 -0.001675 -0.022025
v -0.004682 -0.002708 -0.020978
v -0.004700 -0.002387 -0.021333
v -0.004732 -0.001884 -0.021870
v -0.004372 -0.002731 -0.021007
v -0.004344 -0.002364 -0.021391
v -0.005450 -0.001943 -0.016612
v -0.005540 -0.001628 -0.016722
v -0.005334 -0.002477 -0.004393
v -0.005622 -0.001740 -0.003717
v -0.005457 -0.002189 -0.004378
v -0.005558 -0.001927 -0.004054
v -0.005212 -0.002717 -0.004763
v -0.005284 -0.002490 -0.003954
v -0.005246 -0.002464 -0.003734
v -0.005207 -0.002399 -0.003524
v -0.005416 -0.002260 -0.004029
v -0.005443 -0.002130 -0.003684
v -0.005288 -0.002211 -0.003397
v -0.005247 -0.002090 -0.003178
v -0.005358 -0.001909 -0.003051
v -0.005022 -0.002631 -0.003748
v -0.005015 -0.002459 -0.003503
v -0.005012 -0.002246 -0.003275
v -0.005023 -0.001925 -0.002949
v -0.004678 -0.002633 -0.003640
v -0.004570 -0.002412 -0.003407
v -0.004642 -0.001903 -0.002906
v -0.005354 -0.001746 -0.002808
v -0.005362 -0.001500 -0.002543
v -0.005371 -0.001221 -0.002278
v -0.005364 -0.001052 -0.002097
v -0.005375 -0.000868 -0.001931
v -0.005366 -0.000699 -0.001750
v -0.005376 -0.000515 -0.001584
v -0.005366 -0.000346 -0.001403
v -0.005343 -0.000168 -0.001230
v -0.005365 0.000007 -0.001056
v -0.005085 -0.001339 -0.002355
v -0.005062 -0.000674 -0.001704
v -0.001672 -0.003645 -0.020076
v -0.001268 -0.004025 -0.019659
v -0.000484 -0.002922 -0.020808
v -0.000899 -0.003750 -0.019876
v -0.000844 -0.003466 -0.020223
v -0.001099 -0.003364 -0.020356
v -0.000660 -0.003744 -0.019729
v -0.000539 -0.003556 -0.019989
v -0.000264 -0.003272 -0.020394
v -0.000363 -0.003562 -0.019711
v -0.000207 -0.003414 -0.020094
v -0.000109 -0.003470 -0.019648
v -0.000095 -0.003093 -0.020618
v -0.002562 -0.004978 -0.018605
v -0.002597 -0.005125 -0.017588
v -0.002147 -0.005234 -0.018227
v -0.002132 -0.005286 -0.018023
v -0.002137 -0.005301 -0.017610
v -0.002119 -0.005031 -0.018625
v -0.002377 -0.005217 -0.017588
v -0.001767 -0.005305 -0.018254
v -0.001858 -0.005380 -0.017577
v -0.001422 -0.005424 -0.017999
v -0.001531 -0.005453 -0.017549
v -0.001502 -0.005146 -0.018533
v -0.001051 -0.005346 -0.018276
v -0.001183 -0.005509 -0.017529
v -0.001305 -0.004985 -0.018707
v -0.001249 -0.004623 -0.019062
v -0.000773 -0.005471 -0.017995
v -0.000747 -0.005530 -0.017666
v -0.000842 -0.005540 -0.017247
v -0.000412 -0.005179 -0.018479
v -0.000947 -0.004479 -0.019137
v -0.000878 -0.004806 -0.018811
v -0.000953 -0.004092 -0.019505
v -0.000492 -0.005556 -0.017247
v -0.000522 -0.004980 -0.018625
v -0.000692 -0.004569 -0.018929
v -0.000530 -0.004694 -0.018692
v -0.000391 -0.004575 -0.018368
v -0.000353 -0.004530 -0.017921
v -0.000742 -0.004086 -0.019348
v -0.000697 -0.004331 -0.019040
v -0.000581 -0.004357 -0.018718
v -0.000507 -0.004319 -0.018169
v -0.000620 -0.004024 -0.019062
v -0.000564 -0.004035 -0.018660
v -0.000522 -0.003738 -0.019409
v -0.000492 -0.003749 -0.019072
v -0.000480 -0.003752 -0.018712
v 0.000363 -0.005478 -0.017991
v 0.000594 -0.005540 -0.017653
v 0.000018 -0.005561 -0.017242
v 0.000163 -0.005006 -0.018585
v -0.000167 -0.004803 -0.018581
v -0.000140 -0.004690 -0.018344
v -0.000123 -0.004643 -0.017917
v -0.000318 -0.003563 -0.019148
v -0.000352 -0.004524 -0.012504
v -0.000508 -0.004318 -0.012768
v -0.000566 -0.004024 -0.012863
v -0.000486 -0.003737 -0.012927
v -0.000332 -0.003550 -0.012874
v -0.000123 -0.003461 -0.013289
v -0.002386 -0.005155 -0.006974
v -0.001596 -0.005367 -0.007233
v -0.000578 -0.004021 -0.006182
v -0.000043 -0.005466 -0.007273
v -0.000171 -0.003474 -0.012774
v -0.000124 -0.003458 -0.012221
v -0.002645 -0.005052 -0.006874
v -0.002116 -0.005245 -0.006915
v -0.001894 -0.005303 -0.006899
v -0.001258 -0.005414 -0.006985
v -0.000780 -0.005456 -0.007264
v -0.000354 -0.004518 -0.006617
v -0.000507 -0.003737 -0.005792
v -0.000347 -0.003536 -0.005428
v -0.000132 -0.004619 -0.006617
v -0.002453 -0.005108 -0.006540
v -0.002481 -0.005032 -0.006179
v -0.002797 -0.004642 -0.005627
v -0.002007 -0.005255 -0.006495
v -0.002017 -0.005214 -0.006310
v -0.002176 -0.004753 -0.005707
v -0.002125 -0.004976 -0.005960
v -0.001399 -0.005345 -0.006529
v -0.001296 -0.005264 -0.006271
v -0.001400 -0.005123 -0.006085
v -0.001228 -0.004987 -0.005938
v -0.000760 -0.005433 -0.006838
v -0.000788 -0.005378 -0.006524
v -0.000811 -0.005116 -0.006076
v -0.000859 -0.004890 -0.005867
v -0.000899 -0.004579 -0.005591
v -0.000394 -0.004567 -0.006147
v -0.000537 -0.004667 -0.005854
v -0.000513 -0.004313 -0.006516
v -0.000533 -0.004330 -0.006134
v -0.000595 -0.004352 -0.005816
v -0.000606 -0.004035 -0.005782
v 0.000628 -0.005438 -0.006847
v 0.000783 -0.005381 -0.006530
v 0.000902 -0.005271 -0.006273
v -0.000181 -0.004964 -0.005973
v -0.000142 -0.004679 -0.006173
v -0.000170 -0.004782 -0.005962
v -0.000129 -0.003439 -0.005138
v -0.001131 -0.003102 -0.004084
v -0.001688 -0.004071 -0.005036
v -0.001254 -0.004409 -0.005384
v -0.001285 -0.003963 -0.004949
v -0.000959 -0.004235 -0.005271
v -0.000897 -0.004046 -0.005128
v -0.000914 -0.003709 -0.004746
v -0.000741 -0.003698 -0.004834
v -0.000823 -0.003308 -0.004312
v -0.000700 -0.004538 -0.005639
v -0.000703 -0.004330 -0.005555
v -0.000667 -0.004035 -0.005439
v -0.000706 -0.003924 -0.005193
v -0.000535 -0.003741 -0.005424
v -0.000593 -0.003717 -0.005077
v -0.000548 -0.003378 -0.004452
v -0.000375 -0.003525 -0.005075
v -0.000416 -0.003469 -0.004745
v -0.000146 -0.003395 -0.004737
v -0.000171 -0.003309 -0.004432
v -0.000387 -0.003118 -0.004117
v -0.005010 0.000101 -0.000940
v -0.005513 0.000389 -0.024111
v -0.005544 0.000258 -0.023891
v -0.005598 0.000208 -0.023593
v -0.005628 0.000237 -0.023263
v -0.005513 0.000737 -0.024460
v -0.005544 0.000607 -0.024242
v -0.005597 0.000556 -0.023943
v -0.005625 0.000590 -0.023638
v -0.005510 0.001080 -0.024751
v -0.005543 0.000954 -0.024579
v -0.005596 0.000906 -0.024292
v -0.005621 0.000959 -0.024014
v -0.005533 0.001321 -0.024782
v -0.005599 0.001319 -0.024602
v -0.005617 0.001256 -0.024321
v -0.005607 0.004603 -0.024606
v -0.005857 0.000352 -0.002137
v -0.005844 0.000177 -0.001926
v -0.005814 0.000184 -0.001584
v -0.005743 0.000207 -0.001258
v -0.005621 0.000257 -0.000964
v -0.005559 0.000380 -0.000761
v -0.005860 0.000562 -0.001642
v -0.005816 0.000532 -0.001236
v -0.005741 0.000547 -0.000921
v -0.005617 0.000569 -0.000673
v -0.005850 0.000875 -0.001226
v -0.005804 0.000872 -0.000880
v -0.005676 0.000866 -0.000536
v -0.005612 0.000986 -0.000294
v -0.005872 0.001759 -0.000859
v -0.005862 0.001761 -0.000521
v -0.005789 0.001570 -0.000233
v -0.005672 0.001233 -0.000197
v -0.005812 0.002008 -0.000210
v -0.005538 0.003714 -0.024788
v -0.005627 0.004265 -0.024267
v -0.005530 0.004998 -0.024788
v -0.005624 0.004731 -0.024214
v -0.005600 0.005013 -0.024555
v -0.005516 0.005169 -0.024747
v -0.005534 0.005233 -0.024274
v -0.005552 0.005262 -0.021507
v -0.005635 0.005023 -0.021402
v -0.005571 0.005265 -0.020832
v -0.005772 0.005052 -0.007761
v -0.005638 0.005321 -0.012908
v -0.005800 0.004712 -0.007794
v -0.005680 0.005365 -0.008294
v -0.005879 0.004370 -0.000960
v -0.005666 0.005402 -0.007871
v -0.005697 0.005358 -0.007348
v -0.005875 0.004743 -0.000941
v -0.005853 0.005070 -0.000629
v -0.005777 0.005376 -0.000640
v -0.005870 0.004650 -0.000535
v -0.005817 0.004644 -0.000219
v -0.005789 0.005065 -0.000220
v -0.005723 0.005367 -0.000230
v -0.005622 0.005602 -0.000626
v -0.005597 0.005572 -0.000241
v -0.005337 0.000198 -0.023982
v -0.005338 0.000568 -0.024361
v -0.005377 0.001036 -0.024776
v -0.005329 0.001294 -0.024849
v -0.005335 0.001706 -0.024864
v -0.005378 0.003513 -0.024852
v -0.005012 0.000647 -0.024466
v -0.005048 0.001055 -0.024802
v -0.004998 0.000856 -0.024665
v -0.005000 0.001933 -0.024873
v -0.003939 0.001254 -0.024846
v -0.004550 0.001599 -0.024864
v -0.004738 0.001915 -0.024856
v -0.004765 0.002264 -0.024807
v -0.004610 0.002346 -0.024598
v -0.004560 0.002426 -0.024167
v -0.004877 0.002623 -0.024797
v -0.004758 0.002656 -0.024608
v -0.004691 0.002674 -0.024173
v -0.004359 0.001865 -0.024792
v -0.004288 0.001987 -0.024611
v -0.004316 0.002097 -0.024311
v -0.004203 0.002033 -0.023855
v -0.004541 0.002117 -0.024771
v -0.004403 0.002224 -0.023893
v -0.003738 0.001467 -0.024810
v -0.003661 0.001625 -0.024623
v -0.003931 0.001772 -0.024586
v -0.003915 0.001813 -0.024304
v -0.003988 0.001879 -0.023865
v -0.002215 0.001048 -0.024794
v -0.003610 0.001685 -0.024313
v -0.003561 0.001697 -0.023927
v -0.003806 0.001782 -0.023849
v -0.003109 0.001402 -0.024787
v -0.003325 0.001555 -0.024609
v -0.003310 0.001626 -0.024314
v -0.003285 0.001654 -0.023923
v -0.000418 0.000864 -0.024654
v -0.002594 0.001242 -0.024838
v -0.002982 0.001544 -0.024606
v -0.002980 0.001619 -0.024313
v -0.002974 0.001653 -0.023938
v -0.004571 0.002421 -0.019522
v -0.004691 0.002635 -0.020417
v -0.004419 0.002230 -0.017788
v -0.003783 0.001814 -0.016460
v -0.003030 0.001732 -0.014768
v -0.004230 0.002065 -0.015632
v -0.004004 0.001927 -0.014551
v -0.003541 0.001750 -0.015043
v -0.003302 0.001725 -0.014881
v -0.004605 0.002426 -0.010905
v -0.004746 0.002639 -0.011562
v -0.004426 0.002231 -0.011692
v -0.004227 0.002072 -0.010520
v -0.003980 0.001940 -0.009749
v -0.003493 0.001774 -0.009938
v -0.003720 0.001829 -0.010457
v -0.003297 0.001758 -0.009474
v -0.003075 0.001750 -0.011748
v -0.002849 0.001788 -0.011944
v -0.004602 0.002405 -0.005224
v -0.004747 0.002610 -0.009189
v -0.004422 0.002226 -0.004815
v -0.003665 0.001835 -0.009270
v -0.003322 0.001788 -0.009246
v -0.003115 0.001767 -0.009456
v -0.002903 0.001809 -0.010057
v -0.002976 0.001818 -0.009226
v -0.004765 0.002613 -0.005302
v -0.004222 0.002078 -0.005266
v -0.003974 0.001956 -0.005134
v -0.003668 0.001857 -0.005325
v -0.003331 0.001812 -0.005516
v -0.002994 0.001848 -0.005492
v -0.004900 0.002795 -0.000630
v -0.003680 0.001903 -0.000634
v -0.003322 0.001840 -0.004283
v -0.003335 0.001877 -0.000600
v -0.002981 0.001879 -0.004166
v -0.002991 0.001920 -0.000616
v -0.005375 0.000190 -0.000890
v -0.005445 0.000377 -0.000709
v -0.005398 0.000744 -0.000402
v -0.005388 0.000914 -0.000219
v -0.005399 0.001111 -0.000072
v -0.004978 0.000625 -0.000426
v -0.005015 0.000877 -0.000185
v -0.004984 0.001057 -0.000034
v -0.004952 0.002749 -0.000210
v -0.004611 0.002401 -0.000619
v -0.004668 0.002372 -0.000212
v -0.004776 0.002598 -0.000612
v -0.004223 0.002091 -0.000620
v -0.004274 0.002048 -0.000212
v -0.004426 0.002231 -0.000594
v -0.003983 0.001983 -0.000629
v -0.003987 0.001932 -0.000213
v -0.003668 0.001864 -0.000217
v -0.003324 0.001845 -0.000218
v -0.002974 0.001887 -0.000210
v -0.005348 0.004652 -0.024873
v -0.005302 0.004992 -0.024866
v -0.005349 0.005208 -0.024785
v -0.005352 0.005315 -0.024605
v -0.005354 0.005376 -0.024313
v -0.005354 0.005405 -0.023928
v -0.005353 0.005439 -0.021796
v -0.005117 0.002969 -0.024859
v -0.005098 0.003570 -0.024833
v -0.004983 0.003499 -0.024751
v -0.004964 0.004722 -0.024892
v -0.005053 0.005229 -0.024801
v -0.005062 0.005381 -0.024607
v -0.005063 0.005474 -0.024313
v -0.005062 0.005518 -0.023916
v -0.005065 0.005544 -0.021952
v -0.004932 0.002953 -0.024791
v -0.004841 0.002975 -0.024611
v -0.004796 0.002982 -0.024237
v -0.004893 0.003320 -0.024636
v -0.004843 0.003323 -0.024252
v -0.004860 0.003318 -0.021217
v -0.004887 0.004039 -0.024800
v -0.004873 0.003675 -0.024637
v -0.004813 0.003662 -0.024234
v -0.004833 0.003677 -0.021243
v -0.004775 0.004002 -0.024613
v -0.004721 0.003972 -0.024191
v -0.004768 0.004391 -0.024817
v -0.004639 0.004302 -0.024613
v -0.004592 0.004237 -0.024194
v -0.004740 0.004727 -0.024870
v -0.004521 0.005020 -0.024862
v -0.004619 0.005421 -0.024592
v -0.004637 0.005523 -0.024307
v -0.004720 0.005566 -0.023896
v -0.004691 0.005598 -0.021765
v -0.004547 0.004537 -0.024779
v -0.004357 0.004567 -0.024316
v -0.004450 0.004443 -0.023896
v -0.004370 0.004783 -0.024800
v -0.004317 0.004671 -0.024612
v -0.004273 0.004627 -0.023900
v -0.004239 0.005256 -0.024787
v -0.004355 0.005574 -0.023914
v -0.004255 0.005597 -0.022088
v -0.003924 0.004967 -0.024611
v -0.004077 0.004784 -0.024225
v -0.004179 0.004864 -0.015111
v -0.004028 0.005067 -0.024796
v -0.003862 0.004909 -0.024171
v -0.003668 0.005163 -0.024779
v -0.003639 0.005073 -0.024606
v -0.003627 0.005020 -0.024313
v -0.003618 0.005002 -0.023873
v -0.002939 0.005304 -0.024773
v -0.003093 0.005511 -0.024320
v -0.003132 0.005220 -0.024775
v -0.003319 0.005128 -0.024605
v -0.003317 0.005080 -0.024313
v -0.003306 0.005062 -0.023874
v -0.002410 0.005416 -0.024608
v -0.003100 0.005562 -0.023904
v -0.002976 0.005116 -0.024552
v -0.002952 0.005063 -0.023836
v -0.002424 0.005601 -0.022092
v -0.005421 0.005442 -0.021052
v -0.004891 0.003126 -0.017622
v -0.004893 0.003478 -0.020989
v -0.004899 0.003330 -0.019845
v -0.004895 0.003558 -0.019597
v -0.005028 0.005589 -0.021425
v -0.004810 0.002984 -0.021203
v -0.004812 0.002910 -0.020080
v -0.004874 0.003189 -0.020677
v -0.004850 0.003766 -0.020037
v -0.004738 0.004012 -0.021177
v -0.004637 0.004285 -0.019498
v -0.004502 0.004493 -0.018969
v -0.004372 0.004710 -0.015062
v -0.003979 0.004993 -0.013948
v -0.003340 0.005166 -0.013399
v -0.005474 0.005485 -0.015258
v -0.004925 0.003324 -0.016194
v -0.004916 0.003623 -0.016469
v -0.004878 0.003845 -0.016385
v -0.004778 0.004039 -0.018840
v -0.004803 0.004059 -0.016214
v -0.004662 0.004342 -0.015686
v -0.004530 0.004542 -0.015179
v -0.003674 0.005106 -0.013642
v -0.002995 0.005154 -0.013282
v -0.004946 0.003066 -0.008784
v -0.004855 0.002858 -0.011790
v -0.005007 0.003662 -0.007134
v -0.004953 0.003964 -0.007805
v -0.004440 0.004791 -0.007686
v -0.003982 0.005055 -0.009688
v -0.003662 0.005145 -0.011612
v -0.003323 0.005195 -0.011731
v -0.002978 0.005169 -0.012021
v -0.005564 0.005550 -0.007666
v -0.005017 0.003342 -0.005531
v -0.004877 0.002813 -0.006090
v -0.004879 0.004192 -0.007756
v -0.004776 0.004382 -0.007783
v -0.004617 0.004605 -0.007624
v -0.004234 0.004934 -0.008590
v -0.003711 0.005156 -0.009533
v -0.003331 0.005212 -0.009647
v -0.003496 0.005234 -0.008600
v -0.003173 0.005244 -0.009419
v -0.003319 0.005255 -0.008404
v -0.002986 0.005185 -0.009657
v -0.002888 0.005180 -0.009188
v -0.003111 0.005239 -0.008484
v -0.004957 0.003013 -0.005124
v -0.004518 0.004860 -0.000587
v -0.004280 0.004992 -0.003504
v -0.004035 0.005122 -0.004179
v -0.003802 0.005219 -0.004118
v -0.003582 0.005274 -0.004315
v -0.003330 0.005292 -0.004659
v -0.002847 0.005217 -0.003629
v -0.003083 0.005275 -0.004148
v -0.004947 0.004266 -0.000618
v -0.004830 0.004488 -0.000592
v -0.004684 0.004686 -0.000622
v -0.003338 0.005306 -0.001889
v -0.005000 0.003045 -0.000603
v -0.005050 0.003016 -0.000214
v -0.005066 0.003342 -0.000589
v -0.005111 0.003333 -0.000217
v -0.005080 0.003673 -0.000589
v -0.005124 0.003672 -0.000219
v -0.005038 0.003992 -0.000580
v -0.005083 0.004004 -0.000218
v -0.004989 0.004317 -0.000215
v -0.004714 0.004717 -0.000229
v -0.004368 0.005039 -0.000221
v -0.004314 0.005017 -0.000597
v -0.004058 0.005161 -0.000636
v -0.004115 0.005185 -0.000237
v -0.003905 0.005310 -0.000234
v -0.003870 0.005242 -0.000673
v -0.003657 0.005279 -0.001950
v -0.003618 0.005306 -0.000670
v -0.003635 0.005383 -0.000239
v -0.003333 0.005325 -0.000629
v -0.003318 0.005396 -0.000236
v -0.002827 0.005226 -0.000667
v -0.002743 0.005233 -0.000250
v -0.003050 0.005288 -0.000664
v -0.002973 0.005342 -0.000217
v -0.005237 0.005551 -0.021260
v -0.005295 0.005608 -0.013581
v -0.004310 0.005796 -0.001273
v -0.005051 0.005709 -0.007855
v -0.004707 0.005728 -0.007916
v -0.005363 0.005652 -0.007854
v -0.005383 0.005729 -0.000675
v -0.005072 0.005780 -0.000952
v -0.004755 0.005795 -0.000904
v -0.005374 0.005663 -0.000237
v -0.004971 0.005769 -0.000542
v -0.005050 0.005695 -0.000230
v -0.003311 0.005714 -0.000236
v -0.002716 0.005777 -0.000539
v -0.002631 0.001451 -0.024787
v -0.002662 0.001589 -0.024606
v -0.002669 0.001667 -0.024315
v -0.002662 0.001701 -0.023924
v -0.001932 0.001296 -0.024851
v -0.002271 0.001547 -0.024798
v -0.002384 0.001686 -0.024608
v -0.002380 0.001764 -0.024353
v -0.002454 0.001770 -0.023985
v -0.002123 0.001751 -0.024767
v -0.002260 0.001874 -0.023911
v -0.001915 0.001568 -0.024847
v -0.001872 0.001866 -0.024797
v -0.001978 0.001967 -0.024607
v -0.001935 0.002083 -0.024304
v -0.002041 0.002029 -0.023927
v -0.001741 0.002097 -0.024768
v -0.001633 0.002344 -0.024612
v -0.001855 0.002204 -0.023905
v -0.001481 0.001614 -0.024869
v -0.001554 0.001909 -0.024851
v -0.001518 0.002247 -0.024803
v -0.001678 0.002388 -0.024313
v -0.001702 0.002402 -0.023840
v -0.001341 0.002775 -0.024784
v -0.001502 0.002612 -0.024606
v -0.001555 0.002643 -0.024207
v -0.001234 0.002073 -0.024867
v -0.001178 0.002616 -0.024853
v -0.000302 0.001052 -0.024787
v -0.000128 0.001300 -0.024851
v -0.000739 0.002931 -0.024879
v -0.001931 0.002283 -0.016273
v -0.001598 0.002664 -0.021189
v -0.002807 0.001769 -0.014956
v -0.002580 0.001848 -0.015198
v -0.002307 0.001986 -0.015643
v -0.002095 0.002108 -0.017269
v -0.001785 0.002469 -0.016206
v -0.001651 0.002677 -0.017356
v -0.002124 0.002127 -0.014788
v -0.002612 0.001873 -0.011986
v -0.002367 0.002024 -0.010802
v -0.002640 0.001914 -0.009425
v -0.002233 0.002223 -0.004849
v -0.002050 0.002405 -0.004672
v -0.001884 0.002621 -0.004455
v -0.002678 0.001949 -0.005294
v -0.002469 0.002123 -0.000590
v -0.001773 0.002810 -0.004489
v -0.002672 0.002020 -0.000653
v -0.002101 0.002434 -0.000635
v -0.002623 0.001991 -0.000191
v -0.002350 0.002157 -0.000205
v -0.002406 0.002054 -0.000074
v -0.002294 0.002249 -0.000590
v -0.002058 0.002392 -0.000202
v -0.001941 0.002639 -0.000636
v -0.001902 0.002625 -0.000218
v -0.002628 0.005171 -0.024779
v -0.002654 0.005087 -0.024606
v -0.002664 0.005036 -0.024313
v -0.002634 0.005005 -0.023815
v -0.002110 0.004897 -0.024773
v -0.002313 0.004952 -0.024578
v -0.002332 0.004915 -0.024308
v -0.002173 0.004792 -0.023860
v -0.002262 0.005076 -0.024795
v -0.002383 0.004913 -0.023838
v -0.001956 0.005252 -0.024791
v -0.001995 0.005527 -0.024315
v -0.001943 0.005581 -0.023904
v -0.001737 0.004558 -0.024776
v -0.001934 0.004677 -0.024616
v -0.001810 0.004470 -0.024202
v -0.001867 0.004779 -0.024808
v -0.001982 0.004643 -0.024202
v -0.001912 0.005040 -0.024847
v -0.001334 0.003057 -0.024604
v -0.001395 0.003027 -0.024329
v -0.001466 0.002878 -0.023917
v -0.001424 0.003942 -0.024593
v -0.001438 0.003785 -0.024177
v -0.001463 0.003755 -0.021313
v -0.001485 0.004353 -0.024804
v -0.001530 0.004025 -0.024186
v -0.001560 0.004015 -0.020835
v -0.001612 0.004310 -0.024614
v -0.001661 0.004266 -0.024157
v -0.001553 0.004735 -0.024867
v -0.001543 0.005027 -0.024870
v -0.001182 0.002966 -0.024806
v -0.001405 0.003111 -0.023908
v -0.001123 0.003327 -0.024799
v -0.001287 0.003349 -0.024611
v -0.001381 0.003337 -0.024160
v -0.001123 0.003758 -0.024824
v -0.001312 0.003666 -0.024621
v -0.001395 0.003577 -0.024172
v -0.001333 0.003904 -0.024720
v -0.001290 0.004676 -0.024882
v -0.000822 0.003542 -0.024873
v -0.000897 0.004652 -0.024896
v 0.001921 0.005255 -0.024793
v 0.001539 0.005024 -0.024870
v 0.002408 0.005424 -0.024605
v 0.003042 0.005581 -0.023972
v -0.001824 0.004466 -0.018637
v -0.001999 0.004654 -0.016071
v -0.001495 0.002949 -0.020863
v -0.001424 0.003188 -0.021395
v -0.001439 0.003315 -0.020793
v -0.001463 0.003667 -0.020783
v -0.001673 0.004242 -0.019503
v -0.001407 0.003411 -0.021008
v -0.001414 0.003524 -0.021002
v -0.002674 0.005085 -0.012409
v -0.002185 0.004816 -0.016298
v -0.002408 0.004967 -0.012670
v -0.001509 0.002989 -0.018852
v -0.001542 0.002978 -0.017441
v -0.001456 0.003326 -0.018779
v -0.001484 0.003321 -0.017498
v -0.001487 0.003672 -0.018264
v -0.001560 0.003962 -0.018144
v -0.001541 0.003669 -0.012855
v -0.001706 0.004233 -0.012559
v -0.002185 0.004823 -0.007303
v -0.001841 0.004453 -0.011263
v -0.001627 0.003352 -0.004706
v -0.002619 0.005077 -0.009623
v -0.002381 0.004958 -0.009549
v -0.002005 0.004647 -0.009015
v -0.001615 0.003683 -0.005435
v -0.001641 0.003975 -0.007952
v -0.002394 0.004985 -0.004059
v -0.001891 0.004456 -0.000606
v -0.002041 0.004666 -0.000615
v -0.001690 0.003034 -0.004496
v -0.001770 0.004224 -0.000622
v -0.002617 0.005115 -0.003910
v -0.001658 0.003676 -0.000624
v -0.001698 0.003988 -0.000625
v -0.002617 0.005131 -0.000603
v -0.002187 0.004824 -0.000614
v -0.002015 0.004705 -0.000232
v -0.002386 0.004988 -0.000626
v -0.002352 0.005023 -0.000218
v -0.001811 0.002862 -0.000576
v -0.001680 0.003041 -0.000214
v -0.001725 0.004261 -0.000232
v -0.001722 0.003086 -0.000610
v -0.001667 0.003356 -0.000597
v -0.001614 0.003349 -0.000212
v -0.001602 0.003671 -0.000212
v -0.001634 0.003982 -0.000212
v -0.002548 0.005712 -0.000241
v 0.004605 0.005793 -0.000533
v 0.002827 0.005725 -0.000234
v -0.005602 0.001359 -0.000005
v -0.005652 0.001723 0.000037
v -0.005669 0.004927 0.000009
v -0.005609 0.005358 -0.000022
v -0.005532 0.005537 -0.000052
v -0.005386 0.001313 0.000065
v -0.005394 0.001594 0.000135
v -0.005384 0.001965 0.000159
v -0.005402 0.002628 0.000120
v -0.005000 0.001311 0.000106
v -0.005070 0.001589 0.000168
v -0.005071 0.001927 0.000179
v -0.005075 0.002274 0.000135
v -0.005087 0.002631 0.000045
v -0.004667 0.001617 0.000157
v -0.004726 0.001922 0.000139
v -0.004755 0.002246 0.000039
v -0.004869 0.002492 -0.000014
v -0.004372 0.001908 0.000049
v -0.004512 0.002129 -0.000013
v -0.003487 0.001274 0.000078
v -0.004016 0.001805 0.000026
v -0.003257 0.001522 0.000111
v -0.003673 0.001755 0.000015
v -0.003111 0.001744 0.000018
v -0.005445 0.003335 0.000097
v -0.005404 0.004607 0.000111
v -0.005394 0.005065 0.000112
v -0.005381 0.005362 0.000065
v -0.005183 0.002985 0.000022
v -0.005246 0.003504 0.000013
v -0.005203 0.004026 0.000012
v -0.005110 0.004398 0.000024
v -0.005090 0.004743 0.000099
v -0.005076 0.005071 0.000123
v -0.005069 0.005366 0.000084
v -0.004909 0.004558 -0.000040
v -0.004796 0.004797 -0.000000
v -0.004750 0.005090 0.000076
v -0.004729 0.005371 0.000069
v -0.004579 0.004927 -0.000053
v -0.004436 0.005130 -0.000013
v -0.004385 0.005383 0.000030
v -0.004175 0.005237 -0.000057
v -0.004023 0.005408 -0.000037
v -0.003545 0.005506 -0.000064
v -0.002911 0.005460 -0.000039
v -0.004960 0.005573 -0.000019
v -0.004315 0.005583 -0.000045
v -0.003371 0.005622 -0.000070
v -0.002499 0.001864 0.000053
v -0.002079 0.001288 0.000097
v -0.002221 0.001592 0.000151
v -0.001982 0.002256 0.000031
v -0.001795 0.002001 0.000168
v -0.001788 0.002593 0.000014
v -0.001597 0.001587 0.000184
v -0.001457 0.002105 0.000204
v -0.001544 0.002619 0.000131
v -0.001247 0.001928 0.000216
v -0.001217 0.002906 0.000177
v -0.000863 0.002481 0.000219
v 0.001899 0.001295 0.000105
v -0.002301 0.005130 -0.000007
v -0.002105 0.004896 -0.000033
v -0.002068 0.005360 0.000072
v -0.001723 0.002812 -0.000028
v -0.001896 0.004739 0.000008
v -0.001912 0.005079 0.000096
v -0.001543 0.002962 0.000045
v -0.001450 0.003484 0.000034
v -0.001485 0.004013 0.000033
v -0.001565 0.004366 0.000045
v -0.001569 0.004727 0.000124
v -0.001573 0.005066 0.000146
v -0.001540 0.005368 0.000103
v -0.001187 0.003398 0.000163
v -0.001226 0.004430 0.000165
v -0.001188 0.005063 0.000169
v -0.000877 0.004638 0.000196
v 0.001499 0.005373 0.000109
v -0.002174 0.005582 -0.000025
v 0.001836 0.005591 -0.000016
v 0.000418 -0.003258 -0.020406
v 0.000157 -0.003394 -0.020102
v 0.000135 -0.003464 -0.019634
v 0.000764 -0.003064 -0.020657
v 0.000626 -0.003684 -0.019721
v 0.000517 -0.003467 -0.020068
v 0.000401 -0.003523 -0.019765
v 0.000927 -0.003915 -0.019647
v 0.000930 -0.003720 -0.019911
v 0.000894 -0.003418 -0.020265
v 0.001259 -0.004123 -0.019522
v 0.001229 -0.003759 -0.019925
v 0.001325 -0.003472 -0.020238
v 0.003945 -0.003137 -0.020569
v 0.001165 -0.005335 -0.018279
v 0.000173 -0.004806 -0.018580
v 0.000148 -0.004696 -0.018344
v 0.000138 -0.004650 -0.017945
v 0.000127 -0.003457 -0.012776
v 0.000517 -0.005554 -0.017250
v 0.000526 -0.004981 -0.018622
v 0.000696 -0.004602 -0.018877
v 0.000541 -0.004710 -0.018681
v 0.000410 -0.004598 -0.018366
v 0.000376 -0.004554 -0.017916
v 0.000705 -0.004468 -0.018895
v 0.000619 -0.004455 -0.018685
v 0.000565 -0.004414 -0.018369
v 0.000546 -0.004399 -0.017986
v 0.000699 -0.003886 -0.019380
v 0.000635 -0.003920 -0.018829
v 0.000630 -0.003946 -0.015033
v 0.000541 -0.003698 -0.019409
v 0.000512 -0.003713 -0.018989
v 0.000508 -0.003720 -0.015145
v 0.000344 -0.003545 -0.019351
v 0.000339 -0.003545 -0.013404
v 0.001145 -0.005446 -0.018006
v 0.000861 -0.005538 -0.017247
v 0.000644 -0.005187 -0.018473
v 0.000904 -0.004616 -0.018954
v 0.000880 -0.004800 -0.018800
v 0.000989 -0.004253 -0.019279
v 0.000868 -0.004368 -0.019033
v 0.000710 -0.004284 -0.018715
v 0.000657 -0.004244 -0.018301
v 0.000652 -0.004241 -0.014697
v 0.000906 -0.004069 -0.019394
v 0.000772 -0.004122 -0.019067
v 0.000703 -0.004112 -0.018724
v 0.000682 -0.004102 -0.018398
v 0.001202 -0.005507 -0.017538
v 0.001194 -0.004911 -0.018763
v 0.001267 -0.004483 -0.019151
v 0.001570 -0.005402 -0.017994
v 0.001560 -0.005450 -0.017573
v 0.001450 -0.005170 -0.018494
v 0.001611 -0.004379 -0.019302
v 0.002059 -0.005260 -0.018236
v 0.002098 -0.005294 -0.018053
v 0.001856 -0.005382 -0.017227
v 0.002139 -0.004755 -0.018927
v 0.002161 -0.005299 -0.017638
v 0.002046 -0.005105 -0.018509
v 0.002269 -0.005149 -0.018341
v 0.002417 -0.005187 -0.017980
v 0.002383 -0.005218 -0.017211
v 0.002596 -0.004966 -0.018603
v 0.002819 -0.004983 -0.018399
v 0.002604 -0.005130 -0.017589
v 0.002657 -0.004728 -0.018924
v 0.000134 -0.004638 -0.014574
v 0.000367 -0.004539 -0.014632
v 0.000548 -0.004384 -0.015055
v 0.000563 -0.004311 -0.014547
v 0.000524 -0.004320 -0.014021
v 0.000617 -0.004045 -0.014547
v 0.000583 -0.004032 -0.014055
v 0.000506 -0.003746 -0.014474
v 0.000674 -0.004143 -0.014701
v 0.000540 -0.005459 -0.007258
v 0.000351 -0.004517 -0.006585
v 0.000887 -0.005445 -0.007249
v 0.002116 -0.005236 -0.007095
v 0.002633 -0.005043 -0.006834
v 0.000129 -0.004620 -0.006624
v 0.000510 -0.004313 -0.006504
v 0.000502 -0.003736 -0.005816
v 0.000341 -0.003536 -0.005553
v 0.001256 -0.005407 -0.006948
v 0.001580 -0.005362 -0.007253
v 0.001907 -0.005290 -0.006834
v 0.002327 -0.005163 -0.006888
v 0.001005 -0.005120 -0.006079
v 0.000141 -0.004679 -0.006173
v 0.000170 -0.004781 -0.005962
v 0.000127 -0.003440 -0.005189
v 0.000525 -0.004928 -0.005936
v 0.000393 -0.004566 -0.006147
v 0.000536 -0.004665 -0.005856
v 0.000531 -0.004329 -0.006134
v 0.000593 -0.004350 -0.005819
v 0.000576 -0.004025 -0.006178
v 0.000604 -0.004033 -0.005785
v 0.000902 -0.004771 -0.005770
v 0.001222 -0.004928 -0.005882
v 0.001782 -0.005283 -0.006470
v 0.001750 -0.005234 -0.006292
v 0.001719 -0.005037 -0.006011
v 0.002393 -0.004625 -0.005581
v 0.002054 -0.005206 -0.006488
v 0.001940 -0.005132 -0.006191
v 0.002535 -0.005051 -0.006378
v 0.002495 -0.004884 -0.005893
v 0.002796 -0.004918 -0.006097
v 0.000145 -0.003396 -0.004737
v 0.000170 -0.003309 -0.004432
v 0.000475 -0.003158 -0.004164
v 0.000579 -0.002817 -0.003806
v 0.000700 -0.004536 -0.005643
v 0.000703 -0.004326 -0.005562
v 0.000689 -0.004065 -0.005441
v 0.000533 -0.003738 -0.005429
v 0.000593 -0.003714 -0.005084
v 0.000549 -0.003385 -0.004464
v 0.000373 -0.003526 -0.005078
v 0.000414 -0.003470 -0.004746
v 0.000915 -0.004565 -0.005576
v 0.000910 -0.004336 -0.005403
v 0.000999 -0.004200 -0.005233
v 0.000806 -0.004130 -0.005310
v 0.000899 -0.004003 -0.005104
v 0.000916 -0.003761 -0.004814
v 0.000718 -0.003737 -0.004930
v 0.000924 -0.003317 -0.004305
v 0.001268 -0.004422 -0.005398
v 0.001267 -0.004055 -0.005046
v 0.001118 -0.003734 -0.004736
v 0.001757 -0.004069 -0.005035
v 0.003431 -0.004012 -0.019672
v 0.003668 -0.004028 -0.019627
v 0.003985 -0.003935 -0.019663
v 0.003997 -0.003662 -0.020000
v 0.004258 -0.003799 -0.019689
v 0.004329 -0.003575 -0.020012
v 0.004332 -0.003345 -0.020299
v 0.004390 -0.003007 -0.020680
v 0.004572 -0.003450 -0.020009
v 0.004575 -0.003546 -0.019739
v 0.004659 -0.003202 -0.020347
v 0.004859 -0.003203 -0.019845
v 0.004679 -0.002923 -0.020712
v 0.004895 -0.003030 -0.020359
v 0.004871 -0.003148 -0.020080
v 0.004941 -0.002771 -0.020730
v 0.005126 -0.002694 -0.020396
v 0.005013 -0.002976 -0.019688
v 0.002864 -0.004891 -0.018613
v 0.002859 -0.005013 -0.017918
v 0.002971 -0.004648 -0.018972
v 0.003142 -0.004830 -0.018348
v 0.003113 -0.004878 -0.017922
v 0.003281 -0.004602 -0.018949
v 0.003484 -0.004595 -0.018767
v 0.003296 -0.004766 -0.017546
v 0.003333 -0.004349 -0.019300
v 0.003533 -0.004504 -0.018955
v 0.003509 -0.004629 -0.018272
v 0.003633 -0.004280 -0.019309
v 0.003880 -0.004329 -0.018738
v 0.003724 -0.004468 -0.018273
v 0.003918 -0.004149 -0.019339
v 0.003896 -0.004271 -0.019038
v 0.003902 -0.004324 -0.018316
v 0.004204 -0.004013 -0.019105
v 0.004096 -0.004148 -0.018285
v 0.004247 -0.003924 -0.019390
v 0.004251 -0.003994 -0.018672
v 0.004554 -0.003620 -0.019475
v 0.004546 -0.003663 -0.019078
v 0.004891 -0.003182 -0.019551
v 0.004758 -0.003381 -0.019024
v 0.004472 -0.003729 -0.005523
v 0.004645 -0.003524 -0.005437
v 0.003103 -0.004817 -0.006559
v 0.003810 -0.004351 -0.006179
v 0.004796 -0.003328 -0.005140
v 0.004932 -0.003133 -0.005076
v 0.005067 -0.002915 -0.004774
v 0.002877 -0.004932 -0.006531
v 0.003322 -0.004690 -0.006488
v 0.003532 -0.004553 -0.006179
v 0.004120 -0.004085 -0.005854
v 0.004308 -0.003904 -0.005800
v 0.002831 -0.004839 -0.005922
v 0.003139 -0.004772 -0.006175
v 0.003271 -0.004640 -0.005831
v 0.003502 -0.004540 -0.005829
v 0.003767 -0.004362 -0.005812
v 0.002963 -0.004584 -0.005583
v 0.002918 -0.004365 -0.005327
v 0.003223 -0.004524 -0.005550
v 0.003256 -0.004122 -0.005087
v 0.003497 -0.004471 -0.005585
v 0.003622 -0.004220 -0.005244
v 0.003670 -0.003922 -0.004906
v 0.004539 -0.002063 -0.003069
v 0.003872 -0.004233 -0.005481
v 0.003920 -0.004078 -0.005179
v 0.004135 -0.004032 -0.005458
v 0.003975 -0.003870 -0.004894
v 0.003990 -0.003563 -0.004549
v 0.004227 -0.003887 -0.005130
v 0.004270 -0.003721 -0.004828
v 0.004483 -0.003667 -0.005102
v 0.004322 -0.003514 -0.004547
v 0.004321 -0.003231 -0.004229
v 0.004564 -0.003519 -0.004781
v 0.004604 -0.003357 -0.004483
v 0.004820 -0.003255 -0.004724
v 0.004657 -0.003150 -0.004202
v 0.004659 -0.002898 -0.003918
v 0.004873 -0.003137 -0.004434
v 0.004883 -0.003000 -0.004155
v 0.005146 -0.002739 -0.004347
v 0.004969 -0.002691 -0.003795
v 0.004333 -0.002481 -0.021237
v 0.005078 -0.000762 -0.022960
v 0.005055 -0.000153 -0.023584
v 0.005363 -0.001138 -0.022469
v 0.005351 -0.000656 -0.022994
v 0.005364 -0.000961 -0.022657
v 0.005350 -0.000303 -0.023356
v 0.005349 0.000045 -0.023710
v 0.004710 -0.002727 -0.020914
v 0.004770 -0.002255 -0.021441
v 0.004677 -0.001561 -0.022166
v 0.005011 -0.002511 -0.021056
v 0.005146 -0.002726 -0.019710
v 0.005015 -0.002223 -0.021419
v 0.005038 -0.001699 -0.021964
v 0.005043 -0.002019 -0.021617
v 0.005047 -0.001358 -0.022330
v 0.005237 -0.002319 -0.021067
v 0.005230 -0.002454 -0.020754
v 0.005249 -0.002507 -0.020088
v 0.005229 -0.002133 -0.021378
v 0.005379 -0.002056 -0.021036
v 0.005339 -0.002279 -0.020363
v 0.005303 -0.001724 -0.021777
v 0.005312 -0.001911 -0.021501
v 0.005527 -0.001669 -0.020923
v 0.005434 -0.002001 -0.020375
v 0.005324 -0.001414 -0.022137
v 0.005555 -0.001355 -0.021664
v 0.005504 -0.001363 -0.021874
v 0.005590 -0.001390 -0.021014
v 0.005197 -0.002683 -0.004719
v 0.005598 -0.001694 -0.003670
v 0.005523 -0.001923 -0.004011
v 0.005302 -0.002473 -0.004410
v 0.005418 -0.002204 -0.004095
v 0.004646 -0.002566 -0.003570
v 0.005113 -0.002694 -0.004053
v 0.005010 -0.002453 -0.003504
v 0.004998 -0.002215 -0.003247
v 0.005046 -0.001932 -0.002975
v 0.005268 -0.002485 -0.004038
v 0.005231 -0.002451 -0.003734
v 0.005231 -0.002298 -0.003458
v 0.005458 -0.002025 -0.003633
v 0.005282 -0.001957 -0.003082
v 0.005550 -0.001722 -0.003242
v 0.005498 -0.001687 -0.003005
v 0.004630 0.000849 -0.000212
v 0.004999 -0.000707 -0.001739
v 0.005032 -0.001536 -0.002560
v 0.005015 0.000202 -0.000850
v 0.005361 -0.001626 -0.002724
v 0.005364 -0.001404 -0.002462
v 0.005342 -0.001180 -0.002231
v 0.005338 -0.000847 -0.001901
v 0.005371 -0.000513 -0.001586
v 0.005339 -0.000194 -0.001259
v 0.005386 0.000028 -0.001051
v 0.005558 -0.000934 -0.022476
v 0.005532 -0.000730 -0.022780
v 0.005534 -0.000384 -0.023135
v 0.005570 -0.000498 -0.022898
v 0.005635 -0.000517 -0.022567
v 0.005533 -0.000036 -0.023488
v 0.005570 -0.000150 -0.023251
v 0.005646 -0.000102 -0.022908
v 0.005670 -0.000219 -0.022472
v 0.005561 -0.001103 -0.022190
v 0.005601 -0.001135 -0.021871
v 0.005618 -0.001197 -0.021425
v 0.005627 -0.000844 -0.022215
v 0.005642 -0.000966 -0.021704
v 0.005665 -0.000555 -0.022147
v 0.005660 -0.001448 -0.003630
v 0.005719 -0.001147 -0.003015
v 0.005795 -0.000473 -0.002668
v 0.005809 -0.000129 -0.002339
v 0.005765 -0.000814 -0.002964
v 0.005641 -0.001499 -0.003327
v 0.005621 -0.001479 -0.002989
v 0.005577 -0.001423 -0.002687
v 0.005565 -0.001242 -0.002410
v 0.005671 -0.001177 -0.002650
v 0.005545 -0.001013 -0.002135
v 0.005741 -0.000864 -0.002632
v 0.005696 -0.000844 -0.002305
v 0.005600 -0.000793 -0.002006
v 0.005549 -0.000662 -0.001787
v 0.005764 -0.000516 -0.002283
v 0.005709 -0.000494 -0.001956
v 0.005605 -0.000442 -0.001658
v 0.005550 -0.000310 -0.001440
v 0.005773 -0.000166 -0.001934
v 0.005713 -0.000143 -0.001608
v 0.005605 -0.000093 -0.001314
v 0.005572 0.000034 -0.001130
v 0.001310 0.000899 -0.024678
v 0.000713 0.002328 -0.024875
v 0.001702 0.001590 -0.024858
v 0.001185 0.000687 -0.024479
v 0.000818 0.003104 -0.024870
v 0.001217 0.001241 -0.024840
v 0.002164 0.001079 -0.024786
v 0.001380 0.001933 -0.024860
v 0.002381 0.001292 -0.024835
v 0.001556 0.001910 -0.024847
v 0.001523 0.002253 -0.024800
v 0.001677 0.002320 -0.024595
v 0.001717 0.002418 -0.024165
v 0.001426 0.002567 -0.024784
v 0.001515 0.002644 -0.024604
v 0.001577 0.002663 -0.024220
v 0.001598 0.002670 -0.022969
v 0.001937 0.001857 -0.024788
v 0.002004 0.001974 -0.024612
v 0.002135 0.001956 -0.024278
v 0.002064 0.002047 -0.023858
v 0.001748 0.002102 -0.024766
v 0.001872 0.002223 -0.024131
v 0.002573 0.001478 -0.024806
v 0.002649 0.001623 -0.024632
v 0.002367 0.001767 -0.024596
v 0.002274 0.001898 -0.023822
v 0.002689 0.001687 -0.024316
v 0.002706 0.001712 -0.023872
v 0.002474 0.001787 -0.024110
v 0.001778 0.002471 -0.017104
v 0.001619 0.002688 -0.020026
v 0.002103 0.002115 -0.017393
v 0.001914 0.002279 -0.018338
v 0.002314 0.001985 -0.016279
v 0.002803 0.001771 -0.015993
v 0.002593 0.001846 -0.015920
v 0.001660 0.002663 -0.017927
v 0.001951 0.002272 -0.016398
v 0.002361 0.001995 -0.013127
v 0.002608 0.001871 -0.013176
v 0.001893 0.002628 -0.000605
v 0.002382 0.002026 -0.010207
v 0.002151 0.002158 -0.011882
v 0.002643 0.001904 -0.010611
v 0.001764 0.002838 -0.000581
v 0.002452 0.002108 -0.000627
v 0.002661 0.001937 -0.007034
v 0.002061 0.002425 -0.000647
v 0.002257 0.002244 -0.000599
v 0.002687 0.002002 -0.000632
v 0.002199 0.001066 -0.000027
v 0.001704 0.002755 -0.000075
v 0.002018 0.002387 -0.000203
v 0.001779 0.002739 -0.000211
v 0.002394 0.002067 -0.000211
v 0.002670 0.001953 -0.000210
v 0.000836 0.003846 -0.024887
v 0.003017 0.005598 -0.023486
v 0.001326 0.004761 -0.024887
v 0.002830 0.005533 -0.024315
v 0.001162 0.003286 -0.024802
v 0.001334 0.003269 -0.024623
v 0.001398 0.003346 -0.024242
v 0.001408 0.003487 -0.023118
v 0.001200 0.003672 -0.024808
v 0.001353 0.003573 -0.024604
v 0.001406 0.003544 -0.024275
v 0.001183 0.004029 -0.024860
v 0.001416 0.002986 -0.024590
v 0.001469 0.002950 -0.024265
v 0.001492 0.002976 -0.022924
v 0.001419 0.003164 -0.024232
v 0.001440 0.003302 -0.022874
v 0.001356 0.003817 -0.024770
v 0.001459 0.003762 -0.024271
v 0.001466 0.003679 -0.022866
v 0.001521 0.004388 -0.024808
v 0.001502 0.004030 -0.024608
v 0.001546 0.004009 -0.024236
v 0.001555 0.003987 -0.022912
v 0.001638 0.004327 -0.024613
v 0.001674 0.004257 -0.024186
v 0.001553 0.004732 -0.024864
v 0.001738 0.004553 -0.024775
v 0.001820 0.004467 -0.024216
v 0.001912 0.004794 -0.024796
v 0.001960 0.004692 -0.024610
v 0.001987 0.004641 -0.024202
v 0.001911 0.005041 -0.024845
v 0.002351 0.004984 -0.024612
v 0.002186 0.004800 -0.024220
v 0.002261 0.005077 -0.024794
v 0.002390 0.004920 -0.024171
v 0.002717 0.005193 -0.024777
v 0.002653 0.005090 -0.024606
v 0.002648 0.005017 -0.024136
v 0.003155 0.005308 -0.024774
v 0.001509 0.002993 -0.019935
v 0.001456 0.003325 -0.019861
v 0.001477 0.003669 -0.019773
v 0.001567 0.003992 -0.019044
v 0.001685 0.004257 -0.016720
v 0.001829 0.004480 -0.018661
v 0.001984 0.004668 -0.012952
v 0.002180 0.004822 -0.018143
v 0.001543 0.002973 -0.018243
v 0.001482 0.003315 -0.018338
v 0.001493 0.003657 -0.018212
v 0.001590 0.003994 -0.012803
v 0.001824 0.004476 -0.013684
v 0.002388 0.004988 -0.010789
v 0.002658 0.005068 -0.016848
v 0.002171 0.004851 -0.009502
v 0.002664 0.005106 -0.011794
v 0.001615 0.003013 -0.008853
v 0.001541 0.003330 -0.010069
v 0.001542 0.003673 -0.009663
v 0.001822 0.004472 -0.007920
v 0.002357 0.004991 -0.008242
v 0.002621 0.005110 -0.009662
v 0.002601 0.005124 -0.008070
v 0.001642 0.004022 -0.000617
v 0.001720 0.004263 -0.000619
v 0.001983 0.004688 -0.000626
v 0.002159 0.004871 -0.000627
v 0.002601 0.005143 -0.004135
v 0.001692 0.003014 -0.000636
v 0.001614 0.003357 -0.000620
v 0.001598 0.003697 -0.000599
v 0.001840 0.004492 -0.000585
v 0.002352 0.005005 -0.003741
v 0.002576 0.005154 -0.000940
v 0.002788 0.005248 -0.000946
v 0.001653 0.002975 -0.000190
v 0.001573 0.003324 -0.000207
v 0.001553 0.003670 -0.000213
v 0.001588 0.003998 -0.000213
v 0.001675 0.004301 -0.000213
v 0.001945 0.004707 -0.000225
v 0.002288 0.005037 -0.000218
v 0.002343 0.005017 -0.000619
v 0.002707 0.005237 -0.000556
v 0.002534 0.005183 -0.000234
v 0.002742 0.005309 -0.000231
v 0.003208 0.001418 -0.024782
v 0.002976 0.001560 -0.024610
v 0.002987 0.001632 -0.024315
v 0.002985 0.001669 -0.023864
v 0.004623 0.000654 -0.024430
v 0.004974 0.000894 -0.024636
v 0.003827 0.001297 -0.024829
v 0.003324 0.001557 -0.024608
v 0.003311 0.001631 -0.024314
v 0.003290 0.001668 -0.023826
v 0.003892 0.001516 -0.024805
v 0.003676 0.001625 -0.024620
v 0.003609 0.001685 -0.024313
v 0.003577 0.001711 -0.023857
v 0.004052 0.001802 -0.024641
v 0.003975 0.001836 -0.024339
v 0.003786 0.001781 -0.023797
v 0.004999 0.001139 -0.024781
v 0.003915 0.001668 -0.024716
v 0.004415 0.001874 -0.024792
v 0.004020 0.001900 -0.023853
v 0.004444 0.001337 -0.024839
v 0.004722 0.001723 -0.024857
v 0.004299 0.001976 -0.024609
v 0.004329 0.002090 -0.024330
v 0.004236 0.002055 -0.023859
v 0.004553 0.002103 -0.024763
v 0.004649 0.002348 -0.024614
v 0.004403 0.002214 -0.023836
v 0.004744 0.001915 -0.024842
v 0.004777 0.002252 -0.024796
v 0.004597 0.002411 -0.024313
v 0.004569 0.002421 -0.023864
v 0.004911 0.002659 -0.024779
v 0.004782 0.002647 -0.024605
v 0.004727 0.002667 -0.024312
v 0.004697 0.002658 -0.023826
v 0.005042 0.000613 -0.024367
v 0.005329 0.001415 -0.024831
v 0.005023 0.001726 -0.024860
v 0.005090 0.002471 -0.024848
v 0.005349 0.000392 -0.024063
v 0.005351 0.000717 -0.024392
v 0.005356 0.000955 -0.024611
v 0.005359 0.001173 -0.024736
v 0.005350 0.001695 -0.024847
v 0.005380 0.003324 -0.024844
v 0.004016 0.001931 -0.018458
v 0.004233 0.002088 -0.015186
v 0.004566 0.002419 -0.020772
v 0.004696 0.002642 -0.021126
v 0.003026 0.001735 -0.015883
v 0.003314 0.001744 -0.013910
v 0.003522 0.001768 -0.013973
v 0.004411 0.002239 -0.016610
v 0.004573 0.002428 -0.013946
v 0.003730 0.001845 -0.011994
v 0.003987 0.001957 -0.011776
v 0.004716 0.002644 -0.012987
v 0.003076 0.001753 -0.012966
v 0.003173 0.001756 -0.010856
v 0.002842 0.001788 -0.013284
v 0.002924 0.001802 -0.011110
v 0.003447 0.001777 -0.011254
v 0.004406 0.002255 -0.009100
v 0.002980 0.001812 -0.010627
v 0.002986 0.001832 -0.007909
v 0.003327 0.001792 -0.010633
v 0.003324 0.001809 -0.007964
v 0.003665 0.001847 -0.010653
v 0.003662 0.001860 -0.008018
v 0.003967 0.001978 -0.007161
v 0.004204 0.002099 -0.008115
v 0.004569 0.002430 -0.007466
v 0.004720 0.002638 -0.007333
v 0.002974 0.001862 -0.006431
v 0.003324 0.001835 -0.006674
v 0.003656 0.001882 -0.006604
v 0.004394 0.002273 -0.000601
v 0.003340 0.001891 -0.000594
v 0.003676 0.001932 -0.000639
v 0.003991 0.002028 -0.000657
v 0.004194 0.002128 -0.000573
v 0.004572 0.002444 -0.000629
v 0.004736 0.002653 -0.000624
v 0.002991 0.001919 -0.000589
v 0.002984 0.001882 -0.000214
v 0.003327 0.001858 -0.000215
v 0.003676 0.001893 -0.000211
v 0.004983 0.001073 -0.000025
v 0.004029 0.001996 -0.000196
v 0.004287 0.002113 -0.000142
v 0.004600 0.002386 -0.000205
v 0.004760 0.002615 -0.000219
v 0.005053 0.000849 -0.000224
v 0.005390 0.000393 -0.000751
v 0.005363 0.000713 -0.000419
v 0.005367 0.000988 -0.000152
v 0.002969 0.005126 -0.024562
v 0.002961 0.005079 -0.023919
v 0.003882 0.005429 -0.024603
v 0.003563 0.005196 -0.024776
v 0.003320 0.005139 -0.024605
v 0.003305 0.005079 -0.024151
v 0.003646 0.005087 -0.024606
v 0.003628 0.005020 -0.024119
v 0.004243 0.005262 -0.024783
v 0.004627 0.005542 -0.024302
v 0.004190 0.004895 -0.024771
v 0.003985 0.004951 -0.024579
v 0.004094 0.004804 -0.024183
v 0.004038 0.005076 -0.024794
v 0.003891 0.004924 -0.024154
v 0.004644 0.005584 -0.024004
v 0.004774 0.005600 -0.023580
v 0.004437 0.004741 -0.024793
v 0.004368 0.004666 -0.024615
v 0.004468 0.004465 -0.024180
v 0.004295 0.004644 -0.024189
v 0.004388 0.005041 -0.024843
v 0.004976 0.005414 -0.024606
v 0.004881 0.002978 -0.024616
v 0.004822 0.002989 -0.024266
v 0.004806 0.002948 -0.023533
v 0.004902 0.003321 -0.024572
v 0.004860 0.003317 -0.024248
v 0.004889 0.003424 -0.023438
v 0.004874 0.003209 -0.023092
v 0.004901 0.004023 -0.024784
v 0.004885 0.003664 -0.024616
v 0.004835 0.003665 -0.024258
v 0.004845 0.003695 -0.023518
v 0.004795 0.004004 -0.024606
v 0.004751 0.003981 -0.024266
v 0.004744 0.004000 -0.023500
v 0.004780 0.004398 -0.024808
v 0.004670 0.004295 -0.024609
v 0.004610 0.004262 -0.024171
v 0.004745 0.004731 -0.024860
v 0.004729 0.005025 -0.024863
v 0.005021 0.005243 -0.024800
v 0.005150 0.003252 -0.024822
v 0.004980 0.003092 -0.024736
v 0.004988 0.003457 -0.024727
v 0.004900 0.003333 -0.021150
v 0.004884 0.003537 -0.023426
v 0.004896 0.003558 -0.020740
v 0.005032 0.004647 -0.024874
v 0.005313 0.004988 -0.024866
v 0.005049 0.005510 -0.024270
v 0.005043 0.005572 -0.023649
v 0.005354 0.004624 -0.024868
v 0.005353 0.005219 -0.024788
v 0.005357 0.005334 -0.024607
v 0.005357 0.005402 -0.024316
v 0.005332 0.005468 -0.023657
v 0.005429 0.005437 -0.023083
v 0.003669 0.005114 -0.014104
v 0.003973 0.005001 -0.014189
v 0.004526 0.004530 -0.016660
v 0.004364 0.004730 -0.014765
v 0.004816 0.002921 -0.021134
v 0.004861 0.003794 -0.020090
v 0.004776 0.004041 -0.020019
v 0.004651 0.004282 -0.020137
v 0.004880 0.003144 -0.020940
v 0.002988 0.005158 -0.014592
v 0.003334 0.005170 -0.014383
v 0.004189 0.004873 -0.014751
v 0.004827 0.002868 -0.013117
v 0.004881 0.003844 -0.016209
v 0.004801 0.004065 -0.016291
v 0.004670 0.004331 -0.015888
v 0.004893 0.003113 -0.016005
v 0.004920 0.003360 -0.016550
v 0.004917 0.003609 -0.016568
v 0.005483 0.005476 -0.015920
v 0.004544 0.004549 -0.014119
v 0.002993 0.005192 -0.011739
v 0.002894 0.005195 -0.010778
v 0.003163 0.005244 -0.011497
v 0.003337 0.005210 -0.011725
v 0.003435 0.005221 -0.011206
v 0.003675 0.005151 -0.011660
v 0.003976 0.005036 -0.011668
v 0.004453 0.004803 -0.005035
v 0.004871 0.004176 -0.006429
v 0.004981 0.003360 -0.004979
v 0.004940 0.003986 -0.005398
v 0.002835 0.005216 -0.008087
v 0.003088 0.005254 -0.009264
v 0.003520 0.005249 -0.008132
v 0.003321 0.005257 -0.009559
v 0.003297 0.005285 -0.007331
v 0.003709 0.005173 -0.009627
v 0.003993 0.005053 -0.009603
v 0.004226 0.004919 -0.009554
v 0.004771 0.004384 -0.006002
v 0.004618 0.004609 -0.005793
v 0.004930 0.003094 -0.005962
v 0.004986 0.003678 -0.005019
v 0.005555 0.005554 -0.006783
v 0.003031 0.005287 -0.003779
v 0.003802 0.005212 -0.004460
v 0.003592 0.005279 -0.003819
v 0.004032 0.005115 -0.004045
v 0.004259 0.004978 -0.004010
v 0.002811 0.005231 -0.004203
v 0.003317 0.005307 -0.003602
v 0.003854 0.005238 -0.000658
v 0.004861 0.002862 -0.000571
v 0.004656 0.004656 -0.000631
v 0.004946 0.003078 -0.000605
v 0.005018 0.003677 -0.000620
v 0.003022 0.005308 -0.000672
v 0.003013 0.005383 -0.000236
v 0.003320 0.005330 -0.000681
v 0.003324 0.005407 -0.000237
v 0.003642 0.005290 -0.001032
v 0.003621 0.005321 -0.000535
v 0.003634 0.005377 -0.000235
v 0.004038 0.005156 -0.000619
v 0.003917 0.005290 -0.000238
v 0.004487 0.004843 -0.000642
v 0.004376 0.004998 -0.000237
v 0.004296 0.004999 -0.000637
v 0.004983 0.003017 -0.000211
v 0.004803 0.004444 -0.000622
v 0.004943 0.004293 -0.000232
v 0.004691 0.004690 -0.000221
v 0.005006 0.003352 -0.000592
v 0.005055 0.003342 -0.000212
v 0.005072 0.003671 -0.000212
v 0.004982 0.003982 -0.000615
v 0.005040 0.003991 -0.000212
v 0.004908 0.004234 -0.000622
v 0.005029 0.005594 -0.023154
v 0.005240 0.005549 -0.023420
v 0.004287 0.005747 -0.008148
v 0.005350 0.005660 -0.007565
v 0.005055 0.005732 -0.006824
v 0.004705 0.005755 -0.006880
v 0.005403 0.005647 -0.006809
v 0.005361 0.005671 -0.006319
v 0.005069 0.005791 -0.000971
v 0.005369 0.005730 -0.000672
v 0.004697 0.005814 -0.000910
v 0.004046 0.005730 -0.000243
v 0.005009 0.005719 -0.000227
v 0.005066 0.005772 -0.000534
v 0.005370 0.005673 -0.000231
v 0.005532 0.000311 -0.023841
v 0.005569 0.000198 -0.023603
v 0.005644 0.000244 -0.023257
v 0.005671 0.000264 -0.022681
v 0.005530 0.000659 -0.024194
v 0.005567 0.000546 -0.023956
v 0.005631 0.000529 -0.023622
v 0.005547 0.001056 -0.024539
v 0.005564 0.000897 -0.024307
v 0.005629 0.000878 -0.023973
v 0.005658 0.000819 -0.023562
v 0.005532 0.001469 -0.024779
v 0.005623 0.001234 -0.024318
v 0.005658 0.001231 -0.023933
v 0.005620 0.001706 -0.024600
v 0.005647 0.001582 -0.024303
v 0.005546 0.004965 -0.024795
v 0.005813 0.000318 -0.002205
v 0.005788 0.000187 -0.001644
v 0.005711 0.000197 -0.001271
v 0.005804 0.000541 -0.001565
v 0.005763 0.000522 -0.001230
v 0.005650 0.000516 -0.000885
v 0.005593 0.000635 -0.000640
v 0.005790 0.001508 -0.000499
v 0.005740 0.001051 -0.000649
v 0.005649 0.000878 -0.000530
v 0.005594 0.000990 -0.000294
v 0.005816 0.001857 -0.000571
v 0.005648 0.001234 -0.000196
v 0.005742 0.001576 -0.000205
v 0.005770 0.002006 -0.000209
v 0.005646 0.004744 -0.024301
v 0.005653 0.004428 -0.023907
v 0.005618 0.004955 -0.024613
v 0.005628 0.005017 -0.024177
v 0.005515 0.005179 -0.024764
v 0.005547 0.005229 -0.024567
v 0.005566 0.005261 -0.023312
v 0.005738 0.005071 -0.006868
v 0.005617 0.005302 -0.014966
v 0.005667 0.005359 -0.007029
v 0.005812 0.004322 -0.000950
v 0.005765 0.004716 -0.006847
v 0.005724 0.005377 -0.000599
v 0.005761 0.004915 -0.000217
v 0.005808 0.004743 -0.000583
v 0.005787 0.005069 -0.000599
v 0.005692 0.005368 -0.000224
v 0.005596 0.005597 -0.000606
v 0.005583 0.005575 -0.000236
v 0.001650 0.001590 0.000189
v 0.000814 0.002451 0.000220
v 0.001310 0.001910 0.000218
v 0.001225 0.002631 0.000187
v 0.001578 0.001929 0.000201
v 0.001577 0.002280 0.000162
v 0.001571 0.002640 0.000091
v 0.001929 0.001928 0.000152
v 0.001906 0.002262 0.000053
v 0.001788 0.002523 0.000010
v 0.002205 0.001605 0.000153
v 0.002287 0.001919 0.000058
v 0.002154 0.002145 -0.000005
v 0.003051 0.001279 0.000087
v 0.002637 0.001818 0.000035
v 0.000828 0.004671 0.000200
v 0.001207 0.005073 0.000170
v 0.001182 0.003312 0.000163
v 0.001200 0.004181 0.000160
v 0.001223 0.004726 0.000178
v 0.001485 0.002979 0.000051
v 0.001420 0.003544 0.000033
v 0.001457 0.004023 0.000030
v 0.001545 0.004389 0.000041
v 0.001560 0.004739 0.000120
v 0.001570 0.005071 0.000145
v 0.001749 0.004546 -0.000030
v 0.001860 0.004790 0.000011
v 0.001902 0.005089 0.000091
v 0.001921 0.005375 0.000085
v 0.002078 0.004922 -0.000045
v 0.002217 0.005128 -0.000003
v 0.002265 0.005386 0.000043
v 0.002475 0.005235 -0.000050
v 0.002626 0.005409 -0.000027
v 0.002338 0.005593 -0.000035
v 0.003069 0.001538 0.000124
v 0.002978 0.001767 0.000024
v 0.003541 0.001751 0.000024
v 0.004264 0.001575 0.000144
v 0.004999 0.001311 0.000110
v 0.004159 0.001865 0.000053
v 0.004669 0.002250 0.000031
v 0.004997 0.001671 0.000202
v 0.004719 0.001932 0.000161
v 0.004870 0.002585 0.000012
v 0.005002 0.002051 0.000199
v 0.005105 0.002614 0.000126
v 0.005380 0.001315 0.000072
v 0.005386 0.001594 0.000148
v 0.005380 0.002058 0.000179
v 0.005400 0.002759 0.000134
v 0.003136 0.005513 -0.000056
v 0.003665 0.005485 -0.000050
v 0.004376 0.005130 -0.000011
v 0.004020 0.005405 -0.000024
v 0.004563 0.004912 -0.000038
v 0.004382 0.005385 0.000050
v 0.004937 0.002797 -0.000031
v 0.004769 0.004759 0.000007
v 0.004744 0.005086 0.000099
v 0.004728 0.005375 0.000093
v 0.005110 0.002951 0.000040
v 0.005208 0.003485 0.000028
v 0.005175 0.004019 0.000028
v 0.005092 0.004380 0.000041
v 0.005081 0.004735 0.000121
v 0.005073 0.005070 0.000148
v 0.005068 0.005372 0.000108
v 0.005422 0.003995 0.000114
v 0.005374 0.004710 0.000141
v 0.005385 0.005066 0.000133
v 0.005376 0.005367 0.000087
v 0.003306 0.005634 -0.000061
v 0.004166 0.005600 -0.000038
v 0.004964 0.005592 -0.000005
v 0.005365 0.005574 -0.000020
v 0.005586 0.001360 0.000000
v 0.005627 0.001717 0.000049
v 0.005642 0.002765 0.000031
v 0.005626 0.004951 0.000029
v 0.005594 0.005361 -0.000008
v 0.005549 0.005538 -0.000053
vn -0.9829 -0.1479 -0.1099
vn -0.7791 -0.4888 -0.3925
vn -0.8967 -0.3582 -0.2602
vn -0.9962 -0.0667 -0.0557
vn -0.9589 -0.2366 -0.1569
vn -0.8983 -0.3347 -0.2848
vn -0.9867 -0.1370 -0.0878
vn -0.8146 -0.4901 -0.3102
vn -0.9056 -0.3786 -0.1909
vn -0.9636 -0.2502 -0.0943
vn -0.9909 -0.1326 -0.0234
vn -0.9975 -0.0575 -0.0405
vn -0.9906 -0.1368 -0.0091
vn -0.9962 -0.0869 -0.0096
vn -0.9874 -0.1581 -0.0088
vn -0.9806 -0.1959 -0.0091
vn -0.9761 -0.2172 -0.0083
vn -0.9963 -0.0699 0.0496
vn -0.9620 -0.2700 0.0398
vn -0.6841 -0.6156 0.3913
vn -0.9249 -0.3545 0.1376
vn -0.9741 -0.2122 0.0777
vn -0.9905 -0.1352 0.0249
vn -0.9940 -0.1020 0.0385
vn -0.7557 -0.5070 0.4146
vn -0.9255 -0.3078 0.2206
vn -0.5807 -0.5953 0.5553
vn -0.7278 -0.5025 0.4667
vn -0.9688 -0.2091 0.1331
vn -0.9145 -0.3085 0.2618
vn -0.5577 -0.5910 0.5828
vn -0.7090 -0.5066 0.4906
vn -0.9683 -0.1924 0.1591
vn -0.9085 -0.3056 0.2851
vn -0.5409 -0.5945 0.5950
vn -0.6982 -0.5073 0.5052
vn -0.9696 -0.1837 0.1619
vn -0.9025 -0.3069 0.3022
vn -0.5308 -0.5943 0.6042
vn -0.6867 -0.5112 0.5169
vn -0.4846 -0.7538 -0.4437
vn -0.5974 -0.6837 -0.4191
vn -0.2911 -0.7645 -0.5751
vn -0.7568 -0.6221 -0.2006
vn -0.4469 -0.7333 -0.5124
vn -0.5851 -0.7304 -0.3523
vn -0.7067 -0.6888 -0.1617
vn -0.8206 -0.5671 -0.0708
vn -0.5087 -0.7840 -0.3558
vn -0.3368 -0.7832 -0.5226
vn -0.1476 -0.7519 -0.6426
vn -0.0984 -0.7377 -0.6679
vn -0.2294 -0.7676 -0.5985
vn -0.0295 -0.7240 -0.6892
vn -0.0491 -0.7380 -0.6730
vn -0.2837 -0.7991 -0.5301
vn -0.1803 -0.7826 -0.5958
vn -0.8129 -0.5818 -0.0278
vn -0.7494 -0.6563 -0.0875
vn -0.6214 -0.7599 -0.1907
vn -0.7517 -0.6589 -0.0294
vn -0.6899 -0.7189 -0.0854
vn -0.4572 -0.8179 -0.3492
vn -0.5585 -0.8106 -0.1762
vn -0.6838 -0.7292 -0.0257
vn -0.6271 -0.7754 -0.0741
vn -0.4286 -0.8446 -0.3209
vn -0.2670 -0.8245 -0.4989
vn -0.4176 -0.8559 -0.3049
vn -0.5434 -0.8350 -0.0865
vn -0.4905 -0.8679 -0.0785
vn -0.1804 -0.7921 -0.5831
vn -0.0556 -0.7445 -0.6653
vn -0.1702 -0.7833 -0.5979
vn -0.1291 -0.8091 -0.5733
vn -0.3223 -0.8714 -0.3699
vn -0.3229 -0.8897 -0.3228
vn -0.3292 -0.9345 -0.1354
vn -0.4898 -0.8717 -0.0180
vn -0.4224 -0.9044 -0.0596
vn -0.2205 -0.9324 -0.2863
vn -0.8492 -0.5261 0.0454
vn -0.8025 -0.5952 0.0428
vn -0.7409 -0.6714 0.0159
vn -0.6722 -0.7402 0.0136
vn -0.5952 -0.8032 0.0254
vn -0.5551 -0.8316 0.0163
vn -0.6190 -0.7854 -0.0036
vn -0.4806 -0.8769 0.0078
vn -0.4216 -0.9054 0.0495
vn -0.8003 -0.5995 0.0148
vn -0.7586 -0.6475 0.0729
vn -0.6961 -0.7152 0.0634
vn -0.6390 -0.7687 0.0261
vn -0.5077 -0.8612 0.0237
vn -0.5826 -0.8042 0.1176
vn -0.5023 -0.8546 0.1317
vn -0.3778 -0.9096 0.1727
vn -0.2407 -0.8710 0.4283
vn -0.2716 -0.8354 0.4779
vn -0.3142 -0.9010 0.2993
vn -0.6565 -0.7193 0.2272
vn -0.8063 -0.5745 0.1407
vn -0.5110 -0.7518 0.4169
vn -0.5845 -0.6861 0.4332
vn -0.6774 -0.7209 0.1463
vn -0.5685 -0.7801 0.2612
vn -0.7430 -0.6564 0.1306
vn -0.4061 -0.7998 0.4420
vn -0.4570 -0.7756 0.4354
vn -0.2483 -0.7821 0.5715
vn -0.1708 -0.7347 0.6566
vn -0.6242 -0.7675 0.1459
vn -0.5188 -0.8109 0.2708
vn -0.3621 -0.8136 0.4549
vn -0.4005 -0.7929 0.4593
vn -0.2079 -0.7836 0.5854
vn -0.0787 -0.7510 0.6556
vn -0.0389 -0.7146 0.6984
vn -0.5137 -0.8257 0.2333
vn -0.3258 -0.7990 0.5054
vn -0.3826 -0.8107 0.4432
vn -0.1888 -0.7893 0.5843
vn -0.1089 -0.7441 0.6591
vn -0.3183 -0.8528 0.4141
vn -0.3650 -0.8430 0.3951
vn -0.0326 -0.7171 0.6962
vn -0.0798 -0.7325 0.6760
vn -0.1158 -0.7579 0.6420
vn -0.1041 -0.7845 0.6113
vn -0.4450 -0.7016 -0.5566
vn -0.4242 -0.6925 -0.5835
vn -0.4686 -0.6458 -0.6028
vn -0.2771 -0.7013 -0.6568
vn -0.2188 -0.6954 -0.6845
vn -0.4560 -0.6412 -0.6172
vn -0.2425 -0.7196 -0.6507
vn -0.4842 -0.7177 -0.5004
vn -0.1534 -0.7323 -0.6635
vn -0.0530 -0.7391 -0.6715
vn -0.0456 -0.7211 -0.6914
vn -0.0214 -0.7144 -0.6994
vn -0.0307 -0.7000 -0.7135
vn -0.9043 -0.3914 -0.1703
vn -0.6809 -0.6022 -0.4167
vn -0.8118 -0.5417 -0.2181
vn -0.9445 -0.3247 -0.0504
vn -0.8588 -0.4931 -0.1389
vn -0.9315 -0.3615 -0.0412
vn -0.6364 -0.5946 -0.4914
vn -0.8173 -0.4316 -0.3818
vn -0.9584 -0.2771 -0.0678
vn -0.6568 -0.6334 -0.4092
vn -0.5701 -0.6214 -0.5374
vn -0.7209 -0.5448 -0.4284
vn -0.9804 -0.1944 -0.0334
vn -0.8748 -0.4820 -0.0488
vn -0.9123 -0.4089 -0.0242
vn -0.8727 -0.4882 -0.0126
vn -0.5079 -0.7301 -0.4572
vn -0.3336 -0.7468 -0.5753
vn -0.4562 -0.7223 -0.5198
vn -0.6417 -0.6602 -0.3904
vn -0.3208 -0.7081 -0.6290
vn -0.2858 -0.6945 -0.6603
vn -0.2392 -0.7435 -0.6245
vn -0.1545 -0.7450 -0.6489
vn -0.0911 -0.7189 -0.6891
vn -0.0843 -0.7286 -0.6797
vn -0.0393 -0.7233 -0.6895
vn 0.0128 -0.7176 -0.6963
vn -0.9546 -0.2979 -0.0084
vn -0.9673 -0.2534 -0.0089
vn -0.8926 -0.4483 0.0487
vn -0.9459 -0.3230 0.0293
vn -0.9342 -0.3562 0.0214
vn -0.9225 -0.3857 0.0139
vn -0.8784 -0.4775 0.0185
vn -0.8017 -0.5656 0.1934
vn -0.8893 -0.4530 0.0624
vn -0.6833 -0.6721 0.2851
vn -0.8597 -0.4856 0.1584
vn -0.5319 -0.7125 0.4577
vn -0.6232 -0.6428 0.4455
vn -0.8642 -0.4704 0.1785
vn -0.4314 -0.6980 0.5716
vn -0.4924 -0.7429 0.4533
vn -0.3915 -0.7207 0.5721
vn -0.4439 -0.7468 0.4953
vn -0.2357 -0.7606 0.6049
vn -0.1741 -0.7211 0.6706
vn -0.1065 -0.7216 0.6841
vn -0.1007 -0.7217 0.6849
vn -0.0337 -0.7072 0.7062
vn -0.0176 -0.7051 0.7089
vn -0.2488 -0.7459 0.6178
vn -0.2165 -0.7179 0.6616
vn -0.2339 -0.6930 0.6819
vn -0.1692 -0.6916 0.7022
vn -0.2227 -0.6789 0.6996
vn -0.1476 -0.6958 0.7029
vn -0.2130 -0.6906 0.6912
vn -0.1473 -0.6925 0.7063
vn -0.1747 -0.6909 0.7016
vn -0.5245 -0.5983 0.6057
vn -0.1464 -0.6911 0.7078
vn -0.0464 -0.7043 0.7084
vn -0.1213 -0.6928 0.7108
vn -0.0301 -0.6982 0.7153
vn 0.0382 -0.7371 -0.6747
vn 0.1108 -0.7178 -0.6874
vn 0.1085 -0.7689 -0.6301
vn 0.2633 -0.7669 -0.5853
vn 0.2945 -0.8544 -0.4281
vn 0.4819 -0.7685 -0.4209
vn 0.0068 -0.7204 -0.6936
vn 0.1898 -0.9778 -0.0891
vn 0.1658 -0.9310 -0.3252
vn 0.0082 -0.7645 -0.6446
vn 0.0702 -0.8378 -0.5415
vn -0.1504 -0.9288 -0.3387
vn -0.1002 -0.8210 -0.5621
vn -0.2264 -0.9198 -0.3206
vn -0.2705 -0.9537 -0.1317
vn -0.3591 -0.9331 -0.0197
vn -0.3017 -0.9532 -0.0188
vn 0.0346 -0.7111 -0.7022
vn -0.1334 -0.9134 -0.3845
vn -0.2313 -0.9722 -0.0376
vn -0.1164 -0.9689 -0.2185
vn -0.1863 -0.9813 -0.0490
vn -0.0330 -0.7871 -0.6159
vn -0.1123 -0.9918 -0.0607
vn 0.1155 -0.7015 -0.7032
vn -0.0282 -0.8701 -0.4920
vn -0.0343 -0.9596 -0.2792
vn -0.0475 -0.9923 -0.1142
vn -0.0672 -0.9977 -0.0081
vn 0.0245 -0.6920 -0.7215
vn 0.3160 -0.6312 -0.7084
vn 0.2105 -0.6074 -0.7660
vn 0.3094 -0.6968 -0.6471
vn -0.0232 -0.9995 -0.0202
vn 0.6496 -0.3913 -0.6519
vn 0.3469 -0.3368 -0.8753
vn 0.1918 -0.3821 -0.9040
vn 0.6842 -0.5689 -0.4563
vn 0.8141 -0.3272 -0.4798
vn 0.9429 0.0622 -0.3273
vn 0.6848 0.6727 -0.2802
vn 0.8771 0.0981 -0.4703
vn 0.9369 0.3437 -0.0630
vn 0.6529 0.7558 -0.0491
vn 0.9799 -0.1640 -0.1136
vn 0.9194 -0.3333 -0.2088
vn 0.8071 -0.5858 -0.0736
vn 0.7182 -0.6761 -0.1645
vn 0.8664 -0.4985 -0.0283
vn 0.0072 -0.9517 -0.3071
vn 0.0323 -0.9931 -0.1131
vn -0.0015 -0.9997 -0.0238
vn 0.0907 0.0301 -0.9954
vn 0.2286 0.8654 -0.4459
vn 0.3811 0.8033 -0.4577
vn 0.2279 0.9307 -0.2861
vn 0.4596 -0.8653 -0.2001
vn 0.5718 -0.8201 -0.0219
vn 0.6332 0.7740 -0.0009
vn 0.9993 -0.0377 0.0013
vn 0.9124 0.4093 0.0005
vn 0.2349 0.9703 -0.0570
vn 0.6097 -0.7926 0.0042
vn 0.2087 -0.9780 0.0010
vn -0.4015 -0.9159 -0.0069
vn -0.3397 -0.9402 0.0245
vn -0.1724 -0.9849 0.0159
vn -0.0046 -0.9991 0.0432
vn 0.2081 -0.9781 0.0039
vn 0.2576 -0.9662 0.0002
vn -0.3783 -0.9254 0.0234
vn -0.2915 -0.9561 0.0308
vn -0.2055 -0.9777 0.0425
vn -0.1077 -0.9918 0.0684
vn -0.0425 -0.9987 0.0297
vn 0.6283 0.7756 0.0600
vn 0.5782 -0.8151 0.0359
vn 0.8769 -0.4797 0.0319
vn 0.2134 0.9746 0.0676
vn -0.3323 -0.9375 0.1034
vn -0.2351 -0.9235 0.3030
vn -0.2192 -0.9649 0.1443
vn -0.1742 -0.9192 0.3533
vn -0.0329 -0.7348 0.6774
vn -0.0900 -0.8036 0.5883
vn -0.1039 -0.9704 0.2180
vn -0.0499 -0.8826 0.4675
vn -0.0341 -0.7736 0.6328
vn 0.0452 -0.7345 0.6772
vn -0.0370 -0.9923 0.1183
vn -0.0245 -0.9603 0.2780
vn 0.1124 -0.6209 0.7758
vn 0.0084 -0.7329 0.6803
vn 0.2465 -0.6168 0.7476
vn 0.9178 0.3947 0.0420
vn 0.6303 0.7041 0.3271
vn 0.9403 0.2855 0.1853
vn 0.7792 0.4082 0.4755
vn 0.9969 -0.0624 0.0477
vn 0.9490 0.0515 0.3110
vn 0.0272 -0.9933 0.1121
vn 0.0349 -0.9625 0.2690
vn 0.0244 -0.8663 0.4989
vn 0.2079 0.9314 0.2987
vn 0.2219 0.8624 0.4549
vn 0.0826 -0.1000 0.9916
vn 0.0669 -0.0516 0.9964
vn 0.1838 -0.9807 0.0665
vn 0.0139 -0.7012 0.7129
vn 0.0763 -0.6859 0.7237
vn 0.0863 -0.7091 0.6998
vn 0.0098 -0.7079 0.7062
vn 0.2993 -0.6473 0.7010
vn 0.4134 -0.6594 0.6279
vn 0.2227 -0.7474 0.6259
vn 0.4559 -0.7471 0.4836
vn 0.0704 -0.7426 0.6660
vn 0.0318 -0.7788 0.6265
vn 0.3022 -0.5652 0.7676
vn 0.2528 -0.4385 0.8624
vn 0.8735 -0.0338 0.4856
vn 0.7793 -0.3119 0.5435
vn 0.9723 -0.1916 0.1339
vn 0.8615 -0.3791 0.3377
vn 0.6976 -0.6106 0.3748
vn 0.8141 -0.5644 0.1369
vn 0.6761 -0.6607 0.3262
vn 0.1846 -0.8164 0.5472
vn 0.4868 -0.8583 0.1624
vn 0.3459 -0.8888 0.3005
vn 0.1362 -0.9680 0.2108
vn 0.0678 -0.9015 0.4275
vn 0.0035 -0.6994 -0.7147
vn -0.9758 -0.1591 -0.1499
vn -0.9394 -0.2447 -0.2399
vn -0.9658 -0.1808 -0.1857
vn -0.9966 -0.0598 -0.0572
vn -0.9723 -0.1990 -0.1228
vn -0.9773 -0.1537 -0.1460
vn -0.9424 -0.2375 -0.2356
vn -0.9642 -0.1866 -0.1882
vn -0.9967 -0.0555 -0.0585
vn -0.9789 -0.1452 -0.1436
vn -0.6570 -0.5289 -0.5372
vn -0.9660 -0.1796 -0.1858
vn -0.9971 -0.0524 -0.0561
vn -0.9752 -0.0721 -0.2092
vn -0.9377 -0.1542 -0.3114
vn -0.8408 -0.3286 -0.4303
vn -0.9965 -0.0456 -0.0704
vn -0.9764 0.0137 -0.2157
vn -0.9374 -0.0660 -0.3420
vn -0.9995 -0.0295 0.0132
vn -0.9959 -0.0641 0.0634
vn -0.9678 -0.1795 0.1767
vn -0.8995 -0.3082 0.3098
vn -0.6864 -0.5068 0.5215
vn -0.9958 -0.0739 0.0542
vn -0.9631 -0.1913 0.1893
vn -0.8934 -0.3022 0.3325
vn -0.5387 -0.5684 0.6219
vn -0.6837 -0.4353 0.5857
vn -0.9899 -0.0935 0.1065
vn -0.9518 -0.2058 0.2274
vn -0.7855 -0.4167 0.4575
vn -0.9998 -0.0154 0.0153
vn -0.9917 -0.0521 0.1174
vn -0.9238 -0.1552 0.3500
vn -0.6619 -0.4983 0.5600
vn -0.8058 -0.3898 0.4457
vn -0.9335 -0.0186 0.3581
vn -0.9994 0.0016 -0.0344
vn -0.9990 0.0365 -0.0241
vn -0.9479 0.0865 -0.3066
vn -0.9735 0.1838 -0.1361
vn -0.7705 0.5717 -0.2817
vn -0.8206 0.5683 -0.0609
vn -0.8521 0.5222 -0.0341
vn -0.9817 0.1896 -0.0149
vn -0.9836 0.1797 -0.0133
vn -0.8839 0.4674 -0.0140
vn -0.8910 0.4539 -0.0117
vn -1.0000 0.0034 0.0044
vn -0.9986 0.0508 -0.0108
vn -0.9074 0.4200 -0.0118
vn -0.8920 0.4517 -0.0154
vn -0.9991 0.0425 0.0001
vn -0.9140 0.4019 0.0555
vn -0.9853 0.1549 0.0723
vn -0.9947 0.0313 0.0984
vn -0.9349 0.0249 0.3541
vn -0.9269 0.1500 0.3440
vn -0.8890 0.3487 0.2967
vn -0.6614 0.7500 -0.0095
vn -0.9122 0.4095 -0.0134
vn -0.6326 0.7425 0.2202
vn -0.2160 -0.7003 -0.6804
vn -0.3456 -0.6723 -0.6546
vn -0.4596 -0.6268 -0.6292
vn -0.2221 -0.6899 -0.6889
vn -0.3567 -0.6728 -0.6481
vn -0.4792 -0.6082 -0.6328
vn -0.2134 -0.4753 -0.8536
vn -0.1566 -0.1271 -0.9795
vn -0.3299 -0.4622 -0.8231
vn -0.3299 -0.0844 -0.9402
vn -0.0330 -0.6359 -0.7711
vn -0.0186 -0.3950 -0.9185
vn 0.0515 -0.0140 -0.9986
vn -0.1878 -0.0146 -0.9821
vn -0.1710 -0.0037 -0.9853
vn 0.0301 -0.0690 -0.9972
vn 0.0560 0.0483 -0.9973
vn 0.1105 0.1055 -0.9883
vn 0.7896 0.2277 -0.5698
vn 0.7550 0.5123 -0.4093
vn 0.3784 0.2450 -0.8926
vn 0.8806 0.3114 -0.3571
vn 0.8375 0.5401 -0.0830
vn 0.3305 0.3948 -0.8573
vn 0.4563 0.4294 -0.7793
vn 0.5965 0.6852 -0.4180
vn 0.6806 0.7206 -0.1323
vn 0.1641 0.3925 -0.9050
vn 0.3110 0.8217 -0.4776
vn 0.4688 0.8768 -0.1070
vn 0.5308 0.8472 -0.0217
vn 0.6340 0.7730 -0.0216
vn 0.4356 0.8427 -0.3164
vn 0.2995 0.9433 -0.1431
vn 0.2483 0.9681 -0.0328
vn 0.0083 0.3000 -0.9539
vn 0.1111 0.8956 -0.4308
vn 0.1044 0.9822 -0.1560
vn 0.0016 -0.4128 -0.9108
vn 0.0030 -0.6350 -0.7725
vn -0.0124 0.0067 -0.9999
vn -0.0618 0.9027 -0.4258
vn 0.0074 0.7983 -0.6022
vn 0.0785 0.9959 -0.0445
vn -0.0659 0.9835 -0.1683
vn 0.8993 0.4372 0.0104
vn 0.8229 0.5681 0.0023
vn 0.7500 0.6612 -0.0173
vn 0.3595 0.9331 -0.0052
vn 0.3945 0.9187 -0.0167
vn 0.5955 0.8033 -0.0013
vn 0.4689 0.8832 -0.0041
vn 0.1967 0.9804 -0.0059
vn 0.0431 0.9990 -0.0067
vn -0.0964 0.9953 -0.0078
vn 0.8609 0.5087 0.0058
vn 0.7835 0.6214 0.0043
vn 0.7191 0.6950 0.0010
vn 0.6856 0.7280 -0.0002
vn 0.5556 0.8314 -0.0021
vn 0.3169 0.9484 -0.0074
vn 0.4109 0.9116 -0.0089
vn 0.1848 0.9826 -0.0167
vn 0.1133 0.9906 -0.0770
vn -0.2567 0.9664 -0.0105
vn -0.1047 0.9944 -0.0101
vn 0.7466 0.6653 0.0020
vn 0.6487 0.7611 0.0005
vn 0.2376 0.9712 -0.0183
vn -0.2771 0.9607 -0.0179
vn -0.1479 0.9864 -0.0718
vn -0.2025 0.9784 -0.0413
vn 0.0470 0.9972 -0.0587
vn 0.8277 0.5611 0.0043
vn 0.8430 0.5379 0.0040
vn 0.5199 0.8542 -0.0027
vn 0.2126 0.9771 -0.0106
vn 0.3742 0.9273 -0.0056
vn 0.0121 0.9998 -0.0127
vn -0.1999 0.9797 -0.0141
vn 0.8863 0.4580 0.0680
vn 0.9074 0.4202 0.0057
vn -0.0119 0.9998 -0.0143
vn 0.1674 0.9851 0.0388
vn -0.0252 0.9989 0.0402
vn -0.1944 0.9808 -0.0150
vn -0.1948 -0.6852 0.7018
vn -0.2424 -0.6476 0.7224
vn -0.3293 -0.6438 0.6907
vn -0.2825 -0.6396 0.7149
vn -0.3146 -0.5543 0.7706
vn -0.0560 -0.6897 0.7219
vn -0.0710 -0.6653 0.7432
vn -0.0586 -0.5656 0.8226
vn 0.8139 0.5786 0.0525
vn 0.6889 0.6533 0.3140
vn 0.7158 0.6952 0.0662
vn 0.8147 0.4592 0.3542
vn 0.6316 0.7730 0.0598
vn 0.4885 0.8058 0.3346
vn 0.4877 0.8703 0.0688
vn 0.3311 0.9422 0.0518
vn 0.2770 0.9112 0.3050
vn 0.1357 0.9549 0.2640
vn -0.0246 0.9664 0.2557
vn -0.2093 0.9771 0.0393
vn -0.3776 -0.0057 -0.9260
vn -0.3335 0.1444 -0.9316
vn -0.2327 0.0086 -0.9725
vn -0.2907 0.2631 -0.9199
vn -0.1552 0.1720 -0.9728
vn -0.3612 0.8755 -0.3211
vn -0.5171 0.8551 -0.0379
vn 0.0656 0.0418 -0.9970
vn -0.0577 0.5660 -0.8224
vn -0.1924 0.8417 -0.5045
vn -0.4671 0.8730 -0.1403
vn -0.1460 0.8799 -0.4522
vn -0.2105 0.9567 -0.2011
vn -0.5314 0.8462 -0.0398
vn -0.2464 0.9686 -0.0321
vn 0.6431 0.1049 -0.7585
vn 0.1727 0.0285 -0.9846
vn 0.9743 0.2150 -0.0670
vn 0.9384 0.1795 -0.2953
vn 0.2937 -0.0409 -0.9550
vn 0.6998 -0.0155 -0.7142
vn 0.9974 0.0288 -0.0663
vn 0.9367 0.0618 -0.3447
vn 0.5834 -0.1876 -0.7902
vn 0.9150 -0.1721 -0.3649
vn 0.9802 -0.1939 0.0401
vn 0.9808 -0.1810 -0.0725
vn 0.8809 -0.3184 -0.3502
vn 0.7734 -0.5067 -0.3809
vn 0.3985 -0.2762 -0.8746
vn 0.8555 -0.5131 -0.0699
vn 0.1271 -0.0902 -0.9878
vn 0.0796 0.0839 -0.9933
vn -0.0324 0.8681 -0.4953
vn -0.2440 0.9677 -0.0631
vn -0.0549 0.9717 -0.2299
vn -0.0828 0.9945 -0.0645
vn 0.7087 -0.6989 -0.0960
vn 0.7748 -0.6322 0.0018
vn 0.4948 -0.4473 -0.7450
vn 0.6409 -0.6820 -0.3524
vn 0.5836 -0.6048 -0.5418
vn 0.1814 -0.1666 -0.9692
vn 0.0263 0.4852 -0.8740
vn -0.0041 0.9999 -0.0134
vn -0.0521 0.9983 -0.0246
vn 0.4326 -0.8153 -0.3848
vn 0.5830 -0.8096 -0.0688
vn 0.5589 -0.8291 0.0136
vn 0.6742 -0.7385 -0.0020
vn 0.3991 -0.6943 -0.5989
vn 0.0674 0.0597 -0.9959
vn 0.1962 -0.8456 -0.4965
vn 0.2374 -0.9156 -0.3246
vn 0.4420 -0.8939 -0.0748
vn 0.2730 -0.9540 -0.1240
vn 0.2737 -0.9618 -0.0091
vn 0.0133 -0.0041 -0.9999
vn 0.0011 0.8208 -0.5712
vn -0.0027 0.9976 -0.0692
vn -0.0059 0.9976 -0.0696
vn 0.0107 -0.9102 -0.4141
vn 0.1076 -0.9569 -0.2699
vn 0.1045 -0.9893 -0.1019
vn 0.0963 -0.9952 -0.0171
vn -0.0047 0.0243 -0.9997
vn 0.0055 0.0086 -0.9999
vn -0.0019 0.9749 -0.2227
vn -0.0869 -0.9959 -0.0237
vn -0.0765 -0.9695 -0.2330
vn -0.6571 0.7533 -0.0251
vn 0.9943 -0.1061 0.0089
vn 0.9986 0.0531 0.0062
vn 0.9956 -0.0651 0.0679
vn 0.9686 0.2482 0.0175
vn 0.9188 0.3883 -0.0708
vn 0.9482 0.3175 0.0115
vn 0.9969 0.0572 0.0542
vn 0.9854 0.1685 0.0234
vn 0.9804 0.1967 0.0072
vn 0.9649 -0.2619 0.0172
vn 0.9366 -0.3500 0.0178
vn 0.9324 -0.3557 -0.0636
vn -0.1621 0.9853 -0.0541
vn 0.8576 -0.5140 0.0167
vn 0.7741 -0.6330 0.0141
vn 0.4144 -0.9100 0.0126
vn 0.0638 -0.9979 0.0131
vn -0.6517 0.7584 -0.0109
vn 0.9988 0.0488 0.0081
vn 0.9667 -0.2557 0.0112
vn 0.9191 -0.3937 0.0138
vn 0.9149 -0.4035 0.0128
vn 0.7729 -0.6344 0.0142
vn 0.6759 -0.7368 0.0143
vn 0.2531 -0.9674 0.0132
vn -0.1361 -0.9907 0.0096
vn 0.9265 0.3762 0.0069
vn 0.9705 0.2411 0.0072
vn 0.9975 -0.0703 0.0100
vn 0.9953 -0.0968 0.0091
vn 0.6709 -0.7414 0.0144
vn 0.4128 -0.9107 0.0141
vn 0.2540 -0.9671 0.0137
vn 0.0420 -0.9991 0.0114
vn -0.1615 -0.9868 0.0109
vn 0.9947 0.1029 0.0081
vn 0.9723 -0.2335 0.0119
vn 0.9190 -0.3941 0.0137
vn 0.8473 -0.5309 0.0146
vn 0.7689 -0.6392 0.0146
vn 0.8523 -0.5229 0.0144
vn 0.5503 -0.8349 0.0144
vn 0.2536 -0.9671 0.0220
vn 0.0594 -0.9971 0.0484
vn 0.1851 -0.9825 0.0205
vn -0.0585 -0.9961 0.0663
vn -0.1984 -0.9791 0.0449
vn -0.2865 -0.9579 0.0178
vn -0.1534 -0.9881 0.0064
vn 0.9626 0.2710 0.0064
vn 0.6768 -0.7348 0.0457
vn 0.5561 -0.8310 0.0138
vn 0.4420 -0.8969 0.0143
vn 0.3180 -0.9480 0.0127
vn 0.1673 -0.9859 0.0097
vn -0.0027 -1.0000 0.0095
vn 0.0184 -0.9998 0.0099
vn -0.1695 -0.9855 0.0067
vn -0.3258 -0.9454 0.0056
vn 0.8384 -0.5417 0.0599
vn -0.0019 -1.0000 0.0087
vn 0.9554 0.2857 0.0748
vn 0.9127 0.2492 0.3238
vn 0.9509 0.1279 0.2818
vn 0.9895 0.1279 0.0673
vn 0.9969 -0.0458 0.0643
vn 0.9734 -0.2177 0.0717
vn 0.9585 -0.0556 0.2796
vn 0.9189 -0.3878 0.0721
vn 0.9341 -0.1931 0.3001
vn 0.8533 -0.4158 0.3146
vn 0.7627 -0.6448 0.0491
vn 0.5772 -0.7656 0.2842
vn 0.5539 -0.8294 0.0729
vn 0.4606 -0.8840 0.0795
vn 0.5157 -0.8061 0.2901
vn 0.3389 -0.8656 0.3686
vn 0.3277 -0.9405 0.0894
vn 0.1611 -0.9869 0.0109
vn 0.1479 -0.9845 0.0939
vn 0.1585 -0.9223 0.3523
vn -0.0307 -0.9939 0.1055
vn -0.0614 -0.9372 0.3434
vn -0.2049 -0.9761 0.0720
vn -0.3423 -0.9387 0.0400
vn -0.4055 -0.8868 0.2216
vn -0.2898 -0.8745 0.3889
vn -0.3733 0.9264 -0.0488
vn -0.3443 0.9388 -0.0108
vn -0.0053 1.0000 -0.0053
vn -0.0034 0.9999 -0.0126
vn -0.0348 0.9993 -0.0094
vn -0.1186 0.9929 -0.0099
vn -0.3250 0.9456 -0.0116
vn -0.3001 0.9512 0.0714
vn -0.1040 0.9945 0.0099
vn -0.0234 0.9994 0.0265
vn -0.6565 0.7521 0.0583
vn -0.2133 0.9305 0.2978
vn -0.0692 0.9284 0.3651
vn -0.0042 0.9376 0.3478
vn -0.0687 0.9878 0.1399
vn -0.0008 0.9907 0.1364
vn -0.2092 0.8698 -0.4468
vn -0.0762 0.9959 -0.0496
vn -0.2431 0.9555 -0.1672
vn -0.0348 0.2157 -0.9758
vn -0.0354 -0.0902 -0.9953
vn -0.4061 0.7855 -0.4671
vn -0.1629 0.7623 -0.6264
vn -0.4519 0.8759 -0.1690
vn -0.3863 0.9205 -0.0592
vn -0.2394 0.9700 -0.0431
vn -0.5273 0.8489 -0.0363
vn -0.3725 0.5035 -0.7796
vn -0.1109 0.1093 -0.9878
vn -0.2224 0.3460 -0.9115
vn -0.5981 0.6971 -0.3953
vn -0.6759 0.7266 -0.1234
vn -0.6266 0.7783 -0.0394
vn -0.4816 0.4332 -0.7618
vn -0.7642 0.5102 -0.3945
vn -0.7415 0.6701 -0.0327
vn -0.3282 0.3517 -0.8767
vn -0.0418 0.0044 -0.9991
vn -0.1507 0.0981 -0.9837
vn -0.8250 0.5497 -0.1309
vn -0.8288 0.5590 -0.0259
vn -0.5881 0.2598 -0.7659
vn -0.8721 0.4000 -0.2817
vn -0.9044 0.4190 -0.0808
vn -0.3869 0.2717 -0.8812
vn -0.2958 0.1700 -0.9400
vn 0.0010 -0.1469 -0.9891
vn -0.2116 0.0694 -0.9749
vn -0.0630 0.0091 -0.9980
vn -0.7385 0.6741 -0.0140
vn -0.9066 0.4218 -0.0152
vn -0.5211 0.8534 -0.0137
vn -0.4060 0.9138 -0.0129
vn -0.6353 0.7722 -0.0142
vn -0.8309 0.5563 -0.0141
vn -0.6345 0.7728 -0.0141
vn -0.4127 0.9108 -0.0132
vn -0.2583 0.9660 -0.0130
vn -0.5186 0.8549 -0.0161
vn -0.3624 0.9318 -0.0185
vn -0.7440 0.6680 -0.0143
vn -0.6452 0.7639 -0.0141
vn -0.8268 0.5624 -0.0144
vn -0.9099 0.4146 -0.0143
vn -0.3725 0.9279 -0.0147
vn -0.5170 0.8551 0.0387
vn -0.3804 0.9243 0.0325
vn -0.7425 0.6679 0.0513
vn -0.1986 0.9376 0.2854
vn -0.5327 0.8003 0.2750
vn -0.3967 0.8511 0.3439
vn -0.6305 0.7743 0.0542
vn -0.7065 0.6233 0.3351
vn -0.8252 0.4975 0.2673
vn -0.2156 -0.9226 -0.3199
vn -0.1863 -0.8642 -0.4674
vn -0.2547 -0.9617 -0.1015
vn -0.2651 -0.9640 -0.0193
vn -0.4659 -0.8264 -0.3161
vn -0.4305 -0.7375 -0.5203
vn -0.4685 -0.8778 -0.0996
vn -0.4224 -0.9061 -0.0232
vn -0.5665 -0.8240 -0.0109
vn -0.0327 0.5052 -0.8624
vn -0.0178 0.0121 -0.9998
vn -0.0064 0.9707 -0.2404
vn -0.6484 -0.6926 -0.3161
vn -0.5599 -0.6967 -0.4485
vn -0.5706 -0.6271 -0.5303
vn -0.6566 -0.7514 -0.0656
vn -0.7664 -0.6407 -0.0462
vn -0.1145 0.0209 -0.9932
vn -0.1890 -0.2273 -0.9553
vn -0.0722 0.0295 -0.9970
vn -0.8741 0.2484 -0.4175
vn -0.9614 0.2416 -0.1318
vn -0.9468 0.3205 -0.0281
vn -0.9037 -0.4199 -0.0832
vn -0.8691 -0.3657 -0.3331
vn -0.9590 -0.2743 -0.0715
vn -0.9607 -0.2771 -0.0163
vn -0.7537 -0.5558 -0.3509
vn -0.4422 -0.3180 -0.8386
vn -0.6728 -0.5847 -0.4532
vn -0.8389 -0.5410 -0.0608
vn -0.9350 -0.3543 -0.0138
vn -0.1520 -0.1063 -0.9826
vn -0.2414 -0.2305 -0.9426
vn -0.1697 -0.1586 -0.9726
vn -0.0474 0.1459 -0.9882
vn -0.5218 0.0368 -0.8523
vn -0.8888 0.0287 -0.4574
vn -0.9952 0.0228 -0.0955
vn -0.3969 -0.1275 -0.9090
vn -0.8468 -0.2177 -0.4853
vn -0.9845 -0.1454 -0.0983
vn -0.7038 -0.3346 -0.6267
vn -0.0736 -0.0595 -0.9955
vn -0.4276 0.1793 -0.8860
vn -0.3176 -0.0372 -0.9475
vn -0.0220 0.0104 -0.9997
vn 0.0065 0.8725 -0.4885
vn 0.0308 0.5029 -0.8638
vn 0.0536 0.1384 -0.9889
vn -0.0103 0.8666 -0.4990
vn -0.7901 -0.6130 -0.0026
vn -0.7059 -0.7083 -0.0010
vn -0.9643 0.2639 -0.0226
vn -0.9845 0.1741 -0.0199
vn -0.9964 0.0647 -0.0553
vn -0.9809 -0.1888 -0.0466
vn -0.8765 -0.4814 -0.0052
vn -0.9856 0.1665 -0.0293
vn -0.9963 0.0401 -0.0761
vn -0.9874 -0.1379 -0.0777
vn -0.3286 -0.9444 0.0071
vn -0.5934 -0.8049 0.0020
vn -0.4787 -0.8780 0.0024
vn -0.9663 0.2569 -0.0146
vn -0.9990 0.0431 -0.0140
vn -0.9978 0.0646 -0.0144
vn -0.9678 0.2514 -0.0161
vn -0.9886 -0.1502 -0.0124
vn -0.9483 -0.3172 -0.0065
vn -0.9941 -0.1078 -0.0094
vn -0.8992 -0.4375 -0.0050
vn -0.8194 -0.5732 -0.0026
vn -0.9947 0.1018 -0.0104
vn -0.3739 -0.9274 0.0125
vn -0.6488 -0.7610 0.0005
vn -0.5200 -0.8542 0.0037
vn -0.7466 -0.6652 -0.0024
vn -0.9970 -0.0767 -0.0095
vn -0.9679 -0.2511 -0.0074
vn -0.5485 -0.8362 0.0036
vn -0.8434 -0.5356 0.0433
vn -0.7792 -0.6247 0.0516
vn -0.9631 0.2690 -0.0121
vn -0.9228 -0.3794 0.0677
vn -0.4498 -0.8931 0.0053
vn -0.9969 -0.0484 0.0617
vn -0.9759 -0.2077 0.0674
vn -0.4736 -0.8789 0.0572
vn -0.5860 -0.8088 0.0493
vn -0.6792 -0.7331 0.0362
vn -0.7297 -0.6300 0.2658
vn -0.5809 -0.7568 0.2995
vn -0.9039 0.4276 -0.0137
vn -0.8301 0.5564 0.0349
vn -0.8936 0.4463 0.0474
vn -0.8903 0.3360 0.3072
vn -0.8512 -0.3969 0.3433
vn -0.9564 0.2860 0.0589
vn -0.9911 0.1154 0.0669
vn -0.9364 0.1277 0.3268
vn -0.9444 -0.0454 0.3257
vn -0.9210 -0.1735 0.3487
vn 0.0363 0.9989 0.0309
vn 0.0186 0.9906 0.1352
vn -0.0091 0.9314 0.3640
vn 0.0036 0.9318 0.3631
vn -0.6067 -0.3444 0.7164
vn -0.6600 -0.0807 0.7470
vn -0.6498 0.0686 0.7570
vn -0.6435 0.2628 0.7189
vn -0.4340 0.6401 0.6339
vn -0.2321 -0.3902 0.8910
vn -0.2435 -0.1427 0.9594
vn -0.2342 0.0193 0.9720
vn -0.0772 0.0747 0.9942
vn -0.0371 -0.3508 0.9357
vn -0.0288 -0.1218 0.9921
vn 0.0474 0.0627 0.9969
vn 0.1873 0.1666 0.9681
vn 0.4537 0.3082 0.8361
vn 0.1781 0.1957 0.9644
vn 0.0693 -0.0126 0.9975
vn 0.4180 0.4219 0.8045
vn 0.5786 0.4605 0.6732
vn 0.4792 0.5687 0.6686
vn 0.3017 0.4513 0.8398
vn 0.0025 -0.2882 0.9576
vn 0.2226 0.8413 0.4926
vn 0.1042 0.8984 0.4266
vn 0.0530 0.4468 0.8931
vn -0.0137 0.1304 0.9914
vn -0.3278 0.0065 0.9447
vn -0.1069 -0.0471 0.9932
vn -0.1987 0.0743 0.9772
vn -0.1718 0.3115 0.9346
vn 0.8358 0.1996 0.5115
vn 0.3120 0.0705 0.9475
vn 0.8871 0.0290 0.4607
vn 0.3860 0.0013 0.9225
vn 0.3621 0.0337 0.9315
vn 0.3443 -0.0400 0.9380
vn 0.8654 -0.1608 0.4747
vn 0.4854 -0.2669 0.8326
vn 0.2155 -0.1442 0.9658
vn 0.0784 0.0030 0.9969
vn -0.0087 0.2904 0.9569
vn 0.7300 -0.6312 0.2622
vn 0.6333 -0.4348 0.6403
vn 0.4838 -0.4056 0.7755
vn 0.2192 -0.1377 0.9659
vn 0.1040 0.2207 0.9698
vn 0.5339 -0.5626 0.6312
vn 0.3837 -0.4290 0.8177
vn 0.1379 0.0632 0.9884
vn 0.5511 -0.7225 0.4174
vn 0.3926 -0.7526 0.5286
vn 0.2135 -0.2568 0.9426
vn 0.0906 0.0553 0.9943
vn 0.0721 -0.8502 0.5214
vn -0.2858 -0.7629 0.5799
vn -0.0159 0.6782 0.7347
vn -0.0066 0.8464 0.5326
vn 0.0852 0.2770 0.9571
vn -0.0118 0.8767 0.4809
vn 0.0155 0.0340 0.9993
vn -0.0224 0.0801 0.9965
vn -0.0507 0.0866 0.9950
vn -0.2480 0.4991 0.8303
vn -0.1059 0.6957 0.7104
vn -0.0171 -0.3479 0.9374
vn -0.0837 -0.0132 0.9964
vn -0.4723 0.7074 0.5259
vn -0.4536 0.4408 0.7746
vn -0.6152 0.3439 0.7094
vn -0.0945 0.0472 0.9944
vn -0.0272 -0.1527 0.9879
vn -0.1985 0.1741 0.9645
vn -0.3387 0.1847 0.9226
vn -0.1962 0.0810 0.9772
vn 0.0184 -0.3620 0.9320
vn -0.3825 -0.4471 0.8085
vn -0.5220 -0.5339 0.6651
vn -0.6932 0.3843 0.6097
vn -0.5116 -0.4033 0.7586
vn -0.1953 -0.1234 0.9730
vn -0.1219 0.1519 0.9808
vn -0.5670 0.2442 0.7867
vn -0.6577 0.0332 0.7526
vn -0.6375 -0.0939 0.7647
vn -0.5172 -0.2645 0.8140
vn -0.2443 -0.1053 0.9640
vn -0.1284 0.0171 0.9916
vn -0.0383 0.3230 0.9456
vn -0.2807 0.0175 0.9596
vn -0.1854 -0.0476 0.9815
vn -0.0394 0.0995 0.9943
vn -0.0280 0.0165 0.9995
vn -0.0382 0.0233 0.9990
vn 0.0270 0.0275 0.9993
vn -0.0338 0.6436 0.7646
vn 0.0240 0.6727 0.7396
vn 0.0387 0.3151 0.9483
vn -0.0576 -0.9465 -0.3174
vn -0.0490 -0.8262 -0.5613
vn -0.1314 -0.9879 -0.0824
vn -0.0124 -0.7338 -0.6793
vn -0.2298 -0.8681 -0.4400
vn -0.3926 -0.8960 -0.2076
vn -0.5071 -0.7880 -0.3491
vn -0.0999 -0.7720 -0.6277
vn -0.1139 -0.7354 -0.6680
vn -0.3352 -0.7620 -0.5541
vn -0.2265 -0.7779 -0.5862
vn -0.0283 -0.7270 -0.6860
vn -0.0503 -0.7140 -0.6983
vn -0.1978 -0.7292 -0.6551
vn 0.0411 -0.7239 -0.6887
vn 0.0197 -0.7337 -0.6792
vn 0.0308 -0.7256 -0.6874
vn 0.0445 -0.8725 -0.4865
vn -0.1716 0.9440 -0.2817
vn -0.1763 0.9822 -0.0648
vn -0.1722 -0.9851 0.0015
vn -0.0268 -0.7152 -0.6984
vn -0.0024 -0.5446 -0.8387
vn -0.1460 -0.4260 -0.8929
vn -0.0780 -0.0203 -0.9967
vn -0.0376 0.0431 -0.9984
vn -0.5859 0.7660 -0.2645
vn -0.1856 0.8811 -0.4350
vn -0.5346 0.8433 -0.0560
vn -0.8663 0.3589 -0.3474
vn -0.8842 0.1266 -0.4496
vn -0.8428 0.2505 -0.4764
vn -0.8023 0.5786 -0.1470
vn -0.7659 0.6418 -0.0385
vn -0.6774 -0.7229 -0.1360
vn -0.7215 -0.6543 -0.2264
vn -0.7573 -0.6514 -0.0471
vn -0.8827 -0.4635 -0.0776
vn -0.8112 -0.5848 -0.0069
vn -0.9336 -0.3577 -0.0225
vn -0.4949 -0.8675 -0.0504
vn -0.5921 -0.8059 -0.0001
vn 0.0799 -0.9621 -0.2608
vn -0.2125 -0.5743 -0.7906
vn -0.3755 -0.4334 -0.8193
vn -0.3020 -0.4840 -0.8213
vn -0.3315 -0.3023 -0.8937
vn -0.4236 -0.2236 -0.8778
vn -0.9530 0.1597 -0.2574
vn -0.8485 0.3004 -0.4356
vn -0.9426 0.3272 -0.0672
vn -0.5224 -0.6995 -0.4876
vn -0.8438 -0.4425 -0.3035
vn -0.4893 -0.6395 -0.5930
vn -0.6119 -0.4495 -0.6508
vn -0.9697 -0.2089 -0.1267
vn -0.9972 -0.0693 -0.0297
vn -0.8871 0.4214 -0.1882
vn 0.0417 -0.7901 -0.6116
vn -0.0614 -0.6815 -0.7292
vn -0.1992 -0.6590 -0.7252
vn 0.1807 -0.9821 -0.0536
vn 0.1299 -0.9668 -0.2201
vn 0.2084 -0.9119 -0.3537
vn 0.2739 -0.9491 -0.1557
vn 0.2997 -0.9536 -0.0283
vn 0.3418 -0.9329 -0.1137
vn 0.2546 -0.8905 -0.3770
vn 0.0922 -0.7848 -0.6128
vn 0.3507 -0.9093 -0.2238
vn 0.1133 -0.8346 -0.5391
vn 0.1754 -0.8779 -0.4456
vn 0.3881 -0.9215 -0.0126
vn -0.5799 0.8143 -0.0248
vn -0.1942 0.9810 -0.0029
vn -0.7365 0.6763 -0.0150
vn -0.8606 0.4914 -0.1339
vn -0.9988 -0.0426 -0.0256
vn -0.9108 0.4123 -0.0213
vn -0.8901 -0.4543 -0.0375
vn -0.9813 -0.1235 -0.1475
vn -0.9820 -0.0246 -0.1871
vn 0.0285 -0.9995 -0.0102
vn 0.0250 -0.9993 0.0275
vn -0.6301 0.7737 0.0663
vn 0.0681 -0.9977 -0.0067
vn 0.0640 -0.9976 0.0246
vn 0.2888 -0.9573 0.0145
vn 0.2432 -0.9700 0.0022
vn 0.3772 -0.9257 0.0273
vn 0.3557 -0.9346 0.0039
vn -0.2177 0.9741 0.0616
vn -0.8686 -0.4932 0.0485
vn -0.5852 -0.8104 0.0279
vn 0.1164 -0.9910 -0.0665
vn 0.1101 -0.9909 0.0773
vn 0.1759 -0.9843 0.0144
vn 0.2348 -0.9702 0.0603
vn 0.3276 -0.9438 0.0439
vn -0.0000 -0.7435 0.6688
vn -0.2135 0.9297 0.3001
vn -0.2240 0.8612 0.4563
vn -0.0752 -0.0374 0.9965
vn -0.1822 -0.9818 0.0531
vn 0.0054 -0.5795 0.8149
vn -0.1046 -0.4699 0.8765
vn -0.6299 0.7021 0.3320
vn -0.2791 -0.3883 0.8782
vn -0.9157 0.3995 0.0423
vn -0.9400 0.2849 0.1877
vn -0.7769 0.4073 0.4801
vn -0.9469 0.0511 0.3174
vn -0.9970 -0.0609 0.0484
vn -0.9696 -0.1754 0.1705
vn -0.1574 -0.6382 0.7536
vn 0.1452 -0.8931 0.4258
vn 0.1904 -0.9601 0.2047
vn 0.0503 -0.7845 0.6181
vn 0.0258 -0.7310 0.6819
vn 0.2696 -0.9403 0.2080
vn 0.1775 -0.8757 0.4490
vn 0.2896 -0.9438 0.1591
vn 0.1166 -0.8352 0.5375
vn -0.1384 -0.9681 0.2089
vn -0.0697 -0.9038 0.4222
vn -0.0433 -0.7709 0.6355
vn -0.8679 -0.0305 0.4957
vn -0.7781 -0.2948 0.5547
vn -0.8610 -0.3702 0.3487
vn -0.8168 -0.5670 0.1071
vn -0.6685 -0.6687 0.3255
vn -0.4945 -0.8565 0.1478
vn -0.5024 -0.7370 0.4521
vn -0.3493 -0.8846 0.3090
vn -0.1821 -0.8255 0.5342
vn -0.0035 -0.7077 0.7065
vn -0.3317 -0.5337 0.7779
vn -0.2435 -0.6057 0.7575
vn -0.3729 -0.6013 0.7066
vn -0.6539 -0.4496 0.6085
vn -0.2852 -0.6518 0.7027
vn -0.4101 -0.6742 0.6142
vn -0.2609 -0.7485 0.6097
vn -0.1076 -0.7311 0.6738
vn -0.0785 -0.7405 0.6675
vn -0.0292 -0.6983 0.7152
vn -0.0739 -0.6864 0.7235
vn -0.0996 -0.6969 0.7103
vn -0.0145 -0.7032 0.7109
vn 0.0404 -0.7298 0.6824
vn 0.0075 -0.6733 0.7393
vn 0.0561 -0.7403 -0.6699
vn 0.2502 -0.7951 -0.5525
vn 0.1324 -0.7393 -0.6602
vn 0.1370 -0.7622 -0.6326
vn 0.3001 -0.7833 -0.5443
vn 0.4578 -0.7909 -0.4061
vn 0.5383 -0.7495 -0.3854
vn 0.6737 -0.7138 -0.1916
vn 0.1881 -0.7597 -0.6224
vn 0.4120 -0.7677 -0.4907
vn 0.1088 -0.7440 -0.6592
vn 0.7409 -0.6467 -0.1812
vn 0.6553 -0.6803 -0.3283
vn 0.2764 -0.7472 -0.6044
vn 0.5487 -0.7103 -0.4409
vn 0.8646 -0.5011 -0.0355
vn 0.8266 -0.5436 -0.1459
vn 0.4269 -0.9030 -0.0480
vn 0.1661 -0.8286 -0.5346
vn 0.2902 -0.8710 -0.3965
vn 0.4885 -0.8720 -0.0311
vn 0.4475 -0.8857 -0.1234
vn 0.1321 -0.7856 -0.6045
vn 0.4498 -0.8660 -0.2183
vn 0.2137 -0.9058 -0.3658
vn 0.5517 -0.8327 -0.0468
vn 0.2413 -0.8115 -0.5322
vn 0.3982 -0.8433 -0.3608
vn 0.6062 -0.7949 -0.0246
vn 0.6053 -0.7917 -0.0823
vn 0.4162 -0.8194 -0.3942
vn 0.5465 -0.8110 -0.2088
vn 0.6511 -0.7589 -0.0118
vn 0.6537 -0.7472 -0.1200
vn 0.6052 -0.7674 -0.2117
vn 0.7105 -0.7035 -0.0201
vn 0.7603 -0.6484 -0.0391
vn 0.7187 -0.6860 -0.1140
vn 0.8229 -0.5674 -0.0308
vn 0.7852 -0.6118 -0.0958
vn 0.8121 -0.5834 -0.0116
vn 0.7191 -0.6929 0.0526
vn 0.7674 -0.6405 0.0301
vn 0.4709 -0.8814 0.0379
vn 0.6122 -0.7903 0.0248
vn 0.7790 -0.6252 0.0470
vn 0.8287 -0.5593 0.0220
vn 0.8432 -0.5360 0.0411
vn 0.4173 -0.9066 0.0635
vn 0.5113 -0.8590 0.0258
vn 0.5341 -0.8454 0.0032
vn 0.5361 -0.8421 0.0580
vn 0.6561 -0.7533 0.0455
vn 0.6864 -0.7272 -0.0063
vn 0.7016 -0.7120 0.0279
vn 0.3175 -0.9134 0.2548
vn 0.4366 -0.8906 0.1269
vn 0.2579 -0.8716 0.4168
vn 0.3395 -0.8965 0.2846
vn 0.4713 -0.8680 0.1562
vn 0.5689 -0.8153 0.1080
vn 0.1288 -0.7988 0.5877
vn 0.0392 -0.7280 0.6845
vn 0.1514 -0.8368 0.5261
vn 0.3590 -0.8547 0.3750
vn 0.2166 -0.7972 0.5636
vn 0.0932 -0.7515 0.6531
vn 0.5063 -0.8219 0.2608
vn 0.3606 -0.8175 0.4490
vn 0.6128 -0.7754 0.1526
vn 0.2204 -0.7890 0.5735
vn 0.0784 -0.7364 0.6720
vn 0.0215 -0.7033 0.7106
vn 0.5358 -0.7947 0.2853
vn 0.3824 -0.8008 0.4609
vn 0.6639 -0.7309 0.1581
vn 0.2428 -0.7834 0.5722
vn 0.0967 -0.7361 0.6699
vn 0.5889 -0.7605 0.2736
vn 0.4371 -0.7822 0.4440
vn 0.7351 -0.6647 0.1332
vn 0.2993 -0.7738 0.5583
vn 0.1663 -0.7289 0.6641
vn 0.6811 -0.6895 0.2464
vn 0.5561 -0.7137 0.4259
vn 0.8327 -0.5374 0.1338
vn 0.4386 -0.7331 0.5199
vn 0.0177 -0.6891 -0.7244
vn 0.0590 -0.7185 -0.6930
vn 0.1064 -0.7096 -0.6965
vn 0.1216 -0.7165 -0.6869
vn 0.3817 -0.6644 -0.6425
vn 0.3869 -0.6890 -0.6129
vn 0.1810 -0.7297 -0.6594
vn 0.3791 -0.6561 -0.6525
vn 0.3810 -0.6559 -0.6517
vn 0.1155 -0.7334 -0.6700
vn 0.2064 -0.7379 -0.6425
vn 0.4409 -0.7351 -0.5149
vn 0.2379 -0.7142 -0.6583
vn 0.3284 -0.6905 -0.6444
vn 0.8112 -0.5519 -0.1934
vn 0.7263 -0.6000 -0.3353
vn 0.9014 -0.4321 -0.0291
vn 0.2953 -0.7299 -0.6165
vn 0.6350 -0.6125 -0.4708
vn 0.9276 -0.3716 -0.0393
vn 0.9042 -0.3969 -0.1576
vn 0.6203 -0.6193 -0.4814
vn 0.7277 -0.5479 -0.4127
vn 0.9513 -0.3074 -0.0205
vn 0.9577 -0.2835 -0.0494
vn 0.5245 -0.6715 -0.5234
vn 0.9443 -0.2568 -0.2060
vn 0.4516 -0.6888 -0.5671
vn 0.8421 -0.4778 -0.2501
vn 0.8803 -0.4741 0.0159
vn 0.8898 -0.4559 -0.0180
vn 0.9505 -0.3072 0.0467
vn 0.9398 -0.3412 0.0208
vn 0.8898 -0.4547 0.0392
vn 0.9108 -0.4092 0.0549
vn -0.0306 -0.7321 0.6805
vn 0.7541 -0.5948 0.2783
vn 0.2895 -0.7473 0.5982
vn 0.1733 -0.7116 0.6809
vn 0.1354 -0.7167 0.6841
vn 0.8212 -0.5525 0.1429
vn 0.7110 -0.6446 0.2809
vn 0.5957 -0.6609 0.4563
vn 0.8788 -0.4560 0.1408
vn 0.4874 -0.6860 0.5402
vn 0.8750 -0.4359 0.2108
vn 0.0666 -0.7170 0.6939
vn 0.4178 -0.7144 0.5613
vn 0.7627 -0.5524 0.3362
vn 0.2766 -0.7210 0.6353
vn 0.1764 -0.7037 0.6882
vn 0.0306 -0.6994 0.7140
vn 0.1844 -0.6918 0.6982
vn 0.2058 -0.6885 0.6954
vn 0.1811 -0.6844 0.7063
vn 0.2065 -0.6598 0.7225
vn 0.0622 -0.6875 0.7235
vn 0.7465 -0.4736 -0.4673
vn 0.8293 -0.4428 -0.3408
vn 0.7566 -0.4607 -0.4640
vn 0.8751 -0.3493 -0.3350
vn 0.9769 -0.1466 -0.1551
vn 0.7596 -0.4570 -0.4627
vn 0.8698 -0.3531 -0.3448
vn 0.9842 -0.1297 -0.1203
vn 0.9965 -0.0561 -0.0613
vn 0.8578 -0.4426 -0.2614
vn 0.9582 -0.2605 -0.1179
vn 0.9789 -0.1991 -0.0465
vn 0.9915 -0.1231 -0.0429
vn 0.9764 -0.1589 -0.1460
vn 0.9952 -0.0820 -0.0532
vn 0.9790 -0.2023 -0.0271
vn 0.9732 -0.2296 0.0142
vn 0.9757 -0.2079 0.0685
vn 0.9952 -0.0915 0.0351
vn 0.9913 -0.1289 0.0249
vn 0.9450 -0.3237 0.0475
vn 0.8839 -0.4292 0.1861
vn 0.7544 -0.5708 0.3243
vn 0.6757 -0.5594 0.4801
vn 0.9354 -0.2873 0.2061
vn 0.5729 -0.5781 0.5810
vn 0.9728 -0.2001 0.1165
vn 0.9272 -0.2854 0.2428
vn 0.7242 -0.4918 0.4834
vn 0.5513 -0.5920 0.5879
vn 0.9736 -0.1776 0.1434
vn 0.9219 -0.2819 0.2657
vn 0.7183 -0.4919 0.4920
vn 0.5430 -0.5864 0.6011
vn 0.9969 -0.0596 0.0508
vn 0.9756 -0.1722 0.1363
vn 0.9102 -0.2863 0.2992
vn 0.7102 -0.4960 0.4996
vn 0.6096 -0.5315 0.5881
vn 0.0022 -0.4205 -0.9073
vn 0.0051 -0.6128 -0.7902
vn 0.0116 -0.0079 -0.9999
vn 0.0103 -0.3984 -0.9171
vn 0.0047 -0.1799 -0.9837
vn 0.0798 0.0673 -0.9945
vn 0.0556 0.0304 -0.9980
vn 0.1963 -0.0003 -0.9805
vn 0.0312 -0.0746 -0.9967
vn 0.1356 0.1284 -0.9824
vn 0.5728 0.2054 -0.7936
vn 0.7429 0.5359 -0.4012
vn 0.6485 0.4274 -0.6299
vn 0.8680 0.3456 -0.3566
vn 0.8372 0.5374 -0.1013
vn 0.3136 0.4010 -0.8607
vn 0.4460 0.4420 -0.7782
vn 0.1840 0.1215 -0.9754
vn 0.5839 0.6963 -0.4173
vn 0.5838 0.8034 -0.1175
vn 0.7310 0.6779 -0.0785
vn 0.6414 0.7666 -0.0303
vn 0.1579 0.3918 -0.9064
vn 0.2982 0.8270 -0.4766
vn 0.5194 0.8541 -0.0261
vn 0.4163 0.8540 -0.3119
vn 0.2749 0.9511 -0.1410
vn 0.4071 0.9110 -0.0656
vn 0.2457 0.9688 -0.0338
vn 0.8266 0.5627 -0.0115
vn 0.6291 0.7772 -0.0115
vn 0.3963 0.9181 -0.0104
vn 0.5134 0.8581 -0.0115
vn 0.9081 0.4187 -0.0106
vn 0.9050 0.4253 -0.0098
vn 0.7283 0.6852 -0.0116
vn 0.7348 0.6782 -0.0119
vn 0.5101 0.8600 -0.0116
vn 0.6261 0.7796 -0.0123
vn 0.4858 0.8740 -0.0116
vn 0.3877 0.9217 -0.0136
vn 0.8184 0.5726 0.0481
vn 0.8918 0.4505 0.0419
vn 0.4921 0.8681 0.0649
vn 0.3397 0.9405 -0.0132
vn 0.7236 0.6885 0.0488
vn 0.6308 0.7733 0.0634
vn 0.0023 -0.5721 0.8202
vn 0.6981 0.6392 0.3226
vn 0.4965 0.7981 0.3415
vn 0.2868 0.9061 0.3111
vn 0.0607 -0.0165 -0.9980
vn -0.0018 0.9998 -0.0221
vn -0.0025 0.9963 -0.0857
vn -0.0082 0.9975 -0.0706
vn 0.0730 -0.0348 -0.9967
vn 0.4572 0.0464 -0.8881
vn 0.8949 -0.1938 -0.4020
vn 0.4225 -0.1665 -0.8909
vn 0.9960 0.0436 -0.0774
vn 0.8788 0.1281 -0.4596
vn 0.2043 -0.1062 -0.9731
vn 0.9550 0.2839 -0.0853
vn 0.9301 0.2367 -0.2807
vn 0.9152 0.4028 -0.0137
vn 0.9077 0.4092 -0.0930
vn 0.9850 0.1643 -0.0523
vn 0.9688 0.2473 -0.0176
vn 0.9961 -0.0675 -0.0569
vn 0.9549 -0.2865 -0.0782
vn 0.9804 -0.1941 -0.0348
vn 0.6391 -0.2704 -0.7200
vn 0.8953 -0.3345 -0.2943
vn 0.6985 -0.4780 -0.5326
vn 0.9207 -0.3837 -0.0711
vn 0.9380 -0.3466 -0.0076
vn 0.2336 -0.1265 -0.9641
vn 0.8589 -0.5072 -0.0709
vn 0.7739 -0.5277 -0.3501
vn 0.1594 -0.1110 -0.9810
vn 0.7622 -0.6445 -0.0610
vn 0.2505 -0.2115 -0.9447
vn 0.6527 -0.6877 -0.3179
vn 0.6578 -0.5980 -0.4579
vn 0.5943 -0.6225 -0.5093
vn 0.6755 -0.7352 -0.0567
vn 0.1560 -0.1671 -0.9735
vn 0.1032 0.0172 -0.9945
vn 0.4232 -0.8318 -0.3591
vn 0.5804 -0.8114 -0.0689
vn 0.3970 -0.7232 -0.5651
vn 0.0623 0.0447 -0.9971
vn 0.1696 -0.8886 -0.4261
vn 0.2491 -0.9203 -0.3017
vn 0.4378 -0.8960 -0.0750
vn 0.2820 -0.9574 -0.0621
vn 0.0162 -0.0284 -0.9995
vn -0.0014 0.8115 -0.5844
vn 0.9678 0.2515 -0.0111
vn 0.9986 0.0515 -0.0109
vn 0.9970 0.0667 -0.0405
vn 0.9872 -0.1592 -0.0078
vn 0.8867 -0.4624 -0.0015
vn 0.9482 -0.3176 -0.0062
vn 0.7917 -0.6109 0.0003
vn 0.5893 -0.8079 0.0032
vn 0.9660 0.2583 -0.0123
vn 0.9975 0.0703 -0.0117
vn 0.9918 -0.1278 -0.0067
vn 0.9569 -0.2902 -0.0041
vn 0.8087 -0.5882 -0.0000
vn 0.7195 -0.6945 0.0015
vn 0.4881 -0.8728 0.0066
vn 0.2984 -0.9544 0.0063
vn 0.6223 -0.7828 0.0051
vn 0.3341 -0.9425 0.0120
vn 0.9950 0.0999 -0.0073
vn 0.9604 0.2786 -0.0087
vn 0.9960 -0.0886 -0.0056
vn 0.8322 -0.5545 -0.0004
vn 0.3958 -0.9183 0.0110
vn 0.4210 -0.9070 0.0080
vn 0.5328 -0.8462 0.0067
vn 0.9729 -0.2243 0.0569
vn 0.6786 -0.7334 0.0403
vn 0.4391 -0.8984 0.0050
vn 0.9898 0.1323 0.0520
vn 0.9973 -0.0442 0.0586
vn 0.8418 -0.5376 0.0487
vn 0.9203 -0.3863 0.0618
vn 0.7665 -0.6410 0.0399
vn 0.5493 -0.8356 0.0046
vn 0.4662 -0.8845 0.0170
vn 0.3132 -0.9497 0.0057
vn 0.9420 0.1372 0.3063
vn 0.9499 0.3098 0.0403
vn 0.9563 -0.0309 0.2907
vn 0.9351 -0.1816 0.3042
vn 0.8378 0.4808 0.2585
vn 0.8755 0.3498 0.3333
vn 0.8583 -0.4047 0.3155
vn 0.5898 -0.7587 0.2766
vn 0.5646 -0.8230 0.0619
vn 0.3906 -0.9153 0.0979
vn 0.5216 -0.8044 0.2845
vn 0.3163 -0.9484 0.0207
vn 0.0009 0.3295 -0.9441
vn 0.0976 0.9006 -0.4235
vn 0.0885 0.9834 -0.1583
vn 0.0771 -0.5983 -0.7976
vn -0.0151 -0.0573 -0.9982
vn -0.0912 0.8981 -0.4301
vn -0.0178 0.8070 -0.5903
vn -0.0824 0.9833 -0.1620
vn 0.0816 0.9957 -0.0443
vn -0.1678 0.3360 -0.9268
vn -0.2866 0.9453 -0.1560
vn -0.2427 0.9695 -0.0350
vn -0.0717 0.9966 -0.0401
vn -0.4363 0.7900 -0.4309
vn -0.4729 0.8694 -0.1431
vn -0.3799 0.9249 -0.0190
vn -0.3694 0.6070 -0.7036
vn -0.2881 0.8308 -0.4763
vn -0.3107 0.3698 -0.8756
vn -0.5262 0.8496 -0.0362
vn 0.0667 -0.3825 -0.9216
vn -0.0160 -0.1370 -0.9904
vn -0.0498 0.0367 -0.9981
vn -0.5767 0.6912 -0.4354
vn -0.6716 0.7259 -0.1481
vn -0.4489 0.4170 -0.7904
vn -0.7417 0.4960 -0.4516
vn -0.6320 0.7742 -0.0361
vn -0.7378 0.6743 -0.0313
vn -0.0871 0.1323 -0.9874
vn -0.8301 0.5374 -0.1487
vn -0.5605 0.1773 -0.8090
vn -0.8612 0.3344 -0.3828
vn -0.9175 0.3758 -0.1301
vn -0.8346 0.5500 -0.0306
vn -0.9119 0.4101 -0.0154
vn 0.1069 -0.6952 -0.7108
vn 0.1687 -0.1931 -0.9666
vn -0.0034 -0.0182 -0.9998
vn -0.3734 0.2373 -0.8968
vn -0.1206 0.0416 -0.9918
vn 0.3841 -0.6548 -0.6510
vn 0.3859 -0.6306 -0.6734
vn 0.3435 -0.5610 -0.7532
vn 0.1827 -0.0236 -0.9829
vn 0.2495 0.9683 -0.0099
vn -0.4918 0.8707 -0.0052
vn 0.0924 0.9957 -0.0082
vn -0.2055 0.9786 -0.0069
vn -0.0521 0.9986 -0.0067
vn -0.8208 0.5712 -0.0006
vn -0.7088 0.7054 -0.0011
vn -0.8935 0.4490 0.0028
vn -0.7946 0.6071 -0.0001
vn -0.3292 0.9442 -0.0102
vn -0.5936 0.8048 -0.0038
vn -0.4460 0.8950 -0.0089
vn 0.2458 0.9692 -0.0116
vn 0.2526 0.9673 -0.0209
vn 0.0956 0.9954 -0.0074
vn 0.3385 0.9408 -0.0195
vn -0.1784 0.9838 -0.0175
vn 0.0380 0.9967 -0.0711
vn -0.6781 0.7349 -0.0022
vn -0.0727 0.9960 -0.0523
vn 0.1787 0.9827 -0.0486
vn 0.1735 0.9847 -0.0127
vn -0.2601 0.9654 -0.0163
vn -0.0421 0.9990 -0.0134
vn -0.2489 0.9685 -0.0096
vn -0.3952 0.9186 -0.0088
vn -0.5478 0.8366 -0.0042
vn -0.8656 0.5007 0.0005
vn -0.7671 0.6415 -0.0007
vn -0.0362 0.9992 -0.0150
vn 0.1626 0.9866 -0.0122
vn -0.2238 0.9746 -0.0103
vn -0.6281 0.7757 0.0609
vn 0.3358 0.9405 0.0523
vn -0.0198 0.9989 0.0419
vn -0.2027 0.9785 0.0386
vn -0.3711 0.9278 0.0370
vn -0.5348 0.8445 0.0296
vn -0.8275 0.5595 0.0465
vn -0.7414 0.6682 0.0621
vn 0.1645 0.9850 0.0516
vn 0.1444 0.9514 0.2721
vn -0.0081 0.9649 0.2624
vn 0.0561 -0.5760 0.8155
vn -0.1838 0.9404 0.2860
vn -0.3707 0.8615 0.3471
vn -0.6986 0.6405 0.3190
vn -0.5031 0.7672 0.3977
vn -0.8181 0.5132 0.2594
vn 0.0799 -0.6772 0.7314
vn 0.3441 -0.6404 0.6867
vn 0.3185 -0.6612 0.6793
vn 0.3002 -0.6033 0.7388
vn 0.0619 -0.9735 -0.2204
vn 0.0985 -0.9950 -0.0167
vn -0.1595 -0.8829 -0.4416
vn -0.0509 -0.9668 -0.2506
vn -0.0924 -0.9936 -0.0650
vn -0.2609 -0.9202 -0.2917
vn -0.2623 -0.9631 -0.0606
vn -0.0265 0.4880 -0.8724
vn -0.0083 -0.0012 -1.0000
vn 0.0011 0.0120 -0.9999
vn 0.0343 0.9675 -0.2505
vn -0.0023 0.9698 -0.2440
vn -0.4711 -0.8228 -0.3180
vn -0.4219 -0.7343 -0.5319
vn -0.5770 -0.8141 -0.0658
vn -0.4310 -0.8996 -0.0710
vn 0.0439 0.9946 -0.0945
vn 0.0441 0.9984 -0.0355
vn -0.6536 -0.6846 -0.3227
vn -0.5746 -0.6835 -0.4503
vn -0.3935 -0.4073 -0.8242
vn -0.6668 -0.7422 -0.0680
vn -0.7779 -0.6267 -0.0473
vn -0.0949 0.0192 -0.9953
vn -0.1813 -0.2303 -0.9561
vn -0.0711 0.0325 -0.9969
vn 0.1073 0.8683 -0.4843
vn 0.0105 0.8624 -0.5061
vn -0.9087 0.1813 -0.3760
vn -0.9743 0.2046 -0.0939
vn -0.9639 0.2660 0.0110
vn -0.9469 0.0122 -0.3213
vn -0.9978 0.0290 -0.0591
vn -0.9987 0.0227 0.0463
vn -0.9838 -0.1676 -0.0639
vn -0.9704 -0.2391 0.0351
vn -0.8890 -0.3094 -0.3375
vn -0.5955 -0.1765 -0.7837
vn -0.9272 -0.1690 -0.3342
vn -0.9365 -0.3417 -0.0793
vn -0.9278 -0.3730 0.0128
vn -0.7918 -0.4789 -0.3791
vn -0.4001 -0.2840 -0.8714
vn -0.8581 -0.5105 -0.0554
vn -0.0542 0.1303 -0.9900
vn 0.0464 0.5524 -0.8323
vn -0.7063 0.1314 -0.6956
vn -0.2948 0.0128 -0.9555
vn -0.7464 -0.1073 -0.6568
vn -0.9950 -0.0999 0.0069
vn -0.9991 0.0428 0.0047
vn -0.9855 -0.1226 0.1173
vn -0.0550 -0.0284 -0.9981
vn -0.1320 -0.0793 -0.9881
vn 0.1374 0.1451 -0.9798
vn 0.2075 0.9581 -0.1975
vn 0.1957 0.9769 -0.0856
vn 0.1364 -0.0090 -0.9906
vn 0.1337 0.2979 -0.9452
vn 0.3332 0.8611 -0.3842
vn 0.4474 0.8834 -0.1396
vn 0.5314 0.8431 -0.0829
vn -0.2607 -0.9653 0.0133
vn -0.4177 -0.9085 0.0123
vn -0.7779 -0.6283 0.0109
vn -0.6804 -0.7328 0.0113
vn -0.9815 0.1913 0.0046
vn -0.9428 0.3333 0.0062
vn -0.9688 -0.2477 0.0092
vn -0.9193 -0.3934 0.0105
vn -0.8574 -0.5145 0.0116
vn -0.9870 0.1599 0.0174
vn 0.1248 -0.9921 0.0089
vn -0.0752 -0.9971 0.0121
vn -0.5624 -0.8268 0.0116
vn -0.9180 -0.3965 0.0095
vn -0.8603 -0.5096 0.0106
vn -0.9779 0.2091 0.0042
vn -0.9261 0.3772 0.0029
vn -0.9986 0.0518 0.0046
vn -0.9962 -0.0874 0.0063
vn -0.7790 -0.6270 0.0115
vn 0.1706 -0.9844 0.0427
vn 0.2684 -0.9632 0.0120
vn 0.0625 -0.9961 0.0620
vn -0.0828 -0.9952 0.0519
vn -0.2738 -0.9615 0.0232
vn -0.4297 -0.9029 0.0129
vn -0.9680 -0.2507 0.0085
vn -0.9750 -0.2219 0.0076
vn 0.2769 -0.9609 0.0086
vn 0.1166 -0.9931 0.0116
vn -0.0547 -0.9985 0.0099
vn -0.0212 -0.9997 0.0082
vn -0.1772 -0.9839 0.0221
vn -0.3269 -0.9450 0.0140
vn -0.4463 -0.8948 0.0120
vn -0.5639 -0.8257 0.0119
vn -0.8464 0.5325 0.0017
vn -0.9268 -0.3753 0.0107
vn -0.8597 -0.5107 0.0109
vn -0.7829 -0.6221 0.0114
vn -0.6880 -0.7256 0.0118
vn -0.9954 0.0956 0.0051
vn -0.9656 0.2601 0.0033
vn -0.9981 -0.0618 0.0069
vn 0.1518 -0.9884 0.0063
vn -0.2040 -0.9789 0.0119
vn -0.3427 -0.9394 0.0126
vn -0.1877 -0.9822 0.0085
vn -0.4628 -0.8864 0.0121
vn -0.5774 -0.8164 0.0118
vn -0.0152 -0.9999 0.0063
vn -0.3519 -0.9322 0.0848
vn -0.8915 0.4492 0.0589
vn -0.7819 -0.6212 0.0526
vn -0.9544 0.2908 0.0668
vn 0.1628 -0.9831 0.0840
vn 0.1828 -0.9227 0.3394
vn -0.0071 -0.9961 0.0875
vn -0.0306 -0.9432 0.3309
vn -0.1842 -0.9827 0.0170
vn -0.1744 -0.9749 0.1387
vn -0.1694 -0.9200 0.3535
vn -0.4752 -0.8755 0.0878
vn -0.3872 -0.8500 0.3571
vn -0.6962 -0.7165 0.0441
vn -0.5750 -0.8155 0.0654
vn -0.6181 -0.7442 0.2531
vn -0.8901 0.3467 0.2960
vn -0.8579 -0.3991 0.3237
vn -0.7433 -0.6136 0.2666
vn -0.9414 0.1413 0.3062
vn -0.9513 -0.0390 0.3057
vn -0.9893 0.1267 0.0719
vn -0.9970 -0.0379 0.0669
vn -0.9775 -0.1971 0.0750
vn -0.9288 -0.1736 0.3274
vn -0.9281 -0.3646 0.0756
vn 0.3756 0.9244 -0.0662
vn 0.6636 0.7477 -0.0235
vn 0.1183 0.9929 -0.0146
vn 0.0036 0.9999 -0.0094
vn 0.3585 0.9335 -0.0099
vn 0.6923 0.7215 -0.0090
vn 0.1489 0.9888 -0.0107
vn 0.0389 0.9992 -0.0097
vn 0.1293 0.9915 0.0119
vn 0.3379 0.9394 0.0574
vn 0.0754 0.9346 0.3476
vn 0.1291 0.9831 0.1298
vn 0.7580 -0.4591 -0.4633
vn 0.8701 -0.3548 -0.3422
vn 0.9852 -0.1212 -0.1213
vn 0.7617 -0.4514 -0.4648
vn 0.8807 -0.3377 -0.3321
vn 0.9788 -0.1207 -0.1652
vn 0.7925 -0.3644 -0.4890
vn 0.8805 -0.3301 -0.3403
vn 0.9800 -0.1315 -0.1495
vn 0.9952 -0.0641 -0.0741
vn 0.9995 -0.0158 -0.0262
vn 0.3239 -0.4165 -0.8495
vn 0.3511 -0.1919 -0.9164
vn 0.9970 -0.0453 -0.0625
vn 0.9784 -0.1036 -0.1787
vn 0.9948 -0.0418 -0.0934
vn 0.9648 -0.0401 -0.2599
vn 0.9999 0.0064 -0.0102
vn 0.9396 -0.0996 -0.3274
vn 0.9280 0.0925 -0.3610
vn 1.0000 0.0075 -0.0011
vn 0.9997 -0.0203 0.0156
vn 0.9801 -0.1317 0.1482
vn 0.9022 -0.2466 0.3539
vn 0.9946 -0.0708 0.0754
vn 0.9600 -0.1932 0.2026
vn 0.8025 -0.4121 0.4314
vn 0.6753 -0.5083 0.5345
vn 0.9399 -0.2306 0.2517
vn 0.9844 -0.1031 0.1429
vn 0.8128 -0.4143 0.4094
vn 0.6746 -0.4902 0.5519
vn 0.8020 -0.3755 0.4645
vn 0.9343 -0.1356 0.3297
vn 0.9517 -0.0174 0.3064
vn 0.9971 -0.0205 0.0730
vn 0.9986 0.0317 -0.0435
vn 0.1957 -0.0033 -0.9807
vn 0.3140 0.0939 -0.9448
vn 0.9710 0.1228 -0.2049
vn 0.2558 0.2319 -0.9385
vn 0.9312 0.2428 -0.2719
vn 0.7767 0.5973 -0.1998
vn 0.2415 0.8491 -0.4697
vn 0.9806 0.1944 -0.0231
vn 0.8708 0.4905 -0.0320
vn 0.9879 0.1547 -0.0078
vn 0.9989 0.0468 -0.0069
vn 0.9263 0.3767 -0.0096
vn 0.7108 0.7033 -0.0098
vn 0.9979 0.0319 0.0559
vn 0.9346 0.3539 0.0356
vn 0.9527 0.0689 0.2959
vn 0.9899 0.1339 0.0473
vn 0.9246 0.2984 0.2370
vn 0.3598 0.9330 -0.0111
vn 0.3935 0.9192 -0.0127
vn 0.6755 0.7183 0.1666
vn 0.6965 0.7164 0.0403
vn 0.2496 0.9339 0.2560
vn 0.0444 -0.1381 0.9894
vn -0.0264 -0.0351 0.9990
vn 0.0271 0.0150 0.9995
vn 0.0369 -0.0115 0.9993
vn 0.1630 0.0849 0.9830
vn 0.1194 0.0721 0.9902
vn 0.2480 0.1387 0.9588
vn 0.4186 0.2473 0.8739
vn 0.1784 0.2017 0.9631
vn 0.4286 0.3922 0.8139
vn 0.5963 0.3917 0.7008
vn 0.7355 0.4019 0.5455
vn 0.0885 0.0256 0.9957
vn 0.3128 0.4582 0.8320
vn 0.4844 0.5503 0.6801
vn 0.0028 -0.3173 0.9483
vn 0.2239 0.8322 0.5073
vn 0.0437 0.0994 0.9941
vn 0.2867 0.0278 0.9576
vn 0.2556 -0.0315 0.9663
vn 0.1397 -0.0292 0.9898
vn 0.5972 0.1848 0.7805
vn 0.6937 0.0209 0.7200
vn 0.6660 -0.1108 0.7377
vn 0.5365 -0.2509 0.8057
vn 0.2678 -0.1549 0.9509
vn 0.1449 0.0042 0.9894
vn 0.7411 -0.6191 0.2600
vn 0.6410 -0.4306 0.6354
vn 0.4944 -0.4011 0.7711
vn 0.2322 -0.1399 0.9626
vn 0.1126 0.2069 0.9719
vn 0.5457 -0.5564 0.6266
vn 0.3950 -0.4288 0.8125
vn 0.1477 0.0581 0.9873
vn 0.5606 -0.7199 0.4092
vn 0.3957 -0.7571 0.5198
vn 0.3423 -0.8654 0.3660
vn 0.2248 -0.2683 0.9367
vn 0.0971 0.0466 0.9942
vn 0.0548 0.5781 0.8141
vn 0.1129 0.8912 0.4393
vn 0.0458 0.4069 0.9123
vn 0.0149 0.1360 0.9906
vn -0.0749 0.0287 0.9968
vn 0.0384 -0.3666 0.9296
vn -0.2607 0.5063 0.8220
vn -0.0914 0.8944 0.4378
vn -0.0320 0.4410 0.8969
vn -0.4425 0.4541 0.7732
vn 0.0189 -0.0999 0.9948
vn -0.1779 0.1947 0.9646
vn -0.6127 0.3505 0.7083
vn -0.1024 0.1152 0.9880
vn -0.2635 0.1875 0.9463
vn 0.2432 -0.4068 0.8805
vn 0.2552 -0.1559 0.9542
vn 0.2626 0.0205 0.9647
vn 0.1213 0.0704 0.9901
vn 0.0803 -0.8527 0.5162
vn -0.1514 -0.8405 0.5202
vn -0.2692 -0.3070 0.9128
vn -0.4178 -0.4759 0.7739
vn -0.5501 -0.5445 0.6331
vn -0.6994 0.3937 0.5965
vn -0.5175 -0.4186 0.7463
vn -0.2236 -0.1376 0.9649
vn -0.1146 0.2291 0.9666
vn -0.5316 0.2411 0.8119
vn -0.8723 0.0550 0.4858
vn -0.8523 -0.1404 0.5039
vn -0.4918 -0.2583 0.8316
vn -0.1999 -0.1359 0.9703
vn -0.0742 -0.0017 0.9972
vn 0.0048 0.2863 0.9581
vn -0.3874 0.0224 0.9216
vn -0.3445 -0.0319 0.9382
vn 0.1371 -0.0404 0.9897
vn -0.3178 -0.0465 0.9470
vn 0.2254 0.0726 0.9716
vn 0.2136 0.2892 0.9331
vn -0.0009 0.8787 0.4774
vn 0.0208 0.0158 0.9997
vn -0.0045 0.0339 0.9994
vn 0.0054 0.9280 0.3724
vn -0.0271 0.0274 0.9993
vn -0.1042 0.2076 0.9726
vn -0.1274 0.0570 0.9902
vn 0.0059 0.8485 0.5291
vn 0.0123 0.6906 0.7231
vn 0.1561 0.7139 0.6826
vn 0.6362 -0.3426 0.6913
vn 0.6911 -0.0823 0.7180
vn 0.3909 0.0086 0.9204
vn 0.8854 0.0031 0.4647
vn 0.6806 0.0553 0.7306
vn 0.3753 0.0029 0.9269
vn 0.6831 0.2361 0.6911
vn 0.5572 0.6083 0.5652
vn 0.8871 -0.4615 0.0021
vn -0.9393 -0.0024 -0.3431
vn 0.2451 0.0627 -0.9675
vn -0.1811 0.3103 -0.9332
vn 0.0900 0.3391 0.9364
vn -0.3377 0.8333 -0.4378
vn -0.7194 0.4947 -0.4876
vn 0.9849 -0.1455 -0.0936
vn -0.8533 -0.5183 0.0572
vn 0.2687 0.9221 -0.2784
vn 0.9063 0.4225 -0.0084
vn 0.0943 0.3285 0.9398
vt 0.731548 0.454283
vt 0.727037 0.458801
vt 0.725198 0.453671
vt 0.738275 0.455552
vt 0.736293 0.470979
vt 0.731806 0.461431
vt 0.725379 0.443346
vt 0.721478 0.451085
vt 0.719941 0.443918
vt 0.719801 0.439197
vt 0.720030 0.429444
vt 0.729447 0.442984
vt 0.717438 0.331349
vt 0.723634 0.332689
vt 0.716281 0.145961
vt 0.712748 0.338840
vt 0.709430 0.135676
vt 0.736582 0.049372
vt 0.708606 0.070613
vt 0.704972 0.059909
vt 0.708662 0.062616
vt 0.715070 0.063487
vt 0.722186 0.062923
vt 0.728913 0.056322
vt 0.709009 0.056671
vt 0.715014 0.055650
vt 0.711359 0.052293
vt 0.715808 0.049665
vt 0.721649 0.055157
vt 0.721969 0.048607
vt 0.718323 0.045281
vt 0.722792 0.042640
vt 0.728621 0.048100
vt 0.728941 0.041563
vt 0.725310 0.038266
vt 0.729770 0.035617
vt 0.735579 0.041047
vt 0.735901 0.034524
vt 0.732291 0.031253
vt 0.736741 0.028597
vt 0.437670 0.408719
vt 0.441650 0.413069
vt 0.437340 0.414106
vt 0.682658 0.409894
vt 0.675592 0.410498
vt 0.671592 0.403971
vt 0.670049 0.398114
vt 0.677259 0.397097
vt 0.429013 0.393534
vt 0.434965 0.399896
vt 0.430013 0.400100
vt 0.430535 0.411929
vt 0.435273 0.406388
vt 0.424170 0.405924
vt 0.430381 0.405588
vt 0.422743 0.413508
vt 0.416170 0.399763
vt 0.423158 0.393249
vt 0.423491 0.398556
vt 0.672835 0.389938
vt 0.668424 0.391284
vt 0.664181 0.397646
vt 0.661449 0.391713
vt 0.435027 0.387240
vt 0.435326 0.394060
vt 0.664568 0.383124
vt 0.660389 0.384105
vt 0.422093 0.386527
vt 0.428533 0.380020
vt 0.421242 0.380686
vt 0.428262 0.387613
vt 0.425291 0.372330
vt 0.421279 0.372904
vt 0.415948 0.380852
vt 0.416102 0.386273
vt 0.412527 0.377839
vt 0.414101 0.370075
vt 0.409297 0.365351
vt 0.410481 0.385648
vt 0.407406 0.389706
vt 0.416715 0.391896
vt 0.400404 0.379717
vt 0.402893 0.374137
vt 0.399376 0.370825
vt 0.400870 0.366946
vt 0.405400 0.358706
vt 0.400567 0.359989
vt 0.409065 0.379147
vt 0.680591 0.098642
vt 0.675724 0.101637
vt 0.663433 0.119414
vt 0.656853 0.376441
vt 0.655905 0.126718
vt 0.418100 0.123835
vt 0.413921 0.128555
vt 0.417767 0.365678
vt 0.405256 0.138038
vt 0.400765 0.131708
vt 0.671288 0.112198
vt 0.667161 0.109946
vt 0.659303 0.117601
vt 0.425713 0.122594
vt 0.421579 0.122634
vt 0.409476 0.131765
vt 0.420275 0.115115
vt 0.429040 0.113504
vt 0.413406 0.118232
vt 0.400548 0.123648
vt 0.397659 0.118906
vt 0.401756 0.116572
vt 0.408153 0.116384
vt 0.675201 0.091843
vt 0.681679 0.090745
vt 0.676194 0.087635
vt 0.679718 0.085037
vt 0.666506 0.104065
vt 0.667219 0.099015
vt 0.674749 0.096487
vt 0.440681 0.092448
vt 0.433309 0.090680
vt 0.435687 0.088097
vt 0.440250 0.087791
vt 0.435732 0.083126
vt 0.435852 0.078230
vt 0.439626 0.083561
vt 0.658686 0.111682
vt 0.435751 0.105894
vt 0.427298 0.102061
vt 0.434510 0.099995
vt 0.426529 0.097797
vt 0.429004 0.095216
vt 0.434002 0.094928
vt 0.429010 0.090226
vt 0.429262 0.085661
vt 0.427464 0.080329
vt 0.420217 0.109207
vt 0.427740 0.107566
vt 0.418911 0.104263
vt 0.422102 0.102334
vt 0.422107 0.097327
vt 0.422245 0.092782
vt 0.411169 0.111843
vt 0.414924 0.109489
vt 0.196957 0.633164
vt 0.196957 0.616759
vt 0.197942 0.624078
vt 0.406408 0.100813
vt 0.409007 0.105996
vt 0.398547 0.112357
vt 0.723448 0.457886
vt 0.450756 0.459688
vt 0.454180 0.466619
vt 0.451858 0.467396
vt 0.728959 0.464039
vt 0.664566 0.669023
vt 0.660962 0.666307
vt 0.664566 0.664690
vt 0.450736 0.453589
vt 0.444390 0.445987
vt 0.450735 0.448101
vt 0.445187 0.454875
vt 0.450453 0.470837
vt 0.446320 0.465765
vt 0.436148 0.449374
vt 0.442734 0.472916
vt 0.443911 0.487595
vt 0.703257 0.427456
vt 0.698771 0.430965
vt 0.696194 0.423628
vt 0.702812 0.418011
vt 0.691985 0.414336
vt 0.695703 0.411774
vt 0.705291 0.438236
vt 0.703193 0.433371
vt 0.709396 0.425112
vt 0.451098 0.443064
vt 0.453882 0.446866
vt 0.712110 0.445230
vt 0.709919 0.440440
vt 0.715270 0.426738
vt 0.684200 0.417146
vt 0.686641 0.403020
vt 0.691499 0.406373
vt 0.681249 0.395219
vt 0.444554 0.422646
vt 0.448065 0.426863
vt 0.444163 0.427958
vt 0.690016 0.424431
vt 0.688081 0.419624
vt 0.701315 0.437178
vt 0.654219 0.575896
vt 0.654219 0.570719
vt 0.658930 0.571538
vt 0.657699 0.554833
vt 0.654219 0.550716
vt 0.657699 0.547867
vt 0.437213 0.418897
vt 0.443506 0.415543
vt 0.437588 0.425911
vt 0.442403 0.420311
vt 0.444207 0.432980
vt 0.438238 0.436490
vt 0.444197 0.439491
vt 0.431011 0.419511
vt 0.430459 0.427083
vt 0.376932 0.401360
vt 0.701954 0.335268
vt 0.708383 0.337376
vt 0.689208 0.090782
vt 0.704182 0.077031
vt 0.700410 0.083829
vt 0.695108 0.090399
vt 0.684312 0.098286
vt 0.688798 0.082022
vt 0.693581 0.083439
vt 0.689233 0.077628
vt 0.696154 0.076501
vt 0.690464 0.073447
vt 0.694288 0.070844
vt 0.703702 0.067761
vt 0.696638 0.066449
vt 0.700373 0.063843
vt 0.448133 0.077978
vt 0.440561 0.076503
vt 0.442883 0.073914
vt 0.442718 0.068955
vt 0.447351 0.073565
vt 0.442639 0.064319
vt 0.446571 0.069357
vt 0.442811 0.057689
vt 0.447331 0.062310
vt 0.435987 0.071788
vt 0.433806 0.067055
vt 0.435187 0.056857
vt 0.449440 0.054778
vt 0.453237 0.055795
vt 0.449533 0.059707
vt 0.449563 0.049408
vt 0.449715 0.044006
vt 0.453201 0.048114
vt 0.453371 0.041034
vt 0.449550 0.040323
vt 0.196733 0.534905
vt 0.198789 0.530966
vt 0.200276 0.534539
vt 0.198142 0.554459
vt 0.194225 0.551759
vt 0.197697 0.550520
vt 0.194225 0.580164
vt 0.197949 0.577600
vt 0.197515 0.581522
vt 0.453444 0.026866
vt 0.449740 0.029866
vt 0.449517 0.026187
vt 0.654769 0.584457
vt 0.658202 0.580796
vt 0.658202 0.584763
vt 0.453379 0.019796
vt 0.449050 0.022679
vt 0.449462 0.019121
vt 0.443990 0.045598
vt 0.443473 0.032358
vt 0.442352 0.016805
vt 0.365463 0.406906
vt 0.368820 0.393158
vt 0.360352 0.404295
vt 0.361436 0.397446
vt 0.354229 0.399673
vt 0.356648 0.394509
vt 0.353161 0.415856
vt 0.345585 0.392830
vt 0.347581 0.401749
vt 0.345356 0.412125
vt 0.348736 0.407695
vt 0.394699 0.372302
vt 0.385842 0.372743
vt 0.386378 0.364845
vt 0.386058 0.360776
vt 0.390943 0.352040
vt 0.386145 0.352506
vt 0.369539 0.374423
vt 0.378784 0.365433
vt 0.380557 0.351896
vt 0.371861 0.360396
vt 0.374013 0.351376
vt 0.373482 0.370992
vt 0.367038 0.351023
vt 0.672018 0.522487
vt 0.664702 0.504859
vt 0.670014 0.515485
vt 0.364450 0.365926
vt 0.358855 0.360366
vt 0.358321 0.353810
vt 0.360193 0.345421
vt 0.351656 0.369987
vt 0.321023 0.491101
vt 0.331242 0.498100
vt 0.324766 0.499579
vt 0.670946 0.503383
vt 0.674267 0.510307
vt 0.362511 0.390133
vt 0.353194 0.345441
vt 0.657606 0.545025
vt 0.654219 0.542238
vt 0.657606 0.537634
vt 0.321458 0.506750
vt 0.317555 0.509024
vt 0.222158 0.787149
vt 0.214038 0.791335
vt 0.218885 0.785165
vt 0.219265 0.778702
vt 0.223647 0.782950
vt 0.223393 0.771683
vt 0.225931 0.778188
vt 0.218437 0.767698
vt 0.222467 0.762725
vt 0.358268 0.387005
vt 0.212811 0.777533
vt 0.212657 0.785585
vt 0.206993 0.785748
vt 0.206790 0.792513
vt 0.207051 0.778546
vt 0.336108 0.360360
vt 0.331478 0.353642
vt 0.342983 0.345388
vt 0.325177 0.513778
vt 0.327183 0.506493
vt 0.171276 0.751118
vt 0.175768 0.755512
vt 0.168504 0.757661
vt 0.172038 0.742147
vt 0.176312 0.750698
vt 0.203052 0.798515
vt 0.203039 0.787247
vt 0.222599 0.654262
vt 0.212881 0.661455
vt 0.218681 0.659565
vt 0.176643 0.742119
vt 0.172119 0.633717
vt 0.203110 0.661635
vt 0.345461 0.265534
vt 0.349754 0.382847
vt 0.395346 0.351992
vt 0.390423 0.139527
vt 0.374620 0.144832
vt 0.343548 0.145765
vt 0.345408 0.244144
vt 0.349622 0.257244
vt 0.346379 0.255226
vt 0.395589 0.137462
vt 0.385009 0.138390
vt 0.380563 0.138111
vt 0.367836 0.139914
vt 0.358294 0.145531
vt 0.222765 0.536397
vt 0.203208 0.512540
vt 0.207407 0.519876
vt 0.176607 0.515953
vt 0.172137 0.515890
vt 0.391739 0.130814
vt 0.392269 0.123559
vt 0.382794 0.129984
vt 0.382987 0.126267
vt 0.386115 0.114048
vt 0.385125 0.119178
vt 0.370637 0.130737
vt 0.368550 0.125557
vt 0.370612 0.121776
vt 0.367157 0.118795
vt 0.357870 0.137000
vt 0.358401 0.130689
vt 0.329843 0.573481
vt 0.334321 0.562813
vt 0.334201 0.574588
vt 0.323854 0.572502
vt 0.331718 0.566150
vt 0.218897 0.534393
vt 0.223838 0.526983
vt 0.219274 0.526731
vt 0.226021 0.521158
vt 0.213170 0.527698
vt 0.219810 0.520379
vt 0.330084 0.137269
vt 0.326944 0.130917
vt 0.324535 0.125743
vt 0.358824 0.121639
vt 0.176413 0.507089
vt 0.171349 0.506500
vt 0.175853 0.502919
vt 0.168504 0.500706
vt 0.327625 0.587332
vt 0.331246 0.587132
vt 0.345031 0.102341
vt 0.349421 0.108160
vt 0.376270 0.100412
vt 0.367619 0.107520
vt 0.368182 0.098652
vt 0.365024 0.081075
vt 0.199249 0.516223
vt 0.200198 0.524113
vt 0.194304 0.520779
vt 0.194979 0.636006
vt 0.197942 0.643972
vt 0.194094 0.643972
vt 0.360743 0.094529
vt 0.360446 0.102304
vt 0.357286 0.096298
vt 0.358876 0.085711
vt 0.350113 0.081778
vt 0.314872 0.654918
vt 0.316462 0.651156
vt 0.316462 0.660126
vt 0.223671 0.516859
vt 0.194304 0.526360
vt 0.198182 0.527678
vt 0.213495 0.519683
vt 0.219520 0.515163
vt 0.214127 0.506642
vt 0.213588 0.512835
vt 0.356620 0.103561
vt 0.355846 0.108538
vt 0.207541 0.512498
vt 0.211429 0.507898
vt 0.206990 0.500706
vt 0.207169 0.505554
vt 0.353370 0.088563
vt 0.203039 0.505494
vt 0.349964 0.101106
vt 0.354334 0.101179
vt 0.350753 0.094466
vt 0.345354 0.094303
vt 0.345820 0.088174
vt 0.319842 0.488260
vt 0.746242 0.474650
vt 0.742819 0.478025
vt 0.740286 0.473679
vt 0.746812 0.468038
vt 0.739484 0.467886
vt 0.753263 0.481618
vt 0.749829 0.485029
vt 0.747231 0.480634
vt 0.753910 0.475493
vt 0.760295 0.488547
vt 0.756844 0.491985
vt 0.754252 0.487622
vt 0.761345 0.482965
vt 0.768612 0.494700
vt 0.763743 0.497754
vt 0.761246 0.494313
vt 0.767334 0.489088
vt 0.834236 0.494344
vt 0.768601 0.498345
vt 0.746026 0.045039
vt 0.742474 0.040848
vt 0.742527 0.033999
vt 0.742846 0.027500
vt 0.739260 0.024254
vt 0.743647 0.021664
vt 0.750155 0.035094
vt 0.749434 0.026993
vt 0.749581 0.020711
vt 0.745988 0.017618
vt 0.749832 0.015796
vt 0.756318 0.026726
vt 0.756163 0.019820
vt 0.755813 0.012998
vt 0.773954 0.019261
vt 0.773943 0.012503
vt 0.769979 0.006795
vt 0.758092 0.008162
vt 0.763081 0.006158
vt 0.778764 0.006262
vt 0.827462 0.487603
vt 0.836753 0.486466
vt 0.842053 0.497965
vt 0.842415 0.493275
vt 0.845452 0.497138
vt 0.846680 0.487650
vt 0.846847 0.432251
vt 0.842161 0.430146
vt 0.840725 0.157022
vt 0.846810 0.418737
vt 0.846761 0.260078
vt 0.826167 0.020925
vt 0.833978 0.157722
vt 0.846947 0.167692
vt 0.847614 0.159225
vt 0.833608 0.020499
vt 0.846079 0.014441
vt 0.840067 0.014223
vt 0.831664 0.012389
vt 0.831439 0.006085
vt 0.839819 0.006065
vt 0.845771 0.006246
vt 0.850404 0.155149
vt 0.846687 0.148750
vt 0.849693 0.006502
vt 0.665175 0.659109
vt 0.661226 0.661696
vt 0.661226 0.657314
vt 0.665207 0.584763
vt 0.661044 0.581960
vt 0.665207 0.580558
vt 0.566145 0.504806
vt 0.560208 0.502011
vt 0.564547 0.501460
vt 0.571287 0.505810
vt 0.567034 0.502152
vt 0.571865 0.501716
vt 0.450399 0.478026
vt 0.450442 0.485487
vt 0.562510 0.512357
vt 0.566482 0.511413
vt 0.556832 0.505484
vt 0.584040 0.512443
vt 0.579525 0.505731
vt 0.615726 0.505009
vt 0.570358 0.533628
vt 0.577332 0.521436
vt 0.583663 0.517693
vt 0.273264 0.988419
vt 0.278492 0.984460
vt 0.280283 0.988667
vt 0.272478 0.984631
vt 0.276895 0.975810
vt 0.582640 0.525262
vt 0.587700 0.521649
vt 0.590667 0.517181
vt 0.661772 0.571742
vt 0.665701 0.571742
vt 0.664194 0.575896
vt 0.194277 0.610266
vt 0.198014 0.609375
vt 0.198014 0.613917
vt 0.283116 0.978718
vt 0.285227 0.984744
vt 0.574621 0.537673
vt 0.577799 0.539207
vt 0.015685 0.988251
vt 0.008165 0.994264
vt 0.007628 0.988192
vt 0.014267 0.979422
vt 0.009951 0.979111
vt 0.015323 0.993914
vt 0.021800 0.988527
vt 0.020753 0.994767
vt 0.022810 0.980797
vt 0.573274 0.550246
vt 0.027482 0.994549
vt 0.019197 0.998579
vt 0.027797 0.988602
vt 0.566095 0.568130
vt 0.562279 0.604070
vt 0.558625 0.636111
vt 0.558365 0.512040
vt 0.570006 0.560564
vt 0.034346 0.994524
vt 0.031786 0.998215
vt 0.028346 0.980764
vt 0.034414 0.988620
vt 0.273593 0.900708
vt 0.277868 0.882819
vt 0.280774 0.970336
vt 0.019160 0.831258
vt 0.017902 0.979172
vt 0.010271 0.814505
vt 0.014926 0.792980
vt 0.024159 0.802960
vt 0.028963 0.799749
vt 0.034426 0.797513
vt 0.275220 0.723429
vt 0.279405 0.710292
vt 0.281800 0.848112
vt 0.006767 0.735530
vt 0.006260 0.857555
vt 0.010872 0.712180
vt 0.021043 0.711116
vt 0.015912 0.696848
vt 0.025653 0.700773
vt 0.029624 0.691517
vt 0.038851 0.801293
vt 0.033839 0.737057
vt 0.280880 0.596558
vt 0.282931 0.726050
vt 0.007570 0.597902
vt 0.022280 0.687354
vt 0.037455 0.703200
vt 0.033267 0.691171
vt 0.036086 0.686552
vt 0.029162 0.686935
vt 0.276915 0.598109
vt 0.276225 0.675934
vt 0.011545 0.607026
vt 0.022637 0.608380
vt 0.016529 0.604480
vt 0.029360 0.612261
vt 0.036107 0.611813
vt 0.274314 0.504556
vt 0.272916 0.613865
vt 0.029670 0.587579
vt 0.022889 0.514468
vt 0.029796 0.513841
vt 0.036519 0.585246
vt 0.194373 0.564705
vt 0.198001 0.561947
vt 0.197710 0.565890
vt 0.453319 0.013090
vt 0.449642 0.015751
vt 0.451017 0.012052
vt 0.326739 0.624585
vt 0.331221 0.621723
vt 0.333655 0.626270
vt 0.454317 0.003530
vt 0.450050 0.005785
vt 0.449840 0.002062
vt 0.549426 0.507229
vt 0.551755 0.503128
vt 0.553249 0.507556
vt 0.441639 0.006344
vt 0.442363 0.001421
vt 0.550515 0.515511
vt 0.553990 0.515008
vt 0.278101 0.504215
vt 0.282536 0.496227
vt 0.281818 0.504357
vt 0.275375 0.496166
vt 0.007933 0.513422
vt 0.004220 0.513800
vt 0.003902 0.605972
vt 0.011024 0.505890
vt 0.012009 0.514032
vt 0.003130 0.505670
vt 0.016828 0.514297
vt 0.016787 0.506001
vt 0.023186 0.506156
vt 0.030075 0.506207
vt 0.036694 0.514175
vt 0.619773 0.501812
vt 0.645465 0.502098
vt 0.638516 0.505711
vt 0.648900 0.502376
vt 0.645328 0.506665
vt 0.003084 0.487321
vt 0.006725 0.493892
vt 0.003447 0.496827
vt 0.002741 0.431925
vt 0.006683 0.480303
vt 0.639883 0.513411
vt 0.012727 0.497864
vt 0.006797 0.497554
vt 0.006694 0.488021
vt 0.012521 0.493910
vt 0.012512 0.487978
vt 0.006722 0.437619
vt 0.012472 0.440680
vt 0.604476 0.513896
vt 0.604808 0.510191
vt 0.266742 0.988253
vt 0.266081 0.977135
vt 0.266210 0.984634
vt 0.616830 0.510623
vt 0.615422 0.512909
vt 0.259328 0.977383
vt 0.259395 0.985093
vt 0.255905 0.987371
vt 0.244979 0.988239
vt 0.252276 0.985043
vt 0.252803 0.917081
vt 0.252526 0.976967
vt 0.626221 0.514884
vt 0.245619 0.984494
vt 0.239433 0.984417
vt 0.237801 0.988499
vt 0.240747 0.976035
vt 0.639958 0.517906
vt 0.650062 0.511673
vt 0.645816 0.522314
vt 0.021390 0.493593
vt 0.012520 0.480006
vt 0.021039 0.487822
vt 0.019366 0.479579
vt 0.233826 0.978375
vt 0.236504 0.970002
vt 0.636151 0.521738
vt 0.633242 0.517295
vt 0.231640 0.984281
vt 0.234602 0.987687
vt 0.229433 0.988043
vt 0.641076 0.525297
vt 0.029010 0.497580
vt 0.028687 0.443378
vt 0.019957 0.436896
vt 0.108840 0.993551
vt 0.109904 0.997287
vt 0.100965 0.993445
vt 0.109638 0.987656
vt 0.104017 0.985784
vt 0.105831 0.803286
vt 0.107951 0.979310
vt 0.646726 0.532178
vt 0.644738 0.534213
vt 0.650531 0.527958
vt 0.095836 0.996752
vt 0.095243 0.993323
vt 0.099712 0.984653
vt 0.094993 0.987480
vt 0.094805 0.978666
vt 0.648608 0.539379
vt 0.055036 0.497277
vt 0.051801 0.479740
vt 0.026670 0.479924
vt 0.085095 0.996663
vt 0.088829 0.993294
vt 0.088784 0.987465
vt 0.088570 0.978680
vt 0.651377 0.553989
vt 0.649711 0.550121
vt 0.051953 0.488093
vt 0.081471 0.977932
vt 0.081970 0.992230
vt 0.850207 0.423177
vt 0.255557 0.884160
vt 0.260078 0.889165
vt 0.256901 0.912032
vt 0.266629 0.916397
vt 0.272123 0.975905
vt 0.268307 0.893935
vt 0.260011 0.916622
vt 0.262707 0.905833
vt 0.264560 0.844687
vt 0.251280 0.892917
vt 0.245994 0.915695
vt 0.246222 0.976036
vt 0.013207 0.430102
vt 0.240722 0.882010
vt 0.236487 0.871370
vt 0.232596 0.970024
vt 0.101800 0.779973
vt 0.088981 0.768943
vt 0.850203 0.307161
vt 0.260909 0.816060
vt 0.250409 0.819791
vt 0.245936 0.868904
vt 0.246064 0.816332
vt 0.236249 0.795474
vt 0.232704 0.793077
vt 0.095680 0.773805
vt 0.082073 0.766609
vt 0.270943 0.727974
vt 0.267464 0.667764
vt 0.255932 0.634626
vt 0.254878 0.821525
vt 0.232545 0.645404
vt 0.101761 0.694670
vt 0.095404 0.733156
vt 0.088602 0.735533
vt 0.081704 0.741354
vt 0.262644 0.602595
vt 0.249713 0.648008
vt 0.245066 0.646967
vt 0.241133 0.647476
vt 0.236492 0.644215
vt 0.240324 0.805690
vt 0.106779 0.672727
vt 0.110891 0.654661
vt 0.096325 0.691534
vt 0.088715 0.693802
vt 0.091987 0.672829
vt 0.085553 0.689227
vt 0.081811 0.694033
vt 0.079831 0.684641
vt 0.084280 0.670514
vt 0.269211 0.594494
vt 0.232565 0.503278
vt 0.107577 0.570888
vt 0.112278 0.512523
vt 0.102680 0.584362
vt 0.098011 0.583109
vt 0.093616 0.587045
vt 0.088567 0.593920
vt 0.088456 0.668902
vt 0.083613 0.583705
vt 0.078882 0.573334
vt 0.240409 0.503488
vt 0.088669 0.538469
vt 0.269471 0.503986
vt 0.270185 0.496204
vt 0.263934 0.496228
vt 0.263618 0.503659
vt 0.257021 0.503598
vt 0.250599 0.503362
vt 0.257164 0.496195
vt 0.244986 0.504060
vt 0.250477 0.496115
vt 0.244103 0.495983
vt 0.236263 0.504037
vt 0.228862 0.495900
vt 0.108203 0.512670
vt 0.109261 0.505141
vt 0.103054 0.513420
vt 0.104191 0.505410
vt 0.099987 0.505324
vt 0.099303 0.514128
vt 0.095050 0.539679
vt 0.094239 0.514058
vt 0.094568 0.505392
vt 0.088545 0.513229
vt 0.088231 0.505335
vt 0.082869 0.513961
vt 0.078407 0.514046
vt 0.076728 0.505683
vt 0.081324 0.504980
vt 0.009032 0.426821
vt 0.005358 0.422723
vt 0.004321 0.306725
vt 0.007905 0.273101
vt 0.027678 0.026654
vt 0.065340 0.443453
vt 0.019689 0.159648
vt 0.012810 0.158429
vt 0.006574 0.158452
vt 0.002542 0.154744
vt 0.006199 0.014716
vt 0.012409 0.020236
vt 0.018773 0.019258
vt 0.001421 0.013799
vt 0.006387 0.005996
vt 0.001924 0.006120
vt 0.012867 0.005824
vt 0.047688 0.005941
vt 0.014439 0.012030
vt 0.059589 0.011969
vt 0.040751 0.994540
vt 0.034579 0.981099
vt 0.040634 0.988676
vt 0.574198 0.559823
vt 0.571030 0.573827
vt 0.046307 0.994563
vt 0.041355 0.998240
vt 0.046418 0.989407
vt 0.044964 0.982044
vt 0.040810 0.980832
vt 0.048860 0.980514
vt 0.580164 0.570012
vt 0.576484 0.574191
vt 0.576099 0.567036
vt 0.054414 0.994418
vt 0.051504 0.997722
vt 0.055300 0.988295
vt 0.053226 0.980784
vt 0.857684 0.498154
vt 0.855381 0.494832
vt 0.862464 0.495060
vt 0.056932 0.980256
vt 0.582455 0.575058
vt 0.577362 0.582881
vt 0.587064 0.577699
vt 0.583265 0.581441
vt 0.863381 0.489070
vt 0.857623 0.488779
vt 0.863657 0.479582
vt 0.859898 0.480824
vt 0.870729 0.498603
vt 0.867662 0.494994
vt 0.868319 0.486982
vt 0.590050 0.582176
vt 0.586520 0.587857
vt 0.600606 0.585760
vt 0.570957 0.609931
vt 0.597396 0.589031
vt 0.603661 0.597841
vt 0.056220 0.827458
vt 0.861019 0.328017
vt 0.868580 0.426542
vt 0.048790 0.814968
vt 0.043364 0.806101
vt 0.052838 0.847478
vt 0.864547 0.326728
vt 0.052534 0.797802
vt 0.043075 0.741817
vt 0.038339 0.740978
vt 0.048084 0.718047
vt 0.042789 0.690520
vt 0.055071 0.595185
vt 0.051398 0.598813
vt 0.866852 0.091441
vt 0.868620 0.349803
vt 0.042453 0.607828
vt 0.047130 0.513608
vt 0.043059 0.514886
vt 0.862765 0.095730
vt 0.863097 0.014900
vt 0.037081 0.506073
vt 0.049551 0.505882
vt 0.044085 0.505665
vt 0.050630 0.513551
vt 0.054469 0.514370
vt 0.055384 0.505738
vt 0.866631 0.006618
vt 0.862170 0.006259
vt 0.075516 0.993341
vt 0.074994 0.996772
vt 0.075729 0.987498
vt 0.075106 0.977537
vt 0.068702 0.992826
vt 0.067689 0.997142
vt 0.069083 0.987446
vt 0.070083 0.978037
vt 0.065892 0.978511
vt 0.650259 0.573682
vt 0.648691 0.560220
vt 0.073932 0.487983
vt 0.061122 0.993683
vt 0.064635 0.996767
vt 0.059774 0.997500
vt 0.908828 0.486605
vt 0.909479 0.494902
vt 0.905158 0.486684
vt 0.062074 0.985414
vt 0.646002 0.574546
vt 0.643153 0.570565
vt 0.646760 0.567523
vt 0.876342 0.494992
vt 0.875800 0.489467
vt 0.872889 0.481206
vt 0.895904 0.486507
vt 0.894134 0.494694
vt 0.890995 0.486379
vt 0.890200 0.429039
vt 0.901724 0.495014
vt 0.902438 0.498869
vt 0.319304 0.660022
vt 0.323142 0.661267
vt 0.319304 0.664594
vt 0.900876 0.485861
vt 0.895499 0.419409
vt 0.639852 0.581701
vt 0.636343 0.577999
vt 0.640763 0.575426
vt 0.645694 0.581940
vt 0.881489 0.498982
vt 0.882111 0.495147
vt 0.881961 0.486071
vt 0.890105 0.499462
vt 0.888489 0.495326
vt 0.886785 0.486311
vt 0.623218 0.586024
vt 0.620270 0.590223
vt 0.618472 0.586396
vt 0.632203 0.583035
vt 0.638649 0.586980
vt 0.604403 0.588970
vt 0.611643 0.590189
vt 0.615901 0.596243
vt 0.638125 0.594836
vt 0.065623 0.493915
vt 0.152353 0.497712
vt 0.074736 0.497665
vt 0.649967 0.651297
vt 0.645366 0.643640
vt 0.162100 0.493873
vt 0.904675 0.375289
vt 0.062215 0.822629
vt 0.874117 0.420048
vt 0.878840 0.430708
vt 0.881343 0.418651
vt 0.888410 0.418422
vt 0.900072 0.392699
vt 0.877460 0.481033
vt 0.883248 0.422973
vt 0.885502 0.422842
vt 0.075632 0.749168
vt 0.065945 0.827120
vt 0.070325 0.754421
vt 0.874776 0.379784
vt 0.881448 0.378341
vt 0.881293 0.352682
vt 0.874491 0.351520
vt 0.888366 0.367994
vt 0.894229 0.365555
vt 0.887974 0.259696
vt 0.899429 0.253680
vt 0.908478 0.323831
vt 0.903889 0.227657
vt 0.881151 0.096544
vt 0.074461 0.693399
vt 0.065725 0.647031
vt 0.069699 0.691956
vt 0.911434 0.148221
vt 0.907818 0.182581
vt 0.887800 0.111137
vt 0.893842 0.161498
vt 0.069826 0.582029
vt 0.903229 0.014305
vt 0.907617 0.014416
vt 0.874855 0.092340
vt 0.898454 0.014687
vt 0.074282 0.579004
vt 0.887364 0.014816
vt 0.893652 0.014788
vt 0.074204 0.512805
vt 0.069600 0.513318
vt 0.065608 0.513134
vt 0.062164 0.505523
vt 0.068896 0.505122
vt 0.870482 0.092158
vt 0.866991 0.014972
vt 0.871275 0.013822
vt 0.874663 0.006613
vt 0.899104 0.006907
vt 0.908342 0.006759
vt 0.875641 0.014525
vt 0.880972 0.014282
vt 0.880737 0.006590
vt 0.887154 0.006588
vt 0.893405 0.006553
vt 0.208005 0.019409
vt 0.206174 0.011875
vt 0.170589 0.005915
vt 0.062956 0.006047
vt 0.765480 0.002329
vt 0.772813 0.001421
vt 0.836859 0.001549
vt 0.845400 0.002144
vt 0.848894 0.002742
vt 0.544537 0.503092
vt 0.545492 0.507382
vt 0.539934 0.507157
vt 0.532529 0.507292
vt 0.537290 0.502034
vt 0.519229 0.506910
vt 0.545540 0.515076
vt 0.540034 0.513607
vt 0.533286 0.513562
vt 0.526306 0.513472
vt 0.519096 0.513271
vt 0.533337 0.520476
vt 0.539454 0.521674
vt 0.526777 0.519951
vt 0.521816 0.517673
vt 0.516505 0.516125
vt 0.006285 0.501839
vt 0.001421 0.500706
vt 0.529063 0.524855
vt 0.533527 0.527632
vt 0.546187 0.545379
vt 0.016232 0.501277
vt 0.009108 0.500738
vt 0.023109 0.501558
vt 0.536504 0.541654
vt 0.541222 0.549937
vt 0.505079 0.506016
vt 0.473171 0.501460
vt 0.479642 0.506708
vt 0.470473 0.506877
vt 0.464520 0.502632
vt 0.464487 0.507148
vt 0.271019 0.491500
vt 0.512001 0.511322
vt 0.260726 0.491600
vt 0.501609 0.510023
vt 0.491156 0.510855
vt 0.250233 0.491517
vt 0.483734 0.512672
vt 0.476881 0.512995
vt 0.470350 0.513224
vt 0.464419 0.513375
vt 0.235744 0.496157
vt 0.239210 0.492430
vt 0.480454 0.516720
vt 0.475708 0.518940
vt 0.469900 0.519774
vt 0.464287 0.520177
vt 0.319207 0.637396
vt 0.322514 0.640444
vt 0.315631 0.641408
vt 0.473053 0.523312
vt 0.469012 0.526118
vt 0.463987 0.527089
vt 0.105385 0.501800
vt 0.102347 0.501334
vt 0.466828 0.531368
vt 0.463416 0.534369
vt 0.092765 0.501863
vt 0.080080 0.501387
vt 0.003234 0.002347
vt 0.014688 0.001681
vt 0.460899 0.504188
vt 0.460180 0.515612
vt 0.027590 0.002186
vt 0.459929 0.528524
vt 0.046486 0.002668
vt 0.461407 0.543952
vt 0.459063 0.547426
vt 0.462308 0.556618
vt 0.046621 0.500873
vt 0.034371 0.501578
vt 0.536698 0.552908
vt 0.534304 0.565122
vt 0.545826 0.573543
vt 0.539809 0.570633
vt 0.048448 0.503318
vt 0.526399 0.575438
vt 0.530383 0.567044
vt 0.056932 0.501158
vt 0.865842 0.002034
vt 0.859357 0.001635
vt 0.529545 0.585843
vt 0.539899 0.583102
vt 0.519637 0.579296
vt 0.531622 0.579107
vt 0.519212 0.584100
vt 0.513477 0.590586
vt 0.545466 0.653135
vt 0.067877 0.500873
vt 0.658125 0.652082
vt 0.654219 0.654472
vt 0.654219 0.649504
vt 0.870125 0.002893
vt 0.063949 0.501485
vt 0.059774 0.500706
vt 0.469988 0.576561
vt 0.473552 0.572806
vt 0.476712 0.576969
vt 0.464341 0.573420
vt 0.468899 0.568833
vt 0.515230 0.580619
vt 0.512279 0.584147
vt 0.883217 0.001727
vt 0.872890 0.001491
vt 0.893829 0.001714
vt 0.900980 0.001421
vt 0.908854 0.001999
vt 0.477031 0.583431
vt 0.484184 0.583592
vt 0.470258 0.583301
vt 0.464192 0.583974
vt 0.501807 0.585981
vt 0.503630 0.591161
vt 0.482988 0.590289
vt 0.470316 0.591007
vt 0.521997 0.597694
vt 0.478835 0.597249
vt 0.478076 0.631348
vt 0.459832 0.571358
vt 0.150755 0.001618
vt 0.070462 0.001792
vt 0.463927 0.644791
vt 0.459437 0.651599
vt 0.340287 0.401926
vt 0.335090 0.407983
vt 0.340701 0.392572
vt 0.328158 0.412963
vt 0.333087 0.401298
vt 0.335400 0.395237
vt 0.330884 0.394415
vt 0.325548 0.405249
vt 0.318835 0.398562
vt 0.324877 0.393036
vt 0.324825 0.398254
vt 0.316915 0.404751
vt 0.311164 0.386325
vt 0.318219 0.390633
vt 0.256727 0.424614
vt 0.300591 0.378988
vt 0.264482 0.411438
vt 0.320065 0.366133
vt 0.182066 0.750698
vt 0.181877 0.742690
vt 0.340419 0.255270
vt 0.317856 0.530158
vt 0.321253 0.520485
vt 0.321905 0.527737
vt 0.325249 0.520581
vt 0.187309 0.751098
vt 0.182571 0.755487
vt 0.186628 0.742064
vt 0.293061 0.766397
vt 0.290034 0.770271
vt 0.288068 0.766283
vt 0.290464 0.759931
vt 0.293940 0.760060
vt 0.190020 0.743380
vt 0.308301 0.780867
vt 0.308490 0.787139
vt 0.304350 0.780357
vt 0.308041 0.772437
vt 0.303736 0.769293
vt 0.307813 0.695489
vt 0.303130 0.693307
vt 0.332567 0.388177
vt 0.336517 0.386939
vt 0.333130 0.379762
vt 0.336221 0.267885
vt 0.311474 0.660564
vt 0.320453 0.360716
vt 0.325646 0.534770
vt 0.329525 0.531013
vt 0.329331 0.535195
vt 0.327326 0.527936
vt 0.332198 0.531142
vt 0.296359 0.767043
vt 0.292690 0.770643
vt 0.297225 0.758726
vt 0.294266 0.752377
vt 0.325274 0.388016
vt 0.299530 0.774106
vt 0.296647 0.778436
vt 0.294489 0.773471
vt 0.300427 0.780709
vt 0.299815 0.767225
vt 0.300024 0.760691
vt 0.297208 0.686591
vt 0.314377 0.370417
vt 0.330519 0.369931
vt 0.319515 0.375688
vt 0.323574 0.541090
vt 0.332119 0.542424
vt 0.334253 0.534369
vt 0.319304 0.657180
vt 0.319304 0.651156
vt 0.323314 0.651240
vt 0.312128 0.352066
vt 0.311953 0.360479
vt 0.334321 0.549301
vt 0.318060 0.383318
vt 0.302166 0.365310
vt 0.301382 0.361659
vt 0.327076 0.559971
vt 0.300093 0.353368
vt 0.294984 0.360193
vt 0.297966 0.367401
vt 0.290208 0.378957
vt 0.286943 0.368540
vt 0.302443 0.370734
vt 0.291428 0.372591
vt 0.291211 0.352362
vt 0.186484 0.676322
vt 0.181843 0.675220
vt 0.190103 0.684711
vt 0.294489 0.693708
vt 0.291601 0.685158
vt 0.295916 0.683553
vt 0.301446 0.673706
vt 0.295768 0.672999
vt 0.307262 0.682056
vt 0.301165 0.683576
vt 0.656077 0.560584
vt 0.654219 0.567878
vt 0.654219 0.557674
vt 0.299126 0.686682
vt 0.332979 0.345571
vt 0.331870 0.145497
vt 0.291862 0.524073
vt 0.326097 0.345536
vt 0.324917 0.145352
vt 0.300299 0.142275
vt 0.306161 0.345145
vt 0.289917 0.137019
vt 0.295608 0.344793
vt 0.181831 0.516090
vt 0.186263 0.515256
vt 0.307259 0.508734
vt 0.311450 0.503419
vt 0.335652 0.110725
vt 0.319294 0.351368
vt 0.317501 0.139326
vt 0.311029 0.145442
vt 0.304457 0.137058
vt 0.296045 0.138115
vt 0.322458 0.121828
vt 0.182074 0.507092
vt 0.182657 0.502926
vt 0.327620 0.594133
vt 0.339917 0.103384
vt 0.334321 0.610935
vt 0.330581 0.601222
vt 0.187106 0.506511
vt 0.325397 0.601389
vt 0.295733 0.522524
vt 0.290825 0.515318
vt 0.295385 0.515125
vt 0.288649 0.509549
vt 0.294872 0.508839
vt 0.301399 0.516023
vt 0.301205 0.508167
vt 0.327587 0.608656
vt 0.307569 0.126163
vt 0.306932 0.129755
vt 0.308158 0.120477
vt 0.294612 0.111781
vt 0.301499 0.130109
vt 0.303760 0.124134
vt 0.291847 0.127888
vt 0.292612 0.118108
vt 0.339522 0.094326
vt 0.338999 0.088198
vt 0.332859 0.082785
vt 0.291017 0.505363
vt 0.295203 0.503741
vt 0.300448 0.501306
vt 0.307170 0.501009
vt 0.307578 0.494128
vt 0.334988 0.101207
vt 0.331823 0.108315
vt 0.330590 0.101405
vt 0.328070 0.098342
vt 0.334144 0.094545
vt 0.331412 0.088887
vt 0.330751 0.075519
vt 0.322990 0.604526
vt 0.323629 0.608780
vt 0.318860 0.604532
vt 0.319193 0.608573
vt 0.315136 0.606419
vt 0.667005 0.599804
vt 0.667005 0.595649
vt 0.670199 0.596537
vt 0.298995 0.498743
vt 0.301397 0.494660
vt 0.328699 0.108668
vt 0.324467 0.101927
vt 0.324110 0.096039
vt 0.320053 0.094480
vt 0.323895 0.085707
vt 0.324215 0.111562
vt 0.318091 0.117826
vt 0.317115 0.107977
vt 0.322485 0.104585
vt 0.317104 0.100809
vt 0.307298 0.100622
vt 0.284083 0.106637
vt 0.249260 0.002617
vt 0.194115 0.616759
vt 0.194115 0.627958
vt 0.193156 0.621397
vt 0.263411 0.400220
vt 0.256769 0.400455
vt 0.258176 0.394054
vt 0.263638 0.393575
vt 0.251890 0.400369
vt 0.251818 0.394995
vt 0.256722 0.406120
vt 0.250154 0.407056
vt 0.255572 0.413654
vt 0.245907 0.401707
vt 0.245428 0.407254
vt 0.249779 0.414286
vt 0.244520 0.414607
vt 0.627699 0.397369
vt 0.631253 0.405255
vt 0.621816 0.411499
vt 0.286125 0.358922
vt 0.283930 0.379912
vt 0.286069 0.372787
vt 0.281025 0.358967
vt 0.280479 0.367479
vt 0.276699 0.386398
vt 0.274736 0.393741
vt 0.273633 0.375821
vt 0.277711 0.379449
vt 0.273121 0.365927
vt 0.270681 0.386578
vt 0.272678 0.379557
vt 0.268791 0.365893
vt 0.265697 0.375165
vt 0.264975 0.387150
vt 0.265396 0.381153
vt 0.265234 0.366722
vt 0.270001 0.392860
vt 0.259220 0.382438
vt 0.258380 0.388117
vt 0.258252 0.373772
vt 0.642120 0.385318
vt 0.647688 0.391639
vt 0.641195 0.393262
vt 0.649193 0.377278
vt 0.649561 0.385951
vt 0.632002 0.394676
vt 0.639653 0.398525
vt 0.632421 0.400564
vt 0.636215 0.384174
vt 0.645524 0.113942
vt 0.641227 0.112178
vt 0.280478 0.131462
vt 0.266281 0.123757
vt 0.637143 0.106175
vt 0.633079 0.104844
vt 0.628598 0.098759
vt 0.284999 0.130930
vt 0.276074 0.130009
vt 0.277326 0.351410
vt 0.271850 0.123791
vt 0.260043 0.117182
vt 0.261334 0.366066
vt 0.649196 0.119540
vt 0.653063 0.120672
vt 0.286587 0.122236
vt 0.279734 0.123764
vt 0.285882 0.118697
vt 0.277049 0.116849
vt 0.272433 0.116782
vt 0.267122 0.116413
vt 0.283199 0.111842
vt 0.277279 0.101786
vt 0.277992 0.111189
vt 0.272509 0.111875
vt 0.269970 0.104972
vt 0.268986 0.098112
vt 0.264992 0.109744
vt 0.264002 0.103652
vt 0.259704 0.109240
vt 0.262864 0.097883
vt 0.262542 0.090866
vt 0.251375 0.060772
vt 0.257832 0.102632
vt 0.256955 0.096527
vt 0.252949 0.110454
vt 0.256261 0.116052
vt 0.252695 0.102005
vt 0.255883 0.090832
vt 0.255879 0.084365
vt 0.251048 0.095545
vt 0.250227 0.089528
vt 0.644345 0.105502
vt 0.641333 0.099054
vt 0.245908 0.094324
vt 0.249129 0.083833
vt 0.249072 0.078059
vt 0.244830 0.088480
vt 0.244601 0.082849
vt 0.635714 0.097832
vt 0.633331 0.092000
vt 0.625039 0.090162
vt 0.630629 0.086393
vt 0.242853 0.075543
vt 0.251004 0.487508
vt 0.249862 0.442935
vt 0.242330 0.470866
vt 0.241845 0.458591
vt 0.236369 0.459251
vt 0.236109 0.452597
vt 0.242444 0.446179
vt 0.236413 0.466372
vt 0.236436 0.473354
vt 0.247984 0.428655
vt 0.249154 0.418248
vt 0.243132 0.421039
vt 0.242629 0.438957
vt 0.242514 0.432114
vt 0.238719 0.414998
vt 0.238605 0.421219
vt 0.616829 0.418611
vt 0.617955 0.405277
vt 0.243070 0.428222
vt 0.238768 0.427388
vt 0.613252 0.410734
vt 0.608642 0.424177
vt 0.237310 0.435236
vt 0.237109 0.429767
vt 0.610317 0.431064
vt 0.605751 0.433470
vt 0.607556 0.410922
vt 0.600718 0.421847
vt 0.236899 0.442343
vt 0.594303 0.436631
vt 0.236125 0.448893
vt 0.594506 0.440837
vt 0.601990 0.438978
vt 0.623807 0.097607
vt 0.622527 0.397764
vt 0.603669 0.076408
vt 0.608293 0.083274
vt 0.619507 0.091376
vt 0.614027 0.085006
vt 0.249301 0.070983
vt 0.624233 0.084276
vt 0.624394 0.079130
vt 0.241990 0.069656
vt 0.242214 0.064416
vt 0.241226 0.058882
vt 0.619854 0.083934
vt 0.236856 0.080368
vt 0.237576 0.074273
vt 0.237555 0.068689
vt 0.619255 0.077853
vt 0.610468 0.075730
vt 0.616247 0.072298
vt 0.236504 0.061057
vt 0.604365 0.067853
vt 0.609426 0.064721
vt 0.241463 0.050435
vt 0.234873 0.053787
vt 0.603766 0.063098
vt 0.602755 0.057499
vt 0.234805 0.048456
vt 0.235220 0.043767
vt 0.242034 0.033721
vt 0.235265 0.037035
vt 0.234562 0.030624
vt 0.235168 0.023970
vt 0.234207 0.019732
vt 0.241615 0.015640
vt 0.232738 0.454996
vt 0.232210 0.448979
vt 0.586541 0.456478
vt 0.585768 0.452825
vt 0.590106 0.452739
vt 0.580422 0.463194
vt 0.574722 0.465959
vt 0.576984 0.461222
vt 0.577332 0.454589
vt 0.581680 0.458888
vt 0.573317 0.470385
vt 0.567723 0.472975
vt 0.569984 0.468245
vt 0.568968 0.461360
vt 0.571350 0.452633
vt 0.589197 0.447134
vt 0.589833 0.440732
vt 0.591114 0.431822
vt 0.586427 0.437365
vt 0.583929 0.447582
vt 0.578110 0.446178
vt 0.595060 0.423628
vt 0.598688 0.075572
vt 0.592671 0.063209
vt 0.579172 0.056162
vt 0.585977 0.062138
vt 0.599772 0.069508
vt 0.599436 0.062739
vt 0.229688 0.059050
vt 0.230542 0.052987
vt 0.230771 0.047376
vt 0.598430 0.056695
vt 0.593401 0.055897
vt 0.594870 0.051122
vt 0.231138 0.041800
vt 0.587048 0.055494
vt 0.586750 0.048948
vt 0.590362 0.045593
vt 0.654219 0.613908
vt 0.658197 0.617453
vt 0.654219 0.619358
vt 0.231009 0.034722
vt 0.230011 0.039142
vt 0.580128 0.048460
vt 0.585915 0.042967
vt 0.579791 0.041912
vt 0.583386 0.038582
vt 0.194094 0.657055
vt 0.197889 0.659754
vt 0.194094 0.662003
vt 0.230955 0.027651
vt 0.229887 0.032052
vt 0.572318 0.049510
vt 0.573172 0.041410
vt 0.578937 0.035944
vt 0.572839 0.034886
vt 0.576411 0.031580
vt 0.654219 0.632278
vt 0.657812 0.635560
vt 0.654219 0.638014
vt 0.230480 0.021334
vt 0.229844 0.025048
vt 0.566017 0.606429
vt 0.562834 0.638661
vt 0.591464 0.626868
vt 0.566344 0.655794
vt 0.569655 0.636852
vt 0.583501 0.640182
vt 0.576601 0.646608
vt 0.606984 0.629029
vt 0.570582 0.660175
vt 0.583029 0.643715
vt 0.385556 0.988406
vt 0.390193 0.984629
vt 0.391709 0.988747
vt 0.383922 0.984772
vt 0.388251 0.975982
vt 0.581933 0.651326
vt 0.586867 0.647558
vt 0.589897 0.643065
vt 0.584306 0.652648
vt 0.917311 0.495003
vt 0.918792 0.498517
vt 0.914276 0.499157
vt 0.926453 0.488746
vt 0.923893 0.495448
vt 0.921132 0.485728
vt 0.924938 0.480305
vt 0.574288 0.664025
vt 0.577218 0.665525
vt 0.929150 0.479633
vt 0.931183 0.495173
vt 0.937560 0.489540
vt 0.936828 0.495905
vt 0.933223 0.485422
vt 0.937822 0.480648
vt 0.391951 0.975325
vt 0.388203 0.834615
vt 0.924395 0.350879
vt 0.933925 0.321452
vt 0.928405 0.328611
vt 0.384389 0.851066
vt 0.383616 0.893106
vt 0.921143 0.330902
vt 0.920799 0.369739
vt 0.392060 0.820466
vt 0.391666 0.859318
vt 0.928695 0.265517
vt 0.924244 0.240552
vt 0.928529 0.207046
vt 0.933670 0.266510
vt 0.387453 0.504235
vt 0.383423 0.503751
vt 0.927984 0.015251
vt 0.933470 0.143528
vt 0.391280 0.505085
vt 0.924058 0.014661
vt 0.920137 0.015569
vt 0.553990 0.708025
vt 0.549937 0.659243
vt 0.392157 0.496210
vt 0.926741 0.006969
vt 0.919190 0.006716
vt 0.932259 0.006948
vt 0.640116 0.639359
vt 0.174278 0.471369
vt 0.174786 0.481103
vt 0.074961 0.479729
vt 0.621845 0.629460
vt 0.610611 0.635935
vt 0.365579 0.984665
vt 0.371542 0.988696
vt 0.363771 0.988758
vt 0.370107 0.977450
vt 0.371683 0.985084
vt 0.625474 0.636426
vt 0.596203 0.641146
vt 0.377929 0.977954
vt 0.377236 0.984463
vt 0.383557 0.952022
vt 0.383525 0.977073
vt 0.373715 0.977271
vt 0.377585 0.951102
vt 0.367450 0.954907
vt 0.361726 0.977960
vt 0.363583 0.949839
vt 0.621245 0.639860
vt 0.618345 0.636720
vt 0.356263 0.984653
vt 0.360669 0.987942
vt 0.349048 0.988607
vt 0.356671 0.977204
vt 0.357298 0.950694
vt 0.632649 0.643212
vt 0.351566 0.976144
vt 0.350137 0.984689
vt 0.639520 0.643904
vt 0.347171 0.976696
vt 0.635930 0.647572
vt 0.342430 0.984537
vt 0.345480 0.987886
vt 0.340423 0.988255
vt 0.343481 0.976369
vt 0.640748 0.651084
vt 0.645686 0.651090
vt 0.164717 0.993485
vt 0.165662 0.997179
vt 0.156872 0.993407
vt 0.164191 0.985331
vt 0.160206 0.985640
vt 0.158669 0.997036
vt 0.646390 0.658089
vt 0.149541 0.996627
vt 0.150829 0.993247
vt 0.156118 0.984608
vt 0.150951 0.983863
vt 0.648666 0.667221
vt 0.177067 0.497318
vt 0.377681 0.891248
vt 0.371123 0.889728
vt 0.371142 0.950058
vt 0.364241 0.887912
vt 0.352700 0.826670
vt 0.357781 0.873253
vt 0.347748 0.865476
vt 0.160577 0.863963
vt 0.378295 0.857376
vt 0.371538 0.859219
vt 0.364697 0.856652
vt 0.358683 0.748306
vt 0.348598 0.765834
vt 0.344674 0.751129
vt 0.156710 0.716682
vt 0.151060 0.837935
vt 0.161112 0.690971
vt 0.164734 0.760106
vt 0.151141 0.736743
vt 0.372421 0.693671
vt 0.378856 0.669350
vt 0.365639 0.685482
vt 0.349570 0.650437
vt 0.152094 0.694070
vt 0.152557 0.662190
vt 0.157449 0.665689
vt 0.359926 0.504297
vt 0.161724 0.513285
vt 0.152726 0.583409
vt 0.373251 0.504463
vt 0.366474 0.504009
vt 0.350282 0.503569
vt 0.355015 0.504306
vt 0.346178 0.504352
vt 0.157737 0.575574
vt 0.153364 0.519454
vt 0.148508 0.584737
vt 0.374023 0.496200
vt 0.380001 0.504825
vt 0.367143 0.496272
vt 0.360530 0.496233
vt 0.385439 0.496346
vt 0.380883 0.495912
vt 0.354377 0.496173
vt 0.338864 0.496076
vt 0.342277 0.504307
vt 0.158032 0.513069
vt 0.159164 0.505035
vt 0.150754 0.511720
vt 0.154224 0.505306
vt 0.149113 0.519533
vt 0.573044 0.676731
vt 0.943381 0.495435
vt 0.935362 0.499498
vt 0.943538 0.489487
vt 0.557678 0.704935
vt 0.562423 0.712016
vt 0.570568 0.689117
vt 0.950353 0.495331
vt 0.948076 0.498916
vt 0.950027 0.489405
vt 0.943396 0.480444
vt 0.961759 0.499178
vt 0.955980 0.489299
vt 0.955259 0.480157
vt 0.949497 0.479634
vt 0.964920 0.495716
vt 0.963304 0.489669
vt 0.959426 0.478880
vt 0.578003 0.690888
vt 0.574942 0.690428
vt 0.577179 0.686096
vt 0.972210 0.498609
vt 0.962188 0.497320
vt 0.957398 0.495464
vt 0.964099 0.479898
vt 0.567302 0.712557
vt 0.571312 0.701481
vt 0.582076 0.700939
vt 0.579000 0.707083
vt 0.969842 0.494917
vt 0.970368 0.489269
vt 0.399937 0.987780
vt 0.397684 0.984599
vt 0.404684 0.984794
vt 0.968416 0.479879
vt 0.971753 0.479297
vt 0.586649 0.703719
vt 0.582857 0.707529
vt 0.405944 0.978728
vt 0.399870 0.979011
vt 0.402153 0.969130
vt 0.410601 0.988160
vt 0.410491 0.984604
vt 0.410899 0.978716
vt 0.406092 0.969726
vt 0.410645 0.968978
vt 0.242612 0.486296
vt 0.572786 0.719198
vt 0.579043 0.713115
vt 0.589613 0.708209
vt 0.597752 0.710939
vt 0.593947 0.714518
vt 0.236452 0.480304
vt 0.236413 0.486782
vt 0.556832 0.713312
vt 0.563610 0.719674
vt 0.558875 0.719520
vt 0.578401 0.719651
vt 0.938163 0.322907
vt 0.962929 0.371905
vt 0.942601 0.320673
vt 0.952135 0.282320
vt 0.947958 0.281114
vt 0.405418 0.907828
vt 0.401175 0.824494
vt 0.409776 0.914930
vt 0.404208 0.771205
vt 0.955898 0.242645
vt 0.966586 0.306291
vt 0.960977 0.238157
vt 0.938373 0.268658
vt 0.939580 0.225128
vt 0.943004 0.262266
vt 0.933840 0.215156
vt 0.950077 0.227917
vt 0.944524 0.220030
vt 0.399977 0.674158
vt 0.947543 0.215504
vt 0.940601 0.215440
vt 0.940167 0.161049
vt 0.954321 0.215810
vt 0.946953 0.162088
vt 0.953717 0.163072
vt 0.959653 0.145790
vt 0.964575 0.164769
vt 0.968816 0.184353
vt 0.408148 0.752020
vt 0.402945 0.641481
vt 0.946680 0.136249
vt 0.939632 0.131441
vt 0.953314 0.134750
vt 0.971731 0.151513
vt 0.966835 0.014245
vt 0.932681 0.015375
vt 0.945771 0.014538
vt 0.952489 0.015336
vt 0.958797 0.015586
vt 0.962841 0.013799
vt 0.405794 0.504561
vt 0.401831 0.504624
vt 0.938770 0.014481
vt 0.938558 0.007004
vt 0.945422 0.006970
vt 0.549646 0.714955
vt 0.952419 0.006796
vt 0.959464 0.006370
vt 0.970879 0.006223
vt 0.964609 0.005179
vt 0.404908 0.496485
vt 0.400541 0.496171
vt 0.240787 0.002894
vt 0.315560 0.618579
vt 0.321827 0.623954
vt 0.315410 0.626901
vt 0.234587 0.006850
vt 0.234093 0.013607
vt 0.234487 0.001421
vt 0.144494 0.992340
vt 0.144695 0.979474
vt 0.132602 0.996580
vt 0.137467 0.993188
vt 0.137791 0.984109
vt 0.130946 0.993206
vt 0.131327 0.983472
vt 0.649923 0.697791
vt 0.648648 0.684160
vt 0.650942 0.676017
vt 0.206525 0.487749
vt 0.170530 0.487992
vt 0.124163 0.992696
vt 0.123089 0.996949
vt 0.122005 0.984821
vt 0.126055 0.984197
vt 0.206848 0.481745
vt 0.209463 0.473265
vt 0.116502 0.993488
vt 0.120044 0.996542
vt 0.115120 0.997033
vt 0.450920 0.975732
vt 0.451350 0.984273
vt 0.447111 0.975653
vt 0.117981 0.984983
vt 0.645467 0.700688
vt 0.642584 0.696702
vt 0.646208 0.693668
vt 0.213510 0.493896
vt 0.198847 0.497512
vt 0.191607 0.493830
vt 0.416980 0.984824
vt 0.417206 0.977793
vt 0.416239 0.963104
vt 0.423799 0.983887
vt 0.423692 0.977388
vt 0.425637 0.961158
vt 0.430686 0.977514
vt 0.431123 0.962689
vt 0.437576 0.984409
vt 0.437871 0.987995
vt 0.430668 0.984704
vt 0.437112 0.977574
vt 0.437335 0.962243
vt 0.443546 0.984360
vt 0.452789 0.987862
vt 0.445518 0.988359
vt 0.442878 0.975563
vt 0.645109 0.707503
vt 0.639459 0.701621
vt 0.649461 0.713370
vt 0.419147 0.987241
vt 0.609583 0.715785
vt 0.606413 0.712351
vt 0.613720 0.712542
vt 0.625064 0.710856
vt 0.426427 0.986998
vt 0.427765 0.907139
vt 0.423338 0.915385
vt 0.427895 0.960904
vt 0.637520 0.713546
vt 0.632574 0.708460
vt 0.639238 0.707808
vt 0.644329 0.719205
vt 0.214977 0.487118
vt 0.214843 0.474666
vt 0.611001 0.720386
vt 0.648960 0.720006
vt 0.221142 0.493954
vt 0.214428 0.497864
vt 0.221151 0.488091
vt 0.220644 0.474880
vt 0.130924 0.782944
vt 0.124827 0.784679
vt 0.446808 0.825138
vt 0.450638 0.787111
vt 0.116988 0.796292
vt 0.419549 0.911200
vt 0.415218 0.915098
vt 0.432378 0.894066
vt 0.437403 0.892561
vt 0.442420 0.894833
vt 0.421295 0.954262
vt 0.144527 0.792725
vt 0.137621 0.788529
vt 0.120499 0.795963
vt 0.437109 0.817959
vt 0.442506 0.809772
vt 0.417905 0.812441
vt 0.412512 0.754633
vt 0.422914 0.823315
vt 0.427908 0.823630
vt 0.446660 0.774271
vt 0.144544 0.735600
vt 0.146569 0.716373
vt 0.141167 0.730744
vt 0.137672 0.735309
vt 0.130911 0.734010
vt 0.124884 0.734206
vt 0.432578 0.816385
vt 0.433128 0.599988
vt 0.147878 0.662495
vt 0.142761 0.686028
vt 0.138082 0.691919
vt 0.138645 0.647319
vt 0.135716 0.724912
vt 0.130303 0.693298
vt 0.124628 0.692842
vt 0.119972 0.691899
vt 0.406869 0.638847
vt 0.437231 0.620561
vt 0.441427 0.611926
vt 0.446069 0.607636
vt 0.450014 0.592353
vt 0.420500 0.591715
vt 0.415436 0.611432
vt 0.426856 0.592471
vt 0.144127 0.576226
vt 0.134158 0.663362
vt 0.128658 0.589842
vt 0.132890 0.576990
vt 0.124076 0.581560
vt 0.119536 0.580888
vt 0.138397 0.572649
vt 0.127768 0.513715
vt 0.409800 0.503524
vt 0.445911 0.504328
vt 0.414017 0.504199
vt 0.144439 0.514005
vt 0.144626 0.505248
vt 0.138473 0.514169
vt 0.138393 0.505254
vt 0.132009 0.521189
vt 0.132444 0.511230
vt 0.132200 0.505213
vt 0.124090 0.512960
vt 0.126529 0.505299
vt 0.115624 0.601456
vt 0.115120 0.513510
vt 0.118931 0.513356
vt 0.117353 0.505349
vt 0.412667 0.496336
vt 0.438227 0.496516
vt 0.446462 0.496127
vt 0.453021 0.496252
vt 0.419061 0.496335
vt 0.425629 0.496285
vt 0.419412 0.503909
vt 0.425895 0.504424
vt 0.432031 0.504263
vt 0.432062 0.496205
vt 0.437171 0.504324
vt 0.218794 0.470091
vt 0.222586 0.463411
vt 0.214571 0.464742
vt 0.199774 0.164306
vt 0.221065 0.152686
vt 0.223697 0.320013
vt 0.215147 0.137820
vt 0.208154 0.138928
vt 0.215465 0.020647
vt 0.221467 0.014691
vt 0.214260 0.005792
vt 0.215403 0.011908
vt 0.566306 0.477436
vt 0.560728 0.479986
vt 0.562978 0.475245
vt 0.562010 0.468294
vt 0.559333 0.484455
vt 0.553729 0.487003
vt 0.555976 0.482249
vt 0.556291 0.475567
vt 0.552790 0.490996
vt 0.545726 0.493868
vt 0.548913 0.489239
vt 0.549262 0.482549
vt 0.550459 0.474322
vt 0.561656 0.456745
vt 0.567965 0.719774
vt 0.573856 0.723263
vt 0.565636 0.723490
vt 0.542179 0.481693
vt 0.542102 0.489410
vt 0.535124 0.489058
vt 0.532646 0.494978
vt 0.478317 0.480731
vt 0.537472 0.498618
vt 0.467601 0.498445
vt 0.483604 0.021092
vt 0.563402 0.046772
vt 0.566136 0.035570
vt 0.572025 0.029007
vt 0.566100 0.028091
vt 0.569560 0.025324
vt 0.559047 0.033927
vt 0.559530 0.027220
vt 0.323314 0.627437
vt 0.315410 0.632780
vt 0.230004 0.011327
vt 0.228888 0.016278
vt 0.549091 0.015523
vt 0.539910 0.012445
vt 0.557591 0.015429
vt 0.559865 0.020346
vt 0.659098 0.587605
vt 0.659098 0.592549
vt 0.654219 0.592227
vt 0.229958 0.004269
vt 0.228862 0.009041
vt 0.550545 0.008440
vt 0.552672 0.013179
vt 0.654218 0.595391
vt 0.657159 0.598973
vt 0.654218 0.602899
vt 0.538650 0.006563
vt 0.530025 0.006577
vt 0.532894 0.013850
vt 0.471948 0.488576
vt 0.637032 0.719995
vt 0.643851 0.723856
vt 0.467731 0.494801
vt 0.648147 0.723246
vt 0.463367 0.497806
vt 0.224955 0.493216
vt 0.221069 0.497647
vt 0.462350 0.493844
vt 0.466534 0.486060
vt 0.225338 0.468076
vt 0.461871 0.468706
vt 0.467854 0.139485
vt 0.458571 0.464130
vt 0.458766 0.320694
vt 0.474914 0.139107
vt 0.462166 0.142683
vt 0.458456 0.137734
vt 0.475253 0.013679
vt 0.462690 0.013936
vt 0.471924 0.006332
vt 0.468750 0.013956
vt 0.462966 0.006436
vt 0.221293 0.127741
vt 0.225176 0.137090
vt 0.222138 0.137565
vt 0.458977 0.006649
vt 0.458456 0.014050
vt 0.221500 0.005892
vt 0.226021 0.013434
vt 0.539667 0.648064
vt 0.533091 0.590059
vt 0.522504 0.631245
vt 0.533297 0.641216
vt 0.518855 0.639485
vt 0.532887 0.646582
vt 0.525827 0.646565
vt 0.518576 0.646458
vt 0.532849 0.653642
vt 0.526086 0.653225
vt 0.389786 0.491957
vt 0.520846 0.650873
vt 0.516134 0.649231
vt 0.539304 0.659203
vt 0.532939 0.660882
vt 0.921873 0.002845
vt 0.916894 0.001684
vt 0.528376 0.658230
vt 0.545714 0.676193
vt 0.931575 0.002132
vt 0.924555 0.001691
vt 0.469990 0.638916
vt 0.505211 0.638575
vt 0.487818 0.638860
vt 0.476926 0.639268
vt 0.381071 0.491101
vt 0.385242 0.493624
vt 0.511767 0.644752
vt 0.500452 0.643413
vt 0.369865 0.491394
vt 0.490867 0.644109
vt 0.360249 0.491375
vt 0.483539 0.645836
vt 0.476603 0.646044
vt 0.469996 0.646208
vt 0.345904 0.496312
vt 0.349407 0.492470
vt 0.480338 0.649951
vt 0.475482 0.652121
vt 0.469564 0.652877
vt 0.463846 0.653236
vt 0.341468 0.492664
vt 0.472792 0.656501
vt 0.468684 0.659240
vt 0.463565 0.660163
vt 0.155410 0.501608
vt 0.152390 0.501083
vt 0.150052 0.505188
vt 0.466493 0.664434
vt 0.463033 0.667416
vt 0.160803 0.001995
vt 0.459345 0.661654
vt 0.938396 0.002303
vt 0.535909 0.674734
vt 0.540563 0.676508
vt 0.539770 0.700413
vt 0.544980 0.715152
vt 0.962033 0.001421
vt 0.949677 0.002193
vt 0.536199 0.686009
vt 0.533907 0.698344
vt 0.972210 0.001562
vt 0.537851 0.715034
vt 0.532627 0.709467
vt 0.404140 0.491904
vt 0.397684 0.491503
vt 0.519419 0.712530
vt 0.530247 0.715095
vt 0.518928 0.717156
vt 0.544861 0.722802
vt 0.551205 0.722727
vt 0.539324 0.722864
vt 0.530073 0.722670
vt 0.516014 0.723046
vt 0.142158 0.501614
vt 0.131580 0.501473
vt 0.124472 0.500957
vt 0.117365 0.500775
vt 0.451038 0.492363
vt 0.455614 0.491699
vt 0.408286 0.492763
vt 0.665223 0.618107
vt 0.661039 0.616348
vt 0.665223 0.613908
vt 0.469470 0.709754
vt 0.472840 0.706229
vt 0.475927 0.710329
vt 0.463677 0.709399
vt 0.468523 0.702445
vt 0.515152 0.713885
vt 0.512109 0.717296
vt 0.421690 0.491570
vt 0.411139 0.491392
vt 0.432395 0.491454
vt 0.439713 0.491102
vt 0.447710 0.491583
vt 0.476497 0.716509
vt 0.483526 0.716812
vt 0.469819 0.716290
vt 0.463748 0.716195
vt 0.501409 0.719217
vt 0.491266 0.723390
vt 0.477000 0.722350
vt 0.490735 0.718513
vt 0.469870 0.722563
vt 0.463795 0.722388
vt 0.180176 0.002499
vt 0.460884 0.677648
vt 0.458456 0.681033
vt 0.194992 0.006102
vt 0.461434 0.688219
vt 0.459113 0.698229
vt 0.463032 0.695317
vt 0.463472 0.702505
vt 0.197397 0.002073
vt 0.459244 0.714180
vt 0.213379 0.001421
vt 0.459578 0.722212
vt 0.543215 0.002503
vt 0.550901 0.005638
vt 0.545615 0.006439
vt 0.543887 0.726969
vt 0.536777 0.727740
vt 0.536030 0.001483
vt 0.515799 0.727955
vt 0.515073 0.001682
vt 0.472065 0.727453
vt 0.463266 0.002120
vt 0.463837 0.726815
vt 0.459784 0.003006
vt 0.225086 0.002411
vt 0.221405 0.001724
vt 0.460262 0.725913
vt 0.442691 0.405851
vt 0.441379 0.080960
vt 0.659558 0.106195
vt 0.415397 0.099748
vt 0.454542 0.449427
vt 0.453968 0.454528
vt 0.719203 0.452356
vt 0.454518 0.469286
vt 0.453910 0.473596
vt 0.661019 0.668760
vt 0.332963 0.636163
vt 0.329486 0.643230
vt 0.326156 0.636163
vt 0.716341 0.447284
vt 0.448564 0.419560
vt 0.693558 0.426762
vt 0.449545 0.429252
vt 0.448643 0.434080
vt 0.450280 0.436268
vt 0.449203 0.441017
vt 0.200198 0.500706
vt 0.200198 0.513382
vt 0.193630 0.510311
vt 0.453998 0.063676
vt 0.682050 0.080619
vt 0.663687 0.629436
vt 0.659755 0.625590
vt 0.663687 0.624744
vt 0.448173 0.066746
vt 0.658211 0.611066
vt 0.654218 0.605741
vt 0.658423 0.605741
vt 0.454001 0.052531
vt 0.660654 0.637129
vt 0.660654 0.632278
vt 0.664315 0.634858
vt 0.454364 0.045463
vt 0.194304 0.530520
vt 0.194225 0.556796
vt 0.194225 0.575077
vt 0.454652 0.031278
vt 0.654219 0.578738
vt 0.454627 0.024187
vt 0.194304 0.541599
vt 0.196827 0.544440
vt 0.195291 0.587153
vt 0.350693 0.394105
vt 0.654219 0.501460
vt 0.194277 0.589995
vt 0.197942 0.596054
vt 0.194277 0.601080
vt 0.329567 0.503223
vt 0.674694 0.501460
vt 0.334321 0.503027
vt 0.207079 0.798924
vt 0.353858 0.388124
vt 0.353233 0.381369
vt 0.207041 0.662719
vt 0.359766 0.117380
vt 0.325393 0.579921
vt 0.360525 0.111752
vt 0.361705 0.105221
vt 0.654219 0.525329
vt 0.656557 0.527479
vt 0.654219 0.534792
vt 0.353193 0.108141
vt 0.816422 0.498144
vt 0.850404 0.014185
vt 0.454538 0.476173
vt 0.453936 0.480531
vt 0.661265 0.609637
vt 0.664999 0.606698
vt 0.664999 0.611066
vt 0.314872 0.668098
vt 0.314872 0.662968
vt 0.316565 0.665992
vt 0.597862 0.514966
vt 0.195646 0.603921
vt 0.005927 0.979745
vt 0.006729 0.997932
vt 0.194225 0.559638
vt 0.454566 0.017184
vt 0.334321 0.624107
vt 0.326156 0.618579
vt 0.455614 0.008414
vt 0.546904 0.501831
vt 0.194225 0.572235
vt 0.326156 0.633321
vt 0.649665 0.505737
vt 0.332417 0.663792
vt 0.330185 0.668046
vt 0.328678 0.663792
vt 0.103035 0.997115
vt 0.109718 0.802347
vt 0.323314 0.648314
vt 0.048552 0.998454
vt 0.578910 0.564766
vt 0.056524 0.998298
vt 0.853246 0.498696
vt 0.658120 0.664689
vt 0.656146 0.668746
vt 0.654219 0.664689
vt 0.860408 0.498938
vt 0.667863 0.563667
vt 0.664731 0.561509
vt 0.667863 0.558667
vt 0.911434 0.498775
vt 0.906862 0.498212
vt 0.606280 0.585905
vt 0.874335 0.499116
vt 0.893272 0.497289
vt 0.910965 0.014335
vt 0.661890 0.560797
vt 0.658919 0.563668
vt 0.658919 0.557674
vt 0.280450 0.492276
vt 0.285227 0.491237
vt 0.660001 0.599804
vt 0.660133 0.595391
vt 0.664163 0.599804
vt 0.535537 0.534771
vt 0.277969 0.491102
vt 0.242697 0.491204
vt 0.234303 0.491574
vt 0.323314 0.635622
vt 0.661939 0.590718
vt 0.665696 0.588220
vt 0.665696 0.592550
vt 0.110620 0.500933
vt 0.666655 0.548753
vt 0.668719 0.551752
vt 0.666655 0.554833
vt 0.491227 0.585245
vt 0.189948 0.757456
vt 0.311611 0.779611
vt 0.329414 0.387675
vt 0.326038 0.380892
vt 0.323621 0.385776
vt 0.189983 0.500740
vt 0.330635 0.615144
vt 0.311611 0.493916
vt 0.332963 0.649419
vt 0.329513 0.653590
vt 0.329513 0.646072
vt 0.316603 0.610237
vt 0.306942 0.491101
vt 0.320929 0.615737
vt 0.324283 0.108028
vt 0.194094 0.654213
vt 0.194094 0.646814
vt 0.197567 0.649443
vt 0.637696 0.403919
vt 0.628824 0.410821
vt 0.252228 0.389742
vt 0.652523 0.369573
vt 0.623539 0.418216
vt 0.656913 0.622200
vt 0.656913 0.629436
vt 0.654219 0.626355
vt 0.618212 0.424685
vt 0.614082 0.424857
vt 0.657689 0.640856
vt 0.657689 0.646662
vt 0.654219 0.643438
vt 0.595713 0.446142
vt 0.232715 0.462000
vt 0.663813 0.549425
vt 0.663813 0.554833
vt 0.660540 0.551480
vt 0.232741 0.468947
vt 0.662793 0.529422
vt 0.662793 0.534792
vt 0.659399 0.531506
vt 0.922601 0.499046
vt 0.366143 0.978069
vt 0.616380 0.639758
vt 0.197845 0.664845
vt 0.195816 0.668913
vt 0.194094 0.664845
vt 0.584146 0.698598
vt 0.591572 0.705638
vt 0.402643 0.988500
vt 0.970444 0.334668
vt 0.970391 0.014671
vt 0.553945 0.716501
vt 0.668750 0.534792
vt 0.665635 0.532577
vt 0.668750 0.529833
vt 0.441490 0.504236
vt 0.449874 0.504439
vt 0.232775 0.475889
vt 0.660447 0.545025
vt 0.663229 0.540450
vt 0.664433 0.545025
vt 0.232812 0.482837
vt 0.660531 0.645661
vt 0.664360 0.641926
vt 0.664360 0.646662
vt 0.660967 0.654243
vt 0.663944 0.649504
vt 0.664700 0.654243
vt 0.224319 0.497193
vt 0.462221 0.301606
vt 0.225766 0.006044
vt 0.394842 0.491119
vt 0.328678 0.660950
vt 0.328717 0.656431
vt 0.332963 0.660950
vt 0.534915 0.667911
vt 0.352813 0.491101
vt 0.344391 0.491586
vt 0.654219 0.657314
vt 0.658384 0.658999
vt 0.654219 0.661848
vt 0.337163 0.491770
vt 0.160590 0.500706
vt 0.666529 0.623223
vt 0.668624 0.626268
vt 0.666529 0.629436
vt 0.526160 0.708522
vt 0.471418 0.001421
s 1
usemtl right_finger3_lower_mat
f 6/1/1 2/2/2 3/3/3
f 10/4/4 4/5/5 5/6/6
f 10/4/4 5/6/6 6/1/1
f 14/7/7 1/8/8 11/9/9
f 14/7/7 11/9/9 12/10/10
f 14/7/7 12/10/10 13/11/11
f 15/12/12 3/3/3 14/7/7
f 10/4/4 6/1/1 15/12/12
f 14/7/7 13/11/11 16/13/13
f 15/12/12 14/7/7 17/14/14
f 20/15/15 18/16/16 19/17/17
f 17/14/14 16/13/13 20/15/15
f 10/4/4 15/12/12 22/18/18
f 25/19/19 24/20/20 26/21/21
f 27/22/22 19/17/17 25/19/19
f 15/12/12 21/23/23 28/24/24
f 26/21/21 24/20/20 29/25/25
f 27/22/22 29/25/25 31/26/26
f 31/26/26 30/27/27 32/28/28
f 21/23/23 31/26/26 34/29/29
f 34/29/29 32/28/28 35/30/30
f 35/30/30 33/31/31 36/32/32
f 28/24/24 35/30/30 38/33/33
f 38/33/33 36/32/32 39/34/34
f 39/34/34 37/35/35 40/36/36
f 22/18/18 39/34/34 42/37/37
f 42/37/37 40/36/36 43/38/38
f 43/38/38 41/39/39 44/40/40
f 54/41/41 46/42/42 53/43/43
f 47/44/44 52/45/45 50/46/46
f 47/44/44 51/47/47 48/48/48
f 55/49/49 50/50/46 56/51/50
f 58/52/51 52/53/45 54/41/41
f 61/54/52 56/51/50 57/55/53
f 62/56/54 57/55/53 58/52/51
f 64/57/55 59/58/56 60/59/57
f 64/57/55 60/59/57 61/54/52
f 64/57/55 61/54/52 62/56/54
f 67/60/58 51/47/47 66/61/59
f 66/61/59 55/62/49 68/63/60
f 66/64/59 51/65/47 55/49/49
f 70/66/61 68/63/60 69/67/62
f 71/68/63 55/49/49 59/58/56
f 69/69/62 71/68/63 72/70/64
f 69/69/62 68/71/60 71/68/63
f 74/72/65 72/70/64 73/73/66
f 78/74/67 71/68/63 77/75/68
f 73/73/66 75/76/69 76/77/70
f 73/73/66 72/70/64 78/74/67
f 81/78/71 76/77/70 75/76/69
f 82/79/72 75/76/69 78/74/67
f 65/80/73 77/75/68 63/81/74
f 75/76/69 86/82/75 87/83/76
f 81/78/71 83/84/77 84/85/78
f 81/78/71 75/76/69 87/83/76
f 88/86/79 84/85/78 85/87/80
f 86/82/75 82/79/72 65/80/73
f 86/82/75 80/88/81 82/79/72
f 90/89/82 48/48/48 89/90/83
f 66/61/59 70/66/61 91/91/84
f 69/67/62 74/92/65 92/93/85
f 94/94/86 76/77/70 93/95/87
f 73/73/66 79/96/88 94/94/86
f 81/78/71 88/86/79 96/97/89
f 96/97/89 85/87/80 95/98/90
f 98/99/91 66/61/59 97/100/92
f 89/90/83 67/60/58 98/99/91
f 91/91/84 69/67/62 99/101/93
f 92/102/85 73/73/66 100/103/94
f 93/95/87 81/78/71 101/104/95
f 92/102/85 102/105/96 99/106/93
f 94/94/86 103/107/97 102/105/96
f 102/105/96 100/103/94 94/94/86
f 103/107/97 93/95/87 101/104/95
f 101/104/95 96/97/89 95/98/90
f 103/107/97 95/98/90 105/108/98
f 105/108/98 106/109/99 107/110/100
f 104/111/101 105/108/98 107/110/100
f 90/89/82 109/112/102 111/113/103
f 111/113/103 110/114/104 112/115/105
f 98/99/91 114/116/106 89/90/83
f 89/90/83 115/117/107 108/118/108
f 108/119/108 116/120/109 117/121/110
f 109/122/102 108/119/108 117/121/110
f 118/123/111 109/122/102 117/121/110
f 119/124/112 110/125/104 118/123/111
f 91/91/84 120/126/113 97/100/92
f 97/127/92 121/128/114 114/129/106
f 114/129/106 122/130/115 123/131/116
f 115/132/107 114/129/106 123/131/116
f 124/133/117 115/132/107 123/131/116
f 125/134/118 116/120/109 124/133/117
f 126/135/119 118/123/111 125/134/118
f 99/106/93 127/136/120 120/137/113
f 120/137/113 128/138/121 129/139/122
f 121/128/114 120/137/113 129/139/122
f 130/140/123 121/128/114 129/139/122
f 131/141/124 122/130/115 130/140/123
f 126/135/119 124/133/117 131/141/124
f 102/105/96 132/142/125 133/143/126
f 127/136/120 102/105/96 133/143/126
f 128/138/121 127/136/120 133/143/126
f 136/144/127 130/145/123 134/146/128
f 126/135/119 131/141/124 136/147/127
f 136/147/127 128/138/121 135/148/129
f 289/149/130 104/111/101 107/110/100
f 135/148/129 132/142/125 289/149/130
f 138/150/131 1/8/8 3/3/3
f 140/151/132 4/152/133 139/153/134
f 140/154/132 2/2/2 5/6/6
f 141/155/135 4/156/133 8/157/136
f 138/158/131 142/159/137 137/160/138
f 140/151/132 143/161/139 138/158/131
f 141/162/135 144/163/140 139/153/134
f 143/161/139 146/164/141 142/159/137
f 145/165/142 143/161/139 144/163/140
f 145/165/142 405/166/143 146/164/141
f 154/167/144 148/168/145 149/169/146
f 155/170/147 149/169/146 150/171/148
f 155/170/147 150/171/148 151/172/149
f 154/167/144 152/173/150 153/174/151
f 158/175/152 154/167/144 155/170/147
f 159/176/153 1/177/8 137/160/138
f 11/9/9 156/178/154 157/179/155
f 11/9/9 154/167/144 12/10/10
f 12/10/10 158/175/152 160/180/156
f 13/11/11 12/10/10 160/180/156
f 150/171/148 46/181/42 47/44/44
f 163/182/157 47/44/44 48/48/48
f 163/182/157 147/183/158 150/171/148
f 163/182/157 48/48/48 49/184/159
f 165/185/160 148/186/145 164/187/161
f 149/169/146 161/188/162 162/189/163
f 150/171/148 147/183/158 151/172/149
f 166/190/164 148/168/145 153/174/151
f 167/191/165 152/192/150 157/193/155
f 142/194/137 156/195/154 159/196/153
f 168/197/166 46/42/42 162/198/163
f 169/199/167 161/200/162 165/185/160
f 166/201/164 169/199/167 164/187/161
f 170/202/168 166/201/164 167/203/165
f 146/164/141 167/203/165 142/159/137
f 171/204/169 53/43/43 168/197/166
f 172/205/170 168/197/166 169/199/167
f 170/202/168 172/205/170 169/199/167
f 171/204/169 62/56/54 58/52/51
f 62/56/54 171/204/169 172/205/170
f 62/56/54 172/205/170 146/164/141
f 64/57/55 62/56/54 207/206/171
f 158/175/152 155/170/147 173/207/172
f 16/13/13 160/180/156 18/16/16
f 18/16/16 158/175/152 174/208/173
f 151/172/149 147/183/158 175/209/174
f 18/16/16 174/208/173 176/210/175
f 163/182/157 49/184/159 90/89/82
f 178/211/176 151/172/149 177/212/177
f 176/210/175 173/207/172 178/211/176
f 175/209/174 163/182/157 179/213/178
f 177/212/177 180/214/179 183/215/180
f 183/215/180 181/216/181 184/217/182
f 184/217/182 182/218/183 185/219/184
f 184/217/182 176/210/175 178/211/176
f 184/217/182 185/219/184 23/220/185
f 23/220/185 176/210/175 184/217/182
f 23/220/185 186/221/186 187/222/187
f 111/113/103 175/209/174 179/213/178
f 111/113/103 112/115/105 180/214/179
f 180/214/179 175/209/174 111/113/103
f 180/223/179 113/224/188 188/225/189
f 189/226/190 181/227/181 188/225/189
f 190/228/191 182/229/183 189/226/190
f 191/230/192 186/231/186 190/228/191
f 192/232/193 113/224/188 119/124/112
f 193/233/194 189/226/190 192/232/193
f 194/234/195 190/228/191 193/233/194
f 193/233/194 119/124/112 126/135/119
f 195/235/196 24/236/20 187/237/187
f 196/238/197 24/236/20 195/235/196
f 197/239/198 30/240/27 196/238/197
f 33/241/31 197/239/198 198/242/199
f 199/243/200 33/244/31 198/245/199
f 37/246/35 199/247/200 200/248/201
f 201/249/202 37/250/35 200/251/201
f 41/252/39 201/253/202 202/254/203
f 203/255/204 41/256/39 202/257/203
f 45/258/205 203/259/204 204/260/206
f 205/261/207 195/235/196 191/230/192
f 206/262/208 198/242/199 205/261/207
f 203/259/204 202/254/203 206/262/208
f 204/260/206 203/259/204 337/263/209
f 337/263/209 206/262/208 205/261/207
f 205/261/207 194/234/195 337/263/209
f 207/206/171 212/264/210 208/265/211
f 208/265/211 211/266/212 210/267/213
f 210/267/213 214/268/214 213/269/215
f 207/206/171 209/270/216 212/264/210
f 218/271/217 214/268/214 217/272/218
f 219/273/219 215/274/220 212/264/210
f 85/87/80 84/85/78 83/84/77
f 220/275/221 83/84/77 87/83/76
f 83/84/77 225/276/222 222/277/223
f 223/278/224 83/84/77 222/277/223
f 226/279/225 223/278/224 224/280/226
f 226/279/225 85/87/80 223/278/224
f 225/276/222 86/82/75 65/80/73
f 64/57/55 234/281/227 65/80/73
f 223/278/224 222/277/223 227/282/228
f 228/283/229 229/284/230 230/285/231
f 231/286/232 227/282/228 225/276/222
f 65/80/73 231/286/232 225/276/222
f 230/285/231 229/284/230 233/287/233
f 234/288/227 208/289/211 235/290/234
f 229/284/230 232/291/235 236/292/236
f 233/287/233 236/292/236 237/293/237
f 233/287/233 237/293/237 238/294/238
f 231/286/232 234/281/227 239/295/239
f 234/296/227 240/297/240 241/298/241
f 235/290/234 242/299/242 240/300/240
f 208/265/211 210/267/213 242/301/242
f 238/294/238 237/293/237 243/302/243
f 239/295/239 232/291/235 231/286/232
f 241/303/241 245/304/244 246/305/245
f 241/298/241 244/306/246 239/307/239
f 240/308/240 249/309/247 250/310/248
f 251/311/249 245/312/244 250/310/248
f 251/311/249 247/313/250 246/314/251
f 252/315/252 248/316/253 247/313/250
f 242/301/242 213/269/215 249/317/247
f 254/318/254 250/310/248 253/319/255
f 254/318/254 252/315/252 251/311/249
f 256/320/256 249/309/247 255/321/257
f 257/322/258 253/319/255 256/320/256
f 236/292/236 232/291/235 258/323/259
f 237/293/237 258/323/259 259/324/260
f 243/302/243 259/324/260 260/325/261
f 262/326/262 244/306/246 246/327/245
f 247/328/250 262/329/263 246/330/264
f 248/331/253 263/332/265 247/328/250
f 256/320/256 216/333/266 265/334/267
f 252/315/252 266/335/268 248/316/253
f 268/336/269 267/337/270 252/315/252
f 257/322/258 268/336/269 254/318/254
f 264/338/271 248/331/253 266/339/268
f 270/340/272 257/322/258 265/334/267
f 271/341/273 265/342/267 218/271/217
f 221/343/274 226/279/225 272/344/275
f 228/283/229 230/285/231 273/345/276
f 275/346/277 243/302/243 260/325/261
f 277/347/278 270/348/272 276/349/279
f 95/98/90 221/343/274 278/350/280
f 272/344/275 224/280/226 279/351/281
f 224/280/226 228/283/229 280/352/282
f 281/353/283 273/345/276 233/287/233
f 282/354/284 233/287/233 238/294/238
f 282/354/284 238/294/238 243/302/243
f 267/337/270 283/355/285 266/335/268
f 285/356/286 284/357/287 270/340/272
f 286/358/288 266/339/268 283/359/285
f 287/360/289 95/98/90 278/350/280
f 105/108/98 287/360/289 288/361/290
f 272/344/275 290/362/291 287/360/289
f 287/360/289 278/350/280 272/344/275
f 287/360/289 291/363/292 288/361/290
f 292/364/293 106/109/99 293/365/294
f 281/353/283 280/352/282 273/345/276
f 294/366/295 280/352/282 281/353/283
f 295/367/296 290/362/291 294/366/295
f 296/368/297 291/363/292 295/367/296
f 297/369/298 293/365/294 296/368/297
f 298/370/299 281/353/283 282/354/284
f 299/371/300 281/353/283 298/370/299
f 295/367/296 294/366/295 299/371/300
f 301/372/301 296/373/297 300/374/302
f 302/375/303 297/376/298 301/372/301
f 305/377/304 303/378/305 283/355/285
f 306/379/306 304/380/307 303/378/305
f 274/381/308 305/377/304 267/337/270
f 274/381/308 307/382/309 306/379/306
f 309/383/310 282/354/284 275/346/277
f 310/384/311 298/370/299 309/383/310
f 311/385/312 299/371/300 310/384/311
f 300/386/302 295/367/296 311/385/312
f 313/387/313 283/359/285 303/388/305
f 314/389/314 303/388/305 304/390/307
f 314/391/315 301/372/301 312/392/316
f 315/393/317 285/394/286 277/347/278
f 292/364/293 297/369/298 317/395/318
f 317/395/318 297/369/298 318/396/319
f 317/395/318 318/396/319 319/397/320
f 316/398/321 317/395/318 319/397/320
f 318/399/319 302/400/303 320/401/322
f 319/402/320 320/403/322 321/404/323
f 322/405/324 319/397/320 321/406/323
f 323/407/325 322/405/324 321/406/323
f 324/408/326 319/397/320 322/405/324
f 336/409/327 316/398/321 324/408/326
f 325/410/328 302/411/303 304/412/329
f 307/382/309 325/413/330 304/380/307
f 326/414/331 302/400/303 325/415/328
f 308/416/332 326/417/331 307/382/309
f 321/418/323 326/417/331 327/419/333
f 328/420/334 321/406/323 327/421/333
f 329/422/335 308/416/332 284/357/287
f 329/422/335 328/423/334 327/419/333
f 323/424/325 328/423/334 330/425/336
f 331/426/337 322/405/324 323/407/325
f 332/427/338 329/422/335 285/356/286
f 332/428/338 323/407/325 330/429/336
f 333/430/339 331/426/337 323/407/325
f 334/431/340 332/428/338 315/393/317
f 335/432/341 333/430/339 334/431/340
f 324/408/326 335/432/341 336/409/327
f 146/164/141 1237/433/342 62/56/54
f 340/434/343 7/435/344 8/436/345
f 341/437/346 8/436/345 9/438/347
f 341/437/346 9/438/347 10/4/4
f 344/439/348 338/440/349 339/441/350
f 345/442/351 339/441/350 340/434/343
f 345/442/351 340/434/343 341/437/346
f 348/443/352 342/444/353 343/445/354
f 349/446/355 343/445/354 344/439/348
f 349/446/355 344/439/348 345/442/351
f 351/447/356 346/448/357 347/449/358
f 352/450/359 347/449/358 348/443/352
f 353/451/360 350/452/361 351/447/356
f 341/437/346 22/18/18 354/453/362
f 354/453/362 42/37/37 355/454/363
f 355/454/363 43/38/38 356/455/364
f 356/455/364 44/40/40 357/456/365
f 357/456/365 45/457/205 358/458/366
f 354/453/362 356/455/364 360/459/367
f 360/459/367 357/456/365 361/460/368
f 361/460/368 358/458/366 362/461/369
f 362/461/369 359/462/370 363/463/371
f 360/459/367 361/460/368 364/464/372
f 364/464/372 362/461/369 365/465/373
f 365/465/373 363/463/371 366/466/374
f 360/459/367 364/464/372 368/467/375
f 369/468/376 364/464/372 365/465/373
f 370/469/377 365/465/373 366/466/374
f 370/469/377 367/470/378 371/471/379
f 372/472/380 369/468/376 370/469/377
f 374/473/381 352/450/359 349/446/355
f 374/473/381 353/451/360 352/450/359
f 353/451/360 374/473/381 376/474/382
f 375/475/383 353/451/360 377/476/384
f 378/477/385 377/476/384 379/478/386
f 379/478/386 377/476/384 380/479/387
f 377/476/384 376/474/382 381/480/388
f 381/480/388 376/474/382 383/481/389
f 382/482/390 383/481/389 384/483/391
f 376/474/382 387/484/392 385/485/393
f 384/483/391 383/481/389 386/486/394
f 374/473/381 345/442/351 387/484/392
f 386/486/394 383/481/389 388/487/395
f 383/481/389 385/485/393 390/488/396
f 392/489/397 383/481/389 391/490/398
f 393/491/399 368/467/375 369/468/376
f 394/492/400 369/468/376 372/472/380
f 391/490/398 394/492/400 395/493/401
f 392/489/397 395/493/401 396/494/402
f 602/495/403 389/496/404 392/489/397
f 398/497/405 392/489/397 396/494/402
f 399/498/406 7/499/407 339/500/408
f 400/501/409 338/502/410 343/503/411
f 401/504/412 342/505/353 347/506/358
f 402/507/413 346/508/414 350/509/415
f 145/165/142 141/162/135 399/510/406
f 405/166/143 399/510/406 400/511/409
f 407/512/416 401/504/412 406/513/417
f 407/512/416 400/514/409 401/504/412
f 408/515/418 403/516/419 404/517/420
f 409/518/421 406/513/417 402/507/413
f 410/519/422 402/507/413 403/516/419
f 411/520/423 403/516/419 408/515/418
f 415/521/424 413/522/425 412/523/426
f 416/524/427 414/525/428 413/522/425
f 418/526/429 410/519/422 411/520/423
f 422/527/430 411/520/423 412/528/426
f 422/529/430 419/530/431 418/531/429
f 413/532/425 422/533/430 412/534/426
f 413/522/425 420/535/432 419/536/431
f 424/537/433 409/518/421 410/519/422
f 418/526/429 425/538/434 424/537/433
f 427/539/435 419/540/431 420/541/432
f 428/542/436 420/541/432 421/543/437
f 426/544/438 430/545/439 425/546/434
f 427/539/435 431/547/440 430/545/439
f 433/548/441 409/518/421 424/537/433
f 434/549/442 424/550/433 425/546/434
f 430/545/439 434/549/442 425/546/434
f 431/547/440 435/551/443 430/545/439
f 407/512/416 429/552/444 437/553/445
f 407/512/416 1237/554/342 405/555/143
f 438/556/446 429/552/444 409/518/421
f 439/557/447 433/558/448 434/549/442
f 435/551/443 439/557/447 434/549/442
f 436/559/449 440/560/450 435/551/443
f 443/561/451 442/562/452 414/525/428
f 442/562/452 423/563/453 414/525/428
f 445/564/454 431/547/440 432/565/455
f 447/566/456 428/542/436 421/543/437
f 448/567/457 445/564/454 428/542/436
f 449/568/458 450/569/459 431/547/440
f 446/570/460 436/559/449 450/569/459
f 452/571/461 451/572/462 443/561/451
f 451/572/462 444/573/463 442/562/452
f 453/574/464 447/566/456 444/575/463
f 454/576/465 448/567/457 447/566/456
f 457/577/466 449/568/458 445/564/454
f 455/578/467 457/577/466 448/567/457
f 456/579/468 458/580/469 449/568/458
f 446/570/460 450/569/459 458/580/469
f 703/581/470 446/570/460 459/582/471
f 461/583/472 453/584/464 451/572/462
f 463/585/473 454/576/465 453/574/464
f 464/586/474 456/579/468 457/577/466
f 467/587/475 459/582/471 466/588/476
f 467/587/475 466/588/476 468/589/477
f 465/590/478 466/588/476 458/580/469
f 469/591/479 461/583/472 462/592/480
f 455/578/467 454/576/465 470/593/481
f 472/594/482 455/578/467 471/595/483
f 473/596/484 464/586/474 472/594/482
f 473/596/484 474/597/485 465/590/478
f 475/598/486 469/591/479 604/599/487
f 477/600/488 472/594/482 476/601/489
f 477/600/488 474/597/485 473/596/484
f 478/602/490 479/603/491 477/600/488
f 481/604/492 45/605/205 204/606/206
f 359/607/370 481/608/492 482/609/493
f 483/610/494 363/611/371 482/612/493
f 367/613/378 483/614/494 484/615/495
f 485/616/496 367/617/378 484/618/495
f 482/609/493 337/263/209 486/619/497
f 484/615/495 486/619/497 487/620/498
f 488/621/499 484/618/495 487/622/498
f 492/623/500 461/583/472 469/591/479
f 491/624/501 490/625/502 492/623/500
f 491/624/501 475/598/486 489/626/503
f 495/627/504 470/593/481 463/585/473
f 490/628/502 463/585/473 461/629/472
f 494/630/505 493/631/506 495/627/504
f 494/630/505 490/628/502 491/632/501
f 496/633/507 470/593/481 493/631/506
f 497/634/508 493/631/506 494/630/505
f 476/601/489 471/595/483 496/633/507
f 498/635/509 496/633/507 497/634/508
f 498/635/509 478/602/490 476/601/489
f 499/636/510 480/637/511 478/602/490
f 404/517/420 350/509/415 373/638/512
f 375/639/513 501/640/514 373/638/512
f 378/641/515 502/642/516 375/639/513
f 379/643/386 504/644/517 378/645/385
f 380/646/387 506/647/518 379/643/386
f 501/640/514 511/648/519 404/517/420
f 502/642/516 511/648/519 501/640/514
f 504/644/517 512/649/520 503/650/521
f 505/651/522 513/652/523 504/644/517
f 506/647/518 514/653/524 505/651/522
f 507/654/525 516/655/526 506/647/518
f 517/656/527 408/515/418 508/657/528
f 517/658/527 416/524/427 415/521/424
f 519/659/529 416/524/427 518/660/530
f 517/656/527 508/657/528 509/661/531
f 510/662/532 517/656/527 509/661/531
f 521/663/533 518/660/530 520/664/534
f 510/665/532 523/666/535 524/667/536
f 524/667/536 521/663/533 520/664/534
f 526/668/537 521/663/533 525/669/538
f 511/648/519 523/670/535 509/661/531
f 527/671/539 525/669/538 524/667/536
f 530/672/540 523/666/535 529/673/541
f 531/674/542 527/671/539 530/672/540
f 502/642/516 532/675/543 511/648/519
f 512/676/520 533/677/544 502/642/516
f 514/653/524 534/678/545 513/652/523
f 515/679/546 535/680/547 514/653/524
f 516/655/526 536/681/548 515/679/546
f 531/674/542 530/672/540 539/682/549
f 531/674/542 539/682/549 540/683/550
f 532/675/543 538/684/551 529/685/541
f 542/686/552 538/687/551 541/688/553
f 539/682/549 530/672/540 542/686/552
f 533/677/544 541/689/554 532/675/543
f 534/678/545 544/690/555 512/649/520
f 546/691/556 536/681/548 537/692/557
f 542/693/552 541/694/553 547/695/558
f 539/696/549 547/695/558 548/697/559
f 549/698/560 543/699/561 548/697/559
f 550/700/562 547/701/558 541/689/553
f 544/702/555 550/700/563 533/677/544
f 547/695/558 552/703/564 553/704/565
f 551/705/566 553/704/565 554/706/567
f 555/707/568 551/705/566 554/706/567
f 544/702/555 552/708/569 550/700/563
f 534/678/545 556/709/570 544/690/555
f 563/710/571 545/711/572 546/691/556
f 553/704/565 558/712/573 559/713/574
f 560/714/575 553/704/565 559/713/574
f 561/715/576 554/706/567 560/714/575
f 556/716/577 558/717/578 552/708/569
f 563/710/571 557/718/579 545/711/572
f 565/719/580 560/714/575 564/720/581
f 567/721/582 380/479/387 382/482/390
f 571/722/583 570/723/584 569/724/585
f 573/725/586 443/561/451 417/726/587
f 574/727/588 443/561/451 573/725/586
f 522/728/589 573/725/586 519/659/529
f 575/729/590 573/725/586 522/728/589
f 575/729/590 569/724/585 570/723/584
f 575/729/590 568/730/591 574/727/588
f 569/724/585 522/728/589 526/668/537
f 576/731/592 569/724/585 526/668/537
f 577/732/593 526/668/537 528/733/594
f 577/732/593 576/731/592 526/668/537
f 531/674/542 577/732/593 528/733/594
f 537/692/557 516/655/526 572/734/595
f 578/735/596 540/683/550 579/736/597
f 543/737/561 579/736/597 540/683/550
f 581/738/598 549/698/560 551/705/566
f 582/739/599 555/707/568 561/715/576
f 384/483/391 583/740/600 382/482/390
f 584/741/601 568/730/591 570/723/584
f 571/722/583 584/741/601 570/723/584
f 571/722/583 576/731/592 586/742/602
f 587/743/603 586/742/602 576/731/592
f 578/735/596 587/743/603 577/732/593
f 578/735/596 588/744/604 587/743/603
f 578/735/596 579/736/597 590/745/605
f 580/746/606 590/745/605 579/736/597
f 591/747/607 581/738/598 555/707/568
f 592/748/608 582/739/599 565/719/580
f 594/749/609 443/561/451 574/727/588
f 593/750/610 594/749/609 568/730/591
f 386/486/394 583/740/600 384/483/391
f 586/742/602 595/751/611 585/752/612
f 597/753/613 590/745/605 580/746/606
f 549/698/560 581/738/598 598/754/614
f 598/754/614 591/747/607 599/755/615
f 599/755/615 582/739/599 600/756/616
f 601/757/617 582/739/599 592/748/608
f 603/758/618 593/750/610 584/741/601
f 595/751/611 603/758/618 584/741/601
f 604/599/487 452/571/461 594/749/609
f 596/759/619 588/744/604 605/760/620
f 606/761/621 605/760/620 588/744/604
f 607/762/622 606/761/621 589/763/623
f 608/764/624 597/765/613 549/698/560
f 598/754/614 599/755/615 609/766/625
f 609/766/625 600/756/616 610/767/626
f 611/768/627 609/766/625 610/767/626
f 612/769/628 611/768/627 610/767/626
f 614/770/629 600/756/616 601/757/617
f 612/769/628 610/767/626 614/770/629
f 612/769/628 615/771/630 616/772/631
f 602/495/403 386/486/394 388/487/395
f 617/773/632 604/599/487 593/750/610
f 607/762/622 597/753/613 618/774/633
f 619/775/634 618/776/633 608/764/624
f 620/777/635 608/764/624 598/754/614
f 621/778/636 598/754/614 609/766/625
f 622/779/637 621/778/636 611/768/627
f 623/780/638 611/768/627 613/781/639
f 613/781/639 616/772/631 625/782/640
f 625/782/640 615/771/630 624/783/641
f 605/760/620 606/761/621 627/784/642
f 607/762/622 627/784/642 606/761/621
f 629/785/643 622/779/637 623/780/638
f 630/786/644 475/598/486 617/773/632
f 631/787/645 475/598/486 630/786/644
f 603/758/618 630/786/644 617/773/632
f 633/788/646 630/786/644 632/789/647
f 595/751/611 632/789/647 603/758/618
f 634/790/648 633/788/646 632/789/647
f 596/759/619 634/790/648 595/751/611
f 636/791/649 635/792/650 634/790/648
f 626/793/651 636/791/649 596/759/619
f 626/793/651 637/794/652 636/791/649
f 638/795/653 626/793/651 627/784/642
f 628/796/654 638/795/653 627/784/642
f 640/797/655 628/796/654 618/774/633
f 641/798/656 618/776/633 619/775/634
f 641/798/656 640/799/655 618/776/633
f 642/800/657 619/775/634 620/777/635
f 643/801/658 641/798/656 642/800/657
f 644/802/659 642/800/657 645/803/660
f 645/803/660 620/777/635 621/778/636
f 646/804/661 621/778/636 622/779/637
f 647/805/662 645/803/660 646/804/661
f 648/806/663 645/803/660 647/805/662
f 649/807/664 647/805/662 629/785/643
f 648/806/663 649/807/664 650/808/665
f 653/809/666 629/785/643 625/782/640
f 653/809/666 624/783/641 651/810/667
f 653/809/666 652/811/668 654/812/669
f 650/808/665 653/809/666 654/812/669
f 655/813/670 572/734/595 507/654/525
f 655/813/670 567/814/582 583/815/600
f 572/734/595 655/813/670 656/816/671
f 657/817/672 566/818/673 546/691/556
f 659/819/674 572/734/595 658/820/675
f 657/817/672 537/692/557 659/819/674
f 660/821/676 583/815/600 602/822/403
f 658/820/675 656/816/671 660/821/676
f 658/820/675 660/821/676 661/823/677
f 662/824/678 663/825/679 658/820/675
f 663/825/679 657/817/672 659/819/674
f 661/823/677 602/822/403 397/826/680
f 664/827/681 397/826/680 398/828/405
f 666/829/682 661/823/677 664/827/681
f 667/830/683 665/831/684 666/829/682
f 668/832/685 663/825/679 665/831/684
f 670/833/686 433/558/448 439/557/447
f 440/560/450 670/833/686 439/557/447
f 441/834/687 671/835/688 440/560/450
f 669/836/689 673/837/690 438/556/446
f 675/838/691 669/839/692 670/833/686
f 676/840/693 670/833/686 671/835/688
f 677/841/694 671/835/688 672/842/695
f 676/840/693 677/841/694 679/843/696
f 678/844/697 680/845/698 674/846/699
f 682/847/700 678/848/697 675/838/691
f 683/849/701 675/838/691 676/840/693
f 684/850/702 676/840/693 679/843/696
f 685/851/703 682/852/700 686/853/704
f 687/854/705 683/849/701 684/850/702
f 681/855/706 688/856/707 680/845/698
f 685/857/703 689/858/708 681/855/706
f 691/859/709 686/853/704 683/860/701
f 692/861/710 683/860/701 687/862/705
f 693/863/711 686/853/704 694/864/712
f 694/864/712 691/859/709 695/865/713
f 690/866/714 696/867/715 689/858/708
f 693/868/711 696/867/715 690/866/714
f 699/869/716 429/552/444 673/837/690
f 688/856/707 699/869/716 673/837/690
f 697/870/717 700/871/718 696/867/715
f 672/842/695 441/834/687 446/570/460
f 687/854/705 684/850/702 701/872/719
f 701/873/719 692/861/710 687/862/705
f 695/865/713 692/861/710 702/874/720
f 677/841/694 672/842/695 703/581/470
f 705/875/721 677/841/694 704/876/722
f 705/875/721 706/877/723 679/843/696
f 702/874/720 692/861/710 707/878/724
f 709/879/725 706/877/723 705/875/721
f 710/880/726 703/581/470 460/881/727
f 711/882/728 704/876/722 710/880/726
f 709/879/725 705/875/721 711/882/728
f 712/883/729 460/881/727 467/587/475
f 712/883/729 467/587/475 468/589/477
f 711/882/728 710/880/726 712/883/729
f 714/884/730 709/879/725 713/885/731
f 707/878/724 701/873/719 715/886/732
f 715/886/732 708/887/733 707/878/724
f 474/597/485 712/883/729 468/589/477
f 711/882/728 712/883/729 716/888/734
f 713/885/731 711/882/728 717/889/735
f 479/603/491 716/888/734 474/597/485
f 480/637/511 719/890/736 479/603/491
f 719/890/736 717/889/735 716/888/734
f 715/886/732 714/891/730 720/892/737
f 500/893/738 719/890/736 480/637/511
f 722/894/739 719/890/736 721/895/740
f 722/894/739 724/896/741 717/889/735
f 720/897/737 713/885/731 724/896/741
f 725/898/742 724/896/741 722/894/739
f 727/899/743 720/892/737 725/900/742
f 729/901/744 558/712/573 728/902/745
f 564/720/581 729/901/744 730/903/746
f 565/719/580 730/903/746 731/904/747
f 733/905/748 728/902/745 736/906/749
f 734/907/750 729/901/744 733/905/748
f 737/908/751 734/907/750 735/909/752
f 731/904/747 734/907/750 737/908/751
f 738/910/753 728/911/754 556/716/577
f 563/710/571 739/912/755 557/718/579
f 742/913/756 732/914/757 744/915/758
f 745/916/759 742/917/756 743/918/760
f 745/919/759 733/905/748 742/913/756
f 746/920/761 732/921/762 736/922/763
f 693/863/711 694/864/712 747/923/764
f 747/923/764 695/865/713 748/924/765
f 748/924/765 695/865/713 749/925/766
f 754/926/767 750/927/768 751/928/769
f 754/926/767 751/928/769 752/929/770
f 756/930/771 753/931/772 750/927/768
f 756/932/771 741/933/773 753/934/772
f 756/930/771 754/926/767 757/935/774
f 757/935/774 742/917/756 756/930/771
f 757/935/774 754/926/767 755/936/775
f 758/937/776 741/938/777 744/939/778
f 759/940/779 744/939/778 746/920/761
f 762/941/780 747/923/764 763/942/781
f 763/942/781 748/924/765 764/943/782
f 765/944/783 763/942/781 766/945/784
f 767/946/785 763/942/781 764/943/782
f 767/946/785 750/927/768 766/945/784
f 768/947/786 765/948/783 766/949/784
f 768/947/786 753/950/772 765/948/783
f 769/951/787 753/950/772 758/937/776
f 760/952/788 700/871/718 697/870/717
f 762/953/780 770/954/789 760/952/788
f 770/954/789 762/953/780 765/948/783
f 771/955/790 765/948/783 769/951/787
f 562/956/791 772/957/792 738/958/753
f 772/959/792 773/960/793 759/940/779
f 739/912/755 774/961/794 562/956/791
f 745/916/759 743/918/760 776/962/795
f 735/909/752 745/919/759 777/963/796
f 749/925/766 702/874/720 778/964/797
f 779/965/798 778/964/797 780/966/799
f 755/936/775 752/929/770 781/967/800
f 743/918/760 757/935/774 782/968/801
f 761/969/802 749/925/766 778/964/797
f 764/943/782 761/969/802 783/970/803
f 779/965/798 761/969/802 778/964/797
f 783/970/803 779/965/798 780/966/799
f 784/971/804 764/943/782 783/970/803
f 752/929/770 767/946/785 784/971/804
f 784/971/804 780/966/799 781/967/800
f 785/972/805 565/719/580 731/904/747
f 737/908/751 735/909/752 786/973/806
f 787/974/807 731/904/747 737/908/751
f 788/975/808 702/874/720 708/887/733
f 790/976/809 778/964/797 788/975/808
f 791/977/810 788/975/808 789/978/811
f 781/967/800 790/976/809 792/979/812
f 755/936/775 792/979/812 793/980/813
f 792/979/812 791/977/810 794/981/814
f 782/968/801 793/980/813 795/982/815
f 776/962/795 782/968/801 795/982/815
f 777/983/796 776/962/795 797/984/816
f 791/977/810 789/978/811 798/985/817
f 799/986/818 614/770/629 785/972/805
f 787/974/807 796/987/819 800/988/820
f 800/988/820 785/972/805 787/974/807
f 796/989/819 777/983/796 801/990/821
f 794/981/814 798/985/817 802/991/822
f 793/980/813 794/981/814 803/992/823
f 799/986/818 800/988/820 804/993/824
f 801/990/821 797/984/816 805/994/825
f 796/989/819 801/990/821 806/995/826
f 789/978/811 708/887/733 807/996/827
f 805/994/825 795/982/815 808/997/828
f 624/783/641 799/986/818 809/998/829
f 802/991/822 798/985/817 810/999/830
f 803/992/823 810/999/830 811/1000/831
f 808/997/828 803/992/823 811/1000/831
f 624/783/641 809/998/829 812/1001/832
f 815/1002/833 796/987/819 813/1003/834
f 812/1001/832 804/993/824 815/1002/833
f 815/1002/833 814/1004/835 816/1005/836
f 816/1005/836 812/1001/832 815/1002/833
f 718/1006/837 726/1007/838 817/1008/839
f 818/1009/840 726/1007/838 727/899/743
f 806/995/826 819/1010/841 814/1011/835
f 817/1008/839 807/996/827 718/1006/837
f 818/1009/840 820/1012/842 817/1008/839
f 798/985/817 820/1012/842 821/1013/843
f 822/1014/844 820/1012/842 818/1009/840
f 823/1015/845 821/1013/843 822/1014/844
f 811/1000/831 823/1015/845 824/1016/846
f 808/997/828 824/1016/846 819/1010/841
f 1625/1017/847 657/817/672 663/825/679
f 826/1018/848 663/825/679 668/832/685
f 827/1019/849 826/1018/848 825/1020/850
f 370/469/377 828/1021/851 829/1022/852
f 830/1023/853 372/472/380 829/1022/852
f 396/494/402 830/1023/853 831/1024/854
f 832/1025/855 396/494/402 831/1024/854
f 828/1026/851 485/616/496 833/1027/856
f 834/1028/857 828/1026/851 833/1027/856
f 835/1029/858 829/1030/852 834/1028/857
f 836/1031/859 829/1030/852 835/1029/858
f 833/1027/856 488/621/499 837/1032/860
f 838/1033/861 833/1027/856 837/1032/860
f 839/1034/862 834/1028/857 838/1033/861
f 840/1035/863 835/1029/858 839/1034/862
f 836/1031/859 840/1035/863 841/1036/864
f 843/1037/865 838/1033/861 842/1038/866
f 844/1039/867 839/1034/862 843/1037/865
f 845/1040/868 489/1041/503 841/1036/864
f 845/1040/868 840/1035/863 844/1039/867
f 847/1042/869 491/632/501 844/1043/867
f 847/1044/869 843/1037/865 846/1045/870
f 842/1038/866 837/1032/860 848/1046/871
f 849/1047/872 494/630/505 846/1048/870
f 851/1049/873 497/634/508 849/1047/872
f 851/1050/874 842/1038/866 850/1051/875
f 851/1049/873 499/636/510 498/635/509
f 853/1052/876 829/1030/852 836/1031/859
f 830/1053/853 853/1052/876 854/1054/877
f 830/1053/853 854/1054/877 855/1055/878
f 831/1056/854 855/1055/878 856/1057/879
f 857/1058/880 489/626/503 631/787/645
f 857/1059/881 836/1031/859 841/1036/864
f 858/1060/882 631/787/645 633/788/646
f 858/1061/883 853/1052/884 857/1059/881
f 635/792/650 858/1060/882 633/788/646
f 637/794/652 858/1060/882 635/792/650
f 854/1054/877 858/1061/883 859/1062/885
f 638/795/653 859/1063/886 637/794/652
f 854/1054/877 859/1062/885 860/1064/887
f 854/1054/877 860/1064/887 861/1065/888
f 855/1055/878 861/1065/888 862/1066/889
f 856/1057/879 862/1066/889 863/1067/890
f 639/1068/891 864/1069/892 638/795/653
f 861/1065/888 864/1070/892 865/1071/893
f 862/1066/889 865/1071/893 866/1072/894
f 863/1067/890 866/1072/894 867/1073/895
f 868/1074/896 639/1075/891 640/1076/655
f 866/1072/894 868/1077/896 869/1078/897
f 867/1073/895 869/1078/897 870/1079/898
f 871/1080/899 640/799/655 643/801/658
f 872/1081/900 643/801/658 644/802/659
f 870/1079/898 871/1082/901 872/1083/902
f 873/1084/903 644/802/659 648/806/663
f 873/1084/903 648/806/663 650/808/665
f 874/1085/904 650/808/665 654/812/669
f 832/1086/855 664/827/681 398/828/405
f 875/1087/905 664/827/681 832/1086/855
f 832/1088/855 863/1067/890 875/1089/905
f 876/1090/906 666/829/682 875/1087/905
f 875/1089/905 870/1079/898 876/1091/907
f 877/1092/908 667/830/683 876/1090/906
f 876/1091/907 873/1093/909 877/1094/910
f 877/1094/910 873/1093/909 874/1095/911
f 878/1096/912 500/893/738 852/1097/913
f 852/1098/913 850/1051/875 878/1099/912
f 848/1046/871 488/621/499 879/1100/914
f 850/1051/875 879/1100/914 880/1101/915
f 878/1096/912 723/1102/916 721/895/740
f 881/1103/917 723/1104/916 878/1099/912
f 881/1105/917 725/898/742 722/894/739
f 883/1106/918 725/900/742 881/1107/917
f 885/1108/919 880/1101/915 884/1109/920
f 883/1110/918 882/1111/921 886/1112/922
f 886/1112/922 885/1108/919 888/1113/923
f 879/1100/914 488/621/499 890/1114/924
f 654/812/669 891/1115/925 874/1085/904
f 816/1116/836 892/1117/926 891/1118/925
f 894/1119/927 727/899/743 883/1106/918
f 892/1120/926 814/1004/835 895/1121/928
f 896/1122/929 892/1123/926 895/1124/928
f 893/1125/930 891/1126/925 896/1122/929
f 894/1127/927 886/1112/922 897/1128/931
f 898/1129/932 818/1009/840 897/1130/931
f 824/1016/846 898/1129/932 899/1131/933
f 819/1010/841 899/1131/933 900/1132/934
f 895/1133/928 819/1010/841 900/1132/934
f 901/1134/935 895/1124/928 900/1135/934
f 902/1136/936 895/1124/928 901/1134/935
f 903/1137/937 896/1122/929 902/1136/936
f 898/1138/932 888/1113/923 904/1139/938
f 905/1140/939 898/1138/932 904/1139/938
f 906/1141/940 901/1134/935 905/1140/939
f 903/1137/937 902/1136/936 906/1141/940
f 904/1139/938 889/1142/941 907/1143/942
f 907/1143/942 889/1142/941 1696/1144/943
f 906/1141/940 907/1143/942 1696/1144/943
f 877/1092/908 825/1020/850 667/830/683
f 909/1145/944 874/1095/911 893/1125/930
f 909/1145/944 893/1125/930 903/1137/937
f 910/1146/945 827/1019/849 909/1147/944
f 909/1145/944 908/1148/946 910/1149/945
f 912/1150/947 215/274/220 911/1151/948
f 218/271/217 912/1150/947 913/1152/949
f 219/273/219 209/270/216 914/1153/950
f 219/273/219 911/1151/948 215/274/220
f 912/1150/947 911/1151/948 916/1154/951
f 917/1155/952 916/1154/951 915/1156/953
f 917/1155/952 912/1150/947 916/1154/951
f 914/1153/950 920/1157/954 911/1151/948
f 922/1158/955 918/1159/956 919/1160/957
f 923/1161/958 920/1157/954 914/1153/950
f 923/1161/958 919/1160/957 920/1157/954
f 922/1158/955 968/1162/959 921/1163/960
f 923/1161/958 914/1153/950 1137/1164/961
f 923/1161/958 972/1165/962 968/1162/959
f 924/1166/963 972/1165/962 923/1161/958
f 239/295/239 925/1167/964 232/291/235
f 927/1168/965 262/329/263 263/332/265
f 928/1169/966 263/332/265 264/338/271
f 929/1170/967 218/271/217 913/1152/949
f 950/1171/968 261/1172/969 931/1173/970
f 926/1174/971 931/1173/970 261/1172/972
f 934/1175/973 926/1176/974 927/1168/965
f 935/1177/975 927/1168/965 928/1169/966
f 937/1178/976 932/1179/977 933/1180/978
f 937/1178/976 934/1181/973 938/1182/979
f 939/1183/980 934/1175/973 935/1177/975
f 943/1184/981 915/1185/953 940/1186/982
f 944/1187/983 940/1186/982 941/1188/984
f 945/1189/985 941/1188/984 942/1190/986
f 917/1155/952 943/1191/981 946/1192/987
f 946/1192/987 913/1152/949 917/1155/952
f 946/1192/987 943/1191/981 944/1193/983
f 947/1194/988 929/1170/967 946/1192/987
f 947/1195/988 944/1187/983 945/1189/985
f 259/324/260 258/323/259 948/1196/989
f 952/1197/990 932/1198/991 951/1199/992
f 952/1197/990 931/1173/970 933/1200/993
f 936/1201/994 951/1199/992 932/1198/991
f 955/1202/995 936/1203/996 937/1178/976
f 956/1204/997 937/1178/976 938/1182/979
f 956/1204/997 938/1182/979 939/1205/980
f 958/1206/998 915/1156/953 918/1159/956
f 959/1207/999 953/1208/1000 954/1209/1001
f 959/1207/999 940/1186/982 958/1210/998
f 959/1207/999 955/1202/995 960/1211/1002
f 960/1211/1002 941/1188/984 959/1207/999
f 960/1211/1002 956/1204/997 961/1212/1003
f 961/1212/1003 941/1188/984 960/1211/1002
f 961/1212/1003 956/1204/997 957/1213/1004
f 967/1214/1005 950/1215/968 963/1216/1006
f 952/1197/990 963/1217/1006 950/1171/968
f 964/1218/1007 951/1199/992 954/1219/1001
f 921/1220/960 953/1221/1000 958/1222/998
f 966/1223/1008 948/1196/989 965/1224/1009
f 968/1225/959 963/1217/1006 964/1218/1007
f 968/1162/959 964/1226/1007 921/1163/960
f 965/1224/1009 969/1227/1010 970/1228/1011
f 966/1223/1008 965/1224/1009 970/1228/1011
f 967/1214/1005 969/1227/1010 925/1167/964
f 963/1216/1006 972/1165/962 967/1214/1005
f 972/1229/962 963/1217/1006 968/1225/959
f 966/1223/1008 970/1228/1011 973/1230/1012
f 976/1231/1013 969/1227/1010 975/1232/1014
f 973/1230/1012 970/1228/1011 976/1231/1013
f 967/1214/1005 972/1165/962 981/1233/1015
f 979/1234/1016 974/1235/1017 978/1236/1018
f 973/1230/1012 976/1231/1013 980/1237/1019
f 981/1233/1015 978/1236/1018 974/1235/1017
f 983/1238/1020 928/1169/966 982/1239/1021
f 984/1240/1022 935/1177/975 983/1238/1020
f 984/1241/1022 983/1242/1020 985/1243/1023
f 988/1244/1024 985/1243/1023 986/1245/1025
f 989/1246/1026 942/1190/986 987/1247/1027
f 947/1195/988 945/1189/985 989/1246/1026
f 957/1213/1004 939/1205/980 984/1241/1022
f 957/1248/1004 984/1249/1022 985/1250/1023
f 942/1190/986 961/1212/1003 990/1251/1028
f 987/1247/1027 957/1213/1004 985/1243/1023
f 260/325/261 930/1252/1029 991/1253/1030
f 986/1245/1025 983/1242/1020 992/1254/1031
f 991/1253/1030 949/1255/1032 993/1256/1033
f 994/1257/1034 971/1258/1035 973/1230/1012
f 995/1259/1036 977/1260/1037 980/1237/1019
f 996/1261/1038 264/338/271 286/358/288
f 992/1262/1031 982/1239/1021 996/1261/1038
f 989/1246/1026 988/1244/1024 998/1263/1039
f 947/1195/988 989/1246/1026 999/1264/1040
f 999/1265/1040 929/1170/967 947/1194/988
f 993/1256/1033 962/1266/1041 1000/1267/1042
f 1000/1267/1042 966/1223/1008 1001/1268/1043
f 1002/1269/1044 1001/1268/1043 971/1258/1035
f 1003/1270/1045 994/1257/1034 977/1260/1037
f 300/386/302 311/385/312 1004/1271/1046
f 1005/1272/1047 286/358/288 313/387/313
f 1006/1273/1048 313/387/313 314/389/314
f 314/391/315 312/392/316 1006/1274/1049
f 1007/1275/1050 315/393/317 929/1170/967
f 312/392/1051 1004/1276/1046 1008/1277/1052
f 1005/1272/1047 992/1262/1031 996/1261/1038
f 1006/1273/1048 1009/1278/1053 1005/1272/1047
f 1006/1274/1049 1008/1277/1052 1010/1279/1054
f 997/1280/1055 1009/1281/1053 1011/1282/1056
f 1011/1282/1056 1010/1283/1057 1012/1284/1058
f 988/1244/1024 997/1280/1055 1013/1285/1059
f 1013/1285/1059 1012/1284/1058 1014/1286/1060
f 998/1263/1039 1013/1285/1059 1014/1286/1060
f 1008/1277/1052 1004/1276/1046 1015/1287/1061
f 1018/1288/1062 310/384/311 1017/1289/1063
f 1004/1271/1046 1018/1288/1062 1019/1290/1064
f 1020/1291/1065 1004/1271/1046 1019/1290/1064
f 1017/1289/1063 1000/1267/1042 1002/1269/1044
f 1021/1292/1066 1018/1288/1062 1017/1289/1063
f 1019/1290/1064 1018/1288/1062 1022/1293/1067
f 1023/1294/1068 1002/1269/1044 1003/1270/1045
f 1022/1293/1067 1021/1292/1066 1023/1294/1068
f 1019/1290/1064 1022/1293/1067 1024/1295/1069
f 1026/1296/1070 315/393/317 1007/1275/1050
f 1027/1297/1071 334/431/340 1026/1296/1070
f 336/409/327 1027/1297/1071 1028/1298/1072
f 1012/1284/1058 1030/1299/1073 1031/1300/1074
f 1014/1286/1060 1031/1300/1074 1032/1301/1075
f 998/1263/1039 1032/1301/1075 1033/1302/1076
f 1033/1302/1076 1032/1301/1075 1034/1303/1077
f 999/1264/1040 998/1263/1039 1033/1302/1076
f 1036/1304/1078 1033/1305/1076 1034/1306/1077
f 1007/1275/1050 999/1265/1040 1036/1304/1078
f 1036/1304/1078 1044/1307/1079 1037/1308/1080
f 1026/1296/1070 1036/1304/1078 1037/1308/1080
f 1027/1297/1071 1037/1308/1080 1035/1309/1081
f 1028/1298/1072 1027/1297/1071 1035/1309/1081
f 1029/1310/1082 336/409/327 1028/1298/1072
f 1030/1311/1083 1015/1287/1061 1038/1312/1084
f 1031/1313/1074 1038/1312/1084 1039/1314/1085
f 1041/1315/1086 1031/1313/1074 1039/1314/1085
f 1041/1316/1086 1040/1317/1087 1042/1318/1088
f 1032/1301/1075 1041/1319/1086 1042/1320/1088
f 1044/1307/1079 1032/1321/1075 1042/1322/1088
f 1035/1309/1081 1043/1323/1089 1048/1324/1090
f 1045/1325/1091 1035/1309/1081 1048/1324/1090
f 1038/1326/1084 1016/1327/1092 1046/1328/1093
f 1040/1329/1087 1046/1328/1093 1047/1330/1094
f 1048/1324/1090 1043/1323/1089 1047/1330/1094
f 1046/1328/1093 1020/1291/1065 1049/1331/1095
f 1049/1331/1095 1020/1291/1065 1111/1332/1096
f 1029/1310/1082 1049/1331/1095 1185/1333/1097
f 1050/1334/1098 1052/1335/1099 1051/1336/1100
f 1053/1337/1101 1055/1338/1102 1054/1339/1103
f 1053/1337/1101 1054/1339/1103 1052/1340/1099
f 1054/1339/1103 1058/1341/1104 1059/1342/1105
f 1056/1343/1106 1060/1344/1107 1058/1341/1104
f 1056/1343/1106 1058/1341/1104 1055/1338/1102
f 1057/1345/1108 1060/1344/1107 1056/1343/1106
f 1064/1346/1109 1060/1344/1107 1063/1347/1110
f 1062/1348/1111 1065/1349/1112 1063/1347/1110
f 1062/1348/1111 1063/1347/1110 1060/1344/1107
f 1067/1350/1113 1064/1351/1109 1066/1352/1114
f 976/1231/1013 979/1234/1016 1069/1353/1115
f 981/1233/1015 1070/1354/1116 1068/1355/1117
f 981/1233/1015 1068/1355/1117 978/1236/1018
f 1072/1356/1118 979/1234/1016 1071/1357/1119
f 1076/1358/1120 981/1233/1015 972/1165/962
f 972/1165/962 924/1166/963 1050/1359/1098
f 1074/1360/1121 1070/1354/1116 1073/1361/1122
f 1076/1358/1120 1073/1361/1122 1070/1354/1116
f 1050/1359/1098 1076/1358/1120 972/1165/962
f 1071/1357/1119 1074/1360/1121 1078/1362/1123
f 1076/1358/1120 1079/1363/1124 1077/1364/1125
f 1076/1358/1120 1077/1364/1125 1073/1361/1122
f 1081/1365/1126 1074/1360/1121 1080/1366/1127
f 1050/1359/1098 1079/1363/1124 1076/1358/1120
f 1077/1364/1125 1082/1367/1128 1083/1368/1129
f 1081/1365/1126 1080/1366/1127 1084/1369/1130
f 1051/1370/1100 1052/1340/1099 1082/1367/1128
f 1051/1370/1100 1082/1367/1128 1079/1363/1124
f 1080/1366/1127 1083/1368/1129 1085/1371/1131
f 1082/1367/1128 1054/1339/1103 1087/1372/1132
f 1080/1366/1127 1085/1371/1131 1088/1373/1133
f 1090/1374/1134 1087/1375/1132 1089/1376/1135
f 1090/1374/1134 1088/1377/1133 1085/1378/1131
f 1091/1379/1136 1059/1380/1105 1061/1381/1137
f 1092/1382/1138 1089/1376/1135 1091/1379/1136
f 1093/1383/1139 1090/1374/1134 1094/1384/1140
f 1095/1385/1141 1069/1353/1115 1072/1356/1118
f 1096/1386/1142 1078/1362/1123 1081/1365/1126
f 1097/1387/1143 1094/1384/1140 1092/1382/1138
f 1098/1388/1144 1092/1382/1138 1091/1379/1136
f 1099/1389/1145 1098/1388/1144 1067/1350/1113
f 1100/1390/1146 995/1259/1036 1069/1353/1115
f 1101/1391/1147 1095/1385/1141 1075/1392/1148
f 1102/1393/1149 1075/1392/1148 1078/1362/1123
f 1103/1394/1150 1084/1369/1130 1086/1395/1151
f 1104/1396/1152 1103/1397/1150 1088/1377/1133
f 1093/1383/1139 1104/1396/1152 1088/1377/1133
f 1095/1385/1141 1025/1398/1153 1100/1390/1146
f 1106/1399/1154 1105/1400/1155 1025/1398/1153
f 1106/1399/1154 1095/1385/1141 1101/1391/1147
f 1107/1401/1156 1102/1393/1149 1108/1402/1157
f 1096/1386/1142 1108/1402/1157 1102/1393/1149
f 1103/1394/1150 1109/1403/1158 1096/1386/1142
f 1110/1404/1159 1024/1295/1069 1105/1400/1155
f 1020/1291/1065 1110/1404/1159 1111/1332/1096
f 1049/1331/1095 1111/1332/1096 1113/1405/1160
f 1110/1404/1159 1107/1401/1156 1112/1406/1161
f 1111/1332/1096 1112/1406/1161 1113/1405/1160
f 1114/1407/1162 1107/1401/1156 1108/1402/1157
f 1109/1403/1158 1114/1407/1162 1108/1402/1157
f 1115/1408/1163 1112/1406/1161 1114/1407/1162
f 1113/1405/1160 1115/1408/1163 1116/1409/1164
f 1115/1408/1163 1118/1410/1165 1119/1411/1166
f 1103/1394/1150 1118/1410/1165 1109/1403/1158
f 1120/1412/1167 1119/1411/1166 1118/1410/1165
f 1121/1413/1168 1116/1409/1164 1119/1411/1166
f 1116/1409/1164 1121/1413/1168 1122/1414/1169
f 1117/1415/1170 1113/1405/1160 1122/1414/1169
f 1121/1413/1168 1123/1416/1171 1124/1417/1172
f 1093/1418/1139 1120/1412/1167 1104/1419/1152
f 1093/1418/1139 1123/1416/1171 1120/1412/1167
f 1125/1420/1173 1124/1417/1172 1123/1416/1171
f 1126/1421/1174 1122/1414/1169 1124/1417/1172
f 1122/1414/1169 1126/1421/1174 1127/1422/1175
f 1126/1421/1174 1128/1423/1176 1129/1424/1177
f 1097/1387/1143 1125/1425/1173 1094/1384/1140
f 1097/1387/1143 1128/1426/1176 1125/1425/1173
f 1130/1427/1178 1129/1424/1177 1128/1423/1176
f 1131/1428/1179 1127/1422/1175 1129/1424/1177
f 1127/1422/1175 1131/1428/1179 1132/1429/1180
f 1131/1428/1179 1133/1430/1181 1134/1431/1182
f 1099/1389/1145 1130/1432/1178 1098/1388/1144
f 1099/1389/1145 1133/1433/1181 1130/1432/1178
f 1135/1434/1183 1134/1435/1182 1133/1433/1181
f 1136/1436/1184 1132/1429/1180 1134/1431/1182
f 1137/1164/961 1383/1437/1185 1147/1438/1186
f 1147/1438/1186 1139/1439/1187 1138/1440/1188
f 1138/1440/1188 1141/1441/1189 1142/1442/1190
f 1142/1442/1190 1153/1443/1191 1138/1440/1188
f 1138/1440/1188 1143/1444/1192 1141/1441/1189
f 1139/1439/1187 1144/1445/1193 1143/1444/1192
f 1137/1164/961 1146/1446/1194 1145/1447/1195
f 1137/1164/961 1062/1348/1111 1057/1345/1108
f 1137/1164/961 1147/1438/1186 1146/1446/1194
f 1145/1447/1195 1148/1448/1196 1065/1349/1112
f 1145/1447/1195 1065/1349/1112 1062/1348/1111
f 1146/1446/1194 1151/1449/1197 1152/1450/1198
f 1147/1438/1186 1153/1443/1191 1151/1449/1197
f 1155/1451/1199 1148/1448/1196 1154/1452/1200
f 1066/1352/1114 1155/1453/1199 1156/1454/1201
f 1150/1455/1202 1157/1456/1203 1154/1452/1200
f 1150/1455/1202 1154/1452/1200 1148/1448/1196
f 1159/1457/1204 1155/1453/1199 1158/1458/1205
f 1152/1450/1198 1160/1459/1206 1161/1460/1207
f 1152/1450/1198 1157/1456/1203 1150/1455/1202
f 1158/1458/1205 1157/1461/1203 1161/1462/1207
f 1163/1463/1208 1158/1458/1205 1162/1464/1209
f 1151/1449/1197 1164/1465/1210 1160/1459/1206
f 1165/1466/1211 1158/1458/1205 1161/1462/1207
f 1153/1443/1191 1140/1467/1212 1164/1465/1210
f 1166/1468/1213 1165/1466/1211 1160/1469/1206
f 1168/1470/1214 1067/1350/1113 1149/1471/1215
f 1169/1472/1216 1163/1463/1208 1162/1464/1209
f 1170/1473/1217 1159/1457/1204 1163/1463/1208
f 1171/1474/1218 1168/1470/1214 1156/1454/1201
f 1172/1475/1219 1156/1454/1201 1159/1457/1204
f 1117/1415/1170 1132/1429/1180 1173/1476/1220
f 1168/1470/1214 1135/1434/1183 1099/1389/1145
f 1174/1477/1221 1136/1478/1184 1134/1435/1182
f 1175/1479/1222 1173/1476/1220 1136/1436/1184
f 1173/1476/1220 1175/1479/1222 1176/1480/1223
f 1117/1415/1170 1176/1480/1223 1177/1481/1224
f 1174/1477/1221 1171/1474/1218 1178/1482/1225
f 1136/1436/1184 1178/1483/1225 1179/1484/1226
f 1175/1479/1222 1179/1484/1226 1180/1485/1227
f 1172/1475/1219 1178/1482/1225 1171/1474/1218
f 1172/1475/1219 1179/1486/1226 1178/1482/1225
f 1181/1487/1228 1180/1488/1227 1179/1486/1226
f 1182/1489/1229 1176/1480/1223 1180/1485/1227
f 1170/1473/1217 1181/1487/1228 1172/1475/1219
f 1183/1490/1230 1182/1491/1229 1180/1488/1227
f 1169/1472/1216 1181/1487/1228 1170/1473/1217
f 1169/1472/1216 1183/1490/1230 1181/1487/1228
f 1187/1492/1231 1117/1415/1170 1177/1481/1224
f 1189/1493/1232 1177/1481/1224 1182/1489/1229
f 1184/1494/1233 1189/1495/1232 1182/1491/1229
f 1190/1496/1234 1187/1492/1231 1189/1493/1232
f 1191/1497/1235 1187/1492/1231 1190/1496/1234
f 1186/1498/1236 1191/1497/1235 1192/1499/1237
f 1186/1498/1236 1192/1499/1237 1193/1500/1238
f 1194/1501/1239 1186/1498/1236 1193/1500/1238
f 1195/1502/1240 1188/1503/1241 1194/1501/1239
f 1142/1442/1190 1197/1504/1242 1196/1505/1243
f 1142/1506/1190 1196/1507/1243 1140/1508/1212
f 1141/1509/1189 1198/1510/1244 1199/1511/1245
f 1200/1512/1246 1197/1513/1242 1199/1511/1245
f 1143/1514/1192 1201/1515/1247 1202/1516/1248
f 1203/1517/1249 1198/1510/1244 1202/1516/1248
f 1204/1518/1250 1199/1511/1245 1203/1517/1249
f 1205/1519/1251 1140/1508/1212 1196/1507/1243
f 1166/1468/1213 1205/1519/1251 1206/1520/1252
f 1207/1521/1253 1166/1468/1213 1206/1520/1252
f 1209/1522/1254 1205/1519/1251 1208/1523/1255
f 1210/1524/1256 1196/1507/1243 1200/1512/1246
f 1162/1464/1209 1167/1525/1257 1211/1526/1258
f 1212/1527/1259 1211/1526/1258 1207/1521/1253
f 1204/1518/1250 1213/1528/1260 1210/1524/1256
f 1215/1529/1261 1212/1527/1259 1209/1522/1254
f 1213/1528/1260 1215/1529/1261 1209/1522/1254
f 1183/1490/1230 1211/1526/1258 1216/1530/1262
f 1184/1494/1233 1216/1530/1262 1217/1531/1263
f 1212/1527/1259 1216/1530/1262 1211/1526/1258
f 1212/1527/1259 1217/1531/1263 1216/1530/1262
f 1189/1493/1232 1217/1532/1263 1218/1533/1264
f 1190/1496/1234 1218/1533/1264 1219/1534/1265
f 1212/1527/1259 1218/1535/1264 1217/1531/1263
f 1220/1536/1266 1219/1537/1265 1218/1535/1264
f 1221/1538/1267 1191/1497/1235 1219/1534/1265
f 1215/1529/1261 1220/1536/1266 1212/1527/1259
f 1222/1539/1268 1219/1537/1265 1220/1536/1266
f 1223/1540/1269 1221/1541/1267 1219/1537/1265
f 1192/1542/1237 1221/1543/1267 1224/1544/1270
f 1225/1545/1271 1192/1499/1237 1224/1546/1270
f 1213/1528/1260 1222/1539/1268 1215/1529/1261
f 1213/1528/1260 1223/1540/1269 1222/1539/1268
f 1226/1547/1272 1224/1548/1270 1223/1540/1269
f 1227/1549/1273 1225/1550/1271 1224/1548/1270
f 1193/1551/1238 1225/1552/1271 1228/1553/1274
f 1229/1554/1275 1193/1500/1238 1228/1555/1274
f 1214/1556/1276 1226/1547/1272 1213/1528/1260
f 1214/1556/1276 1227/1549/1273 1226/1547/1272
f 1230/1557/1277 1228/1558/1274 1227/1549/1273
f 1231/1559/1278 1229/1560/1275 1228/1558/1274
f 1194/1561/1239 1229/1562/1275 1232/1563/1279
f 1233/1564/1280 1194/1501/1239 1232/1565/1279
f 437/553/445 698/1566/1281 1234/1567/1282
f 700/871/718 1235/1568/1283 688/856/707
f 1240/1569/1284 698/1566/1281 1239/1570/1285
f 1241/1571/1286 1236/1572/1287 1235/1568/1283
f 1241/1571/1286 1235/1568/1283 1238/1573/1288
f 1236/1572/1287 1242/1574/1289 1239/1570/1285
f 1243/1575/1290 1236/1572/1287 1241/1571/1286
f 1247/1576/1291 1245/1577/1292 1244/1578/1293
f 1248/1579/1294 1246/1580/1295 1245/1577/1292
f 1251/1581/1296 1236/1572/1287 1243/1575/1290
f 1255/1582/1297 1243/1575/1290 1244/1583/1298
f 1255/1582/1297 1252/1584/1299 1251/1581/1296
f 1245/1585/1292 1255/1586/1297 1244/1587/1293
f 1245/1585/1292 1253/1588/1300 1252/1589/1299
f 1256/1590/1301 1254/1591/1302 1253/1588/1300
f 1383/1437/1185 1137/1164/961 1237/433/342
f 1257/1592/1303 1242/1574/1289 1236/1572/1287
f 1251/1581/1296 1258/1593/1304 1257/1592/1303
f 1260/1594/1305 1253/1588/1300 1254/1591/1302
f 1259/1595/1306 1261/1596/1307 1258/1597/1304
f 1263/1598/1308 1262/1599/1309 1261/1596/1307
f 1260/1594/1305 1263/1598/1308 1253/1588/1300
f 1256/1600/1301 1246/1580/1295 1264/1601/1310
f 1256/1590/1301 1266/1602/1311 1254/1591/1302
f 1266/1602/1311 1260/1594/1305 1254/1591/1302
f 1270/1603/1312 1262/1599/1309 1263/1598/1308
f 1268/1604/1313 1270/1603/1312 1260/1594/1305
f 1271/1605/1314 1264/1601/1310 1265/1606/1315
f 1272/1607/1316 1266/1602/1311 1267/1608/1317
f 1264/1601/1310 1272/1609/1316 1267/1610/1317
f 1273/1611/1318 1270/1603/1312 1268/1604/1313
f 1277/1612/1319 1273/1611/1318 1266/1602/1311
f 1276/1613/1320 1274/1614/1321 1273/1611/1318
f 1275/1615/1322 1271/1605/1314 1279/1616/1323
f 1280/1617/1324 1281/1618/1325 1276/1613/1320
f 1275/1615/1322 1282/1619/1326 1272/1609/1316
f 1283/1620/1327 1280/1617/1324 1277/1612/1319
f 1282/1621/1326 1277/1612/1319 1272/1607/1316
f 488/621/499 1185/1622/1097 1285/1623/1328
f 1275/1615/1322 1287/1624/1329 1282/1619/1326
f 1289/1625/1330 1280/1617/1324 1283/1620/1327
f 1289/1625/1330 1282/1621/1326 1287/1626/1329
f 1290/1627/1331 1280/1617/1324 1289/1625/1330
f 771/955/790 1235/1568/1283 700/871/718
f 773/960/793 1293/1628/1332 771/955/790
f 1292/1629/1333 775/1630/1334 740/1631/1335
f 1291/1632/1336 1238/1573/1288 1235/1568/1283
f 1291/1632/1336 1295/1633/1337 1238/1573/1288
f 1300/1634/1338 1295/1635/1337 1299/1636/1339
f 1300/1634/1338 1297/1637/1340 1296/1638/1341
f 1293/1628/1332 1302/1639/1342 1291/1632/1336
f 1247/1640/1291 1241/1571/1286 1295/1633/1337
f 1296/1638/1341 1247/1576/1291 1295/1635/1337
f 1304/1641/1343 1248/1579/1294 1303/1642/1344
f 1304/1641/1343 1250/1643/1345 1249/1644/1346
f 1297/1637/1340 1303/1642/1344 1296/1638/1341
f 1306/1645/1347 1305/1646/1348 1304/1641/1343
f 1298/1647/1349 1306/1645/1347 1297/1637/1340
f 1298/1647/1349 1309/1648/1350 1310/1649/1351
f 1302/1639/1342 1308/1650/1352 1299/1651/1339
f 1312/1652/1353 1308/1653/1352 1311/1654/1354
f 1313/1655/1355 1300/1634/1338 1312/1652/1353
f 1314/1656/1356 1309/1648/1350 1313/1655/1355
f 1293/1628/1332 1311/1657/1357 1302/1639/1342
f 1316/1658/1358 1312/1652/1353 1315/1659/1359
f 773/960/793 1317/1660/1360 1293/1628/1332
f 1316/1658/1358 1315/1659/1359 1319/1661/1361
f 1317/1660/1360 1318/1662/1362 1311/1657/1357
f 1321/1663/1363 1318/1664/1364 1320/1665/1365
f 1322/1666/1366 1315/1659/1359 1321/1663/1363
f 773/960/793 1320/1667/1367 1317/1660/1360
f 772/959/792 1323/1668/1368 773/960/793
f 1321/1669/1363 1320/1670/1365 1324/1671/1369
f 1322/1672/1366 1324/1671/1369 1325/1673/1370
f 1326/1674/1371 1324/1671/1369 1320/1670/1365
f 772/959/792 1326/1675/1372 1323/1668/1368
f 1324/1671/1369 1328/1676/1373 1329/1677/1374
f 1327/1678/1375 1329/1677/1374 1330/1679/1376
f 772/959/792 1328/1680/1377 1326/1675/1372
f 774/961/794 1331/1681/1378 772/957/792
f 1332/1682/1379 1265/1606/1315 1305/1646/1348
f 1333/1683/1380 1332/1682/1379 1307/1684/1381
f 1334/1685/1382 1333/1683/1380 1307/1684/1381
f 1314/1656/1356 1334/1685/1382 1310/1649/1351
f 1336/1686/1383 1335/1687/1384 1314/1656/1356
f 1316/1658/1358 1319/1661/1361 1337/1688/1385
f 1339/1689/1386 1322/1672/1366 1325/1673/1370
f 1340/1690/1387 1265/1606/1315 1332/1682/1379
f 1341/1691/1388 1332/1682/1379 1333/1683/1380
f 1334/1685/1382 1341/1691/1388 1333/1683/1380
f 1335/1687/1384 1342/1692/1389 1334/1685/1382
f 1336/1686/1383 1343/1693/1390 1335/1687/1384
f 1336/1686/1383 1337/1688/1385 1344/1694/1391
f 1338/1695/1392 1344/1694/1391 1337/1688/1385
f 1345/1696/1393 1339/1689/1386 1327/1678/1375
f 1327/1678/1375 1330/1679/1376 1346/1697/1394
f 1347/1698/1395 1338/1699/1392 1339/1689/1386
f 1345/1696/1393 1346/1697/1394 1348/1700/1396
f 1350/1701/1397 1349/1702/1398 1340/1690/1387
f 1342/1692/1389 1350/1701/1397 1341/1691/1388
f 1343/1693/1390 1351/1703/1399 1342/1692/1389
f 1349/1702/1398 1279/1616/1323 1271/1605/1314
f 1336/1686/1383 1344/1694/1391 1352/1704/1400
f 1338/1695/1392 1352/1704/1400 1344/1694/1391
f 1354/1705/1401 1345/1696/1393 1348/1700/1396
f 1355/1706/1402 1353/1707/1403 1354/1705/1401
f 1336/1686/1383 1356/1708/1404 1343/1693/1390
f 1338/1699/1392 1347/1698/1395 1359/1709/1405
f 1360/1710/1406 1353/1707/1403 1355/1706/1402
f 1351/1703/1399 1362/1711/1407 1350/1701/1397
f 1356/1708/1404 1363/1712/1408 1351/1703/1399
f 1364/1713/1409 1357/1714/1410 1352/1704/1400
f 1358/1715/1411 1364/1713/1409 1352/1704/1400
f 1365/1716/1412 1359/1709/1405 1353/1707/1403
f 1366/1717/1413 1365/1716/1412 1360/1710/1406
f 1586/1718/1414 1366/1717/1413 1360/1710/1406
f 1369/1719/1415 1361/1720/1416 1362/1711/1407
f 1370/1721/1417 1362/1711/1407 1363/1712/1408
f 1371/1722/1418 1363/1712/1408 1356/1708/1404
f 1357/1714/1410 1371/1722/1418 1356/1708/1404
f 1288/1723/1419 1275/1615/1322 1279/1616/1323
f 1288/1723/1419 1361/1720/1416 1368/1724/1420
f 1372/1725/1421 1357/1714/1410 1364/1713/1409
f 1358/1715/1411 1372/1725/1421 1364/1713/1409
f 1374/1726/1422 1358/1715/1411 1359/1727/1405
f 1375/1728/1423 1359/1709/1405 1365/1716/1412
f 1375/1728/1423 1374/1729/1422 1359/1709/1405
f 1376/1730/1424 1375/1728/1423 1366/1717/1413
f 1377/1731/1425 1375/1728/1423 1376/1730/1424
f 1376/1730/1424 1366/1717/1413 1367/1732/1426
f 1379/1733/1427 1242/1574/1289 1257/1592/1303
f 1380/1734/1428 1257/1735/1303 1258/1597/1304
f 1261/1596/1307 1380/1734/1428 1258/1597/1304
f 1262/1599/1309 1381/1736/1429 1261/1596/1307
f 1383/1737/1185 1234/1567/1282 1384/1738/1430
f 1240/1569/1284 1242/1574/1289 1385/1739/1431
f 1240/1569/1284 1384/1738/1430 1234/1567/1282
f 1379/1733/1427 1385/1739/1431 1242/1574/1289
f 1386/1740/1432 1379/1741/1433 1380/1734/1428
f 1387/1742/1434 1380/1734/1428 1381/1736/1429
f 1382/1743/1435 1387/1742/1434 1381/1736/1429
f 1386/1740/1432 1389/1744/1436 1379/1741/1433
f 1391/1745/1437 1386/1740/1432 1387/1742/1434
f 1392/1746/1438 1387/1742/1434 1388/1747/1439
f 1393/1748/1440 1391/1745/1437 1394/1749/1441
f 1394/1749/1441 1392/1746/1438 1395/1750/1442
f 1397/1751/1443 1389/1752/1436 1390/1753/1444
f 1398/1754/1445 1397/1755/1443 1393/1748/1440
f 1393/1748/1440 1397/1755/1443 1390/1756/1444
f 1399/1757/1446 1394/1749/1441 1395/1750/1442
f 1396/1758/1447 1385/1739/1431 1400/1759/1448
f 1389/1752/1436 1400/1759/1448 1385/1739/1431
f 1398/1760/1445 1401/1761/1449 1389/1752/1436
f 1402/1762/1450 1398/1754/1445 1393/1748/1440
f 1394/1749/1441 1402/1762/1450 1393/1748/1440
f 1399/1757/1446 1403/1763/1451 1394/1749/1441
f 1405/1764/1452 1402/1765/1450 1406/1766/1453
f 1403/1763/1451 1404/1767/1454 1407/1768/1455
f 1405/1769/1452 1408/1770/1456 1398/1760/1445
f 1410/1771/1457 1406/1766/1453 1403/1772/1451
f 1407/1773/1455 1410/1771/1457 1403/1772/1451
f 1412/1774/1458 1406/1766/1453 1413/1775/1459
f 1413/1775/1459 1410/1771/1457 1414/1776/1460
f 1414/1776/1460 1411/1777/1461 1415/1778/1462
f 1383/1437/1185 1416/1779/1463 1139/1439/1187
f 1396/1758/1447 1400/1759/1448 1417/1780/1464
f 1401/1761/1449 1417/1780/1464 1400/1759/1448
f 1408/1770/1456 1418/1781/1465 1401/1761/1449
f 1409/1782/1466 1418/1781/1465 1408/1770/1456
f 1412/1783/1458 1419/1784/1467 1409/1782/1466
f 1139/1439/1187 1420/1785/1468 1144/1445/1193
f 1416/1779/1463 1421/1786/1469 1420/1785/1468
f 1416/1787/1463 1422/1788/1470 1421/1789/1469
f 1396/1758/1447 1422/1788/1470 1384/1738/1430
f 1419/1784/1467 1424/1790/1471 1418/1781/1465
f 1269/1791/1472 1382/1743/1435 1262/1599/1309
f 1404/1767/1454 1399/1757/1446 1426/1792/1473
f 1430/1793/1474 1388/1747/1439 1382/1743/1435
f 1432/1794/1475 1388/1747/1439 1431/1795/1476
f 1395/1750/1442 1392/1746/1438 1432/1794/1475
f 1428/1796/1477 1407/1773/1455 1433/1797/1478
f 1429/1798/1479 1428/1796/1477 1434/1799/1480
f 1274/1614/1321 1269/1791/1472 1270/1603/1312
f 1426/1792/1473 1395/1750/1442 1435/1800/1481
f 1427/1801/1482 1426/1792/1473 1436/1802/1483
f 1440/1803/1484 1430/1793/1474 1269/1791/1472
f 1441/1804/1485 1438/1805/1486 1440/1803/1484
f 1278/1806/1487 1441/1804/1485 1274/1614/1321
f 1438/1805/1486 1431/1795/1476 1430/1793/1474
f 1442/1807/1488 1431/1795/1476 1439/1808/1489
f 1435/1800/1481 1432/1794/1475 1442/1807/1488
f 1434/1799/1480 1433/1797/1478 1443/1809/1490
f 1442/1807/1488 1439/1808/1489 1446/1810/1491
f 1446/1810/1491 1439/1808/1489 1444/1811/1492
f 1446/1810/1491 1444/1811/1492 1445/1812/1493
f 1448/1813/1494 1442/1807/1488 1446/1810/1491
f 1447/1814/1495 1449/1815/1496 1446/1810/1491
f 1436/1802/1483 1435/1800/1481 1448/1813/1494
f 1449/1815/1496 1436/1802/1483 1448/1813/1494
f 1450/1816/1497 1451/1817/1498 1436/1802/1483
f 1443/1818/1490 1427/1801/1482 1451/1817/1498
f 1437/1819/1499 1434/1799/1480 1452/1820/1500
f 1445/1812/1493 1278/1806/1487 1281/1618/1325
f 1455/1821/1501 1445/1812/1493 1454/1822/1502
f 1455/1821/1501 1449/1815/1496 1447/1814/1495
f 1456/1823/1503 1450/1816/1497 1449/1815/1496
f 1452/1824/1500 1443/1818/1490 1457/1825/1504
f 1454/1822/1502 1281/1618/1325 1284/1826/1505
f 1458/1827/1506 1456/1823/1503 1455/1821/1501
f 1459/1828/1507 1450/1816/1497 1456/1823/1503
f 1460/1829/1508 1461/1830/1509 1450/1816/1497
f 1457/1825/1504 1451/1817/1498 1461/1830/1509
f 1463/1831/1510 1452/1820/1500 1462/1832/1511
f 1290/1627/1331 1464/1833/1512 1284/1826/1505
f 1458/1827/1506 1454/1822/1502 1464/1833/1512
f 1465/1834/1513 1458/1827/1506 1464/1833/1512
f 1466/1835/1514 1459/1828/1507 1458/1827/1506
f 1285/1623/1328 1185/1622/1097 1468/1836/1515
f 1467/1837/1516 1460/1829/1508 1459/1828/1507
f 1469/1838/1517 1457/1825/1504 1461/1830/1509
f 1471/1839/1518 1457/1825/1504 1470/1840/1519
f 1472/1841/1520 1462/1832/1511 1471/1842/1518
f 1473/1843/1521 1185/1333/1097 1188/1503/1241
f 1188/1844/1241 1195/1845/1240 1474/1846/1522
f 1475/1847/1523 1188/1503/1241 1474/1848/1522
f 1476/1849/1524 1473/1843/1521 1475/1847/1523
f 1329/1677/1374 1328/1676/1373 1477/1850/1525
f 1478/1851/1526 1330/1679/1376 1477/1850/1525
f 1477/1850/1525 1480/1852/1527 1481/1853/1528
f 1477/1850/1525 1481/1853/1528 1482/1854/1529
f 1482/1854/1529 1483/1855/1530 1484/1856/1531
f 1485/1857/1532 1480/1858/1533 1331/1859/1534
f 775/1630/1334 1486/1860/1535 1294/1861/1536
f 1488/1862/1537 1480/1852/1527 1490/1863/1538
f 1488/1862/1537 1489/1864/1539 1491/1865/1540
f 1491/1865/1540 1483/1855/1530 1488/1862/1537
f 1492/1866/1541 1486/1860/1535 775/1630/1334
f 1493/1867/1542 775/1630/1334 1292/1629/1333
f 1495/1868/1543 1487/1869/1544 1494/1870/1545
f 1497/1871/1546 1495/1872/1543 1496/1873/1547
f 1497/1874/1546 1488/1862/1537 1495/1868/1543
f 1498/1875/1548 1487/1876/1549 1490/1877/1550
f 1499/1878/1551 1485/1879/1532 1479/1880/1552
f 1412/1774/1458 1413/1775/1459 1500/1881/1553
f 1501/1882/1554 1413/1775/1459 1414/1776/1460
f 1501/1882/1554 1415/1778/1462 1502/1883/1555
f 1503/1884/1556 1501/1882/1554 1504/1885/1557
f 1504/1885/1557 1502/1883/1555 1505/1886/1558
f 1509/1887/1559 1503/1884/1556 1504/1885/1557
f 1510/1888/1560 1504/1885/1557 1505/1886/1558
f 1511/1889/1561 1507/1890/1562 1508/1891/1563
f 1511/1889/1561 1509/1887/1559 1512/1892/1564
f 1513/1893/1565 1509/1887/1559 1510/1888/1560
f 1515/1894/1566 1507/1890/1562 1511/1889/1561
f 1515/1894/1566 1494/1895/1545 1514/1896/1567
f 1516/1897/1568 1511/1889/1561 1512/1892/1564
f 1516/1897/1568 1495/1872/1543 1515/1894/1566
f 1516/1897/1568 1512/1892/1564 1513/1893/1565
f 1518/1898/1569 1494/1899/1545 1498/1875/1548
f 1519/1900/1570 1498/1875/1548 1485/1857/1532
f 1521/1901/1571 1412/1774/1458 1500/1881/1553
f 1520/1902/1572 1521/1903/1571 1522/1904/1573
f 1503/1884/1556 1521/1901/1571 1500/1881/1553
f 1522/1904/1573 1507/1905/1562 1520/1902/1572
f 1522/1906/1573 1503/1884/1556 1508/1891/1563
f 1525/1907/1574 1505/1886/1558 1523/1908/1575
f 1510/1888/1560 1524/1909/1576 1525/1907/1574
f 1526/1910/1577 1507/1905/1562 1514/1911/1567
f 1526/1910/1577 1514/1911/1567 1517/1912/1578
f 1527/1913/1579 1517/1912/1578 1518/1898/1569
f 1528/1914/1580 1499/1878/1551 1486/1860/1535
f 1528/1914/1580 1486/1860/1535 1492/1866/1541
f 1529/1915/1581 1492/1866/1541 1493/1867/1542
f 1520/1902/1572 1425/1916/1582 1419/1784/1467
f 1526/1910/1577 1425/1916/1582 1520/1902/1572
f 1531/1917/1583 1527/1913/1579 1519/1900/1570
f 1532/1918/1584 1519/1919/1570 1499/1878/1551
f 1533/1920/1585 1499/1878/1551 1528/1914/1580
f 1529/1915/1581 1534/1921/1586 1528/1914/1580
f 1482/1854/1529 1484/1856/1531 1536/1922/1587
f 1484/1856/1531 1491/1865/1540 1537/1923/1588
f 1497/1871/1546 1538/1924/1589 1539/1925/1590
f 1489/1864/1539 1497/1874/1546 1539/1926/1590
f 1502/1883/1555 1415/1778/1462 1429/1798/1479
f 1544/1927/1591 1502/1883/1555 1540/1928/1592
f 1513/1893/1565 1541/1929/1593 1542/1930/1594
f 1516/1897/1568 1513/1893/1565 1543/1931/1595
f 1543/1931/1595 1496/1873/1547 1516/1897/1568
f 1523/1908/1575 1506/1932/1596 1544/1927/1591
f 1346/1697/1394 1478/1851/1526 1545/1933/1597
f 1478/1851/1526 1482/1854/1529 1546/1934/1598
f 1537/1923/1588 1489/1864/1539 1547/1935/1599
f 1542/1930/1594 1541/1929/1593 1550/1936/1600
f 1543/1931/1595 1550/1936/1600 1551/1937/1601
f 1551/1937/1601 1538/1924/1589 1543/1931/1595
f 1552/1938/1602 1540/1928/1592 1548/1939/1603
f 1523/1908/1575 1544/1927/1591 1552/1938/1602
f 1525/1907/1574 1553/1940/1604 1554/1941/1605
f 1554/1941/1605 1541/1929/1593 1525/1907/1574
f 1548/1939/1603 1429/1798/1479 1437/1819/1499
f 1538/1924/1589 1551/1937/1601 1556/1942/1606
f 1539/1925/1590 1538/1924/1589 1556/1942/1606
f 1348/1700/1396 1545/1933/1597 1557/1943/1607
f 1558/1944/1608 1348/1700/1396 1557/1943/1607
f 1559/1945/1609 1558/1944/1608 1557/1943/1607
f 1560/1946/1610 1545/1933/1597 1546/1934/1598
f 1562/1947/1611 1560/1946/1610 1536/1922/1587
f 1563/1948/1612 1562/1947/1611 1537/1923/1588
f 1549/1949/1613 1554/1941/1605 1567/1950/1614
f 1567/1950/1614 1550/1936/1600 1549/1949/1613
f 1568/1951/1615 1354/1705/1401 1558/1944/1608
f 1569/1952/1616 1558/1944/1608 1559/1945/1609
f 1569/1952/1616 1559/1945/1609 1571/1953/1617
f 1572/1954/1618 1569/1952/1616 1571/1953/1617
f 1561/1955/1619 1562/1947/1611 1573/1956/1620
f 1574/1957/1621 1573/1956/1620 1563/1948/1612
f 1563/1948/1612 1547/1935/1599 1575/1958/1622
f 1548/1939/1603 1437/1819/1499 1453/1959/1623
f 1551/1937/1601 1565/1960/1624 1576/1961/1625
f 1556/1942/1606 1551/1937/1601 1577/1962/1626
f 1577/1962/1626 1564/1963/1627 1556/1942/1606
f 1566/1964/1628 1552/1938/1602 1578/1965/1629
f 1554/1941/1605 1566/1964/1628 1579/1966/1630
f 1581/1967/1631 1568/1951/1615 1569/1952/1616
f 1570/1968/1632 1573/1956/1620 1582/1969/1633
f 1572/1954/1618 1570/1968/1632 1583/1970/1634
f 1573/1956/1620 1574/1957/1621 1584/1971/1635
f 1584/1971/1635 1575/1958/1622 1585/1972/1636
f 1586/1718/1414 1360/1710/1406 1568/1951/1615
f 1587/1973/1637 1581/1967/1631 1572/1954/1618
f 1583/1970/1634 1582/1969/1633 1588/1974/1638
f 1589/1975/1639 1453/1959/1623 1463/1831/1510
f 1577/1962/1626 1576/1961/1625 1590/1976/1640
f 1590/1976/1640 1564/1963/1627 1577/1962/1626
f 1578/1965/1629 1548/1939/1603 1589/1975/1639
f 1566/1964/1628 1578/1965/1629 1591/1977/1641
f 1593/1978/1642 1367/1732/1426 1581/1967/1631
f 1594/1979/1643 1376/1730/1424 1593/1978/1642
f 1593/1978/1642 1587/1973/1637 1595/1980/1644
f 1596/1981/1645 1593/1978/1642 1595/1980/1644
f 1587/1973/1637 1583/1970/1634 1597/1982/1646
f 1595/1980/1644 1597/1982/1646 1598/1983/1647
f 1596/1981/1645 1598/1983/1647 1599/1984/1648
f 1588/1974/1638 1584/1971/1635 1600/1985/1649
f 1599/1984/1648 1588/1974/1638 1601/1986/1650
f 1585/1972/1636 1564/1987/1627 1602/1988/1651
f 1585/1972/1636 1602/1988/1651 1604/1989/1652
f 1604/1989/1652 1600/1985/1649 1585/1972/1636
f 1601/1986/1650 1604/1989/1652 1603/1990/1653
f 1605/1991/1654 1463/1831/1510 1472/1841/1520
f 1590/1976/1640 1607/1992/1655 1608/1993/1656
f 1603/1994/1653 1590/1976/1640 1608/1993/1656
f 1605/1991/1654 1591/1977/1641 1589/1975/1639
f 1610/1995/1657 1591/1977/1641 1605/1991/1654
f 1611/1996/1658 1609/1997/1659 1610/1995/1657
f 1567/1950/1614 1592/1998/1660 1612/1999/1661
f 1612/1999/1661 1611/1996/1658 1613/2000/1662
f 1565/1960/1624 1612/1999/1661 1614/2001/1663
f 1614/2001/1663 1576/1961/1625 1565/1960/1624
f 1614/2001/1663 1613/2000/1662 1607/1992/1655
f 1616/2002/1664 1535/2003/1665 1534/1921/1586
f 1615/2004/1666 1616/2002/1664 1529/1915/1581
f 566/818/673 1617/2005/1667 1292/1629/1333
f 1617/2005/1667 1493/1867/1542 1292/1629/1333
f 1618/2006/1668 1555/2007/1669 1616/2002/1664
f 1619/2008/1670 1618/2006/1668 1615/2004/1666
f 657/817/672 1617/2005/1667 566/818/673
f 1620/2009/1671 1619/2008/1670 1493/1867/1542
f 1623/2010/1672 1620/2009/1671 1625/1017/847
f 1624/2011/1673 1619/2008/1670 1623/2010/1672
f 1625/1017/847 1617/2005/1667 657/817/672
f 826/1018/848 1623/2010/1672 1625/1017/847
f 1627/2012/1674 1628/2013/1675 826/1018/848
f 1628/2013/1675 1624/2011/1673 1623/2010/1672
f 1627/2012/1674 1624/2011/1673 1628/2013/1675
f 1144/2014/1193 1630/2015/1676 1631/2016/1677
f 1632/2017/1678 1201/1515/1247 1631/2016/1677
f 1203/1517/1249 1202/1516/1248 1632/2017/1678
f 1420/2018/1468 1634/2019/1679 1635/2020/1680
f 1636/2021/1681 1630/2015/1676 1635/2020/1680
f 1632/2017/1678 1631/2016/1677 1636/2021/1681
f 1421/2022/1469 1637/2023/1682 1638/2024/1683
f 1639/2025/1684 1634/2019/1679 1638/2024/1683
f 1640/2026/1685 1635/2020/1680 1639/2025/1684
f 1640/2026/1685 1633/2027/1686 1632/2017/1678
f 1423/2028/1687 1641/2029/1688 1637/2030/1682
f 1423/2028/1687 1637/2030/1682 1422/1788/1470
f 1643/2031/1689 1638/2024/1683 1642/2032/1690
f 1640/2026/1685 1639/2025/1684 1643/2031/1689
f 1424/1790/1471 1641/2029/1688 1417/1780/1464
f 1645/2033/1691 1637/2023/1682 1644/2034/1692
f 1643/2031/1689 1642/2032/1690 1645/2033/1691
f 1643/2031/1689 1633/2027/1686 1640/2026/1685
f 1663/2035/1693 1633/2027/1686 1643/2031/1689
f 1425/1916/1582 1641/2029/1688 1424/1790/1471
f 1644/2034/1692 1641/2036/1694 1646/2037/1695
f 1633/2027/1686 1214/1556/1276 1204/1518/1250
f 1672/2038/1696 1647/2039/1697 1633/2027/1686
f 1647/2039/1697 1230/1557/1277 1214/1556/1276
f 1648/2040/1698 1231/1559/1278 1230/1557/1277
f 1648/2040/1698 1232/2041/1279 1231/1559/1278
f 1649/2042/1699 1233/2043/1280 1232/2041/1279
f 1650/2044/1700 1649/2042/1699 1648/2040/1698
f 1651/2045/1701 1233/2043/1280 1649/2042/1699
f 1474/1846/1522 1233/2046/1280 1652/2047/1702
f 1653/2048/1703 1474/1848/1522 1652/2049/1702
f 1655/2050/1704 1651/2045/1701 1654/2051/1705
f 1655/2050/1704 1653/2052/1703 1652/2053/1702
f 1475/2054/1523 1653/2055/1703 1656/2056/1706
f 1657/2057/1707 1475/1847/1523 1656/2058/1706
f 1655/2050/1704 1657/2059/1707 1656/2060/1706
f 1476/2061/1524 1657/2062/1707 1659/2063/1708
f 1660/2064/1709 1655/2050/1704 1654/2051/1705
f 1661/2065/1710 1654/2051/1705 1658/2066/1711
f 1643/2031/1689 1645/2033/1691 1662/2067/1712
f 1530/2068/1713 1646/2069/1714 1425/1916/1582
f 1662/2067/1712 1644/2034/1692 1664/2070/1715
f 1646/2069/1714 1530/2068/1713 1527/1913/1579
f 1666/2071/1716 1527/1913/1579 1531/1917/1583
f 1666/2072/1717 1664/2070/1715 1646/2037/1695
f 1667/2073/1718 1531/2074/1719 1532/1918/1584
f 1667/2075/1718 1665/2076/1720 1664/2070/1715
f 1667/2073/1718 1532/1918/1584 1533/1920/1585
f 1667/2073/1718 1533/1920/1585 1534/1921/1586
f 1535/2003/1665 1668/2077/1721 1534/1921/1586
f 1668/2078/1721 1669/2079/1722 1665/2076/1720
f 1668/2078/1721 1535/2080/1665 1555/2081/1669
f 1662/2067/1712 1672/2038/1696 1663/2035/1693
f 1669/2079/1722 1673/2082/1723 1662/2067/1712
f 1671/2083/1724 1555/2081/1669 1580/2084/1725
f 1676/2085/1726 1672/2038/1696 1673/2082/1723
f 1674/2086/1727 1669/2079/1722 1671/2083/1724
f 1676/2085/1726 1658/2066/1711 1672/2038/1696
f 1675/2087/1728 1658/2066/1711 1676/2085/1726
f 1677/2088/1729 1676/2085/1726 1669/2079/1722
f 1677/2088/1729 1675/2087/1728 1676/2085/1726
f 1678/2089/1730 1677/2088/1729 1674/2086/1727
f 1622/2090/1731 1580/2091/1725 1621/2092/1732
f 1580/2091/1725 1622/2090/1731 1624/2011/1673
f 1580/2084/1725 1674/2086/1727 1671/2083/1724
f 1680/2093/1733 1674/2086/1727 1679/2094/1734
f 1629/2095/1735 1679/2096/1734 1624/2011/1673
f 884/1109/920 890/1114/924 1681/2097/1736
f 889/1142/941 887/2098/1737 1682/2099/1738
f 887/2098/1737 1681/2097/1736 1683/2100/1739
f 1682/2099/1738 1683/2100/1739 1684/2101/1740
f 1683/2100/1739 1681/2097/1736 1685/2102/1741
f 1683/2100/1739 1685/2102/1741 1686/2103/1742
f 1684/2101/1740 1686/2103/1742 1687/2104/1743
f 1685/2102/1741 1681/2097/1736 1688/2105/1744
f 1689/2106/1745 1685/2102/1741 1688/2105/1744
f 1690/2107/1746 1287/1624/1329 1288/1723/1419
f 1690/2108/1746 1286/2109/1747 1687/2104/1743
f 1690/2108/1746 1686/2103/1742 1689/2106/1745
f 1688/2105/1744 1691/2110/1748 1692/2111/1749
f 1693/2112/1750 1287/1626/1329 1689/2113/1745
f 1693/2114/1750 1688/2105/1744 1692/2111/1749
f 1691/2110/1748 890/1114/924 1694/2115/1751
f 1695/2116/1752 1289/1625/1330 1692/2117/1749
f 1696/1144/943 889/1142/941 1682/2099/1738
f 908/1148/946 906/1141/940 1697/2118/1753
f 1698/2119/1754 1682/2099/1738 1684/2101/1740
f 1682/2099/1738 1698/2119/1754 1699/2120/1755
f 1696/1144/943 1699/2120/1755 1700/2121/1756
f 1701/2122/1757 1286/2123/1747 1368/1724/1420
f 1701/2124/1757 1684/2101/1740 1687/2104/1743
f 1369/1719/1415 1701/2122/1757 1368/1724/1420
f 1702/2125/1758 1698/2119/1754 1701/2124/1757
f 1370/1721/1417 1702/2126/1758 1369/1719/1415
f 1371/1722/1418 1702/2126/1758 1370/1721/1417
f 1699/2120/1755 1702/2125/1758 1703/2127/1759
f 1372/1725/1421 1703/2128/1759 1371/1722/1418
f 1699/2120/1755 1703/2127/1759 1704/2129/1760
f 1700/2121/1756 1704/2129/1760 1705/2130/1761
f 1697/2118/1753 1705/2130/1761 1706/2131/1762
f 1373/2132/1763 1707/2133/1764 1372/1725/1421
f 1705/2130/1761 1707/2134/1764 1708/2135/1765
f 1706/2131/1762 1708/2135/1765 1709/2136/1766
f 908/1148/946 1709/2136/1766 1710/2137/1767
f 1711/2138/1768 1373/2132/1763 1374/1726/1422
f 1709/2136/1766 1711/2139/1768 1712/2140/1769
f 1710/2137/1767 1712/2140/1769 1713/2141/1770
f 1714/2142/1771 1374/1729/1422 1377/1731/1425
f 1715/2143/1772 1377/1731/1425 1378/2144/1773
f 1713/2141/1770 1714/2145/1774 1715/2146/1775
f 1716/2147/1776 827/1019/849 910/1146/945
f 910/1149/945 1713/2141/1770 1716/2148/1776
f 1718/2149/1777 1290/1627/1331 1695/2116/1752
f 1718/2150/1778 1691/2110/1748 1717/2151/1779
f 1718/2149/1777 1466/1835/1514 1465/1834/1513
f 1717/2151/1779 1694/2115/1751 1720/2152/1780
f 1694/2115/1751 1468/1836/1515 1721/2153/1781
f 1722/2154/1782 1467/1837/1516 1719/2155/1783
f 1719/2156/1784 1720/2152/1780 1722/2157/1782
f 1722/2154/1782 1470/1840/1519 1469/1838/1517
f 1723/2158/1785 1470/1840/1519 1722/2154/1782
f 1720/2152/1780 1721/2153/1781 1724/2159/1786
f 1725/2160/1787 1720/2152/1780 1724/2159/1786
f 1723/2158/1785 1471/1839/1518 1470/1840/1519
f 1726/2161/1788 1471/1842/1518 1723/2162/1785
f 1726/2163/1788 1727/2164/1789 1728/2165/1790
f 1729/2166/1791 1468/1836/1515 1476/2167/1524
f 1724/2159/1786 1729/2166/1791 1730/2168/1792
f 1727/2164/1789 1730/2168/1792 1731/2169/1793
f 1728/2165/1790 1731/2169/1793 1732/2170/1794
f 1733/2171/1795 1378/2144/1773 1594/1979/1643
f 1733/2171/1795 1594/1979/1643 1596/1981/1645
f 1733/2171/1795 1599/1984/1648 1734/2172/1796
f 1736/2173/1797 1601/1986/1650 1735/2174/1798
f 1734/2172/1796 1601/1986/1650 1736/2173/1797
f 1603/1994/1653 1737/2175/1799 1735/2176/1798
f 1739/2177/1800 1472/1841/1520 1726/2161/1788
f 1737/2178/1799 1608/2179/1656 1740/2180/1801
f 1741/2181/1802 1737/2182/1799 1740/2183/1801
f 1742/2184/1803 1735/2185/1798 1741/2181/1802
f 1739/2186/1800 1728/2165/1790 1743/2187/1804
f 1744/2188/1805 1605/1991/1654 1743/2189/1804
f 1613/2000/1662 1744/2188/1805 1745/2190/1806
f 1607/1992/1655 1745/2190/1806 1746/2191/1807
f 1740/2192/1801 1607/1992/1655 1746/2191/1807
f 1747/2193/1808 1740/2183/1801 1746/2194/1807
f 1748/2195/1809 1740/2183/1801 1747/2193/1808
f 1749/2196/1810 1741/2181/1802 1748/2195/1809
f 1744/2197/1811 1732/2170/1794 1750/2198/1812
f 1751/2199/1813 1745/2200/1814 1750/2198/1812
f 1752/2201/1815 1747/2193/1808 1751/2199/1813
f 1753/2202/1816 1748/2195/1809 1752/2201/1815
f 1754/2203/1817 827/1019/849 1716/2147/1776
f 1716/2148/1776 1733/2204/1818 1754/2205/1819
f 1754/2203/1817 1626/2206/1820 827/1019/849
f 1754/2205/1819 1733/2204/1818 1734/2207/1821
f 1755/2208/1822 1734/2207/1821 1736/2209/1797
f 1755/2208/1822 1736/2209/1797 1738/2210/1823
f 1755/2211/1824 1627/2012/1674 1626/2206/1820
f 1756/2212/1825 1738/2210/1823 1742/2184/1803
f 1756/2212/1825 1742/2184/1803 1749/2196/1810
f 1756/2213/1825 1629/2095/1735 1627/2012/1674
f 1757/2214/1826 1749/2196/1810 1753/2202/1816
f 1758/2215/1827 1476/2216/1524 1659/2217/1708
f 1660/2064/1709 1758/2215/1827 1659/2217/1708
f 1730/2168/1792 1758/2218/1827 1759/2219/1828
f 1661/2065/1710 1759/2220/1828 1660/2064/1709
f 1732/2170/1794 1759/2219/1828 1760/2221/1829
f 1760/2222/1830 1661/2065/1710 1675/2087/1728
f 1761/2223/1831 1750/2198/1832 1760/2221/1829
f 1762/2224/1833 1675/2087/1728 1678/2089/1730
f 1762/2225/1833 1752/2201/1815 1761/2223/1831
f 1763/2226/1834 1678/2089/1730 1680/2093/1733
f 1763/2227/1834 1629/2095/1735 1757/2228/1826
f 1763/2229/1834 1753/2202/1816 1762/2225/1833
f 6/1/1 5/6/6 2/2/2
f 9/438/347 8/436/345 4/5/5
f 10/4/4 9/438/347 4/5/5
f 14/7/7 3/3/3 1/8/8
f 15/12/12 6/1/1 3/3/3
f 17/14/14 14/7/7 16/13/13
f 20/15/15 16/13/13 18/16/16
f 21/23/23 17/14/14 20/15/15
f 15/12/12 17/14/14 21/23/23
f 25/19/19 19/17/17 176/210/175
f 25/19/19 176/210/175 23/220/185
f 25/19/19 23/220/185 24/20/20
f 27/22/22 20/15/15 19/17/17
f 27/22/22 25/19/19 26/21/21
f 21/23/23 20/15/15 27/22/22
f 22/18/18 15/12/12 28/24/24
f 27/22/22 26/21/21 29/25/25
f 31/26/26 29/25/25 30/27/27
f 21/23/23 27/22/22 31/26/26
f 34/29/29 31/26/26 32/28/28
f 35/30/30 32/28/28 33/31/31
f 28/24/24 21/23/23 34/29/29
f 28/24/24 34/29/29 35/30/30
f 38/33/33 35/30/30 36/32/32
f 39/34/34 36/32/32 37/35/35
f 22/18/18 28/24/24 38/33/33
f 22/18/18 38/33/33 39/34/34
f 42/37/37 39/34/34 40/36/36
f 43/38/38 40/36/36 41/39/39
f 54/41/41 47/2230/44 46/42/42
f 47/2230/44 54/41/41 52/53/45
f 47/44/44 50/46/46 51/47/47
f 55/49/49 51/65/47 50/50/46
f 57/55/53 50/50/46 52/53/45
f 57/55/53 56/51/50 50/50/46
f 58/52/51 54/41/41 53/43/43
f 58/52/51 57/55/53 52/53/45
f 60/59/57 55/49/49 56/51/50
f 60/59/57 59/58/56 55/49/49
f 61/54/52 60/59/57 56/51/50
f 62/56/54 61/54/52 57/55/53
f 64/57/55 63/81/74 59/58/56
f 64/57/55 65/80/73 63/81/74
f 48/48/48 51/47/47 67/60/58
f 70/66/61 66/61/59 68/63/60
f 71/68/63 68/71/60 55/49/49
f 74/72/65 69/69/62 72/70/64
f 78/74/67 72/70/64 71/68/63
f 73/73/66 78/74/67 75/76/69
f 79/96/88 73/73/66 76/77/70
f 63/81/74 71/68/63 59/58/56
f 63/81/74 77/75/68 71/68/63
f 82/79/72 78/74/67 77/75/68
f 82/79/72 80/88/81 75/76/69
f 65/80/73 82/79/72 77/75/68
f 75/76/69 80/88/81 86/82/75
f 81/78/71 87/83/76 83/84/77
f 88/86/79 81/78/71 84/85/78
f 90/89/82 49/184/159 48/48/48
f 89/90/83 48/48/48 67/60/58
f 91/91/84 70/66/61 69/67/62
f 92/102/85 74/72/65 73/73/66
f 94/94/86 79/96/88 76/77/70
f 93/95/87 76/77/70 81/78/71
f 96/97/89 88/86/79 85/87/80
f 98/99/91 67/60/58 66/61/59
f 97/100/92 66/61/59 91/91/84
f 99/101/93 69/67/62 92/93/85
f 100/103/94 73/73/66 94/94/86
f 101/104/95 81/78/71 96/97/89
f 92/102/85 100/103/94 102/105/96
f 94/94/86 93/95/87 103/107/97
f 103/107/97 101/104/95 95/98/90
f 104/111/101 103/107/97 105/108/98
f 90/89/82 89/90/83 108/118/108
f 90/89/82 108/118/108 109/112/102
f 111/113/103 109/112/102 110/114/104
f 98/99/91 97/100/92 114/116/106
f 89/90/83 114/116/106 115/117/107
f 108/119/108 115/132/107 116/120/109
f 118/123/111 110/125/104 109/122/102
f 119/124/112 112/2231/105 110/125/104
f 113/224/188 112/2231/105 119/124/112
f 91/91/84 99/101/93 120/126/113
f 97/100/92 120/126/113 121/2232/114
f 114/129/106 121/128/114 122/130/115
f 124/133/117 116/120/109 115/132/107
f 125/134/118 117/121/110 116/120/109
f 118/123/111 117/121/110 125/134/118
f 126/135/119 119/124/112 118/123/111
f 99/106/93 102/105/96 127/136/120
f 120/137/113 127/136/120 128/138/121
f 130/140/123 122/130/115 121/128/114
f 131/141/124 123/131/116 122/130/115
f 124/133/117 123/131/116 131/141/124
f 126/135/119 125/134/118 124/133/117
f 102/105/96 103/107/97 132/142/125
f 134/2233/128 129/139/122 128/138/121
f 130/140/123 129/139/122 134/2233/128
f 136/147/127 131/141/124 130/140/123
f 132/142/125 103/107/97 104/111/101
f 135/148/129 133/143/126 132/142/125
f 128/138/121 133/143/126 135/148/129
f 136/147/127 134/2233/128 128/138/121
f 193/233/194 126/135/119 136/147/127
f 289/149/130 132/142/125 104/111/101
f 193/233/194 136/147/127 316/398/321
f 138/158/131 3/2234/3 2/2235/2
f 138/150/131 137/2236/138 1/8/8
f 140/154/132 5/6/6 4/5/133
f 140/151/132 138/158/131 2/2235/2
f 141/162/135 8/2237/136 7/2238/407
f 141/155/135 139/2239/134 4/156/133
f 138/158/131 143/161/139 142/159/137
f 144/163/140 140/151/132 139/153/134
f 140/151/132 144/163/140 143/161/139
f 141/2240/135 145/2241/142 144/2242/140
f 145/165/142 146/164/141 143/161/139
f 146/164/141 405/166/143 1237/433/342
f 154/167/144 153/174/151 148/168/145
f 155/170/147 154/167/144 149/169/146
f 154/167/144 157/179/155 152/173/150
f 159/2243/153 11/9/9 1/8/8
f 11/9/9 159/2243/153 156/178/154
f 11/9/9 157/179/155 154/167/144
f 12/10/10 154/167/144 158/175/152
f 150/171/148 162/189/163 46/181/42
f 163/182/157 150/171/148 47/44/44
f 165/185/160 149/2244/146 148/186/145
f 149/169/146 165/2245/160 161/188/162
f 150/171/148 149/169/146 162/189/163
f 166/201/164 153/2246/151 152/2247/150
f 166/201/164 164/187/161 148/186/145
f 167/203/165 157/2248/155 156/2249/154
f 167/203/165 166/201/164 152/2247/150
f 142/159/137 159/176/153 137/160/138
f 142/159/137 167/203/165 156/2249/154
f 168/197/166 162/198/163 161/200/162
f 168/197/166 53/43/43 46/42/42
f 169/199/167 165/185/160 164/187/161
f 169/199/167 168/197/166 161/200/162
f 166/201/164 170/202/168 169/199/167
f 146/2250/141 170/2251/168 167/2252/165
f 171/204/169 58/52/51 53/43/43
f 172/205/170 171/204/169 168/197/166
f 146/164/141 172/205/170 170/202/168
f 173/207/172 155/170/147 151/172/149
f 174/208/173 158/175/152 173/207/172
f 18/16/16 160/180/156 158/175/152
f 16/13/13 13/11/11 160/180/156
f 176/210/175 174/208/173 173/207/172
f 19/17/17 18/16/16 176/210/175
f 175/209/174 147/183/158 163/182/157
f 177/212/177 151/172/149 175/209/174
f 178/211/176 173/207/172 151/172/149
f 179/213/178 163/182/157 90/89/82
f 177/212/177 175/209/174 180/214/179
f 183/215/180 180/214/179 181/216/181
f 184/217/182 181/216/181 182/218/183
f 178/211/176 177/212/177 183/215/180
f 178/211/176 183/215/180 184/217/182
f 23/220/185 185/219/184 186/221/186
f 187/237/187 24/236/20 23/2253/185
f 179/213/178 90/89/82 111/113/103
f 180/214/179 112/115/105 113/2254/188
f 188/225/189 181/227/181 180/223/179
f 189/226/190 182/229/183 181/227/181
f 190/2255/191 185/2256/184 182/2257/183
f 186/231/186 185/2258/184 190/228/191
f 191/2259/192 187/2260/187 186/2261/186
f 192/232/193 188/225/189 113/224/188
f 189/226/190 188/225/189 192/232/193
f 193/233/194 190/228/191 189/226/190
f 194/234/195 191/230/192 190/228/191
f 193/233/194 192/232/193 119/124/112
f 194/234/195 193/233/194 316/398/321
f 196/238/197 29/2262/25 24/236/20
f 30/240/27 29/2262/25 196/238/197
f 197/2263/198 32/2264/28 30/2265/27
f 33/241/31 32/2266/28 197/239/198
f 199/243/200 36/2267/32 33/244/31
f 37/246/35 36/2268/32 199/247/200
f 201/249/202 40/2269/36 37/250/35
f 41/252/39 40/2270/36 201/253/202
f 203/255/204 44/2271/40 41/256/39
f 45/258/205 44/2272/40 203/259/204
f 195/235/196 187/237/187 191/230/192
f 205/261/207 196/238/197 195/235/196
f 205/261/207 197/239/198 196/238/197
f 198/242/199 197/239/198 205/261/207
f 206/2273/208 199/243/200 198/245/199
f 200/248/201 199/247/200 206/2274/208
f 206/2275/208 201/249/202 200/251/201
f 202/254/203 201/253/202 206/262/208
f 194/234/195 205/261/207 191/230/192
f 337/263/209 203/259/204 206/262/208
f 207/206/171 62/56/54 209/270/216
f 208/265/211 212/264/210 211/266/212
f 210/267/213 211/266/212 214/268/214
f 211/266/212 212/264/210 215/274/220
f 211/266/212 215/274/220 214/268/214
f 216/2276/266 213/269/215 214/268/214
f 215/274/220 217/272/218 214/268/214
f 218/271/217 216/2276/266 214/268/214
f 219/273/219 212/264/210 209/270/216
f 220/275/221 87/83/76 86/82/75
f 83/84/77 220/275/221 225/276/222
f 223/278/224 85/87/80 83/84/77
f 226/279/225 221/343/274 85/87/80
f 225/276/222 220/275/221 86/82/75
f 64/57/55 207/206/171 234/281/227
f 228/283/229 224/280/226 223/278/224
f 225/276/222 227/282/228 222/277/223
f 229/284/230 223/278/224 227/282/228
f 228/283/229 223/278/224 229/284/230
f 65/80/73 234/281/227 231/286/232
f 229/284/230 227/282/228 232/291/235
f 231/286/232 232/291/235 227/282/228
f 234/288/227 207/2277/171 208/289/211
f 233/287/233 229/284/230 236/292/236
f 234/2278/227 235/2279/234 240/2280/240
f 241/298/241 239/307/239 234/296/227
f 235/290/234 208/289/211 242/299/242
f 241/298/241 240/297/240 245/2281/244
f 241/298/241 246/327/245 244/306/246
f 240/300/240 242/299/242 249/2282/247
f 240/297/240 250/2283/248 245/2281/244
f 251/311/249 246/314/251 245/312/244
f 251/311/249 252/315/252 247/313/250
f 242/301/242 210/267/213 213/269/215
f 253/319/255 250/310/248 249/309/247
f 254/318/254 251/311/249 250/310/248
f 255/321/257 249/309/247 213/2284/215
f 256/320/256 253/319/255 249/309/247
f 257/322/258 254/318/254 253/319/255
f 237/293/237 236/292/236 258/323/259
f 243/302/243 237/293/237 259/324/260
f 239/307/239 244/306/246 261/1172/969
f 262/326/262 261/1172/972 244/306/246
f 247/328/250 263/332/265 262/329/263
f 248/331/253 264/338/271 263/332/265
f 255/2285/257 213/269/215 216/2276/266
f 256/2286/256 255/2285/257 216/2276/266
f 257/322/258 256/320/256 265/334/267
f 218/271/217 265/342/267 216/2276/266
f 252/315/252 267/337/270 266/335/268
f 254/318/254 268/336/269 252/315/252
f 257/322/258 269/2287/1835 268/336/269
f 270/340/272 269/2287/1835 257/322/258
f 271/341/273 270/348/272 265/342/267
f 95/98/90 85/87/80 221/343/274
f 272/344/275 226/279/225 224/280/226
f 233/287/233 273/345/276 230/285/231
f 268/336/269 274/381/308 267/337/270
f 269/2287/1835 274/381/308 268/336/269
f 271/341/273 276/349/279 270/348/272
f 278/350/280 221/343/274 272/344/275
f 279/351/281 224/280/226 280/352/282
f 280/352/282 228/283/229 273/345/276
f 282/354/284 281/353/283 233/287/233
f 269/2287/1835 284/357/287 274/381/308
f 270/340/272 284/357/287 269/2287/1835
f 275/346/277 282/354/284 243/302/243
f 286/358/288 264/338/271 266/339/268
f 277/347/278 285/394/286 270/348/272
f 105/108/98 95/98/90 287/360/289
f 106/109/99 105/108/98 288/361/290
f 289/149/130 107/110/100 106/109/99
f 272/344/275 279/351/281 290/362/291
f 287/360/289 290/362/291 291/363/292
f 293/365/294 106/109/99 288/361/290
f 292/364/293 289/149/130 106/109/99
f 290/362/291 279/351/281 280/352/282
f 293/365/294 288/361/290 291/363/292
f 294/366/295 290/362/291 280/352/282
f 295/367/296 291/363/292 290/362/291
f 296/368/297 293/365/294 291/363/292
f 292/364/293 293/365/294 297/369/298
f 299/371/300 294/366/295 281/353/283
f 300/386/302 296/368/297 295/367/296
f 301/2288/301 297/369/298 296/368/297
f 304/2289/329 302/375/303 301/372/301
f 267/337/270 305/377/304 283/355/285
f 305/377/304 306/379/306 303/378/305
f 306/379/306 307/382/309 304/380/307
f 274/381/308 306/379/306 305/377/304
f 274/381/308 308/416/332 307/382/309
f 284/357/287 308/416/332 274/381/308
f 309/383/310 298/370/299 282/354/284
f 310/384/311 299/371/300 298/370/299
f 311/385/312 295/367/296 299/371/300
f 312/392/1051 301/372/301 300/374/302
f 313/387/313 286/358/288 283/359/285
f 314/389/314 313/387/313 303/388/305
f 314/391/315 304/2289/329 301/372/301
f 136/147/127 135/148/129 292/364/293
f 135/148/129 289/149/130 292/364/293
f 316/398/321 136/147/127 317/395/318
f 317/395/318 136/147/127 292/364/293
f 318/396/319 297/369/298 302/2290/303
f 319/397/320 318/396/319 320/2291/322
f 324/408/326 316/398/321 319/397/320
f 307/382/309 326/417/331 325/413/330
f 326/414/331 320/401/322 302/400/303
f 308/416/332 327/419/333 326/417/331
f 321/2292/323 320/2293/322 326/2294/331
f 329/422/335 327/419/333 308/416/332
f 329/422/335 330/425/336 328/423/334
f 323/407/325 321/406/323 328/420/334
f 331/426/337 324/408/326 322/405/324
f 285/356/286 329/422/335 284/357/287
f 332/428/338 330/429/336 329/2295/335
f 332/428/338 333/430/339 323/407/325
f 315/393/317 332/428/338 285/394/286
f 334/431/340 333/430/339 332/428/338
f 335/432/341 331/426/337 333/430/339
f 324/408/326 331/426/337 335/432/341
f 1029/1310/1082 194/234/195 316/398/321
f 337/263/209 194/234/195 1029/1310/1082
f 486/619/497 337/263/209 1029/1310/1082
f 340/434/343 339/441/350 7/435/344
f 341/437/346 340/434/343 8/436/345
f 344/439/348 343/445/354 338/440/349
f 345/442/351 344/439/348 339/441/350
f 348/443/352 347/449/358 342/444/353
f 349/446/355 348/443/352 343/445/354
f 351/447/356 350/452/361 346/448/357
f 352/450/359 351/447/356 347/449/358
f 349/446/355 352/450/359 348/443/352
f 352/450/359 353/451/360 351/447/356
f 374/473/381 349/446/355 345/442/351
f 341/437/346 10/4/4 22/18/18
f 345/442/351 341/437/346 354/453/362
f 354/453/362 22/18/18 42/37/37
f 355/454/363 42/37/37 43/38/38
f 356/455/364 43/38/38 44/40/40
f 357/456/365 44/40/40 45/457/205
f 354/453/362 355/454/363 356/455/364
f 360/459/367 356/455/364 357/456/365
f 361/460/368 357/456/365 358/458/366
f 362/461/369 358/458/366 359/462/370
f 364/464/372 361/460/368 362/461/369
f 365/465/373 362/461/369 363/463/371
f 369/468/376 368/467/375 364/464/372
f 370/469/377 369/468/376 365/465/373
f 370/469/377 366/466/374 367/470/378
f 387/484/392 354/453/362 360/459/367
f 387/484/392 360/459/367 368/467/375
f 353/451/360 373/2296/1836 350/452/361
f 375/475/383 373/2296/1836 353/451/360
f 376/474/382 374/473/381 387/484/392
f 377/476/384 353/451/360 376/474/382
f 378/477/385 375/475/383 377/476/384
f 380/479/387 377/476/384 381/480/388
f 382/482/390 380/479/387 381/480/388
f 382/482/390 381/480/388 383/481/389
f 383/481/389 376/474/382 385/485/393
f 387/484/392 345/442/351 354/453/362
f 389/496/404 388/487/395 383/481/389
f 390/488/396 385/485/393 387/484/392
f 391/490/398 383/481/389 390/488/396
f 392/489/397 389/496/404 383/481/389
f 394/492/400 393/491/399 369/468/376
f 393/491/399 387/484/392 368/467/375
f 390/488/396 387/484/392 393/491/399
f 391/490/398 390/488/396 393/491/399
f 391/490/398 393/491/399 394/492/400
f 392/489/397 391/490/398 395/493/401
f 602/495/403 388/487/395 389/496/404
f 397/2297/680 602/495/403 392/489/397
f 398/497/405 397/2297/680 392/489/397
f 399/510/406 339/2298/408 338/2299/410
f 399/510/406 141/162/135 7/2238/407
f 400/2300/409 343/2301/411 342/2302/353
f 400/511/409 399/510/406 338/2299/410
f 401/2303/412 347/2304/358 346/2305/414
f 401/504/412 400/514/409 342/505/353
f 402/507/413 401/504/412 346/508/414
f 350/509/415 403/516/419 402/507/413
f 404/517/420 403/516/419 350/509/415
f 405/166/143 145/165/142 399/510/406
f 407/512/416 405/555/143 400/514/409
f 402/507/413 406/513/417 401/504/412
f 410/519/422 409/518/421 402/507/413
f 411/520/423 410/519/422 403/516/419
f 412/528/426 411/520/423 408/515/418
f 415/2306/1837 412/528/426 408/515/418
f 415/521/424 416/524/427 413/522/425
f 416/524/427 417/726/587 414/525/428
f 422/527/430 418/526/429 411/520/423
f 422/533/430 413/532/425 419/2307/431
f 414/525/428 420/535/432 413/522/425
f 420/541/432 423/2308/453 421/543/437
f 423/563/453 420/535/432 414/525/428
f 418/526/429 424/537/433 410/519/422
f 418/2309/429 426/544/438 425/546/434
f 419/540/431 426/544/438 418/2309/429
f 427/539/435 426/544/438 419/540/431
f 428/542/436 427/539/435 420/541/432
f 407/512/416 406/513/417 429/552/444
f 409/518/421 429/552/444 406/513/417
f 426/544/438 427/539/435 430/545/439
f 427/539/435 432/565/455 431/547/440
f 428/542/436 432/565/455 427/539/435
f 434/549/442 433/558/448 424/550/433
f 430/545/439 435/551/443 434/549/442
f 431/547/440 436/559/449 435/551/443
f 407/512/416 437/553/445 1237/554/342
f 433/548/441 438/556/446 409/518/421
f 435/551/443 440/560/450 439/557/447
f 436/559/449 441/834/687 440/560/450
f 417/726/587 443/561/451 414/525/428
f 423/2308/453 444/575/463 421/543/437
f 444/573/463 423/563/453 442/562/452
f 428/542/436 445/564/454 432/565/455
f 446/570/460 441/834/687 436/559/449
f 444/575/463 447/566/456 421/543/437
f 447/566/456 448/567/457 428/542/436
f 445/564/454 449/568/458 431/547/440
f 431/547/440 450/569/459 436/559/449
f 443/561/451 451/572/462 442/562/452
f 451/572/462 453/584/464 444/573/463
f 453/574/464 454/576/465 447/566/456
f 454/576/465 455/578/467 448/567/457
f 448/567/457 457/577/466 445/564/454
f 457/577/466 456/579/468 449/568/458
f 449/568/458 458/580/469 450/569/459
f 459/582/471 446/570/460 458/580/469
f 460/881/727 703/581/470 459/582/471
f 452/571/461 462/592/480 451/572/462
f 462/592/480 461/583/472 451/572/462
f 461/629/472 463/585/473 453/574/464
f 455/578/467 464/586/474 457/577/466
f 456/579/468 465/590/478 458/580/469
f 464/586/474 465/590/478 456/579/468
f 466/588/476 459/582/471 458/580/469
f 467/587/475 460/881/727 459/582/471
f 465/590/478 468/589/477 466/588/476
f 463/585/473 470/593/481 454/576/465
f 471/595/483 455/578/467 470/593/481
f 472/594/482 464/586/474 455/578/467
f 473/596/484 465/590/478 464/586/474
f 465/590/478 474/597/485 468/589/477
f 476/601/489 472/594/482 471/595/483
f 477/600/488 473/596/484 472/594/482
f 478/602/490 477/600/488 476/601/489
f 477/600/488 479/603/491 474/597/485
f 478/602/490 480/637/511 479/603/491
f 481/604/492 358/2310/366 45/605/205
f 359/607/370 358/2311/366 481/608/492
f 482/612/493 363/611/371 359/2312/370
f 483/610/494 366/2313/374 363/611/371
f 367/613/378 366/2314/374 483/614/494
f 485/616/496 371/2315/379 367/617/378
f 337/2316/209 481/604/492 204/606/206
f 482/609/493 481/608/492 337/263/209
f 486/2317/497 483/610/494 482/612/493
f 484/615/495 483/614/494 486/619/497
f 488/621/499 485/616/496 484/618/495
f 492/623/500 490/625/502 461/583/472
f 475/598/486 492/623/500 469/591/479
f 491/624/501 492/623/500 475/598/486
f 495/627/504 493/631/506 470/593/481
f 490/628/502 495/627/504 463/585/473
f 494/630/505 495/627/504 490/628/502
f 496/633/507 471/595/483 470/593/481
f 497/634/508 496/633/507 493/631/506
f 498/635/509 476/601/489 496/633/507
f 498/635/509 499/636/510 478/602/490
f 499/636/510 500/893/738 480/637/511
f 373/638/512 501/640/514 404/517/420
f 375/639/513 502/642/516 501/640/514
f 378/641/515 503/2318/1838 502/642/516
f 504/644/517 503/650/521 378/645/385
f 379/643/386 505/651/522 504/644/517
f 379/643/386 506/647/518 505/651/522
f 380/646/387 507/654/525 506/647/518
f 508/657/528 408/515/418 404/517/420
f 404/517/420 509/661/531 508/657/528
f 511/648/519 509/661/531 404/517/420
f 503/2318/1838 512/676/520 502/642/516
f 504/644/517 513/652/523 512/649/520
f 505/651/522 514/653/524 513/652/523
f 506/647/518 515/679/546 514/653/524
f 506/647/518 516/655/526 515/679/546
f 517/656/527 415/2306/1837 408/515/418
f 517/658/527 518/660/530 416/524/427
f 519/659/529 417/726/587 416/524/427
f 517/658/527 520/664/534 518/660/530
f 510/665/532 520/664/534 517/658/527
f 521/663/533 519/659/529 518/660/530
f 521/663/533 522/728/589 519/659/529
f 510/662/532 509/661/531 523/670/535
f 510/665/532 524/667/536 520/664/534
f 524/667/536 525/669/538 521/663/533
f 526/668/537 522/728/589 521/663/533
f 527/671/539 524/667/536 523/666/535
f 527/671/539 528/733/594 525/669/538
f 528/733/594 526/668/537 525/669/538
f 511/648/519 529/685/541 523/670/535
f 530/672/540 527/671/539 523/666/535
f 531/674/542 528/733/594 527/671/539
f 511/648/519 532/675/543 529/685/541
f 502/642/516 533/677/544 532/675/543
f 513/652/523 534/678/545 512/649/520
f 514/653/524 535/680/547 534/678/545
f 515/679/546 536/681/548 535/680/547
f 516/655/526 537/692/557 536/681/548
f 530/2319/540 529/2320/541 538/2321/551
f 532/675/543 541/689/554 538/684/551
f 542/686/552 530/672/540 538/687/551
f 543/737/561 540/683/550 539/682/549
f 512/676/520 544/702/555 533/677/544
f 536/681/548 545/711/572 535/680/547
f 546/691/556 545/711/572 536/681/548
f 539/696/549 542/693/552 547/695/558
f 543/699/561 539/696/549 548/697/559
f 533/677/544 550/700/563 541/689/554
f 547/695/558 551/705/566 548/697/559
f 551/705/566 549/698/560 548/697/559
f 547/695/558 550/2322/562 552/703/564
f 551/705/566 547/695/558 553/704/565
f 544/702/555 556/716/577 552/708/569
f 535/680/547 557/718/579 534/678/545
f 545/711/572 557/718/579 535/680/547
f 553/704/565 552/703/564 558/712/573
f 560/714/575 554/706/567 553/704/565
f 561/715/576 555/707/568 554/706/567
f 534/678/545 562/956/791 556/709/570
f 557/718/579 562/956/791 534/678/545
f 564/720/581 559/713/574 558/712/573
f 564/720/581 560/714/575 559/713/574
f 565/719/580 561/715/576 560/714/575
f 546/691/556 566/818/673 563/710/571
f 567/814/582 507/654/525 380/646/387
f 572/734/595 516/655/526 507/654/525
f 519/659/529 573/725/586 417/726/587
f 575/729/590 574/727/588 573/725/586
f 575/729/590 522/728/589 569/724/585
f 575/729/590 570/723/584 568/730/591
f 576/731/592 571/722/583 569/724/585
f 531/674/542 578/735/596 577/732/593
f 578/735/596 531/674/542 540/683/550
f 543/737/561 580/746/606 579/736/597
f 549/698/560 580/2323/606 543/699/561
f 555/707/568 581/738/598 551/705/566
f 565/719/580 582/739/599 561/715/576
f 382/482/390 583/740/600 567/721/582
f 571/722/583 585/752/612 584/741/601
f 585/752/612 571/722/583 586/742/602
f 577/732/593 587/743/603 576/731/592
f 587/743/603 588/744/604 586/742/602
f 578/735/596 589/763/623 588/744/604
f 589/763/623 578/735/596 590/745/605
f 582/739/599 591/747/607 555/707/568
f 584/741/601 593/750/610 568/730/591
f 568/730/591 594/749/609 574/727/588
f 594/749/609 452/571/461 443/561/451
f 585/752/612 595/751/611 584/741/601
f 586/742/602 596/759/619 595/751/611
f 596/759/619 586/742/602 588/744/604
f 549/698/560 597/765/613 580/2323/606
f 598/754/614 581/738/598 591/747/607
f 599/755/615 591/747/607 582/739/599
f 601/757/617 600/756/616 582/739/599
f 386/486/394 602/495/403 583/740/600
f 604/599/487 462/592/480 452/571/461
f 593/750/610 604/599/487 594/749/609
f 589/763/623 606/761/621 588/744/604
f 590/745/605 607/762/622 589/763/623
f 597/753/613 607/762/622 590/745/605
f 608/764/624 549/698/560 598/754/614
f 609/766/625 599/755/615 600/756/616
f 612/769/628 613/781/639 611/768/627
f 614/770/629 610/767/626 600/756/616
f 612/769/628 614/770/629 615/771/630
f 616/772/631 613/781/639 612/769/628
f 603/758/618 617/773/632 593/750/610
f 604/599/487 469/591/479 462/592/480
f 608/764/624 618/776/633 597/765/613
f 620/777/635 619/775/634 608/764/624
f 621/778/636 620/777/635 598/754/614
f 611/768/627 621/778/636 609/766/625
f 623/780/638 622/779/637 611/768/627
f 625/782/640 616/772/631 615/771/630
f 623/780/638 613/781/639 625/782/640
f 617/773/632 475/598/486 604/599/487
f 605/760/620 626/793/651 596/759/619
f 626/793/651 605/760/620 627/784/642
f 607/762/622 628/796/654 627/784/642
f 628/796/654 607/762/622 618/774/633
f 629/785/643 623/780/638 625/782/640
f 631/787/645 489/626/503 475/598/486
f 603/758/618 632/789/647 630/786/644
f 633/788/646 631/787/645 630/786/644
f 595/751/611 634/790/648 632/789/647
f 634/790/648 635/792/650 633/788/646
f 596/759/619 636/791/649 634/790/648
f 636/791/649 637/794/652 635/792/650
f 626/793/651 638/795/653 637/794/652
f 628/796/654 639/1068/891 638/795/653
f 640/1076/655 639/1075/891 628/2324/654
f 642/800/657 641/798/656 619/775/634
f 643/801/658 640/799/655 641/798/656
f 644/802/659 643/801/658 642/800/657
f 645/803/660 642/800/657 620/777/635
f 646/804/661 645/803/660 621/778/636
f 648/806/663 644/802/659 645/803/660
f 629/785/643 646/804/661 622/779/637
f 647/805/662 646/804/661 629/785/643
f 648/806/663 647/805/662 649/807/664
f 653/809/666 625/782/640 624/783/641
f 649/807/664 629/785/643 653/809/666
f 653/809/666 651/810/667 652/811/668
f 650/808/665 649/807/664 653/809/666
f 655/813/670 507/654/525 567/814/582
f 656/816/671 655/813/670 583/815/600
f 657/817/672 546/691/556 537/692/557
f 658/820/675 572/734/595 656/816/671
f 659/819/674 537/692/557 572/734/595
f 660/821/676 656/816/671 583/815/600
f 661/823/677 660/821/676 602/822/403
f 662/824/678 658/820/675 661/823/677
f 658/820/675 663/825/679 659/819/674
f 664/827/681 661/823/677 397/826/680
f 665/831/684 662/824/678 661/823/677
f 666/829/682 665/831/684 661/823/677
f 665/831/684 663/825/679 662/824/678
f 667/830/683 668/832/685 665/831/684
f 433/548/441 669/836/689 438/556/446
f 670/833/686 669/839/692 433/558/448
f 440/560/450 671/835/688 670/833/686
f 441/834/687 672/842/695 671/835/688
f 438/556/446 673/837/690 429/552/444
f 669/836/689 674/846/699 673/837/690
f 675/838/691 674/2325/699 669/839/692
f 676/840/693 675/838/691 670/833/686
f 677/841/694 676/840/693 671/835/688
f 678/844/697 674/846/699 675/2326/691
f 674/846/699 680/845/698 673/837/690
f 678/844/697 681/855/706 680/845/698
f 682/847/700 681/2327/706 678/848/697
f 683/849/701 682/847/700 675/838/691
f 684/850/702 683/849/701 676/840/693
f 685/851/703 681/2328/706 682/852/700
f 683/860/701 686/853/704 682/852/700
f 680/845/698 688/856/707 673/837/690
f 681/855/706 689/858/708 688/856/707
f 685/857/703 690/866/714 689/858/708
f 686/2329/704 690/2330/714 685/2331/703
f 692/861/710 691/859/709 683/860/701
f 693/863/711 690/2332/714 686/853/704
f 694/864/712 686/853/704 691/859/709
f 695/865/713 691/859/709 692/861/710
f 689/858/708 696/867/715 688/856/707
f 693/868/711 697/870/717 696/867/715
f 437/553/445 429/552/444 698/1566/1281
f 699/869/716 698/1566/1281 429/552/444
f 696/867/715 700/871/718 688/856/707
f 703/581/470 672/842/695 446/570/460
f 704/876/722 677/841/694 703/581/470
f 705/875/721 679/843/696 677/841/694
f 706/877/723 684/850/702 679/843/696
f 701/872/719 684/850/702 706/877/723
f 701/873/719 707/878/724 692/861/710
f 708/887/733 702/874/720 707/878/724
f 709/879/725 701/872/719 706/877/723
f 710/880/726 704/876/722 703/581/470
f 711/882/728 705/875/721 704/876/722
f 712/883/729 710/880/726 460/881/727
f 713/885/731 709/879/725 711/882/728
f 714/884/730 701/872/719 709/879/725
f 715/886/732 701/873/719 714/891/730
f 474/597/485 716/888/734 712/883/729
f 717/889/735 711/882/728 716/888/734
f 715/886/732 718/1006/837 708/887/733
f 479/603/491 719/890/736 716/888/734
f 720/897/737 714/884/730 713/885/731
f 500/893/738 721/895/740 719/890/736
f 722/894/739 717/889/735 719/890/736
f 724/896/741 713/885/731 717/889/735
f 722/894/739 721/895/740 723/1102/916
f 725/898/742 720/897/737 724/896/741
f 726/1007/838 715/886/732 720/892/737
f 727/899/743 726/1007/838 720/892/737
f 1185/1333/1097 487/620/498 486/619/497
f 488/621/499 487/622/498 1185/1622/1097
f 1185/1333/1097 486/619/497 1029/1310/1082
f 729/901/744 564/720/581 558/712/573
f 565/719/580 564/720/581 730/903/746
f 556/716/577 728/911/754 558/717/578
f 566/818/673 740/1631/1335 563/710/571
f 736/2333/749 732/2334/757 733/2335/748
f 733/905/748 729/901/744 728/902/745
f 734/907/750 730/903/746 729/901/744
f 731/904/747 730/903/746 734/907/750
f 738/910/753 736/922/763 728/911/754
f 562/956/791 738/958/753 556/709/570
f 557/718/579 739/912/755 562/956/791
f 563/710/571 740/1631/1335 739/912/755
f 742/917/756 744/2336/758 741/2337/773
f 742/913/756 733/905/748 732/914/757
f 745/919/759 734/907/750 733/905/748
f 745/919/759 735/909/752 734/907/750
f 746/920/761 744/939/778 732/921/762
f 738/910/753 746/920/761 736/922/763
f 747/923/764 694/864/712 695/865/713
f 755/936/775 754/926/767 752/929/770
f 756/930/771 742/917/756 741/2337/773
f 756/930/771 750/927/768 754/926/767
f 757/935/774 743/918/760 742/917/756
f 758/937/776 753/950/772 741/938/777
f 759/940/779 758/937/776 744/939/778
f 738/910/753 759/940/779 746/920/761
f 693/868/711 760/952/788 697/870/717
f 747/2338/764 760/952/788 693/868/711
f 749/925/766 761/969/802 748/924/765
f 762/941/780 760/2339/788 747/923/764
f 763/942/781 747/923/764 748/924/765
f 764/943/782 748/924/765 761/969/802
f 765/944/783 762/941/780 763/942/781
f 767/946/785 766/945/784 763/942/781
f 767/946/785 751/928/769 750/927/768
f 752/929/770 751/928/769 767/946/785
f 768/2340/786 750/927/768 753/931/772
f 768/2340/786 766/945/784 750/927/768
f 769/951/787 765/948/783 753/950/772
f 759/940/779 769/951/787 758/937/776
f 760/952/788 770/954/789 700/871/718
f 771/955/790 770/954/789 765/948/783
f 759/940/779 771/955/790 769/951/787
f 566/818/673 1292/1629/1333 740/1631/1335
f 771/955/790 700/871/718 770/954/789
f 738/910/753 772/959/792 759/940/779
f 759/940/779 773/960/793 771/955/790
f 562/956/791 774/961/794 772/957/792
f 740/1631/1335 775/1630/1334 739/912/755
f 777/983/796 745/916/759 776/962/795
f 749/925/766 695/865/713 702/874/720
f 782/968/801 757/935/774 755/936/775
f 776/962/795 743/918/760 782/968/801
f 779/965/798 783/970/803 761/969/802
f 784/971/804 767/946/785 764/943/782
f 784/971/804 781/967/800 752/929/770
f 784/971/804 783/970/803 780/966/799
f 785/972/805 592/748/608 565/719/580
f 787/974/807 737/908/751 786/973/806
f 787/974/807 785/972/805 731/904/747
f 786/973/806 735/909/752 777/963/796
f 788/975/808 778/964/797 702/874/720
f 789/978/811 788/975/808 708/887/733
f 790/976/809 780/966/799 778/964/797
f 791/977/810 790/976/809 788/975/808
f 781/967/800 780/966/799 790/976/809
f 792/979/812 790/976/809 791/977/810
f 755/936/775 781/967/800 792/979/812
f 782/968/801 755/936/775 793/980/813
f 793/980/813 792/979/812 794/981/814
f 785/972/805 601/757/617 592/748/608
f 787/974/807 786/973/806 796/987/819
f 796/987/819 786/973/806 777/963/796
f 794/981/814 791/977/810 798/985/817
f 797/984/816 776/962/795 795/982/815
f 785/972/805 614/770/629 601/757/617
f 615/771/630 614/770/629 799/986/818
f 800/988/820 799/986/818 785/972/805
f 801/990/821 777/983/796 797/984/816
f 803/992/823 794/981/814 802/991/822
f 795/982/815 793/980/813 803/992/823
f 624/783/641 615/771/630 799/986/818
f 804/993/824 800/988/820 796/987/819
f 806/995/826 801/990/821 805/994/825
f 807/996/827 708/887/733 718/1006/837
f 798/985/817 789/978/811 807/996/827
f 805/994/825 797/984/816 795/982/815
f 808/997/828 795/982/815 803/992/823
f 809/998/829 799/986/818 804/993/824
f 803/992/823 802/991/822 810/999/830
f 651/810/667 624/783/641 812/1001/832
f 652/811/668 651/810/667 812/1001/832
f 812/1001/832 809/998/829 804/993/824
f 815/1002/833 804/993/824 796/987/819
f 815/1002/833 813/1003/834 814/1004/835
f 816/1005/836 652/811/668 812/1001/832
f 718/1006/837 715/886/732 726/1007/838
f 818/1009/840 817/1008/839 726/1007/838
f 813/2341/834 796/989/819 806/995/826
f 806/995/826 805/994/825 819/1010/841
f 814/1011/835 813/2341/834 806/995/826
f 817/1008/839 820/1012/842 807/996/827
f 798/985/817 807/996/827 820/1012/842
f 822/1014/844 821/1013/843 820/1012/842
f 810/999/830 798/985/817 821/1013/843
f 823/1015/845 810/999/830 821/1013/843
f 811/1000/831 810/999/830 823/1015/845
f 808/997/828 811/1000/831 824/1016/846
f 819/1010/841 805/994/825 808/997/828
f 667/830/683 825/1020/850 668/832/685
f 826/1018/848 1625/1017/847 663/825/679
f 825/1020/850 826/1018/848 668/832/685
f 370/469/377 371/471/379 828/1021/851
f 372/472/380 370/469/377 829/1022/852
f 830/1023/853 394/492/400 372/472/380
f 395/493/401 394/492/400 830/1023/853
f 396/494/402 395/493/401 830/1023/853
f 832/1025/855 398/497/405 396/494/402
f 828/2342/851 371/2343/379 485/2344/496
f 834/1028/857 829/1030/852 828/1026/851
f 833/1027/856 485/616/496 488/621/499
f 838/1033/861 834/1028/857 833/1027/856
f 839/1034/862 835/1029/858 834/1028/857
f 836/1031/859 835/1029/858 840/1035/863
f 842/1038/866 838/1033/861 837/1032/860
f 843/1037/865 839/1034/862 838/1033/861
f 844/1039/867 840/1035/863 839/1034/862
f 845/2345/868 844/2346/867 491/624/501
f 845/2345/868 491/624/501 489/626/503
f 845/1040/868 841/1036/864 840/1035/863
f 846/1045/870 843/1037/865 842/1038/866
f 847/2347/869 846/2348/870 494/2349/505
f 847/1042/869 494/630/505 491/632/501
f 847/1044/869 844/1039/867 843/1037/865
f 848/1046/871 837/1032/860 488/621/499
f 849/1047/872 497/634/508 494/630/505
f 849/2350/1839 846/1045/870 842/1038/866
f 850/1051/875 842/1038/866 848/1046/871
f 851/1049/873 498/635/509 497/634/508
f 851/1050/874 849/2350/1839 842/1038/866
f 851/1049/873 852/1097/913 499/636/510
f 852/1098/913 851/1050/874 850/1051/875
f 852/1097/913 500/893/738 499/636/510
f 853/1052/876 830/1053/853 829/1030/852
f 831/1056/854 830/1053/853 855/1055/878
f 857/1058/880 841/2351/864 489/626/503
f 857/1059/881 853/1052/884 836/1031/859
f 858/1060/882 857/1058/880 631/787/645
f 637/794/652 859/1063/886 858/1060/882
f 854/1054/877 853/1052/884 858/1061/883
f 638/795/653 860/2352/887 859/1063/886
f 855/1055/878 854/1054/877 861/1065/888
f 856/1057/879 855/1055/878 862/1066/889
f 864/1069/892 860/2352/887 638/795/653
f 639/1068/891 865/2353/893 864/1069/892
f 861/1065/888 860/1064/887 864/1070/892
f 862/1066/889 861/1065/888 865/1071/893
f 863/1067/890 862/1066/889 866/1072/894
f 868/1074/896 865/2354/893 639/1075/891
f 640/2355/655 869/2356/897 868/2357/896
f 866/1072/894 865/1071/893 868/1077/896
f 867/1073/895 866/1072/894 869/1078/897
f 871/1080/899 869/2358/897 640/799/655
f 872/2359/900 871/2360/899 643/2361/658
f 870/1079/898 869/1078/897 871/1082/901
f 873/1084/903 872/1081/900 644/802/659
f 874/1085/904 873/1084/903 650/808/665
f 832/1088/855 831/1056/854 856/1057/879
f 875/1087/905 666/829/682 664/827/681
f 832/1088/855 856/1057/879 863/1067/890
f 875/1089/905 863/1067/890 867/1073/895
f 876/1090/906 667/830/683 666/829/682
f 875/1089/905 867/1073/895 870/1079/898
f 876/1091/907 870/1079/898 872/1083/902
f 876/1091/907 872/1083/902 873/1093/909
f 878/1096/912 721/895/740 500/893/738
f 850/1051/875 848/1046/871 879/1100/914
f 878/1099/912 850/1051/875 880/1101/915
f 881/1105/917 722/894/739 723/1102/916
f 882/1111/921 878/1099/912 880/1101/915
f 881/1103/917 878/1099/912 882/1111/921
f 883/1106/918 727/899/743 725/900/742
f 884/1109/920 880/1101/915 879/1100/914
f 885/1108/919 882/1111/921 880/1101/915
f 883/1110/918 881/1103/917 882/1111/921
f 887/2098/1737 885/1108/919 884/1109/920
f 886/1112/922 882/1111/921 885/1108/919
f 889/1142/941 885/1108/919 887/2098/1737
f 888/1113/923 885/1108/919 889/1142/941
f 884/1109/920 879/1100/914 890/1114/924
f 654/812/669 652/811/668 891/1115/925
f 816/1005/836 814/1004/835 892/1120/926
f 891/1115/925 652/811/668 816/1005/836
f 893/1125/930 874/1095/911 891/1126/925
f 894/1119/927 818/1009/840 727/899/743
f 814/1011/835 819/1010/841 895/1133/928
f 896/1122/929 891/1126/925 892/1123/926
f 894/1119/927 897/1130/931 818/1009/840
f 894/1127/927 883/1110/918 886/1112/922
f 898/1129/932 822/1014/844 818/1009/840
f 898/1129/932 823/1015/845 822/1014/844
f 824/1016/846 823/1015/845 898/1129/932
f 819/1010/841 824/1016/846 899/1131/933
f 902/1136/936 896/1122/929 895/1124/928
f 903/1137/937 893/1125/930 896/1122/929
f 888/1113/923 897/1128/931 886/1112/922
f 898/1138/932 897/1128/931 888/1113/923
f 905/1140/939 899/2362/933 898/1138/932
f 905/1140/939 900/1135/934 899/2362/933
f 901/1134/935 900/1135/934 905/1140/939
f 906/1141/940 902/1136/936 901/1134/935
f 904/1139/938 888/1113/923 889/1142/941
f 907/1143/942 905/1140/939 904/1139/938
f 906/1141/940 905/1140/939 907/1143/942
f 908/1148/946 903/1137/937 906/1141/940
f 877/1092/908 909/1147/944 825/1020/850
f 909/1145/944 877/1094/910 874/1095/911
f 909/1147/944 827/1019/849 825/1020/850
f 909/1145/944 903/1137/937 908/1148/946
f 912/1150/947 217/272/218 215/274/220
f 218/271/217 217/272/218 912/1150/947
f 917/1155/952 913/1152/949 912/1150/947
f 219/273/219 914/1153/950 911/1151/948
f 919/1160/957 915/1156/953 916/1154/951
f 919/1160/957 918/1159/956 915/1156/953
f 920/1157/954 916/1154/951 911/1151/948
f 920/1157/954 919/1160/957 916/1154/951
f 922/1158/955 921/1163/960 918/1159/956
f 923/1161/958 922/1158/955 919/1160/957
f 922/1158/955 923/1161/958 968/1162/959
f 1137/1164/961 924/1166/963 923/1161/958
f 258/323/259 232/291/235 925/1167/964
f 950/1171/968 239/307/239 261/1172/969
f 239/295/239 950/1215/968 925/1167/964
f 262/326/262 926/1174/971 261/1172/972
f 927/1168/965 926/1176/974 262/329/263
f 928/1169/966 927/1168/965 263/332/265
f 930/1252/1029 260/325/261 259/324/260
f 926/1174/971 933/1200/993 931/1173/970
f 934/1175/973 933/2363/1840 926/1176/974
f 935/1177/975 934/1175/973 927/1168/965
f 937/1178/976 936/1203/996 932/1179/977
f 937/1178/976 933/1180/978 934/1181/973
f 939/1205/980 938/1182/979 934/1181/973
f 944/1187/983 943/1184/981 940/1186/982
f 945/1189/985 944/1187/983 941/1188/984
f 917/1155/952 915/1156/953 943/1191/981
f 946/1192/987 929/1170/967 913/1152/949
f 947/1195/988 946/2364/987 944/1187/983
f 948/1196/989 258/323/259 925/1167/964
f 949/1255/1032 930/1252/1029 259/324/260
f 952/1197/990 933/1200/993 932/1198/991
f 952/1197/990 950/1171/968 931/1173/970
f 936/1201/994 954/1219/1001 951/1199/992
f 955/1202/995 954/1209/1841 936/1203/996
f 956/1204/997 955/1202/995 937/1178/976
f 957/1213/1004 956/1204/997 939/1205/980
f 958/1206/998 940/2365/982 915/1156/953
f 959/1207/999 958/1210/998 953/1208/1000
f 959/1207/999 941/1188/984 940/1186/982
f 959/1207/999 954/1209/1001 955/1202/995
f 960/1211/1002 955/1202/995 956/1204/997
f 942/1190/986 941/1188/984 961/1212/1003
f 962/1266/1041 259/324/260 948/1196/989
f 962/1266/1041 949/1255/1032 259/324/260
f 950/1215/968 967/1214/1005 925/1167/964
f 963/1217/1006 952/1197/990 951/1199/992
f 964/1226/1007 954/2366/1001 953/2367/1000
f 964/1218/1007 963/1217/1006 951/1199/992
f 921/1163/960 958/1206/998 918/1159/956
f 921/1163/960 964/1226/1007 953/2367/1000
f 965/1224/1009 948/1196/989 925/1167/964
f 966/1223/1008 962/1266/1041 948/1196/989
f 965/1224/1009 925/1167/964 969/1227/1010
f 967/1214/1005 974/1235/1017 969/1227/1010
f 971/1258/1035 966/1223/1008 973/1230/1012
f 974/1235/1017 975/1232/1014 969/1227/1010
f 976/1231/1013 970/1228/1011 969/1227/1010
f 981/1233/1015 974/1235/1017 967/1214/1005
f 979/1234/1016 975/1232/1014 974/1235/1017
f 976/1231/1013 975/1232/1014 979/1234/1016
f 977/1260/1037 973/1230/1012 980/1237/1019
f 982/1239/1021 928/1169/966 264/338/271
f 929/1170/967 271/341/273 218/271/217
f 983/1238/1020 935/1177/975 928/1169/966
f 984/1240/1022 939/1183/980 935/1177/975
f 986/1245/1025 985/1243/1023 983/1242/1020
f 988/1244/1024 987/1247/1027 985/1243/1023
f 989/1246/1026 945/1189/985 942/1190/986
f 989/1246/1026 987/1247/1027 988/1244/1024
f 990/1251/1028 961/1212/1003 957/1213/1004
f 990/1251/1028 987/1247/1027 942/1190/986
f 987/1247/1027 990/1251/1028 957/1213/1004
f 929/1170/967 276/349/279 271/341/273
f 277/347/278 276/349/279 929/1170/967
f 992/1262/1031 983/1238/1020 982/1239/1021
f 991/1253/1030 930/1252/1029 949/1255/1032
f 993/1256/1033 949/1255/1032 962/1266/1041
f 977/1260/1037 994/1257/1034 973/1230/1012
f 996/1261/1038 982/1239/1021 264/338/271
f 275/346/277 260/325/261 991/1253/1030
f 997/1280/1055 986/1245/1025 992/1254/1031
f 988/1244/1024 986/1245/1025 997/1280/1055
f 999/1264/1040 989/1246/1026 998/1263/1039
f 1000/1267/1042 962/1266/1041 966/1223/1008
f 971/1258/1035 1001/1268/1043 966/1223/1008
f 994/1257/1034 1002/1269/1044 971/1258/1035
f 995/1259/1036 1003/1270/1045 977/1260/1037
f 312/392/1051 300/374/302 1004/1276/1046
f 1005/1272/1047 996/1261/1038 286/358/288
f 1006/1273/1048 1005/1272/1047 313/387/313
f 929/1170/967 315/393/317 277/347/278
f 309/383/310 275/346/277 991/1253/1030
f 1005/1272/1047 1009/1278/1053 992/1262/1031
f 1006/1273/1048 1010/2368/1057 1009/1278/1053
f 1006/1274/1049 312/392/316 1008/1277/1052
f 997/1280/1055 992/1254/1031 1009/1281/1053
f 1011/1282/1056 1009/1281/1053 1010/1283/1057
f 1013/1285/1059 997/1280/1055 1011/1282/1056
f 1013/1285/1059 1011/1282/1056 1012/1284/1058
f 998/1263/1039 988/1244/1024 1013/1285/1059
f 999/1265/1040 1007/1275/1050 929/1170/967
f 309/383/310 991/1253/1030 993/1256/1033
f 1015/1287/1061 1010/1279/1054 1008/1277/1052
f 309/383/310 993/1256/1033 1000/1267/1042
f 310/384/311 309/383/310 1000/1267/1042
f 1016/2369/1092 1015/1287/1061 1004/1276/1046
f 1017/1289/1063 310/384/311 1000/1267/1042
f 1018/1288/1062 311/385/312 310/384/311
f 1004/1271/1046 311/385/312 1018/1288/1062
f 1020/1291/1065 1016/1327/1092 1004/1271/1046
f 1002/1269/1044 1000/1267/1042 1001/1268/1043
f 1002/1269/1044 1021/1292/1066 1017/1289/1063
f 1021/1292/1066 1022/1293/1067 1018/1288/1062
f 1003/1270/1045 1002/1269/1044 994/1257/1034
f 1023/1294/1068 1021/1292/1066 1002/1269/1044
f 1020/1291/1065 1019/1290/1064 1024/1295/1069
f 1023/1294/1068 1003/1270/1045 995/1259/1036
f 1025/1398/1153 1022/1293/1067 1023/1294/1068
f 1024/1295/1069 1022/1293/1067 1025/1398/1153
f 1026/1296/1070 334/431/340 315/393/317
f 1027/1297/1071 335/432/341 334/431/340
f 336/409/327 335/432/341 1027/1297/1071
f 1029/1310/1082 316/398/321 336/409/327
f 1012/1284/1058 1010/1283/1057 1030/1299/1073
f 1014/1286/1060 1012/1284/1058 1031/1300/1074
f 998/1263/1039 1014/1286/1060 1032/1301/1075
f 1036/2370/1078 999/1264/1040 1033/1302/1076
f 1036/1304/1078 1034/1306/1077 1044/1307/1079
f 1026/1296/1070 1007/1275/1050 1036/1304/1078
f 1037/1308/1080 1044/1307/1079 1035/1309/1081
f 1027/1297/1071 1026/1296/1070 1037/1308/1080
f 1030/2371/1083 1010/2372/1054 1015/2373/1061
f 1031/1313/1074 1030/1311/1083 1038/1312/1084
f 1041/1319/1086 1032/1301/1075 1031/1300/1074
f 1041/1315/1086 1039/1314/1085 1040/2374/1087
f 1044/2375/1079 1034/1303/1077 1032/1301/1075
f 1044/1307/1079 1042/1322/1088 1043/1323/1089
f 1035/1309/1081 1044/1307/1079 1043/1323/1089
f 1028/1298/1072 1035/1309/1081 1045/1325/1091
f 1029/1310/1082 1028/1298/1072 1045/1325/1091
f 1038/1312/1084 1015/1287/1061 1016/2369/1092
f 1046/2376/1093 1039/1314/1085 1038/1312/1084
f 1040/1329/1087 1039/2377/1085 1046/1328/1093
f 1047/2378/1094 1042/2379/1088 1040/2380/1087
f 1043/1323/1089 1042/1322/1088 1047/1330/1094
f 1029/1310/1082 1045/1325/1091 1049/1331/1095
f 1046/1328/1093 1016/1327/1092 1020/1291/1065
f 1047/1330/1094 1046/1328/1093 1049/1331/1095
f 1049/1331/1095 1048/1324/1090 1047/1330/1094
f 1045/1325/1091 1048/1324/1090 1049/1331/1095
f 62/56/54 1237/433/342 1137/1164/961
f 1137/1164/961 914/1153/950 209/270/216
f 209/270/216 62/56/54 1137/1164/961
f 1050/1359/1098 924/1166/963 1053/1337/1101
f 1050/1359/1098 1053/1337/1101 1052/1340/1099
f 1053/1337/1101 924/1166/963 1056/1343/1106
f 1053/1337/1101 1056/1343/1106 1055/1338/1102
f 924/1166/963 1057/1345/1108 1056/1343/1106
f 1054/1339/1103 1055/1338/1102 1058/1341/1104
f 1061/1381/1137 1059/1380/1105 1058/2381/1104
f 1057/1345/1108 1062/1348/1111 1060/1344/1107
f 1064/1346/1109 1058/1341/1104 1060/1344/1107
f 1061/1381/1137 1058/2381/1104 1064/1351/1109
f 1066/1352/1114 1064/1351/1109 1063/2382/1110
f 1067/1350/1113 1061/1381/1137 1064/1351/1109
f 979/1234/1016 978/1236/1018 1068/1355/1117
f 980/1237/1019 976/1231/1013 1069/1353/1115
f 1071/1357/1119 979/1234/1016 1068/1355/1117
f 1072/1356/1118 1069/1353/1115 979/1234/1016
f 1076/1358/1120 1070/1354/1116 981/1233/1015
f 1074/1360/1121 1068/1355/1117 1070/1354/1116
f 1071/1357/1119 1068/1355/1117 1074/1360/1121
f 1074/1360/1121 1073/1361/1122 1077/1364/1125
f 1072/1356/1118 1071/1357/1119 1078/1362/1123
f 1075/1392/1148 1072/1356/1118 1078/1362/1123
f 1080/1366/1127 1074/1360/1121 1077/1364/1125
f 1081/1365/1126 1078/1362/1123 1074/1360/1121
f 1050/1359/1098 1051/1370/1100 1079/1363/1124
f 1077/1364/1125 1079/1363/1124 1082/1367/1128
f 1080/1366/1127 1077/1364/1125 1083/1368/1129
f 1085/1371/1131 1083/1368/1129 1082/1367/1128
f 1086/1395/1151 1084/1369/1130 1080/1366/1127
f 1082/1367/1128 1052/1340/1099 1054/1339/1103
f 1085/1371/1131 1082/1367/1128 1087/1372/1132
f 1086/1395/1151 1080/1366/1127 1088/1373/1133
f 1089/2383/1135 1087/1372/1132 1054/1339/1103
f 1090/1374/1134 1085/1378/1131 1087/1375/1132
f 1089/2383/1135 1054/1339/1103 1059/1342/1105
f 1091/1379/1136 1089/1376/1135 1059/1380/1105
f 1092/1382/1138 1090/1374/1134 1089/1376/1135
f 1067/1350/1113 1091/1379/1136 1061/1381/1137
f 1090/1374/1134 1093/1383/1139 1088/1377/1133
f 1092/1382/1138 1094/1384/1140 1090/1374/1134
f 1069/1353/1115 995/1259/1036 980/1237/1019
f 1075/1392/1148 1095/1385/1141 1072/1356/1118
f 1084/1369/1130 1096/1386/1142 1081/1365/1126
f 1098/1388/1144 1097/1387/1143 1092/1382/1138
f 1067/1350/1113 1098/1388/1144 1091/1379/1136
f 1095/1385/1141 1100/1390/1146 1069/1353/1115
f 1102/1393/1149 1101/1391/1147 1075/1392/1148
f 1096/1386/1142 1102/1393/1149 1078/1362/1123
f 1103/1394/1150 1096/1386/1142 1084/1369/1130
f 1088/1377/1133 1103/1397/1150 1086/2384/1151
f 1023/1294/1068 995/1259/1036 1100/1390/1146
f 1025/1398/1153 1023/1294/1068 1100/1390/1146
f 1105/1400/1155 1024/1295/1069 1025/1398/1153
f 1095/1385/1141 1106/1399/1154 1025/1398/1153
f 1107/1401/1156 1105/1400/1155 1106/1399/1154
f 1106/1399/1154 1101/1391/1147 1102/1393/1149
f 1107/1401/1156 1106/1399/1154 1102/1393/1149
f 1096/1386/1142 1109/1403/1158 1108/1402/1157
f 1110/1404/1159 1020/1291/1065 1024/1295/1069
f 1110/1404/1159 1105/1400/1155 1107/1401/1156
f 1111/1332/1096 1110/1404/1159 1112/1406/1161
f 1114/1407/1162 1112/1406/1161 1107/1401/1156
f 1115/1408/1163 1113/1405/1160 1112/1406/1161
f 1118/1410/1165 1114/1407/1162 1109/1403/1158
f 1115/1408/1163 1114/1407/1162 1118/1410/1165
f 1103/1394/1150 1120/1412/1167 1118/1410/1165
f 1116/1409/1164 1115/1408/1163 1119/1411/1166
f 1122/1414/1169 1113/1405/1160 1116/1409/1164
f 1120/1412/1167 1103/1394/1150 1104/1419/1152
f 1123/1416/1171 1119/1411/1166 1120/1412/1167
f 1121/1413/1168 1119/1411/1166 1123/1416/1171
f 1093/1418/1139 1125/1420/1173 1123/1416/1171
f 1122/1414/1169 1121/1413/1168 1124/1417/1172
f 1127/1422/1175 1117/1415/1170 1122/1414/1169
f 1125/1425/1173 1093/1383/1139 1094/1384/1140
f 1128/1423/1176 1124/1417/1172 1125/1420/1173
f 1126/1421/1174 1124/1417/1172 1128/1423/1176
f 1097/1387/1143 1130/1432/1178 1128/1426/1176
f 1127/1422/1175 1126/1421/1174 1129/1424/1177
f 1130/1432/1178 1097/1387/1143 1098/1388/1144
f 1133/1430/1181 1129/1424/1177 1130/1427/1178
f 1131/1428/1179 1129/1424/1177 1133/1430/1181
f 1099/1389/1145 1135/1434/1183 1133/1433/1181
f 1132/1429/1180 1131/1428/1179 1134/1431/1182
f 1138/1440/1188 1153/1443/1191 1147/1438/1186
f 1147/1438/1186 1383/1437/1185 1139/1439/1187
f 1142/1442/1190 1140/1467/1212 1153/1443/1191
f 1138/1440/1188 1139/1439/1187 1143/1444/1192
f 924/1166/963 1137/1164/961 1057/1345/1108
f 1137/1164/961 1145/1447/1195 1062/1348/1111
f 1145/1447/1195 1146/1446/1194 1148/1448/1196
f 1066/1352/1114 1063/2382/1110 1065/2385/1112
f 1149/1471/1215 1067/1350/1113 1066/1352/1114
f 1146/1446/1194 1150/1455/1202 1148/1448/1196
f 1146/1446/1194 1147/1438/1186 1151/1449/1197
f 1146/2386/1194 1152/2387/1198 1150/2388/1202
f 1155/1453/1199 1065/2385/1112 1148/2389/1196
f 1066/1352/1114 1065/2385/1112 1155/1453/1199
f 1149/1471/1215 1066/1352/1114 1156/1454/1201
f 1158/1458/1205 1155/1453/1199 1154/2390/1200
f 1159/1457/1204 1156/1454/1201 1155/1453/1199
f 1152/1450/1198 1151/1449/1197 1160/1459/1206
f 1152/2391/1198 1161/2392/1207 1157/2393/1203
f 1158/1458/1205 1154/2390/1200 1157/1461/1203
f 1163/1463/1208 1159/1457/1204 1158/1458/1205
f 1151/1449/1197 1153/1443/1191 1164/1465/1210
f 1165/1466/1211 1161/1462/1207 1160/1469/1206
f 1165/1466/1211 1162/1464/1209 1158/1458/1205
f 1166/1468/1213 1160/1469/1206 1164/2394/1210
f 1165/1466/1211 1167/1525/1257 1162/1464/1209
f 1156/1454/1201 1168/1470/1214 1149/1471/1215
f 1168/1470/1214 1099/1389/1145 1067/1350/1113
f 1169/1472/1216 1170/1473/1217 1163/1463/1208
f 1172/1475/1219 1171/1474/1218 1156/1454/1201
f 1170/1473/1217 1172/1475/1219 1159/1457/1204
f 1049/1331/1095 1113/1405/1160 1117/1415/1170
f 1117/1415/1170 1127/1422/1175 1132/1429/1180
f 1135/1434/1183 1174/1477/1221 1134/1435/1182
f 1173/1476/1220 1132/1429/1180 1136/1436/1184
f 1117/1415/1170 1173/1476/1220 1176/1480/1223
f 1135/1434/1183 1168/1470/1214 1171/1474/1218
f 1174/1477/1221 1135/1434/1183 1171/1474/1218
f 1136/1478/1184 1174/1477/1221 1178/1482/1225
f 1175/1479/1222 1136/1436/1184 1179/1484/1226
f 1172/1475/1219 1181/1487/1228 1179/1486/1226
f 1176/1480/1223 1175/1479/1222 1180/1485/1227
f 1181/1487/1228 1183/1490/1230 1180/1488/1227
f 1177/1481/1224 1176/1480/1223 1182/1489/1229
f 1183/1490/1230 1184/1494/1233 1182/1491/1229
f 1186/1498/1236 1049/1331/1095 1117/1415/1170
f 1186/1498/1236 1185/1333/1097 1049/1331/1095
f 1187/1492/1231 1186/1498/1236 1117/1415/1170
f 1185/1333/1097 1186/1498/1236 1188/1503/1241
f 1189/1493/1232 1187/1492/1231 1177/1481/1224
f 1186/1498/1236 1187/1492/1231 1191/1497/1235
f 1194/1501/1239 1188/1503/1241 1186/1498/1236
f 1142/1442/1190 1141/1441/1189 1197/1504/1242
f 1141/1441/1189 1143/1444/1192 1198/2395/1244
f 1141/2396/1189 1199/2397/1245 1197/2398/1242
f 1200/1512/1246 1196/1507/1243 1197/1513/1242
f 1143/1444/1192 1144/1445/1193 1201/2399/1247
f 1143/2400/1192 1202/2401/1248 1198/2402/1244
f 1203/1517/1249 1199/1511/1245 1198/1510/1244
f 1204/1518/1250 1200/1512/1246 1199/1511/1245
f 1205/1519/1251 1164/2394/1210 1140/1508/1212
f 1166/1468/1213 1164/2394/1210 1205/1519/1251
f 1207/1521/1253 1165/1466/1211 1166/1468/1213
f 1207/1521/1253 1167/1525/1257 1165/1466/1211
f 1208/1523/1255 1205/1519/1251 1196/1507/1243
f 1209/1522/1254 1206/1520/1252 1205/1519/1251
f 1209/1522/1254 1207/1521/1253 1206/1520/1252
f 1210/1524/1256 1208/1523/1255 1196/1507/1243
f 1210/1524/1256 1209/1522/1254 1208/1523/1255
f 1204/1518/1250 1210/1524/1256 1200/1512/1246
f 1207/1521/1253 1211/1526/1258 1167/1525/1257
f 1211/1526/1258 1169/1472/1216 1162/1464/1209
f 1209/1522/1254 1212/1527/1259 1207/1521/1253
f 1210/1524/1256 1213/1528/1260 1209/1522/1254
f 1204/1518/1250 1214/1556/1276 1213/1528/1260
f 1183/1490/1230 1169/1472/1216 1211/1526/1258
f 1184/1494/1233 1183/1490/1230 1216/1530/1262
f 1189/1495/1232 1184/1494/1233 1217/1531/1263
f 1190/1496/1234 1189/1493/1232 1218/1533/1264
f 1212/1527/1259 1220/1536/1266 1218/1535/1264
f 1191/1497/1235 1190/1496/1234 1219/1534/1265
f 1215/1529/1261 1222/1539/1268 1220/1536/1266
f 1222/1539/1268 1223/1540/1269 1219/1537/1265
f 1223/1540/1269 1224/1548/1270 1221/1541/1267
f 1192/1499/1237 1191/1497/1235 1221/1538/1267
f 1213/1528/1260 1226/1547/1272 1223/1540/1269
f 1226/1547/1272 1227/1549/1273 1224/1548/1270
f 1227/1549/1273 1228/1558/1274 1225/1550/1271
f 1193/1500/1238 1192/1499/1237 1225/1545/1271
f 1229/1554/1275 1194/1501/1239 1193/1500/1238
f 1214/1556/1276 1230/1557/1277 1227/1549/1273
f 1230/1557/1277 1231/1559/1278 1228/1558/1274
f 1231/1559/1278 1232/2041/1279 1229/1560/1275
f 1233/1564/1280 1195/1502/1240 1194/1501/1239
f 1237/554/342 437/553/445 1234/1567/1282
f 688/856/707 1236/1572/1287 699/869/716
f 1235/1568/1283 1236/1572/1287 688/856/707
f 699/869/716 1239/1570/1285 698/1566/1281
f 1240/1569/1284 1234/1567/1282 698/1566/1281
f 1236/1572/1287 1239/1570/1285 699/869/716
f 1240/1569/1284 1239/1570/1285 1242/1574/1289
f 1244/1583/1298 1243/1575/1290 1241/1571/1286
f 1247/1640/1291 1244/1583/1298 1241/1571/1286
f 1247/1576/1291 1248/1579/1294 1245/1577/1292
f 1248/1579/1294 1249/1644/1346 1246/1580/1295
f 1249/1644/1346 1250/1643/1345 1246/1580/1295
f 1255/1582/1297 1251/1581/1296 1243/1575/1290
f 1255/1586/1297 1245/1585/1292 1252/1589/1299
f 1245/1585/1292 1256/1590/1301 1253/1588/1300
f 1246/1580/1295 1256/1600/1301 1245/1577/1292
f 1251/1581/1296 1257/1592/1303 1236/1572/1287
f 1251/2403/1296 1259/1595/1306 1258/1597/1304
f 1252/1589/1299 1259/1595/1306 1251/2403/1296
f 1253/1588/1300 1259/1595/1306 1252/1589/1299
f 1383/1737/1185 1237/554/342 1234/1567/1282
f 1259/1595/1306 1263/1598/1308 1261/1596/1307
f 1253/1588/1300 1263/1598/1308 1259/1595/1306
f 1250/1643/1345 1264/1601/1310 1246/1580/1295
f 1250/1643/1345 1265/1606/1315 1264/1601/1310
f 1256/1590/1301 1267/1608/1317 1266/1602/1311
f 1267/1610/1317 1256/1600/1301 1264/1601/1310
f 1266/1602/1311 1268/1604/1313 1260/1594/1305
f 1260/1594/1305 1270/1603/1312 1263/1598/1308
f 1270/1603/1312 1269/1791/1472 1262/1599/1309
f 1266/1602/1311 1273/1611/1318 1268/1604/1313
f 1273/1611/1318 1274/1614/1321 1270/1603/1312
f 1264/1601/1310 1275/1615/1322 1272/1609/1316
f 1275/1615/1322 1264/1601/1310 1271/1605/1314
f 1272/1607/1316 1277/1612/1319 1266/1602/1311
f 1277/1612/1319 1276/1613/1320 1273/1611/1318
f 1276/1613/1320 1278/1806/1487 1274/1614/1321
f 1277/1612/1319 1280/1617/1324 1276/1613/1320
f 1276/1613/1320 1281/1618/1325 1278/1806/1487
f 1282/1621/1326 1283/1620/1327 1277/1612/1319
f 1280/1617/1324 1284/1826/1505 1281/1618/1325
f 1275/1615/1322 1288/1723/1419 1287/1624/1329
f 1289/1625/1330 1283/1620/1327 1282/1621/1326
f 1290/1627/1331 1284/1826/1505 1280/1617/1324
f 771/955/790 1291/1632/1336 1235/1568/1283
f 771/955/790 1293/1628/1332 1291/1632/1336
f 739/912/755 1294/1861/1536 774/961/794
f 775/1630/1334 1294/1861/1536 739/912/755
f 1238/1573/1288 1295/1633/1337 1241/1571/1286
f 1291/1632/1336 1299/1651/1339 1295/1633/1337
f 1300/1634/1338 1296/1638/1341 1295/1635/1337
f 1300/1634/1338 1301/2404/1842 1297/1637/1340
f 1301/2404/1842 1298/1647/1349 1297/1637/1340
f 1302/1639/1342 1299/1651/1339 1291/1632/1336
f 1247/1576/1291 1303/1642/1344 1248/1579/1294
f 1296/1638/1341 1303/1642/1344 1247/1576/1291
f 1304/1641/1343 1249/1644/1346 1248/1579/1294
f 1304/1641/1343 1305/1646/1348 1250/1643/1345
f 1303/1642/1344 1306/1645/1347 1304/1641/1343
f 1297/1637/1340 1306/1645/1347 1303/1642/1344
f 1306/1645/1347 1307/1684/1381 1305/1646/1348
f 1298/1647/1349 1307/1684/1381 1306/1645/1347
f 1300/2405/1338 1299/1651/1339 1308/1650/1352
f 1309/1648/1350 1301/2404/1842 1300/1634/1338
f 1298/1647/1349 1301/2404/1842 1309/1648/1350
f 1298/1647/1349 1310/1649/1351 1307/1684/1381
f 1302/1639/1342 1311/1657/1357 1308/1650/1352
f 1312/1652/1353 1300/1634/1338 1308/1653/1352
f 1313/1655/1355 1309/1648/1350 1300/1634/1338
f 1314/1656/1356 1310/1649/1351 1309/1648/1350
f 1315/1659/1359 1312/1652/1353 1311/1654/1354
f 1316/1658/1358 1313/1655/1355 1312/1652/1353
f 1316/1658/1358 1314/1656/1356 1313/1655/1355
f 1293/1628/1332 1317/1660/1360 1311/1657/1357
f 1315/2406/1359 1311/2407/1354 1318/2408/1364
f 1317/1660/1360 1320/1667/1367 1318/1662/1362
f 1321/1663/1363 1315/1659/1359 1318/1664/1364
f 1322/1666/1366 1319/1661/1361 1315/1659/1359
f 773/960/793 1323/1668/1368 1320/1667/1367
f 1322/1672/1366 1321/1669/1363 1324/1671/1369
f 1323/1668/1368 1326/1675/1372 1320/1667/1367
f 1324/1671/1369 1327/1678/1375 1325/1673/1370
f 1324/1671/1369 1326/1674/1371 1328/1676/1373
f 1327/1678/1375 1324/1671/1369 1329/1677/1374
f 772/959/792 1331/1859/1534 1328/1680/1377
f 1305/1646/1348 1265/1606/1315 1250/1643/1345
f 1307/1684/1381 1332/1682/1379 1305/1646/1348
f 1310/1649/1351 1334/1685/1382 1307/1684/1381
f 1314/1656/1356 1335/1687/1384 1334/1685/1382
f 1316/1658/1358 1336/1686/1383 1314/1656/1356
f 1336/1686/1383 1316/1658/1358 1337/1688/1385
f 1322/1666/1366 1337/1688/1385 1319/1661/1361
f 1322/1666/1366 1338/1695/1392 1337/1688/1385
f 1339/1689/1386 1338/1699/1392 1322/1672/1366
f 1327/1678/1375 1339/1689/1386 1325/1673/1370
f 1340/1690/1387 1271/1605/1314 1265/1606/1315
f 1341/1691/1388 1340/1690/1387 1332/1682/1379
f 1334/1685/1382 1342/1692/1389 1341/1691/1388
f 1335/1687/1384 1343/1693/1390 1342/1692/1389
f 1345/1696/1393 1327/1678/1375 1346/1697/1394
f 1345/1696/1393 1347/1698/1395 1339/1689/1386
f 1340/1690/1387 1349/1702/1398 1271/1605/1314
f 1341/1691/1388 1350/1701/1397 1340/1690/1387
f 1342/1692/1389 1351/1703/1399 1350/1701/1397
f 1345/1696/1393 1353/1707/1403 1347/1698/1395
f 1354/1705/1401 1353/1707/1403 1345/1696/1393
f 1343/1693/1390 1356/1708/1404 1351/1703/1399
f 1336/1686/1383 1357/1714/1410 1356/1708/1404
f 1357/1714/1410 1336/1686/1383 1352/1704/1400
f 1338/1695/1392 1358/1715/1411 1352/1704/1400
f 1359/1727/1405 1358/1715/1411 1338/1695/1392
f 1353/1707/1403 1359/1709/1405 1347/1698/1395
f 1349/1702/1398 1361/1720/1416 1279/1616/1323
f 1350/1701/1397 1362/1711/1407 1349/1702/1398
f 1362/1711/1407 1361/1720/1416 1349/1702/1398
f 1351/1703/1399 1363/1712/1408 1362/1711/1407
f 1360/1710/1406 1365/1716/1412 1353/1707/1403
f 1586/1718/1414 1367/1732/1426 1366/1717/1413
f 1369/1719/1415 1368/1724/1420 1361/1720/1416
f 1370/1721/1417 1369/1719/1415 1362/1711/1407
f 1371/1722/1418 1370/1721/1417 1363/1712/1408
f 1357/1714/1410 1372/1725/1421 1371/1722/1418
f 1288/1723/1419 1279/1616/1323 1361/1720/1416
f 1288/1723/1419 1368/1724/1420 1286/2123/1747
f 1358/1715/1411 1373/2132/1763 1372/1725/1421
f 1374/1726/1422 1373/2132/1763 1358/1715/1411
f 1366/1717/1413 1375/1728/1423 1365/1716/1412
f 1377/1731/1425 1374/1729/1422 1375/1728/1423
f 1378/2144/1773 1377/1731/1425 1376/1730/1424
f 1380/1734/1428 1379/1741/1433 1257/1735/1303
f 1261/1596/1307 1381/1736/1429 1380/1734/1428
f 1262/1599/1309 1382/1743/1435 1381/1736/1429
f 1387/1742/1434 1386/1740/1432 1380/1734/1428
f 1382/1743/1435 1388/1747/1439 1387/1742/1434
f 1379/1733/1427 1389/1752/1436 1385/1739/1431
f 1386/1740/1432 1390/1756/1444 1389/1744/1436
f 1391/1745/1437 1390/1756/1444 1386/1740/1432
f 1392/1746/1438 1391/1745/1437 1387/1742/1434
f 1393/1748/1440 1390/1756/1444 1391/1745/1437
f 1394/1749/1441 1391/1745/1437 1392/1746/1438
f 1396/1758/1447 1240/1569/1284 1385/1739/1431
f 1240/1569/1284 1396/1758/1447 1384/1738/1430
f 1398/1760/1445 1389/1752/1436 1397/1751/1443
f 1389/1752/1436 1401/1761/1449 1400/1759/1448
f 1394/1749/1441 1403/1763/1451 1402/1762/1450
f 1399/1757/1446 1404/1767/1454 1403/1763/1451
f 1405/1769/1452 1398/1760/1445 1402/2409/1450
f 1406/1766/1453 1402/1765/1450 1403/1772/1451
f 1398/1760/1445 1408/1770/1456 1401/1761/1449
f 1405/1769/1452 1409/1782/1466 1408/1770/1456
f 1406/2410/1453 1409/1782/1466 1405/1769/1452
f 1407/1773/1455 1411/1777/1461 1410/1771/1457
f 1412/1774/1458 1409/2411/1466 1406/1766/1453
f 1413/1775/1459 1406/1766/1453 1410/1771/1457
f 1414/1776/1460 1410/1771/1457 1411/1777/1461
f 1416/1787/1463 1383/1737/1185 1384/1738/1430
f 1401/1761/1449 1418/1781/1465 1417/1780/1464
f 1409/1782/1466 1419/1784/1467 1418/1781/1465
f 1139/1439/1187 1416/1779/1463 1420/1785/1468
f 1416/1787/1463 1384/1738/1430 1422/1788/1470
f 1423/2028/1687 1396/1758/1447 1417/1780/1464
f 1396/1758/1447 1423/2028/1687 1422/1788/1470
f 1418/1781/1465 1424/1790/1471 1417/1780/1464
f 1419/1784/1467 1425/1916/1582 1424/1790/1471
f 1426/1792/1473 1399/1757/1446 1395/1750/1442
f 1427/1801/1482 1404/1767/1454 1426/1792/1473
f 1407/1768/1455 1404/1767/1454 1427/1801/1482
f 1407/1773/1455 1428/1796/1477 1411/1777/1461
f 1429/1798/1479 1415/1778/1462 1411/1777/1461
f 1429/1798/1479 1411/1777/1461 1428/1796/1477
f 1269/1791/1472 1430/1793/1474 1382/1743/1435
f 1430/1793/1474 1431/1795/1476 1388/1747/1439
f 1432/1794/1475 1392/1746/1438 1388/1747/1439
f 1433/2412/1478 1407/1768/1455 1427/1801/1482
f 1434/1799/1480 1428/1796/1477 1433/1797/1478
f 1435/1800/1481 1395/1750/1442 1432/1794/1475
f 1436/1802/1483 1426/1792/1473 1435/1800/1481
f 1437/1819/1499 1429/1798/1479 1434/1799/1480
f 1440/1803/1484 1438/1805/1486 1430/1793/1474
f 1274/1614/1321 1440/1803/1484 1269/1791/1472
f 1274/1614/1321 1441/1804/1485 1440/1803/1484
f 1441/1804/1485 1439/1808/1489 1438/1805/1486
f 1439/1808/1489 1431/1795/1476 1438/1805/1486
f 1442/1807/1488 1432/1794/1475 1431/1795/1476
f 1443/1818/1490 1433/2412/1478 1427/1801/1482
f 1441/1804/1485 1444/1811/1492 1439/1808/1489
f 1278/1806/1487 1444/1811/1492 1441/1804/1485
f 1445/1812/1493 1444/1811/1492 1278/1806/1487
f 1447/1814/1495 1446/1810/1491 1445/1812/1493
f 1448/1813/1494 1435/1800/1481 1442/1807/1488
f 1446/1810/1491 1449/1815/1496 1448/1813/1494
f 1449/1815/1496 1450/1816/1497 1436/1802/1483
f 1451/1817/1498 1427/1801/1482 1436/1802/1483
f 1452/1820/1500 1434/1799/1480 1443/1809/1490
f 1453/1959/1623 1437/1819/1499 1452/1820/1500
f 1454/1822/1502 1445/1812/1493 1281/1618/1325
f 1455/1821/1501 1447/1814/1495 1445/1812/1493
f 1455/1821/1501 1456/1823/1503 1449/1815/1496
f 1457/1825/1504 1443/1818/1490 1451/1817/1498
f 1458/1827/1506 1455/1821/1501 1454/1822/1502
f 1458/1827/1506 1459/1828/1507 1456/1823/1503
f 1459/1828/1507 1460/1829/1508 1450/1816/1497
f 1450/1816/1497 1461/1830/1509 1451/1817/1498
f 1462/2413/1511 1452/1824/1500 1457/1825/1504
f 1463/1831/1510 1453/1959/1623 1452/1820/1500
f 1464/1833/1512 1454/1822/1502 1284/1826/1505
f 1290/1627/1331 1465/1834/1513 1464/1833/1512
f 1465/1834/1513 1466/1835/1514 1458/1827/1506
f 1466/1835/1514 1467/1837/1516 1459/1828/1507
f 1467/1837/1516 1469/1838/1517 1460/1829/1508
f 1469/1838/1517 1461/1830/1509 1460/1829/1508
f 1469/1838/1517 1470/1840/1519 1457/1825/1504
f 1471/1839/1518 1462/2413/1511 1457/1825/1504
f 1472/1841/1520 1463/1831/1510 1462/1832/1511
f 1468/1836/1515 1185/1622/1097 1473/2414/1521
f 1475/1847/1523 1473/1843/1521 1188/1503/1241
f 1468/1836/1515 1473/2414/1521 1476/2167/1524
f 1477/1850/1525 1330/1679/1376 1329/1677/1374
f 774/961/794 1479/1880/1552 1331/1681/1378
f 1294/1861/1536 1479/1880/1552 774/961/794
f 1477/1850/1525 1328/1676/1373 1480/1852/1527
f 1478/1851/1526 1477/1850/1525 1482/1854/1529
f 1331/1859/1534 1480/1858/1533 1328/1680/1377
f 1483/1855/1530 1481/1853/1528 1480/1852/1527
f 1482/1854/1529 1481/1853/1528 1483/1855/1530
f 1479/1880/1552 1485/1879/1532 1331/1681/1378
f 1294/1861/1536 1486/1860/1535 1479/1880/1552
f 1490/2415/1538 1487/2416/1544 1488/2417/1537
f 1488/1862/1537 1483/1855/1530 1480/1852/1527
f 1491/1865/1540 1484/1856/1531 1483/1855/1530
f 1485/1857/1532 1490/1877/1550 1480/1858/1533
f 1493/1867/1542 1492/1866/1541 775/1630/1334
f 1495/1868/1543 1488/1862/1537 1487/1869/1544
f 1497/1874/1546 1489/1864/1539 1488/1862/1537
f 1498/1875/1548 1494/1899/1545 1487/1876/1549
f 1485/1857/1532 1498/1875/1548 1490/1877/1550
f 1486/1860/1535 1499/1878/1551 1479/1880/1552
f 1501/1882/1554 1500/1881/1553 1413/1775/1459
f 1501/1882/1554 1414/1776/1460 1415/1778/1462
f 1503/1884/1556 1500/1881/1553 1501/1882/1554
f 1504/1885/1557 1501/1882/1554 1502/1883/1555
f 1506/1932/1596 1505/1886/1558 1502/1883/1555
f 1509/1887/1559 1508/1891/1563 1503/1884/1556
f 1510/1888/1560 1509/1887/1559 1504/1885/1557
f 1511/1889/1561 1508/1891/1563 1509/1887/1559
f 1513/1893/1565 1512/1892/1564 1509/1887/1559
f 1515/1894/1566 1514/1896/1567 1507/1890/1562
f 1515/1894/1566 1495/1872/1543 1494/1895/1545
f 1516/1897/1568 1515/1894/1566 1511/1889/1561
f 1516/1897/1568 1496/1873/1547 1495/1872/1543
f 1517/1912/1578 1514/1911/1567 1494/1899/1545
f 1518/1898/1569 1517/1912/1578 1494/1899/1545
f 1519/1900/1570 1518/1898/1569 1498/1875/1548
f 1499/1878/1551 1519/1919/1570 1485/1879/1532
f 1412/1783/1458 1520/1902/1572 1419/1784/1467
f 1521/1903/1571 1520/1902/1572 1412/1783/1458
f 1503/1884/1556 1522/1906/1573 1521/1901/1571
f 1523/1908/1575 1505/1886/1558 1506/1932/1596
f 1522/1906/1573 1508/1891/1563 1507/1890/1562
f 1524/1909/1576 1510/1888/1560 1505/1886/1558
f 1525/1907/1574 1524/1909/1576 1505/1886/1558
f 1526/1910/1577 1520/1902/1572 1507/1905/1562
f 1527/1913/1579 1526/1910/1577 1517/1912/1578
f 1519/1900/1570 1527/1913/1579 1518/1898/1569
f 1529/1915/1581 1528/1914/1580 1492/1866/1541
f 1526/1910/1577 1530/2068/1713 1425/1916/1582
f 1527/1913/1579 1530/2068/1713 1526/1910/1577
f 1532/1918/1584 1531/2074/1719 1519/1919/1570
f 1533/1920/1585 1532/1918/1584 1499/1878/1551
f 1534/1921/1586 1533/1920/1585 1528/1914/1580
f 1537/1923/1588 1491/1865/1540 1489/1864/1539
f 1536/1922/1587 1484/1856/1531 1537/1923/1588
f 1497/1871/1546 1496/1873/1547 1538/1924/1589
f 1540/1928/1592 1502/1883/1555 1429/1798/1479
f 1544/1927/1591 1506/1932/1596 1502/1883/1555
f 1513/1893/1565 1510/1888/1560 1541/1929/1593
f 1543/1931/1595 1513/1893/1565 1542/1930/1594
f 1543/1931/1595 1538/1924/1589 1496/1873/1547
f 1525/1907/1574 1541/1929/1593 1510/1888/1560
f 1346/1697/1394 1330/1679/1376 1478/1851/1526
f 1545/1933/1597 1478/1851/1526 1546/1934/1598
f 1546/1934/1598 1482/1854/1529 1536/1922/1587
f 1547/1935/1599 1489/1864/1539 1539/1926/1590
f 1548/1939/1603 1540/1928/1592 1429/1798/1479
f 1550/1936/1600 1541/1929/1593 1549/1949/1613
f 1543/1931/1595 1542/1930/1594 1550/1936/1600
f 1552/1938/1602 1544/1927/1591 1540/1928/1592
f 1553/1940/1604 1523/1908/1575 1552/1938/1602
f 1525/1907/1574 1523/1908/1575 1553/1940/1604
f 1554/1941/1605 1549/1949/1613 1541/1929/1593
f 1348/1700/1396 1346/1697/1394 1545/1933/1597
f 1560/1946/1610 1557/1943/1607 1545/1933/1597
f 1559/1945/1609 1557/1943/1607 1560/1946/1610
f 1559/1945/1609 1560/1946/1610 1561/1955/1619
f 1536/1922/1587 1560/1946/1610 1546/1934/1598
f 1561/1955/1619 1560/1946/1610 1562/1947/1611
f 1537/1923/1588 1562/1947/1611 1536/1922/1587
f 1547/1935/1599 1563/1948/1612 1537/1923/1588
f 1547/1935/1599 1539/1926/1590 1564/1987/1627
f 1551/1937/1601 1550/1936/1600 1565/1960/1624
f 1564/1963/1627 1539/1925/1590 1556/1942/1606
f 1566/1964/1628 1553/1940/1604 1552/1938/1602
f 1554/1941/1605 1553/1940/1604 1566/1964/1628
f 1567/1950/1614 1565/1960/1624 1550/1936/1600
f 1558/1944/1608 1354/1705/1401 1348/1700/1396
f 1568/1951/1615 1355/1706/1402 1354/1705/1401
f 1569/1952/1616 1568/1951/1615 1558/1944/1608
f 1571/1953/1617 1559/1945/1609 1561/1955/1619
f 1571/1953/1617 1561/1955/1619 1570/1968/1632
f 1570/1968/1632 1561/1955/1619 1573/1956/1620
f 1572/1954/1618 1571/1953/1617 1570/1968/1632
f 1573/1956/1620 1562/1947/1611 1563/1948/1612
f 1575/1958/1622 1547/1935/1599 1564/1987/1627
f 1575/1958/1622 1574/1957/1621 1563/1948/1612
f 1577/1962/1626 1551/1937/1601 1576/1961/1625
f 1578/1965/1629 1552/1938/1602 1548/1939/1603
f 1567/1950/1614 1554/1941/1605 1579/1966/1630
f 1568/1951/1615 1360/1710/1406 1355/1706/1402
f 1572/1954/1618 1581/1967/1631 1569/1952/1616
f 1583/1970/1634 1570/1968/1632 1582/1969/1633
f 1582/1969/1633 1573/1956/1620 1584/1971/1635
f 1584/1971/1635 1574/1957/1621 1575/1958/1622
f 1585/1972/1636 1575/1958/1622 1564/1987/1627
f 1581/1967/1631 1586/1718/1414 1568/1951/1615
f 1581/1967/1631 1367/1732/1426 1586/1718/1414
f 1587/1973/1637 1572/1954/1618 1583/1970/1634
f 1588/1974/1638 1582/1969/1633 1584/1971/1635
f 1589/1975/1639 1548/1939/1603 1453/1959/1623
f 1591/1977/1641 1578/1965/1629 1589/1975/1639
f 1592/1998/1660 1579/1966/1630 1566/1964/1628
f 1567/1950/1614 1579/1966/1630 1592/1998/1660
f 1593/1978/1642 1376/1730/1424 1367/1732/1426
f 1594/1979/1643 1378/2144/1773 1376/1730/1424
f 1593/1978/1642 1581/1967/1631 1587/1973/1637
f 1596/1981/1645 1594/1979/1643 1593/1978/1642
f 1597/1982/1646 1583/1970/1634 1588/1974/1638
f 1595/1980/1644 1587/1973/1637 1597/1982/1646
f 1596/1981/1645 1595/1980/1644 1598/1983/1647
f 1598/1983/1647 1597/1982/1646 1588/1974/1638
f 1601/1986/1650 1588/1974/1638 1600/1985/1649
f 1599/1984/1648 1598/1983/1647 1588/1974/1638
f 1600/1985/1649 1584/1971/1635 1585/1972/1636
f 1604/1989/1652 1602/1988/1651 1603/1990/1653
f 1601/1986/1650 1600/1985/1649 1604/1989/1652
f 1605/1991/1654 1589/1975/1639 1463/1831/1510
f 1590/1976/1640 1576/1961/1625 1606/2418/1843
f 1590/1976/1640 1602/2419/1651 1564/1963/1627
f 1590/1976/1640 1606/2418/1843 1607/1992/1655
f 1603/1994/1653 1602/2419/1651 1590/1976/1640
f 1609/1997/1659 1566/1964/1628 1591/1977/1641
f 1610/1995/1657 1609/1997/1659 1591/1977/1641
f 1592/1998/1660 1566/1964/1628 1609/1997/1659
f 1611/1996/1658 1592/1998/1660 1609/1997/1659
f 1612/1999/1661 1592/1998/1660 1611/1996/1658
f 1565/1960/1624 1567/1950/1614 1612/1999/1661
f 1614/2001/1663 1606/2418/1843 1576/1961/1625
f 1614/2001/1663 1612/1999/1661 1613/2000/1662
f 1607/1992/1655 1606/2418/1843 1614/2001/1663
f 1615/2004/1666 1529/1915/1581 1493/1867/1542
f 1616/2002/1664 1534/1921/1586 1529/1915/1581
f 1616/2002/1664 1555/2007/1669 1535/2003/1665
f 1615/2004/1666 1618/2006/1668 1616/2002/1664
f 1493/1867/1542 1619/2008/1670 1615/2004/1666
f 1617/2005/1667 1620/2009/1671 1493/1867/1542
f 1618/2006/1668 1580/2091/1725 1555/2007/1669
f 1618/2006/1668 1621/2092/1732 1580/2091/1725
f 1619/2008/1670 1621/2092/1732 1618/2006/1668
f 1622/2090/1731 1621/2092/1732 1619/2008/1670
f 1625/1017/847 1620/2009/1671 1617/2005/1667
f 1623/2010/1672 1619/2008/1670 1620/2009/1671
f 1624/2011/1673 1622/2090/1731 1619/2008/1670
f 827/1019/849 1626/2206/1820 826/1018/848
f 1626/2206/1820 1627/2012/1674 826/1018/848
f 826/1018/848 1628/2013/1675 1623/2010/1672
f 1627/2012/1674 1629/2095/1735 1624/2011/1673
f 1144/1445/1193 1420/1785/1468 1630/2420/1676
f 1144/2421/1193 1631/2422/1677 1201/2423/1247
f 1632/2017/1678 1202/1516/1248 1201/1515/1247
f 1633/2027/1686 1204/1518/1250 1203/1517/1249
f 1420/1785/1468 1421/1786/1469 1634/2424/1679
f 1420/2425/1468 1635/2426/1680 1630/2427/1676
f 1636/2021/1681 1631/2016/1677 1630/2015/1676
f 1633/2027/1686 1203/1517/1249 1632/2017/1678
f 1421/1789/1469 1422/1788/1470 1637/2030/1682
f 1421/2428/1469 1638/2429/1683 1634/2430/1679
f 1639/2025/1684 1635/2020/1680 1634/2019/1679
f 1640/2026/1685 1636/2021/1681 1635/2020/1680
f 1640/2026/1685 1632/2017/1678 1636/2021/1681
f 1423/2028/1687 1417/1780/1464 1641/2029/1688
f 1642/2032/1690 1638/2024/1683 1637/2023/1682
f 1643/2031/1689 1639/2025/1684 1638/2024/1683
f 1644/2034/1692 1637/2023/1682 1641/2036/1694
f 1645/2033/1691 1642/2032/1690 1637/2023/1682
f 1425/1916/1582 1646/2069/1714 1641/2029/1688
f 1633/2027/1686 1647/2039/1697 1214/1556/1276
f 1647/2039/1697 1648/2040/1698 1230/1557/1277
f 1648/2040/1698 1649/2042/1699 1232/2041/1279
f 1647/2039/1697 1650/2044/1700 1648/2040/1698
f 1650/2044/1700 1651/2045/1701 1649/2042/1699
f 1651/2045/1701 1652/2053/1702 1233/2043/1280
f 1474/1846/1522 1195/1845/1240 1233/2046/1280
f 1653/2048/1703 1475/1847/1523 1474/1848/1522
f 1654/2051/1705 1651/2045/1701 1650/2044/1700
f 1655/2050/1704 1652/2053/1702 1651/2045/1701
f 1655/2050/1704 1656/2060/1706 1653/2052/1703
f 1657/2057/1707 1476/1849/1524 1475/1847/1523
f 1658/2066/1711 1650/2044/1700 1647/2039/1697
f 1658/2066/1711 1654/2051/1705 1650/2044/1700
f 1655/2050/1704 1659/2217/1708 1657/2059/1707
f 1660/2064/1709 1659/2217/1708 1655/2050/1704
f 1672/2038/1696 1658/2066/1711 1647/2039/1697
f 1661/2065/1710 1660/2064/1709 1654/2051/1705
f 1662/2067/1712 1645/2033/1691 1644/2034/1692
f 1663/2035/1693 1643/2031/1689 1662/2067/1712
f 1664/2070/1715 1644/2034/1692 1646/2037/1695
f 1664/2070/1715 1665/2076/1720 1662/2067/1712
f 1666/2071/1716 1646/2069/1714 1527/1913/1579
f 1666/2072/1717 1667/2075/1718 1664/2070/1715
f 1667/2073/1718 1666/2431/1844 1531/2074/1719
f 1667/2075/1718 1668/2078/1721 1665/2076/1720
f 1668/2077/1721 1667/2073/1718 1534/1921/1586
f 1665/2076/1720 1669/2079/1722 1662/2067/1712
f 1668/2078/1721 1670/2432/1845 1669/2079/1722
f 1670/2432/1845 1668/2078/1721 1555/2081/1669
f 1670/2432/1845 1671/2083/1724 1669/2079/1722
f 1671/2083/1724 1670/2432/1845 1555/2081/1669
f 1672/2038/1696 1633/2027/1686 1663/2035/1693
f 1662/2067/1712 1673/2082/1723 1672/2038/1696
f 1669/2079/1722 1676/2085/1726 1673/2082/1723
f 1675/2087/1728 1661/2065/1710 1658/2066/1711
f 1674/2086/1727 1677/2088/1729 1669/2079/1722
f 1678/2089/1730 1675/2087/1728 1677/2088/1729
f 1580/2084/1725 1679/2094/1734 1674/2086/1727
f 1679/2096/1734 1580/2091/1725 1624/2011/1673
f 1680/2093/1733 1678/2089/1730 1674/2086/1727
f 1629/2095/1735 1680/2433/1733 1679/2096/1734
f 887/2098/1737 884/1109/920 1681/2097/1736
f 1682/2099/1738 887/2098/1737 1683/2100/1739
f 890/1114/924 488/621/499 1285/1623/1328
f 1684/2101/1740 1683/2100/1739 1686/2103/1742
f 1689/2106/1745 1686/2103/1742 1685/2102/1741
f 1690/2107/1746 1689/2434/1745 1287/1624/1329
f 1690/2107/1746 1288/1723/1419 1286/2123/1747
f 1690/2108/1746 1687/2104/1743 1686/2103/1742
f 1691/2110/1748 1681/2097/1736 890/1114/924
f 1688/2105/1744 1681/2097/1736 1691/2110/1748
f 1693/2435/1750 1692/2436/1749 1289/2437/1330
f 1693/2112/1750 1289/1625/1330 1287/1626/1329
f 1693/2114/1750 1689/2106/1745 1688/2105/1744
f 1694/2115/1751 890/1114/924 1285/1623/1328
f 1695/2116/1752 1290/1627/1331 1289/1625/1330
f 1695/2438/1846 1692/2111/1749 1691/2110/1748
f 1697/2118/1753 906/1141/940 1696/1144/943
f 1696/1144/943 1682/2099/1738 1699/2120/1755
f 1697/2118/1753 1696/1144/943 1700/2121/1756
f 1701/2124/1757 1687/2104/1743 1286/2109/1747
f 1701/2124/1757 1698/2119/1754 1684/2101/1740
f 1369/1719/1415 1702/2126/1758 1701/2122/1757
f 1371/1722/1418 1703/2128/1759 1702/2126/1758
f 1699/2120/1755 1698/2119/1754 1702/2125/1758
f 1372/1725/1421 1704/2439/1760 1703/2128/1759
f 1700/2121/1756 1699/2120/1755 1704/2129/1760
f 1697/2118/1753 1700/2121/1756 1705/2130/1761
f 908/1148/946 1697/2118/1753 1706/2131/1762
f 1707/2133/1764 1704/2439/1760 1372/1725/1421
f 1373/2132/1763 1708/2440/1765 1707/2133/1764
f 1705/2130/1761 1704/2129/1760 1707/2134/1764
f 1706/2131/1762 1705/2130/1761 1708/2135/1765
f 908/1148/946 1706/2131/1762 1709/2136/1766
f 1711/2441/1768 1708/2442/1765 1373/2443/1763
f 1374/1726/1422 1712/2444/1769 1711/2138/1768
f 1709/2136/1766 1708/2135/1765 1711/2139/1768
f 1710/2137/1767 1709/2136/1766 1712/2140/1769
f 1714/2142/1771 1712/2445/1769 1374/1729/1422
f 1715/2446/1772 1714/2447/1771 1377/2448/1425
f 1713/2141/1770 1712/2140/1769 1714/2145/1774
f 910/1149/945 908/1148/946 1710/2137/1767
f 910/1149/945 1710/2137/1767 1713/2141/1770
f 1716/2148/1776 1713/2141/1770 1715/2146/1775
f 1717/2151/1779 1691/2110/1748 1694/2115/1751
f 1718/2149/1777 1465/1834/1513 1290/1627/1331
f 1718/2150/1778 1695/2438/1846 1691/2110/1748
f 1718/2149/1777 1719/2155/1783 1466/1835/1514
f 1719/2156/1784 1718/2150/1778 1717/2151/1779
f 1719/2155/1783 1467/1837/1516 1466/1835/1514
f 1719/2156/1784 1717/2151/1779 1720/2152/1780
f 1694/2115/1751 1285/1623/1328 1468/1836/1515
f 1720/2152/1780 1694/2115/1751 1721/2153/1781
f 1722/2154/1782 1469/1838/1517 1467/1837/1516
f 1725/2160/1787 1722/2157/1782 1720/2152/1780
f 1723/2449/1785 1722/2157/1782 1725/2160/1787
f 1726/2161/1788 1472/1841/1520 1471/1842/1518
f 1727/2164/1789 1725/2160/1787 1724/2159/1786
f 1727/2164/1789 1723/2449/1785 1725/2160/1787
f 1726/2163/1788 1723/2449/1785 1727/2164/1789
f 1729/2166/1791 1721/2153/1781 1468/1836/1515
f 1724/2159/1786 1721/2153/1781 1729/2166/1791
f 1727/2164/1789 1724/2159/1786 1730/2168/1792
f 1728/2165/1790 1727/2164/1789 1731/2169/1793
f 1733/2171/1795 1715/2143/1772 1378/2144/1773
f 1733/2171/1795 1596/1981/1645 1599/1984/1648
f 1734/2172/1796 1599/1984/1648 1601/1986/1650
f 1735/2174/1798 1601/1986/1650 1603/1990/1653
f 1738/2210/1823 1736/2209/1797 1735/2185/1798
f 1739/2177/1800 1605/1991/1654 1472/1841/1520
f 1608/1993/1656 1607/1992/1655 1740/2192/1801
f 1737/2175/1799 1603/1994/1653 1608/1993/1656
f 1741/2181/1802 1735/2185/1798 1737/2182/1799
f 1742/2184/1803 1738/2210/1823 1735/2185/1798
f 1739/2177/1800 1743/2189/1804 1605/1991/1654
f 1739/2186/1800 1726/2163/1788 1728/2165/1790
f 1744/2188/1805 1610/1995/1657 1605/1991/1654
f 1744/2188/1805 1611/1996/1658 1610/1995/1657
f 1613/2000/1662 1611/1996/1658 1744/2188/1805
f 1607/1992/1655 1613/2000/1662 1745/2190/1806
f 1748/2195/1809 1741/2181/1802 1740/2183/1801
f 1749/2196/1810 1742/2184/1803 1741/2181/1802
f 1743/2187/1804 1728/2165/1790 1732/2170/1794
f 1744/2197/1811 1743/2187/1804 1732/2170/1794
f 1750/2198/1812 1745/2200/1814 1744/2197/1811
f 1751/2199/1813 1746/2194/1807 1745/2200/1814
f 1751/2199/1813 1747/2193/1808 1746/2194/1807
f 1752/2201/1815 1748/2195/1809 1747/2193/1808
f 1753/2202/1816 1749/2196/1810 1748/2195/1809
f 1716/2148/1776 1715/2146/1775 1733/2204/1818
f 1754/2203/1817 1755/2211/1824 1626/2206/1820
f 1755/2208/1822 1754/2205/1819 1734/2207/1821
f 1755/2211/1824 1756/2213/1825 1627/2012/1674
f 1756/2212/1825 1755/2208/1822 1738/2210/1823
f 1756/2213/1825 1757/2228/1826 1629/2095/1735
f 1757/2214/1826 1756/2212/1825 1749/2196/1810
f 1758/2218/1827 1729/2166/1791 1476/2167/1524
f 1660/2064/1709 1759/2220/1828 1758/2215/1827
f 1730/2168/1792 1729/2166/1791 1758/2218/1827
f 1731/2169/1793 1730/2168/1792 1759/2219/1828
f 1760/2222/1830 1759/2220/1828 1661/2065/1710
f 1732/2170/1794 1731/2169/1793 1759/2219/1828
f 1750/2198/1832 1732/2170/1794 1760/2221/1829
f 1675/2087/1728 1761/2450/1831 1760/2222/1830
f 1761/2223/1831 1751/2199/1813 1750/2198/1832
f 1761/2223/1831 1752/2201/1815 1751/2199/1813
f 1762/2224/1833 1761/2450/1831 1675/2087/1728
f 1762/2225/1833 1753/2202/1816 1752/2201/1815
f 1763/2226/1834 1762/2224/1833 1678/2089/1730
f 1763/2227/1834 1680/2433/1733 1629/2095/1735
f 1763/2229/1834 1757/2214/1826 1753/2202/1816
